timestamp,relative_t_s,is_blackout,gnss_available,pos_est_e,pos_est_n,pos_est_u,pos_ref_e,pos_ref_n,pos_ref_u,pos_err_2d,vel_est_e,vel_est_n,vel_est_u,vel_ref_e,vel_ref_n,vel_err_2d,speed_est,speed_ref,heading_est_deg,heading_ref_deg,heading_err_deg,ai_speed,ai_accepted,ai_innovation,ai_nis,nhc_active,zupt_active,pos_cov_trace,vel_cov_trace
3223.024000000005,0.0,False,True,-0.017924970442656545,0.31752230301437545,1.2402240461881906e-06,0.0,0.0,0.0,0.31802785644802084,-0.669038395588303,11.996169337777806,9.370941691790842e-05,-0.6853447367293932,11.995326364437917,0.016328115796422276,12.014811324170338,12.014888763427736,93.2114449228754,93.26999999999998,0.0585550771245912,0.0,False,0.0,0.0,False,False,19.85347878067496,1.4266655254956868
3223.123000000007,0.1,False,True,-0.0823432361168962,1.5153165529731178,0.010010111078572866,0.0,0.0,0.0,1.5175521949008985,-0.6155705702425498,11.960339333524889,0.2001024923290465,-0.6899852273747022,12.076547094383614,0.1379919739691202,11.9761698426505,12.096241950988771,93.19814762602887,93.26999999999998,0.07185237397113657,0.0,False,0.0,0.0,False,False,19.87190064849879,2.1050552619318954
3223.2230000000127,0.2,False,True,-0.1275495048406936,2.7021710321193955,0.03769631257137634,0.0,0.0,0.0,2.70517969144571,-0.2885548042333984,11.776750249400662,0.3536215375270229,-0.6851027708142613,11.991091327724963,0.45076866312626623,11.78028481454522,12.01064682006836,93.27613684496615,93.26999999999998,-0.006136844966143777,0.0,False,0.0,0.0,False,False,19.925714701149673,2.7862362928191065
3223.324000000008,0.3,False,True,-0.14968344444044354,3.8806896224891103,0.07347035939840578,0.0,0.0,0.0,3.8835752959913408,-0.1541239877616001,11.793621557993635,0.36185939901356606,-0.6897927099795467,12.073177536171576,0.6042288679777166,11.794628593422336,12.092866897583008,93.76703082233036,93.26999999999998,-0.49703082233035817,0.0,False,0.0,0.0,False,False,20.028593892774808,3.4695686362467564
3223.423999999999,0.4,False,True,-0.14937990043458413,5.05782659641586,0.10445186238064633,0.0,0.0,0.0,5.060032038837846,0.16019486787878842,11.74911792054135,0.2577706606312446,-0.6892419220095126,12.063537305344541,0.9057606800671791,11.7502099686125,12.083210945129395,94.22963776680908,93.26999999999998,-0.9596377668090944,0.0,False,0.0,0.0,False,False,20.194282236579127,4.156229783025157
3223.524000000005,0.5,False,True,-0.14016126111182708,6.22280840726247,0.13105549695463098,0.0,0.0,0.0,6.224386688872482,0.024177918576352653,11.550518296390832,0.27430203084844834,-0.6863372430516916,12.012697822357842,0.8476094083517569,11.550543601363794,12.032288551330568,94.20808124753717,93.26999999999998,-0.9380812475371892,0.0,False,0.0,0.0,False,False,20.43662924539965,4.847454967200367
3223.623000000007,0.6,False,True,-0.1661393332200303,7.3796887979894645,0.15612344739412953,-2.856340603778657,109.38393637433819,0.0,102.03971631915272,0.003434253778787994,11.647756112356769,0.1585599470532471,-0.3744584470758911,12.04943021474851,0.5514934069338046,11.647756618638779,12.05524730682373,92.7720220532403,91.77999999999997,-0.9920220532403428,0.0,False,0.0,0.0,False,False,20.768161261984723,5.5205982826183755
3223.7230000000127,0.7,False,True,-0.17183188030109298,8.553567785311854,0.17417302585879155,-2.856340603778657,109.38393637433819,0.0,100.86609845178576,-0.11728519540004133,11.829823634091003,0.20243162223999311,-0.3747445450585857,12.058636356855807,0.3444424172857397,11.830405023952396,12.064457893371582,92.70422406697634,91.77999999999997,-0.9242240669763279,0.0,False,0.0,0.0,False,False,21.204309717861538,6.208614976606945
3223.823000000004,0.8,False,True,-0.17478356526476163,9.73432627590427,0.1930609224540389,-2.856340603778657,109.38393637433819,0.0,99.68568373101881,0.05825149612666854,11.785346177757278,0.17532630966495377,-0.37642647415999725,12.112757948962678,0.5441905969202265,11.78549013687505,12.118605613708494,93.02390081809263,91.77999999999997,-1.2439008180926323,0.0,False,0.0,0.0,False,False,21.758338394331954,6.900063026681387
3223.92300000001,0.9,False,True,-0.15994149818274356,10.905278519996555,0.21411098382837573,-2.856340603778657,109.38393637433819,0.0,98.51556537384913,0.2385898455136926,11.633698704088413,0.24567491782178258,-0.37490572326565147,12.063822794959535,0.7492553279487572,11.636145008201414,12.069646835327147,93.30404528603708,91.77999999999997,-1.5240452860371008,0.0,False,0.0,0.0,False,False,22.444283625878796,7.598123531948695
3224.023000000001,1.0,False,True,-0.20575685622217946,12.063030645031693,0.2513659497634596,-2.856340603778657,109.38393637433819,0.0,97.35699402803773,0.15348204480387292,11.615049617154364,0.37256939685194834,-0.37688731763864497,12.12758710124713,0.7375542917086343,11.616063633909507,12.133441925048828,93.06708009040277,91.77999999999997,-1.2870800904027908,0.0,False,0.0,0.0,False,False,23.273558487041555,8.275692541835426
3224.123000000007,1.1,False,True,-0.2073688029755495,13.224465954237516,0.2930856155685014,-2.856340603778657,109.38393637433819,0.0,96.19595003468528,0.152191143852832,11.62410718125606,0.42705718098192397,-0.37994241633912545,12.225894934540973,0.8033147738503702,11.62510343633965,12.231797218322752,92.95468550219663,91.77999999999997,-1.174685502196612,0.0,False,0.0,0.0,False,False,24.26276351945673,8.960297465225171
3224.2230000000127,1.2,False,True,-0.1958924805421529,14.388443609493413,0.33843402148793994,-2.856340603778657,109.38393637433819,0.0,95.03273977873157,0.16718125106587042,11.633113704234505,0.4699846370779558,-0.37944706218022933,12.209955287790276,0.7947003997491164,11.634314935842015,12.215849876403807,92.8725889785554,91.77999999999997,-1.092588978555394,0.0,False,0.0,0.0,False,False,25.425111590502866,9.646778369226467
3224.323000000004,1.3,False,True,-0.18211162089298447,15.552169970182488,0.3886357665249323,-2.856340603778657,109.38393637433819,0.0,93.86986676871844,0.18244603982213514,11.636140700388303,0.5265872515076955,-0.3795511274332016,12.213303929043427,0.8055794240884195,11.637570921660583,12.219200134277342,92.80244697268867,91.77999999999997,-1.0224469726886727,0.0,False,0.0,0.0,False,False,26.77434488306313,10.334539803223825
3224.423999999999,1.4,False,True,-0.17221981874172423,16.713376341514756,0.4459123186679885,-2.856340603778657,109.38393637433819,0.0,92.70942347564134,0.18906811262936551,11.596434798657986,0.6032367597302951,-0.37828137138327195,12.172445358398654,0.8085008360800648,11.597975978192881,12.178321838378904,92.79605944472505,91.77999999999997,-1.0160594447250553,0.0,False,0.0,0.0,False,False,28.32429057936845,11.023546931859784
3224.524000000005,1.5,False,True,-0.1498068648359331,17.872869557926755,0.5134863174094217,-2.856340603778657,109.38393637433819,0.0,91.55108232433822,0.16722865584272142,11.600620125952265,0.7559648208667983,-0.38108763771114584,12.26274619296592,0.859686970004561,11.601825405081033,12.268666267395018,92.87482396510302,91.77999999999997,-1.0948239651030296,0.0,False,0.0,0.0,False,False,30.088822007493793,11.713943370273324
3224.6240000000107,1.6,False,True,-0.14112234337813062,19.031643953767542,0.5935019483007808,-2.856340603778657,109.38393637433819,0.0,90.39308134948116,0.1688668086932758,11.593125461931988,0.8342221694948998,-0.37982999742793,12.222277486902001,0.8348056393984651,11.594355263453592,12.228178024291992,92.92298167469397,91.77999999999997,-1.1429816746939514,0.0,False,0.0,0.0,False,False,32.08185925099944,12.405168529086236
3224.7230000000127,1.7,False,True,-0.12793709814441934,20.191574656154934,0.6806833063365142,-2.856340603778657,109.38393637433819,0.0,89.2340830319716,0.1550098631623313,11.599030157968729,0.9062206517763997,-0.3821430720687173,12.296708259350359,0.8805044059939775,11.600065890465695,12.302644729614256,93.02737206132083,91.77999999999997,-1.247372061320854,0.0,False,0.0,0.0,False,False,34.3173293114318,13.097344206634183
3224.823000000004,1.8,False,True,-0.1127119080647319,21.351506745468118,0.7707110072146597,-2.856340603778657,109.38393637433819,0.0,88.07517337355577,0.15818670755508135,11.594544523994834,0.8939597757796102,-0.38169612173087347,12.282326164494808,0.8743666589976101,11.595623560350074,12.288255691528319,93.02526409259201,91.77999999999997,-1.2452640925920275,0.0,False,0.0,0.0,False,False,36.809188637698064,13.789934369787067
3224.92300000001,1.9,False,True,-0.09410753546161088,22.512895345053792,0.8623554173306976,-2.856340603778657,109.38393637433819,0.0,86.91494521102408,0.14995573905230253,11.631295049537462,0.9405992432821249,-0.38390607905153656,12.353438798542307,0.898053470042797,11.632261656834814,12.359402656555174,93.0033884563589,91.77999999999997,-1.2233884563588988,0.0,False,0.0,0.0,False,False,39.571436372944234,14.484198706525087
3225.023000000001,2.0,False,True,-0.07546937197263931,23.673776307969185,0.9616305180766319,-2.856340603778657,109.38393637433819,0.0,85.75526096637152,0.14035176767248111,11.57992618500599,1.0458576215642752,-0.3827024413177566,12.314707801844882,0.9019366551963507,11.580776704041753,12.320652961730955,92.99535710694698,91.77999999999997,-1.2153571069470037,0.0,False,0.0,0.0,False,False,42.6181629313357,15.180521018495696
3225.123000000007,2.1,False,True,-0.06115264741601578,24.83266287757833,1.0650625861377088,-2.856340603778657,109.38393637433819,0.0,84.59746406149112,0.18817642400094584,11.595301559645273,1.0229878393135048,-0.38176437289593124,12.284522369859813,0.8943477160479774,11.596828386488347,12.290452957153319,92.78554562659696,91.77999999999997,-1.0055456265969618,0.0,False,0.0,0.0,False,False,45.963470009900675,15.877140945076782
3225.224000000002,2.2,False,True,-0.034079250392215515,25.99569390253945,1.1722137454375694,-2.856340603778657,109.38393637433819,0.0,83.43598828852163,0.18944301195101546,11.655502602550628,1.1197978503512782,-0.3833348013960939,12.335056063965869,0.8887448061081037,11.657042059323691,12.341011047363281,92.62757120275862,91.77999999999997,-0.847571202758617,0.0,False,0.0,0.0,False,False,49.621475739424966,16.576092561075864
3225.323000000004,2.3,False,True,-0.016772132041952197,27.164968227923065,1.2963680792379975,-2.856340603778657,109.38393637433819,0.0,82.26798813734845,0.20627926904348673,11.734182400912914,1.3639262299433061,-0.3803556261921599,12.239191318497765,0.7740636324930662,11.73599538832269,12.245100021362303,92.60063303387342,91.77999999999997,-0.8206330338734509,0.0,False,0.0,0.0,False,False,53.60650923508567,17.279107011832295
3225.42300000001,2.4,False,True,-0.005617306308572982,28.338459741620376,1.4404912059027177,-2.856340603778657,109.38393637433819,0.0,81.09559732774122,0.1582351048605174,11.752990020353023,1.520436164076591,-0.3806257870538471,12.24788463140091,0.7316363419616219,11.754055162663139,12.25379753112793,92.93195410496618,91.77999999999997,-1.1519541049661626,0.0,False,0.0,0.0,False,False,57.93290377417452,17.982680089656434
3225.523000000001,2.5,False,True,0.002912398126572448,29.50711237143221,1.6011015780939095,-2.856340603778657,109.38393637433819,0.0,79.9279822122398,0.052794912407913556,11.651710789316397,1.6921247465268061,-0.3809474325183426,12.258234630469147,0.7456564836899187,11.651830397866608,12.26415252685547,93.47605979394618,91.77999999999997,-1.696059793946202,0.0,False,0.0,0.0,False,False,62.61492111682888,18.687869777387583
3225.625,2.6,False,True,0.0004224042946423378,30.665089520297652,1.7681635663365145,-2.856340603778657,109.38393637433819,0.0,78.7706667796724,0.058724992449811594,11.569981358931768,1.654041967104797,-0.38113121299925345,12.264148370957205,0.8217915319935909,11.57013039126037,12.270069122314451,93.63609255076406,91.77999999999997,-1.8560925507640886,0.0,False,0.0,0.0,False,False,67.66684806907483,19.392191888983405
3225.7230000000127,2.7,False,True,0.0018541518783124064,31.819919627051423,1.9367798077092047,-2.856340603778657,109.38393637433819,0.0,77.61666039733124,-0.030090040776410212,11.52662077614365,1.7182828603490035,-0.3798789937070123,12.22385410307983,0.7800555260895093,11.526660050837814,12.229755401611328,93.39329880595704,91.77999999999997,-1.613298805957049,0.0,False,0.0,0.0,False,False,73.10304985963052,20.100423970572194
3225.824000000008,2.8,False,True,0.0032635300325759764,32.98471253770795,2.1042663684879983,-2.856340603778657,109.38393637433819,0.0,76.45272224480722,0.0582776038616816,11.769237436986995,1.6314483552268662,-0.3771490063505029,12.136007794907915,0.5693125928084796,11.769381722388312,12.141866683959961,93.0886663510833,91.77999999999997,-1.308666351083302,0.0,False,0.0,0.0,False,False,78.9379229779646,20.809988375961435
3225.92300000001,2.9,False,True,0.0021596471568839795,34.16751653184408,2.269382932343827,-2.856340603778657,109.38393637433819,0.0,75.2707169994211,-0.009056891030353741,11.826973474881026,1.6730894080044745,-0.3752771055817668,12.075773240558954,0.44273984341537975,11.826976942685503,12.081603050231932,93.47307899995793,91.77999999999997,-1.693078999957949,0.0,False,0.0,0.0,False,False,85.18574857600737,21.520515349771948
3226.023000000001,3.0,False,True,-0.00722254398810548,35.351536915937395,2.443636739507226,-2.856340603778657,109.38393637433819,0.0,74.08720296574063,-0.07869064820657148,11.843040897043407,1.8143955784129218,-0.3789844117045901,12.195067989443643,0.46270878333955207,11.843302322712102,12.200955390930174,93.78614169760819,91.77999999999997,-2.0061416976082183,0.0,False,0.0,0.0,False,False,91.8614298827624,22.235038990897813
3226.123000000007,3.1,False,True,-0.023460410720999962,36.5325425548491,2.6313487774493387,-2.856340603778657,109.38393637433819,0.0,72.90645233194735,-0.24606668645131816,11.777071881190667,1.939845180429332,-0.37564810280016264,12.08771129437463,0.3365831078444815,11.779642223298337,12.093546867370604,93.87123267142904,91.77999999999997,-2.0912326714290455,0.0,False,0.0,0.0,False,False,98.97976127387551,22.95310247659969
3226.2230000000127,3.2,False,True,-0.057356792008910494,37.712812925852,2.8305599730710442,-2.856340603778657,109.38393637433819,0.0,71.72575720580923,-0.4318609393068925,11.82833553886731,2.044378732004774,-0.3756696978953567,12.088406187478402,0.26607179083916993,11.836216688238284,12.094242095947266,93.87751370690725,91.77999999999997,-2.0975137069072693,0.0,False,0.0,0.0,False,False,106.55535265937718,23.675984829011078
3226.323000000004,3.3,False,True,-0.07274432707143536,38.893161495436395,3.039754694647358,-2.856340603778657,109.38393637433819,0.0,70.54571391133348,-0.36340926623920145,11.799934893751203,2.104658857691338,-0.3766964572842754,12.121445542581016,0.3217850940563214,11.805529627744606,12.127297401428223,93.79767723892648,91.77999999999997,-2.017677238926501,0.0,False,0.0,0.0,False,False,114.60256382072342,24.394043675520805
3226.42300000001,3.4,False,True,-0.10317999267001043,40.07429362785788,3.2551208824142046,-2.856340603778657,109.38393637433819,0.0,69.36430256980381,-0.3417693007114276,11.847135978384904,2.19464187738892,-0.3719129215270271,11.967519570989738,0.12410015005761073,11.852064678580302,11.973297119140625,93.71215191200005,91.77999999999997,-1.9321519120000492,0.0,False,0.0,0.0,False,False,123.13669524396238,25.115859550192965
3226.524000000005,3.5,False,True,-0.12263649186844083,41.26070273885201,3.4816377642906247,-2.856340603778657,109.38393637433819,0.0,68.1780617143558,-0.3322970952283966,11.91418990734019,2.3127566549892933,-0.37059565034309017,11.925132044873843,0.039831014268765674,11.918823033658317,11.930889129638672,93.62000280875614,91.77999999999997,-1.8400028087561724,0.0,False,0.0,0.0,False,False,132.1726215599187,25.840752305558055
3226.6270000000077,3.6,False,True,-0.1562847110458928,42.452755285836865,3.714945780973053,-2.856340603778657,109.38393637433819,0.0,66.9856201264543,-0.3105395063915774,11.897047560698049,2.3575727300002947,-0.37171050824107227,11.96100625881132,0.08850201427998979,11.90109975786025,11.966780662536621,93.42616929913939,91.77999999999997,-1.6461692991394026,0.0,False,0.0,0.0,False,False,141.72525181297885,26.565401536142147
3226.724000000002,3.7,False,True,-0.1765865852290835,43.64235180359309,3.953607401687037,-2.856340603778657,109.38393637433819,0.0,65.7961778789039,-0.2548859652744137,11.984115517732617,2.4003373787125906,-0.3717532244650364,11.962380793592716,0.11887116767393914,11.986825751534623,11.968155860900879,93.19306275453383,91.77999999999997,-1.4130627545338361,0.0,False,0.0,0.0,False,False,151.80946780913982,27.292527714555085
3226.824000000008,3.8,False,True,-0.20573413127108253,44.84522860400836,4.196065818511826,-2.856340603778657,109.38393637433819,0.0,64.59311507688827,-0.18806816005205412,12.027665578949437,2.4567609488018185,-0.36871468496649484,11.864605806999842,0.2433550003429505,12.029135833960412,11.870333671569822,93.05246821028939,91.77999999999997,-1.2724682102893805,0.0,False,0.0,0.0,False,False,162.4403728714572,28.021811361009682
3226.923999999999,3.9,False,True,-0.21806109272839025,46.05278080605513,4.445222328115002,-2.856340603778657,109.38393637433819,0.0,63.3860851006946,-0.0584710690941001,12.123378461985968,2.5263692432617058,-0.3692703513528466,11.882486197727602,0.3932242068236324,12.12351946418474,11.888222694396973,93.30024372027648,91.77999999999997,-1.5202437202764802,0.0,False,0.0,0.0,False,False,173.6332251052313,28.755736162357667
3227.024000000005,4.0,False,True,-0.23000252326750517,47.27106427963179,4.700521098662101,-2.856340603778657,109.38393637433819,0.0,62.16837243781198,-0.14204878540303312,12.188589661400586,2.5829165268059175,-0.36632014734658036,11.787553695682664,0.45948611468391487,12.18941736882595,11.79324436187744,93.67530424406628,91.77999999999997,-1.895304244066291,0.0,False,0.0,0.0,False,False,185.40305076421754,29.490384543978386
3227.123000000007,4.1,False,True,-0.2539587767795598,48.487259822429046,4.96133942147649,-2.856340603778657,109.38393637433819,0.0,60.95225677726245,-0.10291784634632715,12.149443873672217,2.6369907178385814,-0.3666232488747364,11.797306982702944,0.439932869088201,12.149879773998093,11.803002357482908,93.43028352744845,91.77999999999997,-1.6502835274484546,0.0,False,0.0,0.0,False,False,197.7651324536327,30.226473337426498
3227.224000000002,4.2,False,True,-0.26944738885757885,49.705256175841505,5.222784016455896,-2.856340603778657,109.38393637433819,0.0,59.73472094803696,-0.20685439521405385,12.210483194577053,2.5919011817495408,-0.36630187001635434,11.786965562561914,0.4525380446421507,12.212235200235378,11.792655944824217,93.0394291360286,91.77999999999997,-1.259429136028588,0.0,False,0.0,0.0,False,False,210.73461780202996,30.964126693957017
3227.324000000008,4.3,False,True,-0.27109985343707504,50.92054170228938,5.483928106076748,-2.856340603778657,109.38393637433819,0.0,58.52052619651478,-0.13954526176766416,12.283814447786371,2.625907869369815,-0.36400328097440093,11.713000911825139,0.6133591894011017,12.284607045718921,11.718655586242676,92.83538887906056,91.77999999999997,-1.05538887906055,0.0,False,0.0,0.0,False,False,224.32660614884273,31.705533366801365
3227.42300000001,4.4,False,True,-0.2862117818530185,52.15105892960725,5.748366377003852,-2.856340603778657,109.38393637433819,0.0,57.290556139427416,-0.15756051268715138,12.305127275060448,2.664645085793058,-0.3634438228566571,11.694998509688213,0.6439293810201551,12.30613597237552,11.700644493103027,92.86216324467898,91.77999999999997,-1.0821632446789644,0.0,False,0.0,0.0,False,False,238.55694176997667,32.448898541576156
3227.523000000001,4.5,False,True,-0.3096385004379466,53.38174664413961,6.01696907691889,-2.856340603778657,109.38393637433819,0.0,56.06006552065667,-0.16784590609805297,12.325373015183969,2.7101342599277785,-0.36466627113289,11.734334797360802,0.6229481768333797,12.326515818008714,11.739999771118162,92.93136310519895,91.77999999999997,-1.151363105198958,0.0,False,0.0,0.0,False,False,253.44115527179525,33.194989249020225
3227.623000000007,4.6,False,True,-0.32820943664251256,54.61603764182989,6.289064689943282,-2.856340603778657,109.38393637433819,0.0,54.82621798713212,-0.19432289000382663,12.325354630539497,2.733462817388247,-0.36402330605581545,11.713645284579801,0.634812220379111,12.326886393333107,11.719300270080565,93.09500764685153,91.77999999999997,-1.315007646851539,0.0,False,0.0,0.0,False,False,268.99477485608935,33.942425073663685
3227.7230000000127,4.7,False,True,-0.34524861949063024,55.84888260490879,6.562800347145321,-2.856340603778657,109.38393637433819,0.0,53.59391350749871,-0.17805878921610513,12.334285306748212,2.7399459062935407,-0.36045576078227287,11.598847799979875,0.7577182732375779,12.335570475688668,11.604447364807129,93.0123096082688,91.77999999999997,-1.2323096082687883,0.0,False,0.0,0.0,False,False,285.2333554299127,34.691929471850564
3227.823000000004,4.8,False,True,-0.3566503575782002,57.08437812285925,6.837973419727908,-2.856340603778657,109.38393637433819,0.0,52.35926130711537,-0.17699810426055673,12.365171390846168,2.7605348469405633,-0.3563398956019508,11.46640632175745,0.9164835664296376,12.36643812315868,11.47194194793701,92.94329970339591,91.77999999999997,-1.1632997033959223,0.0,False,0.0,0.0,False,False,302.17260970531765,35.44469834408109
3227.92300000001,4.9,False,True,-0.37727409830219766,58.327019145873024,7.121244418950979,-2.856340603778657,109.38393637433819,0.0,51.11706728298209,-0.23547671021939232,12.487649069429278,2.904885137520841,-0.35786372727805266,11.51544061003054,0.9798815594095973,12.489869037034522,11.520999908447264,92.62402518837312,91.77999999999997,-0.8440251883731198,0.0,False,0.0,0.0,False,False,319.82890371032005,36.20786618550906
3228.024000000005,5.0,False,True,-0.3942589912081439,59.570175167244635,7.415784305577023,-2.856340603778657,109.38393637433819,0.0,49.874569185751334,-0.2230416124479055,12.466382065147029,2.9765456887274424,-0.3565253053424442,11.472372489022886,1.0029321680429144,12.468377174079347,11.477910995483398,92.72243620789853,91.77999999999997,-0.9424362078985661,0.0,False,0.0,0.0,False,False,338.21828298255275,36.968040918334516
3228.1240000000107,5.1,False,True,-0.4178479233685402,60.822124583254464,7.7038963420411575,-2.856340603778657,109.38393637433819,0.0,48.6229967297888,-0.2130599587234852,12.502588851997306,2.7953923473202122,-0.3578485307295828,11.51495161117974,0.9981938940072215,12.504404126070886,11.52051067352295,92.40973823673102,91.77999999999997,-0.6297382367310194,0.0,False,0.0,0.0,False,False,357.35564818603524,37.72085312722822
3228.224000000002,5.2,False,True,-0.4373695018159368,62.06999000116078,7.979766254381092,-2.856340603778657,109.38393637433819,0.0,47.375742132403985,-0.18399615037943834,12.56428844089171,2.714264169264586,-0.35611218435811426,11.459078964708496,1.1185311418989294,12.565635622971067,11.464611053466795,92.33658134675859,91.77999999999997,-0.5565813467585831,0.0,False,0.0,0.0,False,False,377.25645057512725,38.481207077159766
3228.324000000008,5.3,False,True,-0.45314311656675876,63.32599696259874,8.253692939886463,-2.856340603778657,109.38393637433819,0.0,46.12059345908294,-0.1726313522021939,12.580581977146432,2.7620822902610436,-0.35365449071220006,11.37999460085738,1.2141579076794924,12.581766349263715,11.385488510131834,92.26291862902323,91.77999999999997,-0.4829186290232426,0.0,False,0.0,0.0,False,False,397.9375980402714,39.24867729027859
3228.423999999999,5.4,False,True,-0.4719742133912705,64.58463984769752,8.532474490559894,-2.856340603778657,109.38393637433819,0.0,44.86270357842345,-0.18547936857027547,12.594302087999518,2.8138442442246006,-0.35234367732079036,11.337814875422723,1.2675187623478366,12.595667813972955,11.343288421630858,92.3545704436224,91.77999999999997,-0.5745704436224126,0.0,False,0.0,0.0,False,False,419.41581467784073,40.019328012965616
3228.523000000001,5.5,False,True,-0.4868973565299402,65.84449765113187,8.8201273376734,-2.856340603778657,109.38393637433819,0.0,43.60386434289707,-0.11298349420311836,12.60285398068756,2.9392126980454996,-0.351424419441418,11.308234734412817,1.3163939636953206,12.603360414131407,11.31369400024414,92.61259360472545,91.77999999999997,-0.8325936047254751,0.0,False,0.0,0.0,False,False,441.7078687036336,40.79756457003889
3228.623000000007,5.6,False,True,-0.4958552991900888,67.10771136382404,9.12118940383918,-2.856340603778657,109.38393637433819,0.0,42.34207236322758,-0.06617535899985393,12.661420273155533,3.0820286252701283,-0.353255796080901,11.367165291826305,1.325711557636187,12.661593205896827,11.372653007507324,93.09439777716365,91.77999999999997,-1.3143977771636277,0.0,False,0.0,0.0,False,False,464.8308142142435,41.583739031181764
3228.7230000000127,5.7,False,True,-0.49902241500090627,68.37371708658704,9.432739333478176,-2.856340603778657,109.38393637433819,0.0,41.07791420060882,0.002833042783505532,12.658694182104474,3.148969967509795,-0.3524262659701745,11.34047243642864,1.365253729981643,12.658694499124982,11.345947265625,93.41266836210109,91.77999999999997,-1.6326683621010774,0.0,False,0.0,0.0,False,False,488.801146344725,42.37160496655865
3228.823000000004,5.8,False,True,-0.5183572069599369,69.63495185565223,9.749937668912306,-2.856340603778657,109.38393637433819,0.0,39.8176837175461,-0.07441179259597389,12.644830953747691,3.1936210593572034,-0.3517009788498293,11.31713394156893,1.3563438535127206,12.6450498996142,11.32259750366211,93.62265768877852,91.77999999999997,-1.8426576887785147,0.0,False,0.0,0.0,False,False,513.6341575288805,43.15162747480426
3228.923999999999,5.9,False,True,-0.5027151122913981,70.91033262999947,10.072484035683438,-2.856340603778657,109.38393637433819,0.0,38.54552811975175,-0.05019834766233515,12.669216886308869,3.2636898290185608,-0.34983494341559035,11.257088123618525,1.443568402235225,12.669316334611029,11.26252269744873,93.80699835638349,91.77999999999997,-2.0269983563835066,0.0,False,0.0,0.0,False,False,539.3474910032429,43.939573214348215
3229.023000000001,6.0,False,True,-0.4936213291927026,72.18295779687978,10.399661054989231,-2.856340603778657,109.38393637433819,0.0,37.275933918428116,-0.018565147460188475,12.717111688366968,3.2799638174750454,-0.35024122150967363,11.270161455467933,1.4844776840974907,12.717125239577534,11.275602340698242,93.69628076970243,91.77999999999997,-1.9162807697024065,0.0,False,0.0,0.0,False,False,565.9578596940258,44.72840449329577
3229.1240000000107,6.1,False,True,-0.4975881623519976,73.45373510053486,10.731938899647583,-2.856340603778657,109.38393637433819,0.0,36.007541941320504,0.018029589425001345,12.712876358784273,3.3659499541073,-0.35316269130148403,11.364169339802777,1.3988546501766668,12.71288914369314,11.369655609130858,93.65581201008472,91.77999999999997,-1.8758120100847144,0.0,False,0.0,0.0,False,False,593.4821027671067,45.523169899283005
3229.224000000002,6.2,False,True,-0.5054393834854264,74.71934592178094,11.072986563983491,-2.856340603778657,109.38393637433819,0.0,34.74421632144117,0.04969339741518822,12.655064341447138,3.4556928203324,-0.3530508648483186,11.360570956446487,1.3556976302246087,12.655161908087686,11.366055488586426,93.78512359054481,91.77999999999997,-2.0051235905448395,0.0,False,0.0,0.0,False,False,621.9376718731121,46.320605961903986
3229.323000000004,6.3,False,True,-0.5176478862256869,75.97926093668693,11.422670188236687,-2.856340603778657,109.38393637433819,0.0,33.48644240169381,0.06845666766370856,12.657433618015565,3.5385201272004454,-0.3537712345670147,11.383751217759935,1.341843231582252,12.657618737733342,11.389246940612793,94.02342976768,91.77999999999997,-2.24342976768001,0.0,False,0.0,0.0,False,False,651.341634817084,47.12261791496523
3229.423999999999,6.4,False,True,-0.5135383785642331,77.2453313685672,11.777734743759142,-2.856340603778657,109.38393637433819,0.0,32.22388328528141,0.04756506078524662,12.649048524779696,3.562999503054976,-0.348973479817046,11.22936770338428,1.4740205048848396,12.649137955498741,11.23478889465332,94.17446200601114,91.77999999999997,-2.394462006011135,0.0,False,0.0,0.0,False,False,681.7106611821797,47.92367078507591
3229.523000000001,6.5,False,True,-0.49519079947711847,78.50950645158576,12.13920400122542,-2.856340603778657,109.38393637433819,0.0,30.964583824965313,0.06587358752466961,12.665823061190231,3.664891135999815,-0.3517489383273591,11.318677195252064,1.4103937599880827,12.665994360764245,11.324141502380371,93.82322205544152,91.77999999999997,-2.0432220554415386,0.0,False,0.0,0.0,False,False,713.0626788418194,48.73363633063019
3229.623000000007,6.6,False,True,-0.49296056760078394,79.78047110614729,12.509891286770474,-2.856340603778657,109.38393637433819,0.0,29.697655144478816,0.07447646990155708,12.68787308140562,3.7513637600670005,-0.3559782888433307,11.454770436822288,1.3060755841085634,12.688091664014188,11.460300445556639,93.86914490510912,91.77999999999997,-2.0891449051091184,0.0,False,0.0,0.0,False,False,745.4155059449544,49.54632288857169
3229.7230000000127,6.7,False,True,-0.4831555661605513,81.04549756504481,12.884366600912246,-2.856340603778657,109.38393637433819,0.0,28.437635650152767,0.07581614024981224,12.696690939854001,3.7357188964345562,-0.3526857922102229,11.348823545457634,1.41434098399178,12.69691729945868,11.354302406311033,93.77583413589232,91.77999999999997,-1.9958341358923215,0.0,False,0.0,0.0,False,False,778.78585882715,50.35622803510503
3229.824000000008,6.8,False,True,-0.4898825381690145,82.31935566420863,13.261548376040043,-2.856340603778657,109.38393637433819,0.0,27.167842254978698,0.06819416923315483,12.719027697857408,3.8123297285085247,-0.35574566019784504,11.447284846227072,1.3405427481624164,12.719210511017629,11.452811241149902,94.1141845520461,91.77999999999997,-2.3341845520460898,0.0,False,0.0,0.0,False,False,813.191171247614,51.17542296372717
3229.923999999999,6.9,False,True,-0.47248888930930627,83.59193850770734,13.646283568230904,-2.856340603778657,109.38393637433819,0.0,25.901928556554793,0.041282029209839394,12.738007809315615,3.880060235508284,-0.3571644786881266,11.492939990394719,1.3072694800111113,12.738074703663866,11.498488426208494,93.99607879969906,91.77999999999997,-2.216078799699105,0.0,False,0.0,0.0,False,False,848.649783714827,51.99786948968151
3230.024000000005,7.0,False,True,-0.46334675666747754,84.86907905975076,14.036705473599339,-2.856340603778657,109.38393637433819,0.0,24.631375290610407,0.03503069378664089,12.756368005681923,3.9284020711102667,-0.3565453304238587,11.473016861777548,1.3417607615730787,12.756416105077967,11.478555679321287,93.90408240996283,91.77999999999997,-2.124082409962841,0.0,False,0.0,0.0,False,False,885.1795637079665,52.82216880465141
3230.1240000000107,7.1,False,True,-0.46203823589487475,86.14355274166846,14.439900308480668,-2.856340603778657,109.38393637433819,0.0,23.363392630834184,0.027837994885196334,12.791049095280899,4.132418045507066,-0.36076075817612496,11.608662092704739,1.244607574596045,12.79107938806751,11.614266395568846,94.0255507031804,91.77999999999997,-2.245550703180412,0.0,False,0.0,0.0,False,False,922.7997232502391,53.6626480328767
3230.224000000002,7.2,False,True,-0.47942614658990007,87.41431156339684,14.85382273505749,-2.856340603778657,109.38393637433819,0.0,22.097831039953284,0.008357537274896645,12.791900493421071,4.1512281918292055,-0.36061305838924207,11.603909367032033,1.2439703440371257,12.791903223602636,11.609511375427244,94.46059135305477,91.77999999999997,-2.680591353054757,0.0,False,0.0,0.0,False,False,961.5281706071979,54.49291894863002
3230.323000000004,7.3,False,True,-0.4801968747891932,88.6747451155768,15.275695876463889,-2.856340603778657,109.38393637433819,0.0,20.845063243194424,-0.03250847610759634,12.764976924142424,4.285335968979893,-0.36149650218069995,11.632337072153792,1.1794516334349225,12.76501831862796,11.637952804565428,94.60908531658218,91.77999999999997,-2.8290853165821814,0.0,False,0.0,0.0,False,False,1001.3818004850217,55.33492799449455
3230.423999999999,7.4,False,True,-0.4810373299641888,89.96902342649454,15.706894704694028,-2.856340603778657,109.38393637433819,0.0,19.559675621414087,-0.07916775508014195,12.737864444443975,4.336586837097512,-0.3610023625607654,11.616436507182593,1.1563007240523873,12.738110461857145,11.622044563293455,94.71603217875264,91.77999999999997,-2.936032178752674,0.0,False,0.0,0.0,False,False,1042.379643691971,56.173247138665715
3230.524000000005,7.5,False,True,-0.477414685049792,91.24586416516624,16.143571240222208,-2.856340603778657,109.38393637433819,0.0,18.293412803299876,-0.07462558496397384,12.720568182854846,4.388859503499451,-0.36364952428467856,11.70161762863552,1.059148275476258,12.72078707755893,11.707266807556152,94.70855841551187,91.77999999999997,-2.928558415511856,0.0,False,0.0,0.0,False,False,1084.5398653677998,57.01671120097812
3230.6240000000107,7.6,False,True,-0.4703477956241454,92.51403568888122,16.581240327099852,-2.856340603778657,109.38393637433819,0.0,17.03779653645819,-0.050707948591807175,12.720164355410915,4.355119659754446,-0.3635753189164191,11.699229827229557,1.0677983434369673,12.720265426661378,11.704877853393555,94.46144373823678,91.77999999999997,-2.6814437382367835,0.0,False,0.0,0.0,False,False,1127.8791549993593,57.857772369263365
3230.7230000000127,7.7,False,True,-0.48380019316304884,93.78858684073411,17.018570956227304,-2.856340603778657,109.38393637433819,0.0,15.774786054818271,-0.010030837997260891,12.757751141204341,4.392009531859653,-0.3676280280707415,11.829639052918045,0.9946194240872227,12.757755084599,11.835350036621094,94.5271867101602,91.77999999999997,-2.7471867101602028,0.0,False,0.0,0.0,False,False,1172.4162035831419,58.70962752701794
3230.823000000004,7.8,False,True,-0.4977097436767367,95.06184078086388,17.458675544479707,-2.856340603778657,109.38393637433819,0.0,14.515011599128728,-0.018287860966091182,12.781319206210547,4.416779201641423,-0.36882538574940327,11.868167968219037,0.978121536275855,12.781332289589585,11.873897552490234,94.73452170433818,91.77999999999997,-2.9545217043381684,0.0,False,0.0,0.0,False,False,1218.171957484198,59.564224707284524
3230.92300000001,7.9,False,True,-0.5081203822041802,96.32350369900286,17.90336635997145,-2.856340603778657,109.38393637433819,0.0,13.26985455368589,-0.04366710001349931,12.750858998137257,4.477785258333137,-0.3681669575177453,11.846980877660027,0.9603623348495749,12.750933769963728,11.85270023345947,94.92872775833027,91.77999999999997,-3.148727758330276,0.0,False,0.0,0.0,False,False,1265.1643059507755,60.42473826887036
3231.023000000001,8.0,False,True,-0.5338248458498341,97.5920756727617,18.352628723241484,-2.856340603778657,109.38393637433819,0.0,12.018404979497562,-0.030417240812628588,12.711861168671614,4.5106160180382435,-0.36544135435065805,11.759275645179962,1.0097823212048271,12.711897560164648,11.764952659606934,95.27296444332558,91.77999999999997,-3.4929644433256106,0.0,False,0.0,0.0,False,False,1313.4119270604551,61.28651645038636
3231.1240000000107,8.1,False,True,-0.5042456618838559,98.86658764005848,18.807309423361357,-2.856340603778657,109.38393637433819,0.0,10.777150598100691,-0.04508277912423066,12.675391070028544,4.581385916295688,-0.36876850977852177,11.866337797081533,0.8714009701024399,12.67547124311885,11.872066497802734,94.70998570488501,91.77999999999997,-2.929985704884999,0.0,False,0.0,0.0,False,False,1362.9338101169697,62.155913806310274
3231.224000000002,8.2,False,True,-0.48890016697946287,100.14300076234053,19.269824085539558,-2.856340603778657,109.38393637433819,0.0,9.539374466225679,-0.04159651859813656,12.682818343277344,4.671455677480147,-0.37103534307006636,11.939280602266535,0.8132516900547472,12.68288655625886,11.94504451751709,94.49873984482964,91.77999999999997,-2.718739844829682,0.0,False,0.0,0.0,False,False,1413.7512453518152,63.03135310214497
3231.324000000008,8.3,False,True,-0.5367918158294533,101.38044246779394,19.74348409881508,-2.856340603778657,109.38393637433819,0.0,8.332839929565884,-0.03948110085607705,12.614878212344001,4.784434340675454,-0.37338224706436757,12.014799945256055,0.686719667746951,12.614939994688685,12.020600318908691,95.51685480922589,91.77999999999997,-3.7368548092259317,0.0,False,0.0,0.0,False,False,1465.8835115613106,63.91413898516774
3231.423999999999,8.4,False,True,-0.5165069842952305,102.65080692231251,20.223254383384045,-2.856340603778657,109.38393637433819,0.0,7.1281030845941435,-0.02197482507397789,12.607781794266826,4.810687116586133,-0.37391027528361903,12.031790987196683,0.674999237735553,12.60780094484296,12.037599563598633,93.89947171475521,91.77999999999997,-2.1194717147552042,0.0,False,0.0,0.0,False,False,1519.349056772463,64.79192632458731
3231.523000000001,8.5,False,True,-0.5154421392351372,103.9111961706334,20.70430016425427,-2.856340603778657,109.38393637433819,0.0,5.952368516695596,0.043271726275843976,12.600003172151181,4.810228500818373,-0.37105871553935044,11.940032688218352,0.7792501233091382,12.60007747517906,11.945796966552733,93.8447477102729,91.77999999999997,-2.064747710272913,0.0,False,0.0,0.0,False,False,1574.1668351930693,65.67431591011734
3231.623000000007,8.6,False,True,-0.5076302014180173,105.18500002665684,21.191359996446057,-2.856340603778657,109.38393637433819,0.0,4.811185613342797,0.036693960324462524,12.695224874124571,4.935452931024592,-0.37226090175095683,11.978716977423206,0.8250016031805878,12.69527790366621,11.98449993133545,93.59803706903321,91.77999999999997,-1.8180370690332397,0.0,False,0.0,0.0,False,False,1630.3570141957362,66.57437364945875
3231.7230000000127,8.7,False,True,-0.5120605721952267,106.46247364197237,21.686426361985305,-2.856340603778657,109.38393637433819,0.0,3.7457433658865633,0.016592568282369477,12.707778763083311,4.97050177519727,-0.37224683087274396,11.9782642007095,0.826672592415379,12.707789595550967,11.984046936035154,93.27449620479139,91.77999999999997,-1.494496204791413,0.0,False,0.0,0.0,False,False,1687.9424457879886,67.46882893557225
3231.823000000004,8.8,False,True,-0.5241205585878626,107.7543811160051,22.18219579666774,-2.856340603778657,109.38393637433819,0.0,2.845118746054505,-0.006237299963447802,12.688513601129992,4.955042169101384,-0.3719034421985469,11.96721454246682,0.8086928091713677,12.688515134166472,11.972991943359373,94.01906400728384,91.77999999999997,-2.239064007283854,0.0,False,0.0,0.0,False,False,1746.9392756313732,68.3604651020939
3231.92300000001,8.9,False,True,-0.5200246332426846,109.00808571891191,22.67929882997878,-2.856340603778657,109.38393637433819,0.0,2.366355009157714,0.013042155495230821,12.637288988220398,4.976492245975633,-0.37345532676237,12.01715152452492,0.7307193562990684,12.637295718215052,12.022953033447266,94.39897492214675,91.77999999999997,-2.618974922146772,0.0,False,0.0,0.0,False,False,1807.3673065792223,69.26106786508403
3232.023000000001,9.0,False,True,-0.49001664207273055,110.28958982575625,23.17911804113735,-2.856340603778657,109.38393637433819,0.0,2.533712151332325,0.04928671882040686,12.725359520541213,5.02445404556377,-0.37162723826495353,11.958326773880318,0.8749330224190957,12.725454966628147,11.964099884033201,93.15743119841531,91.77999999999997,-1.3774311984153265,0.0,False,0.0,0.0,False,False,1869.2480462398717,70.17053813226943
3232.1240000000107,9.1,False,True,-0.5709089848318215,111.56627414819208,23.68505939897786,-2.856340603778657,109.38393637433819,0.0,3.160030987834059,0.07832732663843192,12.723340561943582,5.086537406511101,-0.3704154838561624,11.919334596510145,0.9207582214800688,12.723581658687822,11.925088882446287,93.26381096592672,91.77999999999997,-1.4838109659267331,0.0,False,0.0,0.0,False,False,1932.6020122055197,71.08683874899226
3232.2230000000127,9.2,False,True,-0.5643634629498173,112.8379908650395,24.195523075943502,-2.856340603778657,109.38393637433819,0.0,4.145316832139111,0.05258311100165257,12.71099377500487,5.122736132801748,-0.37075579174860346,11.930285120482877,0.8881001237627045,12.711102538008854,11.936044692993164,93.32187754369525,91.77999999999997,-1.541877543695287,0.0,False,0.0,0.0,False,False,1997.4527247675458,72.00490134693436
3232.323000000004,9.3,False,True,-0.5649162658669068,114.11473477981548,24.712084701627926,-2.856340603778657,109.38393637433819,0.0,5.256527280404882,0.002489989249293637,12.724277504519003,5.210574468537666,-0.37097796350985934,11.937434226488751,0.8709768400591981,12.724277748149591,11.943197250366211,93.60723462931367,91.77999999999997,-1.8272346293136508,0.0,False,0.0,0.0,False,False,2063.8178061311855,72.93218087742837
3232.42300000001,9.4,False,True,-0.5751082995598816,115.36726264015137,25.23252401520603,-2.856340603778657,109.38393637433819,0.0,6.403453289357325,-0.024548157311930708,12.68610645565093,5.1955817275929,-0.3683018898340814,11.851322768040928,0.9027903597860716,12.686130206494637,11.857044219970701,93.84366566406237,91.77999999999997,-2.0636656640623503,0.0,False,0.0,0.0,False,False,2131.7191906885173,73.85252443763805
3232.523000000001,9.5,False,True,-0.6340233392242359,116.6525672982278,25.757049463248254,-2.856340603778657,109.38393637433819,0.0,7.600769009255634,-0.046714955496835436,12.703113937776358,5.301228931067487,-0.365420825679918,11.75861506778502,0.9968207196402329,12.703199833238672,11.764291763305664,94.83523463316466,91.77999999999997,-3.0552346331646714,0.0,False,0.0,0.0,False,False,2201.1767075930857,74.79127529762002
3232.623000000007,9.6,False,True,0.3154090553213957,72.95823943332675,0.7019009383480679,-1.6321606390309793,211.75752380106587,0.0,138.81294741021412,0.12251227899980008,3.1519565679057457,0.05775566163997681,0.47691582449551095,11.77169326472349,8.627019334366095,3.1543366124226333,11.781350135803223,88.21800933134851,87.68,0.5380093313485018,0.0,False,0.0,0.0,False,False,585.354620511014,0.7426167409783181
3232.7230000000127,9.7,False,True,0.32528214131950767,73.27415816567989,0.7092779508368923,-1.6321606390309793,211.75752380106587,0.0,138.4971990328409,0.07494944096243933,3.166418079157092,0.08978458813651127,0.47572600962951705,11.742325114360469,8.585266643176748,3.167304985427433,11.751957893371582,88.1003294438986,87.68,0.42032944389859483,0.0,False,0.0,0.0,False,False,586.0506519596972,1.4236533636070567
3232.823000000004,9.8,False,True,0.408850261542421,73.56964039042236,0.721896361473803,-1.6321606390309793,211.75752380106587,0.0,138.20295527596312,0.08646568535905058,3.1518182458597637,0.1483093626145482,0.47486580668194805,11.721092761135653,8.578072066169675,3.1530040548148883,11.730708122253418,87.95738017039876,87.68,0.27738017039875584,0.0,False,0.0,0.0,False,False,586.702831362034,2.1100446296244595
3232.92300000001,9.9,False,True,0.5444990249292156,73.85059152937241,0.7372713506101831,-1.6321606390309793,211.75752380106587,0.0,137.92410890008372,0.10974024905408959,3.1640636798605977,0.1380934367694691,0.4730787294606073,11.676982409141669,8.520668996193233,3.1659661862495376,11.686561584472656,87.91147033312151,87.68,0.2314703331215107,0.0,False,0.0,0.0,False,False,587.3847589478553,2.800274750187734
3233.023000000001,10.0,False,True,0.5311892407497364,74.1719328879533,0.7551656845777406,-1.6321606390309793,211.75752380106587,0.0,137.60259775750134,0.09793553154817237,3.160136523138943,0.22393484775851408,0.46987063032484827,11.597797032919507,8.445854047756947,3.1616537149435433,11.607311248779295,87.89665431031322,87.68,0.21665431031322205,0.0,False,0.0,0.0,False,False,588.0910521868775,3.4959486678585927
3233.1240000000107,10.1,False,True,0.5284268875462141,74.49044539978479,0.7768800388267413,-1.6321606390309793,211.75752380106587,0.0,137.28408120129387,0.09600655720199061,3.132938353288061,0.2120237084006475,0.46835934925544326,11.560494145759833,8.435777571568284,3.134409032741114,11.569977760314943,87.80243763444525,87.68,0.12243763444525209,0.0,False,0.0,0.0,False,False,588.8318224923479,4.194983056791436
3233.224000000002,10.2,False,True,0.5202636259704576,74.8107270276997,0.8034256861009277,-1.6321606390309793,211.75752380106587,0.0,136.96371080217645,0.08102328747808409,3.2196341731390623,0.3199292302812488,0.46903988320929596,11.577291736759161,8.366659837073518,3.22065350231263,11.586789131164549,87.85725743461384,87.68,0.1772574346138358,0.0,False,0.0,0.0,False,False,589.620228408975,4.900355362645038
3233.324000000008,10.3,False,True,0.5005469461033725,75.13505942077532,0.8412918829116671,-1.6321606390309793,211.75752380106587,0.0,136.63910939034787,0.05247410858181787,3.2215032822899903,0.4355738999422262,0.4665647053983551,11.516197026813508,8.305023500135894,3.2219306215181973,11.525644302368164,87.90105308259845,87.68,0.22105308259844775,0.0,False,0.0,0.0,False,False,590.4694242868211,5.6108467780118545
3233.423999999999,10.4,False,True,0.4927093288011873,75.44998656275558,0.8913592245756595,-1.6321606390309793,211.75752380106587,0.0,136.32409831117,0.027953197052383277,3.159691243199638,0.5614729744126553,0.4643202713724254,11.460797756021641,8.31256792818961,3.159814889131628,11.470199584960936,88.04101307074639,87.68,0.3610130707463891,0.0,False,0.0,0.0,False,False,591.3937174717702,6.326592919496113
3233.524000000005,10.5,False,True,0.49269210173558575,75.76937692187988,0.9532414671432343,-1.6321606390309793,211.75752380106587,0.0,136.00474657454058,0.04004068686702392,3.2248489929867525,0.6741005455142703,0.4664819356685468,11.514154025049123,8.300266866387728,3.2250975619618787,11.523599624633787,87.8557055802585,87.68,0.175705580258491,0.0,False,0.0,0.0,False,False,592.4078054695287,7.047167072317379
3233.623000000007,10.6,False,True,0.5018011762294462,76.09408478164616,1.027902377695844,-1.6321606390309793,211.75752380106587,0.0,135.68022140166488,0.060318749596131635,3.271476960220098,0.8226690149844917,0.4626891595001636,11.420537090188157,8.158987863001231,3.272032984675395,11.429905891418457,87.84732288728307,87.68,0.16732288728306532,0.0,False,0.0,0.0,False,False,593.5263637131092,7.7737233594416075
3233.7230000000127,10.7,False,True,0.5172447191218686,76.42670353139444,1.1144617676260264,-1.6321606390309793,211.75752380106587,0.0,135.34788826670245,0.0751376432236413,3.2710251812666447,0.9156833536684508,0.46218493588028214,11.408091359756899,8.146266113986385,3.2718880484988615,11.417449951171877,88.00197228832516,87.68,0.32197228832516106,0.0,False,0.0,0.0,False,False,594.7644781956085,8.504025693410547
3233.824000000008,10.8,False,True,0.5276860678320238,76.7579953113559,1.2104608771984038,-1.6321606390309793,211.75752380106587,0.0,135.0168049919756,0.0781033259846676,3.3017577392837985,1.0059904880895376,0.4634360173326593,11.438971750698313,8.146332496932725,3.3026813800986505,11.44835567474365,88.11439264585243,87.68,0.4343926458524271,0.0,False,0.0,0.0,False,False,596.1376548846102,9.239512275965248
3233.92300000001,10.9,False,True,0.5452391648783761,77.09480912152715,1.314417498154045,-1.6321606390309793,211.75752380106587,0.0,134.68031702802352,0.09442641304912933,3.25706190939799,1.0777948480257278,0.45855561448615656,11.318508972223544,8.069666586797618,3.258430393476682,11.327794075012205,88.22599537990473,87.68,0.5459953799047199,0.0,False,0.0,0.0,False,False,597.6613229992445,9.979402231981217
3234.023000000001,11.0,False,True,0.5479570444255848,77.41827488823269,1.4225157904965782,-1.6321606390309793,211.75752380106587,0.0,134.35693771286196,0.08655622496012423,3.2146435726966924,1.0831354474721375,0.4592317860428692,11.335198886357494,8.129102390550448,3.2158086509553865,11.344497680664062,88.00140394327235,87.68,0.3214039432723492,0.0,False,0.0,0.0,False,False,599.3514407424404,10.722312869254605
3234.1240000000107,11.1,False,True,0.5515809063947699,77.74377980075909,1.5310128947369803,-1.6321606390309793,211.75752380106587,0.0,134.03153475252375,0.10328527966257883,3.1520240894605833,1.0868087025611042,0.45788071690383,11.301850503545857,8.157536914034427,3.1537158574505084,11.311121940612793,87.38565498654548,87.68,0.2943450134545222,0.0,False,0.0,0.0,False,False,601.2238015063093,11.470016362057319
3234.224000000002,11.2,False,True,0.5653329186588638,78.05958299743504,1.6435231935008097,-1.6321606390309793,211.75752380106587,0.0,133.71599886725323,0.14825596901953433,3.2149882822645726,1.1633576601538893,0.4566505595156114,11.271486580401222,8.062398653708831,3.218404804782709,11.280733108520508,86.74420960769042,87.68,0.9357903923095877,0.0,False,0.0,0.0,False,False,603.2936995119067,12.225415859319424
3234.324000000008,11.3,False,True,0.5783146555917906,78.38319417218857,1.7658794250746137,-1.6321606390309793,211.75752380106587,0.0,133.39264599287532,0.1476495733613883,3.2381128263855254,1.283582784138183,0.45449248551094157,11.218218930386842,7.986003130719114,3.2414772979177653,11.227421760559082,86.78254872471703,87.68,0.8974512752829665,0.0,False,0.0,0.0,False,False,605.5767505904187,12.987957931563848
3234.423999999999,11.4,False,True,0.5996369342985605,78.70311005465169,1.9000445830507362,-1.6321606390309793,211.75752380106587,0.0,133.0731300368722,0.16813331878529877,3.207528122685234,1.4016288846174032,0.45644050816305226,11.26630189168853,8.063929296281216,3.2119317350626275,11.275544166564941,86.83566944865207,87.68,0.8443305513479281,0.0,False,0.0,0.0,False,False,608.0886721664951,13.755883888538861
3234.524000000005,11.5,False,True,0.6154069570558914,79.02278661876696,2.047051016850826,-1.6321606390309793,211.75752380106587,0.0,132.75376459804426,0.17141224244689052,3.1797323503510695,1.5383845582185272,0.45307524691439705,11.183237289634834,8.008459612261603,3.184349223425378,11.192411422729492,86.7243333098024,87.68,0.9556666901975959,0.0,False,0.0,0.0,False,False,610.8455950384042,14.530349514101026
3234.623000000007,11.6,False,True,0.6325423571916478,79.34302445082382,2.208993068607757,-1.6321606390309793,211.75752380106587,0.0,132.43386469417993,0.1694209146225466,3.2315766815998814,1.7003452854089545,0.45296954564564007,11.180628269657744,7.954107176532153,3.2360147242204635,11.189800262451172,86.87705562029407,87.68,0.8029443797059288,0.0,False,0.0,0.0,False,False,613.8637730817265,15.311858694847382
3234.7230000000127,11.7,False,True,0.6492255358675652,79.66369137202713,2.38801146078936,-1.6321606390309793,211.75752380106587,0.0,132.1135318151399,0.1619690320654565,3.1855366577681536,1.8799665606595426,0.4515308811162394,11.145117773504975,7.964846364018576,3.1896516683382403,11.154260635375977,87.05226378744898,87.68,0.6277362125510279,0.0,False,0.0,0.0,False,False,617.159643523134,16.100106815846523
3234.823000000004,11.8,False,True,0.6681971141908143,79.9866837880037,2.581975372087421,-1.6321606390309793,211.75752380106587,0.0,131.79091745465936,0.17363824837367492,3.1201418015448534,2.002597404904129,0.4488490492177688,11.078922229396657,7.9635373348568015,3.124969616339628,11.088010787963867,87.17584679652862,87.68,0.5041532034713839,0.0,False,0.0,0.0,False,False,620.750230802679,16.891417542020854
3234.923999999999,11.9,False,True,0.6854903532867478,80.29759531945628,2.78235956660869,-1.6321606390309793,211.75752380106587,0.0,131.48035709759884,0.17331301092524928,3.096638226394905,2.005145412296797,0.44930648323292655,11.090213053979767,7.998338009921486,3.1014844357059346,11.099310874938965,87.15742994208809,87.68,0.5225700579119111,0.0,False,0.0,0.0,False,False,624.6532447835518,17.68191190349301
3235.023000000001,12.0,False,True,0.7028396093921113,80.60589115591016,2.9843575437211602,-1.6321606390309793,211.75752380106587,0.0,131.1724169619894,0.16868558257821817,3.072593576583233,2.034573618577586,0.4478792072624314,11.054983661148123,7.987271157424429,3.0772205173874516,11.06405258178711,87.22604466461328,87.68,0.4539553353867177,0.0,False,0.0,0.0,False,False,628.8860292087177,18.479216548177376
3235.1240000000107,12.1,False,True,0.7197037632617735,80.91243821022172,3.1892996144668855,-1.6321606390309793,211.75752380106587,0.0,130.86622058209713,0.16638603488402967,3.073880811082356,2.063503272560795,0.44834845449462335,11.066566070871113,7.997657186208793,3.078380670635903,11.075644493103027,87.19748434407248,87.68,0.48251565592752604,0.0,False,0.0,0.0,False,False,633.465629395356,19.281898913453578
3235.224000000002,12.2,False,True,0.7363708136909711,81.22111378280405,3.3971370230273856,-1.6321606390309793,211.75752380106587,0.0,130.55789628244742,0.167424386296188,3.10210307039579,2.0931463334727156,0.4478716792319684,11.054797847088397,7.9576381480530305,3.106617836890409,11.06386661529541,87.1933857163267,87.68,0.4866142836733063,0.0,False,0.0,0.0,False,False,638.4093526106126,20.090116205353247
3235.324000000008,12.3,False,True,0.7546408992009195,81.53161189861393,3.6053282888590643,-1.6321606390309793,211.75752380106587,0.0,130.247782907841,0.1924889115962704,3.1125891238449994,2.0716971538909594,0.4450452319380399,10.985032767248091,7.876493738555393,3.118535399023987,10.994044303894043,86.92407587902964,87.68,0.7559241209703552,0.0,False,0.0,0.0,False,False,643.7348274419493,20.900607365939184
3235.423999999999,12.4,False,True,0.7750556455478637,81.84225190126706,3.815870724082643,-1.6321606390309793,211.75752380106587,0.0,129.93757179137756,0.21544096033128915,3.1153486805691273,2.1394270118134893,0.4461094252085132,11.011300205045204,7.899320123755265,3.122789171383856,11.020333290100098,86.65306239165669,87.68,1.02693760834332,0.0,False,0.0,0.0,False,False,649.4595745382371,21.722457420100067
3235.523000000001,12.5,False,True,0.7965014350139535,82.15945255927585,4.034860652502539,-1.6321606390309793,211.75752380106587,0.0,129.620825753665,0.21355514672195236,3.219792628671257,2.2404205911832054,0.4447336486874417,10.977341970960618,7.760993190167422,3.226866959193886,10.986347198486328,86.86006505943384,87.68,0.8199349405661679,0.0,False,0.0,0.0,False,False,655.6011420950827,22.55256309955218
3235.623000000007,12.6,False,True,0.8172287530536274,82.48102793059427,4.261790609385529,-1.6321606390309793,211.75752380106587,0.0,129.29969796152702,0.2075071491112265,3.207513430667683,2.2981853438256894,0.4456772004440853,11.000631619339028,7.7967567664992625,3.214218664752888,11.009655952453613,86.96699214235053,87.68,0.7130078576494713,0.0,False,0.0,0.0,False,False,662.1776191593212,23.385478486974932
3235.724000000002,12.7,False,True,0.8380629057383914,82.80086970535717,4.496577424482844,-1.6321606390309793,211.75752380106587,0.0,128.98031105529788,0.2028706046106166,3.2010276456552407,2.3972909527643846,0.4426006681176484,10.924693701145328,7.72738557599392,3.2074498391189548,10.933655738830566,86.94994641238398,87.68,0.7300535876160255,0.0,False,0.0,0.0,False,False,669.2072741182724,24.227396256763257
3235.824000000008,12.8,False,True,0.8604541995703441,83.12017777481421,4.735537127044725,-1.6321606390309793,211.75752380106587,0.0,128.66149354570396,0.19445819479623125,3.2013149186499947,2.381396349937939,0.44071425949948084,10.878131556455559,7.68076530951776,3.2072154897815066,10.887055397033691,86.84542582788218,87.68,0.8345741721178224,0.0,False,0.0,0.0,False,False,676.7086174744472,25.06641609054833
3235.923999999999,12.9,False,True,0.8836711626111204,83.44205063605183,4.979262261201281,-1.6321606390309793,211.75752380106587,0.0,128.3401342652235,0.1875309742237318,3.2595003786324566,2.490680013098852,0.4403647658595768,10.869505019621153,7.614203540887416,3.2648905930518453,10.878421783447266,86.70293953381895,87.68,0.9770604661810556,0.0,False,0.0,0.0,False,False,684.7001810887195,25.921215207843563
3236.024000000005,13.0,False,True,0.9027876726774688,83.76749621817935,5.23264292858828,-1.6321606390309793,211.75752380106587,0.0,128.01512849507705,0.20063511403897172,3.25422315184289,2.576672476364632,0.43972067529422176,10.853606959249424,7.603143833827779,3.2604022406714948,10.862510681152344,86.611767051518,87.68,1.0682329484820061,0.0,False,0.0,0.0,False,False,693.2006908404032,26.78035830846327
3236.1240000000107,13.1,False,True,0.9252474088947623,84.09240326156831,5.49612911760723,-1.6321606390309793,211.75752380106587,0.0,127.69073317311651,0.19731092765387437,3.255937058483262,2.691289251600462,0.4406288260050472,10.87602280510081,7.623969463833256,3.261910135331179,10.884944915771484,86.58546279696954,87.68,1.0945372030304632,0.0,False,0.0,0.0,False,False,702.2291763416149,27.648221295010696
3236.224000000002,13.2,False,True,0.9441981537799792,84.41612322193369,5.77085259974313,-1.6321606390309793,211.75752380106587,0.0,127.36746023252682,0.20517828917569386,3.2151925887246815,2.803889480732569,0.4420618155576373,10.911393226039323,7.699845326685039,3.221732688001781,10.920344352722168,86.5758063037453,87.68,1.1041936962547136,0.0,False,0.0,0.0,False,False,711.8048836248553,28.522233201428506
3236.324000000008,13.3,False,True,0.9644656923499157,84.7396928682359,6.054934558888518,-1.6321606390309793,211.75752380106587,0.0,127.04436958474703,0.21033175216256783,3.242560697443768,2.8781586516778277,0.43906087237810554,10.837321071583805,7.59820387664363,3.249375220342334,10.846211433410645,86.58045879074876,87.68,1.0995412092512364,0.0,False,0.0,0.0,False,False,721.9472251618605,29.39939840505439
3236.42300000001,13.4,False,True,0.9838936825693486,85.05972811006771,6.3439558285304845,-1.6321606390309793,211.75752380106587,0.0,126.72480093956146,0.22251975216574868,3.188839744724224,2.902159715336047,0.43811125959180713,10.813881819065,7.628089297690564,3.1965941183761126,10.822752952575684,86.39445012319582,87.68,1.2855498768041742,0.0,False,0.0,0.0,False,False,732.6756668799433,30.277916166298482
3236.523000000001,13.5,False,True,1.0027734670616695,85.37804290763314,6.637931062175141,-1.6321606390309793,211.75752380106587,0.0,126.40694628317297,0.23875930382115812,3.1873585188084657,2.977548810606157,0.4373745163438309,10.795696816419708,7.610930275172895,3.196288524614457,10.804553031921387,86.30138589984776,87.68,1.378614100152238,0.0,False,0.0,0.0,False,False,744.0098732654632,31.167632304492905
3236.6240000000107,13.6,False,True,1.0245104196783013,85.6977681584265,6.936021496487999,-1.6321606390309793,211.75752380106587,0.0,126.0877468027569,0.24559680955102986,3.1672804549075786,2.9843777007939107,0.437351662015451,10.795132703992229,7.630262109345223,3.176788200825041,10.803988456726074,86.33904508156292,87.68,1.3409549184370957,0.0,False,0.0,0.0,False,False,755.9696480360165,32.05687239739986
3236.724000000002,13.7,False,True,1.041291499272327,86.01592257061668,7.24019356842856,-1.6321606390309793,211.75752380106587,0.0,125.77001878958713,0.24938579117694376,3.178129784786948,3.0983927667232467,0.43850221530718414,10.823531762566827,7.6477406090764015,3.187899339971525,10.83241081237793,86.55999289629703,87.68,1.120007103702974,0.0,False,0.0,0.0,False,False,768.5751034702816,32.963269265909695
3236.823000000004,13.8,False,True,1.0773974119541014,86.33462611346184,7.553912412252899,-1.6321606390309793,211.75752380106587,0.0,125.45216207458064,0.22705998849097972,3.1500149229791594,3.1777915111446657,0.4409107217919222,10.88298082696813,7.7359222984974005,3.158187811604136,10.891908645629883,86.69336447561898,87.68,0.9866355243810316,0.0,False,0.0,0.0,False,False,781.8467205175907,33.872447164690826
3236.92300000001,13.9,False,True,1.095915517885406,86.64911021207948,7.871584723938412,-1.6321606390309793,211.75752380106587,0.0,125.13815385513249,0.23837587023666484,3.1200851492146313,3.1755484910752587,0.4384715241060659,10.82277421293871,7.70528760547664,3.1291779102283037,10.831652641296387,86.52520128160484,87.68,1.154798718395163,0.0,False,0.0,0.0,False,False,795.8046152488653,34.77965316012266
3237.023000000001,14.0,False,True,1.1224520334735744,86.96130515856258,8.190879756942135,-1.6321606390309793,211.75752380106587,0.0,124.8266160658175,0.24600939385725493,3.12658972817631,3.210385941092871,0.4402725764403687,10.867229512058955,7.7430770658656165,3.1362531706167514,10.876144409179688,86.36234817965398,87.68,1.3176518203460228,0.0,False,0.0,0.0,False,False,810.469165208629,35.69703628767212
3237.1240000000107,14.1,False,True,1.1535116638854799,87.26694608821418,8.51650522042523,-1.6321606390309793,211.75752380106587,0.0,124.52174071004147,0.24293849661294015,3.0391452665332834,3.3021625097598797,0.4410336024122486,10.886013884158444,7.849368686283772,3.048839625862308,10.894944190979004,86.21475643887484,87.68,1.465243561125166,0.0,False,0.0,0.0,False,False,825.8615300420809,36.627443233951624
3237.224000000002,14.2,False,True,1.173818207940222,87.57601340179613,8.85026750344636,-1.6321606390309793,211.75752380106587,0.0,124.2132080027466,0.2526613935395865,3.019556695795628,3.3730641173036298,0.4394953362490301,10.848044925061593,7.8307173922894275,3.03010897805831,10.85694408416748,86.01998039099786,87.68,1.66001960900215,0.0,False,0.0,0.0,False,False,842.0029768863008,37.56225714412021
3237.324000000008,14.3,False,True,1.2172713850889563,87.86778697743345,9.190276036893875,-1.6321606390309793,211.75752380106587,0.0,123.92250059246295,0.21901021733490506,2.894792770313307,3.4279534561035296,0.4405451297484127,10.873956933913691,7.9822389382367325,2.9030657344185773,10.882877349853516,86.47745735486022,87.68,1.2025426451397827,0.0,False,0.0,0.0,False,False,858.9145386112705,38.50231649422213
3237.4270000000106,14.4,False,True,1.2421905748187783,88.15997144820027,9.5348214082252,-1.6321606390309793,211.75752380106587,0.0,123.63097040191796,0.2061335337820342,2.858700443446441,3.461459131189544,0.4440000324675039,10.959234152617059,8.104025348220869,2.8661226873793013,10.96822452545166,86.42762992522567,87.68,1.252370074774325,0.0,False,0.0,0.0,False,False,876.6173712076479,39.446182918204784
3237.523000000001,14.5,False,True,1.2542473439660011,88.45273682246066,9.880574482483956,-1.6321606390309793,211.75752380106587,0.0,123.33856591870816,0.2109054934733192,2.9007242790323153,3.4523948906678483,0.4448832055593061,10.981033476947196,8.083696079372407,2.9083814175834592,10.990041732788086,86.11950460687227,87.68,1.5604953931277314,0.0,False,0.0,0.0,False,False,895.132661933949,40.39048351796958
3237.6240000000107,14.6,False,True,1.2795207953488463,88.73889488621026,10.23190998829722,-1.6321606390309793,211.75752380106587,0.0,123.05308183408599,0.20150401308512048,2.933013949646424,3.576090410832543,0.4461157178698746,11.011455526541285,8.082144096551435,2.9399276685166806,11.020488739013672,86.49559117954051,87.68,1.1844088204594887,0.0,False,0.0,0.0,False,False,914.4827113179228,41.358298364585934
3237.7230000000127,14.7,False,True,1.3037900291560036,89.0202520011306,10.582658053995708,-1.6321606390309793,211.75752380106587,0.0,122.77238164675805,0.2838806630580234,2.694128348760433,3.4388709031372144,0.444566101753035,10.973206417015923,8.280637262341449,2.7090433349160143,10.982208251953125,86.79414378120735,87.68,0.8858562187926556,0.0,False,0.0,0.0,False,False,934.688881864434,42.304330095819445
3237.823000000004,14.8,False,True,1.3358914985104862,89.28953982562544,10.920425961059735,-1.6321606390309793,211.75752380106587,0.0,122.50394455894022,0.2869274941536886,2.6852914384291298,3.317058638632585,0.44518320722457666,10.988438405450474,8.304654985408805,2.70057725240403,10.997452735900879,86.65947685761536,87.68,1.0205231423846493,0.0,False,0.0,0.0,False,False,955.7699902598804,43.253265662340034
3237.92300000001,14.9,False,True,1.3899345527858304,89.56175664958593,11.256109512749827,-1.6321606390309793,211.75752380106587,0.0,122.23313204318666,0.2890708038350507,2.704783431273583,3.399524419866814,0.445719357414678,11.0016721780735,8.298367408479434,2.7201866369280507,11.010697364807129,86.51547710781017,87.68,1.1645228921898327,0.0,False,0.0,0.0,False,False,977.750610024265,44.23572323161642
3238.0250000000087,15.0,False,True,1.406817817993762,89.82856981279683,11.595433880607908,-1.6321606390309793,211.75752380106587,0.0,121.96682012225985,0.29645875913310016,2.63750301182773,3.387117045319359,0.44768425057608263,11.050171553447498,8.41402764081632,2.654111891625348,11.059236526489256,86.55501813506929,87.68,1.1249818649307088,0.0,False,0.0,0.0,False,False,1000.6541943749714,45.213759125308556
3238.1240000000107,15.1,False,True,1.4163268600452577,90.09857703712885,11.938022287569591,-1.6321606390309793,211.75752380106587,0.0,121.6971347392472,0.31327840080478037,2.6673213652115213,3.4620954452930772,0.4494562717364975,11.09391027732203,8.427689191364099,2.6856557154119094,11.103011131286621,86.59979374070934,87.68,1.0802062592906587,0.0,False,0.0,0.0,False,False,1024.5032476958665,46.209228799605015
3238.2230000000127,15.2,False,True,1.4421768805363704,90.36630515261679,12.290510160681244,-1.6321606390309793,211.75752380106587,0.0,121.43014253528565,0.3213203008514307,2.707219718399988,3.587110742838651,0.44814604698838045,11.061570054895988,8.355312939369417,2.7262218067195056,11.07064437866211,86.51209250724567,87.68,1.1679074927543394,0.0,False,0.0,0.0,False,False,1049.3222715488819,47.218862387254255
3238.324000000008,15.3,False,True,1.4500625045799929,90.64176862657196,12.649727401979758,-1.6321606390309793,211.75752380106587,0.0,121.1549679171059,0.3315821393812488,2.7153030711712556,3.5925521538532745,0.45015749812280226,11.111218618762454,8.39675282463312,2.7354739047318106,11.120333671569824,86.64537384503396,87.68,1.0346261549660474,0.0,False,0.0,0.0,False,False,1075.1338819906478,48.21900867995341
3238.423999999999,15.4,False,True,1.4950576738031993,90.90968561751875,13.010141192440791,-1.6321606390309793,211.75752380106587,0.0,120.88829342832545,0.33111288413669626,2.720182872674635,3.6184217759969193,0.4511798432649583,11.136453120966008,8.417126645533429,2.7402610464760015,11.145588874816895,86.46878170721274,87.68,1.211218292787267,0.0,False,0.0,0.0,False,False,1101.9601642986395,49.228474666687816
3238.523000000001,15.5,False,True,1.5115671660619387,91.18544876110047,13.371110014500479,-1.6321606390309793,211.75752380106587,0.0,120.61305196352326,0.3426394864800169,2.7554435615447757,3.5977568303023104,0.4501864906914058,11.111934241115557,8.357182709254849,2.7766654531206756,11.121049880981445,86.45497846168858,87.68,1.2250215383114185,0.0,False,0.0,0.0,False,False,1129.8242900050777,50.237766360494874
3238.623000000007,15.6,False,True,1.5503812426143282,91.45845914631674,13.733154977847086,-1.6321606390309793,211.75752380106587,0.0,120.34115476276575,0.33854128079826956,2.753648453682006,3.64417804254983,0.4513402868270307,11.14041334266973,8.387523407950546,2.7743810129954816,11.149552345275879,86.38896335711748,87.68,1.291036642882524,0.0,False,0.0,0.0,False,False,1158.7501442977632,51.26460586396776
3238.724000000002,15.7,False,True,1.5838888167897525,91.73829201263901,14.102531681986456,-1.6321606390309793,211.75752380106587,0.0,120.06231287621615,0.3371084295452071,2.773814265122685,3.743305013242335,0.45495848989924176,11.229721297130256,8.456728230863314,2.7942239836256038,11.238933563232422,86.441054303362,87.68,1.2389456966380121,0.0,False,0.0,0.0,False,False,1188.7635419025714,52.30715033459672
3238.824000000008,15.8,False,True,1.6148172186632004,92.01345503929403,14.479383933953477,-1.6321606390309793,211.75752380106587,0.0,119.78808316703419,0.32926385546979825,2.786928777991328,3.793430190671941,0.45295560913796246,11.180284275424095,8.394266862341842,2.8063119392033156,11.18945598602295,86.60388051035659,87.68,1.07611948964341,0.0,False,0.0,0.0,False,False,1219.8887390603695,53.34913138025086
3238.923999999999,15.9,False,True,1.6878282266961153,92.32359234945322,14.86229642103777,-1.6321606390309793,211.75752380106587,0.0,119.48006657203142,0.3023537077837518,2.7842198580486945,3.869951090023064,0.45360193880981414,11.196237603567432,8.413377358606393,2.800588863536252,11.205422401428223,86.73636973610505,87.68,0.943630263894955,0.0,False,0.0,0.0,False,False,1252.1499666093591,54.40252173494931
3239.024000000005,16.0,False,True,1.7291788513749349,92.59600485135867,15.25407808492822,-1.6321606390309793,211.75752380106587,0.0,119.20891829712738,0.30676592717371964,2.7623583218504892,3.9657742550645443,0.45640275219488413,11.265369962712052,8.504328200629939,2.7793396396215058,11.274611473083496,86.95636303444729,87.68,0.7236369655527078,0.0,False,0.0,0.0,False,False,1285.573001395769,55.46768325185497
3239.1240000000107,16.1,False,True,1.755927178218099,92.8785802713667,15.654616851518814,-1.6321606390309793,211.75752380106587,0.0,118.92721452129784,0.3102273351156068,2.789499435698433,4.044782531283724,0.45970504822464137,11.346880396912336,8.558686377129524,2.806697009157705,11.356188774108885,86.74314272818556,87.68,0.9368572718144469,0.0,False,0.0,0.0,False,False,1320.1829431163821,56.53723444543208
3239.224000000002,16.2,False,True,1.7469677047799113,93.16782753332203,16.063574082516805,-1.6321606390309793,211.75752380106587,0.0,118.6378294189492,0.3281988588628137,2.812044481828426,4.132764923430774,0.45748493552789976,11.292081448467282,8.481022452816699,2.8311320454441105,11.301344871520996,86.4439376234049,87.68,1.236062376595104,0.0,False,0.0,0.0,False,False,1356.0051850344282,57.616474203451986
3239.324000000008,16.3,False,True,1.809572920337574,93.42868474139974,16.482338409630344,-1.6321606390309793,211.75752380106587,0.0,118.37888191354932,0.33942593462759546,2.8307326366155743,4.2458898845561635,0.45875871688751907,11.32352214026572,8.493627838929134,2.851009860575438,11.332811355590819,86.30602288105474,87.68,1.3739771189452559,0.0,False,0.0,0.0,False,False,1393.0647469002718,58.70722944451833
3239.423999999999,16.4,False,True,1.808729074249435,93.70817645753624,16.912735153851436,-1.6321606390309793,211.75752380106587,0.0,118.09948403889098,0.34211191781624395,2.800456299859468,4.35764845656482,0.45826665393223165,11.311376571007866,8.511712858442001,2.821275607191628,11.320655822753906,86.25724790274774,87.68,1.4227520972522705,0.0,False,0.0,0.0,False,False,1431.3901023128324,59.806996233868794
3239.524000000005,16.5,False,True,1.8432989997846725,94.00591695074489,17.35478719244994,-1.6321606390309793,211.75752380106587,0.0,117.80288509002484,0.3276837336876774,2.772518087271872,4.482413822404086,0.46253466115189273,11.416723613946989,8.6452573102273,2.7918153903102505,11.426089286804197,86.77749657853158,87.68,0.9025034214684241,0.0,False,0.0,0.0,False,False,1471.0069901346976,60.91740339968941
3239.6240000000107,16.6,False,True,1.9136120233161134,94.26691456587106,17.80588213160793,-1.6321606390309793,211.75752380106587,0.0,117.54410135021787,0.31823816778083674,2.671176675928011,4.546507348048701,0.46449797149663596,11.465183920723815,8.795223439555363,2.6900669815925253,11.474589347839355,86.80345607116587,87.68,0.8765439288341423,0.0,False,0.0,0.0,False,False,1511.9399338003418,62.0248190332631
3239.7230000000127,16.7,False,True,1.9138569638245075,94.56284000557739,18.26250093812156,-1.6321606390309793,211.75752380106587,0.0,117.24831832808646,0.32040328254703165,2.6374254675055346,4.578942701210286,0.4695789287957292,11.590596976328236,8.954414187417749,2.656816019244408,11.600105285644531,86.78605100221482,87.68,0.8939489977851887,0.0,False,0.0,0.0,False,False,1554.21502456372,63.134475200763944
3239.824000000008,16.8,False,True,1.9857983037373714,94.78638520068196,18.722665557353903,-1.6321606390309793,211.75752380106587,0.0,117.02707760335547,0.31217297160083957,2.5659983554896355,4.633327059221493,0.4684924988814268,11.563780672385468,8.999140093189604,2.584917701702244,11.573266983032227,86.86469025328164,87.68,0.8153097467183645,0.0,False,0.0,0.0,False,False,1597.8572807990918,64.25465366878521
3239.92300000001,16.9,False,True,1.985569132811855,95.08891770887517,19.192147554794843,-1.6321606390309793,211.75752380106587,0.0,116.72468297749553,0.31590719804806955,2.630312421735263,4.748242243460522,0.4674819283510205,11.538836802429179,8.909813776969994,2.6492151278658755,11.54830265045166,86.28562859344899,87.68,1.394371406551014,0.0,False,0.0,0.0,False,False,1642.8963687610944,65.39450942009685
3240.023000000001,17.0,False,True,2.020946222513325,95.2738208613273,19.671427147037683,-1.6321606390309793,211.75752380106587,0.0,116.54097236721137,0.29664738399197255,2.5646880259807325,4.8435284705152055,0.46874706212692857,11.570064046282084,9.00702034894075,2.5817870440914037,11.57955551147461,86.68275354341786,87.68,0.9972464565821378,0.0,False,0.0,0.0,False,False,1689.3593966833641,66.53789923723537
3240.123000000007,17.1,False,True,2.003616622792659,95.59199677387274,20.161051854914742,-1.6321606390309793,211.75752380106587,0.0,116.22240982617393,0.2861044543896785,2.6154943138455407,4.938144443743956,0.47376057599413046,11.693812398489873,9.080257378838773,2.6310960196427593,11.703405380249023,86.4413967293385,87.68,1.2386032706614982,0.0,False,0.0,0.0,False,False,1737.2748170857901,67.69114471832188
3240.2230000000127,17.2,False,True,2.0333322145908754,95.76857685468585,20.660921176129033,-1.6321606390309793,211.75752380106587,0.0,116.04685110587927,0.2735098703687892,2.480959901816176,5.065823101939176,0.47182977129887355,11.646154427294023,9.167339934405947,2.4959907218595347,11.655708312988283,86.38896329325897,87.68,1.2910367067410393,0.0,False,0.0,0.0,False,False,1786.6701363294383,68.8602111625255
3240.323000000004,17.3,False,True,2.059622393273199,96.01345704570872,21.172272829119585,-1.6321606390309793,211.75752380106587,0.0,115.802928507988,0.25229370327767925,2.4166439186414173,5.161209957871889,0.47519943354995325,11.729327659105712,9.31535106233234,2.4297777557258424,11.738949775695799,86.33735329215554,87.68,1.3426467078444644,0.0,False,0.0,0.0,False,False,1837.5767876757932,70.03364012721033
3240.42300000001,17.4,False,True,2.0826595092487135,96.23286487376019,21.69034689762742,-1.6321606390309793,211.75752380106587,0.0,115.58437052216175,0.24945489451795305,2.3411946125857885,5.202005193357636,0.4755999633758678,11.739213919975807,9.400739784412943,2.354446847648017,11.748844146728514,86.1935140101663,87.68,1.486485989833708,0.0,False,0.0,0.0,False,False,1890.015860812396,71.20143778536506
3240.523000000001,17.5,False,True,2.092742379642574,96.49484936760895,22.2133721065619,-1.6321606390309793,211.75752380106587,0.0,115.3228469127068,0.24797458337782677,2.326832289001947,5.252295699040374,0.4772721512707583,11.780488463550572,9.456436561476155,2.340008524587773,11.790152549743652,86.72949734027006,87.68,0.9505026597299436,0.0,False,0.0,0.0,False,False,1944.0175684978244,72.37907653062531
3240.623000000007,17.6,False,True,2.1821453347307926,96.718819227258,22.73962520268441,-1.6321606390309793,211.75752380106587,0.0,115.10192213895179,0.24289554847251066,2.235139771862099,5.2855571565248,0.4798871960271728,11.845035503436694,9.612817537680943,2.2482989230143566,11.854752540588377,86.39171308628572,87.68,1.2882869137142778,0.0,False,0.0,0.0,False,False,1999.6077164873373,73.56206817021734
3240.7230000000127,17.7,False,True,2.1597572407154844,96.97695615329573,23.270787534883087,-1.6321606390309793,211.75752380106587,0.0,114.84318591344929,0.2500554658893546,2.235882760452495,5.327702008652697,0.4804919478076982,11.859962566234772,9.626838166307,2.2498220939687235,11.869691848754885,86.74008215509289,87.68,0.9399178449071072,0.0,False,0.0,0.0,False,False,2056.817998782918,74.75409557549389
3240.823000000004,17.8,False,True,2.2521124925154186,97.16398751082573,23.80501774128394,-1.6321606390309793,211.75752380106587,0.0,114.65934823320354,0.24422332788018086,2.1883736419961175,5.373901949992728,0.48095737311673203,11.871450639588977,9.685970428897974,2.201959180108528,11.881189346313478,86.26918872361577,87.68,1.410811276384237,0.0,False,0.0,0.0,False,False,2115.6743892150157,75.95331190987916
3240.92300000001,17.9,False,True,2.2924570021084167,97.44109036700168,24.344560487403818,-1.6321606390309793,211.75752380106587,0.0,114.38378196542538,0.254200675032379,2.2055644885073487,5.414975357371093,0.48219235616550377,11.901933674310358,9.699049210827626,2.220165015522855,11.91169738769531,85.4286671639991,87.68,2.25133283600091,0.0,False,0.0,0.0,False,False,2176.2087926910112,77.1619085899156
3241.023000000001,18.0,False,True,2.177395640671041,97.5584823515731,24.889195720650832,-1.6321606390309793,211.75752380106587,0.0,114.26256511662594,0.20579703174493125,2.026884751791817,5.4683829799656385,0.4843342159507149,11.954801109426866,9.93182290252816,2.037305626390209,11.964608192443846,85.77378803156414,87.68,1.906211968435862,0.0,False,0.0,0.0,False,False,2238.4444426612195,78.38470610387307
3241.123000000007,18.1,False,True,2.197760439678841,97.75584176174812,25.434781759672077,-1.6321606390309793,211.75752380106587,0.0,114.06599757711696,0.2014989484110727,1.920303451708414,5.443337800459261,0.4810531528273917,11.873814766164273,9.95743631866193,1.930846232317327,11.88355541229248,85.75111275838304,87.68,1.928887241616964,0.0,False,0.0,0.0,False,False,2302.4224603791768,79.59991774998855
3241.2230000000127,18.2,False,True,2.25154552573506,97.92808971333686,25.980469069051754,-1.6321606390309793,211.75752380106587,0.0,113.89566821572664,0.188149815663189,1.8481370561907997,5.4793791719595175,0.4806240550910023,11.863223364759829,10.01935601467558,1.8576896758069381,11.872955322265625,84.18159379104165,87.68,3.498406208958352,0.0,False,0.0,0.0,False,False,2368.1616752776263,80.8351578623207
3241.324000000008,18.3,False,True,2.2779034139990597,98.08805156032957,26.53358003565633,-1.6321606390309793,211.75752380106587,0.0,113.73670260908006,0.18292423054525522,1.7895606797701775,5.585031933241831,0.4812402726410021,11.878433436664258,10.093282219663296,1.7988854051050818,11.8881778717041,84.10399790208163,87.68,3.576002097918375,0.0,False,0.0,0.0,False,False,2435.694170869199,82.09432155987035
3241.423999999999,18.4,False,True,2.27744590058987,98.2759838203595,27.094708900162416,-1.6321606390309793,211.75752380106587,0.0,113.54886586702354,0.17902189101182786,1.7179897310691554,5.635469464630317,0.4833780788713486,11.931200818056297,10.217745025026092,1.7272919711272092,11.940988540649414,84.42292361543622,87.68,3.2570763845637836,0.0,False,0.0,0.0,False,False,2505.060747788788,83.3505058627882
3241.524000000005,18.5,False,True,2.2588253644089282,98.49453464561083,27.664628693254837,-1.6321606390309793,211.75752380106587,0.0,113.3298040433658,0.1825950472666258,1.7334037604455699,5.748897695523683,0.48163833172871345,11.888258712407058,10.159257156965692,1.742994419960415,11.898011207580566,84.60930669515876,87.68,3.0706933048412353,0.0,False,0.0,0.0,False,False,2576.2911729188418,84.62787133625926
3241.623000000007,18.6,False,True,2.3706876699673924,98.62974941083094,28.248049500057522,-1.6321606390309793,211.75752380106587,0.0,113.19856948333201,0.1858095678672998,1.6580034871595968,5.940958379300124,0.48220864759553134,11.90233579499346,10.248619265432414,1.6683826776085922,11.912099838256836,84.74537281159031,87.68,2.934627188409695,0.0,False,0.0,0.0,False,False,2649.416188720319,85.93595793722882
3241.7230000000127,18.7,False,True,1.5676974680064446,106.59159923596266,1.7313129057365586,-2.9922291380165595,319.1385334008318,0.0,212.59584227716576,0.0456025994332796,3.4325814627675175,0.06397945391632476,0.1509022875906094,11.843282674546394,8.411360347657489,3.4328843696824776,11.844244003295898,89.0443075014391,89.27,0.22569249856088966,0.0,False,0.0,0.0,False,False,1080.7001895623532,0.74347430715342
3241.823000000004,18.8,False,True,1.5699540015723474,106.92580400547845,1.7412651035551556,-2.9922291380165595,319.1385334008318,0.0,212.26176300131078,-0.0004719281152202326,3.2515139275482596,0.13506450245561563,0.1507806261987563,11.83373430866473,8.583553110759988,3.2515139617963285,11.834694862365723,88.92797986554474,89.27,0.34202013445525387,0.0,False,0.0,0.0,False,False,1081.3350260216919,1.4276679355041975
3241.923999999999,18.9,False,True,1.4725541651066008,107.20589378587964,1.7579535619374087,-2.9922291380165595,319.1385334008318,0.0,211.9796641758474,-0.013840571159321774,3.1471164114677506,0.2245365812735137,0.15048822817669052,11.810785998973111,8.665227906740625,3.14714684575405,11.811744689941408,88.82932599010032,89.27,0.44067400989968414,0.0,False,0.0,0.0,False,False,1081.9306783230033,2.119566180962131
3242.023000000001,19.0,False,True,1.5226701079004452,107.53248806826781,1.7857232949802433,-2.9922291380165595,319.1385334008318,0.0,211.65420557240984,0.006830280408266373,3.0684893384276517,0.3227206472302461,0.15203304718028446,11.93202821758155,8.864728157464898,3.0684969403234907,11.932996749877931,88.77536939364505,89.27,0.4946306063549464,0.0,False,0.0,0.0,False,False,1082.5274977786567,2.81843650441105
3242.1240000000107,19.1,False,True,1.523486267225901,107.83619407848889,1.8222159066583503,-2.9922291380165595,319.1385334008318,0.0,211.35058620386104,0.0009091426643843019,3.0303303811520963,0.4079813300912821,0.15219531502091144,11.944763504343719,8.915716763884003,3.0303305175300257,11.945733070373537,88.91406102739028,89.27,0.3559389726097259,0.0,False,0.0,0.0,False,False,1083.1322682753196,3.523851926872779
3242.2230000000127,19.2,False,True,1.5358652376847666,108.14198623330223,1.8691182932994173,-2.9922291380165595,319.1385334008318,0.0,211.04512919111588,-0.0008473984192987113,2.987643778144162,0.5270176431018497,0.15148651256858525,11.889134474874764,8.90279406952774,2.987643898319812,11.890099525451662,89.14830955593597,89.27,0.12169044406402771,0.0,False,0.0,0.0,False,False,1083.7575391798582,4.236716368063869
3242.324000000008,19.3,False,True,1.5063601268876021,108.41975405669434,1.9219988381383635,-2.9922291380165595,319.1385334008318,0.0,210.76679357445664,-0.026530472962844456,2.813866460927612,0.5380127236426132,0.15233602815174643,11.95580711018368,9.143690286735517,2.813991529114634,11.956777572631836,89.11160760467207,89.27,0.15839239532791508,0.0,False,0.0,0.0,False,False,1084.4180518227988,4.954762668933233
3242.42300000001,19.4,False,True,1.517624332574408,108.70206096325785,1.9854157614737926,-2.9922291380165595,319.1385334008318,0.0,210.48479211167734,0.012470783929265771,2.859675690570739,0.7335876891438426,0.15232481338447584,11.954926940233737,9.096326425763928,2.859702882415067,11.955897331237795,88.88697039479247,89.27,0.3830296052075289,0.0,False,0.0,0.0,False,False,1085.1277797611285,5.682963273885333
3242.5250000000087,19.5,False,True,1.5244623485004465,108.99829645148311,2.067319370279338,-2.9922291380165595,319.1385334008318,0.0,210.18877155336534,0.0011915860445101262,2.922136318337879,0.8999291424061256,0.15289201573087413,11.999442751288141,9.078573957293472,2.9221365612897965,12.00041675567627,89.44027807463763,89.27,0.1702780746376387,0.0,False,0.0,0.0,False,False,1085.9001657815036,6.41788072971028
3242.6240000000107,19.6,False,True,1.530824002172827,109.28726606036112,2.155317370991251,-2.9922291380165595,319.1385334008318,0.0,209.9000057506209,0.12604148740309618,2.8572558592223434,0.8600308718321329,0.15311518109431824,12.016957465774158,9.15974161786008,2.860034528044582,12.017932891845703,90.05664780908062,89.27,0.7866478090806196,0.0,False,0.0,0.0,False,False,1086.7529478692982,7.155886252854004
3242.725000000006,19.7,False,True,1.5366771767609875,109.5651426973818,2.240127269698704,-2.9922291380165595,319.1385334008318,0.0,209.62232009819215,0.13652906458498887,2.8217105554421593,0.842214040093382,0.15393337309132168,12.081171728243474,9.259477529567729,2.8250116184133036,12.082152366638185,89.77782956674372,89.27,0.5078295667437228,0.0,False,0.0,0.0,False,False,1087.7022232057625,7.8994764099295764
3242.823000000004,19.8,False,True,1.5595745334134592,109.84455419368153,2.326934664543599,-2.9922291380165595,319.1385334008318,0.0,209.34347051920753,0.16293197293917386,2.7810088761860037,0.8924178156986031,0.15452952970684872,12.127959960739604,9.346954861241707,2.7857776647161185,12.128944396972656,89.50256099443632,89.27,0.23256099443632977,0.0,False,0.0,0.0,False,False,1088.763637145258,8.652150006609897
3242.923999999999,19.9,False,True,1.5788962585105155,110.12320969671104,2.4166234289534763,-2.9922291380165595,319.1385334008318,0.0,209.06530255049296,0.17508097312830467,2.8161698385886647,0.9014545828089806,0.15398253338208745,12.085029981350155,9.268884155616158,2.8216069724410695,12.086010932922363,89.34305200646057,89.27,0.07305200646057428,0.0,False,0.0,0.0,False,False,1089.9524388161167,9.409485336333098
3243.023000000001,20.0,False,True,1.6046684314989426,110.40361463634908,2.5116888492087592,-2.9922291380165595,319.1385334008318,0.0,208.78553057834213,0.18337971144118148,2.8073842181059985,0.9972698647093702,0.15521044712029516,12.181400485295105,9.374058591932227,2.8133670693030584,12.18238925933838,89.50726025754341,89.27,0.23726025754340838,0.0,False,0.0,0.0,False,False,1091.2843312759587,10.177455675577198
3243.123000000007,20.1,False,True,1.6306836386551782,110.68470999523178,2.6156177226518786,-2.9922291380165595,319.1385334008318,0.0,208.50507863108223,0.18568072761943716,2.752336838782552,1.0755385104741797,0.1546702792887149,12.139006427370301,9.386720812574739,2.7585930121583386,12.139991760253906,89.75398054710041,89.27,0.48398054710042426,0.0,False,0.0,0.0,False,False,1092.7748660443021,10.952103072863036
3243.224000000002,20.2,False,True,1.657633974043234,110.95110255676713,2.722089796096691,-2.9922291380165595,319.1385334008318,0.0,208.2393516807357,0.21208673797653793,2.6585925516819415,1.053718793074839,0.1544947068216943,12.125226951989296,9.466809584603206,2.6670386461924815,12.126211166381838,89.46889740988016,89.27,0.19889740988015825,0.0,False,0.0,0.0,False,False,1094.4413333160078,11.72945912406045
3243.323000000004,20.3,False,True,1.6775168218913894,111.21334072564994,2.828612017936715,-2.9922291380165595,319.1385334008318,0.0,207.9776244607616,0.23373452329044042,2.6347451983985124,1.0785543487915492,0.15509269813912585,12.172159177619164,9.537738198739607,2.645092453556553,12.173147201538084,89.11814536322173,89.27,0.15185463677826094,0.0,False,0.0,0.0,False,False,1096.300629362579,12.515214229065439
3243.423999999999,20.4,False,True,1.6881440715651772,111.50150113842089,2.935512359154493,-2.9922291380165595,319.1385334008318,0.0,207.68977601250006,0.2293573711792119,2.720641499230943,1.0503488091076592,0.15697374145465015,12.31978932998146,9.599420735984772,2.7302921036130607,12.320789337158205,88.78069364704253,89.27,0.48930635295746194,0.0,False,0.0,0.0,False,False,1098.3697952871144,13.303775127642483
3243.523000000001,20.5,False,True,1.7173105241275288,111.76559825228557,3.047173151741255,-2.9922291380165595,319.1385334008318,0.0,207.42640621664464,0.2451522493504521,2.697533053877554,1.1859684432231061,0.1564553713397367,12.279106024917107,9.581983496934471,2.70864988548235,12.280102729797363,88.64547234210117,89.27,0.6245276578988165,0.0,False,0.0,0.0,False,False,1100.66513595553,14.109791807183445
3243.623000000007,20.6,False,True,1.7487332166352738,112.02971093670932,3.1666994659083962,-2.9922291380165595,319.1385334008318,0.0,207.1630784346565,0.24733789359497554,2.6295585839957445,1.2032839167787721,0.15712541419553722,12.331693080236207,9.702553894443387,2.641165345122055,12.332694053649902,89.00540993396,89.27,0.26459006603999774,0.0,False,0.0,0.0,False,False,1103.2036000259864,14.916767039783887
3243.7230000000127,20.7,False,True,1.7639740543941023,112.2799311315126,3.285769277986392,-2.9922291380165595,319.1385334008318,0.0,206.91327362357376,0.2115269568184206,2.468080835859392,1.1867297992356285,0.15726810783240158,12.342892122372854,9.874960352677217,2.477128714014929,12.34389400482178,89.19060216751484,89.27,0.07939783248515309,0.0,False,0.0,0.0,False,False,1106.0034214278749,15.729109282462012
3243.823000000004,20.8,False,True,1.776388587875905,112.52433250906242,3.410788975862538,-2.9922291380165595,319.1385334008318,0.0,206.66922297516905,0.20080756857308343,2.390312285384127,1.3145220627486778,0.157120918568354,12.3313402493787,9.941123955786423,2.3987322696071196,12.332341194152832,88.90724777358709,89.27,0.36275222641290633,0.0,False,0.0,0.0,False,False,1109.0815044789686,16.557509078416626
3243.92300000001,20.9,False,True,1.7942677067278647,112.76048459726235,3.5523305244409698,-2.9922291380165595,319.1385334008318,0.0,206.43354761281716,0.18495877618341156,2.383214768570589,1.517822266084185,0.15761649463841412,12.370234606635801,9.987057266596011,2.390381221065007,12.371238708496094,89.27296646451211,89.27,0.0029664645121211405,0.0,False,0.0,0.0,False,False,1112.454636020885,17.398477343928803
3244.023000000001,21.0,False,True,1.813790316689568,112.99280827953044,3.707980182984232,-2.9922291380165595,319.1385334008318,0.0,206.20174055712081,0.15525178031876335,2.3346757391599073,1.595507675297297,0.15717705315642563,12.335745867112974,10.00107031326701,2.3398320286537677,12.33674716949463,89.83936276001667,89.27,0.5693627600166692,0.0,False,0.0,0.0,False,False,1116.1413976578792,18.239073192890146
3244.123000000007,21.1,False,True,1.8300348952736287,113.21869510908857,3.8667787783012635,-2.9922291380165595,319.1385334008318,0.0,205.9762948314792,0.1348634410142072,2.282886525932715,1.5815181219781294,0.15730141192458866,12.34550593150914,10.062644422020576,2.286866641937683,12.346508026123047,90.0626828830552,89.27,0.7926828830552027,0.0,False,0.0,0.0,False,False,1120.1616689272996,19.080367723101524
3244.224000000002,21.2,False,True,1.8442735733571938,113.44228152359486,4.027328150420328,-2.9922291380165595,319.1385334008318,0.0,205.75310397372098,0.1415297389328436,2.211875930809675,1.628553664607451,0.15654296316774716,12.285980505057015,10.074115761185846,2.2163992871993003,12.286977767944336,89.81597534421506,89.27,0.5459753442150642,0.0,False,0.0,0.0,False,False,1124.53420866411,19.934202516638415
3244.326000000001,21.3,False,True,1.8635720643060913,113.6554300129986,4.196748116168553,-2.9922291380165595,319.1385334008318,0.0,205.5404694536126,0.18460154407292895,2.2243652846344117,1.767774168236205,0.15640012372675796,12.274770019757424,10.050444301616354,2.2320122422515603,12.275766372680666,89.40384087547959,89.27,0.1338408754795938,0.0,False,0.0,0.0,False,False,1129.277051643733,20.802080391588355
3244.42300000001,21.4,False,True,1.882202116976211,113.87731626990923,4.377754149730083,-2.9922291380165595,319.1385334008318,0.0,205.319086638645,0.19459540559440033,2.2260711735817225,1.8525111904295297,0.15635099988702342,12.270914627441478,10.044916258840443,2.234560413533265,12.271910667419434,89.30152144878146,89.27,0.031521448781463506,0.0,False,0.0,0.0,False,False,1134.4092372909363,21.673439492231573
3244.523000000001,21.5,False,True,1.902288689501976,114.09728807092668,4.562978260572586,-2.9922291380165595,319.1385334008318,0.0,205.09965526836518,0.20037938252439713,2.2077375835873245,1.8497441577797555,0.15607255045956936,12.249061047005041,10.04142121377003,2.216812381534544,12.250055313110353,89.48706573262578,89.27,0.2170657326257808,0.0,False,0.0,0.0,False,False,1139.9506700929128,22.545135915153995
3244.623000000007,21.6,False,True,1.9221151409649468,114.31372443524883,4.749600271117251,-2.9922291380165595,319.1385334008318,0.0,204.8837552064095,0.17149881043487605,2.143949668549636,1.8897403932466856,0.15621638622874512,12.260349727251432,10.116411601956067,2.1507979968501627,12.26134490966797,89.80566569675739,89.27,0.5356656967573975,0.0,False,0.0,0.0,False,False,1145.9209078012984,23.42865758392227
3244.724000000002,21.7,False,True,1.9441312329759193,114.51222533013728,4.941844848291979,-2.9922291380165595,319.1385334008318,0.0,204.6858412503295,0.2688230297845732,1.826068229219354,1.9551511502478442,0.15550645379445127,12.204632013269643,10.379182379455251,1.8457494410420023,12.205622673034668,89.84340498556432,89.27,0.5734049855643206,0.0,False,0.0,0.0,False,False,1152.3396246658099,24.331605929741666
3244.823000000004,21.8,False,True,1.9700379006901045,114.68411385967443,5.139833194489694,-2.9922291380165595,319.1385334008318,0.0,204.51462970671568,0.27428944187575643,1.649339923959491,2.007042124015236,0.15582205897305748,12.22940169306353,10.580725001570956,1.6719918907372766,12.230394363403322,89.68549429560787,89.27,0.4154942956078702,0.0,False,0.0,0.0,False,False,1159.2270224165197,25.236605273716357
3244.923999999999,21.9,False,True,1.9926290515017036,114.84590191640444,5.338504241175255,-2.9922291380165595,319.1385334008318,0.0,204.35343914405172,0.2842167385326887,1.5641090078326487,1.9533072639823164,0.15573988619835435,12.222952517146453,10.659617781966986,1.5897220332012107,12.223944664001465,89.97484365307898,89.27,0.7048436530789889,0.0,False,0.0,0.0,False,False,1166.6035858333657,26.136258111284388
3245.024000000005,22.0,False,True,2.02979756732965,115.00258890723785,5.536797164715961,-2.9922291380165595,319.1385334008318,0.0,204.1977095525826,0.27651851569869557,1.5339062907982581,2.025383766994347,0.1550688834653985,12.170290127671292,10.637077189644884,1.558631129701534,12.171277999877931,89.61925721202388,89.27,0.3492572120238838,0.0,False,0.0,0.0,False,False,1174.4894728049571,27.053419358688387
3245.123000000007,22.1,False,True,2.058586822362112,115.15809327770884,5.74384482424823,-2.9922291380165595,319.1385334008318,0.0,204.04296286490396,0.27361044100491305,1.5714996695330279,2.1166990561635264,0.15499788900693473,12.164718260913421,10.59388262452717,1.5951407100219464,12.165705680847168,89.6472579022496,89.27,0.37725790224960776,0.0,False,0.0,0.0,False,False,1182.905096245643,27.978805929189853
3245.224000000002,22.2,False,True,2.0893628698920894,115.31316643305968,5.963038649200126,-2.9922291380165595,319.1385334008318,0.0,203.88870198439594,0.26093613069593685,1.5081781745184855,2.2676729905801136,0.15449853417997192,12.125527335016633,10.617882658886508,1.530584551861307,12.126511573791506,89.7949174462101,89.27,0.524917446210113,0.0,False,0.0,0.0,False,False,1191.8715087374812,28.923092054062543
3245.324000000008,22.3,False,True,2.1155300475387495,115.46359510172407,6.190781232925709,-2.9922291380165595,319.1385334008318,0.0,203.7389744134464,0.2592717586037075,1.490200725057868,2.2862456835946046,0.15555726653196544,12.208619955556383,10.718921004307575,1.5125872027002127,12.20961093902588,89.76873403734628,89.27,0.49873403734627775,0.0,False,0.0,0.0,False,False,1201.4101319198542,29.858987358959205
3245.42300000001,22.4,False,True,2.1357755528801965,115.60827659534894,6.423173502905265,-2.9922291380165595,319.1385334008318,0.0,203.59484734986708,0.272326887619905,1.4199726677093338,2.3597081893384395,0.15544752462731978,12.200007068245569,10.780667997032381,1.4458507221571342,12.200997352600098,89.66172517735329,89.27,0.3917251773532914,0.0,False,0.0,0.0,False,False,1211.542519393205,30.81181073246867
3245.523000000001,22.5,False,True,2.163474746099487,115.74945066528889,6.663431186436643,-2.9922291380165595,319.1385334008318,0.0,203.45441813474147,0.2763410370646695,1.4062172595236269,2.445775472238498,0.15493400249955797,12.159704248349177,10.754172310637498,1.4331124693296462,12.160691261291506,89.53261861661716,89.27,0.26261861661715624,0.0,False,0.0,0.0,False,False,1222.2904635065202,31.771904223589523
3245.6240000000107,22.6,False,True,2.1841954636705374,115.890655262975,6.9105246889472545,-2.9922291380165595,319.1385334008318,0.0,203.31378541357702,0.2870164384297727,1.390460613695693,2.490227885573386,0.15562946387445933,12.214286228408557,10.824623017675817,1.4197743321274388,12.215277671813965,89.56293695147541,89.27,0.29293695147541443,0.0,False,0.0,0.0,False,False,1233.6758313675653,32.735541738330035
3245.7230000000127,22.7,False,True,2.217040702547608,116.02764652873392,7.159306262138874,-2.9922291380165595,319.1385334008318,0.0,203.1776780511136,0.2851338099207573,1.332417727324903,2.4868273627655366,0.15545070801737926,12.20025691063656,10.868612893154463,1.3625851495042745,12.201247215270996,89.53558896446377,89.27,0.265588964463774,0.0,False,0.0,0.0,False,False,1245.7205650687097,33.70249040744626
3245.824000000008,22.8,False,True,2.2498523530508883,116.1585796960617,7.409313911169703,-2.9922291380165595,319.1385334008318,0.0,203.0476324027188,0.2818120716987913,1.3037198398286363,2.5167725445959817,0.15562776282633595,12.214152724840853,10.911162551174904,1.3338303732176628,12.215144157409668,89.48353510234898,89.27,0.21353510234898548,0.0,False,0.0,0.0,False,False,1258.4469995088639,34.68032205932546
3245.923999999999,22.9,False,True,2.26444768453128,116.28770823835514,7.662944894967209,-2.9922291380165595,319.1385334008318,0.0,202.91892450019142,0.2922016105846995,1.2661707043564958,2.548576964266616,0.1570470687791117,12.325544287346467,11.060199401380933,1.2994498966096835,12.326544761657715,89.64961118903864,89.27,0.3796111890386369,0.0,False,0.0,0.0,False,False,1271.8778061591777,35.66777224777455
3246.024000000005,23.0,False,True,2.2887311832400306,116.41561318427196,7.917959940466974,-2.9922291380165595,319.1385334008318,0.0,202.79169342713323,0.2918556760569278,1.2751780210096237,2.5476993092369473,0.15616245085289016,12.256116710558263,10.981777049047777,1.3081508784970741,12.257111549377443,89.9707867167012,89.27,0.7007867167012031,0.0,False,0.0,0.0,False,False,1286.0354373668742,36.65608347230266
3246.1240000000107,23.1,False,True,2.340551710553215,116.54699708058797,8.175128762097629,-2.9922291380165595,319.1385334008318,0.0,202.66171108567983,0.27478071800515713,1.2041527256889608,2.5981853634452103,0.1567039187712504,12.29861280335267,11.095088397367151,1.235106566160015,12.299611091613771,90.1020830195373,89.27,0.8320830195373119,0.0,False,0.0,0.0,False,False,1300.9430412434713,37.66343382237159
3246.224000000002,23.2,False,True,2.3632749371685615,116.66372551332594,8.43787060565996,-2.9922291380165595,319.1385334008318,0.0,202.5456226458171,0.2748291444137713,1.113605977729673,2.6538803530213326,0.15721877743682347,12.3390205189094,11.226030635079779,1.1470175814931811,12.340022087097168,90.06801026962499,89.27,0.7980102696250043,0.0,False,0.0,0.0,False,False,1316.6247373118583,38.682187204250006
3246.324000000008,23.3,False,True,2.386434334121003,116.77156001141631,8.702483747229136,-2.9922291380165595,319.1385334008318,0.0,202.4384398762718,0.27767605515835536,1.0796439040031747,2.6389779078591964,0.1579699116867344,12.397971880020393,11.318960982947104,1.1147802254523185,12.398978233337404,90.07257584310234,89.27,0.8025758431023432,0.0,False,0.0,0.0,False,False,1333.1037458822898,39.69518894951764
3246.423999999999,23.4,False,True,2.414771803948744,116.87468806558353,8.96895962513888,-2.9922291380165595,319.1385334008318,0.0,202.33610352329032,0.2788612185534979,1.0416223676377236,2.694081247931602,0.1581496881726885,12.412081299933014,11.37109966558119,1.0783045654991723,12.413088798522951,89.94720400525331,89.27,0.6772040052533183,0.0,False,0.0,0.0,False,False,1350.4036046710344,40.72741087605582
3246.524000000005,23.5,False,True,2.4429378724003814,116.97419585363001,9.244823323269097,-2.9922291380165595,319.1385334008318,0.0,202.23738629721774,0.2797013805890775,0.9736072922950675,2.8246426913153186,0.15807493925800956,12.40621477172928,11.433254426017376,1.0129876711557593,12.407221794128418,89.8560738318164,89.27,0.586073831816415,0.0,False,0.0,0.0,False,False,1368.549815877202,41.78256452709642
3246.623000000007,23.6,False,True,2.4767831127950193,117.07088624889899,9.5285550310618,-2.9922291380165595,319.1385334008318,0.0,202.14164370687587,0.39720342730367986,0.9602006130843695,2.8499914645387308,0.15926527198303425,12.499635800424857,11.541888017503426,1.0391129775098513,12.50065040588379,90.01867082591968,89.27,0.7486708259196966,0.0,False,0.0,0.0,False,False,1387.5671538080653,42.829876894214955
3246.7230000000127,23.7,False,True,2.5096706166426848,117.16694995595661,9.82013367838772,-2.9922291380165595,319.1385334008318,0.0,202.04650806222932,0.26054664964962954,0.9610735280682247,2.981581481979656,0.15943227845771923,12.512742989982776,11.552111991899608,0.995764471648367,12.513758659362795,90.3569715471062,89.27,1.0869715471062085,0.0,False,0.0,0.0,False,False,1407.479870454404,43.90275753187251
3246.824000000008,23.8,False,True,2.561629336836706,117.2576183491008,10.10616683697966,-2.9922291380165595,319.1385334008318,0.0,201.95729550101166,0.7786277542307987,0.8522943348155194,2.7390816898591748,0.1595013167108411,12.518161327637785,11.682284461519336,1.1544118904520715,12.519177436828613,90.62128093790643,89.27,1.3512809379064448,0.0,False,0.0,0.0,False,False,1428.3112951946875,44.941746187970125
3246.923999999999,23.9,False,True,2.6250750970293724,117.35898418557137,10.381653641101618,-2.9922291380165595,319.1385334008318,0.0,201.85772362825944,0.7716358752937313,0.8360631944506874,2.7420455652948457,0.15980851385158032,12.542271118368442,11.722185661309245,1.1377273791007276,12.543289184570314,90.05502337597405,89.27,0.7850233759740471,0.0,False,0.0,0.0,False,False,1450.0825025614276,46.00620290584146
3247.023000000001,24.0,False,True,2.6873761601549746,117.44141759167816,10.656436398723045,-2.9922291380165595,319.1385334008318,0.0,201.77706619453602,0.4743853872183088,0.8126049276851872,2.7536095871337003,0.16056855430345154,12.60192146601606,11.793492504155948,0.9409400959171169,12.602944374084474,89.4462718521367,89.27,0.1762718521367059,0.0,False,0.0,0.0,False,False,1472.8244981081866,47.080134606285654
3247.123000000007,24.1,False,True,2.662827809313195,117.5683207131619,10.935325068778829,-2.9922291380165595,319.1385334008318,0.0,201.6495234609545,0.4157893228418649,0.8810992791899198,2.732258472159991,0.16126168281235514,12.656320355468303,11.777971629901714,0.9742775275958554,12.657347679138185,89.26004899558687,89.27,0.009951004413117864,0.0,False,0.0,0.0,False,False,1496.5557132016027,48.15253494025288
3247.2230000000127,24.2,False,True,2.697469389655684,117.65778789744707,11.21368844967555,-2.9922291380165595,319.1385334008318,0.0,201.5610663742765,0.277042284007912,0.9082444065133285,2.835009145774446,0.16156610967472199,12.680212726102983,11.772534683077437,0.9495579651032732,12.681241989135744,89.58315820741782,89.27,0.31315820741782496,0.0,False,0.0,0.0,False,False,1521.3106093145284,49.26196951614805
3247.323000000004,24.3,False,True,2.7015021881777708,117.74676035988287,11.505990704967735,-2.9922291380165595,319.1385334008318,0.0,201.47224331155886,-0.19638631356617925,0.8712048422028001,3.0110359600692407,0.1616915984248527,12.690061475011982,11.824279762334509,0.8930652054770243,12.691091537475586,89.86151673072138,89.27,0.591516730721386,0.0,False,0.0,0.0,False,False,1547.1150121952437,50.405393725247976
3247.425000000003,24.4,False,True,2.6920297378237654,117.82847052457952,11.806312789567313,-2.9922291380165595,319.1385334008318,0.0,201.3902982127198,0.006937306486074851,0.7629984517300956,2.99540573192234,0.16261022516319817,12.76215816955738,12.00016949845036,0.7630299886398992,12.76319408416748,90.09906314457797,89.27,0.8290631445779745,0.0,False,0.0,0.0,False,False,1573.9960574182883,51.531294344432
3247.523000000001,24.5,False,True,2.8501574612553546,117.9169110507751,12.107193453771835,-2.9922291380165595,319.1385334008318,0.0,201.3064201220721,0.17793047822503363,0.7268364109996227,2.9993557859324103,0.1637753580753093,12.853601438257092,12.12677328862634,0.7482983518865999,12.854644775390625,90.23133885933811,89.27,0.9613388593381176,0.0,False,0.0,0.0,False,False,1601.9665800018909,52.63640348698401
3247.623000000007,24.6,False,True,2.9247509657162722,117.98357551099237,12.411311046214712,-2.9922291380165595,319.1385334008318,0.0,201.24196316178956,0.2231604669339074,0.6861203390643591,3.083822588116393,0.16372120399326703,12.849351256819505,12.163376150749166,0.7214996283297384,12.850394248962402,90.03846970980496,89.27,0.768469709804966,0.0,False,0.0,0.0,False,False,1631.068392186702,53.77775900002166
3247.724000000002,24.7,False,True,2.935734204744291,118.06460249243153,12.729661373150003,-2.9922291380165595,319.1385334008318,0.0,201.16129458807242,0.22264117060917038,0.7560024338631296,3.268233470760968,0.16414695203786228,12.882765292622306,12.126903933246412,0.788104543101483,12.88381099700928,89.80751914919725,89.27,0.5375191491972537,0.0,False,0.0,0.0,False,False,1661.3276810754091,54.943234442946455
3247.824000000008,24.8,False,True,2.967657459170712,118.14087850679803,13.054407426499488,-2.9922291380165595,319.1385334008318,0.0,201.08599533819464,0.4158239179192502,0.769517853466771,3.226687596228706,0.16507758331582134,12.955804140916937,12.188865706209622,0.8746812319455713,12.956855773925781,89.96002671175874,89.27,0.6900267117587463,0.0,False,0.0,0.0,False,False,1692.775378001113,56.08083681456171
3247.92300000001,24.9,False,True,2.99034605363781,118.21029727673253,13.379554907110919,-2.9922291380165595,319.1385334008318,0.0,201.01728104286354,0.4067691474312661,0.7552184001816956,3.2827101164816246,0.1653953148045818,12.980740700170456,12.227904842392231,0.8577971620814322,12.981794357299806,90.05767861939883,89.27,0.7876786193988322,0.0,False,0.0,0.0,False,False,1725.4275554489197,57.243984213065914
3248.027000000002,25.0,False,True,3.055890423873497,118.27991331148695,13.711507951824514,-2.9922291380165595,319.1385334008318,0.0,200.9496579107083,0.41663046416431415,0.6859364068874283,3.3613839016690217,0.16569446841776617,13.004219209745248,12.320838448950786,0.8025519908164251,13.005274772644043,90.01133280101682,89.27,0.7413328010168234,0.0,False,0.0,0.0,False,False,1759.3223839399088,58.42711457570444
3248.1240000000107,25.1,False,True,3.0787525447104094,118.34765232809298,14.056237273442706,-2.9922291380165595,319.1385334008318,0.0,200.882639221409,0.4197062149927889,0.6275426259669536,3.5284808533375895,0.16491139091416684,12.942760842352135,12.317853714002398,0.754958975249035,12.943811416625978,90.01948528687545,89.27,0.7494852868754509,0.0,False,0.0,0.0,False,False,1794.4896710349199,59.64003730169618
3248.2230000000127,25.2,False,True,3.149771678859713,118.41426967754741,14.412479801279394,-2.9922291380165595,319.1385334008318,0.0,200.8182118765356,0.4238148881909416,0.5997346218147491,3.5974819994152996,0.16522222100768386,12.967155758559533,12.370124321975208,0.7343709390053371,12.968208312988283,89.95752012808876,89.27,0.6875201280887593,0.0,False,0.0,0.0,False,False,1830.9577632462106,60.83790463277266
3248.323000000004,25.3,False,True,3.178133099386185,118.46478321794316,14.777061849447056,-2.9922291380165595,319.1385334008318,0.0,200.76859162380248,0.4303487299529687,0.5765572342419194,3.6987185912340665,0.16714162295839044,13.117796416373581,12.544000885068803,0.7194569297246534,13.118861198425293,90.0010151806261,89.27,0.7310151806261035,0.0,False,0.0,0.0,False,False,1868.7536187244073,62.051350277740255
3248.42300000001,25.4,False,True,3.1982862851010063,118.53178723976337,15.152423680581329,-2.9922291380165595,319.1385334008318,0.0,200.70223986427055,0.438709530637826,0.5835036834716775,3.7955313097262895,0.16616491757697519,13.04114152858796,12.460618814737169,0.7300291781137773,13.042200088500978,90.22913767590215,89.27,0.9591376759021574,0.0,False,0.0,0.0,False,False,1907.9082424420817,63.27294697747412
3248.523000000001,25.5,False,True,3.245015475651544,118.57692405380857,15.535366320189214,-2.9922291380165595,319.1385334008318,0.0,200.65857161915287,0.4361414099479746,0.5044284197177188,3.8726372962755042,0.16550237148326127,12.989142842563677,12.487647484981267,0.6668338324427776,12.99019718170166,90.04159961916376,89.27,0.771599619163773,0.0,False,0.0,0.0,False,False,1948.4490889820281,64.50592099058733
3248.623000000007,25.6,False,True,3.2805225115626855,118.62469513465031,15.924427576476575,-2.9922291380165595,319.1385334008318,0.0,200.61193072570157,0.4382842300725336,0.4334044199228972,3.9059434807410476,0.1657063271532549,13.005149920331537,12.57470014116459,0.6163866136922318,13.006205558776855,90.17255506506199,89.27,0.902555065061995,0.0,False,0.0,0.0,False,False,1990.408697390682,65.73907334597898
3248.7230000000127,25.7,False,True,3.344771252549059,118.65581808662506,16.31725478889906,-2.9922291380165595,319.1385334008318,0.0,200.58284252075825,0.4343777181583485,0.334371807621568,3.962142673500013,0.1650698313965162,12.955195746086966,12.623696907943145,0.5481683206502985,12.956247329711914,89.99523238610449,89.27,0.7252323861044986,0.0,False,0.0,0.0,False,False,2033.8150586378147,66.98960729929132
3248.823000000004,25.8,False,True,3.3802532638126896,118.69121301768863,16.715372281483113,-2.9922291380165595,319.1385334008318,0.0,200.54858957555416,0.43782153300275545,0.293434884573731,3.994741580428951,0.16589216666073447,13.019735185103336,12.729205195908309,0.5270595092071498,13.02079200744629,89.9611883089087,89.27,0.6911883089087126,0.0,False,0.0,0.0,False,False,2078.699595646508,68.23895450408921
3248.92300000001,25.9,False,True,3.404922816710424,118.71994475322325,17.119332585815574,-2.9922291380165595,319.1385334008318,0.0,200.5206578600599,0.44104600509134956,0.23621366376031178,4.078392273691507,0.16553865240966428,12.991990282943448,12.758751563530064,0.5003183721932549,12.993044853210451,89.90027846771949,89.27,0.6302784677194879,0.0,False,0.0,0.0,False,False,2125.092251710408,69.51284144438921
3249.024000000005,26.0,False,True,3.487070658278878,118.73997592487466,17.533538270937214,-2.9922291380165595,319.1385334008318,0.0,200.50327469718488,0.4365036139252859,0.1644093796660675,4.213225168091692,0.1657208346636786,13.00628851504468,12.844733669532319,0.4664395449487706,13.007344245910646,89.78411460171893,89.27,0.5141146017189384,0.0,False,0.0,0.0,False,False,2173.028653781534,70.81203442865716
3249.1240000000107,26.1,False,True,3.506193062885909,118.74413546979197,17.957943920179474,-2.9922291380165595,319.1385334008318,0.0,200.49973619245773,0.4451012328674376,0.11849928354090598,4.280954344741322,0.16390658178768455,12.863900284908642,12.748502544121076,0.46060524063434294,12.864944458007814,90.04587358130017,89.27,0.7758735813001771,0.0,False,0.0,0.0,False,False,2222.5396310584024,72.0997527368945
3249.224000000002,26.2,False,True,3.545310724913424,118.75725457159135,18.38817666841708,-2.9922291380165595,319.1385334008318,0.0,200.48789572615402,0.44854570714878284,0.04848346260049012,4.317975814242406,0.16356896018622424,12.837402687509885,12.792093913334378,0.45115839518658496,12.838444709777834,90.30000124473152,89.27,1.0300012447315239,0.0,False,0.0,0.0,False,False,2273.6554360493446,73.39524681027126
3249.324000000008,26.3,False,True,3.561597801467664,118.73503779000707,18.82090543220608,-2.9922291380165595,319.1385334008318,0.0,200.51063238788748,0.4493292270400142,0.027120428177277365,4.3564499735611415,0.16426827322009072,12.892286957790427,12.868324272494503,0.4501469447823627,12.893333435058594,90.2417547237928,89.27,0.9717547237928035,0.0,False,0.0,0.0,False,False,2326.404272465992,74.69097441867453
3249.423999999999,26.4,False,True,3.5931738657825756,118.7334094405012,19.258219048605792,-2.9922291380165595,319.1385334008318,0.0,200.5132944277709,0.45474265589174123,-0.056389065782341416,4.387414747721926,0.16280381658998289,12.77735182915915,12.837060942614025,0.4582255010661015,12.778388977050783,90.35326976266867,89.27,1.0832697626686765,0.0,False,0.0,0.0,False,False,2380.8187764928666,76.00614432377986
3249.524000000005,26.5,False,True,3.651481412780453,118.733919076068,19.70163961514697,-2.9922291380165595,319.1385334008318,0.0,200.51470851920092,0.4550119142844212,-0.0593948747384126,4.477614798192652,0.16181797415007632,12.699979836495569,12.762742875581594,0.45887208815307695,12.701010704040527,90.36843638284074,89.27,1.098436382840753,0.0,False,0.0,0.0,False,False,2436.932907096727,77.33555736802147
3249.6240000000107,26.6,False,True,3.701164346978414,118.71203088491386,20.152277079298997,-2.9922291380165595,319.1385334008318,0.0,200.53823682058302,0.45136093923071935,-0.06453964449831076,4.550831780081917,0.16084176693275432,12.62336404618335,12.69122931214648,0.4559518211118423,12.624388694763185,90.24308573686676,89.27,0.9730857368667619,0.0,False,0.0,0.0,False,False,2494.782137938053,78.66860724587305
3249.724000000002,26.7,False,True,3.729677594619445,118.71121169364733,20.610876897066888,-2.9922291380165595,319.1385334008318,0.0,200.54000926707238,0.4575824627052004,-0.14494674603808444,4.609390522910247,0.1614578501120124,12.671716177615455,12.820083396169416,0.4799909054996616,12.672744750976562,90.50160800232898,89.27,1.2316080023289897,0.0,False,0.0,0.0,False,False,2554.4007951322906,80.02387530112838
3249.823000000004,26.8,False,True,3.714193720433087,118.66349911531948,21.072310377025065,-2.9922291380165595,319.1385334008318,0.0,200.58717675697434,0.45710151628309853,-0.17816294991562492,4.637230345936255,0.16063926930400932,12.60747140004495,12.78907094337879,0.49059538614926385,12.608494758605957,90.49707530275374,89.27,1.2270753027537549,0.0,False,0.0,0.0,False,False,2615.8169401331734,81.36901350978839
3249.92300000001,26.9,False,True,3.791063345596614,118.66032055633936,21.540883925761324,-2.9922291380165595,319.1385334008318,0.0,200.59293826613109,0.46484947527929793,-0.2530846276463709,4.723554327061828,0.1603692036137348,12.586275801477917,12.842970235299784,0.5292795701879498,12.587297439575197,90.82872070691961,89.27,1.5587207069196196,0.0,False,0.0,0.0,False,False,2679.063264041004,82.75163097946997
3250.023000000001,27.0,False,True,3.828532075278706,118.59754824195687,22.01635696243342,-2.9922291380165595,319.1385334008318,0.0,200.65694483874935,0.4560216216640744,-0.3260282322787864,4.815725118196402,0.1594538574681987,12.514436578098808,12.843889168990264,0.5605801705982495,12.515452384948732,90.4074164970239,89.27,1.1374164970239102,0.0,False,0.0,0.0,False,False,2744.1849560189526,84.14110629540184
3250.1240000000107,27.1,False,True,3.8859464783983557,118.6029864232159,22.504096042013284,-2.9922291380165595,319.1385334008318,0.0,200.65346969694255,0.4665925769881023,-0.3574026468817638,4.9050195510717485,0.15784944102856768,12.388516966636125,12.749658392218286,0.5877459356716037,12.389522552490236,90.67308880620413,89.27,1.4030888062041367,0.0,False,0.0,0.0,False,False,2811.2186990247938,85.54366414683885
3250.224000000002,27.2,False,True,3.875194443076876,118.50899692244695,22.99475930870014,-2.9922291380165595,319.1385334008318,0.0,200.7470358789233,0.4540747094471227,-0.42907745884742504,4.948110837648229,0.15744103152448718,12.356463713627004,12.788981766032693,0.6247329889244305,12.357466697692871,90.24233142994078,89.27,0.9723314299407755,0.0,False,0.0,0.0,False,False,2880.186886168937,86.93710435024249
3250.324000000008,27.3,False,True,3.99536113952103,118.506667787354,23.493654908394866,-2.9922291380165595,319.1385334008318,0.0,200.75351034896343,0.4724426192724036,-0.44701076509428,5.006773697905844,0.1555661848842695,12.209319895689923,12.660296855515547,0.6504003787015679,12.210310935974123,90.49680248295165,89.27,1.2268024829516573,0.0,False,0.0,0.0,False,False,2951.1290324500196,88.34935770464202
3250.423999999999,27.4,False,True,4.007486573879719,118.39724010539749,23.99548660541437,-2.9922291380165595,319.1385334008318,0.0,200.86329394384367,0.4650521758277555,-0.5003725920679876,5.080388142877241,0.15608685141414952,12.250183430570676,12.75429882267689,0.6831151126530333,12.251177787780762,90.30071323277305,89.27,1.030713232773049,0.0,False,0.0,0.0,False,False,3024.078416367208,89.76812637258107
3250.523000000001,27.5,False,True,4.113864592482847,118.416611883213,24.509645344405904,-2.9922291380165595,319.1385334008318,0.0,200.84766950560262,0.48344755837550696,-0.49886735519560543,5.152212500302695,0.15505961275312605,12.169562533227298,12.67268536975162,0.6946871092650976,12.170550346374512,90.40754085163509,89.27,1.1375408516350904,0.0,False,0.0,0.0,False,False,3099.0797934806133,91.2064814591578
3250.623000000007,27.6,False,True,1.4806837522262657,128.03760461757207,2.487212611772943,-1.428081848818248,413.8341313902291,0.0,285.81132873389726,-0.12334452243591221,1.7442880659508908,0.05314525970036765,-0.8811127051875925,12.056086629925034,10.339603582476942,1.748643682467541,12.088241577148438,93.99811836258013,94.18,0.18188163741987098,0.0,False,0.0,0.0,False,False,1540.9435734022336,0.7438174848535377
3250.7230000000127,27.7,False,True,1.468072395960518,128.2107812413935,2.495727854776715,-1.428081848818248,413.8341313902291,0.0,285.6380329361864,-0.12888260287904182,1.71924441047747,0.11715960037508104,-0.8740061435858302,11.958848987331393,10.266679647346713,1.7240684639198351,11.990744590759276,93.99544761053728,94.18,0.1845523894627102,0.0,False,0.0,0.0,False,False,1541.556566782886,1.4291439407580544
3250.823000000004,27.8,False,True,1.4366507300213545,128.3704493269347,2.508714342985289,-1.428081848818248,413.8341313902291,0.0,285.4780560216177,-0.13058294292876005,1.6790963484419208,0.14671298913938116,-0.8684049637888447,11.88220917897922,10.229755264283742,1.6841663968666896,11.913900375366211,94.01588183650328,94.18,0.16411816349673236,0.0,False,0.0,0.0,False,False,1542.1304669725066,2.122311515685828
3250.923999999999,27.9,False,True,1.4618584518950135,128.55592911865236,2.5249751510829013,-1.428081848818248,413.8341313902291,0.0,285.292839808931,-0.11516352584993866,1.6479918078970746,0.17139510965084565,-0.8637764152355073,11.81887768687689,10.19839893421439,1.652010785855243,11.8503999710083,94.09386928446357,94.18,0.08613071553641931,0.0,False,0.0,0.0,False,False,1542.701645939281,2.8226861485518646
3251.024000000005,28.0,False,True,1.4532860382200783,128.72096950240376,2.546768926399692,-1.428081848818248,413.8341313902291,0.0,285.12772114014757,-0.10943115608677956,1.6178667251396042,0.26371327866492317,-0.8590045300880873,11.753584949198004,10.163397274559392,1.6215634178891791,11.784933090209961,94.1211020091998,94.18,0.058897990800171926,0.0,False,0.0,0.0,False,False,1543.2778081738147,3.531420479863862
3251.1240000000107,28.1,False,True,1.4233109141402058,128.87287828014166,2.5795937568822525,-1.428081848818248,413.8341313902291,0.0,284.9755186235477,-0.11362202633247588,1.5669055713285722,0.3955959937234533,-0.849374980279621,11.621825770134377,10.081803043781152,1.5710197434559559,11.652822494506836,94.08438196203912,94.18,0.09561803796088202,0.0,False,0.0,0.0,False,False,1543.8709229022477,4.248647347972864
3251.224000000002,28.2,False,True,1.4191998634560103,129.0293342115162,2.6244407192279238,-1.428081848818248,413.8341313902291,0.0,284.8190294014023,-0.1013641021955275,1.5090395731390551,0.500565952366128,-0.8430740092640961,11.535610860317998,10.053967642832598,1.5124401193150117,11.56637763977051,94.23261254075202,94.18,-0.05261254075199814,0.0,False,0.0,0.0,False,False,1544.49503926863,4.973218588555153
3251.324000000008,28.3,False,True,1.4140718971534314,129.17803793742837,2.6756021010064135,-1.428081848818248,413.8341313902291,0.0,284.67028186610094,-0.0920948871883707,1.4230971544394904,0.5218648434407401,-0.8366677949879308,11.447955928288764,10.052471449879967,1.4260739739648898,11.478488922119139,94.37967425680833,94.18,-0.19967425680833709,0.0,False,0.0,0.0,False,False,1545.1659566445649,5.703428305660076
3251.423999999999,28.4,False,True,1.410356757108964,129.31874052738007,2.728321717093172,-1.428081848818248,413.8341313902291,0.0,284.5295492063335,-0.08111120324921989,1.3441897502950604,0.5315109107870407,-0.8294735770112226,11.349518901276095,10.033277513451603,1.3466347359588022,11.37978935241699,94.48905312895276,94.18,-0.30905312895274184,0.0,False,0.0,0.0,False,False,1545.8996916918945,6.440627033879579
3251.523000000001,28.5,False,True,1.4106299109110843,129.45148822128954,2.782748335871827,-1.428081848818248,413.8341313902291,0.0,284.3968108474623,-0.0630590308778215,1.2555397907123846,0.5556786315333485,-0.821387432827593,11.238877828680112,10.012097699560117,1.2571223518167787,11.268853187561033,94.56568999335227,94.18,-0.3856899933522663,0.0,False,0.0,0.0,False,False,1546.7115432345558,7.185707434790201
3251.623000000007,28.6,False,True,1.4099604703421216,129.5746332000929,2.8421105507740565,-1.428081848818248,413.8341313902291,0.0,284.27366532183987,-0.04780870478810813,1.1877053290376272,0.6308545955538142,-0.8089347360281122,11.068490101313536,9.910056536239875,1.1886671615207913,11.098011016845703,94.5939435963577,94.18,-0.41394359635773625,0.0,False,0.0,0.0,False,False,1547.6164725408546,7.940036796849144
3251.7230000000127,28.7,False,True,1.4081458393840398,129.69100298324878,2.9080487820297782,-1.428081848818248,413.8341313902291,0.0,284.15728322252284,-0.03855366126840727,1.1341143811453689,0.6874800555295849,-0.8082854115250451,11.059605525692483,9.955293136208311,1.134769498320228,11.089102745056152,94.64733579812055,94.18,-0.46733579812054765,0.0,False,0.0,0.0,False,False,1548.6300436577426,8.701384461795683
3251.823000000004,28.8,False,True,1.4115693926140707,129.80080665338826,2.979792779489497,-1.428081848818248,413.8341313902291,0.0,284.0475192291541,-0.020417207847608303,1.05973545673474,0.7464575185305912,-0.800041541477219,10.946806322052266,9.917761057688276,1.0599321207686274,10.97600269317627,94.69386696776841,94.18,-0.5138669677684287,0.0,False,0.0,0.0,False,False,1549.7684756162541,9.470780377986427
3251.923999999999,28.9,False,True,1.4108051569267175,129.90335684697436,3.056039204458236,-1.428081848818248,413.8341313902291,0.0,283.9449665202114,-0.013807628173723102,0.994659697159808,0.7782491419728294,-0.7967353459933436,10.90156831908807,9.93779725364564,0.9947555296402352,10.930644035339355,94.76616523572558,94.18,-0.5861652357256043,0.0,False,0.0,0.0,False,False,1551.048270956223,10.246664095558753
3252.024000000005,29.0,False,True,1.4078979522133346,129.9992727838679,3.134394896227492,-1.428081848818248,413.8341313902291,0.0,283.8490263177327,-0.012578033880141053,0.9348036406252777,0.7893637543192149,-0.7894917040018962,10.802455033295125,9.898188665512555,0.9348882572064767,10.831266403198242,94.82822041267069,94.18,-0.6482204126707056,0.0,False,0.0,0.0,False,False,1552.486356906894,11.029169896479111
3252.1240000000107,29.1,False,True,1.404241905681518,130.0887325268533,3.215534548323937,-1.428081848818248,413.8341313902291,0.0,283.75953452525,-0.009212681870972109,0.8560633782015097,0.8339011785578763,-0.7824756488237493,10.706455771759039,9.880696631468686,0.8561129487427677,10.735011100769043,94.78992721056065,94.18,-0.6099272105606628,0.0,False,0.0,0.0,False,False,1554.0993473318701,11.821263951554684
3252.2230000000127,29.2,False,True,1.4065805133793736,130.17058395557382,3.301806948934794,-1.428081848818248,413.8341313902291,0.0,283.6777105341916,0.0046245998230518195,0.786726110892402,0.8912991002778786,-0.7716362881115917,10.55814299521026,9.802202247111063,0.7867397031314788,10.586302757263184,94.82268865969098,94.18,-0.6426886596910126,0.0,False,0.0,0.0,False,False,1555.903848407651,12.621956862833418
3252.324000000008,29.3,False,True,1.4118083799824965,130.24482563444425,3.3934146432842636,-1.428081848818248,413.8341313902291,0.0,283.6035248644834,0.021184947534593452,0.7139384964884182,0.9403561436745551,-0.7627508095461218,10.436564792214265,9.75417948151301,0.7142527415209455,10.464400291442871,94.86720306056914,94.18,-0.6872030605691263,0.0,False,0.0,0.0,False,False,1557.9170739573879,13.430267964221107
3252.423999999999,29.4,False,True,1.4166648735867278,130.31145804308244,3.48996605627342,-1.428081848818248,413.8341313902291,0.0,283.5369444813629,0.034303236208792276,0.6360553780486674,0.9903123340824157,-0.7594124293662912,10.390886412575991,9.787068665844576,0.6369797139305375,10.418600082397461,94.84739514018605,94.18,-0.6673951401860404,0.0,False,0.0,0.0,False,False,1560.1565526234594,14.246764045762735
3252.523000000001,29.5,False,True,1.4182225048306378,130.37309968926687,3.592077391306559,-1.428081848818248,413.8341313902291,0.0,283.47532157393795,0.035447586918850416,0.5884367833898362,1.0523359902262956,-0.7584644753733217,10.377915750147524,9.82161874658369,0.5895035025040534,10.405594825744629,94.82967901132301,94.18,-0.6496790113230171,0.0,False,0.0,0.0,False,False,1562.6399238684926,15.071621020891882
3252.629000000001,29.6,False,True,1.4206201328490686,130.42748375629557,3.700159312200036,-1.428081848818248,413.8341313902291,0.0,283.42096433765255,0.04139934171077296,0.48997396856138087,1.1097809584712826,-0.7468485806686833,10.218977816306936,9.760883702646156,0.49171983421647164,10.246232986450195,94.8378260813802,94.18,-0.6578260813802306,0.0,False,0.0,0.0,False,False,1565.3851006386699,15.905269030752532
3252.724000000002,29.7,False,True,1.4266103007211803,130.47120068965114,3.8129293339940733,-1.428081848818248,413.8341313902291,0.0,283.377309893522,0.0549468446341939,0.39032159025622104,1.1450751266461119,-0.731187771767602,10.004694141023942,9.646458789631614,0.39417014036504533,10.031377792358398,94.90811523056063,94.18,-0.7281152305606045,0.0,False,0.0,0.0,False,False,1568.4104836708893,16.74572623494035
3252.824000000008,29.8,False,True,1.4335846975120448,130.5043395337688,3.9295285451577806,-1.428081848818248,413.8341313902291,0.0,283.34424308400463,0.06896074943132424,0.2768570570586014,1.1864669936070091,-0.7226264341032993,9.887551092307037,9.643238569500193,0.2853163419877655,9.913922309875488,94.94149543955943,94.18,-0.7614954395594624,0.0,False,0.0,0.0,False,False,1571.7346346908257,17.59524066109222
3252.923999999999,29.9,False,True,1.4411140064266081,130.5262816818034,4.049995289790851,-1.428081848818248,413.8341313902291,0.0,283.3223782041716,0.08021256425550592,0.16433564767529585,1.2225961950559519,-0.711616000957564,9.736897566309224,9.605255549061038,0.1828667836467373,9.762866973876953,94.97574479148746,94.18,-0.7957447914874616,0.0,False,0.0,0.0,False,False,1575.3762525701873,18.452720782293085
3253.023000000001,30.0,True,False,0.7944066910816645,135.32276939026337,2.988317266497666,-1.428081848818248,413.8341313902291,0.0,278.5202294598831,-0.4246719753436931,4.825782211251512,0.31065197321468824,-0.7052040865840588,9.64916464100294,4.8315335380261795,4.844431879702081,9.67490005493164,95.03913634939097,94.18,-0.859136349390996,5.309437274932861,True,5.182237437134182,3.684761562468928,True,False,1557.2788774336382,0.590053204814697
3253.123000000007,30.1,True,False,0.7465583512245931,135.89372761588274,3.036679770898722,-1.428081848818248,413.8341313902291,0.0,277.9489109715063,-0.4257297827125383,4.7491839823273665,0.2535126207804927,-0.7013522805633486,9.596461159604996,4.855106980765521,4.768227589564416,9.622056007385254,95.12249103541772,94.18,-0.9424910354177358,4.802188873291016,True,0.061935513157656,0.0026348613121964432,True,False,1556.9140671221144,0.5019984977727862
3253.224000000002,30.2,True,False,0.7172394119672334,136.35724495953164,3.0705579036658013,-1.428081848818248,413.8341313902291,0.0,277.4851796161124,-0.4198228585582424,4.554373258728752,0.17796794784317896,-0.6871872606203016,9.402644061585017,4.855637290955588,4.573681997296223,9.427721977233887,95.26848187696223,94.18,-1.088481876962238,4.485645294189453,True,-0.17582424301444632,0.025136715179793056,True,False,1556.8602526735317,0.452202660344042
3253.324000000008,30.3,True,False,0.6733365116260365,136.77323445712454,3.0897510667263304,-1.428081848818248,413.8341313902291,0.0,277.06886611184234,-0.40471597534942166,4.323742852618295,0.32513109630279946,-0.673538238513275,9.215887257413138,4.899524700064082,4.342642890714228,9.240467071533203,95.3488347805196,94.18,-1.1688347805196184,4.261367321014404,True,-0.17167581022034906,0.025061867343947133,True,False,1556.8125079549764,0.4297050162114193
3253.42300000001,30.4,True,False,0.6328800431303805,137.2026305005461,3.129893376802688,-1.428081848818248,413.8341313902291,0.0,276.63917807931466,-0.38698741017525073,4.105101924802964,0.30482777235912206,-0.6582553738711783,9.006774916853585,4.909173497558038,4.123302204381235,9.030797004699707,95.38451906106565,94.18,-1.20451906106564,4.019450664520264,True,-0.20905184055587078,0.037597804162174425,True,False,1556.756218686163,0.4242830606988063
3253.524000000005,30.5,True,False,0.5935921120597976,137.5888190134606,3.1744375459468537,-1.428081848818248,413.8341313902291,0.0,276.25270998805155,-0.3742862588048076,4.007310385568326,0.47946820241959326,-0.6482842353026144,8.870341847992094,4.870744285594179,4.024751760023699,8.894000053405762,95.33680853968974,94.18,-1.1568085396897274,4.135522842407227,True,0.1486872300236013,0.019123114589333107,True,False,1556.690109723177,0.41020018804929453
3253.623000000007,30.6,True,False,0.5587485354993553,137.98126331078564,3.225890106967785,-1.428081848818248,413.8341313902291,0.0,275.8600230599405,-0.372672812429853,3.883984489841791,0.43605879286688837,-0.630922016858971,8.632778130647125,4.75581051920085,3.9018227205315177,8.655802726745605,95.4818745185625,94.18,-1.3018745185625216,3.948784828186035,True,0.0409587101646407,0.0014509163867044955,True,False,1556.617613688159,0.40932779045142414
3253.7230000000127,30.7,True,False,0.5261597064320587,138.3260575734963,3.2723113781047353,-1.428081848818248,413.8341313902291,0.0,275.5150046699137,-0.3912362400660098,3.94225678879629,0.40156799981612723,-0.6199227058543867,8.482276786653312,4.545775960226862,3.9616226958597944,8.504899978637695,95.6696775913962,94.18,-1.4896775913961837,4.205232620239258,True,0.40349369201268503,0.14078809630466702,True,False,1556.5404786805216,0.4078784060825432
3253.824000000008,30.8,True,False,0.48707501939792297,138.71864704451343,3.321488066375262,-1.428081848818248,413.8341313902291,0.0,275.1221502398664,-0.3811380482884089,3.770920383419317,0.3926592907598133,-0.6045364052995864,8.271749153456556,4.50636954133926,3.790132814287698,8.293810844421387,95.77135702774024,94.18,-1.5913570277402378,3.780212640762329,True,-0.05459196517506326,0.002576541527849016,True,False,1556.462249604042,0.4187655125784074
3253.92300000001,30.9,True,False,0.4521290580628488,139.0983332198125,3.377898232388967,-1.428081848818248,413.8341313902291,0.0,274.7422318999943,-0.36200648909559957,3.478938121235781,0.3720721929829655,-0.5935729632002138,8.121738596425645,4.648571746714519,3.497721994317854,8.143400192260742,95.94160103160452,94.18,-1.7616010316045227,3.4309215545654297,True,-0.1565089089841436,0.02116149286103078,True,False,1556.3847761615707,0.41117663355537437
3254.023000000001,31.0,True,False,0.4386431925493454,139.52335711480248,3.4279858787430753,-1.428081848818248,413.8341313902291,0.0,274.31712587070484,-0.31496060758331046,2.93078652677733,0.3279530477500977,-0.578449075663193,7.914801507385775,4.990975004920429,2.947661759745981,7.935911178588866,96.14529808829164,94.18,-1.965298088291651,2.505476713180542,True,-0.8332180435800187,0.5993474030148819,True,False,1556.3085131021178,0.40272376589703385
3254.123000000007,31.1,True,False,0.42651470895905075,139.73588188291808,3.4531283844925444,-1.428081848818248,413.8341313902291,0.0,274.10452369737396,-0.33067691843119823,3.0017988132768685,0.3368346462019191,-0.562981201154389,7.703157714303428,4.70709472987672,3.0199575062860684,7.723702907562257,96.30361048787786,94.18,-2.123610487877898,3.421999931335449,True,0.6941040487892494,0.41572682469604844,True,False,1556.23914432669,0.3708481007656339
3254.2230000000127,31.2,True,False,0.4059195366544368,139.95437911328725,3.503835801598038,-1.428081848818248,413.8341313902291,0.0,273.8858927881481,-0.3565450815298266,3.1657752775486765,0.3648985163280167,-0.5530237914788082,7.566912495103124,4.4055207060239905,3.1857899339255735,7.587094306945801,96.43244566717263,94.18,-2.2524456671726263,3.613408088684082,True,0.7378518292883096,0.4689964264858041,True,False,1556.1670699811837,0.38451608633621753
3254.324000000008,31.3,True,False,0.4227877391197417,140.17758569701422,3.5262909748921807,-1.428081848818248,413.8341313902291,0.0,273.6628047780227,-0.36915000860028563,3.336042118662959,0.3904048308078963,-0.5396496947983559,7.383917439842631,4.05146452024562,3.356404139304866,7.403611183166503,96.33267296127713,94.18,-2.1526729612771063,3.844905138015747,True,0.8454351800158699,0.6154363022687981,True,False,1556.094101902388,0.3988425940335974
3254.423999999999,31.4,True,False,0.43011411979898556,140.44773535445134,3.5616374961265587,-1.428081848818248,413.8341313902291,0.0,273.39271100321776,-0.3839472059389696,3.481727802313456,0.4166556327163034,-0.5275094606518338,7.2178050756509435,3.738834512696051,3.502833702354542,7.237055778503418,96.30839566187338,94.18,-2.128395661873388,3.861422061920166,True,0.606569503807803,0.31646640432572554,True,False,1556.0289080035714,0.42424815237554564
3254.523000000001,31.5,True,False,0.42557956053244306,140.7363705521038,3.6150988994543622,-1.428081848818248,413.8341313902291,0.0,273.10405166423,-0.39073589652227686,3.58184903995282,0.43977077757802024,-0.5108496054218711,6.989851651858606,3.4101186351536623,3.603098262029778,7.0084943771362305,96.23937578649743,94.18,-2.0593757864974553,3.9384288787841797,True,0.5615845421450167,0.2707953085136964,True,False,1555.9668493515333,0.4418431080928272
3254.6240000000107,31.6,True,False,0.4572304223212351,141.03124548161344,3.652767249963713,-1.428081848818248,413.8341313902291,0.0,272.8094004289971,-0.3951097189435754,3.6929474297357285,0.4765605743089969,-0.49822302089683385,6.817084653973234,3.1258384073566776,3.714023749088769,6.835266590118409,96.1338581184865,94.18,-1.9538581184865205,4.083516597747803,True,0.6174678014909523,0.3271282763402516,True,False,1555.9074550228456,0.4581451121384699
3254.7230000000127,31.7,True,False,0.4895676262157468,141.3708927452807,3.70719025528785,-1.428081848818248,413.8341313902291,0.0,272.4699869571018,-0.3929536152342415,3.7507616121289047,0.4872191457364981,-0.48327510648683536,6.612555369577909,2.8632187275784893,3.7712895957146384,6.630191802978516,96.00757199189539,94.18,-1.8275719918953925,3.972989082336426,True,0.31073096375518583,0.0827154757231026,True,False,1555.8548633054193,0.48607742722445596
3254.823000000004,31.8,True,False,0.5352510087598099,141.7252696461565,3.771497264710664,-1.428081848818248,413.8341313902291,0.0,272.11594461840065,-0.38241607778476894,3.7275666476174125,0.5167690586853997,-0.47219237942361914,6.460912660554093,2.7348199594804767,3.74713159216193,6.478144645690917,95.89261994064722,94.18,-1.71261994064721,3.886176347732544,True,0.1892702439862166,0.03063318524208672,True,False,1555.8087825312637,0.49924191944580965
3254.92300000001,31.9,True,False,0.6036327111707221,142.09743789956823,3.8362707335763444,-1.428081848818248,413.8341313902291,0.0,271.74428872248745,-0.35021714693378325,3.560976639713815,0.5156902882485838,-0.4586639630346978,6.275806079988094,2.716994589928802,3.578156882892914,6.292544364929199,95.66650426134123,94.18,-1.4865042613412187,3.5843300819396973,True,-0.056347294880292775,0.0027112583637093255,True,False,1555.7688524644936,0.50262478648587
3255.023000000001,32.0,True,False,0.6837840037221692,142.48373554712467,3.911403927359532,-1.428081848818248,413.8341313902291,0.0,271.35861383340796,-0.2977473618872194,3.2393351371756447,0.5025165206322353,-0.44754477620252126,6.123664499332413,2.8882166010767305,3.252990258585407,6.1399970054626465,95.31718923183175,94.18,-1.1371892318317347,3.0487725734710693,True,-0.44486552166417415,0.16875016575191598,True,False,1555.7381854282298,0.4946695050878693
3255.1240000000107,32.1,True,False,0.7591682424439046,142.78598818768617,3.9700512120047233,-1.428081848818248,413.8341313902291,0.0,271.05696817552575,-0.29668112838470706,3.1967883924928326,0.5268883839766013,-0.4328252480097186,5.922260177275486,2.7288700355558917,3.2105257697636587,5.938055515289307,95.38775050433702,94.18,-1.2077505043370291,3.375394821166992,True,0.22361837297140053,0.04260379850086968,True,False,1555.7168417599546,0.464282759332427
3255.224000000002,32.2,True,False,0.8522608300577776,143.0661075369237,4.023604388522261,-1.428081848818248,413.8341313902291,0.0,270.77762592976046,-0.3000570913886907,3.323338517703049,0.5670681315463698,-0.4169327857624782,5.7048068361904205,2.384334557039851,3.336856778667814,5.720022201538087,95.24878555511742,94.18,-1.0687855551174135,3.6682138442993164,True,0.520857954330237,0.23077922746993404,True,False,1555.6928895005922,0.4714166573615711
3255.324000000008,32.3,True,False,0.9642197542509265,143.38028188536157,4.090955024274299,-1.428081848818248,413.8341313902291,0.0,270.46442985901416,-0.2720183894598226,3.280496057097381,0.5971813254860726,-0.40386764130918384,5.526039111659804,2.249410552813064,3.2917546058045972,5.540777683258057,94.8205877502307,94.18,-0.6405877502307307,3.44895076751709,True,0.19036770566295758,0.030779447181836166,True,False,1555.670798455425,0.4906840925055792
3255.423999999999,32.4,True,False,1.0595535122002047,143.68353835283114,4.167443875611487,-1.428081848818248,413.8341313902291,0.0,270.16204627620664,-0.27006623169780175,3.3235392014479417,0.6358497241167479,-0.3909183061506234,5.348855982245842,2.028919240995344,3.3344937536400745,5.36312198638916,94.73418646704077,94.18,-0.55418646704077,3.5686285495758057,True,0.3208589910610722,0.0872744904632028,True,False,1555.659285939676,0.4957842207340918
3255.523000000001,32.5,True,False,1.1776179384342091,143.98877253494288,4.2376698750080415,-1.428081848818248,413.8341313902291,0.0,269.85793923307034,-0.25562917275499697,3.3152797691240354,0.6632294166327787,-0.3777163246044816,5.168215943497258,1.8569538871354865,3.3251204822572253,5.182000160217285,94.5176050677654,94.18,-0.3376050677654067,3.5815868377685547,True,0.3523569452779105,0.10516172111882091,True,False,1555.6506628690422,0.5012545169011232
3255.623000000007,32.6,True,False,1.3103857387873636,144.30313854585702,4.32967343805499,-1.428081848818248,413.8341313902291,0.0,269.5449040668388,-0.23529434812526537,3.2122535746447456,0.663371342166539,-0.3677961741017564,5.0324805340103556,1.8250432645525088,3.2208595837256926,5.045902729034424,94.30199861635698,94.18,-0.12199861635699948,3.371060609817505,True,0.1528548367410023,0.019731486528219832,True,False,1555.6479245472665,0.5067059452050365
3255.7230000000127,32.7,True,False,1.4317505875988297,144.6030128070148,4.411713385066782,-1.428081848818248,413.8341313902291,0.0,269.2463070408454,-0.22976333239357338,3.1811133162283567,0.695711584105609,-0.3507905245520733,4.79979567659989,1.6232005929704838,3.189400119081639,4.812597274780273,94.2790502700181,94.18,-0.09905027001810371,3.4353628158569336,True,0.3166055338144238,0.08460044738268237,True,False,1555.6528273720737,0.49992566445982345
3255.823000000004,32.8,True,False,1.5546455304248974,144.89170431069707,4.488221498590609,-1.428081848818248,413.8341313902291,0.0,268.95896665857475,-0.2243138639921693,3.15306841917305,0.7085700443545716,-0.3385520679965121,4.632339355085373,1.4836754594887178,3.1610373559269327,4.6446943283081055,94.23353649484484,94.18,-0.05353649484482825,3.4886937141418457,True,0.46173619916301467,0.17986508907811163,True,False,1555.66013015396,0.4946063746543271
3255.92300000001,32.9,True,False,1.7301310417939622,145.19628485591974,4.585072524108529,-1.428081848818248,413.8341313902291,0.0,268.65641049350296,-0.1578261833402795,2.8651081516966177,0.6843283409056312,-0.3248058314244883,4.444252385084776,1.5879479565519146,2.8694518335504724,4.456105709075928,93.34590642091685,94.18,0.8340935790831586,2.8954474925994873,True,-0.10100920189816076,0.008593280455958655,True,False,1555.6696194130045,0.4958656828314
3256.024000000005,33.0,True,False,1.8638845823883656,145.48549181650515,4.716306497003117,-1.428081848818248,413.8341313902291,0.0,268.3688309100977,-0.1195790402656215,2.5119816782194317,0.6366432832151576,-0.3143392014676508,4.301039607945063,1.799627682690395,2.5148262561419545,4.312510967254639,92.89860170965866,94.18,1.281398290341339,2.403090000152588,True,-0.3555478986235654,0.10610626850947456,True,False,1555.6895998483947,0.467518972173799
3256.123000000007,33.1,True,False,2.0036081328962534,145.7437642329677,4.835083155827141,-1.428081848818248,413.8341313902291,0.0,268.1123299265549,-0.08626520922537304,2.0646246687240217,0.5653481609352242,-0.29697680924055203,4.063473512756281,2.009924396506012,2.0664260715124736,4.074311256408691,92.64632824425485,94.18,1.5336717557451274,1.8925524950027466,True,-0.46407445385873647,0.1810641091284966,True,False,1555.7098366732603,0.4264278617728113
3256.224000000002,33.2,True,False,2.128430061669465,145.96107940727723,4.956130798512969,-1.428081848818248,413.8341313902291,0.0,267.89666059066633,-0.05194421276088783,1.498667964013584,0.44947819881554324,-0.28482845940665885,3.897250103258549,2.4098612721567028,1.4995678936280177,3.9076445102691646,92.27921886489696,94.18,1.9007811351030348,1.2037930488586426,True,-0.6709467144299381,0.37901994343723666,True,False,1555.7284996722556,0.381404722833113
3256.324000000008,33.3,True,False,2.1604186225204027,146.11060661421075,5.05725514353174,-1.428081848818248,413.8341313902291,0.0,267.7475733860685,-0.053057030733505685,1.2897437581787183,0.4047494734078296,-0.27038811433508986,3.6996657872864156,2.4197018383011573,1.290834617707172,3.709533214569092,92.72431744275848,94.18,1.4556825572415113,1.3930672407150269,True,0.0747635760421439,0.004708138419659597,True,False,1555.740570590943,0.34090575294646275
3256.42300000001,33.4,True,False,2.277816987884465,146.22872258587685,5.161834426261462,-1.428081848818248,413.8341313902291,0.0,267.631067904181,-0.03403659600417654,0.9893651700789459,0.324682280839371,-0.2550388991696897,3.489645585959248,2.5100287201621896,0.9899504682724752,3.498952865600586,92.36487916014198,94.18,1.8151208398580125,0.9454221725463867,True,-0.17922434929192543,0.02698100817713791,True,False,1555.7379185876503,0.33277848995295944
3256.5290000000095,33.5,True,False,2.379831046208647,146.3206670645136,5.256299169634605,-1.428081848818248,413.8341313902291,0.0,267.5405647675918,-0.0289026075505556,0.7708189922972116,0.26271309706870727,-0.24490494288168357,3.350984715229818,2.5891914117470805,0.7713606676576854,3.359922170639038,92.97876529152842,94.18,1.2012347084715789,0.8394336700439453,True,0.04608517884148433,0.0017811440158765066,True,False,1555.735103029569,0.32028066394927746
3256.623000000007,33.6,True,False,2.4978496996067916,146.38567682070698,5.331491881372557,-1.428081848818248,413.8341313902291,0.0,267.4772678007398,-0.020615105849921565,0.5655308942432826,0.19919600820393515,-0.2285358621294352,3.127009899704568,2.5699038379501244,0.5659065072366728,3.135349988937378,93.35133090883038,94.18,0.8286690911696111,0.6818457245826721,True,0.15302832862338622,0.01964153996079418,True,False,1555.7252384612111,0.3129370355595361
3256.7230000000127,33.7,True,False,2.575568899620278,146.4252677173652,5.388236356652129,-1.428081848818248,413.8341313902291,0.0,267.4388333621873,-0.017041562852502586,0.45712890209336104,0.16570327064576662,-0.21532008217692802,2.94618106015727,2.4969371271195615,0.45744644275973717,2.9540388584136963,94.26164145486109,94.18,-0.08164145486109443,0.8456998467445374,True,0.6696663820780776,0.3762535025361607,True,False,1555.7102462093067,0.3069874502928732
3256.823000000004,33.8,True,False,2.6855157617188974,146.44304639516324,5.437410092213562,-1.428081848818248,413.8341313902291,0.0,267.42272532479353,-0.016699194786889186,0.3798186442149816,0.14217594809619782,-0.20176314792296196,2.7606842754216383,2.38804728190449,0.38018556732185044,2.768047332763672,94.32356329879765,94.18,-0.14356329879765073,0.7896533608436584,True,0.7156711394364068,0.42954074122398755,True,False,1555.6839383018355,0.3058695911285209
3256.923999999999,33.9,True,False,2.776271070109951,146.45719052622673,5.489553796252183,-1.428081848818248,413.8341313902291,0.0,267.4099943705529,-0.020113222717625688,0.3878289677818464,0.14565179511307574,-0.19019851933769102,2.6024478055057383,2.2211406089052215,0.38835016412874257,2.609388828277588,94.46205945598113,94.18,-0.2820594559811196,0.8099591135978699,True,0.7371476168443065,0.45553198511128584,True,False,1555.6577155137734,0.305254792011769
3257.024000000005,34.0,True,False,2.890890557728982,146.46889543990034,5.5636055466651015,-1.428081848818248,413.8341313902291,0.0,267.40011764661494,-0.019055306258029443,0.3585323591932436,0.13854127626469792,-0.17861548708448444,2.443959521930094,2.0915223886886896,0.3590383785687268,2.4504778385162354,94.47960108808657,94.18,-0.2996010880865627,0.7113414406776428,True,0.6118902968197762,0.31259958633830504,True,False,1555.631366156106,0.3078491127925506
3257.1240000000107,34.1,True,False,3.0027983731060406,146.48113575475077,5.639349708558373,-1.428081848818248,413.8341313902291,0.0,267.3897099269251,-0.014003850923482657,0.3371773260613301,0.1355388675189998,-0.16722438127951342,2.288097329060983,1.956927538011244,0.3374680089290771,2.2941999435424805,94.77591115114082,94.18,-0.5959111511408265,0.7524515986442566,True,0.7313930190113616,0.4453715131332635,True,False,1555.6076399956269,0.309895085390991
3257.224000000002,34.2,True,False,3.127925672966239,146.48937372840987,5.6956530351355,-1.428081848818248,413.8341313902291,0.0,267.38357588639474,-0.010607850709987748,0.29351671167550997,0.11391369358577075,-0.1552509792502551,2.1242676949293027,1.8364560428495547,0.2937083358188695,2.1299333572387695,94.85756587107066,94.18,-0.6775658710706463,0.6821970343589783,True,0.6893836338048729,0.3964698880380696,True,False,1555.5832335670093,0.308754399036176
3257.324000000008,34.3,True,False,3.2327431710669097,146.5056498833176,5.757965482103161,-1.428081848818248,413.8341313902291,0.0,267.36910875166024,-0.01751496327359709,0.35749240967812806,0.13095077714780445,-0.14497023676657517,1.9835983784236377,1.6310933352604144,0.35792121607408245,1.98888885974884,95.14805480170229,94.18,-0.9680548017022977,0.7711750864982605,True,0.7319569916705094,0.44687559696499274,True,False,1555.5629377695423,0.30897127104102096
3257.423999999999,34.4,True,False,3.3374026010099502,146.52306107436405,5.831032241244045,-1.428081848818248,413.8341313902291,0.0,267.3535452457194,-0.019066709044140862,0.32505347360389425,0.11679004357455552,-0.13509120342941724,1.8484255667827751,1.5277840873544808,0.32561219279340803,1.8533555269241333,94.91498991310921,94.18,-0.7349899131092218,0.5724501013755798,True,0.42518219311908695,0.15073995787144215,True,False,1555.545506046487,0.308387095575655
3257.524000000005,34.5,True,False,3.4034033099627017,146.54822795619526,5.902003118922435,-1.428081848818248,413.8341313902291,0.0,267.32956705794294,-0.019201919190269444,0.317110939762413,0.11241433565625371,-0.1234611888190208,1.6892944331324193,1.3761386321082025,0.3176917717184226,1.6937999725341797,95.26726786956266,94.18,-1.0872678695626736,0.5833529829978943,True,0.46147787756671854,0.17790834489783972,True,False,1555.5345167692485,0.30683952689487837
3257.6240000000107,34.6,True,False,3.4741847967357526,146.57263631800373,5.962890502861919,-1.428081848818248,413.8341313902291,0.0,267.3064514120549,-0.021088595672135935,0.3317058764071452,0.11446299966724313,-0.11438880614717888,1.5651588591160737,1.2369766326928893,0.3323755666568394,1.5693333148956299,95.56822394872071,94.18,-1.3882239487207213,0.6342329978942871,True,0.5283205912833215,0.23369786932093,True,False,1555.5237228520282,0.30614648241390086
3257.7230000000127,34.7,True,False,3.539757342268172,146.6027096820655,6.020389470434861,-1.428081848818248,413.8341313902291,0.0,267.27759385027935,-0.029930195425140017,0.401370828968195,0.13304326983115577,-0.10507892231590095,1.4377736048533645,1.0391236909125818,0.4024852282317987,1.4416083097457888,95.91621035235501,94.18,-1.736210352354997,0.7684133052825928,True,0.6429033775126135,0.34641675149847756,True,False,1555.5137589544065,0.3059520508915853
3257.824000000008,34.8,True,False,3.607050128303988,146.64241983976245,6.085348941082042,-1.428081848818248,413.8341313902291,0.0,267.2391499673931,-0.049565906721073444,0.5595426736367204,0.17765300837626136,-0.09211684014088083,1.2604160605957557,0.7021638601368818,0.5617337293857398,1.263777732849121,96.19391552905077,94.18,-2.0139155290507804,0.9868853688240051,True,0.7430173500422415,0.4621036161546226,True,False,1555.5044707940513,0.3080132002519683
3257.923999999999,34.9,True,False,3.6567540544039385,146.70003809345127,6.1398125751957595,-1.428081848818248,413.8341313902291,0.0,267.18248325377607,-0.07541790605715752,0.761785602669299,0.224125674402512,-0.08388107709125298,1.147727783369394,0.3860349622864452,0.7655097419290451,1.1507889032363892,96.28295323895072,94.18,-2.102953238950716,1.2249255180358887,True,0.7965448663893169,0.5319957623886683,True,False,1555.4982940818986,0.3096907403180243
3258.027000000002,35.0,True,False,3.7025283884104483,146.78288915114481,6.204575927224439,-1.428081848818248,413.8341313902291,0.0,267.1005225431887,-0.11008087542007688,1.0393327235957075,0.29034046264624613,-0.07245231675606514,0.991350371192208,0.06097716432652951,1.0451460708772347,0.9939944148063659,96.57021280102896,94.18,-2.390212801028984,1.6443854570388794,True,1.0448776854054258,0.9141259694557832,True,False,1555.4947455512183,0.3162843945447904
3258.123000000007,35.1,True,False,3.737478156025474,146.90510745413562,6.265581628044135,-1.428081848818248,413.8341313902291,0.0,266.979000727846,-0.17103461254275415,1.5165623779701554,0.39172077861812904,-0.0642086552483856,0.8785540209645679,0.6468898273746677,1.5261763610284829,0.8808972239494324,96.84441965696595,94.18,-2.66441965696594,2.4034974575042725,True,1.5469571615035465,2.0022315470972107,True,False,1555.4924104900515,0.3286588808073232
3258.2230000000127,35.2,True,False,3.805635533394487,147.0574351308494,6.316126595360401,-1.428081848818248,413.8341313902291,0.0,266.82802975831873,-0.21463708661641984,1.9580207743309157,0.44715782927511644,-0.05141665059666041,0.7035236130001653,1.265070764234709,1.969749839868663,0.7053999900817871,96.3013516014242,94.18,-2.121351601424208,2.7520554065704346,True,1.3660857058452982,1.5639825587107135,True,False,1555.4881095148944,0.36446254817519175
3258.323000000004,35.3,True,False,3.8805610554173855,147.2417750579566,6.373231801109397,-1.428081848818248,413.8341313902291,0.0,266.64520649034375,-0.20824201008775828,2.1558109567639367,0.4541737202211686,-0.047746839299705,0.6533103285348683,1.5110482578908695,2.1658452428714363,0.6550527811050415,95.59803314981316,94.18,-1.4180331498131802,2.619353771209717,True,0.7576144973185466,0.4813308769365115,True,False,1555.4987925563269,0.4106741956400868
3258.42300000001,35.4,True,False,3.9115901964564124,147.46254404158196,6.441383770169164,-1.428081848818248,413.8341313902291,0.0,266.42510137783387,-0.21666870665229834,2.3183851553350867,0.46469017516253086,-0.03812919800252563,0.5217140912184938,1.8055202210949488,2.3284877188682946,0.5231055617332458,95.48820290926777,94.18,-1.3082029092677963,2.7132067680358887,True,0.6313068215740962,0.3343365049430451,True,False,1555.5279509638192,0.4381601223125938
3258.523000000001,35.5,True,False,3.9456464365379857,147.68915488006576,6.514101879799059,-1.428081848818248,413.8341313902291,0.0,266.1992214062247,-0.2099582789238395,2.333465725946096,0.4521152702659098,-0.03344256884607251,0.45758789399097605,1.8841643867574027,2.3428923946809426,0.4588083326816559,95.28207783560212,94.18,-1.1020778356021215,2.569016218185425,True,0.34074163166302407,0.09740602154079063,True,False,1555.5643968903046,0.46137471608878305
3258.6240000000107,35.6,True,False,3.944797442793262,147.93548260924754,6.5882802847825435,-1.428081848818248,413.8341313902291,0.0,265.95292676606147,-0.23357390105559866,2.4719071320155055,0.4528214439298242,-0.02842550565507059,0.3889404348153085,2.09304470228911,2.4829179681502676,0.3899777829647064,95.51891865188827,94.18,-1.3389186518882834,2.7823495864868164,True,0.481840045698815,0.1946636330077243,True,False,1555.60965702367,0.47475919241231107
3258.7230000000127,35.7,True,False,3.967561495874138,148.17142397216185,6.669265751914608,-1.428081848818248,413.8341313902291,0.0,265.7174948696467,-0.22075897570740813,2.4046561329443756,0.43417000964480545,-0.023263472305504646,0.31830937833124695,2.095673460811275,2.4147682379604016,0.3191583454608917,95.36389730082517,94.18,-1.183897300825149,2.5035698413848877,True,0.09343060984520957,0.007313404087266394,True,False,1555.6585556143623,0.4962388273682408
3258.824000000008,35.8,True,False,3.9582780161158118,148.4130682891128,6.747553377075069,-1.428081848818248,413.8341313902291,0.0,265.4757119028431,-0.23018374314639686,2.3688945753279564,0.4238172638964643,-0.02239992710915666,0.30649366436556263,2.0728414391229997,2.3800516936879976,0.30731111764907837,95.69689944326981,94.18,-1.5168994432698195,2.480264902114868,True,0.11688451690244106,0.01146767931830482,True,False,1555.7150791521642,0.4910583088872411
3258.923999999999,35.9,True,False,3.9577439229798124,148.63685981897208,6.8284537827463,-1.428081848818248,413.8341313902291,0.0,265.2519556347949,-0.2164858285984565,2.2055045412503267,0.3996662699004729,-0.023182280675102935,0.31719844970204336,1.8981744274481493,2.2161038774073236,0.3180444538593292,95.71370237353383,94.18,-1.5337023735338464,2.166558027267456,True,-0.15872802398960273,0.021150737481887442,True,False,1555.7741476279916,0.4884232746375259
3259.024000000005,36.0,True,False,3.9276751917845414,148.86306663302918,6.914542244263604,-1.428081848818248,413.8341313902291,0.0,265.0251861466042,-0.22916766581163972,2.1719549191610716,0.39241131481544755,-0.025375460467697834,0.34720728446160537,1.836092370579499,2.1840114445491197,0.3481333255767822,96.12142339301685,94.18,-1.9414233930168519,2.2548928260803223,True,0.06696193294155695,0.0037579268869297826,True,False,1555.8341375775517,0.47004034837152886
3259.1240000000107,36.1,True,False,2.1306449341581706,149.33403356615355,7.3037333745704665,-1.428081848818248,413.8341313902291,0.0,264.52403725420004,-0.35876369881771797,2.051892142144173,0.2991871942298916,-0.027165317099927925,0.37169753013195655,1.7126036964203772,2.0830201042194414,0.37268888950347906,99.94815125980095,94.18,-5.768151259800978,2.0124850273132324,True,-0.16723146511893727,0.024014920035182463,True,False,1554.9360679898145,0.3965261147990998
3259.2260000000097,36.2,True,False,2.045719140612689,149.49786290052296,7.367041150204989,-1.428081848818248,413.8341313902291,0.0,264.35909315243197,-0.33543342714140906,1.9610130707503362,0.2857976234780701,-0.02823599045227986,0.38634733669167354,1.604351095965867,1.9894943698582044,0.38737776875495916,99.71629508460579,94.18,-5.5362950846058006,2.002126455307007,True,-0.014110855210943463,0.00017177630019854032,True,False,1554.8468261318067,0.37228464229447233
3259.324000000008,36.3,True,False,2.0639622227480063,149.6520471185667,7.389638652543439,-1.428081848818248,413.8341313902291,0.0,264.2051627465245,-0.316201835356887,1.9161066046000685,0.2820280883308739,-0.03221254909880172,0.44075778299347546,1.5024327140092963,1.9420216581889778,0.44193333387374883,99.36524736127953,94.18,-5.185247361279555,2.0501577854156494,True,0.15872005307058124,0.02176563004118281,True,False,1554.809537606889,0.3608398223221032
3259.423999999999,36.4,True,False,1.9421580513035088,149.9230052008979,7.42919047278042,-1.428081848818248,413.8341313902291,0.0,263.93264489923456,-0.3428206553106966,1.8273038140183997,0.21234357959312053,-0.03607005304455847,0.4935392279454237,1.3685846349616289,1.8591840227459588,0.4948555529117584,100.63864363788576,94.18,-6.458643637885796,1.857869029045105,True,-0.024221977146787088,0.000507215744780735,True,False,1554.786045078236,0.3615778400936836
3259.523000000001,36.5,True,False,1.880455115736945,150.11307436255026,7.451534197579824,-1.428081848818248,413.8341313902291,0.0,263.7418099896982,-0.353082491693266,1.7688352983804012,0.1892044588104666,-0.049051774922341376,0.6711654982768933,1.1389967808556427,1.8037310106378968,0.6729555726051331,101.28247305293661,94.18,-7.102473052936591,1.881422996520996,True,0.12253980856383473,0.012980753560719909,True,False,1554.7695985703567,0.35399558500596656
3259.623000000007,36.6,True,False,1.8049475956340095,150.30672209578873,7.472844462139655,-25.841416137224137,426.1857999514492,0.0,277.26086457727695,-0.3924590430621867,1.8122240314552533,0.1388805501760269,-0.8061546180404165,0.08188619995657893,1.7791045612532455,1.8542330060338206,0.8103027939796449,102.20395594309596,174.2,71.99604405690403,1.9479799270629883,True,0.16002491966723897,0.02214179964511183,True,False,1554.7514275399226,0.3576303164368219
3259.7230000000127,36.7,True,False,1.8984545064049043,150.4473232723159,7.463473562874728,-25.841416137224137,426.1857999514492,0.0,277.13030859986105,-0.36119319499119773,1.7991217417572782,0.059508713435354896,-0.9707023412108897,0.09860034816141082,1.8064535447673957,1.835020317536482,0.9756972193717958,101.35671147328414,174.2,72.84328852671585,1.8769805431365967,True,0.074056830215814,0.004743767632500281,True,False,1554.7287871113754,0.3602946990616845
3259.823000000004,36.8,True,False,1.8411398752054624,150.63724692755247,7.473952945123232,-25.841416137224137,426.1857999514492,0.0,276.9356043937733,-0.38063197178974156,1.8188935363463208,0.002566151011293771,-1.1618687254859592,0.11801832136086439,1.8717124144156407,1.858293409155554,1.1678472757339478,101.81516608671554,174.2,72.38483391328445,1.8546090126037598,True,-0.006661393833174989,3.8366643885734964e-05,True,False,1554.707879398377,0.3661598154077126
3259.92300000001,36.9,True,False,1.712628980659812,150.86213358573337,7.500759006508846,-25.841416137224137,426.1857999514492,0.0,276.69901818296785,-0.4120869094036657,1.7937875223649635,-0.024611137683123178,-1.377810267660083,0.13995286332799334,1.9151476925067643,1.84051332412838,1.3848999738693237,102.92580816730533,174.2,71.27419183269465,1.7533104419708252,True,-0.1579423468145127,0.021560882684522015,True,False,1554.6918763754254,0.3713460349104464
3260.024000000005,37.0,True,False,1.5237003838121708,151.0874422381956,7.522593272821293,-25.841416137224137,426.1857999514492,0.0,276.4560652594534,-0.4473328498875109,1.751088294696137,0.02642607332365964,-1.5442537962050151,0.15685958042035333,1.9351487684132989,1.8073231294957488,1.552199959754944,104.31957351980977,174.2,69.88042648019021,1.7469536066055298,True,-0.10938466520901224,0.010350965309279309,True,False,1554.6858158957905,0.3677305840381794
3260.1240000000107,37.1,True,False,1.3530640509599927,151.30101543727957,7.552132886922238,-25.841416137224137,426.1857999514492,0.0,276.2266904375951,-0.48087989035304923,1.7533226249526526,0.07109997272473725,-1.8068360643585677,0.18353171456670372,2.0548487238027278,1.8180719722048466,1.8161333799362183,105.33817127248871,174.2,68.86182872751127,1.8163557052612305,True,-0.005610008863827787,2.7225873463100982e-05,True,False,1554.6829990889992,0.3664107856355836
3260.2230000000127,37.2,True,False,1.2696595456883768,151.47957128554702,7.565198489583378,-25.841416137224137,426.1857999514492,0.0,276.0407986014523,-0.48165555457263387,1.70821166987245,0.08605943014218868,-2.0157277248389813,0.20475015566543522,2.147969727041643,1.774818070208633,2.026099920272827,105.74649721161187,174.2,68.45350278838808,1.7942490577697754,True,0.03134588130803029,0.0008495588251349947,True,False,1554.6766483380004,0.363142942423891
3260.324000000008,37.3,True,False,1.2292837517879311,151.63458924068127,7.5754806721769,-25.841416137224137,426.1857999514492,0.0,275.8825657688964,-0.49774163320788134,1.7564927132588093,0.08028657317371844,-2.20128419745187,0.223598294818382,2.2916855295342775,1.8256542348319253,2.2126111984252934,105.81917476703534,174.2,68.38082523296464,1.925284743309021,True,0.17693660256712818,0.027056427339841704,True,False,1554.670970969254,0.36347951914632354
3260.423999999999,37.4,True,False,1.24812730460111,151.77434549240866,7.570031916786914,-25.841416137224137,426.1857999514492,0.0,275.7453348693548,-0.5147912512862596,1.8498175619446982,0.009660233828096611,-2.328507266458311,0.23652114291056867,2.4274041936521265,1.9201132895951478,2.340488910675049,105.54493678439741,174.2,68.65506321560258,2.0331034660339355,True,0.20414224219794241,0.036033100021620613,True,False,1554.6622778901633,0.37197251638531414
3260.523000000001,37.5,True,False,1.1822361879635817,151.9632182374307,7.57619443883984,-25.841416137224137,426.1857999514492,0.0,275.5509065615538,-0.519510344109982,1.8528141467279504,0.0029161450459902947,-2.5231168768537415,0.25628886626499003,2.5619000974297976,1.924269019641613,2.536099910736084,105.64917515917146,174.2,68.5508248408285,1.8989099264144897,True,-0.045872022535810686,0.001817764478642313,True,False,1554.6603458192344,0.38579672177576185
3260.623000000007,37.6,True,False,1.0506025359342863,152.17138694770267,7.587376559241752,-25.841416137224137,426.1857999514492,0.0,275.33085406852837,-0.5156802216896484,1.7493669114610886,0.015990498533580682,-2.70010907685478,0.2742670783296553,2.6358393238174496,1.823790196803567,2.714002847671509,106.4073371921016,174.2,67.7926628078984,1.7129848003387451,True,-0.2005132474345961,0.03473728979955829,True,False,1554.6688130669536,0.38400541403204186
3260.7230000000127,37.7,True,False,0.9853706196792961,152.33710950313989,7.578552623116575,-25.841416137224137,426.1857999514492,0.0,275.1595568900966,-0.527832211791406,1.8017893284231863,0.006157425197744291,-2.7843836446498655,0.28282737675788644,2.7201598812831613,1.8775120846013973,2.798711061477661,106.3003480220715,174.2,67.89965197792847,1.950639247894287,True,0.13231923308207683,0.015116989852343195,True,False,1554.6847858696228,0.37795303877949016
3260.823000000004,37.8,True,False,1.040809137788435,152.48592331314777,7.567854164487992,-25.841416137224137,426.1857999514492,0.0,275.01686586018315,-0.535295975604947,1.9178267944573242,-0.0627933238877246,-2.907646692295457,0.2953479805488805,2.874106021802906,1.9911306825613702,2.9226083755493164,105.58793860819503,174.2,68.61206139180494,2.0818092823028564,True,0.1622873565743601,0.022742947427862068,True,False,1554.6821800840262,0.3889244723826976
3260.92300000001,37.9,True,False,0.9623202955686334,152.67527995556514,7.559050133335094,-25.841416137224137,426.1857999514492,0.0,274.82075037226997,-0.5514534944388617,1.961372282845319,-0.07320364212808719,-3.0246944395685813,0.30723725715064726,2.9754131571760016,2.037420474139467,3.0402584075927734,105.67957438764358,174.2,68.5204256123564,2.0669825077056885,True,0.05115460143893058,0.002257807768852971,True,False,1554.6913110042128,0.40178537147422777
3261.024000000005,38.0,True,False,0.8947696811545823,152.8826281398522,7.55270193461633,-25.841416137224137,426.1857999514492,0.0,274.60780643381975,-0.543383701064999,1.8986818944561614,-0.11049626814078375,-3.1006231941512383,0.3149498187871766,3.0079363544634314,1.974907284638632,3.1165778636932373,105.96196150779686,174.2,68.2380384922031,1.8808891773223877,True,-0.17572961270287646,0.026663137679240983,True,False,1554.7022818878181,0.4063357837566142
3261.1240000000107,38.1,True,False,0.6924188501816253,153.0685025916304,7.574735119977215,-25.841416137224137,426.1857999514492,0.0,274.40317512060716,-0.6618944560743228,2.1381799723859487,-0.07007761008403653,-3.224563205017187,0.3275391859944991,3.137784437171016,2.2382845809445904,3.241155624389649,107.18793390264165,174.2,67.01206609735834,2.493901014328003,True,0.46013367111318537,0.1829910083439673,True,False,1554.7270978876354,0.4051686295871567
3261.224000000002,38.2,True,False,0.6341733064596332,153.25249043858693,7.5579617565775825,-25.841416137224137,426.1857999514492,0.0,274.2144202591001,-0.77409948905401,2.4770403350768317,-0.09353608923998302,-3.283238885402533,0.333499244262604,3.3000831683939844,2.5951799245045075,3.3001332283020024,107.3467854567833,174.2,66.85321454321665,2.968410015106201,True,0.6720731410293741,0.3901692240539205,True,False,1554.73720531149,0.44028040374410515
3261.324000000008,38.3,True,False,0.5655554921514427,153.46743288971334,7.533477425123531,-25.841416137224137,426.1857999514492,0.0,273.99386103242233,-0.8757046898523327,2.799388790332034,-0.12741904789868294,-3.3889836714365313,0.3442404079299336,3.5134491342389684,2.9331614860532347,3.4064221382141113,107.36258462925178,174.2,66.8374153707482,3.3275413513183594,True,0.7086894657638134,0.4336502853312849,True,False,1554.7466188299043,0.4886244444772202
3261.42300000001,38.4,True,False,0.4846958462943636,153.71630076191727,7.514948650475651,-25.841416137224137,426.1857999514492,0.0,273.7383644299116,-0.9765921800797708,3.141174139213643,-0.15913236074704235,-3.542178740377457,0.3598013955704331,3.783948828599757,3.2894843454647313,3.560405492782593,107.26324388531746,174.2,66.93675611468251,3.6991775035858154,True,0.7351902577622842,0.4662194431756969,True,False,1554.7665705266243,0.549616360596651
3261.524000000005,38.5,True,False,0.3606749156228207,154.0089397904121,7.489665126295886,-25.841416137224137,426.1857999514492,0.0,273.435171078379,-1.0704387179878778,3.4146321347405593,-0.19253439421811813,-3.6415286671189424,0.36989299311855617,3.985089706273608,3.578484548600203,3.660266637802124,107.39840627870005,174.2,66.80159372129991,3.871702194213867,True,0.522361018647405,0.23510517825537053,True,False,1554.7981085527013,0.6258981225400991
3261.623000000007,38.6,True,False,0.259855969743842,154.3400588729055,7.469495964832058,-25.841416137224137,426.1857999514492,0.0,273.0959233458907,-1.1171453313419353,3.5835891846430727,-0.2381319750567101,-3.770495616152036,0.3829929780842,4.157413115308712,3.7536815442482445,3.7898972034454346,107.31393898075056,174.2,66.88606101924941,3.9316189289093018,True,0.3092758143316754,0.08234233276483713,True,False,1554.859295717658,0.6916674859449964
3261.7230000000127,38.7,True,False,0.15846211254262108,154.69348316343496,7.441452292510922,-25.841416137224137,426.1857999514492,0.0,272.73443446680176,-1.1772706745036012,3.7679997616504237,-0.2577783088886285,-3.8456091210541157,0.39062272967801004,4.304265986371474,3.947630738157232,3.8653972148895264,107.35456049274937,174.2,66.8454395072506,4.083889484405518,True,0.2322308621567335,0.04639299347851117,True,False,1554.950687649371,0.755339272185483
3261.823000000004,38.8,True,False,0.14810691643220078,155.0783211193791,7.337044559224739,-25.841416137224137,426.1857999514492,0.0,272.35036329558636,-1.2712636119568004,4.139138133418368,-0.6268960708081794,-3.948377546019774,0.4010615656130027,4.597842476937381,4.329962547020879,3.9686944484710693,107.06924717579359,174.2,67.13075282420637,4.6832475662231445,True,0.5571659457097997,0.2682639549434349,True,False,1555.0341512873665,0.8046643127466555
3261.923999999999,38.9,True,False,0.0026503886083160165,155.4984672669061,7.277905468409119,-25.841416137224137,426.1857999514492,0.0,271.91827421205835,-1.3090345692038277,4.2133705018376535,-0.6592926223288019,-4.165643127680946,0.42313059860674185,4.746170138164938,4.412036093361696,4.18707799911499,107.25443939388819,174.2,66.9455606061118,4.442572593688965,True,-0.03340911705657401,0.0009631579402276396,True,False,1555.1375060447722,0.9032390644283834
3262.023000000001,39.0,True,False,-0.1918635591268524,155.91760402244958,7.225811019911764,-25.841416137224137,426.1857999514492,0.0,271.4825911143709,-1.3936106492048825,4.325708275021438,-0.6326192090979504,-4.327029356708976,0.4395236139473362,4.8690221331908745,4.544656502109505,4.349294662475586,107.85615724843377,174.2,66.34384275156621,4.59014892578125,True,0.0030267114621400637,7.912812384983545e-06,True,False,1555.2800883896525,0.9264053477737934
3262.1240000000107,39.1,True,False,-0.35005128101143757,156.3705562982083,7.163543810333744,-25.841416137224137,426.1857999514492,0.0,271.01674374453387,-1.4262809324923915,4.410168063671732,-0.6419765187282429,-4.43719029594431,0.4507133540986193,4.974219214317273,4.635068462085695,4.460022449493408,107.91288471897772,174.2,66.28711528102228,4.5150933265686035,True,-0.29713524309341466,0.07624262219433077,True,False,1555.4609080776295,1.008817667894051
3262.224000000002,39.2,True,False,-0.4986406120647385,156.80976702368247,7.0869738664371535,-25.841416137224137,426.1857999514492,0.0,270.5655251269457,-1.5071484286681167,4.702075854377445,-0.7017288135898427,-4.6273671492752575,0.47003081441017225,5.2579435223991196,4.9377134107151415,4.651177883148193,107.7560766856865,174.2,66.44392331431351,5.138051986694336,True,0.2730400755713731,0.06430524588821779,True,False,1555.6727440805312,1.0470866433272246
3262.323000000004,39.3,True,False,-0.6752603588160624,157.2819011365083,7.014337307079858,-25.841416137224137,426.1857999514492,0.0,270.0789554825386,-1.586417122614505,4.935726559410699,-0.750234782056661,-4.807103493458606,0.4882877664760653,5.491132170713141,5.184410859123402,4.831839084625244,107.81039577271001,174.2,66.38960422728998,5.320850372314453,True,0.14947608409940827,0.01925437236559183,True,False,1555.8786345744256,1.1655361835898208
3262.42300000001,39.4,True,False,-0.8336206371008289,157.76568300236252,6.9195306402314145,-25.841416137224137,426.1857999514492,0.0,269.5825458347357,-1.7049344288299195,5.289484001302242,-0.8235159912445865,-4.958673518593411,0.5036836881861982,5.787115231380534,5.557467265458428,4.984189033508301,107.85802478634534,174.2,66.34197521365465,5.8847880363464355,True,0.48370942947668194,0.20153858174263503,True,False,1556.1251141687264,1.2673023732234943
3262.523000000001,39.5,True,False,-1.054674603882151,158.3147471240633,6.8612351339414,-25.841416137224137,426.1857999514492,0.0,269.0153963971075,-1.7389797983990447,5.268738043337477,-0.8297682071649803,-5.085081100721229,0.5165237021419667,5.812050848888582,5.5483016598371435,5.1112470626831055,108.25028913501315,174.2,65.94971086498686,5.3832926750183105,True,-0.4117558516618267,0.14584665924922544,True,False,1556.3705026426246,1.4350501649251588
3262.623000000007,39.6,True,False,-1.3054072043696188,158.89467901155155,6.850844110581343,-25.841416137224137,426.1857999514492,0.0,268.4149009791746,-1.6360656048333313,4.8022973113461225,-0.7364460568809321,-5.274216180238649,0.535735342928462,5.607110721188767,5.073339149897319,5.301355361938477,108.74570666444664,174.2,65.4542933355533,4.324567794799805,True,-1.45873684096538,1.8269266413430851,True,False,1556.705812096061,1.4608172740934966
3262.7230000000127,39.7,True,False,-1.4398052689222227,159.4135196176102,6.80692904771616,-25.841416137224137,426.1857999514492,0.0,267.8859611242897,-1.563550776015307,4.653557405034046,-0.7100926804479848,-5.4645813688173055,0.5550719336368493,5.658234958468145,4.909204370478506,5.492700099945068,108.57506539061197,174.2,65.62493460938802,4.553371429443359,True,-0.7407788368313915,0.470898826858044,True,False,1556.9473865737946,1.2525364941540806
3262.8250000000116,39.8,True,False,-1.6163513219527896,159.90535739062,6.762529369471183,-25.841416137224137,426.1857999514492,0.0,267.3801186619812,-1.4879453113394803,4.442193003421548,-0.7091445195880719,-5.598898556952844,0.5687153760722565,5.648341837848922,4.6847689301804945,5.627708435058594,108.50630201947769,174.2,65.69369798052229,4.334864139556885,True,-0.7339047622503196,0.46236784818097815,True,False,1557.2659435443848,1.1849212723928781
3262.923999999999,39.9,True,False,-1.7796431659142948,160.37822891862558,6.734214328800287,-25.841416137224137,426.1857999514492,0.0,266.89442432709683,-1.4875841300066848,4.437374084269274,-0.6824500785040155,-5.747690992980997,0.5838291605696332,5.744416329178459,4.6800849679885435,5.777266502380371,108.53013095513855,174.2,65.66986904486144,4.398810386657715,True,-0.6027497969745061,0.3114841092557821,True,False,1557.5922223513662,1.183739311254721
3263.024000000005,40.0,True,False,-1.9933465350139452,160.88963013053353,6.779102150250941,-25.841416137224137,426.1857999514492,0.0,266.3658914827497,-1.3331350805473616,3.8285622749238972,-0.5598462251035721,-5.895640901553402,0.5988573642489304,5.589942144311691,4.054027409374099,5.925977706909181,109.11342586964102,174.2,65.08657413035894,2.9989311695098877,True,-1.9960582597747418,3.408422268283167,True,False,1557.9381595197433,1.1988199957601764
3263.1270000000077,40.1,True,False,-2.0948145819525723,161.31364657725928,6.7723002369451155,-25.841416137224137,426.1857999514492,0.0,265.93450080518926,-1.249704386632673,3.5269808959736313,-0.5152826518440711,-6.010154424914018,0.6104892237728929,5.582813649136886,3.7418384912408906,6.041080474853516,109.52296875917064,174.2,64.67703124082935,3.2310893535614014,True,-0.9959279512503318,0.8495734392203479,True,False,1557.971108715888,0.9060731754184804
3263.2230000000127,40.2,True,False,-2.077819376490789,161.65067317273375,6.600312229723397,-25.841416137224137,426.1857999514492,0.0,265.60034230180844,-1.536106248273456,4.516156136050602,-0.7381425891070325,-6.202031039435252,0.6299793395299295,6.072332686093041,4.770250376151367,6.233944416046143,108.60963856965586,174.2,65.59036143034413,5.914562225341797,True,1.9871832978562498,3.3780963051864923,True,False,1558.214658534287,0.8267440098811103
3263.326000000001,40.3,True,False,-2.383143751551531,162.05327637307798,6.461403370101309,-25.841416137224137,426.1857999514492,0.0,265.1721715323824,-1.8228806774307,5.28282511172233,-0.9353922127160681,-6.267820289189384,0.6366619678245552,6.429954907454289,5.588482363324971,6.300072193145752,109.0898819409713,174.2,65.11011805902868,6.418826580047607,True,1.3768528706284897,1.619863676793389,True,False,1557.9402770860156,1.1008642271575142
3263.42300000001,40.4,True,False,-2.6718240564036533,162.55859608298005,6.334408218797832,-25.841416137224137,426.1857999514492,0.0,264.64340652413586,-1.9962080995350207,5.705918385369469,-1.0831878997376152,-6.403900807591263,0.65048452281672,6.707098221086164,6.045026997222308,6.436852931976319,109.28902764796646,174.2,64.91097235203353,6.453436851501465,True,0.5715697165765308,0.2788263597386415,True,False,1558.0132883571048,1.3555420348642986
3263.524000000005,40.5,True,False,-2.9941414964664745,163.12267337667154,6.252669865802306,-25.841416137224137,426.1857999514492,0.0,264.0534160388911,-2.0700225972529105,5.728351495672844,-1.102564109387356,-6.542468110296656,0.6645596761469321,6.756090323452068,6.090895206052637,6.576133251190186,109.8420408450093,174.2,64.35795915499068,6.042403221130371,True,-0.270491448418972,0.062320494905493115,True,False,1558.3345752349755,1.5331815727952445
3263.6240000000107,40.6,True,False,-3.1083951546319266,163.58286318979358,6.469615221081181,-25.841416137224137,426.1857999514492,0.0,263.5850766618647,-2.249665313926587,6.186404133270895,-0.5192302907093135,-6.632493781890193,0.673704150395871,7.042659049022784,6.5827494350640166,6.666622161865234,109.96718785229854,174.2,64.23281214770145,7.082318305969238,True,0.8611103509023543,0.6447564915496138,True,False,1558.7024004066125,1.3875640786901307
3263.7230000000127,40.7,True,False,-3.428915743350597,164.21864534530488,6.487545404108756,-25.841416137224137,426.1857999514492,0.0,262.9241530676573,-2.196607937272234,5.868698523418015,-0.4946357388251901,-6.700333845941174,0.6805950928101799,6.870223014364283,6.2663154077062035,6.734811305999756,110.48235128818206,174.2,63.71764871181793,5.665590286254883,True,-1.1207627074252882,1.0858352910076754,True,False,1559.0387212046912,1.6135901420932428
3263.823000000004,40.8,True,False,-3.6603224947920263,164.8068335033856,6.459958914816675,-25.841416137224137,426.1857999514492,0.0,262.31844200633753,-2.2061239513187347,5.822310734149462,-0.4844280045199155,-6.866478742147483,0.6974714759357714,6.926967893597365,6.226257718210372,6.901811122894287,110.75233904699598,174.2,63.44766095300398,6.129221439361572,True,-0.20972351230625907,0.03796353727515429,True,False,1559.4287932336583,1.453791911817587
3263.923999999999,40.9,True,False,-3.879112245694729,165.37256394553273,6.572640255680967,-25.841416137224137,426.1857999514492,0.0,261.7362926078494,-2.304275297467402,5.973582657712342,-0.12952253243913567,-6.948026006821451,0.7057547450153884,7.022423482560375,6.40260684526546,6.983777999877931,111.09100069430484,174.2,63.10899930569515,6.412106990814209,True,0.014763210582720454,0.00018892810933774352,True,False,1559.685637848719,1.4355590359842054
3264.023000000001,41.0,True,False,-3.8789422251952557,165.99375719771214,6.572985897588905,-25.841416137224137,426.1857999514492,0.0,261.11730959991735,-2.442877143686539,6.625394063893436,0.012261958976318859,-7.024797526057903,0.7135529115636959,7.47956283487007,7.061408870828857,7.060944557189942,110.19487815983008,174.2,64.00512184016989,7.926266670227051,True,1.5615070924237937,2.110520581387544,True,False,1559.9030998617282,1.3967999832365827
3264.1240000000107,41.1,True,False,-4.036204458837983,166.65063996961945,6.512779583561729,-25.841416137224137,426.1857999514492,0.0,260.44954698200803,-2.631000600138294,7.293525356790855,-0.02661262676140917,-7.170437125672255,0.7283464426168407,7.981732778317434,7.753558943354931,7.207333564758302,109.80263070006242,174.2,64.39736929993757,8.572454452514648,True,1.4801714946201372,1.8940863726996442,True,False,1560.0327255350935,1.6243221790260567
3264.2230000000127,41.2,True,False,-4.288899908440732,167.36896830888526,6.4821517267272375,-25.841416137224137,426.1857999514492,0.0,259.71265525054275,-2.794709317347194,7.720288247432616,-0.03501006311810502,-7.255861155193287,0.7370234991093773,8.28660740384698,8.210557276574677,7.29319715499878,109.89417073664549,174.2,64.3058292633545,8.708675384521484,True,0.9013579809133292,0.7015089621373269,True,False,1560.2517970151944,1.8759774951802546
3264.323000000004,41.3,True,False,-4.5324119075351845,168.13668518153563,6.443188759060616,-25.841416137224137,426.1857999514492,0.0,258.9274402121122,-2.942841336751114,8.073644362982511,-0.008431767031697988,-7.325107803650967,0.7440573171574731,8.539736860655669,8.593255985551131,7.362800121307374,110.02181649175385,174.2,64.17818350824612,8.987700462341309,True,0.7141643770251633,0.4401837709124311,True,False,1560.724099855928,2.0891248192655896
3264.42300000001,41.4,True,False,-4.838925970558522,168.9207898437273,6.372676189568495,-25.841416137224137,426.1857999514492,0.0,258.1208825704095,-3.1202671543793565,8.580751003669505,-0.0113338152852764,-7.405447255879925,0.7522179011228839,8.92461198259984,9.130463016828546,7.4435529708862305,109.97446372697854,174.2,64.22553627302145,9.763333320617676,True,1.1466712868890419,1.1341423395920878,True,False,1561.2933842583493,2.2721247475925006
3264.524000000005,41.5,True,False,-5.189830283147987,169.7619739742244,6.337506687985406,-25.841416137224137,426.1857999514492,0.0,257.25408942733327,-3.237676946659641,9.033445130235547,-0.07715111312786672,-7.4884120160706615,0.7606451541464319,9.30096597535443,9.59612853873413,7.526944637298585,109.71701260574454,174.2,64.48298739425545,10.027664184570312,True,0.782419359239384,0.5272949300353069,True,False,1561.7838683733225,2.565169967537983
3264.6240000000107,41.6,True,False,-5.510586586718394,170.65822553889384,6.297218580111719,-25.841416137224137,426.1857999514492,0.0,256.3351008258052,-3.336680754716869,9.525966984770093,-0.18717280330739794,-7.565448722721395,0.7684702574499794,9.72503097456474,10.093437742108868,7.604377746582032,109.29882595459836,174.2,64.90117404540162,10.597790718078613,True,0.9136203408792518,0.7177086099860186,True,False,1562.4573384801442,2.816954951129464
3264.7230000000127,41.7,True,False,-5.753457237344285,171.628379382205,6.252794977623008,-25.841416137224137,426.1857999514492,0.0,255.34879373051743,-3.4423403881969934,9.869895617783518,-0.2539611949441577,-7.586556976743677,0.7706143557047341,9.998572429062241,10.452968327425207,7.62559461593628,109.22271045309762,174.2,64.97728954690236,10.80703353881836,True,0.6384370175529934,0.35018024188217617,True,False,1563.1718382833337,3.0926558213916064
3264.823000000004,41.8,True,False,-6.0566152215006035,172.62115728406542,6.198282005189996,-25.841416137224137,426.1857999514492,0.0,254.33534233038247,-3.6211677011430936,10.167532103276342,-0.3037334119491656,-7.690632362937144,0.7811859479200245,10.230544305253895,10.793125802609593,7.730205535888672,109.60238028194698,174.2,64.597619718053,11.098965644836426,True,0.5488604072799212,0.2586587556194058,True,False,1564.0460016680813,3.3546366404608294
3264.92300000001,41.9,True,False,-6.435855864609883,173.64706529933946,6.1865023411688185,-25.841416137224137,426.1857999514492,0.0,253.28321750400826,-3.7372354512041994,10.17870109726446,-0.2995186847224072,-7.753354167573666,0.7875569965019805,10.213853193837233,10.84310310036708,7.793250083923341,110.16059309985378,174.2,64.03940690014616,10.684820175170898,True,-0.2957498989484737,0.07504818682583189,True,False,1565.030201256856,3.669172275855853
3265.024000000005,42.0,True,False,-6.908254898894258,174.54030478257553,6.5328730965327955,-25.841416137224137,426.1857999514492,0.0,252.35673130167189,-3.8807207948062783,10.332110247656402,0.7729446320699496,-7.79789711404334,0.7920815040091596,10.312924839520901,11.03686984869208,7.838022232055665,110.58087248566231,174.2,63.61912751433767,11.589515686035156,True,0.9419651233416761,0.7736276792186995,True,False,1565.8930735761462,3.3012725351522527
3265.123000000007,42.1,True,False,-7.521664774588001,175.497788349832,6.607158226573492,-25.841416137224137,426.1857999514492,0.0,251.35650469156627,-3.898557960639071,10.3869185714915,0.671025503854404,-7.869904273348433,0.7993957245236992,10.377484564026094,11.09445048586262,7.910399913787842,110.57670453216545,174.2,63.623295467834545,11.490545272827148,True,0.6782758386701229,0.39836328564948137,True,False,1566.8235276078062,3.421710820260758
3265.2230000000127,42.2,True,False,-7.8747699380911245,176.54636938558713,6.636123103027177,-25.841416137224137,426.1857999514492,0.0,250.28512874098752,-3.8993442443465582,10.707365134918081,0.6841807226658885,-8.06966535088462,0.8196867148283034,10.731158496208408,11.395286467148509,8.111188888549805,110.00844122590738,174.2,64.19155877409258,11.695975303649902,True,0.5066181744089651,0.22179717302124646,True,False,1567.9268254985802,3.692087850113882
3265.323000000004,42.3,True,False,-8.301115213250556,177.61384569373152,6.700922057992212,-25.841416137224137,426.1857999514492,0.0,249.19004514627875,-3.9948749774629735,10.953103196994297,0.6052089871861692,-8.08698744971302,0.8214462294630738,10.926841144322927,11.658880552161364,8.128600120544434,110.03511456718203,174.2,64.16488543281795,11.821674346923828,True,0.2666061398909676,0.06128064401170077,True,False,1569.1625296676086,3.994774931034213
3265.42300000001,42.4,True,False,-8.661227051043603,178.69985245881549,6.74783076018976,-25.841416137224137,426.1857999514492,0.0,248.08154526962215,-4.142010915053581,11.139626812505918,0.7031053459993453,-8.151366794287823,0.8279856448121297,11.06367380835261,11.884760828149794,8.193310737609863,110.39705835388918,174.2,63.8029416461108,12.31257438659668,True,0.738821178038858,0.4699386946254785,True,False,1570.563163847035,4.108045264601808
3265.523000000001,42.5,True,False,-9.075045665669927,179.814098697106,6.833088574835561,-25.841416137224137,426.1857999514492,0.0,246.9415444143588,-4.1933282302470225,11.115236590899665,0.638849813863274,-8.268213397618808,0.8398544899573279,11.05387563018658,11.879919449148694,8.310758590698242,110.66943467530281,174.2,63.530565324697164,11.92670726776123,True,0.05385276368056324,0.0024926561797998996,True,False,1571.8857165636405,4.358324238549852
3265.6240000000107,42.6,True,False,-7.589966638866417,181.5807671982996,6.832015081632029,-25.841416137224137,426.1857999514492,0.0,245.28501270350884,-3.2761052000668243,11.429118665493968,0.307497349959951,-8.297227462480091,0.8428016311925408,11.716730650008246,11.889391016862366,8.339921951293945,105.98856383714975,174.2,68.2114361628502,11.86323356628418,True,-0.055773139662111504,0.0026251020439836,True,False,1571.5879590023085,3.895030044181111
3265.7230000000127,42.7,True,False,-7.2351880721052835,182.97600322489026,6.793469033215244,-25.841416137224137,426.1857999514492,0.0,243.9204725860159,-2.88612509994946,11.482487054293294,0.011675382138163395,-8.31297171991332,0.8444008745430025,11.942342391859619,11.839646407075314,8.35574722290039,104.1085207031633,174.2,70.09147929683668,11.729100227355957,True,-0.20358685778707297,0.03513984568741945,True,False,1571.9536813069976,3.6843296839591066
3265.824000000008,42.8,True,False,-7.932229143194619,183.96470893835482,6.852000500499335,-25.841416137224137,426.1857999514492,0.0,242.8822675914421,-3.0316784849377156,11.412569944353699,0.26366302247780765,-8.431426525989233,0.8564330749659538,11.857036076190667,11.808379531959481,8.474811553955078,104.87642089303604,174.2,69.32357910696393,11.709270477294922,True,-0.18465658564633713,0.029442940945498996,True,False,1573.1815688620811,3.6779388335473264
3265.923999999999,42.9,True,False,-8.662371768473422,184.94366007910193,7.045645084011864,-25.841416137224137,426.1857999514492,0.0,241.85303309161262,-3.096006311373643,10.886325603735738,0.7448074964405975,-8.545251226227244,0.8679949663886487,11.404438561422706,11.318009552506028,8.589221954345703,105.88094465457038,174.2,68.31905534542959,10.701614379882812,True,-1.1550924808352505,1.1565056963619234,True,False,1574.6484369552613,3.727223723416976
3266.023000000001,43.0,True,False,-8.928179799498478,186.05147625893508,7.200293660593876,-25.841416137224137,426.1857999514492,0.0,240.7292067420921,-2.933658528952308,10.268468546498429,0.7041709920067396,-8.599543961137549,0.8735098212906298,10.971212657633023,10.679316394550833,8.643794059753418,105.95008052939963,174.2,68.24991947060036,9.945629119873047,True,-1.366636481001887,1.6160741350088013,True,False,1575.8150783854394,3.4698920609930575
3266.1240000000107,43.1,True,False,-9.231098288377638,187.08203169262399,7.323256371158403,-25.841416137224137,426.1857999514492,0.0,239.68002556452157,-2.8688954314426462,9.831124483569242,0.7239132613029685,-8.688304418359193,0.8825257797502568,10.674405825103142,10.241170324137133,8.733011245727539,106.2702737579295,174.2,67.92972624207047,9.725517272949219,True,-0.9780016570707861,0.8269601920788101,True,False,1576.7589051248065,3.16591949040364
3266.2230000000127,43.2,True,False,-9.469335231464296,188.0841332129228,7.403014383268833,-25.841416137224137,426.1857999514492,0.0,238.66388234680386,-2.848331227451195,9.79207089537108,0.7246072214570849,-8.750172310033806,0.8888100910165917,10.681749908812451,10.197923474965235,8.795197486877441,106.21653440021716,174.2,67.98346559978283,10.158884048461914,True,-0.11712151757476974,0.011849360111195322,True,False,1577.9372524294274,2.997446422173499
3266.3250000000116,43.3,True,False,-9.301546674717024,189.20127634508384,7.592488690995711,-25.841416137224137,426.1857999514492,0.0,237.56100629264205,-2.5214241751993467,9.39067290521519,1.0284039337318038,-8.79750944947328,0.8936184222954419,10.563578051761851,9.723287380511923,8.842778205871582,105.02115498891506,174.2,69.17884501108493,9.38467788696289,True,-0.7098665739181058,0.4355954562590476,True,False,1579.160271396369,2.8713394511009187
3266.423999999999,43.4,True,False,-9.469978061666735,190.16545654221318,7.6636110098456784,-25.841416137224137,426.1857999514492,0.0,236.5874605461488,-2.5156056955647785,9.586461204092044,1.0432333449932447,-8.834883322231644,0.8974147218505847,10.743965678158373,9.911029736264535,8.88034439086914,104.69778912185203,174.2,69.50221087814798,10.253521919250488,True,0.5202293465412122,0.2339101257717588,True,False,1580.4427572406157,2.7490176644352102
3266.524000000005,43.5,True,False,-9.7013870396045,191.12719017582427,7.765067633652062,-25.841416137224137,426.1857999514492,0.0,235.61207644966234,-2.47598576221999,9.537514487453135,1.0204415830707134,-8.88714753946133,0.9027235274405683,10.754655283042553,9.853663688856777,8.93287754058838,104.55460790692929,174.2,69.64539209307071,9.889482498168945,True,-0.030533240089505753,0.0008052419461950207,True,False,1581.761500623944,2.895791110808577
3266.623000000007,43.6,True,False,-10.277186287945042,191.96454268116747,7.829969868899306,-25.841416137224137,426.1857999514492,0.0,234.73781674044918,-2.68950188224311,9.805124096452907,1.0841654686749542,-8.953086698379884,0.9094213829528253,10.87961495255746,10.16729457237424,8.99915599822998,105.34337002500223,174.2,68.85662997499773,10.668057441711426,True,0.8009948147412587,0.5546202972380128,True,False,1583.0554552118388,2.8443050771714007
3266.7230000000127,43.7,True,False,-10.59696465600051,192.92423926566636,7.882184403791044,-25.841416137224137,426.1857999514492,0.0,233.7591687924359,-2.8280254117659136,10.172443152173036,1.118476241003017,-8.964383966865931,0.9105689176384917,11.110230000008283,10.558235052023887,9.010511398315431,105.53958449468898,174.2,68.660415505311,11.117573738098145,True,0.9047948764178404,0.7072836762369624,True,False,1584.2554843278476,3.050273592232911
3266.823000000004,43.8,True,False,-10.842386419263256,193.9424006586759,7.932802172564374,-25.841416137224137,426.1857999514492,0.0,232.7272382157766,-2.9755479269840395,10.56219140284009,1.1385266502623959,-9.173794735267771,0.9318400877970111,11.452594900176615,10.973320951107196,9.220999717712402,105.73251368342228,174.2,68.4674863165777,11.627195358276367,True,1.0772511561131033,1.001577235573499,True,False,1585.4032003204384,3.2493627752264547
3266.92300000001,43.9,True,False,-11.150337813964933,194.98717234896063,7.990055794834237,-25.841416137224137,426.1857999514492,0.0,231.66491574594184,-3.122755064786522,10.852984349833958,1.1968654386047033,-9.170754805123378,0.9315313029534003,11.619532323659596,11.293310785256496,9.217944145202638,106.05364869945532,174.2,68.14635130054464,11.828224182128906,True,0.854611121302506,0.6299050555744673,True,False,1586.4372052455628,3.4826916987959615
3267.024000000005,44.0,True,False,-11.527622649003478,196.0510512141139,8.13198391504895,-25.841416137224137,426.1857999514492,0.0,230.57945975394227,-3.1025466161488673,10.646275146082194,1.136617037283149,-9.23978892413276,0.938543533047386,11.4850248679584,11.089137477345307,9.287333488464355,106.24275045006713,174.2,67.95724954993285,10.994964599609375,True,-0.27609948881130286,0.06568814559273946,True,False,1587.7869415522546,3.6821121320411083
3267.1240000000107,44.1,True,False,-11.16135230669565,197.25944908375956,8.461602249405972,-25.841416137224137,426.1857999514492,0.0,229.39655271094406,-2.794586708930938,10.6679076853002,1.9925274517334184,-9.329250538775348,0.9476307124806174,11.712626340723222,11.027872381190333,9.3772554397583,104.67212350893399,174.2,69.52787649106598,11.468666076660156,True,0.47219285634475483,0.19351622263999363,True,False,1589.3553292646698,3.443507032193778
3267.2230000000127,44.2,True,False,-11.326586347813496,198.35157780967543,8.636029525451177,-25.841416137224137,426.1857999514492,0.0,228.2961082952635,-2.7745267504325186,10.694777601141647,1.9999284517179068,-9.391773097054092,0.9539815223555951,11.775867588435693,11.048812905771674,9.440099716186523,104.54417846009149,174.2,69.6558215399085,11.474616050720215,True,0.4444976803780527,0.17104450643963368,True,False,1591.1420034466023,3.526709226861826
3267.323000000004,44.3,True,False,-11.54843640907029,199.43352120272158,8.803267511747942,-25.841416137224137,426.1857999514492,0.0,227.20230013635447,-2.814988943991687,10.873182898166613,2.0030435274844156,-9.43907133601419,0.9587859022678448,11.923662831889748,11.23166368316726,9.487641334533691,104.51290002931624,174.2,69.68709997068376,11.761542320251465,True,0.6379362225815512,0.35155365861569926,True,False,1592.98956543473,3.6551817254559613
3267.42300000001,44.4,True,False,-11.797646912590304,200.5244357781942,8.969716101894479,-25.841416137224137,426.1857999514492,0.0,226.09794058011494,-2.8481311765260835,10.945510846872425,2.0010414625337534,-9.5689012115349,0.9719735401096634,12.026645262618375,11.309998182922124,9.618139266967773,104.58467762987145,174.2,69.61532237012855,11.755792617797852,True,0.48924376043674656,0.2065184492190306,True,False,1594.7627498845795,3.8040232968243575
3267.523000000001,44.5,True,False,-11.997830220135627,201.6264368430389,9.091713336404283,-25.841416137224137,426.1857999514492,0.0,224.98567161199108,-2.8824221175273066,11.190093683653608,1.9729236844590843,-9.565576643736538,0.9716358428275121,12.209890870353071,11.555369051335182,9.614797592163088,104.44255475807702,174.2,69.75744524192295,12.365030288696289,True,1.1653379427198054,1.1699939527947403,True,False,1596.7182413040052,3.835082876803913
3267.623000000007,44.6,True,False,-12.271306752174295,202.74727239246178,9.230919918260623,-25.841416137224137,426.1857999514492,0.0,223.85022552244752,-2.955691991901064,11.424333847365657,1.9846274266412498,-9.64532167766479,0.9797360479837711,12.403256367724737,11.800488083424883,9.694952964782715,104.50542286572556,174.2,69.69457713427441,12.371726036071777,True,0.7361889913232833,0.4665190019806456,True,False,1597.9318983085839,4.0987689772103195
3267.7230000000127,44.7,True,False,-12.621739014603262,203.86197307917848,9.381792982179142,-25.841416137224137,426.1857999514492,0.0,222.71651007134105,-2.9826607826140092,11.371416014028366,1.9115735620694405,-9.749335866762653,0.9903014240247754,12.391748537846606,11.756077896485902,9.7995023727417,104.69745812704168,174.2,69.50254187295829,12.21130084991455,True,0.5465521554232122,0.25692687238846845,True,False,1599.8210502573252,4.171832570893779
3267.823000000004,44.8,True,False,-12.909368599698805,204.99873336963466,9.537760217187916,-25.841416137224137,426.1857999514492,0.0,221.56479024560937,-2.974954456170335,11.453477671434857,1.9531517553502642,-9.791919557380838,0.9946269175800018,12.48433307319747,11.833533064404078,9.842305183410645,104.5604096998758,174.2,69.63959030012417,12.242110252380371,True,0.4518563143474239,0.17544835471412165,True,False,1601.9775554074445,4.3310916822578776
3267.923999999999,44.9,True,False,-13.185591038454042,206.14896899175633,9.71091776162697,-25.841416137224137,426.1857999514492,0.0,220.40049203147237,-3.002981731256958,11.586877072443814,1.9564261736711255,-9.801885670438487,0.9956392384280944,12.585682882978743,11.969695884615748,9.852322578430176,104.52956995557915,174.2,69.67043004442081,12.384233474731445,True,0.4660770603554809,0.18624405283229817,True,False,1604.2887991212633,4.502014797722067
3268.023000000001,45.0,True,False,-13.464830579413244,207.30927649167518,9.89218342346451,-25.841416137224137,426.1857999514492,0.0,219.2261672152912,-3.0042832214928112,11.55143543077148,1.9338696847608876,-9.90368632738065,1.00597977207205,12.601920419806284,11.935718586923283,9.954647064208984,104.57927495321981,174.2,69.62072504678015,12.182708740234375,True,0.1665374345567301,0.023769115970210534,True,False,1606.668534569042,4.662538968562314
3268.123000000007,45.1,True,False,-14.280505958338614,208.42677159057496,9.73698960256348,-25.841416137224137,426.1857999514492,0.0,218.06569899192374,-3.297950442848502,11.693394563060707,1.2895368426066303,-9.953679136131658,1.0110578564024815,12.586144840776718,12.149565981174073,10.004897117614746,105.75055231970506,174.2,68.44944768029494,12.411079406738281,True,0.3518553220381353,0.10627052947713118,True,False,1607.8606414967107,4.326004421808002
3268.224000000002,45.2,True,False,-14.590012149723764,209.59821290095883,9.87362205135445,-25.841416137224137,426.1857999514492,0.0,216.87963702488,-3.254205850588447,11.552685585575917,1.2817248701172776,-10.033039909227051,1.0191190297667112,12.526316919997711,12.002266450849092,10.08466625213623,105.7316269751714,174.2,68.4683730248286,11.975113868713379,True,-0.17316518409134574,0.02581031714034237,True,False,1610.2926098370936,4.469177931593425
3268.324000000008,45.3,True,False,-14.914122028083078,210.7520401406006,9.967024307242935,-25.841416137224137,426.1857999514492,0.0,215.71071049622475,-3.2704815000160394,11.501329688639048,1.2420525056586535,-10.12053467768071,1.0280064242496287,12.514540692220171,11.95728371532252,10.172611236572266,105.8694754302478,174.2,68.33052456975216,12.161012649536133,True,0.25261020259304345,0.05502043407806188,True,False,1613.0219104158377,4.423591731746567
3268.423999999999,45.4,True,False,-15.219485279551327,211.9057533780089,10.05502425368048,-25.841416137224137,426.1857999514492,0.0,214.54315131148076,-3.274528242593856,11.614816529096345,1.246851421692283,-10.176126309085298,1.033653216246149,12.633015195297018,12.067580462384102,10.22848892211914,105.74755408721941,174.2,68.45244591278056,12.365487098693848,True,0.4237375942092019,0.15471840425515973,True,False,1615.6936133282256,4.534000464030477
3268.5260000000126,45.5,True,False,-15.49895414984584,213.07524897210217,10.180215652505225,-25.841416137224137,426.1857999514492,0.0,213.361368243366,-3.232141215631382,11.504000410308187,1.3027375540733215,-10.08547016508822,1.0244447009458433,12.521549646712746,11.949425186098035,10.137366294860842,105.69534917328157,174.2,68.5046508267184,11.98205852508545,True,-0.06922891052622937,0.004128760795340734,True,False,1618.2873142921767,4.688933534373021
3268.6240000000107,45.6,True,False,-15.545566265677632,214.27177966066785,10.396217999849489,-114.72224793649586,427.8562060668828,0.0,235.4874123822899,-3.1834568083803036,11.427110619888305,1.6326852182102884,-10.09499155107092,-0.4760677166067829,13.764264128889181,11.862261772949836,10.106210708618164,105.56698281467294,182.7,77.13301718532703,12.155648231506348,True,0.3280945506494657,0.09307546837943448,True,False,1620.7254796122393,4.430336266642183
3268.7230000000127,45.7,True,False,-16.43095426681235,215.31496713065042,10.281339901649005,-114.72224793649586,427.8562060668828,0.0,234.16865003626893,-3.3997981326186895,11.646781293387122,1.0582558296114442,-10.09496964091169,-0.47606668334990276,13.848782061702586,12.132853820867938,10.106188774108887,106.27651958363917,182.7,76.42348041636082,12.46897029876709,True,0.5252394916957908,0.23804998303782657,True,False,1623.1483470858427,4.522055827467948
3268.823000000004,45.8,True,False,-16.82465308348606,216.4684388337776,10.329852936558813,-114.72224793649586,427.8562060668828,0.0,232.9564921048596,-3.5006193379964805,11.901743331261118,1.0401693499865927,-10.154864395319915,-0.4788912482664353,14.055571488726695,12.405878851285523,10.166150093078613,106.39051011830857,182.7,76.3094898816914,12.818364143371582,True,0.6680526098312107,0.3851430184098053,True,False,1625.7197689679697,4.726617056783156
3268.92300000001,45.9,True,False,-17.237579280963093,217.641986756692,10.412117381395637,-114.72224793649586,427.8562060668828,0.0,231.71810163013163,-3.5425102896321925,11.95994459068901,0.9843106490298557,-10.30895378210218,-0.4861579192832119,14.166517752275126,12.473558183794282,10.32041072845459,106.49809753156103,182.7,76.20190246843894,12.596967697143555,True,0.1532108796516347,0.02026068271069497,True,False,1628.146146267742,4.9815023195008346
3269.023000000001,46.0,True,False,-15.718614748880663,219.44087943298015,10.413548819888922,-114.72224793649586,427.8562060668828,0.0,230.7350596685822,-3.074435475690529,11.970023327936664,0.5586800247363983,-10.243369054603642,-0.4830650220473351,14.369169012555151,12.358544087615352,10.25475311279297,104.4065685361516,182.7,78.2934314638484,12.197277069091797,True,-0.3160880815788829,0.08584619366777357,True,False,1629.1315155350526,4.900120840855326
3269.123000000007,46.1,True,False,-15.023759571378292,220.91604336407818,10.61576528697486,-114.72224793649586,427.8562060668828,0.0,229.7042000524865,-2.7463068875148475,11.851848366857135,0.93199774380994,-10.269140164935507,-0.48428035675940934,14.448982400345875,12.165874865022476,10.280552864074707,103.04081573085098,182.7,79.65918426914898,11.967766761779785,True,-0.4247579748837449,0.15499913247188488,True,False,1630.170654648914,4.748173741036789
3269.2230000000127,46.2,True,False,-15.451497430652102,222.0437848965947,10.77474704609433,-114.72224793649586,427.8562060668828,0.0,228.5025921384034,-2.7022052026196914,11.525969129332827,0.9156405222917634,-10.317392051252353,-0.4865558579546921,14.222933147202614,11.838491345074264,10.328858375549316,103.18789307827241,182.7,79.51210692172756,11.511988639831543,True,-0.654814133755071,0.3701205775233886,True,False,1633.1387982585572,4.694112221793889
3269.324000000008,46.3,True,False,-15.796346945802515,223.1591488170546,10.965815550277005,-114.72224793649586,427.8562060668828,0.0,227.34823318768045,-2.635261945989878,11.07076106711774,0.9449251824648675,-10.315524924639762,-0.4864678064988216,13.876454109691577,11.380085945597788,10.326989173889162,103.38394485617701,182.7,79.31605514382301,10.863975524902344,True,-1.0043777197215817,0.8713024260363648,True,False,1635.874924006096,4.581035496885367
3269.423999999999,46.4,True,False,-15.999991765776842,224.27410512782387,11.146329377223767,-114.72224793649586,427.8562060668828,0.0,226.25595171442063,-2.5606125244726785,10.690234613999841,0.9464368681895153,-10.24675655574363,-0.48322477254584306,13.56182158606387,10.992627192934666,10.25814437866211,103.46690491526711,182.7,79.23309508473288,10.536307334899902,True,-0.8995360654458064,0.6984205903834775,True,False,1637.7501781712522,4.332404935741404
3269.524000000005,46.5,True,False,-16.252987769052346,225.33205708030758,11.313541440341957,-114.72224793649586,427.8562060668828,0.0,225.19375240148247,-2.514731080270704,10.36469335722451,0.9573759757667536,-10.184192572371893,-0.4802743299867854,13.282844714724332,10.665399232816995,10.195510864257812,103.63700814655441,182.7,79.06299185344558,10.313859939575195,True,-0.7142839865569304,0.4401688648251628,True,False,1639.7906638763352,4.113000737752337
3269.6240000000107,46.6,True,False,-16.475998821726304,226.36127476549365,11.49220472866929,-114.72224793649586,427.8562060668828,0.0,224.1707670622396,-2.4211478993306486,9.934268749635333,1.0134060684740476,-10.289609016733857,-0.48524564330649617,13.056759189814603,10.225050256131476,10.301044464111328,103.69583713584751,182.7,79.00416286415248,9.803244590759277,True,-0.8547604325902789,0.6301902868095217,True,False,1642.1543952318643,3.9378514480325584
3269.7230000000127,46.7,True,False,-16.540475703164653,227.40584274489765,11.608290468918987,-114.72224793649586,427.8562060668828,0.0,223.20396178113322,-2.3609960997004036,9.830022424477907,1.0330357693975252,-10.168796398742957,-0.47954826486955093,12.932478235372415,10.109581764273882,10.180097579956055,103.501389928819,182.7,79.19861007118098,10.073186874389648,True,-0.16146276860458464,0.022462089415986892,True,False,1644.0387122478955,3.7067722033476764
3269.823000000004,46.8,True,False,-16.515463906510806,228.40438467642815,12.015788191141851,-114.72224793649586,427.8562060668828,0.0,222.31869351334797,-2.1264168815558557,9.368792102376094,1.4983065828374496,-10.143274873703183,-0.4783447003010675,12.697878376992568,9.607076257202833,10.154547691345215,102.76824515943615,182.7,79.93175484056384,9.276896476745605,True,-0.806277328122464,0.5619193787925422,True,False,1645.9730306767792,3.485670486881069
3269.92300000001,46.9,True,False,-16.768629252223207,229.32029764471358,12.184468129196986,-114.72224793649586,427.8562060668828,0.0,221.3852261248701,-2.0802293868721695,9.21390025586213,1.4621511179626885,-10.17814441580896,-0.4799891061636619,12.631220003589407,9.445809241509316,10.18945598602295,102.72249924489942,182.7,79.97750075510058,9.450315475463867,True,-0.1951485420133352,0.03292738497868863,True,False,1647.7927655656845,3.267646656247801
3270.023000000001,47.0,True,False,-17.019758434317584,230.22733322245978,12.29855059019398,-114.72224793649586,427.8562060668828,0.0,220.4607625784697,-2.099731757287209,9.211803565411588,1.489930015847706,-10.233632370365221,-0.48260585167465514,12.65471900634389,9.448079084146686,10.24500560760498,102.84500710529294,182.7,79.85499289470704,9.722657203674316,True,0.285397526483516,0.0703789498018706,True,False,1650.5990538683336,3.220899826070421
3270.1240000000107,47.1,True,False,-15.618154031989178,231.68382550965427,12.131354559491385,-114.72224793649586,427.8562060668828,0.0,219.7844951813557,-1.8357225940300157,9.551740123968852,0.7843675726954467,-10.319997454969414,-0.48667872567500126,13.14354491440012,9.726541874585683,10.331466674804688,100.87253636368689,182.7,81.82746363631308,10.0416259765625,True,0.5139070260703171,0.22771088834430983,True,False,1651.5298989775429,3.1957482829125157
3270.224000000002,47.2,True,False,-15.587609970652116,232.7090569711703,12.147928168569507,-114.72224793649586,427.8562060668828,0.0,218.88372768390792,-1.8240552333309075,9.840542710902824,0.7744818703962245,-10.320541398487675,-0.4867043774001554,13.373193694012015,10.008169579865468,10.332011222839355,100.49555739857409,182.7,82.20444260142588,10.400516510009766,True,0.656716107830837,0.37193597182492305,True,False,1653.7069622144586,3.3633658092093164
3270.324000000008,47.3,True,False,-15.743190020286775,233.70085836515466,12.227023252165946,-114.72224793649586,427.8562060668828,0.0,217.9292383943908,-1.8148659652730603,9.850122749939436,0.8097735467653968,-10.26854382755822,-0.4842522342025854,13.351553307093171,10.015920160463589,10.279955863952638,100.43972343949736,182.7,82.26027656050263,10.101810455322266,True,0.09643499513076748,0.008017628961694216,True,False,1655.6364897249614,3.5509697236579925
3270.423999999999,47.4,True,False,-13.434093330233328,235.39540276333216,12.217898018716703,-114.72224793649586,427.8562060668828,0.0,217.4866687219935,-1.381976928616591,9.79288870071417,0.5298426569147066,-10.28317124038289,-0.4849420454805915,13.596509295523138,9.889920592997894,10.294599533081055,98.03525870158178,182.7,84.66474129841818,9.736696243286133,True,-0.3040069082995558,0.07949628347605729,True,False,1655.6347704761224,3.4766875356587685
3270.523000000001,47.5,True,False,-11.247136608233502,237.0260406708531,12.357549488529193,-114.72224793649586,427.8562060668828,0.0,217.07890429397406,-0.9146455076462602,9.996983357260858,0.9126374520043202,-10.252211232776132,-0.48348200858477913,14.036747769900622,10.038737602408386,10.263605117797852,95.2123713713317,182.7,87.48762862866828,10.363658905029297,True,0.5169469046652129,0.22927385692222957,True,False,1655.0323539436627,3.282199674204093
3270.6240000000107,47.6,True,False,-11.51465771690077,237.9740663929381,12.465015964991416,-114.72224793649586,427.8562060668828,0.0,216.11810115326134,-0.9387355924384119,9.885646573481704,0.9255253571822701,-10.372450376164593,-0.4891523426459927,14.022532837215193,9.930117455916685,10.383977890014648,95.41841413994956,182.7,87.28158586005043,9.909873008728027,True,-0.11490432983256937,0.011359919767468295,True,False,1657.1553160046374,3.419217343752794
3270.7230000000127,47.7,True,False,-10.900056632701936,239.14525542486376,12.652187416132252,-114.72224793649586,427.8562060668828,0.0,215.38539945719657,-0.7717785505733639,9.771032776950674,1.1769576792242875,-10.391398853435549,-0.49004593015044207,14.0650926411653,9.801465383266398,10.402947425842285,94.51414827496664,182.7,88.18585172503336,9.837484359741211,True,-0.06236081344470534,0.003350929019188488,True,False,1659.483229689051,3.353607798744044
3270.823000000004,47.8,True,False,-11.188681991618507,240.0391290406183,12.852566220953273,-114.72224793649586,427.8562060668828,0.0,214.46317562684754,-0.8157012119769452,9.477449539928287,1.3734243688955845,-10.365785877296382,-0.4888380528575895,13.803296906785972,9.512487490089413,10.37730598449707,94.91646936750226,182.7,87.78353063249773,9.3894681930542,True,-0.4003012496278089,0.1386254334358266,True,False,1661.9161068662138,3.3075751257770825
3270.92300000001,47.9,True,False,-11.219972905756675,240.99631823490674,12.977426494219024,-114.72224793649586,427.8562060668828,0.0,213.61024932600367,-0.8105407613385499,9.381653614609274,1.372768924109042,-10.299203761245098,-0.4856981199715615,13.689388437024165,9.416602405873496,10.310649871826174,94.93597090647623,182.7,87.76402909352375,9.593401908874512,True,0.13961318796847522,0.016854865445630304,True,False,1664.5300905051927,3.1712407264498332
3271.023000000001,48.0,True,False,-10.477977879251721,242.17401522148333,13.045292679159504,-114.72224793649586,427.8562060668828,0.0,212.94305303746117,-0.6232044848255762,9.575407903167509,1.0678078667596567,-10.146865281969948,-0.4785140196567696,13.84851836873935,9.595666748170734,10.15814208984375,93.72130899895305,182.7,88.97869100104694,9.836544036865234,True,0.3289730574206988,0.09338218047410671,True,False,1666.578592987745,3.2045535863129255
3271.1240000000107,48.1,True,False,-10.452927074057328,243.15411524937517,13.119461071531163,-114.72224793649586,427.8562060668828,0.0,212.10128152718218,-0.5803498380975429,9.610318315286612,1.058747648232848,-10.152739109874664,-0.47879102234906434,13.907579357932894,9.627825510244415,10.164022445678711,93.45722923451416,182.7,89.24277076548583,9.827410697937012,True,0.2560514543669967,0.056631475343406644,True,False,1669.312324200529,3.306060674669278
3271.224000000002,48.2,True,False,-9.730458753024658,244.34478877561764,13.13983274288283,-114.72224793649586,427.8562060668828,0.0,211.42307365137637,-0.41518258139325415,9.750888557009946,0.5461883891829946,-10.108576802408766,-0.47670838079666533,14.091331755595286,9.759723573294474,10.119811058044434,92.43740763334628,182.7,90.26259236665369,9.804685592651367,True,0.053807165055697936,0.0024962637651458086,True,False,1671.6591554013362,3.4310693665535994
3271.324000000008,48.3,True,False,-9.917368321738104,245.29423415332118,13.182821760763558,-114.72224793649586,427.8562060668828,0.0,210.5063808534837,-0.40956027247076615,9.67395078330808,0.11156307887033683,-10.149343035194107,-0.4786308675326468,14.069054070620048,9.682616556213167,10.160622596740723,92.42106233387628,182.7,90.2789376661237,9.498725891113281,True,-0.33429504458605486,0.0963825758210674,True,False,1672.895594719399,3.475728469247687
3271.423999999999,48.4,True,False,-9.970786124223103,246.25494219012856,13.231444298640703,-114.72224793649586,427.8562060668828,0.0,209.64705529399302,-0.38299242251787574,9.558005030518162,0.09736524268282638,-10.249720142933311,-0.48336453176993144,14.077692232580599,9.56567526937417,10.26111125946045,92.29069039041346,182.7,90.40930960958654,9.391518592834473,True,-0.3162264633684764,0.08629254639018426,True,False,1675.9838227055866,3.473726621393015
3271.523000000001,48.5,True,False,-10.026626303747593,247.20227000810584,13.28128983028131,-114.72224793649586,427.8562060668828,0.0,208.79898898844377,-0.3373325520425338,9.518579947367437,0.10457285148793789,-10.231787153911858,-0.4825188334756647,14.068482814171341,9.52455549960695,10.243158340454102,92.03132050006054,182.7,90.66867949993943,9.397035598754883,True,-0.23196499401662862,0.04642634696262954,True,False,1679.1548377791094,3.5031788891269753
3271.623000000007,48.6,True,False,-8.690910369325174,248.45846610108347,13.446492563266409,-114.72224793649586,427.8562060668828,0.0,208.3895238516559,-0.12007318888327582,9.265560163565597,0.6827750666123915,-10.183238051521986,-0.4802293159261822,14.008843622198764,9.266338150280419,10.194555282592773,90.73889173395604,182.7,91.96110826604396,9.011696815490723,True,-0.5039094469738927,0.22025484766673786,True,False,1679.4655389116824,3.372786564898452
3271.7230000000127,48.7,True,False,-8.782053031325194,249.38581404649196,13.416820202447484,-114.72224793649586,427.8562060668828,0.0,207.54518959604326,-0.19160613831196555,9.58927409212057,0.6929805228991501,-10.22814149393921,-0.4823469085156563,14.21863536086401,9.591188170714492,10.239508628845217,91.14938387407254,182.7,91.55061612592742,10.11013126373291,True,0.8916521040313423,0.6881846751942576,True,False,1681.9962892375995,3.244485549160108
3271.823000000004,48.8,True,False,-8.91756079100616,250.33713698142685,13.390008998464584,-114.72224793649586,427.8562060668828,0.0,206.65829698059994,-0.229459038049145,9.907825877894068,0.7370116540418991,-10.233382785073129,-0.4825940815310643,14.423568118516672,9.910482585465239,10.244755744934082,91.33020603596458,182.7,91.36979396403542,10.388663291931152,True,0.8149914069438093,0.5741036905642537,True,False,1683.4139391105036,3.4709773263106483
3271.92300000001,48.9,True,False,-9.162352945457286,251.28787571090515,13.413609372656104,-114.72224793649586,427.8562060668828,0.0,205.71647166723608,-0.27023727661927166,10.043720744662709,0.7454982200940454,-10.203704045473481,-0.48119446770063246,14.472304663576157,10.04735560147259,10.215044021606445,91.54178480038665,182.7,91.15821519961337,10.301972389221191,True,0.41084960593301467,0.14572587741691304,True,False,1685.1902155100197,3.6933243773178086
3272.023000000001,49.0,True,False,-9.248340384048051,252.28463119314628,13.457232990658405,-114.72224793649586,427.8562060668828,0.0,204.81729194095496,-0.2755567120003669,10.114453155183753,0.7476662971179063,-10.263141544384744,-0.48399746899531915,14.562932617341751,10.118206072715411,10.274547576904297,91.55920817641814,182.7,91.14079182358186,10.273133277893066,True,0.23067893333765355,0.04589932179353344,True,False,1688.2538668204795,3.8621503431846027
3272.1240000000107,49.1,True,False,-10.24750166383699,253.10892712669855,13.358792465946278,-114.72224793649586,427.8562060668828,0.0,203.5966210567725,-0.4058834965721036,10.339349710368513,0.03988528995930083,-10.191329568586966,-0.48061090218442926,14.58857438153256,10.34731336367499,10.20265579223633,92.24820652170548,182.7,90.45179347829452,10.397865295410156,True,0.09147687901837287,0.007214612770717486,True,False,1688.6292256958068,3.9066292209977034
3272.224000000002,49.2,True,False,-10.299627390958623,254.14670487586153,13.331427091567374,-114.72224793649586,427.8562060668828,0.0,202.67973378123102,-0.4310317468359271,10.493990782713869,0.07516099809472722,-10.204448038271662,-0.48122955351034413,14.696092250471585,10.502839183500054,10.215788841247559,92.35522497262333,182.7,90.34477502737664,10.67162799835205,True,0.30540620740082325,0.08042029558974095,True,False,1692.1922601847211,4.028273092636477
3272.324000000008,49.3,True,False,-10.34469652907204,255.2025584179535,13.335378759486662,-114.72224793649586,427.8562060668828,0.0,201.75221258833824,-0.41632508984058675,10.61770183103831,-0.015965876209457743,-10.125591469973822,-0.47751077215039167,14.74359509584901,10.625860847633243,10.136844635009766,92.24567243189983,182.7,90.45432756810015,10.69590950012207,True,0.12697461168400537,0.013895317397926803,True,False,1695.5226750669003,4.242566307821768
3272.42300000001,49.4,True,False,-7.559107505028813,256.8858486313274,13.248076669378543,-114.72224793649586,427.8562060668828,0.0,201.77909155503673,0.14711153407393607,10.765344680445615,-0.30664377224682055,-10.042194735637402,-0.47357788199519485,15.170212345993047,10.766349794255074,10.05335521697998,89.21690860763029,182.7,93.48309139236969,10.886189460754395,True,0.2100727862902989,0.037914331997610955,True,False,1695.6062605290933,4.180602795875297
3272.524000000005,49.5,True,False,-7.5398874273144685,257.97117183205603,13.196300117855142,-114.72224793649586,427.8562060668828,0.0,200.87056345141363,0.20142922501922966,10.904063445004136,-0.3554732579303432,-10.034092739800618,-0.4731958015706138,15.303853692978123,10.905923773132074,10.045244216918945,88.93978446334249,182.7,93.76021553665751,10.969915390014648,True,0.10551784007515508,0.009596114285027891,True,False,1699.0568054819316,4.389798587674087
3272.623000000007,49.6,True,False,-6.536382036989856,259.2623287959956,13.099089214449195,-114.72224793649586,427.8562060668828,0.0,200.3199366854355,0.45874022656261426,10.929716274688793,-0.664427699390865,-10.079947845220891,-0.4753582734480546,15.52867256795992,10.93933912266476,10.091150283813477,87.59799222497772,182.7,95.10200777502226,10.861360549926758,True,-0.1779874913460482,0.027289011148096558,True,False,1700.8349918326046,4.463851970669668
3272.724000000002,49.7,True,False,-5.753148741123249,260.4975809725267,13.10991151003384,-114.72224793649586,427.8562060668828,0.0,199.70772136530974,0.5921929547225617,10.931094307040526,-0.43102959103349836,-10.089520679572901,-0.4758097168562398,15.627426709970065,10.947123605999744,10.100733757019043,86.89786855279688,182.7,95.80213144720314,10.807340621948242,True,-0.2684422833037381,0.06217564483839724,True,False,1702.2722856980586,4.466425512053844
3272.824000000008,49.8,True,False,-5.783783717720469,261.5571451074926,13.137228134619743,-114.72224793649586,427.8562060668828,0.0,198.80383965688486,0.5302002774927183,10.740351659320224,-0.351520095947489,-10.133360050344072,-0.4778771291007101,15.47773161722256,10.753430434057591,10.144621849060059,87.17819839415995,182.7,95.52180160584003,10.428276062011719,True,-0.5978846810555822,0.3091157636851507,True,False,1706.1323709625954,4.538934365831945
3272.923999999999,49.9,True,False,-5.637427718731176,262.6416765567362,13.167295743755007,-114.72224793649586,427.8562060668828,0.0,197.97812698174806,0.5283733777240764,10.598278450222855,-0.347687395310907,-10.19864375130711,-0.4809558302855384,15.421359496779809,10.611441209126388,10.209978103637695,87.14208879909687,182.7,95.55791120090313,10.327722549438477,True,-0.5233683889757543,0.2366574408806285,True,False,1709.3158322169252,4.496267563993751
3273.024000000005,50.0,True,False,-5.4848434790613965,263.74198256665517,13.033917393017461,-114.72224793649586,427.8562060668828,0.0,197.14534964761353,0.5787262397049463,10.92682702427559,-0.3906314475209258,-10.145480178860403,-0.47844869985226157,15.655315955015995,10.942142060810689,10.156755447387695,86.96375549475648,182.7,95.73624450524349,11.365241050720215,True,0.7527876338384623,0.4894912574006011,True,False,1712.682758102876,4.401594153324873
3273.1240000000107,50.1,True,False,-5.844675387221373,264.7647876661269,13.017158668903049,-114.72224793649586,427.8562060668828,0.0,196.0947132387637,0.5374920151461339,10.972658251911719,-0.3559840597323175,-10.137533459369463,-0.4780739420742656,15.654885392743827,10.985814798165505,10.148799896240236,87.18275079990616,182.7,95.51724920009383,10.859881401062012,True,-0.23846630735079621,0.04907009334357467,True,False,1715.0688661198874,4.790394320035754
3273.224000000002,50.2,True,False,-5.062005577213543,265.9535474914327,13.312160456037777,-114.72224793649586,427.8562060668828,0.0,195.54498103529866,0.6309088045889555,10.484726335252217,0.3921404813696429,-10.108832103394569,-0.47672042048552926,15.345857739125837,10.503691362794285,10.12006664276123,86.53644847898822,182.7,96.16355152101174,9.883499145507812,True,-1.1296436981802263,1.1070120631078773,True,False,1718.587329907055,4.715769412627531
3273.324000000008,50.3,True,False,-4.899979040405962,266.9985654576426,13.429955819495204,-114.72224793649586,427.8562060668828,0.0,194.77194687083804,0.6247895167639931,10.1708131063577,0.389846227231032,-10.047943770896072,-0.47384899961569416,15.073687909064363,10.189985337806712,10.059110641479492,86.48424481805442,182.7,96.2157551819456,9.835844993591309,True,-0.6526081806735426,0.36869535141270626,True,False,1718.5373123435056,4.295065476034106
3273.423999999999,50.4,True,False,-4.818896590997485,268.0098042070859,13.495159202881926,-114.72224793649586,427.8562060668828,0.0,193.98355297420383,0.6236130019392772,10.008216956825637,0.40116653885123066,-10.09575745402833,-0.47610383567337466,14.994195058498414,10.027626829468671,10.106977462768555,86.4340917226758,182.7,96.26590827732419,9.872932434082031,True,-0.293926188574936,0.07472749988655784,True,False,1721.0239341241067,4.115217721672675
3273.524000000005,50.5,True,False,-4.716127902262912,269.0066490368104,13.577884720924278,-114.72224793649586,427.8562060668828,0.0,193.22144863766104,0.6313172023236836,9.816773666660518,0.463463651948229,-10.057278451343414,-0.4742892119708347,14.837521768123388,9.837052741161308,10.068455696105957,86.31582668242419,182.7,96.38417331757579,9.611146926879883,True,-0.4281578209988055,0.15842233294972247,True,False,1724.619348343905,4.109281786011573
3273.6240000000107,50.6,True,False,-4.342450306032973,270.0665451951728,13.535900835406432,-114.72224793649586,427.8562060668828,0.0,192.56499371108757,0.7314855826736356,10.23394526832792,0.4525205268401001,-10.005336132119842,-0.47183967437757107,15.162228456751349,10.260053942976656,10.01645565032959,85.89780602301171,182.7,96.80219397698826,10.671623229980469,True,0.7275908385436622,0.45663006412836804,True,False,1727.8884555203892,4.118482115056046
3273.7230000000127,50.7,True,False,-4.599623773755867,271.0638661958602,13.51653767269471,-114.72224793649586,427.8562060668828,0.0,191.60070509974213,0.7366749401542154,10.503193904644487,0.3829199835145153,-9.923674110825019,-0.46798859121275194,15.297381712113944,10.528996731218616,9.93470287322998,85.99087728339656,182.7,96.70912271660343,10.883078575134277,True,0.6307848074012234,0.34220511924819796,True,False,1730.2929181051272,4.379204664347723
3273.823000000004,50.8,True,False,-4.693244082899115,272.09627757948476,13.566294178166974,-114.72224793649586,427.8562060668828,0.0,190.70274515961788,0.7087865652821749,10.579185093793303,0.37234148470717726,-9.89555003991504,-0.46666229369659595,15.312174873088507,10.602902227402785,9.906547546386719,86.1633672203388,182.7,96.53663277966119,10.616822242736816,True,0.01343710870746051,0.0001550391772586703,True,False,1733.4334422559186,4.694753505258666
3273.92300000001,50.9,True,False,-4.830175162749427,273.1218423316613,13.624312922450253,-114.72224793649586,427.8562060668828,0.0,189.78669863574268,0.6422182404235582,10.526093151942563,0.29163759141706147,-9.965627302671223,-0.46996705351710816,15.278734473386518,10.545666470721747,9.976702690124512,86.5089757313067,182.7,96.19102426869325,10.420059204101562,True,-0.23500748883997247,0.04760257876420226,True,False,1736.0913120255184,4.585066663024226
3274.024000000005,51.0,True,False,-4.171223783434923,274.286727649841,13.680338810243374,-114.72224793649586,427.8562060668828,0.0,189.2223920221202,0.7125168157362852,10.985471444123661,0.9339622138747004,-10.01258363174668,-0.4721814577838277,15.694125959389659,11.008554085908074,10.023711204528809,86.28691406694088,182.7,96.4130859330591,11.81165599822998,True,1.3759241940091567,1.641659345704717,True,False,1739.725625915578,4.459491765212817
3274.123000000007,51.1,True,False,-4.8460885434231065,275.29266874365095,13.707449744279513,-114.72224793649586,427.8562060668828,0.0,188.0117106021566,0.6224568515565798,11.043631356453934,0.9281410051066417,-10.011629110896772,-0.4721364437232245,15.674715062304786,11.061159345624775,10.02275562286377,86.77676096128198,182.7,95.92323903871804,11.282124519348145,True,0.328726676997821,0.09353095945150214,True,False,1738.5298142334225,4.71410796803886
3274.2230000000127,51.2,True,False,-4.882131919754261,276.3938276868953,13.758829509086873,-114.72224793649586,427.8562060668828,0.0,187.09811103026607,0.6879100182478703,11.120072777294576,0.945402011547075,-10.031551161330007,-0.47307594377252066,15.789488441658165,11.141330206287474,10.042699813842773,86.45529995691605,182.7,96.24470004308392,11.323800086975098,True,0.2574612352006618,0.05729911209654247,True,False,1742.830215495359,4.890855761575902
3274.323000000004,51.3,True,False,-5.5549352064277455,277.4409277910481,13.658207243717301,-114.72224793649586,427.8562060668828,0.0,185.85547639900548,0.6222548487881162,11.373579992271896,0.2447748051965561,-10.029348714019644,-0.47297207899396315,15.931021763729795,11.39058922696486,10.040494918823242,86.86913234239432,182.7,95.83086765760567,11.532909393310547,True,0.25298635117680845,0.05522018505934308,True,False,1745.081021882664,5.0004917233632415
3274.42300000001,51.4,True,False,-5.537592488300583,278.58834252992597,13.609286347987533,-114.72224793649586,427.8562060668828,0.0,184.93832504440147,0.5934895807273196,11.646820408675069,0.2533490554246815,-10.04612713291127,-0.4737633291430691,16.12792590380422,11.661931894603141,10.057291984558107,87.08593134413124,182.7,95.61406865586876,11.952646255493164,True,0.5216268176766494,0.23472566553350985,True,False,1749.5453189805135,5.205320777636724
3274.523000000001,51.5,True,False,-5.629821646343547,279.75827183894904,13.53143323998047,-114.72224793649586,427.8562060668828,0.0,183.9406306297054,0.5240488703925414,11.988420885603059,0.23240456520149058,-10.034594768231656,-0.47321947663043207,16.333322870901256,11.999869272159732,10.045746803283691,87.5006394820619,182.7,95.1993605179381,12.407025337219238,True,0.7335818762154727,0.4641720690761647,True,False,1753.24669224336,5.453516401724435
3274.623000000007,51.6,True,False,-5.625817313601083,280.9562393880177,13.512154368592116,-114.72224793649586,427.8562060668828,0.0,182.97986606429617,0.51373285199992,12.051704095543037,0.27398137772434755,-10.038695778470029,-0.47341287536386195,16.377799154222824,12.062648674721187,10.04985237121582,87.5595373814434,182.7,95.1404626185566,12.196367263793945,True,0.23660334920004544,0.04828682655987745,True,False,1756.096197615648,5.699493464890215
3274.7230000000127,51.7,True,False,-7.893610726876713,281.90138060204407,13.315174357417805,-114.72224793649586,427.8562060668828,0.0,180.8733501777859,0.13184244448717133,12.192629646901699,-0.4747418199786166,-10.110063835389509,-0.4767785074918765,16.291425573853008,12.193342451382007,10.121299743652344,89.37953641007148,182.7,93.3204635899285,12.207707405090332,True,0.009342365356991067,7.483615364697351e-05,True,False,1756.3423842186103,5.707863294298204
3274.823000000004,51.8,True,False,-8.147049975986857,283.1140294742979,13.169591991952238,-114.72224793649586,427.8562060668828,0.0,179.7458497575972,0.13427943583180577,12.557946352500416,-0.48629595008764587,-10.026206987709271,-0.47282391894219733,16.523814881257753,12.558664242632089,10.037349700927734,89.39232897453437,182.7,93.30767102546564,12.90986156463623,True,0.6201268082281342,0.3312824767329737,True,False,1761.4379936976934,5.898112968390147
3274.923999999999,51.9,True,False,-7.99365357358868,284.37688140379066,13.185099349763489,-114.72224793649586,427.8562060668828,0.0,178.82200496711525,0.15988442618747303,12.483247428861416,-0.43463237964144297,-9.95712330304336,-0.46956601507498763,16.435608340026118,12.484271280291551,9.968189239501953,89.26807798250188,182.7,93.4319220174981,12.248841285705566,True,-0.44031049525219146,0.16715135239012588,True,False,1764.9987983218641,6.272872079940663
3275.024000000005,52.0,True,False,-7.967365026984733,285.62089398708036,13.181201183984657,-114.72224793649586,427.8562060668828,0.0,177.8411904690874,0.15190733860613764,12.434143685390955,-0.4359566334740889,-10.173238445372812,-0.4797577464709409,16.534130931266482,12.435071573114092,10.184544563293457,89.30113864416583,182.7,93.39886135583414,12.313004493713379,True,-0.23504458605057543,0.04763400339476443,True,False,1770.2375321807365,6.284924765064969
3275.1240000000107,52.1,True,False,-9.25233640420132,286.6983432240584,13.431369382910828,-114.72224793649586,427.8562060668828,0.0,176.2085255627084,-0.10828086139850973,12.067327960890784,0.38053275370646106,-10.085835009744269,-0.47563590507931985,16.027399331338923,12.067813756461513,10.097043991088867,90.52845812807986,182.7,92.17154187192014,11.657340049743652,True,-0.7532273241458238,0.48911442450716275,True,False,1769.512062331651,5.950102281136937
3275.224000000002,52.2,True,False,-9.178266045774603,287.9326077685025,13.416178576729264,-114.72224793649586,427.8562060668828,0.0,175.2659278756581,-0.08873772364117824,12.301796639644778,0.39074287353725096,-10.24508090487039,-0.4831457508566205,16.328075782018548,12.302116685626606,10.25646686553955,90.4103056143996,182.7,92.2896943856004,12.538874626159668,True,0.4159550838672068,0.14984978847109265,True,False,1772.57479276175,5.764567505697832
3275.324000000008,52.3,True,False,-9.044892142356144,289.14890154669314,13.567178416143072,-114.72224793649586,427.8562060668828,0.0,174.37723433664678,-0.043484774051802094,11.955844918548856,0.3890936401958167,-10.415269495608168,-0.4911716410592195,16.201917773691722,11.955923997833242,10.426844596862793,90.21256807885453,182.7,92.48743192114547,11.515130043029785,True,-0.8081723894617507,0.5645597698070061,True,False,1777.570938243329,6.026802985033294
3275.42300000001,52.4,True,False,-9.017505941503682,290.3567864469897,13.580296915179906,-114.72224793649586,427.8562060668828,0.0,173.43466457440192,-0.015360266821022527,12.08595044622886,0.3865931466547183,-10.359633885631014,-0.48854793229533855,16.28256755466766,12.08596020705415,10.371147155761719,90.07214192927295,182.7,92.62785807072706,12.191720008850098,True,0.1801662230181016,0.028032739595574986,True,False,1780.4954406352306,5.81899585017217
3275.523000000001,52.5,True,False,-8.82510529107428,291.5690894450854,13.546517456190418,-114.72224793649586,427.8562060668828,0.0,172.5931139343287,0.04922119738505821,11.86708786864983,-0.2048462576416804,-10.441648374704744,-0.49241563741866384,16.211590646667556,11.867189945750761,10.453252792358398,89.75956151999186,182.7,92.94043848000811,11.509631156921387,True,-0.6512624435077559,0.36562632423212355,True,False,1784.8541489984677,5.879439789237688
3275.623000000007,52.6,True,False,-8.81139851124957,292.736873140221,13.625823721118646,-114.72224793649586,427.8562060668828,0.0,171.680931254823,0.06578705490244371,11.62483894935265,-0.1910162535989095,-10.478762279208107,-0.4941658847251516,16.06417750237753,11.62502509825158,10.490407943725586,89.67562631510292,182.7,93.02437368489706,11.264869689941406,True,-0.6550116377775357,0.37019182301246206,True,False,1788.979337592731,5.754224808079194
3275.7230000000127,52.7,True,False,-8.779916573605991,293.90036775296846,13.623242002474717,-114.72224793649586,427.8562060668828,0.0,170.78625293912833,0.08583609537963371,11.62199433145545,-0.1921182228709419,-10.472264488073163,-0.4938594566738797,16.070700076400968,11.62231130522895,10.483902931213379,89.57647349615634,182.7,93.12352650384364,11.568167686462402,True,-0.1009220329615701,0.008788246435119723,True,False,1793.1032822614868,5.628428536260618
3275.823000000004,52.8,True,False,-9.943260351986606,294.96663535018376,13.648646824167653,-114.72224793649586,427.8562060668828,0.0,169.22846759485623,-0.11646862145049591,11.762400988213335,0.06837360420951008,-10.482947119620922,-0.49436323678925326,16.052792458645104,11.762977596990678,10.494597434997559,90.56822350820812,182.7,92.13177649179184,11.92497444152832,True,0.29258532392517367,0.07397500302546674,True,False,1797.2708050197057,5.577208482676963
3275.923999999999,52.9,True,False,-8.150503525288583,296.29990437566687,13.5817232068244,-114.72224793649586,427.8562060668828,0.0,169.30622322146908,0.22036291077434353,11.756102187871958,-0.46664232789432236,-10.556611932797015,-0.497837181192831,16.31876885183701,11.758167308902046,10.568344116210938,88.92768690578386,182.7,93.77231309421614,11.651129722595215,True,-0.2106497622513963,0.03827254716163965,True,False,1800.863964537296,5.768225578194455
3276.024000000005,53.0,True,False,-8.917241263791047,297.3886320858367,13.684568126375606,-114.72224793649586,427.8562060668828,0.0,167.9776392783005,0.07147177308422337,11.517049406795552,-0.23647788724917074,-10.542061681837458,-0.4971510087760113,16.03084851229846,11.51727117215348,10.55377769470215,89.64602593625256,182.7,93.05397406374743,11.129937171936035,True,-0.7041424594048511,0.4288047459352101,True,False,1805.0685040106341,5.77799366128835
3276.1240000000107,53.1,True,False,-8.85232965450726,298.51394003884326,13.80964329778315,-114.72224793649586,427.8562060668828,0.0,167.1462275323709,0.07868809310530833,11.16036904761241,-0.19574320530936837,-10.599908312665542,-0.4998789866363594,15.81119240973129,11.16064644610256,10.611688613891602,89.59830518504255,182.7,93.10169481495744,10.626379013061523,True,-0.9688072176314062,0.8113039946234769,True,False,1808.7949694027552,5.650723139023845
3276.224000000002,53.2,True,False,-8.909213549556181,299.62554397695806,13.798521456060959,-114.72224793649586,427.8562060668828,0.0,166.2513186299349,0.07779197771459345,11.206056524868325,-0.20282222927545906,-10.658343659945967,-0.502634727659834,15.885781670326283,11.20632653595016,10.670188903808594,89.60299011535331,182.7,93.09700988464667,11.175918579101562,True,-0.05831120112117638,0.0029377097293037677,True,False,1810.2724568350286,5.355760132056921
3276.323000000004,53.3,True,False,-8.897823876349115,300.73392601558595,13.882133485026824,-114.72224793649586,427.8562060668828,0.0,165.4052079382693,0.08790295764085347,11.0379147745769,-0.06154216974416264,-10.669494978378111,-0.5031606104875995,15.777136349718434,11.038264786676619,10.681352615356445,89.54662232344866,182.7,93.15337767655132,10.796292304992676,True,-0.4376562719640127,0.16557753220846758,True,False,1815.310161281397,5.377649015926189
3276.42300000001,53.4,True,False,-8.848802984837304,301.82024193911934,13.960680259018858,-114.72224793649586,427.8562060668828,0.0,164.60331284499335,0.08583512787905401,10.822114112780381,-0.03382779738957137,-10.68927889954664,-0.5040935965261297,15.63285205515552,10.822454506220772,10.701158523559572,89.5511921465311,182.7,93.14880785346887,10.515623092651367,True,-0.5550978319570934,0.2661317186672631,True,False,1820.0545790365807,5.335138284541791
3276.523000000001,53.5,True,False,-8.780695630063592,302.8958409644335,14.01162659980317,-114.72224793649586,427.8562060668828,0.0,163.82522806831054,0.1001962005173395,10.695643021704024,-0.015284574586119275,-10.729578350678832,-0.5059940703981435,15.580779517498325,10.696112327678879,10.74150276184082,89.4638103269855,182.7,93.23618967301451,10.511726379394531,True,-0.3336435751070983,0.09612597801630095,True,False,1824.2507859316852,5.224671545469775
3276.6240000000107,53.6,True,False,-8.648731240583626,303.94605504645676,14.134826327488401,-114.72224793649586,427.8562060668828,0.0,163.11136217364736,0.12269572734682552,10.380951413840853,0.03608342843108268,-10.770563685056468,-0.5079268897029261,15.402297599231725,10.38167647820108,10.782533645629883,89.32998272420845,182.7,93.37001727579153,9.944552421569824,True,-0.7916155753873539,0.5406653507533105,True,False,1829.3744112390136,5.230109597909609
3276.7230000000127,53.7,True,False,-8.659362199415892,304.9546869667541,14.260684154114971,-114.72224793649586,427.8562060668828,0.0,162.33951807245268,0.10246050514458505,10.107503368982531,0.14592615046492186,-10.680130931760555,-0.5036621893165764,15.128156285577344,10.108022680480476,10.692000389099121,89.42667654774488,182.7,93.27332345225511,9.672849655151367,True,-0.7904648441201214,0.5385492080212301,True,False,1831.2906381650068,5.026452714310538
3276.823000000004,53.8,True,False,-8.701675892258537,305.9379930272217,14.362861819885376,-114.72224793649586,427.8562060668828,0.0,161.56859957111564,0.06376515369069305,9.843592016831947,0.21330629759901673,-10.763097083837337,-0.5075747737278683,14.978905161472879,9.843798544701269,10.77505874633789,89.63409410024967,182.7,93.06590589975029,9.524126052856445,True,-0.5836195959425208,0.2935291350795681,True,False,1833.0900924577936,4.750570552212091
3276.92300000001,53.9,True,False,-8.614383535264611,306.9318348597436,14.374099609890388,-114.72224793649586,427.8562060668828,0.0,160.87753864238496,0.055414008293272504,9.877811226933863,0.2522722536932527,-10.750002429543107,-0.506957245507258,14.986675435908783,9.87796666056612,10.761949539184572,89.67651278733692,182.7,93.02348721266307,9.917963981628418,True,0.0666683345413297,0.0038310183405554678,True,False,1836.6087512984727,4.597417703312819
3277.023000000001,54.0,True,False,-9.039974826332536,307.88688847218845,14.35817612428455,-114.72224793649586,427.8562060668828,0.0,159.87926699190172,0.0014526887233058793,9.831205987722473,0.0850719172188549,-10.814975577814458,-0.5100213013989159,14.964494722189121,9.83120609504931,10.826994895935059,89.99326327385693,182.7,92.70673672614303,9.68625545501709,True,-0.2633404384806681,0.059788572466804385,True,False,1840.1503820186322,4.572253079209531
3277.123000000007,54.1,True,False,-5.544112188094365,309.10651144970296,14.54590454811054,-114.72224793649586,427.8562060668828,0.0,161.3113613393981,0.4901428962907822,9.773286775966017,0.5065120945221513,-10.806781178262664,-0.5096348633257535,15.276091482641762,9.78556970564599,10.818791389465334,87.13173272985645,182.7,95.56826727014354,9.773391723632812,True,-0.045745599779298374,0.0018066671151696816,True,False,1841.0944690789383,4.432977366402693
3277.224000000002,54.2,True,False,-2.064792683015797,310.31384764413184,14.670200400955988,-114.72224793649586,427.8562060668828,0.0,162.81249413903197,0.9606951874078197,9.741532442029577,0.8622168409279589,-10.89065231517718,-0.5135901257386154,15.672331559374827,9.788788973219479,10.902755737304688,84.36457512988412,182.7,98.33542487011586,9.959173202514648,True,0.242139368520375,0.05017826479807683,True,False,1839.4565881095377,4.260076479640447
3277.324000000008,54.3,True,False,-5.029721015297717,311.12187374022733,14.507691380254855,-114.72224793649586,427.8562060668828,0.0,160.1853763803295,0.5454364065316651,10.088699359697047,0.5850469755625817,-10.75817682416691,-0.5073427401719646,15.493475409068823,10.103432864324965,10.770133018493652,86.9086727258065,182.7,95.7913272741935,10.587594032287598,True,0.8428404101670335,0.6153476553844743,True,False,1840.6497423714043,4.2330499897741545
3277.423999999999,54.4,True,False,-5.044034424656415,312.14303602785014,14.49301671862812,-114.72224793649586,427.8562060668828,0.0,159.43289572616663,0.5506772540470627,10.2849000830554,0.6510385012485731,-10.921051232184542,-0.5150237022734544,15.755599265998407,10.299631797135167,10.933188438415527,86.93601725462403,182.7,95.76398274537593,10.554681777954102,True,0.4235177181687799,0.15517970370866108,True,False,1841.745534496551,4.513282884948612
3277.524000000005,54.5,True,False,-5.062862234164187,313.166375761047,14.553809402842068,-114.72224793649586,427.8562060668828,0.0,158.67872588407735,0.5589423861884362,10.259838608914146,0.651732736418173,-10.964158994160574,-0.5170566127229714,15.77730446052006,10.275052548383554,10.976344108581543,86.87972723327049,182.7,95.8202727667295,10.290239334106445,True,-0.009872105122402886,8.42478250649492e-05,True,False,1846.0171604959805,4.706084959345716
3277.6240000000107,54.6,True,False,-5.419549582690557,314.15910564240926,14.634146566345178,-114.72224793649586,427.8562060668828,0.0,157.71528306526218,0.5320541616457231,10.208965351205793,0.6592423880879945,-10.924370144999987,-0.5151802182286855,15.69257646431343,10.222820314034916,10.936511039733887,87.01413993448233,182.7,95.68586006551766,10.194540023803711,True,-0.08951822837394197,0.006925694620764948,True,False,1849.8168963462979,4.689393011890032
3277.724000000002,54.7,True,False,-6.090127009266929,315.13773432528825,14.729539783616747,-207.7526877252398,395.36675858968334,0.0,217.03567616624773,0.3886313842984712,10.191106231947552,0.9328716854761665,-9.183326368709588,-6.043796391120055,18.846602834618725,10.198513645806528,10.993678092956545,87.81587876545035,213.35,125.53412123454963,10.248298645019531,True,0.01301541891841218,0.00014659533872605517,True,False,1854.8100118089314,4.705654181957711
3277.824000000008,54.8,True,False,-7.411403620392579,316.09626832450647,14.797463189110697,-207.7526877252398,395.36675858968334,0.0,215.45403394613112,0.14099269809461493,10.254072794989414,1.0725467784302205,-9.126570407863365,-6.006443752482957,18.716092656148515,10.255042068458716,10.92573356628418,89.21838739315115,213.35,124.13161260684885,10.4933500289917,True,0.33031151569837824,0.0941571323952992,True,False,1858.944936392503,4.667419104813389
3277.923999999999,54.9,True,False,-7.401239564108193,317.1129545788809,14.927779531492211,-207.7526877252398,395.36675858968334,0.0,215.09151685369577,0.14932956467386882,10.122916567802696,1.0653138383482033,-9.171027982527484,-6.03570248929846,18.653954932940785,10.124017935463172,10.978955268859863,89.1518109781526,213.35,124.19818902184741,10.08965015411377,True,-0.16323592153709932,0.02302064901052974,True,False,1863.8107280077743,4.802671334609834
3278.023000000001,55.0,True,False,-5.843000389475381,318.1794277708121,15.122558205901784,-207.7526877252398,395.36675858968334,0.0,216.16060205080856,0.39348297613895983,9.882593875919987,1.4237575533715687,-9.250711774226609,-6.0881445558619305,18.656767631060177,9.89042418548782,11.074347496032717,87.71739382299903,213.35,125.63260617700097,9.829460144042969,True,-0.29424235032184143,0.07488457560823945,True,False,1867.9062844304153,4.712644040089067
3278.123000000007,55.1,True,False,-5.937188109896544,319.1353098504964,15.327802690797558,-207.7526877252398,395.36675858968334,0.0,215.7330054995431,0.3529409544608419,9.549539729187686,1.4538915614574348,-9.210407035886321,-6.061618913371856,18.307536670662127,9.556059666864254,11.026097297668457,87.88292062959168,213.35,125.46707937040833,9.424899101257324,True,-0.4354263464449488,0.1640437977079175,True,False,1872.7247386667914,4.555437697999285
3278.2230000000127,55.2,True,False,-5.942246790014405,320.0817800017391,15.486207214318116,-207.7526877252398,395.36675858968334,0.0,215.39564079028463,0.3135583046281677,9.45844280687028,1.463265438247386,-9.227570446321186,-6.0729146197293025,18.227896240515044,9.46363878966423,11.046644210815431,88.10207586836961,213.35,125.24792413163037,9.530710220336914,True,-0.08203951045980062,0.005817764724277615,True,False,1876.9143207055804,4.414405818684934
3278.3250000000116,55.3,True,False,-6.6512066381271016,320.9462001523925,15.808799332154086,-207.7526877252398,395.36675858968334,0.0,214.43000073112105,0.13526227895863324,8.883598703994602,1.5788540467302106,-9.240118974572287,-6.081173146837332,17.659053490957856,8.8846284006549,11.061666488647463,89.14989692787891,213.35,124.20010307212107,8.51517391204834,True,-0.9195735182407407,0.730356179801026,True,False,1879.345338378824,4.210201378275076
3278.423999999999,55.4,True,False,-6.353537413583667,321.77471544520813,16.192443395611406,-207.7526877252398,395.36675858968334,0.0,214.4234281985888,0.13549219249790365,8.05351454384903,1.462939668249036,-9.234661257009545,-6.077581274743813,16.955460616024812,8.054654222386938,11.055132865905762,89.05608055544815,213.35,124.29391944455183,7.3291144371032715,True,-1.5491153370041317,2.0747221871578057,True,False,1878.579730548468,3.7606132475499434
3278.524000000005,55.5,True,False,-6.478497093753956,322.56242309848176,16.33424217092745,-207.7526877252398,395.36675858968334,0.0,214.03684514745385,0.1388918017716331,7.8477970564830155,1.3964516939065594,-9.26283091848029,-6.096120493704392,16.817408443482773,7.849026026988499,11.088855743408203,88.98727962914126,213.35,124.36272037085875,7.967062950134277,True,-0.0094397750336368,7.698510860630126e-05,True,False,1867.5235261611906,2.9566684773616396
3278.6240000000107,55.6,True,False,-6.720979866044999,323.27998207238574,16.699757664132004,-207.7526877252398,395.36675858968334,0.0,213.56556584206044,0.0911201451695938,7.168170790993988,1.2882032229354743,-9.254950646676082,-6.090934272897343,16.22198835967711,7.168749916806632,11.079421997070312,89.33228412210637,213.35,124.01771587789362,6.510453701019287,True,-1.3995578445299692,1.689443570804426,True,False,1869.7332255927372,2.8785886585487876
3278.724000000002,55.7,True,False,-6.454816998070007,323.9635697023303,16.956352729920873,-207.7526877252398,395.36675858968334,0.0,213.58662912873405,0.09644754484641185,6.6511516286633015,1.2060051476329063,-9.332293140474624,-6.141835467751157,15.89218895432769,6.651850878994311,11.172011375427246,89.1755573019462,213.35,124.17444269805375,6.288703918457031,True,-0.8531035614560558,0.6285915600678109,True,False,1862.884442908357,2.3434480665560575
3278.824000000008,55.8,True,False,-6.349832865029588,324.6163702068621,17.10772431151812,-207.7526877252398,395.36675858968334,0.0,213.46832880350883,0.09971356228616322,6.449898772965509,1.184512616875411,-9.282404933694727,-6.109002684510092,15.67642029582039,6.4506694982773505,11.112288475036621,89.11280833833071,213.35,124.23719166166929,6.447119235992432,True,-0.20179023509505623,0.035124396267770905,True,False,1862.5576731536005,2.068377013405779
3278.92300000001,55.9,True,False,-2.8851582753889753,325.4236826764414,17.15360127030567,-207.7526877252398,395.36675858968334,0.0,216.4780323522251,0.5090238526155012,6.79024476340613,1.6002307885526168,-9.289103802032939,-6.113411391623565,16.2020877575707,6.809297263998386,11.120307922363281,85.6232571928197,213.35,127.72674280718029,7.737316131591797,True,1.3456848213549906,1.5629387473136567,True,False,1863.6123571326707,1.9133610486844452
3279.024000000005,56.0,True,False,-2.044156986948739,326.1838812316501,17.116770749593705,-207.7526877252398,395.36675858968334,0.0,217.030574201063,0.6381710410275965,7.157189790631303,1.662330768849634,-9.293450219639466,-6.116271887046458,16.577752735944465,7.1855847345030455,11.125511169433594,84.84527214516021,213.35,128.5047278548398,8.112841606140137,True,1.3364831822542875,1.5410991797627593,True,False,1857.2305053705968,2.045536491783203
3279.1240000000107,56.1,True,False,-2.051605333578738,326.87304023678945,17.33099134272623,-207.7526877252398,395.36675858968334,0.0,216.8048079515454,0.6200386741776123,6.84935909990073,1.6016430320612387,-9.33131806438401,-6.141193743704672,16.364105967654336,6.8773663590700815,11.170844078063965,84.82743910360819,213.35,128.5225608963918,6.8634538650512695,True,-0.35848860067301125,0.1108651924710257,True,False,1852.2069756131627,2.216603057979352
3279.2230000000127,56.2,True,False,-1.952026591898915,327.5634658551822,17.45907719359224,-207.7526877252398,395.36675858968334,0.0,216.68225268480265,0.6276487435104094,6.8331741095678025,1.6250847118993221,-9.33061304613222,-6.1407297520534145,16.3550958200081,6.861939329147258,11.170000076293945,84.75175120244151,213.35,128.59824879755848,7.175136566162109,True,0.2234638607538395,0.043084835612032045,True,False,1854.767712192332,2.1120198071784944
3279.324000000008,56.3,True,False,-0.35661454581504143,328.31639744072976,17.574916998294892,-207.7526877252398,395.36675858968334,0.0,217.96532316047526,0.772015001845083,6.701765453443663,1.1623942443802602,-9.34063705140035,-6.147326822050896,16.351296702530444,6.74608533566281,11.182000160217285,83.42657865754941,213.35,129.9234213424506,6.714008808135986,True,-0.23817158568825292,0.04892822821896368,True,False,1853.9852114091566,2.0621986547504663
3279.423999999999,56.4,True,False,-2.4365307896821706,328.904770608089,17.679793684041496,-207.7526877252398,395.36675858968334,0.0,215.80528294101634,0.606617856227471,6.718777063568603,1.1977192157177328,-9.359348315465983,-6.159641212903702,16.284168355771634,6.746106317975544,11.204400062561035,84.83982443241199,213.35,128.510175567588,7.0255537033081055,True,0.3146533227202477,0.08552231990579094,True,False,1855.080004027796,1.9383073404172402
3279.5250000000087,56.5,True,False,-2.3950029705342524,329.6118154750981,17.65580217006364,-207.7526877252398,395.36675858968334,0.0,215.62813181914683,0.6491981282606077,7.001746470829855,1.2168941963323774,-9.32724807766265,-6.13851517495182,16.49836219202626,7.031778711785191,11.165971755981447,84.70172220881346,213.35,128.6482777911865,7.647749423980713,True,0.925442042872815,0.7395829613014255,True,False,1857.4408383734421,1.981776217065366
3279.623000000007,56.6,True,False,-2.1513223962234376,330.3102189115926,17.772034012660402,-207.7526877252398,395.36675858968334,0.0,215.6484982095694,0.661199329793771,6.86840710635693,1.227550629649962,-9.356666059586003,-6.157875947491518,16.43294487177245,6.900159471517604,11.201189041137695,84.50557178529229,213.35,128.84442821470773,6.994812965393066,True,-0.024762852921834444,0.0005295998619497845,True,False,1856.3799240836472,2.1261558732886883
3279.724000000002,56.7,True,False,-2.628776654487554,331.0626776097704,17.60478132653412,-207.7526877252398,395.36675858968334,0.0,214.9670526467558,0.7181705802455585,7.627183889945418,1.3756751637022444,-9.3418805920682,-6.148145229923905,17.0576763350197,7.660920510837661,11.183488845825197,84.63026898437754,213.35,128.71973101562244,8.883309364318848,True,1.9887229452257777,3.4178452902156935,True,False,1858.3471224369505,2.0575159250290125
3279.824000000008,56.8,True,False,-2.547570243415045,331.8396473534124,17.69442359666868,-207.7526877252398,395.36675858968334,0.0,214.8134867804046,0.7517752899804157,7.72560011472925,1.3789214326065231,-9.261271115387625,-6.0950939449437564,17.066712706527127,7.762091420443961,11.08698844909668,84.44207873107271,213.35,128.90792126892725,8.087785720825195,True,0.36932716946840305,0.11781964909464791,True,False,1845.475806154301,2.2934769916565254
3279.92300000001,56.9,True,False,-2.5179495954187545,332.6246674917529,17.780270926974925,-207.7526877252398,395.36675858968334,0.0,214.6109683370289,0.7619855794271835,7.81590051077493,1.3773088823419255,-9.211620304584038,-6.0624173984395,17.09036343436866,7.852956310688784,11.027549743652344,84.43122290281003,213.35,128.91877709718997,8.176328659057617,True,0.36837952972567134,0.1171387326433686,True,False,1848.116032533987,2.3815449552234327
3280.023000000001,57.0,True,False,-2.494355278024457,333.3686138347636,18.002386170238434,-207.7526877252398,395.36675858968334,0.0,214.41724042637887,0.7081564362243911,7.399038771583763,1.329902161436008,-9.134311269278802,-6.011538223528458,16.63483531255138,7.432850077969136,10.935000419616701,84.52780367652979,213.35,128.8221963234702,7.200985908508301,True,-0.6333169257264952,0.3462342036025562,True,False,1850.8727757882925,2.4466927007831947
3280.1240000000107,57.1,True,False,-2.42151337331359,334.11362449198026,18.090769512430466,-207.7526877252398,395.36675858968334,0.0,214.27281114862035,0.7190990921522047,7.351678861856283,1.315101737396643,-8.927743311396187,-5.8755902425631,16.371384068539435,7.386764216637662,10.687710762023926,84.41321490262294,213.35,128.93678509737703,7.661139488220215,True,0.2866604617100741,0.07087002510931709,True,False,1852.500960762326,2.2281508863196517
3280.2230000000127,57.2,True,False,-1.1723551867451212,334.90614170119255,18.084637574058775,-207.7526877252398,395.36675858968334,0.0,215.24618460323964,0.8979024395501394,7.460384565019266,0.676492335301028,-8.953335075620831,-5.892432877361568,16.59351120859783,7.514224287904095,10.718347549438477,83.13624882648382,213.35,130.2137511735162,7.5695624351501465,True,0.045156140922061105,0.0017602596298945754,True,False,1853.3411806324752,2.2725078102541305
3280.324000000008,57.3,True,False,-1.0130906124086763,335.6526789019583,18.12620546310702,-207.7526877252398,395.36675858968334,0.0,215.19068829140284,0.8663827859274138,7.405903480366396,0.6772514848373665,-9.34481378664797,-6.1500756449068765,16.97153810026127,7.456408350690998,11.187000274658203,83.33850788355589,213.35,130.0114921164441,7.5678534507751465,True,0.1461796997258249,0.01844430647591261,True,False,1856.4934113565664,2.2677681525463202
3280.423999999999,57.4,True,False,1.3315325573671353,336.43895318891975,18.15756718334661,-207.7526877252398,395.36675858968334,0.0,217.2295960971616,1.0707055245720116,7.268756284362952,0.3732279752286064,-9.402395853626517,-6.187971966416692,17.051961403115918,7.347191860963951,11.25593376159668,81.62057944482548,213.35,131.72942055517453,7.2317023277282715,True,-0.22613762017588002,0.044152173525007464,True,False,1854.4169965782435,2.2413459072548694
3280.523000000001,57.5,True,False,-1.5711944798653592,337.15705700396023,18.1038997561152,-207.7526877252398,395.36675858968334,0.0,214.2409333334583,0.8634855215895791,7.719464769880926,0.49997501514522025,-9.467142817957173,-6.230583701385725,17.35873653929155,7.76760861394468,11.333444595336914,83.62703260038857,213.35,129.72296739961143,8.322732925415039,True,0.9743719086007836,0.8208030787784458,True,False,1853.357647220108,2.164262111631763
3280.623000000007,57.6,True,False,-1.2940373662034943,337.94113785557585,18.142907762853785,-207.7526877252398,395.36675858968334,0.0,214.29623474240597,0.9495265423592049,7.866167298135253,0.49313596380816804,-9.418027343046472,-6.198259473965813,17.472672205320613,7.923268808824871,11.274646759033203,83.11995488972107,213.35,130.23004511027892,7.999728679656982,True,0.11057601193360078,0.010561690356036837,True,False,1852.8841107108046,2.429030408201031
3280.724000000002,57.7,True,False,-0.20469103413167394,338.7191379964326,18.28262202089456,-207.7526877252398,395.36675858968334,0.0,215.13977746890302,1.0358729823581847,7.690489694923678,0.28677690760860236,-9.458037327993354,-6.224591131245757,17.428471763196296,7.759939728071792,11.322544097900392,82.33406445054389,213.35,131.0159355494561,7.442119121551514,True,-0.584675480825311,0.2951797127807445,True,False,1855.485155630046,2.5228639655825464
3280.823000000004,57.8,True,False,-0.0845869171639945,339.46234437530967,18.405589513472897,-207.7526877252398,395.36675858968334,0.0,215.06125551080885,0.9663331912851908,7.457863359484562,0.2826341963915355,-9.49642059286096,-6.249852199879523,17.244439179170104,7.520207824609754,11.368494033813478,82.61805520214858,213.35,130.7319447978514,7.242234230041504,True,-0.5129228267858323,0.2270290502070069,True,False,1857.7358905444862,2.416743924331579
3280.92300000001,57.9,True,False,0.13944944499881837,340.2124801179614,18.4280370797946,-207.7526877252398,395.36675858968334,0.0,215.08401877160836,0.9905241068543368,7.482289489948473,0.24008183974761108,-9.4842648035908,-6.241852144956883,17.264798473579905,7.547568748786126,11.353941917419434,82.4536129982445,213.35,130.8963870017555,7.578390598297119,True,0.048910597599221006,0.002063765762119829,True,False,1860.2052864805082,2.341549910356032
3281.024000000005,58.0,True,False,-0.007822924777957799,340.9963627603232,18.30602060914099,-207.7526877252398,395.36675858968334,0.0,214.7418654887851,1.0205596993345316,7.819823494200107,0.12205812537419852,-9.496917690475783,-6.250179353314986,17.566511058666546,7.8861385722259385,11.369089126586916,82.56299944656364,213.35,130.78700055343637,8.289812088012695,True,0.7287709801279441,0.45859945923961337,True,False,1862.9352221946356,2.362617196161458
3281.123000000007,58.1,True,False,-0.10294107556008626,341.82433941969833,18.187797119237313,-207.7526877252398,395.36675858968334,0.0,214.4416189414978,1.0805501633755359,8.29220554391263,0.15224069134869547,-9.554930734713334,-6.288359312659072,18.047335688968246,8.362311967277126,11.438538551330566,82.57850683962705,213.35,130.77149316037296,8.79394245147705,True,0.7783890437189545,0.523298894994702,True,False,1864.195722797719,2.6251870529841934
3281.224000000002,58.2,True,False,-0.04933195836023957,342.68285200453414,18.109776549098456,-207.7526877252398,395.36675858968334,0.0,214.28083911048992,1.143107072646208,8.585648489347632,0.17123983909965418,-9.516965701012046,-6.26337349330995,18.2792397375038,8.66141176495905,11.393089294433596,82.41575923764371,213.35,130.93424076235627,8.945552825927734,True,0.510981192260715,0.22551562584627383,True,False,1865.359722185863,2.8757607346656644
3281.323000000004,58.3,True,False,-0.05203794492611091,343.57566190104075,18.045844227478845,-207.7526877252398,395.36675858968334,0.0,214.0604531794158,1.2154541049771812,8.942669351758301,0.12053269619488978,-9.515507866660883,-6.262414052946333,18.610430037502265,9.02489134650291,11.391344070434572,82.25885398253557,213.35,131.0911460174644,9.313032150268555,True,0.5203587673441366,0.23363335879988903,True,False,1867.9466339455767,3.132574441610183
3281.42300000001,58.4,True,False,0.08385335856615941,344.4985287264472,17.98587362667391,-207.7526877252398,395.36675858968334,0.0,213.97103686971187,1.2593894906973708,9.232298421465323,0.10450598498276999,-9.573823630599769,-6.300793240344066,18.937672589460853,9.317799956656618,11.461155891418457,82.23143922170652,213.35,131.11856077829347,9.587082862854004,True,0.4871474401209692,0.20453387335756315,True,False,1870.7166959626034,3.367852951480323
3281.523000000001,58.5,True,False,0.18297954997156124,345.4327680185043,17.94978512737078,-207.7526877252398,395.36675858968334,0.0,213.84724721059658,1.2196173210112207,9.307669747142441,0.11579015330988324,-9.479602920190253,-6.238784032930716,18.872348526499987,9.387235084495392,11.348361015319826,82.53421822982321,213.35,130.81578177017676,9.520160675048828,True,0.23975813536392288,0.04953074846447433,True,False,1873.7913115882086,3.5299685000132586
3281.623000000007,58.6,True,False,0.6081324508968436,346.40028115682077,17.73630321116061,-207.7526877252398,395.36675858968334,0.0,214.037256795763,1.2579412294971957,9.60713785591662,-0.6018234565368535,-9.543960332063138,-6.281139392851767,19.2124551080639,9.68914412729293,11.425405502319338,82.53859761423125,213.35,130.81140238576876,9.958404541015625,True,0.4542041506724086,0.17784711788696267,True,False,1876.533373836837,3.6090856141836047
3281.7230000000127,58.7,True,False,0.47400923344934703,347.3700876426554,17.671467498630665,-207.7526877252398,395.36675858968334,0.0,213.68677485591627,1.2461644802641958,9.675225521602705,-0.6501183708161778,-9.570646666997344,-6.2987023943494735,19.291702269617314,9.755148118083317,11.457352638244629,82.65335379302041,213.35,130.69664620697955,9.789599418640137,True,0.023222013590489254,0.0004648868729002502,True,False,1879.81631370488,3.8215254699330106
3281.823000000004,58.8,True,False,-1.0033913596921633,348.37821480073416,17.54894923157509,-207.7526877252398,395.36675858968334,0.0,212.021684728367,1.0924975451274335,9.973240324593077,-0.7487529590011569,-9.512009064218093,-6.260111396073652,19.390133277379153,10.032899553877677,11.387155532836916,83.7484515141936,213.35,129.60154848580638,10.177875518798828,True,0.2120630062116966,0.038795122716179076,True,False,1880.3641142244796,3.883767998925553
3281.92300000001,58.9,True,False,-0.8528783348083956,349.37243601879305,17.495276405374966,-207.7526877252398,395.36675858968334,0.0,211.9504867523355,1.1494614134631567,10.012483794879271,-0.7612485622663229,-9.609985888816533,-6.324592604205284,19.561844788262157,10.078248522623399,11.504446983337402,83.45131473436888,213.35,129.8986852656311,10.02262020111084,True,-0.15261969150397725,0.020111324506961657,True,False,1884.5418218061336,4.10453579921857
3282.023000000001,59.0,True,False,-0.9999908148012904,350.42261663254203,17.34128498588816,-207.7526877252398,395.36675858968334,0.0,211.5813166988128,1.1788422276770893,10.488659029793784,-0.44071245076354804,-9.57769366299209,-6.303340213724641,19.941772813909438,10.554697401679944,11.465788841247559,83.59874683884657,213.35,129.75125316115341,11.072405815124512,True,0.9176400994799341,0.7291746890189426,True,False,1887.759196251262,4.107042030760264
3282.1240000000107,59.1,True,False,-0.9152740765954388,351.49934632049286,17.22578790844997,-207.7526877252398,395.36675858968334,0.0,211.43808915154227,1.1985081180052393,10.75415645380936,-0.4640196757663486,-9.605231596243998,-6.321463675194319,20.206375098054618,10.820734852214704,11.49875545501709,83.64181327561407,213.35,129.7081867243859,11.104249954223633,True,0.49439822867623384,0.2113433610077045,True,False,1889.3206982033303,4.424811403320679
3282.224000000002,59.2,True,False,-0.8957399865328817,352.57911587471676,17.192256045730286,-207.7526877252398,395.36675858968334,0.0,211.2358378610925,1.1795629895064577,10.776270199994222,-0.49241290781418495,-9.60649425605088,-6.322294665891769,20.216328830362617,10.840635049179403,11.500267028808594,83.7502852536829,213.35,129.59971474631706,10.844876289367676,True,-0.012548705085885459,0.0001360032076594839,True,False,1893.3291567644892,4.674705771963397
3282.324000000008,59.3,True,False,-0.3316269744742637,353.6251714272808,17.24389522689032,-207.7526877252398,395.36675858968334,0.0,211.57943317300294,1.211704133175148,10.564177852719217,-0.426163268529799,-9.551287742097013,-6.285961760318733,19.994229144581826,10.633441616439944,11.43417739868164,83.45415977197175,213.35,129.89584022802828,10.302227973937988,True,-0.6143135720183022,0.3260876155733212,True,False,1897.530625249806,4.724256017093982
3282.423999999999,59.4,True,False,-0.23248127091091134,354.66870538952764,17.255052310905825,-207.7526877252398,395.36675858968334,0.0,211.47332602749216,1.2118766319055798,10.477579613193868,-0.4103422141676039,-9.633159081953677,-6.33984351171198,20.01100997443659,10.54743189225579,11.532188415527346,83.40208530903247,213.35,129.9479146909675,10.382414817810059,True,-0.3128622497883189,0.08456699616527902,True,False,1900.8847506728537,4.633028144702147
3282.523000000001,59.5,True,False,-0.21758307398018775,355.7481979044427,17.12259510707341,-207.7526877252398,395.36675858968334,0.0,211.2828672973258,1.2598490662871678,10.756444627205648,-0.4834349990562689,-9.651128682751041,-6.3516697938333495,20.29130391284329,10.829973254259029,11.553700447082521,83.32305139142227,213.35,130.0269486085777,11.147842407226562,True,0.5558604463676815,0.2667238175974569,True,False,1905.4059483847568,4.648937938041973
3282.6240000000107,59.6,True,False,-0.002679601861471908,356.82996931132476,17.044753531194498,-207.7526877252398,395.36675858968334,0.0,211.2939895102281,1.2803323939121873,10.86522390441134,-0.47728975808182067,-9.623998624465141,-6.333814765951744,20.364463315859584,10.940399514272436,11.521222114562988,83.28131290244649,213.35,130.0686870975535,11.036717414855957,True,0.15557329250240493,0.020884025085076995,True,False,1909.4141683208568,4.92354673843268
3282.724000000002,59.7,True,False,0.5364263905017118,357.9195562837754,16.830725378761745,-207.7526877252398,395.36675858968334,0.0,211.62856144589745,1.3975451952281277,11.100205117352703,-0.9472400350542011,-9.612962898089918,-6.326551854827599,20.6136640857577,11.18783652991088,11.508010864257814,82.82266203468266,213.35,130.52733796531734,11.424957275390625,True,0.35717621120238263,0.1099976563969165,True,False,1913.8351564475568,5.046499604472123
3282.823000000004,59.8,True,False,0.6684067659474476,359.0925896733828,16.53127383844461,-207.7526877252398,395.36675858968334,0.0,211.55417263545692,1.4728732889157057,11.671406792326357,-1.0277048354976381,-9.648747553310809,-6.3501027079061085,21.176998248694648,11.763974338511758,11.550849914550781,82.80575257197324,213.35,130.54424742802672,12.428235054016113,True,1.1219110544913047,1.0860136937151517,True,False,1918.7205682583926,5.310364040555435
3282.92300000001,59.9,True,False,0.35113217018780124,360.31187657865394,16.334411112845093,-207.7526877252398,395.36675858968334,0.0,211.03564771828422,1.4948156335269174,12.090354710934353,-1.0587841729185608,-9.655014647759222,-6.354227252900959,21.552756647865817,12.182411535260536,11.55835247039795,82.95574193086524,213.35,130.39425806913474,12.48952579498291,True,0.47291685150620744,0.19301140998577354,True,False,1918.6062575484525,5.799477718822287
3283.023000000001,60.0,False,True,0.500240815445053,361.53026695881016,16.222736444465312,-207.7526877252398,395.36675858968334,0.0,210.9838629176595,1.4873572716181198,12.277452892189563,-1.1747091946770947,-9.617218499786045,-6.329352581834398,21.668521246523134,12.3672180046027,11.513105392456055,82.72504528377344,213.35,130.62495471622654,0.0,False,0.0,0.0,False,False,1924.530329622265,6.68842598063385
3283.1240000000107,60.1,False,True,-0.8919448029523979,362.84473971576205,16.114488073144237,-207.7526877252398,395.36675858968334,0.0,209.40164439181555,1.1901326827740117,12.494890754894396,-1.1102859633284086,-9.662961836550041,-6.35945751359355,21.754910003831693,12.551442577622396,11.567866325378418,84.30055414961842,213.35,129.04944585038157,0.0,False,0.0,0.0,False,False,1929.8729560731736,7.505509698557981
3283.224000000002,60.2,False,True,-0.08255751416972013,364.0552042947618,16.029446082721336,-207.7526877252398,395.36675858968334,0.0,210.01737169635905,1.3503334380829464,12.56835334609394,-1.191232253232771,-9.656483634941486,-6.355194033245499,21.891794524367494,12.640684563198135,11.560111045837402,83.5424238647408,213.35,129.80757613525918,0.0,False,0.0,0.0,False,False,1933.645866453525,8.236580487464854
3283.323000000004,60.3,False,True,-0.19412642870049046,365.3464297644858,15.918338132242583,-207.7526877252398,395.36675858968334,0.0,209.7183265960852,1.2950898366261152,12.71983616588042,-1.1226729199322323,-9.661150298126794,-6.358265290977777,22.00029893179966,12.785596965795996,11.565697669982912,83.9391203363996,213.35,129.41087966360038,0.0,False,0.0,0.0,False,False,1939.8346980168458,9.118026988113563
3283.423999999999,60.4,False,True,-0.12527145495733913,366.61735010018964,15.809177487082534,-207.7526877252398,395.36675858968334,0.0,209.60837882959007,1.3218711037237822,12.838594950632146,-1.153824776512571,-9.664187054709652,-6.36026386292647,22.119892712294945,12.906465957854504,11.569333076477053,83.8395416728328,213.35,129.51045832716719,0.0,False,0.0,0.0,False,False,1945.684205426271,9.972856115898292
3283.523000000001,60.5,False,True,0.02756242882206589,367.90736296636635,15.697087861295213,-207.7526877252398,395.36675858968334,0.0,209.58685732192842,1.3276067170443588,12.94781023178906,-1.0964309608918485,-9.623564460682964,-6.333529030980066,22.17426873495241,13.015695501722632,11.520702362060547,83.8908778486882,213.35,129.4591221513118,0.0,False,0.0,0.0,False,False,1952.6515350181164,10.856558790654814
3283.625,60.6,False,True,0.14016128132753236,369.20695300814816,15.587171843968,-207.7526877252398,395.36675858968334,0.0,209.53226982050074,1.33401549340198,13.06169904906753,-1.1247621714110396,-9.707323018888207,-6.388652812002498,22.365762756105877,13.129645059370345,11.620972633361816,83.91432709953959,213.35,129.4356729004604,0.0,False,0.0,0.0,False,False,1959.9259869147422,11.752730260439401
3283.7230000000127,60.7,False,True,0.27379356593930987,370.517927627029,15.477662120322417,-207.7526877252398,395.36675858968334,0.0,209.50532527503896,1.3514283595363836,13.165514491979405,-1.0740897055290344,-9.671677774056091,-6.365193708685536,22.42671245751291,13.234694195540708,11.57830047607422,83.8997397645981,213.35,129.4502602354019,0.0,False,0.0,0.0,False,False,1967.4875389097288,12.65633939318161
3283.823000000004,60.8,False,True,0.1514831140895272,371.8332854259017,15.380001297336852,-207.7526877252398,395.36675858968334,0.0,209.2318537210323,1.3588147145985268,13.333248767997397,-1.0925692390119195,-9.651511065531674,-6.351921450322168,22.555114726128423,13.402309507615229,11.554158210754396,83.88052583456565,213.35,129.46947416543432,0.0,False,0.0,0.0,False,False,1975.3966200618452,13.63265185604967
3283.923999999999,60.9,False,True,0.32534234950035307,373.16218219323247,15.276465632489703,-207.7526877252398,395.36675858968334,0.0,209.25943183696714,1.3608563005145995,13.421504718921007,-1.1070666923986534,-9.718697313350448,-6.396138543976116,22.704525821473606,13.490319447317367,11.634589195251465,83.88237565533666,213.35,129.46762434466334,0.0,False,0.0,0.0,False,False,1981.1303976881404,14.45224402390211
3284.024000000005,61.0,False,True,0.41108364320243196,374.495947792657,15.170771304293964,-207.7526877252398,395.36675858968334,0.0,209.20742447068739,1.396425471922969,13.490951728855102,-1.162180223111956,-9.694937003318875,-6.380501238902215,22.75726179941238,13.563029995135075,11.606144905090332,83.70497349382477,213.35,129.6450265061752,0.0,False,0.0,0.0,False,False,1987.6120829958973,15.27853440448713
3284.1240000000107,61.1,False,True,1.1633103224535932,375.83409582412907,15.064635588274784,-207.7526877252398,395.36675858968334,0.0,209.8271173013076,1.5217696346172016,13.575983038350257,-1.1519168339210695,-9.737900098615354,-6.4087764182739235,22.938412609433176,13.661006488484546,11.657577514648438,83.26131270651108,213.35,130.08868729348887,0.0,False,0.0,0.0,False,False,1993.1492256861961,16.10859527439195
3284.2230000000127,61.2,False,True,1.1088769339169764,377.2047797008643,14.936209872428222,-207.7526877252398,395.36675858968334,0.0,209.64973329109924,1.581054288908235,13.755441824810813,-1.232649785042326,-9.76076977542037,-6.423827573442621,23.1482156235307,13.846007094474196,11.68495559692383,83.08390295867248,213.35,130.26609704132753,0.0,False,0.0,0.0,False,False,2002.2770040132236,17.13630989578358
3284.323000000004,61.3,False,True,1.594730941831275,378.5791285137112,14.82655264310641,-207.7526877252398,395.36675858968334,0.0,210.01944249553094,1.6673053244160216,13.91227429852943,-1.1670636560921284,-9.774462265490197,-6.432838972879696,23.3417582801274,14.011826547682803,11.701347351074219,82.84780293379873,213.35,130.50219706620126,0.0,False,0.0,0.0,False,False,2011.6137536741116,18.16043976553116
3284.423999999999,61.4,False,True,1.8056310413093597,379.9774192509377,14.716937712455698,-207.7526877252398,395.36675858968334,0.0,210.12263259712338,1.6748175834974748,14.038041446662431,-1.0833855555003828,-9.772575843772408,-6.431597467534862,23.453122042839453,14.137596033138186,11.69908905029297,82.91415065632302,213.35,130.43584934367698,0.0,False,0.0,0.0,False,False,2021.531466755303,19.157725027475923
3284.523000000001,61.5,False,True,2.107505373029559,381.3882894638658,14.610621906670136,-207.7526877252398,395.36675858968334,0.0,210.32522018613065,1.6898625795655127,14.193042965272292,-1.099621063706819,-9.830972067421387,-6.470029607652118,23.657814757858652,14.29328878011919,11.768997192382814,82.97366141808772,213.35,130.37633858191225,0.0,False,0.0,0.0,False,False,2031.8483383008888,20.18865133640373
3284.6240000000107,61.6,False,True,1.8353171435575315,382.8256139704897,14.496979481801207,-207.7526877252398,395.36675858968334,0.0,209.9628826560603,1.6722751451055304,14.319201868673098,-1.068044447395245,-9.845026227871228,-6.479279032184866,23.774461901362265,14.416519910045865,11.785821914672852,83.06230283346072,213.35,130.28769716653926,0.0,False,0.0,0.0,False,False,2042.2166581611689,21.18145265081088
3284.7230000000127,61.7,False,True,1.9275074938211494,384.2634261574259,14.38633172898977,-207.7526877252398,395.36675858968334,0.0,209.97397043015766,1.702188787791318,14.42829024340769,-1.141332466553533,-9.840330089346581,-6.476188375931576,23.87942562909538,14.528351799749894,11.780200004577638,82.97397175789716,213.35,130.37602824210282,0.0,False,0.0,0.0,False,False,2053.437313445159,22.174863691119576
3284.823000000004,61.8,False,True,2.1251640256496778,385.7114249638968,14.276615095150614,-207.7526877252398,395.36675858968334,0.0,210.09982894565525,1.7683406617920594,14.561100570143914,-1.060070586518353,-9.843119093752822,-6.478023895446889,24.03062121405229,14.66808366863213,11.783538818359377,82.79441448573368,213.35,130.5555855142663,0.0,False,0.0,0.0,False,False,2065.121477764463,23.227373046120547
3284.923999999999,61.9,False,True,1.9420030739967813,387.174284626115,14.163725796297806,-207.7526877252398,395.36675858968334,0.0,209.85466394395712,1.785930697679462,14.715234983519801,-1.0712888321819127,-9.832050705515087,-6.470739488664324,24.16242964233961,14.823214532520227,11.770288467407227,82.66162699937118,213.35,130.6883730006288,0.0,False,0.0,0.0,False,False,2077.6938981292874,24.310166204435472
3285.023000000001,62.0,False,True,1.6803364520158786,388.66039255708546,14.068717678855082,-207.7526877252398,395.36675858968334,0.0,209.540370719807,1.7020382974182298,14.815921905073948,-1.0001674268299345,-9.894422116821062,-6.511787807696579,24.276513253167664,14.913365691993487,11.84495544433594,82.9598622290148,213.35,130.39013777098518,0.0,False,0.0,0.0,False,False,2086.13741547933,25.184998220474593
3285.123000000007,62.1,False,True,1.6516216740328582,390.1633386363044,13.961940386810205,-207.7526877252398,395.36675858968334,0.0,209.46894847255413,1.6536688339114831,14.871295464753885,-1.0384095711117824,-9.92775394583035,-6.533724389256195,24.337301176459327,14.962955904909284,11.884858131408693,83.22392458766573,213.35,130.12607541233425,0.0,False,0.0,0.0,False,False,2093.041197026684,25.938206589756454
3285.224000000002,62.2,False,True,1.6118880575642194,391.6784647269223,13.852897409949728,-207.7526877252398,395.36675858968334,0.0,209.3970608779683,1.6253601287837656,15.032702405395913,-1.040085366260421,-9.967893781596489,-6.5601415048854665,24.508252576720412,15.120315378901196,11.932910919189455,83.44890543070325,213.35,129.90109456929676,0.0,False,0.0,0.0,False,False,2105.541725856575,26.997445740438984
3285.324000000008,62.3,False,True,1.7012921860637793,393.19632535178147,13.750506935961658,-207.7526877252398,395.36675858968334,0.0,209.46522499241956,1.6271404089066335,15.216247166499752,-0.9942807412727391,-9.946815727444896,-6.54626946522375,24.648805058100304,15.30299852128035,11.90767765045166,83.52060481035276,213.35,129.82939518964722,0.0,False,0.0,0.0,False,False,2120.0941680506944,28.15082033701658
3285.423999999999,62.4,False,True,1.7090340223845095,394.74284470708403,13.647016592326375,-207.7526877252398,395.36675858968334,0.0,209.46265095718638,1.6342642830821925,15.353292152506688,-1.0169143827247806,-9.946751200350665,-6.546226998191262,24.7731479360072,15.440025895936238,11.907600402832031,83.60507944021086,213.35,129.7449205597891,0.0,False,0.0,0.0,False,False,2135.455256751774,29.254878101363555
3285.524000000005,62.5,False,True,2.033766550704335,396.2682469019858,13.547408307367967,-207.7526877252398,395.36675858968334,0.0,209.78839119181504,1.7258550396436847,15.49262583904208,-0.9902938187079311,-9.942796725094286,-6.543624450669407,24.93499069254954,15.58845826265118,11.90286636352539,83.26797247662392,213.35,130.08202752337604,0.0,False,0.0,0.0,False,False,2151.59761700481,30.39740279243053
3285.623000000007,62.6,False,True,1.921871307806804,397.85287742741855,13.460689907878649,-207.7526877252398,395.36675858968334,0.0,209.6892975155811,1.7185011363519231,15.62545717738548,-0.9562424608208561,-9.970552935183473,-6.561891566051452,25.078126511965973,15.719674238289745,11.936094284057619,83.48862001824179,213.35,129.8613799817582,0.0,False,0.0,0.0,False,False,2168.4621158828018,31.535955520028004
3285.724000000002,62.7,False,True,2.198598540767902,399.402031690411,13.361488446523998,-207.7526877252398,395.36675858968334,0.0,209.99006174995182,1.8490383732693787,15.792186452931714,-0.869691758981435,-10.027285793736699,-6.59922900044235,25.34605613750217,15.90006590772449,12.004011154174806,82.97427109841094,213.35,130.37572890158907,0.0,False,0.0,0.0,False,False,2185.1996018841237,32.72442404997211
3285.824000000008,62.8,False,True,2.239045772361659,400.98866047510455,13.264672867974172,-207.7526877252398,395.36675858968334,0.0,210.0669748393045,1.8663084477142098,15.866435541369386,-0.8871876354349565,-9.98783982339125,-6.573268536483412,25.37835988268265,15.975821857120186,11.956789016723635,82.86096131657168,213.35,130.4890386834283,0.0,False,0.0,0.0,False,False,2202.6643637771695,33.76972310723758
3285.92300000001,62.9,False,True,2.035094373691138,402.60106285570197,13.161513820766585,-207.7526877252398,395.36675858968334,0.0,209.91247861001943,1.8657959693726924,15.98231998831866,-0.9648069410659443,-9.988767898265076,-6.573879327753146,25.481617140171092,16.09085910721791,11.957900047302246,82.82827528708947,213.35,130.52172471291053,0.0,False,0.0,0.0,False,False,2218.594698428802,34.79698054254478
3286.024000000005,63.0,False,True,2.220699321934467,404.209845212433,13.066859550768983,-207.7526877252398,395.36675858968334,0.0,210.15951905416966,1.8463029954938825,16.19332714630124,-0.9282784588860964,-10.067585752292226,-6.6257514972263145,25.742010318429287,16.298241586695983,12.052255630493164,82.61841964302583,213.35,130.73158035697415,0.0,False,0.0,0.0,False,False,2238.6879900477306,36.08794546250638
3286.1240000000107,63.1,False,True,2.2439063612124746,405.86275628764633,12.992207192280048,-207.7526877252398,395.36675858968334,0.0,210.2587346475429,1.8184382888124642,16.310131163209803,-0.8769392926792947,-10.117176019155547,-6.658388198119843,25.88458557830018,16.411188146241173,12.111621856689453,83.1431633086861,213.35,130.20683669131387,0.0,False,0.0,0.0,False,False,2252.7493538323465,37.059892424660276
3286.224000000002,63.2,False,True,2.4316555561010516,407.49949868883584,12.905501742539657,-207.7526877252398,395.36675858968334,0.0,210.53422891046034,1.9365456089590734,16.424716860580308,-0.8571697021285254,-10.067326050653714,-6.62558058052766,25.988634957304004,16.538486413387705,12.051944732666017,83.4203309571036,213.35,129.92966904289636,0.0,False,0.0,0.0,False,False,2274.4373040033224,38.27438564303162
3286.324000000008,63.3,False,True,2.6792713642080894,409.1361396606114,12.819006212594452,-207.7526877252398,395.36675858968334,0.0,210.8819699768084,1.9771909667394345,16.505759553580383,-0.9128851203742112,-10.046860605581927,-6.612111715532403,26.057893012082044,16.62375957957664,12.027444839477539,83.21037509896202,213.35,130.139624901038,0.0,False,0.0,0.0,False,False,2295.6720152217295,39.375116104005954
3286.423999999999,63.4,False,True,2.8602837651331487,410.79772678807865,12.730128332851926,-207.7526877252398,395.36675858968334,0.0,211.1775048141836,2.070376652494153,16.66004484351557,-0.9357355654787307,-10.055232398585407,-6.617621419784452,26.246526275398782,16.788196855861045,12.037467002868652,83.03512093622896,213.35,130.314879063771,0.0,False,0.0,0.0,False,False,2319.160939775319,40.64883574886181
3286.524000000005,63.5,False,True,3.053808439817506,412.4732564294599,12.640916161202703,-207.7526877252398,395.36675858968334,0.0,211.49943520901093,2.1449646013592933,16.82759047019645,-0.9724971557015042,-10.139303236061501,-6.672950720272752,26.517516334423753,16.963745876831887,12.138111114501955,82.90272344445593,213.35,130.44727655554408,0.0,False,0.0,0.0,False,False,2343.231352313484,41.944055166992214
3286.623000000007,63.6,False,True,3.06004094435868,414.176690909782,12.532964644449327,-280.7255416456134,318.36761897023115,0.0,299.52234499590827,2.152427772019898,16.936865364631096,-1.046430659105378,-4.335069473008154,-11.293242078821462,28.965955650955525,17.073088580962818,12.096699714660643,82.85211425606205,249.0,166.14788574393796,0.0,False,0.0,0.0,False,False,2367.6768249747856,43.11777895054362
3286.724000000002,63.7,False,True,3.1684426530440675,415.88427653996666,12.424332188516887,-280.7255416456134,318.36761897023115,0.0,300.1754367441471,2.1595095282834555,17.07052887602466,-1.0998574382372568,-4.351120527724641,-11.335056505940186,29.14216163256067,17.20658122666844,12.141489028930664,82.85922204117419,249.0,166.1407779588258,0.0,False,0.0,0.0,False,False,2394.1288625544557,44.37115452461354
3286.823000000004,63.8,False,True,3.389787393739238,417.59659756810606,12.31211362341233,-280.7255416456134,318.36761897023115,0.0,300.9450288486539,2.2184400634698878,17.16812356425033,-1.1556856216695375,-4.338921862846634,-11.303277897462626,29.21677081107247,17.310861995653934,12.107449531555176,82.72067490149097,249.0,166.27932509850905,0.0,False,0.0,0.0,False,False,2421.404566935676,45.58640779890597
3286.92300000001,63.9,False,True,3.6784214042618113,419.3131127723906,12.210151183622369,-280.7255416456134,318.36761897023115,0.0,301.78735380634595,2.3137960198102223,17.34143404397332,-1.1423790828094527,-4.327777888799142,-11.274246852534272,29.376311837163463,17.495113224062496,12.076353073120117,82.55106239641091,249.0,166.4489376035891,0.0,False,0.0,0.0,False,False,2450.1721670659335,46.983170505721674
3287.023000000001,64.0,False,True,3.6985247763759714,421.0686304070198,12.114152098269207,-280.7255416456134,318.36761897023115,0.0,302.3979948844893,2.338399210744066,17.478199981074383,-1.0610978519930616,-4.328190058968163,-11.275320592534381,29.51623888418009,17.633932784470883,12.077503204345701,82.69349638860079,249.0,166.3065036113992,0.0,False,0.0,0.0,False,False,2478.725514408263,48.286890717410515
3287.123000000007,64.1,False,True,3.9377108570551638,422.8202853646532,12.007933327475069,-280.7255416456134,318.36761897023115,0.0,303.22191022797557,2.44532240283978,17.554899171594705,-1.063277563889708,-4.311199146901089,-11.231057753309273,29.568258310805863,17.724392417758263,12.030091285705566,82.86014090057036,249.0,166.13985909942963,0.0,False,0.0,0.0,False,False,2509.845540155529,49.54992954551315
3287.2230000000127,64.2,False,True,3.8463367569056555,424.5914748426151,11.908039345049747,-280.7255416456134,318.36761897023115,0.0,303.7509860624902,2.396680184403316,17.651264310008944,-1.0885894963474518,-4.312273318411233,-11.233856065763955,29.65400877159475,17.813231252305325,12.033088684082031,82.94456912428166,249.0,166.05543087571834,0.0,False,0.0,0.0,False,False,2538.3995519956616,50.699668059894755
3287.323000000004,64.3,False,True,3.8560902936228465,426.368422082559,11.805647696177196,-280.7255416456134,318.36761897023115,0.0,304.3860685217159,2.4210550479755946,17.775669228951813,-1.0849921757384218,-4.320426153719692,-11.255094927872271,29.80323533313041,17.939786065681844,12.055838584899902,82.81907754259352,249.0,166.1809224574065,0.0,False,0.0,0.0,False,False,2571.3413944128692,52.03845178225994
3287.42300000001,64.4,False,True,4.162833498779098,428.1343245297651,11.704200727931138,-280.7255416456134,318.36761897023115,0.0,305.3033179344855,2.486342262185883,17.933193892402173,-1.0622254997365013,-4.30689870143111,-11.219854709842119,29.93406697384406,18.10473255884279,12.018091201782227,82.60216745884489,249.0,166.3978325411551,0.0,False,0.0,0.0,False,False,2602.4822599048925,53.373402790766306
3287.523000000001,64.5,False,True,4.57272746468428,429.9052504987837,11.60519533404579,-280.7255416456134,318.36761897023115,0.0,306.3262078313428,2.55563760059303,18.07357899314058,-1.0215361706183228,-4.287030458806001,-11.168096168244764,30.031611219098792,18.253370679599353,11.962650299072266,82.34280955656978,249.0,166.65719044343024,0.0,False,0.0,0.0,False,False,2633.9314151610024,54.67712255709351
3287.623000000007,64.6,False,True,4.191062269450699,431.76941619388685,11.499301430383968,-280.7255416456134,318.36761897023115,0.0,306.65524420764217,2.4958485084719553,18.12120824825015,-1.0335140796733897,-4.265186806913111,-11.11119150956562,30.004079624888206,18.29227837514209,11.901697158813477,82.45314551679952,249.0,166.5468544832005,0.0,False,0.0,0.0,False,False,2665.6411137105993,55.76057569203206
3287.7230000000127,64.7,False,True,4.033776526882151,433.63243603345876,11.392404835746,-280.7255416456134,318.36761897023115,0.0,307.2032671354325,2.477242322285258,18.23605163467216,-1.0576598356007525,-4.27056347449109,-11.125198207477506,30.12666386050972,18.40354065786664,11.91670036315918,82.6201964315265,249.0,166.3798035684735,0.0,False,0.0,0.0,False,False,2690.512348497387,56.73843621718204
3287.823000000004,64.8,False,True,3.603853141854597,435.5332509283587,11.2875357939557,-280.7255416456134,318.36761897023115,0.0,307.5239666308225,2.4144209953703495,18.40523911470061,-1.0423392169106762,-4.26246532179212,-11.104101798437197,30.25528072948754,18.56292691393764,11.894103050231934,82.93746682484046,249.0,166.06253317515953,0.0,False,0.0,0.0,False,False,2724.818166835221,58.04312554590251
3287.92300000001,64.9,False,True,3.0332857472344825,437.5049672568131,11.16518812639242,-280.7255416456134,318.36761897023115,0.0,307.75441488323503,2.3344610957666156,18.54718400800537,-1.065378612757211,-4.232969522233902,-11.027262613553685,30.29486817752631,18.693521424131358,11.81179714202881,83.57018986438632,249.0,165.42981013561365,0.0,False,0.0,0.0,False,False,2761.0590976013636,59.28134676200523
