timestamp,relative_t_s,is_blackout,gnss_available,gnss_trust_status,pos_est_e,pos_est_n,pos_est_u,pos_ref_e,pos_ref_n,pos_ref_u,pos_err_2d,pos_err_3d,vel_est_e,vel_est_n,vel_est_u,vel_ref_e,vel_ref_n,vel_ref_u,vel_err_2d,speed_est,speed_ref,speed_err,heading_est_deg,heading_ref_deg,heading_err_deg,ai_speed,ai_accepted,ai_innovation,ai_nis,nhc_active,zupt_active,zaru_active,pos_cov_trace,vel_cov_trace
10.001000000003842,0.0,False,True,NORMAL,0.05085191094909053,-0.08544484660230703,-4.394171409687476e-05,0.0,0.0,0.0,0.09943208062826611,0.09943209033777903,1.9167506949720006,-3.2323548559298416,-0.0033201627053817584,1.925534971407428,-3.223715392732166,0.0,0.012320869970825892,3.7579317637935996,3.755000114440918,0.0029316493526816423,300.9112980452162,300.84999999999997,0.06129804521619175,0.0,False,0.0,0.0,False,False,False,19.853467559183585,0.7577962803841527
10.10000000000582,0.1,False,True,NORMAL,0.13943131544451048,-0.2355474647642924,-0.00021676389828791375,0.0,0.0,0.0,0.2737219389882224,0.27372202481725827,1.9060563743216385,-3.2349121097007667,-0.0033252023626030797,1.981942065522709,-3.318151702775297,0.0,0.11263866114384344,3.754691366754505,3.865000009536743,0.11030864278223795,300.9794489212841,300.84999999999997,0.129448921284072,0.0,False,0.0,0.0,False,False,False,11.444713657397433,0.7752355573984365
10.200000000011642,0.2,False,True,NORMAL,0.23111491711375814,-0.39231909915850105,-0.0008476603238974399,0.0,0.0,0.0,0.45533326309093325,0.4553340521035757,1.8890377380164451,-3.230047558734572,-0.016486504330332063,1.8685580271585862,-3.128325044110464,0.0,0.10376361856774918,3.7418806511348612,3.6438889503479004,0.09799170078696084,301.08596556519683,300.84999999999997,0.2359655651968536,0.0,False,0.0,0.0,False,False,False,8.04709800699048,0.8018369898578512
10.30000000000291,0.3,False,True,NORMAL,0.32317880854014236,-0.5504975549320027,-0.001945592288684652,0.0,0.0,0.0,0.6383510791684615,0.6383540440890879,1.8831764440741665,-3.2226474974195045,-0.017092958941333634,1.8419212928850366,-3.0837300346378527,0.0,0.1449139364082337,3.732534047016854,3.591944456100464,0.14058959091639034,301.18901683897235,300.84999999999997,0.33901683897235635,0.0,False,0.0,0.0,False,False,False,6.215611126674823,0.8380920983542193
10.403000000005704,0.4,False,True,NORMAL,0.41438440597380344,-0.7089834853874408,-0.0032049383386492827,0.0,0.0,0.0,0.8212015699366298,0.8212078239374854,1.85693466609659,-3.2252156760612896,-0.022895453619264962,1.6907715097436593,-2.830676265292479,0.0,0.4281022555172639,3.721588707966362,3.2971861362457275,0.42440257172063456,301.2782827279841,300.84999999999997,0.42828272798410744,0.0,False,0.0,0.0,False,False,False,5.076476639916225,0.8833375680598499
10.5,0.5,False,True,NORMAL,0.5034860117756814,-0.8673794977067216,-0.004573711186447495,0.0,0.0,0.0,1.0029184199603407,1.0029288488869803,1.8315512796304032,-3.227045242176869,-0.021746266866801648,1.694778432781059,-2.837384624094042,0.0,0.4129675640046868,3.7105796157705786,3.305000066757202,0.40557954901337645,301.33930947437386,300.84999999999997,0.4893094743738511,0.0,False,0.0,0.0,False,False,False,4.3058155438647105,0.9378782354514709
10.604000000006636,0.6,False,True,NORMAL,0.5906842632580475,-1.0236391837711083,-0.005912273308703388,0.0,0.0,0.0,1.181839700387613,1.1818544886693794,1.816539560920463,-3.197947231098322,-0.023962278275026793,1.6612417560085246,-2.781237785559253,0.0,0.44470683625501484,3.677863845940811,3.2395999431610107,0.4382639027798003,301.3790548722898,300.84999999999997,0.5290548722898356,0.0,False,0.0,0.0,False,False,False,3.7561268124619622,1.0008383073330713
10.700000000011642,0.7,False,True,NORMAL,0.6758015204889476,-1.1759054367929154,-0.0073274683961252265,0.0,0.0,0.0,1.3562674114548026,1.3562872052656867,1.7956696523626012,-3.170576806168042,-0.024777599643336312,1.5947838552788056,-2.669974494716778,0.0,0.539405021945792,3.6437599789539883,3.109999895095825,0.5337600838581631,301.4153420601203,300.84999999999997,0.5653420601203144,0.0,False,0.0,0.0,False,False,False,3.350821681987499,1.0720272968242377
10.80000000000291,0.8,False,True,NORMAL,0.7583903267940986,-1.3239345956129132,-0.008115497561982384,0.0,0.0,0.0,1.5257649560910709,1.5257865389812122,1.7805993927664703,-3.1496351156736546,-0.011053171250337565,1.53225169747735,-2.565283651580356,0.0,0.6349355962169704,3.6181121540666648,2.988055467605591,0.6300566864610739,301.45485952983114,300.84999999999997,0.6048595298311396,0.0,False,0.0,0.0,False,False,False,3.0463636058814947,1.1519808959775704
10.902000000001863,0.9,False,True,NORMAL,0.8376353217926082,-1.4664260816821615,-0.008352304721534472,0.0,0.0,0.0,1.6887979113417637,1.6888185652539662,1.7529170536430907,-3.111602253405288,-0.012257342729525519,1.469827861327543,-2.4607741596948705,0.0,0.7097300179424602,3.5713844346905077,2.8663222789764404,0.7050621557140673,301.5150929897289,300.84999999999997,0.6650929897288776,0.0,False,0.0,0.0,False,False,False,2.8162737927335373,1.2373849904491312
11.0,1.0,False,True,NORMAL,0.9123047892323702,-1.6015465436938001,-0.008856246695626027,0.0,0.0,0.0,1.8431634111152155,1.843184687756333,1.7228790996549654,-3.0709368602263294,-0.01571039498394949,1.5030510655099787,-2.5163961849030225,0.0,0.5965230298857528,3.521216493134816,2.9311110973358154,0.5901053957990006,301.5572086436929,300.84999999999997,0.7072086436928925,0.0,False,0.0,0.0,False,False,False,2.6435462184106595,1.328070003174861
11.10000000000582,1.1,False,True,NORMAL,0.9814980804914589,-1.7272402563243308,-0.009176928896757164,0.0,0.0,0.0,1.9866296547358187,1.9866508503256768,1.6880172172566459,-3.010138694269048,-0.007661843698303621,1.3722891043858634,-2.2974755456421625,0.0,0.7794696945152723,3.4511356224423637,2.6761112213134766,0.7750244011288872,301.58189930836284,300.84999999999997,0.7318993083628376,0.0,False,0.0,0.0,False,False,False,2.5167824702463824,1.424223843645472
11.200000000011642,1.2,False,True,NORMAL,1.0438399980523592,-1.8406862127175299,-0.008749366083082724,0.0,0.0,0.0,2.116064194494664,2.1160822825753276,1.641275937456228,-2.9309752896957395,0.0014814098349924753,1.397928692620082,-2.340401141116313,0.0,0.638745416061562,3.359226525806178,2.7261111736297607,0.6331153521764175,301.55739169905496,300.84999999999997,0.7073916990549616,0.0,False,0.0,0.0,False,False,False,2.427978846917688,1.5232285866079358
11.30000000000291,1.3,False,True,NORMAL,1.098060784680424,-1.9392735674072807,-0.007883844001223134,0.0,0.0,0.0,2.228568925588246,2.2285828705914854,1.5913970782693558,-2.834824305136757,0.00397857801226985,1.2429514629476488,-2.0809394911142682,0.0,0.8305158996976791,3.25096501084191,2.423888921737671,0.827076089104239,301.5292291842618,300.84999999999997,0.6792291842617976,0.0,False,0.0,0.0,False,False,False,2.3711660918504336,1.6221701517470262
11.400000000008731,1.4,False,True,NORMAL,1.143161643263903,-2.0206685707649243,-0.006840829731482575,0.0,0.0,0.0,2.3216201273048505,2.3216302057947136,1.5341103306644746,-2.7233904651132472,0.00812979873365382,1.2799864644834757,-2.142943197249836,0.0,0.6336386747452186,3.1257559297106376,2.4961111545562744,0.6296447751543632,301.53580087076637,300.84999999999997,0.6858008707663612,0.0,False,0.0,0.0,False,False,False,2.3416185617644873,1.7199390012158844
11.5,1.5,False,True,NORMAL,1.177061422914539,-2.082537602382244,-0.005990397560210596,0.0,0.0,0.0,2.3921614616596396,2.39216896215809,1.4476184005401067,-2.5899687945289167,0.0028823866424357077,1.2235792481089942,-2.04850668252132,0.0,0.5859818773322076,2.967075561932299,2.38611102104187,0.5809645408904287,301.5947892812307,300.84999999999997,0.7447892812307233,0.0,False,0.0,0.0,False,False,False,2.3353178287389533,1.8127310072647123
11.60000000000582,1.6,False,True,NORMAL,1.198485226094325,-2.122128974566957,-0.005201602895604205,0.0,0.0,0.0,2.4371701257530156,2.4371756765846104,1.3652651128621072,-2.4239411767010735,0.009768323118914454,1.1312767304658071,-1.8939745388143783,0.0,0.5793230535455711,2.781984841171024,2.206111192703247,0.5758736484677769,301.63944303763236,300.84999999999997,0.7894430376323742,0.0,False,0.0,0.0,False,False,False,2.34865932822951,1.9013101908026147
11.6990000000078,1.7,False,True,NORMAL,1.2077760209052548,-2.1373658077111024,-0.003780716892628603,0.0,0.0,0.0,2.4550062143803757,2.4550091255362956,1.2830691283984712,-2.2387089743044557,0.019758721198854575,1.1129443301274604,-1.8632825794191874,0.0,0.41217402266918945,2.5803263863086237,2.170361042022705,0.4099653442859186,301.66022454619485,300.84999999999997,0.8102245461948445,0.0,False,0.0,0.0,False,False,False,2.3782708608323766,1.9822035263476896
11.80000000000291,1.8,False,True,NORMAL,1.2032653617301017,-2.128213693478025,-0.0023564539384440643,0.0,0.0,0.0,2.4448192276417595,2.444820363282753,1.1560039013304635,-2.0518525121032916,0.014416656936333407,1.100936520490515,-1.8431791996652873,0.0,0.21581697745177708,2.355088905182953,2.146944522857666,0.20814438232528687,301.6601408482278,300.84999999999997,0.8101408482277964,0.0,False,0.0,0.0,False,False,False,2.420761460431935,2.050526556014564
11.900000000008731,1.9,False,True,NORMAL,1.1835946139567393,-2.095473134605251,-0.001690653664420018,0.0,0.0,0.0,2.406637460865213,2.406638054704025,1.0254084428211105,-1.8519582923809408,0.008415609790061744,0.9825669353185383,-1.6450057780362282,0.0,0.21134033679989117,2.11688733553001,1.9161111116409302,0.20077622388908,301.6464962058241,300.84999999999997,0.7964962058241519,0.0,False,0.0,0.0,False,False,False,2.472779612921639,2.1068154552920553
12.0,2.0,False,True,NORMAL,1.150342163528646,-2.0391469093693777,-0.0009959592546711453,0.0,0.0,0.0,2.3412405282632647,2.341240740102839,0.9044584374374649,-1.621450877077296,0.019189126020756783,1.0045030478510144,-1.6817310438338988,0.0,0.11680163773253673,1.8566496739629028,1.9588888883590698,0.10223921439616701,301.6118788286845,300.84999999999997,0.761878828684527,0.0,False,0.0,0.0,False,False,False,2.5312219422535707,2.1527533381745894
12.10000000000582,2.1,False,True,NORMAL,1.1055498001902158,-1.9598261496498015,0.0004168666416482505,0.0,0.0,0.0,2.2501464169141956,2.2501464555289705,0.7865613258037101,-1.3779658513568842,0.028386927161013688,1.0537881156295905,-1.7642437138133558,0.0,0.4697028254381551,1.5866532723805138,2.055000066757202,0.46834679437668836,301.5459537395441,300.84999999999997,0.6959537395440986,0.0,False,0.0,0.0,False,False,False,2.5931727749191187,2.18470832243284
12.200000000011642,2.2,False,True,NORMAL,1.0507493548518536,-1.8595144093663525,0.0020181626800258087,0.0,0.0,0.0,2.1358530018151254,2.1358539552935927,0.66505194428582,-1.1243491777922867,0.028993146504744778,0.8804358171578337,-1.4740186692168236,0.0,0.4106811000355896,1.3063135772855385,1.7169444561004639,0.4106308788149253,301.50519078013673,300.84999999999997,0.6551907801367172,0.0,False,0.0,0.0,False,False,False,2.655868762320435,2.2014794347294666
12.30000000000291,2.3,False,True,NORMAL,0.9873984012571879,-1.740864950735734,0.0032169365149101875,0.0,0.0,0.0,2.0013911110788367,2.0013936964490324,0.5432311629463379,-0.866781510989702,0.025743511428439458,0.8948224851886342,-1.4981047148455455,0.0,0.7226240001569926,1.0229419749866664,1.7450000047683716,0.7220580297817052,301.4399649195973,300.84999999999997,0.5899649195973109,0.0,False,0.0,0.0,False,False,False,2.7168946093677055,2.2042842578095847
12.400000000008731,2.4,False,True,NORMAL,0.9165834839563959,-1.6076468774590975,0.0035229415311616,0.0,0.0,0.0,1.850582007279232,1.850585360577205,0.4092375743076705,-0.6234836338349711,0.01493188419527645,0.8050838652392687,-1.3478650283433264,0.0,0.8254833073746392,0.7457930234892831,1.5700000524520874,0.8242070289628043,301.4206581741137,300.84999999999997,0.570658174113712,0.0,False,0.0,0.0,False,False,False,2.7742648348311953,2.193449820158959
12.5,2.5,False,True,NORMAL,0.8393314299342081,-1.46338958065673,0.002706306161938707,0.0,0.0,0.0,1.6870051316015855,1.6870073023384116,0.27409245521417214,-0.37647088620573854,0.004784343736193631,0.7840024056479332,-1.3125706157281276,0.0,1.06596944663684,0.4656790763668334,1.5288889408111572,1.0632098644443237,301.45455103602586,300.84999999999997,0.6045510360258948,0.0,False,0.0,0.0,False,False,False,2.826477030234596,2.171696134751574
12.60000000000582,2.6,False,True,NORMAL,0.7581309942008891,-1.3107170200438598,0.0012852110168028188,0.0,0.0,0.0,1.5141802108734232,1.5141807563062086,0.16201039012669533,-0.13163034174175048,0.0026700191880984292,0.6583683010410614,-1.1022349932194053,0.0,1.0901580459719284,0.20874365469650577,1.2838889360427856,1.0751452813462798,301.49226855916805,300.84999999999997,0.6422685591680484,0.0,False,0.0,0.0,False,False,False,2.8725596125071715,2.141516288805587
12.701000000000931,2.7,False,True,NORMAL,0.6750490309269529,-1.1526563402308383,-0.00017043883510354466,0.0,0.0,0.0,1.3357798594191217,1.3357798702926933,0.04682652366475866,0.09916938868056864,0.0028359409014236314,0.6263984981822182,-1.0487114025762632,0.0,1.2858981237183904,0.10966900642298123,1.2215443849563599,1.1118753785333786,301.4413654573534,300.84999999999997,0.5913654573534245,0.0,False,0.0,0.0,False,False,False,2.9119556003273974,2.103645454136337
12.80000000000291,2.8,False,True,NORMAL,0.5903415017225251,-0.9928185251528738,-0.0026060196450961243,0.0,0.0,0.0,1.1550721676772988,1.1550751074632006,-0.0791593649559264,0.303032991689059,-0.020866564047628905,0.6060919785332932,-1.0147143882726437,0.0,1.485270198027858,0.3132015311460767,1.181944489479065,0.8687429583329882,301.35547089500477,300.84999999999997,0.5054708950047618,0.0,False,0.0,0.0,False,False,False,2.9443046926326946,2.0560443965623243
12.901000000012573,2.9,False,True,NORMAL,0.504628219019917,-0.8343541810014693,-0.00663616085051083,0.0,0.0,0.0,0.9750879646400349,0.9751105462544642,-0.1971565257996384,0.48900325932521604,-0.03673184916870573,0.5940185768352759,-0.9945011948097963,0.0,1.6812922138842454,0.5272522008451629,1.158400058746338,0.631147857901175,301.307872116648,300.84999999999997,0.45787211664799277,0.0,False,0.0,0.0,False,False,False,2.96958530335737,2.004860686898271
13.0,3.0,False,True,NORMAL,0.41980323594419,-0.6784259235153461,-0.011605507340761143,0.0,0.0,0.0,0.797807301675576,0.7978917084463906,-0.29246881240451506,0.6794654558422233,-0.05010705255602037,0.5127922537211749,-0.8585127282245489,0.0,1.7360363703803008,0.7397373262937241,1.0,0.26026267370627587,301.3138542869244,300.84999999999997,0.463854286924435,0.0,False,0.0,0.0,False,False,False,2.9881420034895463,1.9509019811116397
13.10000000000582,3.1,False,True,NORMAL,0.3374330381482187,-0.5256029810233611,-0.016776765511866305,0.0,0.0,0.0,0.6245955082247877,0.6248207813090255,-0.37920074361420075,0.8574695773500394,-0.05279756303809446,0.5861500358202785,-0.9813277457865095,0.0,2.0767950604065137,0.9375752130034251,1.1430555582046509,0.20548034520122582,301.4184416007583,300.84999999999997,0.5684416007583164,0.0,False,0.0,0.0,False,False,False,3.0004817984842074,1.8963332811519995
13.200000000011642,3.2,False,True,NORMAL,0.257265254194561,-0.3778069070117025,-0.022254353975256325,0.0,0.0,0.0,0.45708146976391556,0.45762290837806324,-0.47796073630854286,1.003047969463537,-0.06990222084726064,0.47532992571477745,-0.7957935954977452,0.0,2.0358276111039495,1.1111038180555086,0.9269444346427917,0.18415938341271687,301.47718071507796,300.84999999999997,0.6271807150779702,0.0,False,0.0,0.0,False,False,False,3.0071202460395314,1.8390421120851326
13.298999999999069,3.3,False,True,NORMAL,0.17830594745777692,-0.23671704350235082,-0.028794830692366657,0.0,0.0,0.0,0.29635784042827235,0.2977534413871843,-0.5838865008511988,1.132503025946918,-0.09041334036364751,0.387475809082019,-0.6487089295168935,0.0,2.028857010103475,1.2741611160505497,0.755619466304779,0.5185416497457707,301.5282222185938,300.84999999999997,0.6782222185938247,0.0,False,0.0,0.0,False,False,False,3.008572428857027,1.7815376913032288
13.39900000000489,3.4,False,True,NORMAL,0.10113851272530146,-0.10245742788516171,-0.036346888725150316,0.0,0.0,0.0,0.14396709097960228,0.14848440862638587,-0.6668752013336923,1.2572319097830686,-0.10894262285903611,0.3906778998024845,-0.6540698444302925,0.0,2.18437472915748,1.423149538569519,0.7618638873100281,0.6612856512594909,301.4663191904503,300.84999999999997,0.6163191904502904,0.0,False,0.0,0.0,False,False,False,3.005460904070954,1.7251599030624494
13.5,3.5,False,True,NORMAL,0.026596612892875,0.02519063913462915,-0.044413724689320803,0.0,0.0,0.0,0.036632610026922106,0.057571929428874784,-0.7481992716596916,1.370971357895858,-0.12105855877321786,0.35069293658243644,-0.5871273358161375,0.0,2.245376266831883,1.5618465399273085,0.6838889122009277,0.8779576277263808,301.4574257747715,300.84999999999997,0.6074257747714887,0.0,False,0.0,0.0,False,False,False,2.9984390303806245,1.6709639329125536
13.601000000009662,3.6,False,True,NORMAL,-0.04596644787257631,0.14546635678382838,-0.05296614504162208,0.0,0.0,0.0,0.15255613814587182,0.16148928077910457,-0.8370233923475994,1.456532771140429,-0.1403283387951059,0.31193722849388084,-0.5222428364034933,0.0,2.2881572090342175,1.6799094834969832,0.608311116695404,1.0715983668015792,301.4199786112997,300.84999999999997,0.5699786112997139,0.0,False,0.0,0.0,False,False,False,2.988083753859523,1.617803902179918
13.700000000011642,3.7,False,True,NORMAL,-0.11510417566205144,0.2585747829777396,-0.06099427846297516,0.0,0.0,0.0,0.28303690509688934,0.28953443949216906,-0.8773725868789545,1.549896233172476,-0.13182229854084113,0.22619836413628538,-0.37869950902215316,0.0,2.2220149371090945,1.7809999971389383,0.44111111760139465,1.3398888795375437,301.41076931927165,300.84999999999997,0.5607693192716647,0.0,False,0.0,0.0,False,False,False,2.975013063029906,1.569531671630097
13.802000000010594,3.8,False,True,NORMAL,-0.17915737002243373,0.36560053314495655,-0.06711231847588243,0.0,0.0,0.0,0.40713770774669317,0.4126320108285832,-0.9157876733014303,1.6351656474561416,-0.12067783753709357,0.3101225046159629,-0.5192046400655027,0.0,2.4787430484173925,1.8741488087106397,0.6047722101211548,1.269376598589485,301.41885594043384,300.84999999999997,0.5688559404338552,0.0,False,0.0,0.0,False,False,False,2.959819889897892,1.5237874165432916
13.900000000008731,3.9,False,True,NORMAL,-0.23971342067638748,0.4661691028982357,-0.07255934942900524,0.0,0.0,0.0,0.5241909542803277,0.5291890170240507,-0.9750992210703958,1.6978038038265826,-0.13604357999651764,0.33231786778311295,-0.5563639412216501,0.0,2.6058802096493268,1.957895872415105,0.6480555534362793,1.3098403189788257,301.45868845865755,300.84999999999997,0.6086884586575397,0.0,False,0.0,0.0,False,False,False,2.942827545749064,1.477987474402038
14.0,4.0,False,True,NORMAL,-0.29787298656955224,0.5601811069333347,-0.07855774763817368,0.0,0.0,0.0,0.6344534566797795,0.6392984501834051,-1.0258105796566985,1.757596526050113,-0.15019950944461882,0.1954308276904229,-0.3271887432818264,0.0,2.416145731168264,2.0350510788968017,0.38111111521720886,1.6539399636795928,301.5018921836873,300.84999999999997,0.651892183687285,0.0,False,0.0,0.0,False,False,False,2.924332559452557,1.4349558727949963
14.10000000000582,4.1,False,True,NORMAL,-0.35305042938674935,0.6480849093079573,-0.08431051383026013,0.0,0.0,0.0,0.7380099290408438,0.7428101494360411,-1.0620745167797583,1.8071979761462373,-0.14916606136083577,0.17691332692250933,-0.2961868902140425,0.0,2.4411715984083227,2.0961790963989726,0.3449999988079071,1.7511790975910655,301.5167347121642,300.84999999999997,0.6667347121641775,0.0,False,0.0,0.0,False,False,False,2.9047499966904935,1.3957848873686733
14.1990000000078,4.2,False,True,NORMAL,-0.40473028224228325,0.7301103520427172,-0.08874065780145794,0.0,0.0,0.0,0.8347860369722644,0.8394895067068403,-1.0898956586432944,1.8506398508739166,-0.1395700593673579,0.1683112307044729,-0.28178532888193225,0.0,2.475948651256514,2.1477291273277768,0.3282249867916107,1.819504140536166,301.5950870195703,300.84999999999997,0.7450870195703142,0.0,False,0.0,0.0,False,False,False,2.8844607704160574,1.3598493281704112
14.30000000000291,4.3,False,True,NORMAL,-0.45300318680433516,0.8066951235372701,-0.09132589862354337,0.0,0.0,0.0,0.9251858784015755,0.9296823808984941,-1.1159379572659405,1.8897716109189653,-0.12505337311937564,0.13745681381425048,-0.2301291085900292,0.0,2.462717505672528,2.1946649552727044,0.2680555582046509,1.9266093970680536,301.71254064970935,300.84999999999997,0.8625406497093878,0.0,False,0.0,0.0,False,False,False,2.86375859130619,1.3267952148110473
14.400000000008731,4.4,False,True,NORMAL,-0.498743983076942,0.8778377879709076,-0.09276627752535326,0.0,0.0,0.0,1.0096260409899842,1.0138788511903283,-1.1519590047346122,1.9145497983312307,-0.12747254260242052,0.11281429520736247,-0.18887279918597386,0.0,2.4543915995602936,2.234392642057191,0.2199999988079071,2.014392643249284,301.62853750207506,300.84999999999997,0.7785375020750784,0.0,False,0.0,0.0,False,False,False,2.8428120088407476,1.2947342553236891
14.5,4.5,False,True,NORMAL,-0.5423793672571695,0.9439881767605433,-0.09345605527592828,0.0,0.0,0.0,1.088709812525809,1.09271363593474,-1.1786443950478522,1.9457965333758565,-0.11945093095698736,0.10455264501553645,-0.1750412098935232,0.0,2.4788197548235327,2.274934451643655,0.2038888931274414,2.0710455585162135,301.51640701666383,300.84999999999997,0.6664070166638425,0.0,False,0.0,0.0,False,False,False,2.821789128514715,1.2659328142425348
14.60000000000582,4.6,False,True,NORMAL,-0.5832826665587763,1.0054176138480788,-0.09360021721883921,0.0,0.0,0.0,1.1623610658241617,1.1661235989410792,-1.1928810111137946,1.9604825540337418,-0.12487903380767716,0.09073574306509634,-0.1519090621221701,0.0,2.471815185570017,2.2948762387864257,0.17694444954395294,2.1179317892424727,301.5034876683139,300.84999999999997,0.6534876683139069,0.0,False,0.0,0.0,False,False,False,2.8008407628136966,1.2381180879904057
14.700000000011642,4.7,False,True,NORMAL,-0.6216259203379065,1.0619687036958219,-0.09344259524795481,0.0,0.0,0.0,1.2305268434558156,1.234069621647015,-1.2145200225043093,1.9731679738265169,-0.12088849970031981,0.07791593366558695,-0.13044623879942174,0.0,2.4689235420244673,2.3169917431873834,0.15194444358348846,2.165047299603895,301.5184590741806,300.84999999999997,0.6684590741806212,0.0,False,0.0,0.0,False,False,False,2.7800925650763713,1.2132756852752915
14.80000000000291,4.8,False,True,NORMAL,-0.6569403642349096,1.1144321039239704,-0.09246901548833557,0.0,0.0,0.0,1.2936497039065493,1.2969502979077052,-1.2100131332852695,1.9909250338178954,-0.11448530773025606,0.08147699268113957,-0.1364081355882781,0.0,2.488672971510007,2.329788460999329,0.15888889133930206,2.170899569660027,301.4949458843238,300.84999999999997,0.6449458843238249,0.0,False,0.0,0.0,False,False,False,2.759703081980574,1.1905818971767375
14.900000000008731,4.9,False,True,NORMAL,-0.6889743235115692,1.1627953103197517,-0.09071409836950219,0.0,0.0,0.0,1.3515837199965943,1.3546245235499113,-1.2169461267633914,1.991108667443981,-0.10964229403827042,0.041023379380749986,-0.06868101672282353,0.0,2.4135494238545268,2.333553427932381,0.07999999821186066,2.25355342972052,301.6616484128548,300.84999999999997,0.811648412854804,0.0,False,0.0,0.0,False,False,False,2.739766828272855,1.1696263443698642
15.0,5.0,False,True,NORMAL,-0.7183980356985866,1.2071637619879945,-0.08818635354473402,0.0,0.0,0.0,1.4047562372001041,1.407521551843563,-1.21824909647631,1.9994642145520196,-0.10188104914184254,0.03133730443652291,-0.05246466679590486,0.0,2.4024733728922016,2.3413645607507325,0.06111111119389534,2.280253449556837,301.8145800952929,300.84999999999997,0.9645800952929264,0.0,False,0.0,0.0,False,False,False,2.720368346884802,1.15078844687361
15.10000000000582,5.1,False,True,NORMAL,-0.7455256311287768,1.2472544330504762,-0.08496550629694496,0.0,0.0,0.0,1.4530836477760067,1.4555656030197754,-1.224980226800924,1.9822158916788233,-0.09725572235825772,0.05840134034674269,-0.09777506128303304,0.0,2.4440602716172064,2.3301837689927627,0.11388888955116272,2.2162948794416,301.7211943659233,300.84999999999997,0.8711943659232975,0.0,False,0.0,0.0,False,False,False,2.7015685798048956,1.1332445931471538
15.200000000011642,5.2,False,True,NORMAL,-0.770265472608379,1.283447541379843,-0.0809110051066294,0.0,0.0,0.0,1.4968455129927647,1.4990307136659804,-1.2179578445955377,1.9877910011113316,-0.08503868125431997,0.008688979527846351,-0.014547020681000182,0.0,2.348195048254555,2.331251675669317,0.016944443807005882,2.314307231862311,301.75751303426074,300.84999999999997,0.9075130342607646,0.0,False,0.0,0.0,False,False,False,2.683432734826612,1.1180080583104894
15.298999999999069,5.3,False,True,NORMAL,-0.7930485166706533,1.3156678662710755,-0.07601090080096348,0.0,0.0,0.0,1.5361991681197487,1.5380785224338782,-1.2281751257350355,1.958872065620642,-0.07863020604719652,0.011227301170012007,-0.018796658662684596,0.0,2.3339434352242905,2.3120540454200356,0.021894443780183792,2.2901596016398518,301.54783656898417,300.84999999999997,0.6978365689841722,0.0,False,0.0,0.0,False,False,False,2.666004247796649,1.1036496282644623
15.39900000000489,5.4,False,True,NORMAL,-0.8137758989946483,1.3441994268767528,-0.0709131069189215,0.0,0.0,0.0,1.5713380645170976,1.5729373737479928,-1.2139611344918175,1.9610217249199189,-0.07865499253383035,0.011252941216718227,-0.01883958502572894,0.0,2.328304176419829,2.3063624697051752,0.021944444626569748,2.2844180250786055,301.6194553360031,300.84999999999997,0.7694553360031073,0.0,False,0.0,0.0,False,False,False,2.6492773428166525,1.0904028249326412
15.5,5.5,False,True,NORMAL,-0.8326837720137172,1.369621167252,-0.06578598318894666,0.0,0.0,0.0,1.6028800347997736,1.604229472844786,-1.2244507276098888,1.936274703800987,-0.07529352783130719,0.014386671851400518,-0.024086052025140338,0.0,2.3189938325246136,2.2909472523224945,0.028055556118488312,2.262891696204006,301.6988959355235,300.84999999999997,0.8488959355235376,0.0,False,0.0,0.0,False,False,False,2.6332733366608343,1.0786297708847299
15.60000000000582,5.6,False,True,NORMAL,-0.8497246098113719,1.3922654383774475,-0.0598066468668941,0.0,0.0,0.0,1.6310839841710894,1.6321800753681854,-1.2048712479965025,1.9387164862500335,-0.05736492456128563,0.0138169019504401,-0.023132147771353122,0.0,2.309556422699537,2.2826161171573123,0.026944443583488464,2.255671673573824,301.7427907177994,300.84999999999997,0.8927907177993964,0.0,False,0.0,0.0,False,False,False,2.618062349148179,1.0691618669596596
15.700000000011642,5.7,False,True,NORMAL,-0.8648516354021243,1.4112217471102046,-0.05316872408893511,0.0,0.0,0.0,1.6551480812224952,1.6560018369542207,-1.210077371315077,1.8874641694478562,-0.05663613678946594,0.019514593318844264,-0.03267117751638871,0.0,2.2800912591722744,2.242054467562796,0.038055554032325745,2.2039989135304703,301.878221624416,300.84999999999997,1.0282216244160376,0.0,False,0.0,0.0,False,False,False,2.6036324872954766,1.059274599135501
15.801000000006752,5.8,False,True,NORMAL,-0.8792213881677481,1.4256201233544221,-0.04669832795651652,0.0,0.0,0.0,1.6749396960860112,1.675590558387888,-1.2121810673402746,1.8622339712303368,-0.0549134012201146,0.02798278896812596,-0.04684856357721071,0.0,2.2765330033190674,2.2220032186345993,0.05456944555044174,2.1674337730841575,301.85211571759214,300.84999999999997,1.0021157175921473,0.0,False,0.0,0.0,False,False,False,2.589937116394177,1.0507357629150667
15.900000000008731,5.9,False,True,NORMAL,-0.892332677937487,1.436790234081401,-0.03955708381921094,0.0,0.0,0.0,1.6913378683358253,1.6918003864957158,-1.2047503066748457,1.830714090163494,-0.03618582508372212,0.006125018794124478,-0.010254457935375997,0.0,2.2034936462170354,2.1915604900062156,0.011944444850087166,2.1796160451561284,301.8129872107129,300.84999999999997,0.9629872107129137,0.0,False,0.0,0.0,False,False,False,2.5770346767967154,1.0442263407716699
16.0,6.0,False,True,NORMAL,-0.904104134194174,1.4444812427602294,-0.030770135380736814,0.0,0.0,0.0,1.7040922352247057,1.7043700148103058,-1.2025159200214437,1.7931972787020103,-0.012336656592717592,0.005697691845979166,-0.00953903054458787,0.0,2.1701701160456914,2.159074111337847,0.011111111380159855,2.147962999957687,301.9450503954812,300.84999999999997,1.095050395481176,0.0,False,0.0,0.0,False,False,False,2.564972164102681,1.0389079125968763
16.10000000000582,6.1,False,True,NORMAL,-0.9147926827824097,1.4483852787388143,-0.020112412960636785,0.0,0.0,0.0,1.7130865617765938,1.7132046221320587,-1.1982019513256121,1.747628290023823,0.01381271892526615,0.024072746795627594,-0.040302401952059,0.0,2.165791217309906,2.1189366569702117,0.04694444313645363,2.071992213833758,302.0389980906989,300.84999999999997,1.188998090698908,0.0,False,0.0,0.0,False,False,False,2.5537456598280395,1.0344587784868833
16.20000000001164,6.2,False,True,NORMAL,-0.9241088872400716,1.447769580147356,-0.008466178292345545,0.0,0.0,0.0,1.7175604771524449,1.7175813427174307,-1.1875239379885434,1.6859461811537961,0.02184610452056964,0.004558153476783333,-0.0076312244356702965,0.0,2.071053872190556,2.062190007987355,0.008888889104127884,2.053301118883227,302.1022122984608,300.84999999999997,1.2522122984608006,0.0,False,0.0,0.0,False,False,False,2.543277553873985,1.0293331855889247
16.30000000000291,6.3,False,True,NORMAL,-0.9318127371124678,1.4431949242921849,0.003399234290977808,0.0,0.0,0.0,1.7178726863617555,1.7178760494696699,-1.1751820615336983,1.64342133233444,0.03345960886693548,0.017377959055692702,-0.029094041362000365,0.0,2.0541438795661593,2.0203679252360196,0.033888887614011765,1.9864790376220078,301.9796703046527,300.84999999999997,1.129670304652724,0.0,False,0.0,0.0,False,False,False,2.5335080142584774,1.0252423968358109
16.40000000000873,6.4,False,True,NORMAL,-0.9386062674740518,1.4359597468183953,0.015357478964316001,0.0,0.0,0.0,1.7155063741718717,1.7155751140607225,-1.1770059346011403,1.6026941627296019,0.039377781209713886,0.017377959055692702,-0.029094041362000365,0.0,2.0221982169014376,1.9884595920797192,0.033888887614011765,1.9545707044657075,302.0715458385846,300.84999999999997,1.2215458385846047,0.0,False,0.0,0.0,False,False,False,2.5244228274903584,1.021439685711093
16.5,6.5,False,True,NORMAL,-0.944578073227313,1.425168551992799,0.027996757621770417,0.0,0.0,0.0,1.709775756645027,1.7100049580186623,-1.1650959829338097,1.535078499170093,0.06395536056598274,0.0138169019504401,-0.023132147771353122,0.0,1.9539334713310441,1.927151952509922,0.026944443583488464,1.9002075089264336,302.06581832161316,300.84999999999997,1.2158183216131766,0.0,False,0.0,0.0,False,False,False,2.516028945043166,1.0191867259624345
16.60000000000582,6.6,False,True,NORMAL,-0.9499941918651155,1.4106758695881758,0.040088064818133845,0.0,0.0,0.0,1.7007337750558755,1.701206168151489,-1.1716042581470292,1.4840766910976577,0.0450577560758894,0.00413082652863802,-0.0069157970448821705,0.0,1.898792139502052,1.890804104810338,0.008055555634200573,1.8827485491761373,302.29170025805564,300.84999999999997,1.4417002580556566,0.0,False,0.0,0.0,False,False,False,2.508229048616238,1.0146361257709555
16.70000000001164,6.7,False,True,NORMAL,-0.9554175940893773,1.392855810093408,0.050854018383313826,0.0,0.0,0.0,1.689044134061185,1.6898095212159945,-1.1715050678826089,1.417238626173446,0.05261382558705693,0.00413082652863802,-0.0069157970448821705,0.0,1.8467093917020243,1.838746705664658,0.008055555634200573,1.8306911500304575,302.3324755308407,300.84999999999997,1.482475530840721,0.0,False,0.0,0.0,False,False,False,2.500960455972375,1.012207385583197
16.80000000000291,6.8,False,True,NORMAL,-0.9597161623699024,1.3716465460310532,0.061201473036535885,0.0,0.0,0.0,1.6740577527531513,1.6751761041319724,-1.1533319716335078,1.3582570746807308,0.05175421779456568,0.00968607589937708,-0.016216351526023236,0.0,1.8004966476602329,1.78186332745031,0.018888888880610466,1.7629744385696995,302.3519103891135,300.84999999999997,1.5019103891135288,0.0,False,0.0,0.0,False,False,False,2.4942479227570464,1.0095025497674346
16.90000000000873,6.9,False,True,NORMAL,-0.9632044309002015,1.3475113837519608,0.06968487326885119,0.0,0.0,0.0,1.6563664163001208,1.6578316219114053,-1.1582157848400032,1.294995084583223,0.0283912295336355,0.007691883633890622,-0.012877690635529411,0.0,1.7521049875976704,1.7373762037472635,0.014999999664723873,1.7223762040825397,302.2672342962726,300.84999999999997,1.4172342962725921,0.0,False,0.0,0.0,False,False,False,2.487984270535873,1.0057220021072701
17.0,7.0,False,True,NORMAL,-0.9655070222329207,1.3210677084818094,0.07776428636491585,0.0,0.0,0.0,1.6362835024452398,1.6381303319969096,-1.1302164886598796,1.2439199460642467,0.05652472526197832,0.012819806534059373,-0.02146281852543464,0.0,1.7052054166731088,1.680692162013956,0.02500000037252903,1.655692161641427,302.4326320737182,300.84999999999997,1.5826320737182002,0.0,False,0.0,0.0,False,False,False,2.4822347682635932,1.0055873534274218
17.10000000000582,7.1,False,True,NORMAL,-0.9643847473268198,1.2934137373116295,0.08779144503905262,0.0,0.0,0.0,1.6133682272634016,1.6157550478228733,-1.0829313460108938,1.2008199361197758,0.08309117863363953,0.01794772895665312,-0.030047945615787577,0.0,1.6513541352446466,1.6170061283605788,0.03500000014901161,1.5820061282115672,302.3774688168329,300.84999999999997,1.5274688168329233,0.0,False,0.0,0.0,False,False,False,2.477102342102022,1.005490018599097
17.1990000000078,7.2,False,True,NORMAL,-0.9599306030282966,1.2655632134155963,0.09821682912979882,0.0,0.0,0.0,1.5884322490371061,1.5914658511276298,-1.049624764753112,1.1705097013994608,0.08105391355016311,0.012307014196284997,-0.020604305656488887,0.0,1.5957605337103409,1.5721975409767313,0.024000000208616257,1.548197540768115,302.2734985878833,300.84999999999997,1.423498587883285,0.0,False,0.0,0.0,False,False,False,2.4724621103698454,1.003719364641697
17.30000000000291,7.3,False,True,NORMAL,-0.9524402283734208,1.2373675347457394,0.10821790943383772,0.0,0.0,0.0,1.5614803247773448,1.56522583692865,-1.001661513637776,1.1243819337425651,0.09082019228574258,0.016380864594461978,-0.027424713715186448,0.0,1.5372276464481818,1.5058421301151692,0.03194444626569748,1.4738976838494717,302.24361888338854,300.84999999999997,1.3936188833885754,0.0,False,0.0,0.0,False,False,False,2.4682316218277953,1.0027679212784766
17.403000000005704,7.4,False,True,NORMAL,-0.9415654541097881,1.2077414478744477,0.11887784949421645,0.0,0.0,0.0,1.5313996569435553,1.5360067878714627,-0.954005196528865,1.0697311115496424,0.11171157436518807,0.007079381754478174,-0.011852244841991813,0.0,1.4468953394898556,1.4333354687655335,0.013805555179715157,1.4195299135858184,302.1543883605019,300.84999999999997,1.3043883605018967,0.0,False,0.0,0.0,False,False,False,2.464437556214225,1.0026756463345474
17.5,7.5,False,True,NORMAL,-0.9285670355199958,1.1765291083048453,0.12864110250052402,0.0,0.0,0.0,1.4988186955542646,1.5043290914542395,-0.9268340162604681,1.0175225167262418,0.08961741145299333,0.019514593318844264,-0.03267117751638871,0.0,1.4136769384409162,1.3763623671629557,0.038055554032325745,1.33830681313063,302.06525326378113,300.84999999999997,1.2152532637811433,0.0,False,0.0,0.0,False,False,False,2.4609597931437603,0.999819174432005
17.60000000000582,7.6,False,True,NORMAL,-0.9144889517989719,1.143963959117559,0.13551564831236837,0.0,0.0,0.0,1.4645625909199997,1.4708188446099757,-0.8979127622225863,0.9649382931677428,0.06724253328951592,0.0138169019504401,-0.023132147771353122,0.0,1.3444456763999946,1.3180869615407291,0.026944443583488464,1.2911425179572407,301.97618927070437,300.84999999999997,1.1261892707043628,0.0,False,0.0,0.0,False,False,False,2.457658744372756,0.9970118863425101
17.70000000001164,7.7,False,True,NORMAL,-0.8992578987342622,1.1118595237452582,0.14044481931080158,0.0,0.0,0.0,1.4299987304116717,1.4368789497554193,-0.8669100663302453,0.9505101684009462,0.061654696577906044,0.012250037588248957,-0.020508915870751994,0.0,1.3098857012510003,1.2864690603890578,0.02388888970017433,1.2625801706888835,301.99261026552165,300.84999999999997,1.1426102655216817,0.0,False,0.0,0.0,False,False,False,2.4545754972846123,0.9954436768883421
17.80000000000291,7.8,False,True,NORMAL,-0.8810669200070077,1.0809456025189392,0.14381659023238502,0.0,0.0,0.0,1.3945330089803065,1.4019292153178553,-0.7953397177926212,0.9157095635239277,0.045080696359567074,0.008688979527846351,-0.014547020681000182,0.0,1.2295688100189708,1.2128846900788337,0.016944443807005882,1.1959402462718278,301.7639522447933,300.84999999999997,0.9139522447933097,0.0,False,0.0,0.0,False,False,False,2.451702107650405,0.9929823747867116
17.90000000000873,7.9,False,True,NORMAL,-0.8575544457221798,1.0494149659825562,0.14677901067792132,0.0,0.0,0.0,1.3552385023330928,1.3631637745266099,-0.7050509670506717,0.8640349053011851,0.06244343732702154,0.00925874942880677,-0.015500924934787396,0.0,1.1330585367605128,1.1151919941059096,0.01805555634200573,1.097136437763904,301.90253303376414,300.84999999999997,1.0525330337641465,0.0,False,0.0,0.0,False,False,False,2.449067754155741,0.9927868813905216
18.0,8.0,False,True,NORMAL,-0.8302537902838382,1.0175941406139086,0.14966307252162683,0.0,0.0,0.0,1.3133237191539786,1.3218238258440693,-0.6557335467295368,0.8354644332811134,0.05286171686119617,0.007691883633890622,-0.012877690635529411,0.0,1.0769483092815084,1.062067466587801,0.014999999664723873,1.047067466923077,301.7875339048571,300.84999999999997,0.9375339048571415,0.0,False,0.0,0.0,False,False,False,2.446673853941034,0.9908833717448486
18.10000000000582,8.1,False,True,NORMAL,-0.8011856495821001,0.9872842334755865,0.15137257069539947,0.0,0.0,0.0,1.2714671064426983,1.2804461167595855,-0.6019834354358701,0.823555759190108,0.04679891334693707,0.00925874942880677,-0.015500924934787396,0.0,1.038091097993239,1.0201118296708296,0.01805555634200573,1.0020562733288239,301.8447840199516,300.84999999999997,0.9947840199515686,0.0,False,0.0,0.0,False,False,False,2.4444405657212926,0.9891908194368717
18.20000000001164,8.2,False,True,NORMAL,-0.7690191489235872,0.957633138531661,0.15263016186141046,0.0,0.0,0.0,1.2281904084567499,1.2376379299839668,-0.5190758816002409,0.7796712254180493,0.0511554146437073,0.003133730395894791,-0.005246466599635257,0.0,0.9427611903889146,0.936657349623623,0.0061111110262572765,0.9305462385973657,302.00250641199244,300.84999999999997,1.152506411992441,0.0,False,0.0,0.0,False,False,False,2.442380974401826,0.9881248670125392
18.30000000000291,8.3,False,True,NORMAL,-0.7333748523767627,0.9275676285766501,0.1538022872362002,0.0,0.0,0.0,1.1824636906399912,1.1924242211734193,-0.4498960448677585,0.7455429724180288,0.05263904821134569,0.010255844845187496,-0.017170254180705884,0.0,0.8907700194972034,0.8707702193515588,0.019999999552965164,0.8507702197985937,302.2758355520722,300.84999999999997,1.4258355520722155,0.0,False,0.0,0.0,False,False,False,2.440491037582482,0.986844254784719
18.40000000000873,8.4,False,True,NORMAL,-0.6951850270458723,0.8967600902882868,0.15478969600100922,0.0,0.0,0.0,1.1346633339288912,1.1451727954115534,-0.3799156780986229,0.693548397859907,0.054954295869270225,0.014386671851400518,-0.024086052025140338,0.0,0.8188244908635337,0.7907877734507409,0.028055556118488312,0.7627322173322526,302.3409844538573,300.84999999999997,1.4909844538572976,0.0,False,0.0,0.0,False,False,False,2.438745397635603,0.9855727148562944
18.5,8.5,False,True,NORMAL,-0.6559850170778991,0.8656475080626878,0.15533703917463962,0.0,0.0,0.0,1.0861224382388168,1.0971743464852686,-0.33924636122966145,0.6675854904939987,0.05086938140430461,0.012819806534059373,-0.02146281852543464,0.0,0.773781725453873,0.748838087122763,0.02500000037252903,0.723838086750234,302.06110139048087,300.84999999999997,1.2111013904808745,0.0,False,0.0,0.0,False,False,False,2.4371126867829815,0.9837754895457406
18.601000000009662,8.6,False,True,NORMAL,-0.6172199029507466,0.8352646400489546,0.1543488476627751,0.0,0.0,0.0,1.0385698953438998,1.049976663688039,-0.2992556208039971,0.6380993618553066,0.029143306394300232,0.008822875320851048,-0.014771187956765538,0.0,0.7219087993551994,0.7047870048340387,0.017205554991960526,0.6875814498420781,302.3445252254986,300.84999999999997,1.4945252254986052,0.0,False,0.0,0.0,False,False,False,2.435510772201286,0.980709946396236
18.70100000000093,8.7,False,True,NORMAL,-0.5769271657570905,0.8055772446912779,0.15163943230953866,0.0,0.0,0.0,0.9908580381431542,1.0023942184510342,-0.2158813795242675,0.6131111223245207,0.01910901352612525,0.022119864290237275,-0.03703290153461265,0.0,0.6923379549158032,0.6500077063722662,0.0431361123919487,0.6068715939803175,302.48275066324527,300.84999999999997,1.6327506632453006,0.0,False,0.0,0.0,False,False,False,2.433909817707193,0.9784486247215594
18.80000000000291,8.8,False,True,NORMAL,-0.5344269286618045,0.7767661100477434,0.15048463790159972,0.0,0.0,0.0,0.9428561564722333,0.954789693095798,-0.15720740073947848,0.5892388015556869,0.06474354079774418,0.026209381058779155,-0.043879538106447354,0.0,0.6591513846316089,0.6098495979387418,0.05111110955476761,0.5587384883839742,302.7490260925473,300.84999999999997,1.899026092547303,0.0,False,0.0,0.0,False,False,False,2.4324928304279863,0.9797289294607396
18.901000000012573,8.9,False,True,NORMAL,-0.49089215118887736,0.7462068536318618,0.1520951290724756,0.0,0.0,0.0,0.8931963795862623,0.906053365312209,-0.09498591515395156,0.5078193717089011,0.08225178418780042,0.010881166270378053,-0.01821716235621337,0.0,0.5365838928821327,0.5166264011454088,0.021219443529844284,0.4954069576155645,302.9408810489375,300.84999999999997,2.0908810489375105,0.0,False,0.0,0.0,False,False,False,2.431305691210381,0.9790853477158536
19.0,9.0,False,True,NORMAL,-0.36225083752473786,0.18524515171941125,-0.007196957636591439,0.0,0.0,0.0,0.40686783544895966,0.406931482834819,-1.7885776133633713e-05,0.00010204696718929052,0.00012143616837528689,0.016380864594461978,-0.027424713715186448,0.0,0.03204124790612714,0.00010360253134182869,0.03194444626569748,0.03184084373435565,303.1816670465226,300.84999999999997,2.3316670465225804,0.0,False,0.0,0.0,False,True,True,0.8662450196861032,0.0002998269157590558
19.10000000000582,9.1,False,True,NORMAL,-0.42079678988674635,0.1945873019746662,-0.006399931673587035,0.0,0.0,0.0,0.463609918432264,0.4636540904534296,-0.0019585624300746327,0.000451477740883241,0.0007481648593677237,0.006125018794124478,-0.010254457935375997,0.0,0.013414967167772894,0.0020099251088070134,0.011944444850087166,0.009934519741280153,303.3611954421204,300.84999999999997,2.5111954421204157,0.0,False,0.0,0.0,False,True,True,0.820108565534996,0.00027767731919475173
19.1990000000078,9.2,False,True,NORMAL,-0.4392941548062858,0.13696561570897103,-0.0018649318799358403,0.0,0.0,0.0,0.46015099079922295,0.4601547699463989,-0.000944023807990495,-0.0015020043797075663,0.0009128819824952707,0.013316929636018835,-0.022295098083929543,0.0,0.025213637954978992,0.001774034415312619,0.02596944384276867,0.02419540942745605,303.3839640457062,300.84999999999997,2.533964045706188,0.0,False,0.0,0.0,False,True,True,0.7788696170311062,0.00027760711823391384
19.29899999999907,9.3,False,True,NORMAL,-0.5277875240354595,0.09378353136834552,-0.008765542772346079,0.0,0.0,0.0,0.536055054339942,0.5361267163866132,-0.0035822673482089726,-0.0013521166876168033,-0.002358045563212403,0.01536382564599863,-0.025721995165871824,0.0,0.030868194258655293,0.003828950102962427,0.029961111024022102,0.026132160921059674,303.4200713638459,300.84999999999997,2.57007136384592,0.0,False,0.0,0.0,False,True,True,0.7461035056478388,0.0002773031166087387
19.39900000000489,9.4,False,True,NORMAL,-0.4393521220622001,0.05664738237194562,0.0023497468939902948,0.0,0.0,0.0,0.44298895368863517,0.4429951855275829,0.0030730554385172124,-0.0014486976358391525,0.003093313301009354,0.005794552652730437,-0.009701194139803332,0.0,0.008689663148529484,0.0033974099794234678,0.011300000362098217,0.007902590382674749,303.11483382863565,300.84999999999997,2.2648338286356875,0.0,False,0.0,0.0,False,True,True,0.7164584560630487,0.0002774317958687691
19.5,9.5,False,True,NORMAL,-0.42628604246348817,0.061261255696331327,0.0063204332564618555,0.0,0.0,0.0,0.4306654518865823,0.430711828633976,0.0167322975204701,0.12838557819086824,0.07868887800950411,0.014813998321970829,-0.024801478616376178,0.0,0.1531990673766681,0.12947133454057339,0.028888888657093048,0.10058244588348034,302.9698418786817,300.84999999999997,2.119841878681705,0.0,False,0.0,0.0,False,True,True,0.6972946420101075,0.003780649275173948
19.60000000000582,9.6,False,True,NORMAL,-0.4347817313072928,0.22566323867836416,0.01548087953150255,0.0,0.0,0.0,0.4898561535485446,0.49010071291566615,-0.0005921089395021854,0.004394988673429374,0.0018759735880856407,0.019941921699714583,-0.03338660730583369,0.0,0.043001109393044266,0.004434694852615103,0.03888889029622078,0.03445419544360567,302.7758353923307,300.84999999999997,1.9258353923307276,0.0,False,0.0,0.0,False,True,True,0.6696295132622008,0.000288668035756063
19.6990000000078,9.7,False,True,NORMAL,-0.42597683323513436,0.21957381245479443,0.01193468076036442,0.0,0.0,0.0,0.4792378548998052,0.47938643928861663,-0.04679708503452932,-0.01108564918345367,-0.06852410094037757,0.009788634175901955,-0.016388053779991474,0.0,0.056833609009697396,0.048092190483981646,0.01908888854086399,0.029003301943117656,302.4277811273348,300.84999999999997,1.5777811273348377,0.0,False,0.0,0.0,False,False,False,0.6530111014861968,0.003591657092200857
19.80000000000291,9.8,False,True,NORMAL,-0.4167503480119473,0.21348027289566193,0.005181211455845167,0.0,0.0,0.0,0.46824638758209924,0.46827505211770115,0.018568466243810224,-0.0018702143699839556,-0.06519054217195887,0.008688979527846351,-0.014547020681000182,0.0,0.01607189086628974,0.018662412503136196,0.016944443807005882,0.0017179686961303134,301.8842825089149,300.84999999999997,1.0342825089149414,0.0,False,0.0,0.0,False,False,False,0.6367000621373597,0.007464402948238344
19.90000000000873,9.9,False,True,NORMAL,-0.40285925216696983,0.20994625856997565,-0.001307972326464663,0.0,0.0,0.0,0.45428296087797665,0.4542848438322239,0.05918736337557188,0.03540947519109662,-0.0659380212724527,0.007122114688080207,-0.011923787980846767,0.0,0.07036496232781488,0.06897082656211156,0.013888888992369175,0.05508193756974239,301.4623791091233,300.84999999999997,0.6123791091233095,0.0,False,0.0,0.0,False,False,False,0.6207323010285827,0.01200215332665534
20.0,10.0,False,True,NORMAL,-0.3853778637859163,0.2109762052817401,-0.008435428016521725,0.0,0.0,0.0,0.4393484461009043,0.4394294181516539,0.10429529131933418,0.08707728118347846,-0.08081660357158245,0.019514593318844264,-0.03267117751638871,0.0,0.14672239131926684,0.13586743793010655,0.038055554032325745,0.09781188389778081,301.2638205368511,300.84999999999997,0.4138205368511201,0.0,False,0.0,0.0,False,False,False,0.6052002874209018,0.017242972009912802
20.10000000000582,10.1,False,True,NORMAL,-0.3619454652056603,0.22065221404634683,-0.013489624446544177,0.0,0.0,0.0,0.42390083669001727,0.4241154198024466,0.19430636031595921,0.21010509794908955,-0.026404904734578332,0.002563961211296874,-0.004292563545176471,0.0,0.2876308482562701,0.2861802121800735,0.004999999888241291,0.2811802122918322,300.80704715273583,300.84999999999997,0.042952847264148386,0.0,False,0.0,0.0,False,False,False,0.5901864000130768,0.023676866572424987
20.20000000001164,10.2,False,True,NORMAL,-0.33903908562335683,0.2428595774093239,-0.018631725362052556,0.0,0.0,0.0,0.4170470907700439,0.41746307274982325,0.10885007611207304,0.3450579405435613,-0.08449193484042074,0.010255844845187496,-0.017170254180705884,0.0,0.3754065629318562,0.36181945967812174,0.019999999552965164,0.34181946012515657,300.07177183083746,300.84999999999997,0.7782281691625138,0.0,False,0.0,0.0,False,False,False,0.5758467303027279,0.030402670897547848
20.30000000000291,10.3,False,True,NORMAL,-0.31200234767295143,0.2713554222619018,-0.02711121972606041,0.0,0.0,0.0,0.4134963484051199,0.4143841796924721,0.29303797893819394,0.34563575538649205,-0.09627762291461371,0.020511689690374993,-0.03434050836141177,0.0,0.4676029719142111,0.45313941839324945,0.03999999910593033,0.4131394192873191,299.2966466300829,300.84999999999997,1.553353369917116,0.0,False,0.0,0.0,False,False,False,0.5622960731592455,0.03838993525990347
20.401000000012573,10.4,False,True,NORMAL,-0.27655180467653395,0.30161178910677605,-0.035268583111370135,0.0,0.0,0.0,0.40920724822275345,0.41072429311245,0.296025982699458,0.3903283037428544,-0.08094798878643696,0.027460025819460276,-0.04597335765567146,0.0,0.5123346688776611,0.48988525915356324,0.05355000123381615,0.4363352579197471,299.1676480735215,300.84999999999997,1.6823519264784732,0.0,False,0.0,0.0,False,False,False,0.5496456407840757,0.047182802166457274
20.5,10.5,False,True,NORMAL,-0.2400247618307141,0.3351217795725819,-0.04485502863549321,0.0,0.0,0.0,0.4122117094840771,0.4146449891529814,0.33289448421563816,0.42176744077503786,-0.12819744418353596,0.01112301120894045,-0.01662163059884294,0.0,0.5438031433717109,0.5373141648227049,0.019999999552965164,0.5173141652697397,299.31374488931687,303.78999999999996,4.476255110683146,0.0,False,0.0,0.0,False,False,False,0.5380910304307909,0.0566914384497461
20.59900000000198,10.6,False,True,NORMAL,-0.20143897433180008,0.3719596005979059,-0.05287073707728821,0.0,0.0,0.0,0.4230030790157458,0.42629440495495247,0.3553905234291752,0.46903166651556694,-0.05220725025672054,0.012805367200735834,-0.019135653043493215,0.0,0.5963823615379162,0.5884667606055869,0.02302500046789646,0.5654417601376904,299.54360156624654,303.78999999999996,4.246398433753465,0.0,False,0.0,0.0,False,False,False,0.5278080926509766,0.06819068304914445
20.70000000001164,10.7,False,True,NORMAL,-0.16038880266384975,0.4158826467466805,-0.05475917358008352,0.0,0.0,0.0,0.44573864975450306,0.44908964692602443,0.4004396877434216,0.5783388181671306,-0.006070129039809557,0.010041608003236708,-0.01500563972407294,0.0,0.7102593233284799,0.7034399278680464,0.01805555634200573,0.6853843715260407,299.6159810569876,303.78999999999996,4.174018943012402,0.0,False,0.0,0.0,False,False,False,0.5190206112288511,0.08113769508665833
20.80000000000291,10.8,False,True,NORMAL,-0.12052213445320376,0.46902071543467944,-0.05376101085133006,0.0,0.0,0.0,0.48425821252717505,0.4872332733791602,0.3486561641501344,0.6719029369657741,0.006088594410462323,0.020083216006473417,-0.03001127944814588,0.0,0.7750120963286858,0.756977329583336,0.03611111268401146,0.7208662168993245,299.48760172603886,303.78999999999996,4.302398273961133,0.0,False,0.0,0.0,False,False,False,0.5119942168140245,0.09457747764512693
20.90000000000873,10.9,False,True,NORMAL,-0.08513268087460192,0.5269399296140062,-0.05763275727715706,0.0,0.0,0.0,0.5337726695649662,0.5368750296725284,0.3253930536473649,0.6947129675242641,-0.10471434232904696,0.014521709366092024,-0.021700462600714395,0.0,0.78095402909434,0.7671419338090744,0.026111111044883728,0.7410308227641906,299.03237592553364,303.78999999999996,4.757624074466337,0.0,False,0.0,0.0,False,False,False,0.5069677563805167,0.10754224348026935
21.0,11.0,False,True,NORMAL,-0.049892916146691155,0.5841255364193519,-0.0673521155337156,0.0,0.0,0.0,0.5862524587401032,0.590108678842875,0.3596639863285399,0.6784093707435065,-0.11422615189565642,0.01112301120894045,-0.01662163059884294,0.0,0.7775274298468641,0.7678524971466437,0.019999999552965164,0.7478524975936786,298.4201359520516,303.78999999999996,5.369864047948388,0.0,False,0.0,0.0,False,False,False,0.504163759692047,0.12280379746543615
21.10000000000582,11.1,False,True,NORMAL,-0.010900096863547341,0.6411441670959408,-0.07689769994662704,0.0,0.0,0.0,0.6412368167165563,0.6458311786913542,0.4157092170731206,0.7137606143454988,-0.10461486164865377,0.02116461817626599,-0.03162726877490586,0.0,0.8433673795099013,0.8259953799812749,0.038055554032325745,0.7879398259489492,298.05711190915684,303.78999999999996,5.732888090843144,0.0,False,0.0,0.0,False,False,False,0.503876511413226,0.14018010129794184
21.20000000001164,11.2,False,True,NORMAL,0.026119844872869134,0.7042355509399325,-0.08549623131951468,0.0,0.0,0.0,0.7047197723236187,0.7098870072579812,0.3347399182126042,0.8265798262943086,-0.09847845587440833,0.010041608003236708,-0.01500563972407294,0.0,0.90205049152816,0.8917875431299264,0.01805555634200573,0.8737319867879206,298.18101195893104,303.78999999999996,5.608988041068945,0.0,False,0.0,0.0,False,False,False,0.5064591074778666,0.15888937191220806
21.30000000000291,11.3,False,True,NORMAL,0.060656847456023094,0.777879766668684,-0.09065768198486542,0.0,0.0,0.0,0.7802411066688485,0.7854902926444721,0.37995518101603787,0.9584994038620033,-0.03812977339727678,0.012822360287516238,-0.01916104659977867,0.0,1.044321054299498,1.031061126599556,0.023055555298924446,1.0080055713006315,297.97071040949703,303.78999999999996,5.819289590502954,0.0,False,0.0,0.0,False,False,False,0.5122965797498957,0.18086716149422497
21.40000000000873,11.4,False,True,NORMAL,0.10057329021213712,0.8597555783266775,-0.09174581237968504,0.0,0.0,0.0,0.8656180688779171,0.8704665043855179,0.4591274403608839,1.032139048435861,-0.018232167213308344,0.003862156784872231,-0.005771399685488244,0.0,1.1333686852692757,1.129649955427973,0.0069444444961845875,1.1227055109317885,297.80842101884815,303.78999999999996,5.981578981151842,0.0,False,0.0,0.0,False,False,False,0.5217599875694265,0.20342121604271823
21.5,11.5,False,True,NORMAL,0.1466209275876301,0.9459130315917105,-0.09385326097414562,0.0,0.0,0.0,0.9572090470433704,0.9617991444876411,0.5232099147737096,1.0920891931589565,-0.06053682842368976,0.004480101880810899,-0.006694823650646464,0.0,1.215074867808625,1.2109531042662607,0.008055555634200573,1.20289754863206,297.59133124942167,303.78999999999996,6.198668750578313,0.0,False,0.0,0.0,False,False,False,0.5351488009440307,0.22602750142142916
21.60000000000582,11.6,False,True,NORMAL,0.1991931602587134,1.036870677146067,-0.09817841509793734,0.0,0.0,0.0,1.0558308179908356,1.0603856456074554,0.6150909919738465,1.1848921613165866,-0.06594327257210188,0.010041608003236708,-0.01500563972407294,0.0,1.3438152737580507,1.3350304724450535,0.01805555634200573,1.3169749161030477,297.3690537070506,303.78999999999996,6.420946292949342,0.0,False,0.0,0.0,False,False,False,0.5528042234944726,0.25147331142986634
21.70000000001164,11.7,False,True,NORMAL,0.2563526131989736,1.133589012081564,-0.10446667350904991,0.0,0.0,0.0,1.1622137112450528,1.1668993086295172,0.645460196800257,1.2751397438955194,-0.10460375798667967,0.004943560767509348,-0.007387391721265754,0.0,1.4335750467373876,1.4291956591437567,0.008888889104127884,1.4203067700396288,297.29934220404334,303.78999999999996,6.490657795956645,0.0,False,0.0,0.0,False,False,False,0.5750597216985568,0.2770161318476248
21.80000000000291,11.8,False,True,NORMAL,0.31406645142883277,1.2344998296321608,-0.11280048818361191,0.0,0.0,0.0,1.2738239930519968,1.2788086312695088,0.6609316929386456,1.3489872481358252,-0.11331374784262421,0.022863968290752944,-0.03416668632385161,0.0,1.5232351189651,1.5021974898007955,0.041111111640930176,1.4610863781598653,297.2766495371656,303.78999999999996,6.513350462834391,0.0,False,0.0,0.0,False,False,False,0.6021676364401884,0.3041067627868557
21.90000000000873,11.9,False,True,NORMAL,0.3701676049441911,1.3365204443889982,-0.1203402639675843,0.0,0.0,0.0,1.386834869052507,1.3920462395882085,0.6520966310106079,1.3906278239215613,-0.0959943159846382,0.028888933299877205,-0.04317007046789737,0.0,1.5633823065525447,1.5359283058919782,0.05194444581866264,1.4839838600733155,297.763374250815,303.78999999999996,6.026625749185025,0.0,False,0.0,0.0,False,False,False,0.6343565775092044,0.3323008117275658
22.00100000000384,12.0,False,True,NORMAL,0.42534397803430507,1.4370321798199666,-0.12349739713824831,0.0,0.0,0.0,1.4986590624582272,1.5037388711435555,0.6866817239464247,1.4257774384160555,-0.032539475596506405,0.05677524961784264,-0.08484188396271275,0.0,1.6366896173511805,1.5825211195741695,0.10208611190319061,1.480435007670979,298.2421653082162,303.78999999999996,5.547834691783762,0.0,False,0.0,0.0,False,False,False,0.6718357910716488,0.36310514159606877
22.10000000000582,12.1,False,True,NORMAL,0.48322939584135094,1.5348546153514029,-0.12460818254966874,0.0,0.0,0.0,1.6091268872499458,1.6139444037602508,0.7589647886397651,1.4586133535143033,-0.062489973413636414,0.06457526291405756,-0.09649780493953766,0.0,1.7030993889333708,1.6442568124977452,0.11611111462116241,1.5281456978765828,298.34642603933344,303.78999999999996,5.443573960666585,0.0,False,0.0,0.0,False,False,False,0.7146601025322384,0.39227480273875304
22.20000000001164,12.2,False,True,NORMAL,0.5394835650868095,1.6299201784461828,-0.1288693321352249,0.0,0.0,0.0,1.7168815640878698,1.7217112446254712,0.713693347882809,1.5083648443057862,-0.10552256760981651,0.09670840686695716,-0.14451584957975505,0.0,1.764280308131302,1.6686889159905722,0.1738888919353485,1.4948000240552237,298.11252348588454,303.78999999999996,5.677476514115434,0.0,False,0.0,0.0,False,False,False,0.7626464742388942,0.42039116527451437
22.30000000000291,12.3,False,True,NORMAL,0.5876621207581938,1.7198701893942314,-0.1345212468220571,0.0,0.0,0.0,1.8174983456776426,1.8224698083610407,0.6601839637543336,1.5092552491884959,-0.10216809858875,0.12451593385339711,-0.18606992452885238,0.0,1.777939167378262,1.6473294367555664,0.22388888895511627,1.4234405478004502,297.44325214825193,303.78999999999996,6.3467478517480584,0.0,False,0.0,0.0,False,False,False,0.8155651687102576,0.44914598995406063
22.39900000000489,12.4,False,True,NORMAL,0.6301058020833527,1.8025571783671235,-0.13711307162354794,0.0,0.0,0.0,1.9095145202647585,1.914430906956946,0.6660631621480766,1.5300149786417077,-0.056196264127301825,0.14653949642002723,-0.218980753671845,0.0,1.824524845241229,1.6687078746259574,0.26348888874053955,1.4052189858854178,297.3624431034959,303.78999999999996,6.4275568965040994,0.0,False,0.0,0.0,False,False,False,0.8732221734743175,0.4801887056408012
22.5,12.5,False,True,NORMAL,0.6717437534912734,1.8780920710451003,-0.1362271500271803,0.0,0.0,0.0,1.9946101116952704,1.9992566953949527,0.719020743451194,1.5466947028506413,-0.04437818589955073,0.19805139742134298,-0.29595737212565293,0.0,1.9148826932523082,1.7056539312941947,0.3561111092567444,1.3495428220374504,297.59573909638056,303.78999999999996,6.194260903619442,0.0,False,0.0,0.0,False,False,False,0.9352706752595259,0.5099238019742014
22.59900000000198,12.6,False,True,NORMAL,0.7111268686845279,1.9443353423197343,-0.13470096953733715,0.0,0.0,0.0,2.070299820499113,2.074677251514789,0.70259570829422,1.5349050341730548,-0.055992158984100114,0.25249854028288976,-0.37732025838073807,0.0,1.9644828912806185,1.6880681838252989,0.45401111245155334,1.2340570713737455,297.8049179980455,303.78999999999996,5.985082001954511,0.0,False,0.0,0.0,False,False,False,1.0010165002678006,0.5366882320827201
22.702000000004773,12.7,False,True,NORMAL,0.7431574417956592,1.9983173489842774,-0.13437747029018324,0.0,0.0,0.0,2.1320307714823956,2.1362613405361732,0.6548933462932668,1.4969490971349293,-0.08205435139082043,0.27098436676738097,-0.40494448471367095,0.0,1.940253926999635,1.6339344829069105,0.4872500002384186,1.1466844826684919,297.9783231897885,303.78999999999996,5.81167681021151,0.0,False,0.0,0.0,False,False,False,1.0695877440507997,0.5607899452842221
22.80000000000291,12.8,False,True,NORMAL,0.7697249344593582,2.039110774127405,-0.1341514257881959,0.0,0.0,0.0,2.1795525283623993,2.183677134773347,0.6776344049470747,1.466559747546772,-0.07167476288346565,0.3020206465404121,-0.451323434429645,0.0,1.9543187035927292,1.6155450720708562,0.543055534362793,1.0724895377080632,297.93429210977894,303.78999999999996,5.855707890221067,0.0,False,0.0,0.0,False,False,False,1.140232168403768,0.5856419777369191
22.90000000000873,12.9,False,True,NORMAL,0.7901567660533633,2.0641160656799977,-0.13161131341388282,0.0,0.0,0.0,2.2101861567610506,2.2141012590567555,0.6154558207279771,1.3692317677353507,-0.04824649588634089,0.3370890406408321,-0.5037277592552197,0.0,1.8935325331244846,1.5011933589793225,0.6061111092567444,0.8950822497225781,297.98132088060663,303.78999999999996,5.8086791193933855,0.0,False,0.0,0.0,False,False,False,1.2121223997353148,0.6072721145336447
23.0,13.0,False,True,NORMAL,0.8019498849640659,2.0706070358321895,-0.12740152736346663,0.0,0.0,0.0,2.220481280000272,2.2241331488933365,0.5820215441562032,1.2680091509691516,-0.04858886112182511,0.36644142609398517,-0.5475903877316712,0.0,1.8283534866743796,1.3952047465528061,0.6588888764381409,0.7363158701146653,297.5314587248945,303.78999999999996,6.2585412751055305,0.0,False,0.0,0.0,False,False,False,1.2842429250342173,0.6260965452720393
23.10000000000582,13.1,False,True,NORMAL,0.8064066466205122,2.0582653736806273,-0.12145698799387118,0.0,0.0,0.0,2.210599020221983,2.2139331128421507,0.5385260720897861,1.1409468434320424,-0.021178859488701917,0.38760603598296184,-0.579217644122497,0.0,1.7267723421291692,1.261653688560373,0.6969444155693054,0.5647092729910677,297.1518362648333,303.78999999999996,6.638163735166667,0.0,False,0.0,0.0,False,False,False,1.3557179801272026,0.6436612981512826
23.20000000001164,13.2,False,True,NORMAL,0.8048407982768297,2.0289643700136017,-0.11300934299742174,0.0,0.0,0.0,2.1827654764897617,2.185688961622922,0.5232445146313657,1.0499457101987941,-0.0025849237375546036,0.4671664666318543,-0.6981084789593633,0.0,1.7489534572711816,1.1731030715400346,0.8399999737739563,0.33310309776607827,297.04924484377005,303.78999999999996,6.740755156229917,0.0,False,0.0,0.0,False,False,False,1.425801244804163,0.65932326694959
23.29899999999907,13.3,False,True,NORMAL,0.7982486363871321,1.9859009289011897,-0.10176894200010676,0.0,0.0,0.0,2.140327868552976,2.1427459724522517,0.49071220874575405,0.9582735215634841,0.03426947531658284,0.44407234374170346,-0.6635978619624273,0.0,1.6225418520666426,1.0766088490913577,0.7984750270843506,0.2781338220070071,297.8185801717489,303.78999999999996,5.9714198282510855,0.0,False,0.0,0.0,False,False,False,1.4938163058563798,0.6733711451526909
23.40000000000873,13.4,False,True,NORMAL,0.7862181986592182,1.929164829514921,-0.09165868443599427,0.0,0.0,0.0,2.0832225026003055,2.0852379503962655,0.45572269190706827,0.8361346793470373,-0.023605900455765216,0.46778443322294966,-0.6990319350457294,0.0,1.5352139979656652,0.9522627651682058,0.8411111235618591,0.11115164160634672,298.6112673543912,303.78999999999996,5.1787326456087985,0.0,False,0.0,0.0,False,False,False,1.5588881884277945,0.6805342495694244
23.49900000001071,13.5,False,True,NORMAL,0.7693919982015831,1.8566426106901053,-0.08623457921947372,0.0,0.0,0.0,2.0097477032520263,2.0115969361131856,0.42364815128402916,0.661455833433957,-0.05744630251986269,0.5838669811181636,-0.8724994605064483,0.0,1.5422998791548985,0.7854944784466574,1.0498361587524414,0.264341680305784,299.2697034713174,303.78999999999996,4.520296528682567,0.0,False,0.0,0.0,False,False,False,1.6202379882528577,0.6862501514474314
23.60000000000582,13.6,False,True,NORMAL,0.7484476577772396,1.7673906025039132,-0.08302395908019732,0.0,0.0,0.0,1.9193341132411994,1.9211289431042184,0.3896817453647369,0.47476902645943186,-0.06395964553640719,0.5005355023304979,-0.7479733738519122,0.0,1.2277571148042967,0.6142129037685096,0.8999999761581421,0.2857870723896325,299.2552395315523,303.78999999999996,4.5347604684477005,0.0,False,0.0,0.0,False,False,False,1.6775535376233737,0.6913974649603726
23.70000000001164,13.7,False,True,NORMAL,0.7237851791746256,1.6629319756070007,-0.0797725250273082,0.0,0.0,0.0,1.8136173083341058,1.815370870328782,0.3529374141025067,0.2847685478594354,-0.04978836627803186,0.5638748569242328,-0.8426243037709582,0.0,1.146956514734312,0.453495252591839,1.0138888359069824,0.5603935833151434,298.9374484784349,303.78999999999996,4.8525515215651,0.0,False,0.0,0.0,False,False,False,1.7307017519547712,0.6959538753571592
23.79899999999907,13.8,False,True,NORMAL,0.6969593498097373,1.5471272360910628,-0.07591912140484956,0.0,0.0,0.0,1.696866235135222,1.6985637264868418,0.3396377618458065,0.134697210048316,-0.042332957162044126,0.6311691048833374,-0.9431852139410494,0.0,1.1166114113327235,0.36537261482824485,1.1348888874053955,0.7695162725771507,298.95353323195116,303.78999999999996,4.836466768048811,0.0,False,0.0,0.0,False,False,False,1.7796420363333962,0.6989744131547091
23.90000000000873,13.9,False,True,NORMAL,0.6683087116769615,1.4213598858577434,-0.07260291990420076,0.0,0.0,0.0,1.5706369597169352,1.572314104499312,0.299755143871251,-0.06606781032977684,-0.04951751406198931,0.5929182922309955,-0.8860252537405472,0.0,0.8707897797751902,0.30694967313721927,1.0661110877990723,0.759161414661853,299.2847898333129,303.78999999999996,4.505210166687053,0.0,False,0.0,0.0,False,False,False,1.8242957662289456,0.7001840942094402
23.99900000001071,14.0,False,True,NORMAL,0.6373073335122228,1.2870920830358819,-0.0699592910642686,0.0,0.0,0.0,1.4362335003620077,1.4379363581077989,0.2651680396521525,-0.22218503859385644,-0.04358743879933404,0.6765772846931608,-1.011040759241414,0.0,0.8896914717493867,0.34594837855945937,1.2165361642837524,0.8705877857242931,299.25447752300687,303.78999999999996,4.535522476993111,0.0,False,0.0,0.0,False,False,False,1.8647276949886777,0.7009489834531804
24.10000000000582,14.1,False,True,NORMAL,0.6043650940939296,1.146798497679259,-0.06780255273496757,0.0,0.0,0.0,1.296303961746075,1.2980759405350475,0.22376068534611435,-0.4028650717897634,-0.046544108603818954,0.7430789363003134,-1.1104172559888568,0.0,0.8776796335446302,0.46083523126463977,1.336111068725586,0.8752758374609462,299.0729961214825,303.78999999999996,4.71700387851747,0.0,False,0.0,0.0,False,False,False,1.9011136490845002,0.7008052915278241
24.1990000000078,14.2,False,True,NORMAL,0.571740576009514,1.0025038209100263,-0.067132566632792,0.0,0.0,0.0,1.1540802386294,1.15603113223546,0.22939741104933625,-0.542294653016782,-0.06124325257864308,0.6312787622958116,-0.9433490800891933,0.0,0.56776163480291,0.5888180218766492,1.1350860595703125,0.5462680376936633,298.8481008617297,303.78999999999996,4.941899138270296,0.0,False,0.0,0.0,False,False,False,1.9336326241013435,0.6993173366418676
24.29899999999907,14.3,False,True,NORMAL,0.5417405806700388,0.857926551540656,-0.06659096944519552,0.0,0.0,0.0,1.0146530562626581,1.01683586767718,0.2343643917896022,-0.6631457697573041,-0.03761875068762449,0.7006555066172054,-1.0470219609844045,0.0,0.603977097213292,0.7033412970144136,1.2598305940628052,0.5564892970483916,298.9423424937449,303.78999999999996,4.847657506255118,0.0,False,0.0,0.0,False,False,False,1.9626312653446742,0.698858213746435
24.39900000000489,14.4,False,True,NORMAL,0.5133982030623049,0.7137961083962345,-0.06633644297968373,0.0,0.0,0.0,0.8792511582416099,0.8817500342707163,0.21988593613332028,-0.7986796754269031,-0.0564629899848128,0.8555326127925769,-1.2784619909104395,0.0,0.7963904618958599,0.8283954664586534,1.5383111238479614,0.7099156573893081,299.312561381041,303.78999999999996,4.477438618958998,0.0,False,0.0,0.0,False,False,False,1.9883396824979633,0.6965202127846539
24.50100000000384,14.5,False,True,NORMAL,0.48641337752568126,0.5695782621820025,-0.06710810527615237,0.0,0.0,0.0,0.7490109282154772,0.7520112155945322,0.21809939816404267,-0.9398759242562801,-0.049222670137680155,0.7625828397049699,-1.1395628417963348,0.0,0.5799457587989595,0.9648492630852316,1.371180534362793,0.4063312712775614,299.3795690958534,303.78999999999996,4.410430904146554,0.0,False,0.0,0.0,False,False,False,2.0109835267090186,0.69535618588757
24.60000000000582,14.6,False,True,NORMAL,0.46217111724949517,0.4245912583599714,-0.06825977959841804,0.0,0.0,0.0,0.6275985008708598,0.6312996719515821,0.2340381211313979,-1.098087576439778,-0.056495528863814655,0.8275829670813395,-1.2366955413713694,0.0,0.6095142755475192,1.1227511601749072,1.4880555868148804,0.3653044266399732,299.4113342342368,303.78999999999996,4.378665765763222,0.0,False,0.0,0.0,False,False,False,2.0308810074625008,0.6941684016974865
24.70100000000093,14.7,False,True,NORMAL,0.4403979392337839,0.2794688866301174,-0.0707977560646893,0.0,0.0,0.0,0.5215871964261019,0.5263701413828831,0.22953698380541054,-1.2326299380279466,-0.07171770746438481,0.8559049441277976,-1.2790183828620576,0.0,0.6280833619294136,1.2538196804394421,1.5389806032180786,0.28516092277863647,299.31562222555453,303.78999999999996,4.474377774445473,0.0,False,0.0,0.0,False,False,False,2.0482698553844596,0.6924143196861064
24.80000000000291,14.8,False,True,NORMAL,0.4204661180937594,0.13645289382943895,-0.07356971611220096,0.0,0.0,0.0,0.44205333241506434,0.4481335200898201,0.23486541018276808,-1.345942119499503,-0.057622057536542606,0.8609519696308259,-1.2865603867275979,0.0,0.628896311094683,1.36628033358573,1.5480555295944214,0.1817751960086913,299.43827931888717,303.78999999999996,4.351720681112818,0.0,False,0.0,0.0,False,False,False,2.0634783233293854,0.6917460369206783
24.90000000000873,14.9,False,True,NORMAL,0.4020192702815761,-0.005003715688932125,-0.07648115051406985,0.0,0.0,0.0,0.40205040834256917,0.40926018280842125,0.22487930355679286,-1.4910985056099004,-0.0726069342261654,0.9599776517669187,-1.434539048022264,0.0,0.7372710178651153,1.5079606939838541,1.7261110544204712,0.21815036043661706,299.38451109439706,303.78999999999996,4.4054889056029305,0.0,False,0.0,0.0,False,False,False,2.0767656798116336,0.6910833611401562
25.0,15.0,False,True,NORMAL,0.3812285751672379,-0.14699095906314488,-0.08040881941143754,0.0,0.0,0.0,0.4085848364420117,0.4164218375751765,0.1476877978691723,-1.6490629771028005,-0.07830886298471394,1.0027703630627722,-1.4984861776368503,0.0,0.8682393482418751,1.6556631263909325,1.8030555248260498,0.1473923984351173,299.440177444642,303.78999999999996,4.3498225553579495,0.0,False,0.0,0.0,False,False,False,2.088337991650589,0.6918954313285579
25.101000000009662,15.1,False,True,NORMAL,0.3551491609372361,-0.291598795244615,-0.08439819964136114,0.0,0.0,0.0,0.4595223432027367,0.46720856157099344,0.06702558181856236,-1.8423357347077605,-0.07561777680722892,0.992670080015136,-1.4833928570775199,0.0,0.9928029645619842,1.843554552488019,1.7848944664001465,0.05866008608787254,299.3712090522796,303.78999999999996,4.418790947720398,0.0,False,0.0,0.0,False,False,False,2.098499487983845,0.6951113924600987
25.20000000001164,15.2,False,True,NORMAL,0.32349657930685466,-0.44045119132173494,-0.09017578106640692,0.0,0.0,0.0,0.5464863115943268,0.5538763041067096,-0.027958880189735334,-2.0417145688374236,-0.11892137823567782,1.0939172860793935,-1.634691244425394,0.0,1.193429561833516,2.041905991857718,1.9669444561004639,0.07496153575725417,299.66639254755995,303.78999999999996,4.123607452440053,0.0,False,0.0,0.0,False,False,False,2.107441087945466,0.6979478956938738
25.30000000000291,15.3,False,True,NORMAL,0.2889274138988715,-0.5907524993914071,-0.09940301502821254,0.0,0.0,0.0,0.6576226623524194,0.6650928697829975,-0.06187740991745446,-2.1815712527934235,-0.15436938884899862,1.1028775033078606,-1.6480809118508173,0.0,1.281119023261137,2.182448612195201,1.983055591583252,0.1993930206119492,299.55245449123225,303.78999999999996,4.237545508767733,0.0,False,0.0,0.0,False,False,False,2.115305683510381,0.6994828500116332
25.39900000000489,15.4,False,True,NORMAL,0.25443390595613263,-0.7378510100133827,-0.11026729854559633,0.0,0.0,0.0,0.7804874921982179,0.788238290497491,-0.09703727340338511,-2.2803891145520527,-0.1649945248337648,1.1876070146571,-1.7746961432852268,0.0,1.3805927451769047,2.2824527916688786,2.1354055404663086,0.14704725120257,299.5232131320777,303.78999999999996,4.2667868679223275,0.0,False,0.0,0.0,False,False,False,2.122308975755867,0.7011031811237759
25.5,15.5,False,True,NORMAL,0.22025814208725714,-0.8789639059743466,-0.12080216338688161,0.0,0.0,0.0,0.906140826340702,0.9141577324731007,-0.12548842740216215,-2.351118969317728,-0.16279948086134516,1.1334658219432043,-1.693790452500001,0.0,1.4202276511061696,2.3544654920591896,2.038055658340454,0.31640983371873554,299.70787784967894,303.78999999999996,4.082122150321043,0.0,False,0.0,0.0,False,False,False,2.1286288941196188,0.7025532363621885
25.60000000000582,15.6,False,True,NORMAL,0.18787715112905426,-1.0141469659713105,-0.1307103523241805,0.0,0.0,0.0,1.0314028759438205,1.0396523884019577,-0.12730311899686203,-2.437584893288283,-0.16867480320088815,1.1606552911783663,-1.7344209351378508,0.0,1.4674046539325425,2.4409068388804966,2.086944341659546,0.35396249722095074,299.64981319261926,303.78999999999996,4.140186807380741,0.0,False,0.0,0.0,False,False,False,2.134380617732163,0.7046511037143834
25.70000000001164,15.7,False,True,NORMAL,0.158208204279527,-1.144918453440529,-0.14035839862115698,0.0,0.0,0.0,1.1557976037914273,1.164288873516148,-0.13162782574340498,-2.528259202571209,-0.17524441911595845,1.2641611482270072,-1.8890945292178696,0.0,1.535173716398329,2.5316833293079806,2.2730555534362793,0.25862777587170127,299.7343526032654,303.78999999999996,4.055647396734602,0.0,False,0.0,0.0,False,False,False,2.139669691931175,0.7075528809085578
25.80000000000291,15.8,False,True,NORMAL,0.13064635544190406,-1.2717659320959378,-0.15003928157529603,0.0,0.0,0.0,1.2784588598113362,1.2872330178509768,-0.1409525332996089,-2.615081192687469,-0.1885569073656607,1.1991223689331816,-1.7919040702931568,0.0,1.5727114542813005,2.618877099252902,2.156111001968384,0.462766097284518,299.8380844547809,303.78999999999996,3.9519155452190593,0.0,False,0.0,0.0,False,False,False,2.1445791603374866,0.7104919994322964
25.90000000000873,15.9,False,True,NORMAL,0.10428699123462705,-1.393254747966823,-0.1601297670524933,0.0,0.0,0.0,1.397152307113604,1.4062987277136931,-0.1606217825979867,-2.6647933582333594,-0.20442188701369798,1.2402157881255735,-1.8533118690473582,0.0,1.6189033655046294,2.669629749446462,2.2300000190734863,0.4396297303729755,299.8379176352695,303.78999999999996,3.9520823647305185,0.0,False,0.0,0.0,False,False,False,2.1491240944914893,0.7119614634256892
26.00100000000384,16.0,False,True,NORMAL,0.0793076730533558,-1.5082431616825076,-0.16965706801996014,0.0,0.0,0.0,1.5103268327640824,1.5198258658465824,-0.16332351958667618,-2.7143435996211838,-0.19878079169901472,1.3874844997087226,-2.073382322697096,0.0,1.678045550998862,2.719252792377837,2.494800090789795,0.2244527015880422,300.0060069923989,303.78999999999996,3.7839930076010933,0.0,False,0.0,0.0,False,False,False,2.153364189704498,0.7145539552820374
26.10000000000582,16.1,False,True,NORMAL,0.05738604380220035,-1.616643898775916,-0.17729920304536426,0.0,0.0,0.0,1.6176620949607066,1.6273492743947695,-0.1429597774561837,-2.747977165415483,-0.187229797978397,1.3152961101602325,-1.965507870171513,0.0,1.6549224851235593,2.7516932967929466,2.365000009536743,0.38669328725620344,299.95416595952435,303.78999999999996,3.8358340404756364,0.0,False,0.0,0.0,False,False,False,2.157380412003857,0.7166389071364208
26.20000000001164,16.2,False,True,NORMAL,0.03848976067619913,-1.7204839735131,-0.1837113175262759,0.0,0.0,0.0,1.7209144559775003,1.7306924663208008,-0.13993950323975263,-2.828072726153789,-0.19416005398021563,1.3675125302024531,-2.043537284044457,0.0,1.6993844453374067,2.8315328726648947,2.4588890075683594,0.37264386509653535,299.95790114819016,303.78999999999996,3.8320988518098424,0.0,False,0.0,0.0,False,False,False,2.161237932149514,0.7210259408788912
26.30000000000291,16.3,False,True,NORMAL,0.02085832990670523,-1.820261836978238,-0.19044903251271428,0.0,0.0,0.0,1.8203813405673785,1.830316655409909,-0.15198262653490208,-2.8628182766979755,-0.21482402674065662,1.3642682884720958,-2.0386892634318365,0.0,1.725747799583293,2.8668497003094555,2.4530556201934814,0.41379408011597407,299.8827972283479,303.78999999999996,3.9072027716521034,0.0,False,0.0,0.0,False,False,False,2.164924266514616,0.7227545995002967
26.40000000000873,16.4,False,True,NORMAL,0.004353992564348187,-1.9138266282536855,-0.1967715976235913,0.0,0.0,0.0,1.91383158095589,1.9239205757763134,-0.14930057824088727,-2.8868304021052085,-0.20687734329705326,1.2590630730216785,-1.881476239418792,0.0,1.7303829537499875,2.8906885742296735,2.2638888359069824,0.6267997383226911,299.69109291176795,303.78999999999996,4.098907088232019,0.0,False,0.0,0.0,False,False,False,2.1684110561945014,0.7250491339132276
26.49900000001071,16.5,False,True,NORMAL,-0.009671320989044994,-2.000037924713622,-0.20114864737732113,0.0,0.0,0.0,2.0000613077459515,2.0101507438707604,-0.1292462279167682,-2.883743771744692,-0.19506077442717068,1.4199574142370475,-2.1219081022381414,0.0,1.726390892062149,2.8866386556870975,2.5531888008117676,0.33344985487532997,299.9112924553614,303.78999999999996,3.8787075446386376,0.0,False,0.0,0.0,False,False,False,2.1717219468157114,0.7262568299332302
26.59900000000198,16.6,False,True,NORMAL,-0.0211969794476606,-2.080477902089071,-0.2039525849669766,0.0,0.0,0.0,2.0805858821540264,2.090558363197105,-0.12107621746549244,-2.9277859977376015,-0.19283981507702758,1.4237238214937933,-2.127536418970944,0.0,1.7397719818081976,2.930288432728784,2.5599610805511475,0.37032735217763646,299.8350150871059,303.78999999999996,3.9549849128940915,0.0,False,0.0,0.0,False,False,False,2.1749028818859775,0.7297416640164017
26.70000000001164,16.7,False,True,NORMAL,-0.03144939512891785,-2.1571884796593284,-0.20633651996570238,0.0,0.0,0.0,2.1574177159810524,2.167262319309884,-0.12293499398402183,-2.9581811796437423,-0.2038067526344387,1.4181839343194633,-2.1192579090925245,0.0,1.754662305131,2.9607345210849783,2.549999952316284,0.4107345687686941,299.7811474123234,303.78999999999996,4.008852587676598,0.0,False,0.0,0.0,False,False,False,2.177997021900897,0.7323012132483085
26.802000000010594,16.8,False,True,NORMAL,-0.04051437613696693,-2.227646524448466,-0.20797181752414198,0.0,0.0,0.0,2.228014913002401,2.237700321635002,-0.1141072215033537,-2.939406361803467,-0.19408034509040492,1.6025973374728992,-2.394835395001028,0.0,1.8010086287116989,2.94162033882857,2.881588935852051,0.06003140297651921,299.5807095968784,303.78999999999996,4.209290403121557,0.0,False,0.0,0.0,False,False,False,2.1809182070218234,0.7329006702147887
26.90000000000873,16.9,False,True,NORMAL,-0.04709423070908242,-2.2909651134002167,-0.20748707788381426,0.0,0.0,0.0,2.2914491086172846,2.300823744851333,-0.08514430446182766,-2.938167535982653,-0.1747974983263131,1.479360571590151,-2.210676990390892,0.0,1.7253747422272692,2.939400963135969,2.6600000858306885,0.27940087730528074,299.4655750330316,303.78999999999996,4.324424966968396,0.0,False,0.0,0.0,False,False,False,2.183672308779041,0.7348941655230449
27.00100000000384,17.0,False,True,NORMAL,-0.051956725506776526,-2.3490229541651586,-0.2059732477791332,0.0,0.0,0.0,2.3495974847875956,2.358608343774116,-0.0883202787693532,-2.9470176507853827,-0.18533587605506788,1.5717309637058041,-2.348710343695668,0.0,1.7645797690555844,2.9483408055519114,2.8260889053344727,0.1222519002174387,299.55580122676747,303.78999999999996,4.234198773232492,0.0,False,0.0,0.0,False,False,False,2.1863009642128075,0.7366547258644833
27.10000000000582,17.1,False,True,NORMAL,-0.05607886277760135,-2.402683339077657,-0.20503549965404388,0.0,0.0,0.0,2.4033376930285493,2.412067914228406,-0.07747366488594437,-2.9547866760563637,-0.19836500987864558,1.6316839992808307,-2.438300940332521,0.0,1.7854908110058216,2.9558021702663178,2.9338889122009277,0.021913258065390018,299.30493727455996,303.78999999999996,4.485062725440044,0.0,False,0.0,0.0,False,False,False,2.1887782629028405,0.7380402679140671
27.20000000001164,17.2,False,True,NORMAL,-0.059430426221655654,-2.4503491263516635,-0.20406205971113836,0.0,0.0,0.0,2.4510697290312344,2.459549580875897,-0.07862773052498337,-2.9202669767093363,-0.19605552236048282,1.4999072148880324,-2.241380790695352,0.0,1.7183303021976557,2.921325304594919,2.69694447517395,0.22438082942096882,299.3785750796637,303.78999999999996,4.411424920336339,0.0,False,0.0,0.0,False,False,False,2.1910513888803296,0.7379653810462923
27.30000000000291,17.3,False,True,NORMAL,-0.06134931778411203,-2.490275658780673,-0.20165792444260536,0.0,0.0,0.0,2.4910312313393606,2.4991803684405394,-0.05186464070625233,-2.878371557410063,-0.1786158625995809,1.6072752139598114,-2.401825762401716,0.0,1.726221582555804,2.8788387873347165,2.890000104904175,0.011161317569458262,299.39029627023814,303.78999999999996,4.399703729761856,0.0,False,0.0,0.0,False,False,False,2.1930919141070486,0.7380431023254534
27.40000000000873,17.4,False,True,NORMAL,-0.061298204966182976,-2.523671520853317,-0.19733358351415417,0.0,0.0,0.0,2.5244158562127144,2.5321168926968416,-0.03853649707473829,-2.8557530273616925,-0.1634030685083709,1.5550587939175906,-2.323796348528772,0.0,1.6800368625800675,2.8560130277875593,2.7961111068725586,0.059901920915000684,299.2833209412377,303.78999999999996,4.506679058762278,0.0,False,0.0,0.0,False,False,False,2.1949645462270575,0.7391382465901658
27.5,17.5,False,True,NORMAL,-0.06021369754471727,-2.5528075135585735,-0.19173714719677437,0.0,0.0,0.0,2.553517552446647,2.560705962087071,-0.02860133728240233,-2.8515644310084465,-0.15678753444861518,1.570507362010143,-2.346881859034154,0.0,1.6768581128430884,2.8517078638399953,2.8238887786865234,0.027819085153471867,299.41844514588075,303.78999999999996,4.3715548541192595,0.0,False,0.0,0.0,False,False,False,2.19674919245797,0.740925786949365
27.60000000000582,17.6,False,True,NORMAL,-0.058982627778507726,-2.5772185313225107,-0.18580542275734427,0.0,0.0,0.0,2.5778933858039625,2.584580810053702,-0.032852276857770375,-2.8109367988986085,-0.15924023410156332,1.4744169714580173,-2.2032895398452457,0.0,1.6251448484222888,2.8111287696398923,2.651111125946045,0.1600176436938474,299.4534371014399,303.78999999999996,4.336562898560141,0.0,False,0.0,0.0,False,False,False,2.198383362047597,0.7404709842855829
27.70000000001164,17.7,False,True,NORMAL,-0.05757613658184817,-2.5949209275898504,-0.17967082303125964,0.0,0.0,0.0,2.5955595989973843,2.6017707886353465,-0.02217254118885458,-2.7543137747686766,-0.15389614018276468,1.5009885404003984,-2.2429966654693705,0.0,1.6066937688092093,2.754403019070239,2.6988887786865234,0.05551424038371566,299.42998977808384,303.78999999999996,4.360010221916146,0.0,False,0.0,0.0,False,False,False,2.199763108994656,0.739583129575789
27.80000000000291,17.8,False,True,NORMAL,-0.05503607812076885,-2.6055473084634175,-0.1729022630994177,0.0,0.0,0.0,2.606128497702267,2.611857756295464,-0.005190375150685354,-2.69282771904497,-0.14572438419473796,1.4515529368689497,-2.169122754448753,0.0,1.5480206610561311,2.692832721215921,2.609999895095825,0.08283282612009568,299.5010264679846,303.78999999999996,4.288973532015368,0.0,False,0.0,0.0,False,False,False,2.2008859006111536,0.738637834665474
27.90000000000873,17.9,False,True,NORMAL,-0.0512335412258769,-2.6102118074188407,-0.1653985001108002,0.0,0.0,0.0,2.610714567955539,2.615948627013569,0.010392647354874225,-2.6471492491751545,-0.13630785438475462,1.3559259715364094,-2.0262229530201386,0.0,1.4818938530609398,2.6471696497443507,2.4380555152893066,0.209114134455044,299.46083554860024,303.78999999999996,4.329164451399721,0.0,False,0.0,0.0,False,False,False,2.2018033277928364,0.7384454393220062
28.0,18.0,False,True,NORMAL,-0.04627903363574869,-2.6107098684090766,-0.15738819686018946,0.0,0.0,0.0,2.611120021363016,2.6158590960664716,0.027327139646760198,-2.6137769846099195,-0.13120235908119793,1.5566036772461718,-2.3261049392083666,0.0,1.5560983047859018,2.613919833858299,2.798888921737671,0.18496908787937194,299.49919065954,303.78999999999996,4.290809340460007,0.0,False,0.0,0.0,False,False,False,2.202589177465492,0.7387089435291816
28.101000000009662,18.1,False,True,NORMAL,-0.04063673775547605,-2.6072571598630874,-0.1492147546403853,0.0,0.0,0.0,2.6075738229459082,2.6118396361789,0.034902608830721986,-2.564952521292914,-0.12764005294239797,1.2996759620292984,-1.9421659596713325,0.0,1.4097924444036443,2.56518997904445,2.336913824081421,0.22827615496302922,299.56650102691566,303.78999999999996,4.223498973084344,0.0,False,0.0,0.0,False,False,False,2.2032410924112606,0.7382224908791482
28.1990000000078,18.2,False,True,NORMAL,-0.03436931302951061,-2.599476637760264,-0.1411022549089953,0.0,0.0,0.0,2.599703836966728,2.6035302737398562,0.05170941187381779,-2.5157383208160953,-0.12611380220774182,1.2980106809612657,-1.9396774530757588,0.0,1.3729941648349178,2.5162696918452365,2.3339195251464844,0.18235016669875215,299.5042161415775,303.78999999999996,4.285783858422484,0.0,False,0.0,0.0,False,False,False,2.2037247158221858,0.7375217677919887
28.29899999999907,18.3,False,True,NORMAL,-0.028149880021137736,-2.5885691182105535,-0.13314008172782815,0.0,0.0,0.0,2.5887221742586757,2.592143664394599,0.04563408695964174,-2.4849440107493703,-0.1236720863262637,1.3305701810885575,-1.9883326214858945,0.0,1.3775643861328128,2.485362992894963,2.3924639225006104,0.09289907039435263,299.5357937215261,303.78999999999996,4.25420627847391,0.0,False,0.0,0.0,False,False,False,2.2040940194426257,0.737764019440073
28.39900000000489,18.4,False,True,NORMAL,-0.02252543103939445,-2.573483826688151,-0.12524297475296295,0.0,0.0,0.0,2.573582406154697,2.576628068618746,0.05025373590837777,-2.406563518412117,-0.1197287077649505,1.156393105124473,-1.728051753195967,0.0,1.2976604022881013,2.407088159192525,2.0792806148529053,0.32780754433961956,299.4408026974946,303.78999999999996,4.34919730250544,0.0,False,0.0,0.0,False,False,False,2.204307905471417,0.7361015171856641
28.5,18.5,False,True,NORMAL,-0.01687119264717937,-2.553748307400119,-0.1175462941192575,0.0,0.0,0.0,2.553804036078397,2.556507810657241,0.05661209594191637,-2.3571267664340945,-0.11906842346674257,1.2179697864259158,-1.8200686388098726,0.0,1.279524567053546,2.357806506574911,2.190000057220459,0.167806449354452,299.3637994133771,303.78999999999996,4.426200586622915,0.0,False,0.0,0.0,False,False,False,2.204334320590841,0.7354045570947603
28.60000000000582,18.6,False,True,NORMAL,-0.011054994680161523,-2.5307190115702025,-0.1098941992261534,0.0,0.0,0.0,2.5307431573413846,2.5331280392932762,0.06415183535633813,-2.299308389195288,-0.11129423225300196,1.0990152949864078,-1.6423094351518308,0.0,1.2258017807507515,2.3002031489856316,1.9761110544204712,0.3240920945651604,299.34921084216285,303.78999999999996,4.440789157837113,0.0,False,0.0,0.0,False,False,False,2.204241091969887,0.7347491290020304
28.70000000001164,18.7,False,True,NORMAL,-0.004825264338703223,-2.5022586222643084,-0.10158186539207677,0.0,0.0,0.0,2.5022632746919364,2.5043243342763226,0.07631018014598721,-2.196180235386621,-0.09480866032437195,1.0421643575550732,-1.5573544473853849,0.0,1.1580037475906466,2.197505601789617,1.8738888502120972,0.3236167515775197,299.16015903011635,303.78999999999996,4.629840969883626,0.0,False,0.0,0.0,False,False,False,2.203967788276272,0.7329405257770236
28.80000000000291,18.8,False,True,NORMAL,0.0025747822303338,-2.4682872823409623,-0.09260931178557406,0.0,0.0,0.0,2.4682886252765632,2.470025348513465,0.1012315168688683,-2.1256143559941445,-0.0850322224364058,1.0795500434992074,-1.613221608694031,0.0,1.104379222474742,2.1280235455501835,1.9411110877990723,0.1869124577511112,299.1389300344535,303.78999999999996,4.65106996554648,0.0,False,0.0,0.0,False,False,False,2.203515095516112,0.7320198179702778
28.90000000000873,18.9,False,True,NORMAL,0.01050274182336873,-2.431164550445593,-0.08327276655857638,0.0,0.0,0.0,2.4311872365017737,2.4326129434374573,0.10159045661667185,-2.0631704669085007,-0.07331539540734247,0.9315521830512513,-1.392061554139041,0.0,1.0673441994712267,2.0656701083181277,1.6749999523162842,0.3906701560018435,299.0566581207697,303.78999999999996,4.733341879230243,0.0,False,0.0,0.0,False,False,False,2.2029762592512365,0.7315125798372148
29.002000000007683,19.0,False,True,NORMAL,0.018690185004138604,-2.391924218196723,-0.07360865597600512,0.0,0.0,0.0,2.3919972384205406,2.3931295457718305,0.12166925762617815,-2.0088323491439697,-0.06335761049130503,0.8780474541582458,-1.3121069607070084,0.0,1.0283648394814644,2.0125135565303864,1.5787944793701172,0.43371907716026925,298.9207726115501,303.78999999999996,4.869227388449902,0.0,False,0.0,0.0,False,False,False,2.2023912547099567,0.7311274759574778
29.10000000000582,19.1,False,True,NORMAL,0.027516637772934255,-2.349958462525859,-0.0640245152588098,0.0,0.0,0.0,2.350119558863171,2.3509915098752168,0.13092781363677874,-1.9284751178598856,-0.05935128639148335,0.898183180501765,-1.3421967087828126,0.0,0.9656102582994178,1.9329144762736934,1.6150000095367432,0.31791446673695023,298.9894638195651,303.78999999999996,4.8005361804348725,0.0,False,0.0,0.0,False,False,False,2.2017193740329746,0.7298587707144335
29.20100000000093,19.2,False,True,NORMAL,0.03625562179001443,-2.305262758033968,-0.0542359182993393,0.0,0.0,0.0,2.3055478424204856,2.306185679541769,0.13632202512287198,-1.868194496932647,-0.042826444414724385,0.7721656644065595,-1.1538829003929911,0.0,0.9563149013628075,1.8731615981818084,1.3884111642837524,0.48475043389805594,298.9532928971142,303.78999999999996,4.836707102885809,0.0,False,0.0,0.0,False,False,False,2.2009783582184075,0.7296711703419151
29.301000000006752,19.3,False,True,NORMAL,0.04524648355942149,-2.2589194417079663,-0.04429542782928979,0.0,0.0,0.0,2.259372543074896,2.2598067114970926,0.15291937686996204,-1.8058668615674336,-0.039337610128366514,0.745526007095006,-1.1140740271666028,0.0,0.9109116004942617,1.8123298423658178,1.3405110836029053,0.47181875876291257,298.81385013830425,303.78999999999996,4.97614986169575,0.0,False,0.0,0.0,False,False,False,2.2002040911211873,0.7288790511340119
29.40000000000873,19.4,False,True,NORMAL,0.053752969380598495,-2.2110575571728477,-0.03504695504625829,0.0,0.0,0.0,2.2117108542592976,2.211988515319735,0.14266700688997372,-1.7447215845902881,-0.04010065766242575,0.7124906839632842,-1.064707814412314,0.0,0.8871965681769801,1.7505448530643795,1.2811111211776733,0.4694337318867061,298.7483098265852,303.78999999999996,5.041690173414732,0.0,False,0.0,0.0,False,False,False,2.199366093290306,0.7279370156702691
29.50100000000384,19.5,False,True,NORMAL,0.06064757075395926,-2.1614339157572062,-0.02683858490212916,0.0,0.0,0.0,2.1622846019948176,2.1624511577521086,0.13350766235108072,-1.6735863146137109,-0.04436520653456802,0.6627366174102167,-1.0622497626683516,0.0,0.8085886881582168,1.6789030491272428,1.2520360946655273,0.4268669544617154,298.7582656482682,301.96000000000004,3.2017343517317953,0.0,False,0.0,0.0,False,False,False,2.198445998404036,0.7266954741469446
29.60000000000582,19.6,False,True,NORMAL,0.0662901770510475,-2.10869874481003,-0.019495880283661404,0.0,0.0,0.0,2.109740454164174,2.109830531887547,0.12795196170509737,-1.578703781645416,-0.04208090012491842,0.6093142978250533,-0.976623218412676,0.0,0.7708506361530194,1.5838804672972389,1.151111125946045,0.43276934135119394,298.6975684377995,301.96000000000004,3.2624315622005144,0.0,False,0.0,0.0,False,False,False,2.197414367651971,0.7254159089627028
29.70000000001164,19.7,False,True,NORMAL,0.071621732764137,-2.053340709516491,-0.011962948634456674,0.0,0.0,0.0,2.0545894339166217,2.0546242610516052,0.1370105591472558,-1.5115816893802672,-0.024496671253541644,0.5234456583934755,-0.8389909532553868,0.0,0.7756999318360445,1.5177783425084002,0.9888888597488403,0.5288894827595598,298.7130971595105,301.96000000000004,3.2469028404895033,0.0,False,0.0,0.0,False,False,False,2.196340017718189,0.7253510703233678
29.801000000006752,19.8,False,True,NORMAL,0.07665483727178606,-1.9971788193590074,-0.0037428070642159354,0.0,0.0,0.0,1.998649344075494,1.9986528485903006,0.13116597793621637,-1.4510799450835532,-0.011399363568765758,0.5162365289517357,-0.8274359918463456,0.0,0.7329468668796723,1.4569960606644248,0.9752694368362427,0.4817266238281821,298.7374422243172,301.96000000000004,3.222557775682797,0.0,False,0.0,0.0,False,False,False,2.195302475055655,0.7252330714150621
29.90000000000873,19.9,False,True,NORMAL,0.08083046293292503,-1.9414137936796476,0.0041310990811811955,0.0,0.0,0.0,1.9430957470046484,1.9431001384404178,0.12737884349027795,-1.408442543795072,-0.014897162360578347,0.4721303660276406,-0.7567416015447885,0.0,0.7372704594799232,1.4141908530820209,0.8919444680213928,0.522246385060628,298.610896028625,301.96000000000004,3.3491039713749715,0.0,False,0.0,0.0,False,False,False,2.1942889819395313,0.7246055208579425
30.0,20.0,False,True,NORMAL,0.08402079009259994,-1.8855391408839193,0.01068042725524769,0.0,0.0,0.0,1.887410221698784,1.8874404405171061,0.11705402927470043,-1.3372058921638785,-0.02288827521717452,0.33082942867716514,-0.530261151812143,0.0,0.8347812500116502,1.3423193523924315,0.625,0.7173193523924315,298.6264016462199,301.96000000000004,3.333598353780107,0.0,False,0.0,0.0,False,False,False,2.193243215142217,0.7235157757513554
30.10000000000582,20.1,False,True,NORMAL,0.08894442290180601,-1.8272137578710907,0.015107481081921469,0.0,0.0,0.0,1.8293772785619504,1.829439658284298,0.17127740343618572,-1.2423800761010222,-0.04437243529367765,0.3896435458252886,-0.6245297954043412,0.0,0.6553035491273228,1.2541308553817754,0.7361111044883728,0.5180197508934026,297.82417646209916,301.96000000000004,4.135823537900848,0.0,False,0.0,0.0,False,False,False,2.192076355807969,0.7217399501423895
36.10700000000361,20.2,False,True,NORMAL,0.09645061557167017,-1.765648472519691,0.017125398500428667,0.0,0.0,0.0,1.7682808741134064,1.7683637999656832,0.1832437989167643,-1.1483218726291577,-0.060301559364980196,0.0053741402107564005,-0.008613797719115477,0.0,1.1535042745925765,1.162850554886561,0.010152777656912804,1.1526977772296483,297.4487730011067,301.96000000000004,4.511226998893311,0.0,False,0.0,0.0,False,False,False,2.190777857991335,0.7204459361900111
36.20600000000559,20.3,False,True,NORMAL,0.10343799229782889,-1.7028894355045765,0.017287279100391593,0.0,0.0,0.0,1.7060280911531618,1.7061156753932003,0.17443891311555645,-1.0916449410267812,-0.07255197898760672,0.01473881835677645,-0.023623723045028126,0.0,1.0798951070938283,1.1054942838740964,0.027844443917274475,1.077649839956822,297.2598807267408,301.96000000000004,4.700119273259251,0.0,False,0.0,0.0,False,False,False,2.1894398879807526,0.7195866554845192
36.3070000000007,20.4,False,True,NORMAL,0.10799538062718804,-1.6403303319926914,0.016570196569278512,0.0,0.0,0.0,1.6438815651658316,1.6439650761820972,0.14328231881471973,-1.025569152432856,-0.07003697038247864,0.021090744428539667,-0.03380473882861953,0.0,0.9992634452148884,1.0355297722937615,0.03984444588422775,0.9956853264095338,297.3868226423515,301.96000000000004,4.573177357648527,0.0,False,0.0,0.0,False,False,False,2.1881389694528215,0.7194267229639412
36.40700000000652,20.5,False,True,NORMAL,0.11128073067334862,-1.57765044331777,0.015284525683707462,0.0,0.0,0.0,1.5815702078377523,1.581644062058631,0.1551040909828285,-0.9620124724070608,-0.07678475257431706,0.0064769049072837155,-0.010381334786469194,0.0,0.963167619124416,0.9744358758309114,0.012236110866069794,0.9621997649648416,297.62508558007545,301.96000000000004,4.334914419924539,0.0,False,0.0,0.0,False,False,False,2.186882190846948,0.718957135236367
36.50700000001234,20.6,False,True,NORMAL,0.11505142383008192,-1.5155325542339535,0.013133278894315387,0.0,0.0,0.0,1.5198933360825753,1.519950076838952,0.16016633296270694,-0.9105036658648566,-0.08133758467132524,0.008342782919728314,-0.013372007738316288,0.0,0.9098876866737612,0.9244837368867358,0.015761110931634903,0.9087226259551009,297.81471858495644,301.96000000000004,4.145281415043583,0.0,False,0.0,0.0,False,False,False,2.1856684883045254,0.7186446452518511
36.60700000000361,20.7,False,True,NORMAL,0.118161244584751,-1.453346173851908,0.009789333992183354,0.0,0.0,0.0,1.4581416874816375,1.4581745477931674,0.1477876236888824,-0.8340040638028862,-0.09609586693507767,0.006025506613384985,-0.00965782303539595,0.0,0.8364467840246742,0.8469970248798606,0.01138333324342966,0.835613691636431,297.8440478913926,301.96000000000004,4.115952108607416,0.0,False,0.0,0.0,False,False,False,2.1844771490756454,0.7180373651309976
36.70799999999872,20.8,False,True,NORMAL,0.12006074133651815,-1.3904481172760084,0.005110712261865474,0.0,0.0,0.0,1.3956219217419419,1.3956312793236236,0.13943945174067685,-0.7679735300874158,-0.1049530880604299,0.007645835623635464,-0.012254924299106329,0.0,0.767124610727509,0.7805297583158937,0.014444444328546524,0.7660853139873471,297.8266408885753,301.96000000000004,4.133359111424725,0.0,False,0.0,0.0,False,False,False,2.183300049658254,0.7177799698073983
36.8070000000007,20.9,False,True,NORMAL,0.1212260626484233,-1.3268902857849725,-2.3214775733016585e-06,0.0,0.0,0.0,1.3324164472025124,1.3324164472045348,0.13513335853371505,-0.6909738836939061,-0.10228385462900186,0.00448016539742107,-0.0071809139635629375,0.0,0.6961631147434858,0.7040638696422656,0.008463888429105282,0.6955999812131604,297.87975583613957,301.96000000000004,4.080244163860446,0.0,False,0.0,0.0,False,False,False,2.1821838721046323,0.7182305563249138
36.90700000000652,21.0,False,True,NORMAL,0.12252248836827254,-1.2634174817854953,-0.0044983745001279185,0.0,0.0,0.0,1.2693445132969834,1.2693524840682746,0.14441347664256687,-0.6398483540696205,-0.08962089326792087,0.007279717933690513,-0.011668102296162759,0.0,0.6429744135623042,0.655942961271478,0.013752778060734272,0.6421901832107437,297.9022832977613,301.96000000000004,4.057716702238705,0.0,False,0.0,0.0,False,False,False,2.1811845180521394,0.7190184147041264
37.00700000001234,21.1,False,True,NORMAL,0.12449843470987229,-1.2015166206273202,-0.008154366103694325,0.0,0.0,0.0,1.2079495229060293,1.2079770459638117,0.15253730180545844,-0.5956878010250783,-0.08198520130813139,0.0060652063238744985,-0.009721454660596138,0.0,0.603995557787064,0.6149077855517711,0.01145833358168602,0.603449451970085,297.9545876834834,301.96000000000004,4.005412316516595,0.0,False,0.0,0.0,False,False,False,2.180320013966172,0.7195748617399129
37.10700000000361,21.2,False,True,NORMAL,0.12696474860944756,-1.1416816067002733,-0.011672410584790049,0.0,0.0,0.0,1.1487196953422438,1.1487789968640783,0.15911056647529853,-0.55857915659175,-0.08365047653867244,0.002945116991124371,-0.0047205024479822335,0.0,0.5754537830117549,0.5807984560437821,0.0055638886988162994,0.5752345673449658,297.99340204573446,301.96000000000004,3.966597954265561,0.0,False,0.0,0.0,False,False,False,2.179554959861969,0.7196710425452925
37.20700000000943,21.3,False,True,NORMAL,0.12866801315823,-1.0834694139865628,-0.015796791526856035,0.0,0.0,0.0,1.0910826864424492,1.0911970341221677,0.1406523745981213,-0.5087999388301526,-0.09193538339626467,0.006725394500965214,-0.01077961972347056,0.0,0.5157137522318611,0.5278830061989658,0.012705555185675621,0.5151774510132902,298.0579008189897,301.96000000000004,3.9020991810103194,0.0,False,0.0,0.0,False,False,False,2.1788481415165486,0.7196586266745275
37.3070000000007,21.4,False,True,NORMAL,0.12912121948868563,-1.0263781342668838,-0.02105856357232914,0.0,0.0,0.0,1.034468155055251,1.0346824763777265,0.134961390437601,-0.4638828378455914,-0.10571624736461284,0.005035958879402926,-0.008071752765612115,0.0,0.47396662651221777,0.48311682247312593,0.009513888508081436,0.4736029339650445,297.9553686619031,301.96000000000004,4.004631338096903,0.0,False,0.0,0.0,False,False,False,2.178171701669481,0.7194164531282338
37.40700000000652,21.5,False,True,NORMAL,0.12874483795542138,-0.9693053526779565,-0.027662024965289723,0.0,0.0,0.0,0.977818030121303,0.9782092248877464,0.12324131162104042,-0.39202659345895075,-0.11973555870255549,0.014849094727834328,-0.023800476593733362,0.0,0.3838480764894629,0.4109419312617098,0.02805277705192566,0.38288915420978414,297.92313398611697,301.96000000000004,4.036866013883023,0.0,False,0.0,0.0,False,False,False,2.177516426217932,0.7196598856064017
37.50700000001234,21.6,False,True,NORMAL,0.1278266016831892,-0.911517332104207,-0.03533698429317373,0.0,0.0,0.0,0.9204365740366057,0.9211146450269804,0.12222037881121084,-0.3309044712155104,-0.1293597830900535,0.009710211695553361,-0.015563754586803672,0.0,0.3348108499859279,0.3527542913518877,0.018344445154070854,0.33440984619781683,298.0464765947005,301.96000000000004,3.9135234052995056,0.0,False,0.0,0.0,False,False,False,2.1769000796835476,0.7200213877642809
37.60700000000361,21.7,False,True,NORMAL,0.12745438382319801,-0.8537487156594211,-0.0432853532161153,0.0,0.0,0.0,0.863209991511835,0.8642945743488767,0.13342760213198193,-0.27372001087544734,-0.12792336878588134,0.01896902460423373,-0.03040399663238341,0.0,0.2688930061507856,0.3045087344631439,0.035836111754179,0.2686726227089649,297.9843671435165,301.96000000000004,3.9756328564834913,0.0,False,0.0,0.0,False,False,False,2.1763611497677267,0.7209178799191599
37.70700000000943,21.8,False,True,NORMAL,0.12850231761763944,-0.7974630979133308,-0.050655030989123606,0.0,0.0,0.0,0.8077501087382355,0.8093368707350113,0.15286571747730865,-0.24486938131195354,-0.12022815039616684,0.011061465985762176,-0.017729576591158754,0.0,0.26777030572802235,0.2886675275883161,0.02089722268283367,0.2677703049054824,297.9013489130182,301.96000000000004,4.0586510869818335,0.0,False,0.0,0.0,False,False,False,2.1759302152687425,0.7215890267578849
37.8070000000007,21.9,False,True,NORMAL,-0.08782747559325324,-0.45097019020390594,0.16551171233210893,0.0,0.0,0.0,0.45944289952248757,0.48834609125162187,4.9123898604570674e-05,-6.391594227210545e-05,-0.0001828880123623271,0.009001501047562475,-0.014427816571833733,0.0,0.016925327113917314,8.06126856682201e-05,0.017005555331707,0.01692494264603878,298.2964720469494,301.96000000000004,3.663527953050593,0.0,False,0.0,0.0,False,True,True,0.8058592884116927,0.0002997540900381386
37.90700000000652,22.0,False,True,NORMAL,-0.06096087245978767,-0.4649157972236774,0.16012089321453948,0.0,0.0,0.0,0.4688954323505253,0.49548120743677854,0.0007847364889675636,-0.0009956544336136633,0.0005691874612934817,0.001689435621562288,-0.0027078669578584447,0.0,0.001936530983149594,0.00126772990352507,0.003191666677594185,0.0019239367740691148,298.47381786638766,301.96000000000004,3.48618213361232,0.0,False,0.0,0.0,False,True,True,0.7696761369207056,0.00027730858402769706
38.00700000001234,22.1,False,True,NORMAL,-0.06067310915113124,-0.46743799472538833,0.15625269037508469,0.0,0.0,0.0,0.47135921024942035,0.4965827306063002,-4.4305611872105504e-05,-0.0005967241510630532,-0.0007188640277840727,0.003686175131424933,-0.005908287780764702,0.0,0.006490700637718502,0.0005983666933455465,0.006963889114558697,0.0063655224212131505,298.3220065846428,301.96000000000004,3.637993415357229,0.0,False,0.0,0.0,False,True,True,0.7367580048399878,0.0002771807639498925
38.10700000000361,22.2,False,True,NORMAL,-0.080322801138714,-0.4409543633041027,0.15280144663040385,0.0,0.0,0.0,0.4482103333254333,0.47354068990113213,-0.0008688907139356389,0.0005850027863227907,-0.001545440651930341,0.017497200640325557,-0.028044922732920093,0.0,0.0340144961284224,0.001047472831518323,0.03305555507540703,0.03200808224388871,298.095884582125,301.96000000000004,3.8641154178749892,0.0,False,0.0,0.0,False,True,True,0.7083891122825572,0.0002770719048043261
38.20700000000943,22.3,False,True,NORMAL,-0.08313288193918965,-0.40095321220732233,0.14978956119925,0.0,0.0,0.0,0.4094808352522561,0.4360177371198896,-0.00024021593720481422,0.001425946319901421,-0.0010042966519146763,0.01686936044851878,-0.027038605778008887,0.0,0.033210967017441105,0.0014460382442133379,0.031869444996118546,0.03042340675190521,298.04903879565614,301.96000000000004,3.9109612043438773,0.0,False,0.0,0.0,False,True,True,0.6834970071248723,0.0002769974477841691
38.3070000000007,22.4,False,True,NORMAL,-0.07808022563210953,-0.35831634169521526,0.1469137813095546,0.0,0.0,0.0,0.36672485920728554,0.39505794701445385,0.00014219741834945945,0.0019080299227048627,-0.001032314505466511,0.008188395704462727,-0.013124552296038547,0.0,0.01705050835085959,0.0019133212724794485,0.0154694439843297,0.013556122711850253,297.8874562479647,301.96000000000004,4.072543752035354,0.0,False,0.0,0.0,False,True,True,0.6614848316873204,0.000276924143079362
38.40700000000652,22.5,False,True,NORMAL,-0.054376574752828255,-0.35061180624983546,0.14406304687929122,0.0,0.0,0.0,0.3548033970576128,0.38293551942822823,0.0014114863405219184,-0.0001097722478315316,0.0007901668895131886,0.004046411391907998,-0.0064856828909036265,0.0,0.006898917781424993,0.0014157484366489495,0.007644444238394499,0.0062286958017455495,297.8536135785951,301.96000000000004,4.106386421404904,0.0,False,0.0,0.0,False,True,True,0.642059260214883,0.00027683829576167205
38.50700000001234,22.6,False,True,NORMAL,-0.03237245460980931,-0.3397532204976121,0.1415535392501726,0.0,0.0,0.0,0.3412919961791709,0.3694829240035503,0.0015521960637503137,0.00017074669656459278,0.0009214362315157167,0.00889710585947935,-0.014260489520857797,0.0,0.01619284652772452,0.0015615591742581159,0.01680833287537098,0.015246773701112864,298.03143084166635,301.96000000000004,3.928569158333636,0.0,False,0.0,0.0,False,True,True,0.6243715625983273,0.0002767966545947592
38.60700000000361,22.7,False,True,NORMAL,-0.017466867636897216,-0.3462051837716949,0.13851377545245414,0.0,0.0,0.0,0.34664552605714954,0.37329503978157924,0.0012313655544059466,-0.0013250182142711697,5.395719020535201e-05,0.008907398176172301,-0.014276986286959416,0.0,0.01505572827087275,0.0018088489148427582,0.0168277770280838,0.015018928113241042,298.08406669019234,301.96000000000004,3.875933309807641,0.0,False,0.0,0.0,False,True,True,0.60836305097444,0.00027669645829240034
38.70799999999872,22.8,False,True,NORMAL,-0.017524881901168906,-0.33985548041205416,0.13563912037956408,0.0,0.0,0.0,0.3403070217491229,0.36634251736469237,-4.6868785254814676e-05,-0.00015831920359284763,-0.0006400489510882121,0.021161320596133768,-0.033917859961973884,0.0,0.039868457319711205,0.00016511103311873338,0.0399777777493,0.03981266671618127,298.085310930489,301.96000000000004,3.8746890695110023,0.0,False,0.0,0.0,False,True,True,0.5933933140631769,0.0002766196422656827
38.8070000000007,22.9,False,True,NORMAL,-0.025385535427621616,-0.33516390189921214,0.13259446361893454,0.0,0.0,0.0,0.33612388571068813,0.36133164589839717,-0.0009181200694998713,-0.00033364093074442897,-0.0013057175159496962,0.013933064738882275,-0.022332242286469912,0.0,0.026542346388758617,0.000976862698994315,0.026322221383452415,0.0253453586844581,298.21414212506676,301.96000000000004,3.7458578749332663,0.0,False,0.0,0.0,False,True,True,0.5794477384713765,0.00027658177984223156
38.90800000001036,23.0,False,True,NORMAL,-0.03349988690538678,-0.3158368014238311,0.12996338370098634,0.0,0.0,0.0,0.31760845007069666,0.3431699413691706,-0.0011126208390586133,0.0016254733068191498,-0.0011848211349543508,0.010145435996810124,-0.016261342283895308,0.0,0.021134853103248117,0.001969794050830968,0.019166667014360428,0.01719687296352946,298.2208748775921,301.96000000000004,3.739125122407893,0.0,False,0.0,0.0,False,True,True,0.5661670562563813,0.00027662823168528495
39.00700000001234,23.1,False,True,NORMAL,-0.029352255424000464,-0.30064146171391654,0.12757319093745548,0.0,0.0,0.0,0.30207092445310935,0.32790511195454175,0.0004642222126561926,0.0012790679040961725,-0.0003983260609763184,0.015766595751991467,-0.02527106871065517,0.0,0.0306442880517611,0.0013607045844019146,0.029786111786961555,0.028425407202559642,298.26537693404657,301.96000000000004,3.6946230659534165,0.0,False,0.0,0.0,False,True,True,0.5536721657273523,0.00027660018654803684
39.10800000000745,23.2,False,True,NORMAL,-0.030352959613976518,-0.28878181497145317,0.12590588779880774,0.0,0.0,0.0,0.29037258619837775,0.3164941253766652,-0.00029320170025154256,0.0009085119503421585,0.0010801367225791749,0.0007057694402856803,-0.0011312237784169277,0.0,0.0022712254803965632,0.0009546523979674005,0.0013333333190530539,0.00037868092108565333,298.39265967486256,301.96000000000004,3.5673403251374416,0.0,False,0.0,0.0,False,True,True,0.5418739278411933,0.0002766161824162566
39.20700000000943,23.3,False,True,NORMAL,-0.03877237816961539,-0.2783474869005494,0.12327815887771527,0.0,0.0,0.0,0.281034910238531,0.3068845470678809,-0.0017000836584537974,0.0009112892354282224,-0.0016784902469030925,0.0023981457765789114,-0.0038438041826776947,0.0,0.006277451546374749,0.0019289200388686416,0.004530555568635464,0.002601635529766822,298.3768859114092,301.96000000000004,3.5831140885907926,0.0,False,0.0,0.0,False,True,True,0.5307004138364911,0.00027653270524140056
39.3070000000007,23.4,False,True,NORMAL,-0.042012424778579444,-0.26819599675427414,0.12073751608402412,0.0,0.0,0.0,0.27146663977511937,0.2971055103846686,-0.000831252021863391,0.0010260979227113434,-0.0012319721965612979,0.006869489399537851,-0.011010578399646682,0.0,0.014289261538949419,0.0013205517297116799,0.012977777980268002,0.011657226250556322,298.33932454205865,301.96000000000004,3.6206754579413403,0.0,False,0.0,0.0,False,True,True,0.5200468708740145,0.00027652121602427275
39.40700000000652,23.5,False,True,NORMAL,-0.042768621882357256,-0.2559187094903099,0.11860461471704563,0.0,0.0,0.0,0.2594678031758501,0.28529037052988754,-0.000429054162801964,0.0017427306953508215,-0.0005500111284027172,0.005951988868354978,-0.009539987072875565,0.0,0.012962153771766788,0.0017947695537688542,0.01124444417655468,0.009449674622785826,298.35745362779176,301.96000000000004,3.602546372208224,0.0,False,0.0,0.0,False,True,True,0.5098485324702519,0.00027655757455699565
39.50700000001234,23.6,False,True,NORMAL,-0.04056432883015205,-0.25021472873163864,0.11660311111176892,0.0,0.0,0.0,0.25348150868986125,0.279014624650092,0.0003841716470180883,0.0001891329996588491,-0.00010408079199064806,0.001626210439712364,-0.002606528156515023,0.0,0.0030591472116746664,0.00042820456084977055,0.0030722222290933132,0.0026440176682435428,298.46783477695453,301.96000000000004,3.492165223045478,0.0,False,0.0,0.0,False,True,True,0.5001440016223246,0.00027651887780391924
39.60700000000361,23.7,False,True,NORMAL,-0.038455687246491094,-0.2533172083264749,0.12156100463132286,0.0,0.0,0.0,0.2562195307073968,0.2835939452155055,0.026757779251209916,-0.16038616268506437,0.13889381993900637,0.009073548250361661,-0.014543295514846448,0.0,0.14691110894184,0.1626028902919515,0.017141666263341904,0.1454612240286096,295.21359953758235,301.96000000000004,6.746400462417679,0.0,False,0.0,0.0,False,False,False,0.4910012175724706,0.004021418099680184
148.04300000000512,23.8,False,True,NORMAL,-0.04036751191756852,-0.2685225582458577,0.13392350535532097,31.918617102136015,-69.43552021593227,0.0,76.1935053829374,76.19362307992053,-0.016035166157088315,-0.14937293258189216,0.10773138263530324,0.00848981840978833,-0.013607679663357061,0.0,0.13796259916382894,0.1502311536992242,0.016038889065384865,0.13419226463383935,294.7724237947946,301.96000000000004,7.187576205205399,0.0,False,0.0,0.0,False,False,False,0.48984594389833547,0.007437665926759486
148.1420000000071,23.9,False,True,NORMAL,-0.04389025052772191,-0.283000589804696,0.14328209112028778,31.918617102136015,-69.43552021593227,0.0,76.18184066371094,76.18197540539808,-0.05441960604597931,-0.14018769859487468,0.07944033266403298,0.008022246123247631,-0.012858243858302207,0.0,0.1418159897396498,0.1503798003706848,0.015155555680394173,0.13522424469029062,294.6536057533557,301.96000000000004,7.306394246644351,0.0,False,0.0,0.0,False,False,False,0.4897837648025112,0.01169502487656017
148.24400000000605,24.0,False,True,NORMAL,-0.05127733766897107,-0.295686808668525,0.15035528278896437,31.918617102136015,-69.43552021593227,0.0,76.17342524841887,76.17357363802437,-0.093322136779004,-0.11353667868170478,0.06202350070949869,0.00833396065229192,-0.013357867201571649,0.0,0.14272265557553637,0.14696801903499893,0.015744443982839584,0.13122357505215934,294.70837126745323,301.96000000000004,7.251628732546786,0.0,False,0.0,0.0,False,False,False,0.4898513944495733,0.016508848840075103
148.34300000000803,24.1,False,True,NORMAL,-0.06142153528322192,-0.3063267945865435,0.15648875197010487,31.918617102136015,-69.43552021593227,0.0,76.1680264568845,76.16818721136896,-0.10956181550601284,-0.09926303967866482,0.06064588291331106,0.008094293326046817,-0.012973722801314922,0.0,0.14590684066438134,0.14784093635803913,0.015291666612029076,0.13254926974601006,294.8970309399501,301.96000000000004,7.062969060049855,0.0,False,0.0,0.0,False,False,False,0.49016191507914475,0.021962165454181358
148.4429999999993,24.2,False,True,NORMAL,-0.07282197757385106,-0.31551400830811815,0.16314555144978338,31.918617102136015,-69.43552021593227,0.0,76.16447618498266,76.1646509149996,-0.11844703030657007,-0.08448123475282848,0.07249010668025928,0.005365317943320005,-0.008599657182370837,0.0,0.14521539654504076,0.14548806828674316,0.010136110708117485,0.13535195757862567,294.8238722438143,301.96000000000004,7.13612775618571,0.0,False,0.0,0.0,False,False,False,0.4908485755601497,0.02811355337713379
148.54300000000512,24.3,False,True,NORMAL,-0.08503463860565601,-0.32472688510220993,0.1714053290346897,31.918617102136015,-69.43552021593227,0.0,76.1612465730399,76.1614394516425,-0.125806190329529,-0.09977630112900664,0.09270544501786696,0.011940736855712092,-0.019138892522086667,0.0,0.15961393302533297,0.1605693239451916,0.022558333352208138,0.13801099059298347,294.71991815685357,301.96000000000004,7.240081843146456,0.0,False,0.0,0.0,False,False,False,0.4920678286335877,0.03503345895544991
148.64300000001094,24.4,False,True,NORMAL,-0.09824110556804239,-0.3350261536413599,0.181252867513539,31.918617102136015,-69.43552021593227,0.0,76.1574519606908,76.15766764907464,-0.13832314891819855,-0.10620906965399363,0.10424532455911956,0.014046282194401795,-0.022513709874190487,0.0,0.1738429083576553,0.174395126088469,0.026536110788583755,0.14785901529988524,294.6872596889444,301.96000000000004,7.272740311055627,0.0,False,0.0,0.0,False,False,False,0.49399876879503435,0.04269095900227869
148.7430000000022,24.5,False,True,NORMAL,-0.11365600575920157,-0.3468444148223403,0.19203849828770128,31.918617102136015,-69.43552021593227,0.0,76.15321164868662,76.15345378375484,-0.16997485490498507,-0.13015615396561425,0.11146729092412608,0.011868689652912906,-0.01902341357907395,0.0,0.21311396172752828,0.21408427246084988,0.022422222420573235,0.19166205004027664,294.65296303343524,301.96000000000004,7.3070369665647545,0.0,False,0.0,0.0,False,False,False,0.49684248968368816,0.05116121032848955
148.84300000000803,24.6,False,True,NORMAL,-0.13234830315704704,-0.3602511709543398,0.20229309519579808,31.918617102136015,-69.43552021593227,0.0,76.14891448371,76.14918318369372,-0.20387109305192463,-0.13797896867437548,0.09362464723781018,0.009232346106371183,-0.014797820435345818,0.0,0.24614359845947506,0.24617395958677432,0.01744166575372219,0.22873229383305213,294.4543153091694,301.96000000000004,7.50568469083061,0.0,False,0.0,0.0,False,False,False,0.500821289956386,0.06032124335062478
148.9429999999993,24.7,False,True,NORMAL,-0.15521435396897668,-0.3740600649219829,0.21047846390666436,31.918617102136015,-69.43552021593227,0.0,76.14601724623694,76.14630814194462,-0.25344992318666776,-0.1381989106784874,0.07008272697951537,0.004155217467222188,-0.006660079815176536,0.0,0.28924535003383745,0.28867941124376767,0.007849999703466892,0.2808294115403008,294.31101812382445,301.96000000000004,7.648981876175577,0.0,False,0.0,0.0,False,False,False,0.5061775085143354,0.07032275498327382
149.04300000000512,24.8,False,True,NORMAL,-0.04697981161705303,-0.32581093336734396,0.1907560667971958,31.918617102136015,-69.43552021593227,0.0,76.14427951706668,76.14451845701173,-0.0008466526662915808,-0.000384096716048804,0.0003922483350688108,0.00492274191685767,-0.007890285968042232,0.0,0.009467248330048894,0.0009297048050957457,0.00930000003427267,0.008370295229176926,294.3432005842679,301.96000000000004,7.616799415732108,0.0,False,0.0,0.0,False,True,True,0.49387106410626236,0.00029863741651794967
149.14400000000023,24.9,False,True,NORMAL,-0.04664361065245555,-0.3241803947328291,0.19091951153824646,31.918617102136015,-69.43552021593227,0.0,76.14561828705475,76.14585763242627,0.0003803250530953015,0.0014293204650649635,-0.0008938822759447917,0.008651557350259492,-0.013866918622871772,0.0,0.017389313210963098,0.0014790551503799537,0.016344444826245308,0.014865389675865355,294.2586554278122,301.96000000000004,7.701344572187819,0.0,False,0.0,0.0,False,True,True,0.4938680952511328,0.0002765899405155282
149.2430000000022,25.0,False,True,NORMAL,-0.046343528409888285,-0.3232359139494383,0.19103715285593964,31.918617102136015,-69.43552021593227,0.0,76.14634954842191,76.1465891865435,0.0001839334082174766,0.0004906889495971305,0.0004456120389645388,0.008166340528846003,-0.01308920174432764,0.0,0.015752214279218194,0.0005240297166337345,0.015427777543663979,0.014903747827030245,294.16574817112144,301.96000000000004,7.794251828878607,0.0,False,0.0,0.0,False,True,True,0.4938317353092496,0.0002765588622247587
149.34300000000803,25.1,False,True,NORMAL,-0.04484388696902522,-0.3191500259569274,0.19173544896651964,31.918617102136015,-69.43552021593227,0.0,76.14942853784099,76.14966992129474,0.0010367158363440467,0.0025154366174154168,0.001646943551960326,0.004994789119656857,-0.008005764911054949,0.0,0.011241086500813069,0.0027206986421801386,0.009436110965907574,0.006715412323727435,294.43382672349156,301.96000000000004,7.526173276508452,0.0,False,0.0,0.0,False,True,True,0.49379453940349793,0.00027661187732362066
149.44200000001,25.2,False,True,NORMAL,-0.044613143337381055,-0.31926508738214876,0.19261058046654633,31.918617102136015,-69.43552021593227,0.0,76.14922724965747,76.14947084225658,0.00010992660862048039,-0.00038463180938246716,0.0020056524686973796,0.002308454285394067,-0.0037000445612510448,0.0,0.003978125898057053,0.00040003185882080795,0.004361111205071211,0.003961079346250403,294.6357761661326,301.96000000000004,7.324223833867454,0.0,False,0.0,0.0,False,True,True,0.49377295440645363,0.0002765852475804529
149.54400000000896,25.3,False,True,NORMAL,-0.04394083258782062,-0.31892355675804906,0.19352767398728074,31.918617102136015,-69.43552021593227,0.0,76.14925504217064,76.14950095987597,0.0005244097974056771,5.506656122059744e-05,0.002047458807377986,0.0033582863632515415,-0.005382739988438305,0.0,0.006131932522619897,0.000527293051139236,0.0063444445841014385,0.005817151532962203,294.6306665658673,301.96000000000004,7.3293334341327485,0.0,False,0.0,0.0,False,True,True,0.4937562198167115,0.0002765732081843359
149.64400000000023,25.4,False,True,NORMAL,-0.043323245783683906,-0.3198316599037455,0.19426549458574147,31.918617102136015,-69.43552021593227,0.0,76.14817158263165,76.14841938254725,0.0005049274897257032,-0.0010465603255841883,0.0015994181580311732,0.005869649348862841,-0.009408011363761229,0.0,0.009934490630612912,0.001161998401447946,0.011088889092206955,0.00992689069075901,294.64048590681585,301.96000000000004,7.319514093184161,0.0,False,0.0,0.0,False,True,True,0.4937466000861225,0.0002765468811613118
149.7430000000022,25.5,False,True,NORMAL,-0.04591692772622768,-0.3203075708095443,0.19418969657178412,31.918617102136015,-69.43552021593227,0.0,76.14882832143087,76.14907592587718,-0.002607633921381858,-0.00036392834643678065,-0.0002601662914411382,0.006873900533256048,-0.011017648668019003,0.0,0.014261881092793464,0.002632906855413145,0.01298611145466566,0.010353204599252517,294.86831706581313,301.96000000000004,7.091682934186911,0.0,False,0.0,0.0,False,True,True,0.49373982320911014,0.00027648863277503666
149.84300000000803,25.6,False,True,NORMAL,-0.048154169879049274,-0.3204166668783045,0.19330076474795727,31.918617102136015,-69.43552021593227,0.0,76.14966844414872,76.1499137841891,-0.002277779064636082,0.00026262031070613213,-0.002158330445545722,0.012193637583111788,-0.019544247727460353,0.0,0.024530265413852646,0.0022928687042414377,0.023036111146211624,0.020743242441970185,295.13294250484984,301.96000000000004,6.827057495150177,0.0,False,0.0,0.0,False,True,True,0.49373528031124825,0.0002764207694781556
149.9429999999993,25.7,False,True,NORMAL,-0.04958317180397945,-0.3201520732826803,0.19231712129494913,31.918617102136015,-69.43552021593227,0.0,76.15050848319214,76.1507513300024,-0.0015188060546797895,0.0007249276869241515,-0.0022153917551003266,0.010967363114372002,-0.01757874630628444,0.0,0.022156915447955297,0.001682941467491127,0.020719444379210472,0.019036502911719346,294.9069794132821,301.96000000000004,7.053020586717878,0.0,False,0.0,0.0,False,True,True,0.4937323146770779,0.0002764207145694786
150.04300000000512,25.8,False,True,NORMAL,-0.05025945304444811,-0.31891796384467164,0.19133678363915757,31.918617102136015,-69.43552021593227,0.0,76.15191248467532,76.15215285754186,-0.0006870946342287469,0.002126132446068029,-0.002249452140445675,0.005256512114492948,-0.008425260653173273,0.0,0.01211025835885292,0.0022343988485964534,0.009930555708706379,0.007696156860109925,294.79147048632166,301.96000000000004,7.168529513678343,0.0,False,0.0,0.0,False,True,True,0.49372956809320556,0.00027642999459487154
150.14300000001094,25.9,False,True,NORMAL,-0.05006945986322029,-0.31775253386565794,0.1909437527795588,31.918617102136015,-69.43552021593227,0.0,76.1528904891435,76.15312987243668,0.00047056968897480917,0.0018063736091355476,-0.0007587188442876626,0.0069091886170531,-0.01107420923469618,0.0,0.01440018153003011,0.0018666605068847503,0.013052777387201786,0.011186116880317036,294.965954626173,301.96000000000004,6.9940453738269905,0.0,False,0.0,0.0,False,True,True,0.49372913877499114,0.0002764777915773104
150.2430000000022,26.0,False,True,NORMAL,-0.048878501396157355,-0.31704899706783124,0.19153502961390872,31.918617102136015,-69.43552021593227,0.0,76.1530290848292,76.15326995252673,0.001972468546381785,0.0006500871495808639,0.0015961851690904395,0.007270895666254117,-0.01165396175941812,0.0,0.013396378223222786,0.0020768354456999344,0.013736111111938953,0.011659275666239019,294.8230939076553,301.96000000000004,7.13690609234474,0.0,False,0.0,0.0,False,True,True,0.49373096537215966,0.0002765603683071512
150.3420000000042,26.1,False,True,NORMAL,-0.048033759320967026,-0.31738047169008754,0.19231987969599654,31.918617102136015,-69.43552021593227,0.0,76.15237362684685,76.15261647467543,0.0013842345725815948,-0.0012442080314283895,0.0018366184324657316,0.005625570395925275,-0.009016795904981492,0.0,0.008854493312351823,0.001861225128081248,0.010627777315676212,0.008766552187594964,294.86106719112433,301.96000000000004,7.098932808875694,0.0,False,0.0,0.0,False,True,True,0.49373619225612186,0.0002765534953440839
150.4429999999993,26.2,False,True,NORMAL,-0.048044545529331815,-0.3176160733901976,0.19222934321238136,31.918617102136015,-69.43552021593227,0.0,76.15216431562503,76.1524069355286,-0.00017853631394052893,-0.00023605402943182663,-0.000477015542109451,0.0016173882955195353,-0.002592387817308056,0.0,0.0029627106039489285,0.00029596743098941273,0.0030555555131286383,0.0027595880821392254,294.989114908778,301.96000000000004,6.970885091222035,0.0,False,0.0,0.0,False,True,True,0.4937420457663319,0.0002764584144814468
150.54400000000896,26.3,False,True,NORMAL,-0.04800952631707036,-0.31787741888727106,0.19178637880713398,31.918617102136015,-69.43552021593227,0.0,76.15191241080444,76.15215391463282,0.00010180266277106634,-0.0002503032243719558,-0.001116820054739863,0.0011645195826335507,-0.0018665192442648142,0.0,0.0019343012885071236,0.0002702137788460779,0.002199999988079071,0.001929786209232993,294.82618675650275,301.96000000000004,7.133813243497264,0.0,False,0.0,0.0,False,True,True,0.4937483924658077,0.00027643828501398805
150.64300000001094,26.4,False,True,NORMAL,-0.048290234773420884,-0.3178776714056052,0.1910481653109008,31.918617102136015,-69.43552021593227,0.0,76.15203001627414,76.15226966414714,-0.0007012459597772851,0.0007408062217404889,-0.0018141879479165422,0.002168770767026759,-0.0034761565485225874,0.0,0.0051009578529840685,0.001020068504696319,0.004097222350537777,0.0030771538458414576,294.79427152591194,301.96000000000004,7.1657284740880645,0.0,False,0.0,0.0,False,True,True,0.4937546469995543,0.0002764210570973362
150.7430000000022,26.5,False,True,NORMAL,-0.0480586690035981,-0.3178742457667,0.1909726712580261,31.918617102136015,-69.43552021593227,0.0,76.15193591967514,76.1521753784846,0.0007841898625530596,-0.0001491949633652225,2.7360744809048023e-05,0.0031259705157248804,-0.005010378710343204,0.0,0.005395835806383727,0.0007982561478776951,0.005905555561184883,0.005107299413307188,294.80969970340834,301.96000000000004,7.1503002965916895,0.0,False,0.0,0.0,False,True,True,0.49376195659621147,0.00027648380801037584
150.84300000000803,26.6,False,True,NORMAL,-0.0478946190087103,-0.3182656295363051,0.19083333151349238,31.918617102136015,-69.43552021593227,0.0,76.1515118246431,76.15175093547866,0.00027514492799035357,-0.0012058664178069434,-0.000375910268923519,0.005031548238658993,-0.008064683287390486,0.0,0.00834666048813676,0.0012368583382883292,0.009505555965006351,0.008268697626718023,294.7086935057929,301.96000000000004,7.251306494207124,0.0,False,0.0,0.0,False,True,True,0.49377016889401637,0.00027646995769123697
150.9429999999993,26.7,False,True,NORMAL,-0.04823143287809619,-0.31851662738311776,0.19017402035710765,31.918617102136015,-69.43552021593227,0.0,76.15142539913518,76.15166286088616,-0.001215977130995442,0.00020396069533312917,-0.0017153909535168217,0.006143134709648439,-0.009846360101338153,0.0,0.012456543469161429,0.0012329640498995418,0.011605555191636086,0.010372591141736543,294.5791708844107,301.96000000000004,7.380829115589329,0.0,False,0.0,0.0,False,True,True,0.49377811088872775,0.00027642626651751045
151.04300000000512,26.8,False,True,NORMAL,-0.048452885296933805,-0.3186784709740115,0.189275445886161,31.918617102136015,-69.43552021593227,0.0,76.15137146748602,76.15160669068945,-0.0006313552382667658,0.0005978036359237876,-0.0022066814414835566,0.0052212235377216325,-0.008368699296345405,0.0,0.010707513864737318,0.0008694703123227296,0.00986388884484768,0.00899441853252495,294.5414555674544,301.96000000000004,7.418544432545592,0.0,False,0.0,0.0,False,True,True,0.49378615374509444,0.0002764114235596833
151.14300000001094,26.9,False,True,NORMAL,-0.04783152835296787,-0.31877766516158434,0.18967345797080026,31.918617102136015,-69.43552021593227,0.0,76.15102060297816,76.15125681757239,0.0025827399913496557,-0.001797262518673761,0.0013708959989362883,0.0105042019615495,-0.016836380769601908,0.0,0.016997783311676923,0.0031465375294037683,0.01984444446861744,0.01669790693921367,294.5764477810352,301.96000000000004,7.38355221896484,0.0,False,0.0,0.0,False,True,True,0.4937942593156007,0.0002765647868636647
151.2430000000022,27.0,False,True,NORMAL,-0.047586607193624,-0.31885900242590665,0.18955520492698796,31.918617102136015,-69.43552021593227,0.0,76.15084396701702,76.15107988771196,0.0006420763697414598,0.0004383262473016394,-0.0005248845242179405,0.008898576894684434,-0.014262847330516158,0.0,0.016861029194076848,0.0007774265004834281,0.016811111941933632,0.016033685441450205,294.52269506217084,301.96000000000004,7.437304937829151,0.0,False,0.0,0.0,False,True,True,0.49380296285556724,0.0002764625408327513
151.34300000000803,27.1,False,True,NORMAL,-0.047793985868391266,-0.3189291353672476,0.18941818231328625,31.918617102136015,-69.43552021593227,0.0,76.15086736502305,76.1511029446923,-0.0014460152628075935,-0.0002996488839726642,-0.0002794137331524212,0.0063239882342489475,-0.010136236363699123,0.0,0.01253520672308926,0.0014767361287442579,0.01194722205400467,0.010470485925260412,294.37075387295124,301.96000000000004,7.589246127048765,0.0,False,0.0,0.0,False,True,True,0.493811867358726,0.0002764736147122303
151.4429999999993,27.2,False,True,NORMAL,-0.04811168261458131,-0.3192661379435395,0.18947289584463897,31.918617102136015,-69.43552021593227,0.0,76.15069485546994,76.15093057178721,-0.0019040636533708757,-0.002796860586096704,0.00022557861995280712,0.006468083132821585,-0.010367195039875245,0.0,0.01128728512759464,0.0033834727033255707,0.01221944484859705,0.00883597214527148,294.51667096348183,301.96000000000004,7.443329036518216,0.0,False,0.0,0.0,False,True,True,0.49382079628564324,0.00027651575109353054
151.54300000000512,27.3,False,True,NORMAL,-0.04856887103955568,-0.3200259427007355,0.1885551394082973,31.918617102136015,-69.43552021593227,0.0,76.15019716111505,76.15043060099721,-0.0029683611789933576,-0.002562205849995912,-0.0025612741639754154,0.007209140780147882,-0.011554979582507023,0.0,0.013581293220178467,0.003921232829953879,0.013619444333016872,0.009698211503062992,294.85233654952935,301.96000000000004,7.107663450470673,0.0,False,0.0,0.0,False,True,True,0.4938296357736891,0.0002764329661145389
151.64300000001094,27.4,False,True,NORMAL,-0.048876686018168684,-0.32036360601200525,0.18802107598366416,31.918617102136015,-69.43552021593227,0.0,76.15001991010561,76.15025203001298,-0.0013042210741929378,-0.0006269480379244227,-0.0011319913680255776,0.008526577528790465,-0.013666598039692598,0.0,0.016330250253472334,0.0014470855028733665,0.016108334064483643,0.014661248561610276,295.01575584760974,301.96000000000004,6.944244152390274,0.0,False,0.0,0.0,False,True,True,0.49383918905701973,0.00027644502801415453
151.7430000000022,27.5,False,True,NORMAL,-0.04898794318698612,-0.32030677594588863,0.18828035799813866,31.918617102136015,-69.43552021593227,0.0,76.1501181955001,76.15035095573653,-0.0005335843789133375,-0.00029676578996016374,0.0008846214035350825,0.008192806838180924,-0.013131622564410868,0.0,0.015520420487037166,0.0006105589435189793,0.01547777745872736,0.014867218515208381,295.26537717380177,301.96000000000004,6.694622826198209,0.0,False,0.0,0.0,False,True,True,0.4938486798975972,0.00027650999332225673
151.84300000000803,27.6,False,True,NORMAL,-0.0488891600248209,-0.3203005238591734,0.1884716746200931,31.918617102136015,-69.43552021593227,0.0,76.15008240116896,76.1503156347822,0.000772762814848206,-0.0006487592612892806,0.0004100910756465988,0.009160298903571996,-0.014682341492333103,0.0,0.01634907311975553,0.0010089851074821352,0.017305554822087288,0.016296569714605153,295.17085059583343,301.96000000000004,6.78914940416656,0.0,False,0.0,0.0,False,True,True,0.49385811360219145,0.0002764921501907276
151.9429999999993,27.7,False,True,NORMAL,-0.04878993940275707,-0.32046841102452955,0.1881758001472507,31.918617102136015,-69.43552021593227,0.0,76.14988837125438,76.1501208737469,0.00040197146169916424,-0.0005628341597562463,-0.0008986541199883305,0.009555823987313508,-0.01531629835437524,0.0,0.01736253788484278,0.0006916381621983293,0.018052777275443077,0.017361139113244748,295.14068717454575,301.96000000000004,6.819312825454239,0.0,False,0.0,0.0,False,True,True,0.4938676647387538,0.00027644351583929285
152.04200000000128,27.8,False,True,NORMAL,-0.04764811157631308,-0.31879352149317336,0.18780042353156287,31.918617102136015,-69.43552021593227,0.0,76.15092921735877,76.15116079001201,0.022434585067180608,0.034060624786880385,-0.006608878193767611,0.009648456809447127,-0.015464772409892575,0.0,0.0511492917186674,0.04078525184437646,0.018227778375148773,0.022557473469227686,295.2927483685055,301.96000000000004,6.667251631494514,0.0,False,0.0,0.0,False,False,False,0.4938803792265214,0.003537398804603
152.1420000000071,27.9,False,True,NORMAL,-0.04385885755136087,-0.3149675652011619,0.1882004048793744,31.918617102136015,-69.43552021593227,0.0,76.15281129555288,76.15304384992423,0.053350495431863654,0.042458501053349126,0.014608505149997873,0.00811634850166354,-0.013009073353025832,0.0,0.07157359749956456,0.06818357334815002,0.015333333052694798,0.05285024029545522,295.3072812803989,301.96000000000004,6.65271871960111,0.0,False,0.0,0.0,False,False,False,0.4939523939867311,0.007288648431923703
152.2430000000022,28.0,False,True,NORMAL,-0.038029606510560636,-0.30935905407351116,0.18811324579269578,31.918617102136015,-69.43552021593227,0.0,76.15545565379097,76.15568798474455,0.06323452538414101,0.0697117214996658,-0.01635168688356981,0.004072877947730051,-0.0065281041060622,0.0,0.09650187322421265,0.09411869800950574,0.007694444619119167,0.08642425339038658,295.2710315763008,301.96000000000004,6.6889684236991895,0.0,False,0.0,0.0,False,False,False,0.4941664635715287,0.01149580118534178
152.34300000000803,28.1,False,True,NORMAL,-0.030543981543943242,-0.30068420838915977,0.18529111491079295,31.918617102136015,-69.43552021593227,0.0,76.16018936255877,76.16041476080652,0.08647797394820675,0.10378519218736237,-0.04009093075448718,0.0027289751362396795,-0.004374065223868741,0.0,0.13679298141993915,0.13509184318660572,0.005155555438250303,0.12993628774835542,295.0200386908048,301.96000000000004,6.939961309195192,0.0,False,0.0,0.0,False,False,False,0.4946169647259191,0.01625414924547414
152.4429999999993,28.2,False,True,NORMAL,-0.021039102880941178,-0.28922943499664616,0.18142842904362402,31.918617102136015,-69.43552021593227,0.0,76.16660138969299,76.16681747015065,0.10361959931183451,0.12531027566291028,-0.03716278658889145,0.004587501176991572,-0.007352954263403521,0.0,0.1655502613573025,0.16260284913942835,0.008666666224598885,0.15393618291482947,295.22871345875205,301.96000000000004,6.731286541247951,0.0,False,0.0,0.0,False,False,False,0.49541835589921557,0.021648579292728454
152.54300000000512,28.3,False,True,NORMAL,-0.009844937480278948,-0.27478851674330496,0.17690008543866692,31.918617102136015,-69.43552021593227,0.0,76.17501885383699,76.17522425974636,0.12026370870141005,0.16350808940391387,-0.05340408551025036,0.006801852837482598,-0.010902168934855596,0.0,0.2080685727107363,0.20297353258771428,0.012849999591708183,0.1901235329960061,295.3132070385156,301.96000000000004,6.6467929614844214,0.0,False,0.0,0.0,False,False,False,0.4967019831983297,0.027650322753876168
152.64300000001094,28.4,False,True,NORMAL,0.003677229224430984,-0.2568991699332101,0.17243896930736508,31.918617102136015,-69.43552021593227,0.0,76.18559573119782,76.18579088068617,0.15017962539278856,0.19427884679798368,-0.03581823711578701,0.011236437341439401,-0.018010024775489047,0.0,0.2537159326881364,0.24555689808326037,0.021227777004241943,0.22432912107901842,295.2309708858736,301.96000000000004,6.72902911412641,0.0,False,0.0,0.0,False,False,False,0.49861961097466223,0.03446837569967266
152.7430000000022,28.5,False,True,NORMAL,0.019500353268915763,-0.2358085351747687,0.16884314129909023,31.918617102136015,-69.43552021593227,0.0,76.19812167014237,76.19830873493312,0.16628285549690697,0.2275338483708443,-0.036098323049709974,0.017281059031927996,-0.027698485903881943,0.0,0.29554201022716997,0.2818184525304396,0.03264722228050232,0.24917123024993726,295.02261056393235,301.96000000000004,6.937389436067679,0.0,False,0.0,0.0,False,False,False,0.5013463199437894,0.041961138473598183
152.84300000000803,28.6,False,True,NORMAL,0.036469411786420096,-0.21267364384595225,0.16469071931058185,31.918617102136015,-69.43552021593227,0.0,76.21203204804257,76.21220999239489,0.17309831485317956,0.2351639782054854,-0.046950116720457305,0.013017035735878752,-0.020864009559507846,0.0,0.30195421249391885,0.29200192336770747,0.02459166757762432,0.26741025579008315,295.2239937916506,301.96000000000004,6.736006208349355,0.0,False,0.0,0.0,False,False,False,0.5050757755094866,0.050118627270948825
152.9429999999993,28.7,False,True,NORMAL,0.05516518745711022,-0.18890019356238552,0.16052861423518994,31.918617102136015,-69.43552021593227,0.0,76.22580896547791,76.2259779988261,0.20081719856062297,0.24030502746584886,-0.03629198478738101,0.010143965947553566,-0.01625898605453833,0.0,0.31965821539389083,0.31316777206969915,0.019163889810442924,0.2940038822592562,295.4425263151829,301.96000000000004,6.517473684817146,0.0,False,0.0,0.0,False,False,False,0.5100282622643602,0.059249733596144175
153.04400000000896,28.8,False,True,NORMAL,-0.02745496253178674,-0.2999392967982297,0.17262261156886533,31.918617102136015,-69.43552021593227,0.0,76.1595697820509,76.1597654142468,0.0006766683583013522,0.0008967611203022363,-0.00019938281864776905,0.0069694734539027785,-0.011170835182250297,0.0,0.01360978605609239,0.0011234146936959517,0.013166666962206364,0.012043252268510413,295.39334566055965,301.96000000000004,6.566654339440347,0.0,False,0.0,0.0,False,True,True,0.49761628814294456,0.0002984501393261189
153.14300000001094,28.9,False,True,NORMAL,-0.027853628839826526,-0.3001682042157827,0.17277400023957232,31.918617102136015,-69.43552021593227,0.0,76.15952921302132,76.15972518860744,-0.0022828768764016003,-0.0005500556959064824,-0.001147714428890492,0.0036758825682448497,-0.005891790619587737,0.0,0.008002558722936011,0.002348209552277712,0.0069444444961845875,0.004596234943906876,295.3087770204005,301.96000000000004,6.6512229795995355,0.0,False,0.0,0.0,False,True,True,0.49764036750747476,0.000276575253626948
153.2430000000022,29.0,False,True,NORMAL,-0.02955636882122022,-0.30022970514909686,0.1721594523113021,31.918617102136015,-69.43552021593227,0.0,76.16018764512573,76.16038222736138,-0.0024431332262202024,0.0003078965417726495,-0.0018270790562259047,0.005256512114492948,-0.008425260653173273,0.0,0.011642704710006238,0.002462458170507002,0.009930555708706379,0.007468097538199377,295.3746629515082,301.96000000000004,6.5853370484918,0.0,False,0.0,0.0,False,True,True,0.4976431428063314,0.00027647804238418246
153.34300000000803,29.1,False,True,NORMAL,-0.029869608526773134,-0.3002262820738086,0.17243578375154944,31.918617102136015,-69.43552021593227,0.0,76.16032215282708,76.16051735986254,-0.00030945724388494996,-0.0002253339646747553,0.0011220746149194945,0.00671951331799046,-0.01077019322574126,0.0,0.012672824625765605,0.000382804364432948,0.012694444507360458,0.01231164014292751,295.4657587813194,301.96000000000004,6.4942412186806315,0.0,False,0.0,0.0,False,True,True,0.4976460493780037,0.00027655509359006495
153.4429999999993,29.2,False,True,NORMAL,-0.02925622841541433,-0.29967448882310416,0.17302525998665938,31.918617102136015,-69.43552021593227,0.0,76.16056574597906,76.1607622893061,0.0010766513719517,0.0006272939065533325,0.0015802146441057409,0.007651717299584482,-0.012264351586986319,0.0,0.014471558847747491,0.0012460641323480983,0.014455555938184261,0.013209491805836164,295.2988608947942,301.96000000000004,6.6611391052057956,0.0,False,0.0,0.0,False,True,True,0.4976493682192171,0.00027655833316318345
153.54300000000512,29.3,False,True,NORMAL,-0.02996030698412455,-0.29908853091952353,0.17319891908231302,31.918617102136015,-69.43552021593227,0.0,76.16139300592509,76.16158994183714,-0.001624736709336442,0.0010293627529203674,0.00030969170970354155,0.008670671934388838,-0.01389755592571803,0.0,0.01813307310910032,0.0019233712724706083,0.01638055592775345,0.01445718465528284,295.19119470773546,301.96000000000004,6.768805292264573,0.0,False,0.0,0.0,False,True,True,0.4976535307052701,0.0002765122470518029
153.64300000001094,29.4,False,True,NORMAL,-0.029868591592357746,-0.2995944412173481,0.17339591846930852,31.918617102136015,-69.43552021593227,0.0,76.16089528655279,76.16109267200544,0.0004162663426887977,-0.001367366763851352,0.0005563557974064227,0.006215182405421889,-0.009961839834501558,0.0,0.010367853917988787,0.0014293248528381595,0.011741667054593563,0.010312342201755403,295.2280344335636,301.96000000000004,6.731965566436431,0.0,False,0.0,0.0,False,True,True,0.4976603175710079,0.0002765135564277316
153.7430000000022,29.5,False,True,NORMAL,-0.030624816776936205,-0.2999705424337809,0.17375907771679835,31.918617102136015,-69.43552021593227,0.0,76.16087110747881,76.16106932066468,-0.0019218933722781467,-0.0010227950476586548,0.0010571538188363008,0.004155217467222188,-0.006660079815176536,0.0,0.008289164958285099,0.002177104463254287,0.007849999703466892,0.005672895240212606,295.4309914276241,301.96000000000004,6.529008572375874,0.0,False,0.0,0.0,False,True,True,0.49766741573935647,0.0002765291680074286
153.84300000000803,29.6,False,True,NORMAL,-0.03201754573716222,-0.3007428047154808,0.17395911492206548,31.918617102136015,-69.43552021593227,0.0,76.16075434303657,76.1609530131683,-0.003614381874178188,-0.0020735818597358395,0.0004974721330687796,0.0033421123706095725,-0.005356815934456696,0.0,0.0076923623268260926,0.00416695309085828,0.006313888821750879,0.002146935730892599,295.53115384680586,301.96000000000004,6.428846153194125,0.0,False,0.0,0.0,False,True,True,0.4976746567875565,0.00027655142119964676
153.94400000000314,29.7,False,True,NORMAL,-0.03297280970648819,-0.30186485496415644,0.17381887100131188,31.918617102136015,-69.43552021593227,0.0,76.16013656410861,76.16033491564745,-0.0026460300219924224,-0.0029367507400035603,-0.0004940934802823826,0.007498800626549714,-0.012019253164216247,0.0,0.013616513473478782,0.00395297100750773,0.014166667126119137,0.010213696118611407,295.4374327908271,301.96000000000004,6.522567209172956,0.0,False,0.0,0.0,False,True,True,0.4976830190289396,0.0002765006057303865
154.04300000000512,29.8,False,True,NORMAL,-0.03432688128593669,-0.3023410923158119,0.17412212584796852,31.918617102136015,-69.43552021593227,0.0,76.160272353411,76.16047139730983,-0.004080116270717263,-0.0014696331770475794,0.0010009085641317968,0.010920311678676915,-0.017503331163847283,0.0,0.02195660059747116,0.004336723470276921,0.020630555227398872,0.01629383175712195,295.3704136749623,301.96000000000004,6.589586325037703,0.0,False,0.0,0.0,False,True,True,0.4976908650053806,0.0002765562974485895
154.1420000000071,29.9,False,True,NORMAL,-0.03536813233754571,-0.3027485917140861,0.17406114145042278,31.918617102136015,-69.43552021593227,0.0,76.16033931654493,76.16053822086754,-0.003042752004112234,-0.0010632450898236789,-0.0003749295362497655,0.010492439595599992,-0.016817527774143307,0.0,0.020770142862733848,0.003223170780390512,0.019822223111987114,0.0165990523315966,295.46393706634456,301.96000000000004,6.49606293365547,0.0,False,0.0,0.0,False,True,True,0.4976992518198935,0.00027647683651208096
154.24400000000605,30.0,True,False,BLACKOUT,-0.035741013961028786,-0.30256435948204213,0.17467496662215184,31.918617102136015,-69.43552021593227,0.0,76.16066299646867,76.1608633052806,-0.000887562007902873,7.278281760323378e-05,0.001888552812304374,0.008586861379691616,-0.013763222406945335,0.0,0.016769011273808983,0.0008905412154475755,0.01622222177684307,0.015331680561395496,295.5333413898484,301.96000000000004,6.426658610151642,0.36935707926750183,True,[0.36979315],0.015193952587039735,True,True,True,0.497708051928273,0.0002699920776570581
154.34300000000803,30.1,True,False,BLACKOUT,-0.03611022370667699,-0.30293480184051924,0.1748168313371876,31.918617102136015,-69.43552021593227,0.0,76.16048164570421,76.16068228049278,-0.001891032799706543,-0.001901351319630852,0.00010368491067906141,0.005040370013121123,-0.008078823033984436,0.0,0.009284691795386312,0.00268163045370311,0.009522221982479095,0.006840591528775985,295.2704034130249,301.96000000000004,6.689596586975103,0.2146843671798706,False,0.0,0.0,True,True,True,0.4977171928647292,0.0002699013313784806
154.4429999999993,30.2,True,False,BLACKOUT,-0.03680920043305261,-0.3029214266630202,0.1748642884088668,31.918617102136015,-69.43552021593227,0.0,76.16078705959515,76.16098780252497,-0.002669558573319441,0.0007503958723927474,9.776787540126686e-05,0.008372189820550612,-0.013419141807264168,0.0,0.01796374141566141,0.002773019462911755,0.015816666185855865,0.01304364672294411,295.31605635560317,301.96000000000004,6.643943644396841,0.2364342361688614,False,0.0,0.0,True,True,True,0.4977258354015441,0.00026990111748237405
154.54300000000512,30.3,True,False,BLACKOUT,-0.03692293947825091,-0.3027049126619027,0.1755088407562353,31.918617102136015,-69.43552021593227,0.0,76.1610313159381,76.16123354082764,-4.8139048109356025e-05,-0.00035315052798962196,0.0019224948835604575,0.012790600824839711,-0.020501074384066696,0.0,0.023890836679269563,0.0003564164184941873,0.02416388876736164,0.023807472348867452,295.3863146743912,301.96000000000004,6.57368532560883,0.16115477681159973,False,0.0,0.0,True,True,True,0.4977350536961026,0.00026994524839610594
154.64300000001094,30.4,True,False,BLACKOUT,-0.03716263722082371,-0.3028720546627943,0.17476873657233882,31.918617102136015,-69.43552021593227,0.0,76.16098017055823,76.16118069365422,-0.0008762079276515768,0.0013055535671637024,-0.002528999553087067,0.013784559199565704,-0.022094214132072163,0.0,0.02761317115321413,0.0015723264448623063,0.02604166604578495,0.024469339600922645,295.51407993700997,301.96000000000004,6.445920062990026,0.3130895793437958,False,0.0,0.0,True,True,True,0.497743948986447,0.000269798060536388
154.7430000000022,30.5,True,False,BLACKOUT,-0.037291826902123494,-0.3029633395279171,0.17419994347566653,31.918617102136015,-69.43552021593227,0.0,76.16095151552574,76.16115073559858,-0.0005168494105656221,8.640850346430051e-05,-0.0013498010997924023,0.012212752167241134,-0.01957488503030661,0.0,0.02342240849594256,0.0005240226547325707,0.023072222247719765,0.022548199592987195,295.32636784424784,301.96000000000004,6.633632155752162,0.16813720762729645,False,0.0,0.0,True,True,True,0.49775324786107505,0.00026983823124444677
154.84300000000803,30.6,True,False,BLACKOUT,-0.03729786590548895,-0.3028411790901811,0.17393399638379023,31.918617102136015,-69.43552021593227,0.0,76.16106493646032,76.161263548413,0.0013950307950804112,0.0019494823710323546,-0.0005775272784826238,0.00671951331799046,-0.01077019322574126,0.0,0.013789135630050665,0.0023972051297685426,0.012694444507360458,0.010297239377591916,295.24549241723236,301.96000000000004,6.71450758276764,0.13631854951381683,False,0.0,0.0,True,True,True,0.497761720447706,0.00026990147883557163
154.94200000001,30.7,True,False,BLACKOUT,-0.03748761025562691,-0.3024360495164048,0.17382607145492177,31.918617102136015,-69.43552021593227,0.0,76.16151229295595,76.16171065734538,-0.0013371090769188309,0.004804942513046681,-0.0002497746465750647,0.004955089902141608,-0.00794213407600545,0.0,0.014215475002941342,0.004987517743052358,0.00936111155897379,0.004373593815921431,295.3696059444809,301.96000000000004,6.590394055519104,0.11573302000761032,False,0.0,0.0,True,True,True,0.4977686967307011,0.00026997088433966483
155.04300000000512,30.8,True,False,BLACKOUT,-0.03764350754635938,-0.3019188045137535,0.1738868444390442,31.918617102136015,-69.43552021593227,0.0,76.16204721688372,76.16224571860717,0.0022709054043556693,0.0038480074795184077,0.00020837742763562316,0.0050668363224560435,-0.008121243854067664,0.0,0.01229146887826437,0.004468128569990057,0.009572221897542477,0.00510409332755242,295.33945521648104,301.96000000000004,6.620544783518955,0.14069539308547974,False,0.0,0.0,True,True,True,0.49777587988160277,0.00026998101086057733
155.14300000001094,30.9,True,False,BLACKOUT,-0.037514861035577426,-0.30171522182124305,0.1736472567525088,31.918617102136015,-69.43552021593227,0.0,76.16217803484489,76.16237598959992,0.003541752268997876,0.00149370934793127,-0.0007861094211549276,0.00962934222531778,-0.015434135107046316,0.0,0.01798918200942451,0.003843849210238204,0.018191667273640633,0.01434781806340243,295.34106765723163,301.96000000000004,6.618932342768375,0.14324358105659485,False,0.0,0.0,True,True,True,0.4977840384013114,0.0002699210905192075
155.2430000000022,31.0,True,False,BLACKOUT,-0.03740102653935036,-0.3015797449651047,0.173499894538629,31.918617102136015,-69.43552021593227,0.0,76.16225324715295,76.16245086587527,0.001059672469155889,0.002836824380350276,-0.00039170702169178214,0.014813806644037277,-0.023743916027056184,0.0,0.029928447462348774,0.0030282797603320383,0.027986111119389534,0.024957831359057495,295.1845907770643,301.96000000000004,6.775409222935764,0.09853754937648773,True,[0.10065717],0.001125751426815526,True,True,True,0.49779299562683776,0.000269900942293553
155.34300000000803,31.1,True,False,BLACKOUT,-0.03741896183817931,-0.30133990045904757,0.17347463660631396,31.918617102136015,-69.43552021593227,0.0,76.1624784839253,76.16267604452939,0.002858208974659825,0.0034048371168691792,-0.00011456641895006518,0.011218793792515142,-0.017981745282301148,0.0,0.022962693335344068,0.004445477964767792,0.021194444969296455,0.016748967004528662,295.2563998265222,301.96000000000004,6.7036001734777715,0.10023417323827744,False,0.0,0.0,True,True,True,0.49780128381331734,0.00026994570753348997
155.4429999999993,31.2,True,False,BLACKOUT,-0.03728662389277274,-0.3012074746588141,0.1733410967076627,31.918617102136015,-69.43552021593227,0.0,76.1625431636538,76.16274042004551,-5.241874153220403e-06,0.000735241969480659,-0.0004177497092667633,0.0036758825682448497,-0.005891790619587737,0.0,0.007580780836892402,0.0007352606550948014,0.0069444444961845875,0.006209183841089786,295.2576564087044,301.96000000000004,6.70234359129559,0.08677466958761215,False,0.0,0.0,True,True,True,0.49781095185420643,0.0002698705678072051
155.54300000000512,31.3,True,False,BLACKOUT,-0.03719894457517823,-0.30135007917961526,0.17285565200740405,31.918617102136015,-69.43552021593227,0.0,76.1623769305338,76.16257308406234,-0.0025278475964189855,-6.587119033057809e-05,-0.0014098483725543407,0.0066474661151912735,-0.010654714282728545,0.0,0.014011066331364197,0.0025287056935192776,0.012558333575725555,0.010029627882206278,295.06897530237154,301.96000000000004,6.891024697628494,0.10423542559146881,False,0.0,0.0,True,True,True,0.49782036957653797,0.0002698677219770611
155.64300000001094,31.4,True,False,BLACKOUT,-0.03727393431564859,-0.3012668437975021,0.1730491812413842,31.918617102136015,-69.43552021593227,0.0,76.16248394883205,76.16268054155675,-0.001339074109916282,0.0011067682707527756,0.0008206813743704112,0.006919481426720315,-0.01109070679094849,0.0,0.014730313555133009,0.001737255155984052,0.013072222471237183,0.01133496731525313,294.71003491755647,301.96000000000004,7.249965082443523,0.09512314945459366,False,0.0,0.0,True,True,True,0.4978302040587369,0.00026992307281587826
155.74400000000605,31.5,True,False,BLACKOUT,-0.03734058884751051,-0.30091800402075825,0.1738866772785464,31.918617102136015,-69.43552021593227,0.0,76.1628285645115,76.16302706381688,0.00029043214328439447,-0.00012410757565047052,0.0025131022919284915,0.006975354636877532,-0.011180261679979596,0.0,0.012920012860830336,0.0003158378067720904,0.013177777640521526,0.012861939833749435,294.9579041144509,301.96000000000004,7.002095885549129,0.10982415825128555,False,0.0,0.0,True,True,True,0.49784009818385566,0.0002699705293739129
155.84300000000803,31.6,True,False,BLACKOUT,-0.03743824314849538,-0.3009719868944973,0.17402386491974706,31.918617102136015,-69.43552021593227,0.0,76.16282053642733,76.1630193490883,0.0002662871715497493,0.0035204125686840804,-3.569961285496189e-05,0.011209971525078747,-0.017967604745556507,0.0,0.024114292760244464,0.0035304693047073514,0.021177778020501137,0.017647308715793786,294.763890804427,301.96000000000004,7.1961091955730385,0.1180868074297905,False,0.0,0.0,True,True,True,0.49784938447690924,0.00026991418981451687
155.9429999999993,31.7,True,False,BLACKOUT,-0.037413384435077544,-0.3008027449949423,0.17397313189774455,31.918617102136015,-69.43552021593227,0.0,76.16296373070699,76.16316242709208,-0.00031464974324124173,-0.0005927017319605343,-0.00013853472840806477,0.005999040304050065,-0.009615402215312721,0.0,0.011012347888872249,0.0006710438167443289,0.01133333332836628,0.010662289511621952,294.5820476293262,301.96000000000004,7.377952370673807,0.13082829117774963,False,0.0,0.0,True,True,True,0.49785904804470904,0.0002698779746213597
156.04300000000512,31.8,True,False,BLACKOUT,-0.03738166121218777,-0.301011987436508,0.1735603353642009,31.918617102136015,-69.43552021593227,0.0,76.16276048673039,76.1629582418453,-0.0016209182680457478,0.0008242544888781016,-0.0012969305424595573,0.002646635370260409,-0.004242089119679061,0.0,0.006624186864498021,0.0018184530497431402,0.004999999888241291,0.0031815468384981506,294.4704853684416,301.96000000000004,7.489514631558421,0.1589747965335846,False,0.0,0.0,True,True,True,0.49786901160563485,0.00026984166616142777
156.14300000001094,31.9,True,False,BLACKOUT,-0.037393657330544346,-0.30108771578998644,0.17350754227487464,31.918617102136015,-69.43552021593227,0.0,76.16269677982702,76.16289441482051,-0.0009599297641059201,0.003530195634211126,-2.648435582130342e-05,0.00492274191685767,-0.007890285968042232,0.0,0.012846525839051522,0.003658380292946558,0.00930000003427267,0.005641619741326112,294.71596608621763,301.96000000000004,7.2440339137823555,0.13313713669776917,False,0.0,0.0,True,True,True,0.4978783554197042,0.00026991871469844405
156.2430000000022,32.0,True,False,BLACKOUT,-0.037363724247022036,-0.3009588455723112,0.17351461788706443,31.918617102136015,-69.43552021593227,0.0,76.16280119880194,76.16299884964383,-0.0017090953732237274,0.0010000024677606703,4.703872384922553e-06,0.007497330084318893,-0.012016896144708576,0.0,0.01594358551871544,0.0019801545218245424,0.014163888990879059,0.012183734469054516,294.7015679140381,301.96000000000004,7.258432085961897,0.12632794678211212,True,[0.12795197],0.0018190597863089446,True,True,True,0.4978879854805884,0.0002698912855651282
156.34300000000803,32.1,True,False,BLACKOUT,-0.03723502925066906,-0.30119047098383406,0.17290866125732912,31.918617102136015,-69.43552021593227,0.0,76.16253695043459,76.16273322387696,-0.002407279864195442,0.0009185624231998389,-0.001981708870616057,0.00577260588598529,-0.009252467830022265,0.0,0.013052217715697555,0.00257657782142818,0.010905555449426174,0.008328977627997995,294.77569901051044,301.96000000000004,7.18430098948956,0.1523974984884262,False,0.0,0.0,True,True,True,0.4978976342662357,0.0002698362242629484
156.4429999999993,32.2,True,False,BLACKOUT,-0.03741528477086696,-0.30094343501855636,0.17347542577836042,31.918617102136015,-69.43552021593227,0.0,76.16283682078219,76.16303438225427,0.0002973017578752159,0.0010383910843906668,0.0021331990004924777,0.0035685467886743477,-0.005719750319747153,0.0,0.007508230103682886,0.0010801131326753316,0.006741666700690985,0.005661553568015653,294.75778517807515,301.96000000000004,7.202214821924868,0.13753052055835724,False,0.0,0.0,True,True,True,0.49790760773049314,0.00026995956749363494
156.54300000000512,32.3,True,False,BLACKOUT,-0.03751795127377729,-0.3008439867084621,0.17390933460161276,31.918617102136015,-69.43552021593227,0.0,76.16297016839201,76.16316871906021,0.0006457325442927951,0.0017732722127668996,0.0010280787260306156,0.00422726516299564,-0.006775559548339942,0.0,0.009268759376450632,0.0018871843734330949,0.00798611156642437,0.0060989271929912745,295.0275609729303,301.96000000000004,6.932439027069728,0.14273184537887573,False,0.0,0.0,True,True,True,0.4979175486864674,0.0002699186718009162
156.64400000000023,32.4,True,False,BLACKOUT,-0.03756625674035163,-0.300780099883629,0.17400357856200496,31.918617102136015,-69.43552021593227,0.0,76.16304842756567,76.16324719328257,0.0005496425851059018,0.0009321225813236118,0.00011780726803208925,0.0037993920939701884,-0.006089754578334585,0.0,0.007737417574080719,0.0010821088105986809,0.007177777588367462,0.006095668777768781,294.99397118863214,301.96000000000004,6.966028811367838,0.1506786048412323,False,0.0,0.0,True,True,True,0.4979274897853825,0.0002698820664385184
156.7430000000022,32.5,True,False,BLACKOUT,-0.037625081511205985,-0.30062888071592836,0.1743694786455831,31.918617102136015,-69.43552021593227,0.0,76.16321037372364,76.1634099758353,0.0007317763482036102,0.0006285091085001943,0.0011650376887225122,0.0028642477673759222,-0.004590883363300223,0.0,0.005638217105457508,0.0009646348134179693,0.005411111284047365,0.004446476470629396,294.74953909824853,301.96000000000004,7.210460901751483,0.12613214552402496,False,0.0,0.0,True,True,True,0.49793745948754264,0.00026991590802130915
156.84300000000803,32.6,True,False,BLACKOUT,-0.037689450577527296,-0.3004717250183229,0.1749624974121269,31.918617102136015,-69.43552021593227,0.0,76.16338003484368,76.16358099648103,0.0008111836355419144,0.0014315800842566743,0.001725991441132206,0.011065877119480374,-0.017736646859531077,0.0,0.02173889745635874,0.001645430165097062,0.02090555615723133,0.01926012599213427,294.3263221110064,301.96000000000004,7.633677888993601,0.21626344323158264,False,0.0,0.0,True,True,True,0.4979474641982825,0.0002699368986070402
156.94400000000314,32.7,True,False,BLACKOUT,-0.0373911100057643,-0.3004242881533831,0.17513541911161626,31.918617102136015,-69.43552021593227,0.0,76.163297918339,76.16349927762438,-0.0024924078024536555,0.0005739067182382408,0.0002894733241190765,0.014703530272979399,-0.02356716247835095,0.0,0.029639357419631005,0.002557628897039375,0.02777777798473835,0.025220149087698974,294.7075737653301,301.96000000000004,7.252426234669919,0.1736283004283905,False,0.0,0.0,True,True,True,0.49795712472653086,0.0002699010331335827
157.04400000000896,32.8,True,False,BLACKOUT,-0.03761306476743563,-0.3003596703055255,0.1752777464061136,31.918617102136015,-69.43552021593227,0.0,76.16344969964067,76.16365138593396,0.0011155612722656024,0.00037794886747001717,0.0004158925063523665,0.010845323391416088,-0.01738313818181923,0.0,0.020251530412975855,0.0011778464664805503,0.020488888025283813,0.01931104155880326,294.76158660878775,301.96000000000004,7.198413391212279,0.2031134068965912,False,0.0,0.0,True,True,True,0.4979671154592108,0.00026988851175346017
157.14300000001094,32.9,True,False,BLACKOUT,-0.03768540058182919,-0.30017625545539356,0.1758773832843763,31.918617102136015,-69.43552021593227,0.0,76.1636465394,76.16384960749167,0.0012780165795226272,0.0010336206640931597,0.001904742476254657,0.02072168417521028,-0.03321320041620855,0.0,0.039381479957942056,0.0016436842929148834,0.03914722055196762,0.037503536259052735,294.70641054805026,301.96000000000004,7.253589451949747,0.13753260672092438,False,0.0,0.0,True,True,True,0.49797710431329223,0.0002699390772500063
157.2430000000022,33.0,True,False,BLACKOUT,-0.03780517055449143,-0.30023577398542894,0.17563736585956258,31.918617102136015,-69.43552021593227,0.0,76.16364276568845,76.16384527992066,0.002201446944747859,-2.2690813813656785e-05,-0.0011317688570598218,0.0500052349489566,-0.08014956101908825,0.0,0.09330336262131314,0.002201563881328727,0.09446944296360016,0.09226787908227144,294.40301396476747,301.96000000000004,7.556986035232548,0.11836839467287064,True,[0.11745773],0.001532908421005969,True,True,True,0.49798678449766554,0.00026985267202415123
157.34300000000803,33.1,True,False,BLACKOUT,-0.037657734493134594,-0.3005596986940056,0.174962740648871,31.918617102136015,-69.43552021593227,0.0,76.16328687205058,76.1634878344925,-0.0014722115430083201,0.0014343985500491257,-0.0020749995582213113,0.08247945319494422,-0.13219999812853897,0.0,0.15781645664481198,0.002055457620032574,0.15581944584846497,0.1537639882284324,294.5503092501289,301.96000000000004,7.409690749871101,0.15368905663490295,False,0.0,0.0,True,True,True,0.49799674994305043,0.0002698161817498161
157.4429999999993,33.2,True,False,BLACKOUT,-0.0378195064168063,-0.3006575320458219,0.17490241753932512,31.918617102136015,-69.43552021593227,0.0,76.16326594255455,76.16346676650132,-2.5465328225182386e-05,0.002964028516143527,8.64060755717591e-05,0.11363182207964825,-0.18213174414197975,0.0,0.21720594843793664,0.0029641379062812874,0.21467222273349762,0.21170808482721634,294.66799825782374,301.96000000000004,7.2920017421762555,0.16277694702148438,False,0.0,0.0,True,True,True,0.4980064088645024,0.00026991060854565316
157.54400000000896,33.3,True,False,BLACKOUT,-0.03789399404834108,-0.30052129317860216,0.17516782806755413,31.918617102136015,-69.43552021593227,0.0,76.16342086257487,76.1636222960653,0.0008663070731521895,0.0017141910170623152,0.0008242163646367253,0.1449415167992082,-0.23231565568596013,0.0,0.27482291608497134,0.0019206610289092263,0.27382221817970276,0.27190155715079356,294.47268615719645,301.96000000000004,7.487313842803535,0.12988682091236115,False,0.0,0.0,True,True,True,0.49801622862840117,0.00026991602159070235
157.64300000001094,33.4,True,False,BLACKOUT,-0.03772095633113052,-0.30029527106056797,0.17541387790901763,31.918617102136015,-69.43552021593227,0.0,76.16355342475197,76.16375542417542,-0.0013101470770766023,-0.001149073960183017,0.0007419936588112931,0.1633400420061776,-0.26180524253106696,0.0,0.3083039457730057,0.0017426578349013459,0.30858054757118225,0.3068378897362809,294.6844358026313,301.96000000000004,7.275564197368732,0.12733757495880127,False,0.0,0.0,True,True,True,0.49802579796933855,0.00026992193202719523
157.7430000000022,33.5,True,False,BLACKOUT,-0.0375787619599177,-0.30009312375802494,0.17558390454097167,31.918617102136015,-69.43552021593227,0.0,76.16367725708758,76.16387964796262,-0.0011097646406641503,-0.003304567780241045,0.0005468144635920694,0.18433374149291692,-0.2954544354554955,0.0,0.3460358928634199,0.0034859354227919455,0.3482416570186615,0.34475572159586954,294.7196118457912,301.96000000000004,7.240388154208815,0.1732402741909027,False,0.0,0.0,True,True,True,0.4980349473500729,0.00026995137931968676
157.84300000000803,33.6,True,False,BLACKOUT,-0.03756387377420137,-0.30014806695055885,0.17571632618221728,31.918617102136015,-69.43552021593227,0.0,76.1636211372813,76.16382383369817,-0.0011273736226630549,-0.0011519483042763845,0.00038706000820333775,0.19938280235758404,-0.3195754224538333,0.0,0.3762948837827897,0.001611817663633718,0.3766722083091736,0.37506039064553987,294.51184052835174,301.96000000000004,7.44815947164825,0.16940483450889587,False,0.0,0.0,True,True,True,0.498045108625795,0.0002698953944541431
157.9429999999993,33.7,True,False,BLACKOUT,-0.03736707872200834,-0.30000886411478117,0.1762161899104653,31.918617102136015,-69.43552021593227,0.0,76.16366492524196,76.16386877640946,-0.003401017165435945,-0.0007727434063939439,0.0016704933897580456,0.20833284872332147,-0.3339207662572686,0.0,0.3947389454989781,0.0034876998339471916,0.3935805559158325,0.3900928560818853,294.78914613429527,301.96000000000004,7.170853865704735,0.12625029683113098,False,0.0,0.0,True,True,True,0.498054466133315,0.00026998171743822214
158.04300000000512,33.8,True,False,BLACKOUT,-0.03732114259453664,-0.2999730226551699,0.17637069419271836,31.918617102136015,-69.43552021593227,0.0,76.16367818596262,76.16388239471941,-0.003244211111232628,-0.0011554177772344321,0.00024961040719727155,0.23659743746764947,-0.37922391066915623,0.0,0.4477273743145544,0.003443819968319279,0.44697776436805725,0.443533944399738,294.9697537204246,301.96000000000004,6.990246279575416,0.16369317471981049,False,0.0,0.0,True,True,True,0.498064008404679,0.00026991985469294844
158.14400000000023,33.9,True,False,BLACKOUT,-0.03737542367180527,-0.30011974425892324,0.1760659683131523,31.918617102136015,-69.43552021593227,0.0,76.16356777809281,76.1637712821085,-0.0018913445636029474,-0.0005982359730294917,-0.0011096416074461873,0.24920719857116808,-0.39943513091508126,0.0,0.4712975144549584,0.0019837012218822084,0.4708000123500824,0.4688163111282002,294.8282478580426,301.96000000000004,7.131752141957438,0.2042372077703476,False,0.0,0.0,True,True,True,0.4980740321993752,0.00026984556076903895
158.2430000000022,34.0,True,False,BLACKOUT,-0.037263592092155205,-0.30006207377952476,0.176011419718721,31.918617102136015,-69.43552021593227,0.0,76.16357320575958,76.16377658368162,-0.0021201223934641067,-0.0015889036808376888,-1.7987539488745512e-05,0.24362426897019396,-0.3904866806743153,0.0,0.4600345496124866,0.002649440293769144,0.4602527916431427,0.4576033513493736,294.95554200885107,301.96000000000004,7.00445799114894,0.19009962677955627,True,[0.18955566],0.003992331176150638,True,True,True,0.4980837954375875,0.0002698952405062984
158.34300000000803,34.1,True,False,BLACKOUT,-0.03718034022969002,-0.300075912156335,0.17592806950130604,31.918617102136015,-69.43552021593227,0.0,76.16352571446527,76.16372889994062,-0.002602816785905397,-0.0017638465923170024,-0.000327954987140983,0.26515904123440476,-0.42500311771104493,0.0,0.500827208952949,0.0031441708004208684,0.5009360909461975,0.49779192014577667,295.01541904156556,301.96000000000004,6.944580958434461,0.14837895333766937,False,0.0,0.0,True,True,True,0.4980935594680209,0.00026989412632506804
158.4429999999993,34.2,True,False,BLACKOUT,-0.037276147883791966,-0.30049981328988373,0.17525824555729924,31.918617102136015,-69.43552021593227,0.0,76.16318112763174,76.16338276976066,-0.0022286213984479743,0.001083307258756495,-0.002330222395021724,0.24750452067491444,-0.3967060389293935,0.0,0.4696839428707671,0.002477964478053452,0.4675833284854889,0.46510536400743546,294.80373678076165,301.96000000000004,7.156263219238351,0.1612943857908249,False,0.0,0.0,True,True,True,0.49810361071855735,0.00026981942996737727
158.54300000000512,34.3,True,False,BLACKOUT,-0.03729508777097862,-0.3006567722867606,0.17459710635318695,31.918617102136015,-69.43552021593227,0.0,76.16304659912548,76.16324672314138,-0.0017312074689949575,-0.00013158047446149333,-0.0019502956173922292,0.23191730544042133,-0.37172248551083814,0.0,0.4389435365631155,0.0017362006571716986,0.43813610076904297,0.4363999001118713,294.9115228166012,301.96000000000004,7.048477183398826,0.16013389825820923,False,0.0,0.0,True,True,True,0.498113649744355,0.00026982031247878703
158.64300000001094,34.4,True,False,BLACKOUT,-0.037409355947222216,-0.30072215329243307,0.17457063012081778,31.918617102136015,-69.43552021593227,0.0,76.16303519524222,76.1632352585984,-0.0010279027285353157,0.0010288307416731035,0.00021581960036545493,0.2659456861838607,-0.42626397064856514,0.0,0.5038392951097429,0.0014543303319198067,0.5024222135543823,0.5009678832224626,294.8117636414914,301.96000000000004,7.14823635850861,0.1533241719007492,False,0.0,0.0,True,True,True,0.4981238177578603,0.00026989804404211595
158.7430000000022,34.5,True,False,BLACKOUT,-0.03739438217410687,-0.30047158370752775,0.17482121715127757,31.918617102136015,-69.43552021593227,0.0,76.16325636004174,76.1634569975878,0.00042591303498593905,-0.0014681996137368542,0.0008656380371813412,0.28107562637824873,-0.4505145929296741,0.0,0.5295346305480946,0.0015287288900089453,0.5310055613517761,0.5294768324617671,294.7069133575829,301.96000000000004,7.253086642417107,0.15581084787845612,False,0.0,0.0,True,True,True,0.4981336477903281,0.0002699238853420199
158.84300000000803,34.6,True,False,BLACKOUT,-0.037377327922817186,-0.3005960991690876,0.17486543135665553,31.918617102136015,-69.43552021593227,0.0,76.1631361791553,76.16333691851769,-0.0006995343727102956,0.0006004963589708677,-1.5922764966079394e-05,0.2628785343995231,-0.4213478679776246,0.0,0.4975076084885823,0.0009219241919704983,0.4966277778148651,0.4957058536228946,294.8299393477178,301.96000000000004,7.1300606522821965,0.14608563482761383,False,0.0,0.0,True,True,True,0.49814398474985566,0.0002698779554039651
158.9429999999993,34.7,True,False,BLACKOUT,-0.0374909257215245,-0.300509178597453,0.17518620103642324,31.918617102136015,-69.43552021593227,0.0,76.16326274143269,76.16346421759938,0.0006534396443970789,0.0009584486370361587,0.0011515711562368747,0.2384927302685046,-0.38226173033236227,0.0,0.4510268658671193,0.0011600030856451422,0.4505583345890045,0.4493983315033594,294.82486475160584,301.96000000000004,7.135135248394159,0.15947450697422028,False,0.0,0.0,True,True,True,0.4981540495401809,0.00026992705203984736
159.04300000000512,34.8,True,False,BLACKOUT,-0.037525722751201196,-0.3004868261191646,0.17514637470731617,31.918617102136015,-69.43552021593227,0.0,76.16329763117642,76.16349901565538,0.0010953720110725997,2.9614050039745044e-06,-0.0003227037396156975,0.2673557661070965,-0.4285240797544325,0.0,0.5045096852083529,0.00109537601423476,0.5050861239433289,0.5039907479290942,294.8165513773399,301.96000000000004,7.143448622660087,0.18644767999649048,False,0.0,0.0,True,True,True,0.49816406324624296,0.0002698720036869423
159.14300000001094,34.9,True,False,BLACKOUT,-0.037569899265566815,-0.30072864962399465,0.1746814046438593,31.918617102136015,-69.43552021593227,0.0,76.16309665832553,76.16329697550236,0.0005139267114462343,0.0010942673260385782,-0.001600980632722893,0.26020984779744005,-0.41707043462744015,0.0,0.49224352650750464,0.0012089423665227227,0.4915861189365387,0.49037717657001595,294.82719591705523,301.96000000000004,7.132804082944777,0.12542060017585754,False,0.0,0.0,True,True,True,0.4981742112308114,0.0002698310097612365
159.2430000000022,35.0,True,False,BLACKOUT,-0.0376633702017445,-0.30087800596747866,0.17435989918739342,31.918617102136015,-69.43552021593227,0.0,76.16300030281477,76.16319988354616,0.0014330856216929963,0.0017145233330475608,-0.0008596046680211288,0.2576823016991629,-0.41301922458034784,0.0,0.48751178693300296,0.002234574827269769,0.486811101436615,0.48457652660934525,294.87871550796086,301.96000000000004,7.0812844920391305,0.13234613835811615,True,[0.13329393],0.001974121067466182,True,True,True,0.49818409146584064,0.00026987544636493486
159.34300000000803,35.1,True,False,BLACKOUT,-0.03769031118121299,-0.3007716915362352,0.17459212407900618,31.918617102136015,-69.43552021593227,0.0,76.16310811033064,76.16330822276369,0.0007640285579579545,0.0011960595470420715,0.000980685281837134,0.23778401469077107,-0.3811257844158854,0.0,0.4498315975980478,0.0014192596934478894,0.4492194354534149,0.447800175759967,294.98636796005053,301.96000000000004,6.973632039949506,0.14622338116168976,False,0.0,0.0,True,True,True,0.4981941048012842,0.0002699230940975786
159.4429999999993,35.2,True,False,BLACKOUT,-0.03754410586554041,-0.300400086844312,0.17502352212009725,31.918617102136015,-69.43552021593227,0.0,76.16338407932783,76.16358518116452,0.00022039082677783377,-0.0022840739644329755,0.0014158047906061137,0.2441109489392243,-0.39126674272010675,0.0,0.4591188527262705,0.00229468211121462,0.4611722230911255,0.45887754097991085,295.1484154601917,301.96000000000004,6.811584539808308,0.1295970380306244,False,0.0,0.0,True,True,True,0.49820369655306607,0.0002699521099704741
159.54300000000512,35.3,True,False,BLACKOUT,-0.037412867461582525,-0.3005103717693235,0.17476287876092367,31.918617102136015,-69.43552021593227,0.0,76.16322890719857,76.16342941093265,-0.0017521683083788872,-0.001931138517133131,-0.0011887600595208727,0.2693892494537591,-0.43178339445900293,0.0,0.5082230124309376,0.002607563949981377,0.5089277625083923,0.5063201985584109,295.3316634258981,301.96000000000004,6.628336574101893,0.14299535751342773,False,0.0,0.0,True,True,True,0.49821357582627646,0.00026986842563726
159.64300000001094,35.4,True,False,BLACKOUT,-0.037463304704614335,-0.30083077472790143,0.1740810024705113,31.918617102136015,-69.43552021593227,0.0,76.16295923282024,76.16315817569318,-0.0006734579955068064,-0.00016449463338760682,-0.0022645636976971993,0.2777496828240513,-0.4451836927526168,0.0,0.5249395508422939,0.0006932561980432405,0.5247222185134888,0.5240289623154455,295.3798660278883,301.96000000000004,6.580133972111694,0.15811744332313538,False,0.0,0.0,True,True,True,0.49822397286889286,0.0002698002312404945
159.7430000000022,35.5,True,False,BLACKOUT,-0.03745076084928456,-0.3012194954550037,0.1730578230676348,31.918617102136015,-69.43552021593227,0.0,76.1626011200583,76.1627977321161,-0.0015082232660414703,0.0004127712767790674,-0.0033254783966190343,0.310135678395675,-0.4970927244946211,0.0,0.5870550568436357,0.0015636871640972887,0.5859055519104004,0.5843418647463031,295.3754453552423,301.96000000000004,6.584554644757709,0.16449981927871704,False,0.0,0.0,True,True,True,0.4982341993137997,0.0002697777117812483
159.84300000000803,35.6,True,False,BLACKOUT,-0.0375103501648987,-0.30159541307245663,0.17204510137381956,31.918617102136015,-69.43552021593227,0.0,76.1622848947901,76.16247921327194,-0.0006638625606484758,0.0009751160533126023,-0.0031075977651869985,0.35187313547328913,-0.5639904976225446,0.0,0.665934290766678,0.0011796460557551563,0.6647555828094482,0.6635759367536931,295.18249462624965,301.96000000000004,6.77750537375037,0.17987729609012604,False,0.0,0.0,True,True,True,0.4982443861866687,0.00026979248629096353
159.9429999999993,35.7,True,False,BLACKOUT,-0.037511226204273974,-0.3013582085714845,0.17217068845360112,31.918617102136015,-69.43552021593227,0.0,76.16250057736654,76.16269517909225,0.00017128890139512178,-0.0010490331899565418,0.0010415564124034544,0.38093760454012476,-0.6105757089376722,0.0,0.718683348612693,0.0010629254542871506,0.7196639180183411,0.718600992564054,295.2661808372661,301.96000000000004,6.693819162733859,0.18974077701568604,False,0.0,0.0,True,True,True,0.4982543710467801,0.00026993556659382027
160.04300000000512,35.8,True,False,BLACKOUT,-0.037572428984766745,-0.3012881078424288,0.17244396017391544,31.918617102136015,-69.43552021593227,0.0,76.16258988850205,76.16278510823744,0.001462470893738073,-0.00037865115944598076,0.0008316203895998648,0.3953823341697077,-0.6337280596871939,0.0,0.7458581178520528,0.0015106944812174378,0.7469527721405029,0.7454420776592855,295.19218791771044,301.96000000000004,6.767812082289587,0.22285115718841553,False,0.0,0.0,True,True,True,0.4982645264453584,0.00026992741478086964
160.14400000000023,35.9,True,False,BLACKOUT,-0.03757270072869054,-0.3013616550355597,0.17236541916170067,31.918617102136015,-69.43552021593227,0.0,76.16252324233962,76.16271828445755,0.0013788041745947698,0.00026502445711140574,-0.00043878319693748747,0.4693014036327033,-0.7522072744023367,0.0,0.8860959991075775,0.0014040437723757617,0.8866000175476074,0.8851959737752316,295.2091542888152,301.96000000000004,6.7508457111847955,0.2448478788137436,False,0.0,0.0,True,True,True,0.4982746890721024,0.00026988027518622397
160.24400000000605,36.0,True,False,BLACKOUT,-0.037511501532152415,-0.3012499389428003,0.17259389425682647,31.918617102136015,-69.43552021593227,0.0,76.1625989713193,76.16279453065219,0.00023510273780371827,-4.574452096995999e-05,0.0009291321606105878,0.48027023088064064,-0.7697883674561699,0.0,0.9071589881681552,0.0002395117085271094,0.9073222279548645,0.9070827162463374,295.2288392512109,301.96000000000004,6.731160748789129,0.2066384106874466,True,[0.20650711],0.004738305227520194,True,True,True,0.49828492893189724,0.0002699109382729966
160.3420000000042,36.1,True,False,BLACKOUT,-0.03758031485271795,-0.3013419598904108,0.17238041200112736,31.918617102136015,-69.43552021593227,0.0,76.16254431472026,76.16273939071631,0.0011713859808536967,1.7918878155178732e-05,-0.0009681163989047727,0.5159645333591771,-0.8270000309441533,0.0,0.974151258232506,0.0011715230268052425,0.974755585193634,0.9735840621668288,295.25204576347005,301.96000000000004,6.707954236529968,0.20401863753795624,False,0.0,0.0,True,True,True,0.4982951345204357,0.00026985155010352424
160.4429999999993,36.2,True,False,BLACKOUT,-0.03756065895970637,-0.30145256496902567,0.17188822663447983,31.918617102136015,-69.43552021593227,0.0,76.16243566921105,76.16262963310265,0.000599778482170799,-0.0006566797709111644,-0.001655416016664634,0.5484960707088395,-0.8791423404546083,0.0,1.0353392695453036,0.0008893607531249885,1.0362138748168945,1.0353245140637695,295.1096423052519,301.96000000000004,6.850357694748106,0.23114746809005737,False,0.0,0.0,True,True,True,0.4983053549899336,0.0002698272189278216
160.54300000000512,36.3,True,False,BLACKOUT,-0.037551599472415924,-0.30149199691509293,0.17191236294273785,31.918617102136015,-69.43552021593227,0.0,76.16239607492349,76.16259009339201,0.0003368939727613082,0.0006439220769542573,0.0003958219439287024,0.5758784327095281,-0.923031431192032,0.0,1.0883125566895164,0.0007267277276064134,1.0879443883895874,1.087217660661981,295.29465070224035,301.96000000000004,6.665349297759635,0.17242459952831268,False,0.0,0.0,True,True,True,0.49831569492527683,0.0002698971111175952
160.64300000001094,36.4,True,False,BLACKOUT,-0.03760366840848223,-0.3015526990541052,0.17166172015833525,31.918617102136015,-69.43552021593227,0.0,76.16236282154425,76.1625562747648,0.001293341937783938,2.2155908338503725e-06,-0.0010255680804774634,0.6287259048644148,-1.007736596531347,0.0,1.1871011475346591,0.0012933438355184031,1.1877833604812622,1.1864900166457437,295.305111312601,301.96000000000004,6.654888687398979,0.16674600541591644,False,0.0,0.0,True,True,True,0.4983258614226257,0.0002698530894071687
160.7430000000022,36.5,True,False,BLACKOUT,-0.03755243800484406,-0.3014914195016496,0.17164646409762163,31.918617102136015,-69.43552021593227,0.0,76.16239695088335,76.16259036963332,0.00021996670970484037,-0.0006017834487209863,0.00013853699522347503,0.631290191348672,-1.0118466949290486,0.0,1.192000796736618,0.0006407251146419168,1.1926277875900269,1.191987062475385,295.24106092471925,301.96000000000004,6.718939075280745,0.14974182844161987,False,0.0,0.0,True,True,True,0.49833610091345104,0.0002698853633153307
160.84300000000803,36.6,True,False,BLACKOUT,-0.03764095148058668,-0.3014408644503348,0.1719205255756171,31.918617102136015,-69.43552021593227,0.0,76.1624799790969,76.16267401577659,0.001691472747155393,0.00035851170568164436,0.000993626289619738,0.6271908539932468,-1.0052761810650128,0.0,1.1842932961235795,0.0017290490731844987,1.1848833560943604,1.1831543070211759,295.0745080116934,301.96000000000004,6.885491988306592,0.17530696094036102,False,0.0,0.0,True,True,True,0.49834629815446196,0.00026992440348636883
160.9429999999993,36.7,True,False,BLACKOUT,-0.037565884058448705,-0.3013985293818475,0.17181584106464812,31.918617102136015,-69.43552021593227,0.0,76.16248691066953,76.1626807111012,4.982692110264111e-05,-0.0010773727059137808,-0.0005797794779688236,0.6366363986516569,-1.0204157211297786,0.0,1.2017874736720935,0.001078524301772821,1.2027277946472168,1.201649270345444,295.2371067195848,301.96000000000004,6.72289328041521,0.1907423585653305,False,0.0,0.0,True,True,True,0.498356486394227,0.00026985931773665763
161.04300000000512,36.8,True,False,BLACKOUT,-0.03756350053687764,-0.3014399407722645,0.17183990499957894,31.918617102136015,-69.43552021593227,0.0,76.16244832069748,76.16264217551715,1.503657577347425e-05,9.976609189335533e-05,0.0002016199050904704,0.6525191618171662,-1.0458729856898823,0.0,1.2328100546827865,0.00010089287240764262,1.2327333688735962,1.2326324760011886,295.3857482914939,301.96000000000004,6.574251708506125,0.21537724137306213,False,0.0,0.0,True,True,True,0.498366890485216,0.00026988038800063744
161.14300000001094,36.9,True,False,BLACKOUT,-0.03758116361385866,-0.3015468286531552,0.17146569614758292,31.918617102136015,-69.43552021593227,0.0,76.1623587076512,76.16255171931864,0.00019794233501754994,-0.0004055138265583248,-0.0014701894501260014,0.6415517543351105,-1.0282941682700357,0.0,1.2115650201704706,0.0004512456443248789,1.212013840675354,1.2115625950310291,295.4409455562529,301.96000000000004,6.519054443747097,0.2180333286523819,False,0.0,0.0,True,True,True,0.4983772147701672,0.00026982416738914914
161.2430000000022,37.0,True,False,BLACKOUT,-0.03760317571790416,-0.30161703706066845,0.1714055349734675,31.918617102136015,-69.43552021593227,0.0,76.16230421404224,76.16249709042985,0.0007476374800888156,0.0007725185554889977,4.101496778883273e-05,0.6624072948263953,-1.0617219167227439,0.0,1.2516740498855294,0.0010750566125597117,1.2514139413833618,1.2503388847708021,295.3765952450037,301.96000000000004,6.583404754996314,0.26045313477516174,True,[0.26083364],0.0075592763097339635,True,True,True,0.4983875533464398,0.0002698814681890195
161.34300000000803,37.1,True,False,BLACKOUT,-0.03762117555424366,-0.301577433418879,0.17132338706800834,31.918617102136015,-69.43552021593227,0.0,76.16234771536622,76.16254040681224,0.0009430195676408858,-0.00035099948049794417,-0.0003341882668012994,0.668488625352511,-1.071469215632102,0.0,1.2621059261307996,0.0010062239016558044,1.2629027366638184,1.2618965127621626,295.4405848657383,301.96000000000004,6.519415134261713,0.20830054581165314,False,0.0,0.0,True,True,True,0.4983977717923522,0.000269867706297646
161.4429999999993,37.2,True,False,BLACKOUT,-0.03764070164367059,-0.30146701339879795,0.17164788876088544,31.918617102136015,-69.43552021593227,0.0,76.16245613839118,76.16264956020159,0.0014508488452718194,0.00012450843033898242,0.0012974049309319538,0.621427046218959,-0.9960378150543514,0.0,1.1733328002064691,0.0014561815549759066,1.1739944219589233,1.1725382404039475,295.52218282612955,301.96000000000004,6.437817173870455,0.2205810695886612,False,0.0,0.0,True,True,True,0.4984080250047008,0.000269927066016562
161.54300000000512,37.3,True,False,BLACKOUT,-0.03749158107672574,-0.3015080653355287,0.17118389297918465,31.918617102136015,-69.43552021593227,0.0,76.16235630685387,76.16254868462175,-0.0021167467362807773,-0.0021630464500363884,-0.0020066478847773996,0.6143340851766856,-0.98466905107506,0.0,1.1598834757381515,0.0030264478668185157,1.1605944633483887,1.1575680154815702,295.53105940238646,301.96000000000004,6.428940597613529,0.2389717996120453,False,0.0,0.0,True,True,True,0.4984176212538247,0.00026986541705042
161.64300000001094,37.4,True,False,BLACKOUT,-0.0413960957682406,-0.3010149491763028,0.1711421613378625,31.918617102136015,-69.43552021593227,0.0,76.16444224235691,76.16463452107357,-0.00030109518187099735,-0.0004685892577291872,0.0005579319048115843,0.6380097224137361,-1.0226169166002146,0.0,1.2050841891538586,0.0005569867152860287,1.205322265625,1.204765278909714,290.9479094673129,301.96000000000004,11.012090532687106,0.2499753087759018,False,0.0,0.0,True,True,True,0.49842099199946444,0.0002698639466854018
161.7430000000022,37.5,True,False,BLACKOUT,-0.04141405428255921,-0.3008997973726977,0.1713763682163466,31.918617102136015,-69.43552021593227,0.0,76.16455430144366,76.16474710650029,-0.0003119522442856628,-0.0009762014393572541,0.0008003724863918731,0.6243824939787689,-1.000774875900189,0.0,1.1789149844647684,0.0010248333781244815,1.1795778274536133,1.1785529940754889,290.88498601253605,301.96000000000004,11.075013987463935,0.1609513908624649,False,0.0,0.0,True,True,True,0.4984312867986307,0.00026987325630539055
161.84300000000803,37.6,True,False,BLACKOUT,-0.04143088497560029,-0.30076716616076654,0.17178112191779482,31.918617102136015,-69.43552021593227,0.0,76.16468175336497,76.16487546989894,-8.455612440935839e-06,-0.0008011623196986461,0.0014233285834633254,0.6107567168600363,-0.9789351614037942,0.0,1.153160967111522,0.0008012069394898344,1.1538361310958862,1.1530349241563964,291.0214125471384,301.96000000000004,10.938587452861553,0.21666614711284637,False,0.0,0.0,True,True,True,0.49844166713798255,0.00026988877319691397
161.9429999999993,37.7,True,False,BLACKOUT,-0.04137368379616379,-0.3006905648654599,0.17178432128787133,31.918617102136015,-69.43552021593227,0.0,76.16472728185204,76.1649210054861,-0.002000558651279035,-0.0019159098500112757,-0.0002683325515453481,0.630604980783867,-1.0107484233974613,0.0,1.1907698387658707,0.0027700082076733312,1.191333293914795,1.1885632857071216,290.9481822025947,301.96000000000004,11.011817797405286,0.2843848466873169,False,0.0,0.0,True,True,True,0.4984516887674555,0.0002698490245630749
162.04200000000128,37.8,True,False,BLACKOUT,-0.041446044928044885,-0.3008070643710247,0.17169175220194588,31.918617102136015,-69.43552021593227,0.0,76.16465189911247,76.16484541421161,-0.0010676782895335014,0.00017007218158005327,-0.0003113101634954182,0.6152721402698242,-0.9861725877348422,0.0,1.163076358074905,0.0010811389720515037,1.1623666286468506,1.161285489674799,290.77238570852313,301.96000000000004,11.18761429147688,0.2350948452949524,False,0.0,0.0,True,True,True,0.49846212194257034,0.0002698313873109907
162.14400000000023,37.9,True,False,BLACKOUT,-0.04160237046110235,-0.30065766852825576,0.17213146992014078,31.918617102136015,-69.43552021593227,0.0,76.16485310289137,76.16504760996318,0.0018876386298936581,0.0002060335391373879,0.0018089543415185227,0.6271290784022214,-1.0051771657017727,0.0,1.1839435101914537,0.0018988494980688396,1.1847666501998901,1.1828678007018214,291.0009405344099,301.96000000000004,10.95905946559014,0.18960797786712646,False,0.0,0.0,True,True,True,0.4984723325135786,0.00026991024033608653
162.2430000000022,38.0,True,False,BLACKOUT,-0.04148291024971579,-0.3008084257059835,0.17174148495624722,31.918617102136015,-69.43552021593227,0.0,76.16466613278989,76.16485975997729,-0.0007730921915344098,-0.00022332510019887206,-0.0019074454334805236,0.6298301041160517,-1.009506432937208,0.0,1.1900894012461736,0.0008047022039178921,1.1898694038391113,1.1890647016351934,291.1996916948807,301.96000000000004,10.760308305119288,0.21834266185760498,True,[0.21841691],0.005300606100407522,True,True,True,0.4984827027952874,0.00026977327841614133
162.34300000000803,38.1,True,False,BLACKOUT,-0.04151177194322821,-0.30089868657554547,0.1714167059472091,31.918617102136015,-69.43552021593227,0.0,76.16459631387242,76.16478920959622,-0.0002587543312661224,-8.330670260406772e-05,-0.0009141937090602426,0.5745565991234209,-0.9209127653808441,0.0,1.0855135109877248,0.00027183416019282937,1.0854471921920776,1.0851753580318848,291.20847866452317,301.96000000000004,10.751521335476818,0.21788504719734192,False,0.0,0.0,True,True,True,0.49849308334325093,0.0002698102567427784
162.4429999999993,38.2,True,False,BLACKOUT,-0.041609181148030146,-0.3008436791105009,0.1716760468983337,31.918617102136015,-69.43552021593227,0.0,76.1646871189641,76.1648805985723,0.0019436126975979331,0.0007074139970388865,0.0012344516513846883,0.5744095744787948,-0.9206771108391185,0.0,1.0847426976041932,0.002068348346258543,1.0851694345474243,1.0831010862011659,291.25384996781014,301.96000000000004,10.706150032189873,0.14655400812625885,False,0.0,0.0,True,True,True,0.49850334140188673,0.00026989681224210316
162.54300000000512,38.3,True,False,BLACKOUT,-0.0414888450610134,-0.30100545509341314,0.17141591773150824,31.918617102136015,-69.43552021593227,0.0,76.1644897795075,76.16468267372717,6.746504198724766e-06,0.0013569038296214065,-0.0012733040482687556,0.576110769508461,-0.9234038260515314,0.0,1.089531207837581,0.0013569206012733915,1.0883833169937134,1.08702639639244,291.2042594376774,301.96000000000004,10.755740562322568,0.1534116268157959,False,0.0,0.0,True,True,True,0.49851368780117883,0.0002698023139419701
162.64300000001094,38.4,True,False,BLACKOUT,-0.04145572498675918,-0.3009214075389847,0.17105913219553184,31.918617102136015,-69.43552021593227,0.0,76.16455217167949,76.16474426359741,-0.0009708113055367643,-0.0020991620155900855,-0.0011836084983352162,0.5413236658779034,-0.8676462421113543,0.0,1.0213985744291814,0.002312780957776639,1.0226638317108154,1.020351050753039,291.22582295822025,301.96000000000004,10.734177041779775,0.1640481799840927,False,0.0,0.0,True,True,True,0.4985237702109955,0.0002698163286152521
162.7430000000022,38.5,True,False,BLACKOUT,-0.04153877929267363,-0.30109172413939456,0.17100017724989833,31.918617102136015,-69.43552021593227,0.0,76.1644324265076,76.16462438634267,0.0009590468642149338,0.0010842726657814368,1.7483239834227448e-05,0.4976424546573428,-0.7976329743468149,0.0,0.9405549682248111,0.0014475559061816164,0.9401416778564453,0.9386941219502637,291.38543673890644,301.96000000000004,10.574563261093559,0.12721334397792816,False,0.0,0.0,True,True,True,0.498534257589337,0.0002698498349845615
162.84300000000803,38.6,True,False,BLACKOUT,-0.04154138339600751,-0.30095548814327044,0.1714606254202282,31.918617102136015,-69.43552021593227,0.0,76.16455718062812,76.16475017530905,0.0017021681143071649,0.0013541069517732862,0.0018627251547601554,0.4880807415994663,-0.7823072368522993,0.0,0.9223281512120636,0.0021750820504534423,0.9220777750015259,0.9199026929510724,291.02853481161145,301.96000000000004,10.931465188388565,0.107931949198246,False,0.0,0.0,True,True,True,0.49854444045347,0.00026992528889466943
162.9429999999993,38.7,True,False,BLACKOUT,-0.041467143265208686,-0.3007259762219882,0.17166277587740117,31.918617102136015,-69.43552021593227,0.0,76.16473435613244,76.16492780570887,-0.0008138810831492915,-0.002098243847697069,0.0004404509792690151,0.49705577584471955,-0.7966926318138992,0.0,0.9376856811729916,0.0022505620768836537,0.9390333294868469,0.9367827674099632,291.1898164022864,301.96000000000004,10.770183597713642,0.10391256213188171,False,0.0,0.0,True,True,True,0.4985544174149735,0.0002698698283254035
163.04300000000512,38.8,True,False,BLACKOUT,-0.041524383329843116,-0.3008362175625029,0.17143314249534788,31.918617102136015,-69.43552021593227,0.0,76.16465830899158,76.16485124155227,-0.0002921182390601565,-0.001597845755065045,-0.0010392552548181963,0.4270684482624165,-0.6845153050130827,0.0,0.8056136232462117,0.0016243288221819468,0.8068138957023621,0.8051895668801801,291.35591093159906,301.96000000000004,10.60408906840097,0.11390800029039383,False,0.0,0.0,True,True,True,0.4985647813826034,0.0002698120583593857
163.14300000001094,38.9,True,False,BLACKOUT,-0.04152105380557661,-0.3010211560274512,0.17110713094991137,31.918617102136015,-69.43552021593227,0.0,76.16448904319424,76.16468124308746,-0.0005677289561533228,8.26611484072394e-05,-0.0011196012382440423,0.40068885112871394,-0.642233469275587,0.0,0.7573485686685207,0.0005737151149402857,0.7569777965545654,0.7564040814396251,291.2000520957638,301.96000000000004,10.759947904236187,0.13531209528446198,False,0.0,0.0,True,True,True,0.4985752951679745,0.00026980393153071757
163.2430000000022,39.0,True,False,BLACKOUT,-0.04150715859114948,-0.30132047545993274,0.1706606025959305,31.918617102136015,-69.43552021593227,0.0,76.16421152035021,76.16440271910444,0.00033951180377320004,0.002703178364660662,-0.0015645069573262818,0.3962924987508614,-0.6351868927815502,0.0,0.750787926607267,0.0027244158155595158,0.7486722469329834,0.7459478311174239,291.324142621066,301.96000000000004,10.635857378933986,0.10925997048616409,True,[0.11165603],0.001385215717818467,True,True,True,0.4985854829847213,0.0002698159194210267
163.34300000000803,39.1,True,False,BLACKOUT,-0.04154197309747168,-0.30139088127800207,0.17044414551390483,31.918617102136015,-69.43552021593227,0.0,76.16416222197245,76.16435293614511,0.0015490377584641724,0.002618437050000318,-0.0005430822056771058,0.38439290454131086,-0.6161139446557328,0.0,0.7275982315155054,0.0030423232178652675,0.7261916399002075,0.7231493166823423,291.33058177008496,301.96000000000004,10.62941822991506,0.09600301831960678,False,0.0,0.0,True,True,True,0.4985954994078827,0.00026985675768347386
163.4429999999993,39.2,True,False,BLACKOUT,-0.04159515469688113,-0.30118100468416664,0.17057789728646972,31.918617102136015,-69.43552021593227,0.0,76.16437504291444,76.16456605598677,0.002282650837427232,-0.0004371792661709906,0.0006727670351363109,0.3448904113641325,-0.5527984239799032,0.0,0.6499869400494349,0.002324138669782216,0.6515638828277588,0.6492397441579766,291.11513997222545,301.96000000000004,10.844860027774557,0.10687052458524704,False,0.0,0.0,True,True,True,0.4986055453293776,0.00026988540059200904
163.54200000000128,39.3,True,False,BLACKOUT,-0.04159832128954825,-0.3009981337679283,0.1709715207510901,31.918617102136015,-69.43552021593227,0.0,76.16454236349772,76.16473425872334,0.0017214536213863985,-0.0012354364295671225,0.0014918243651518425,0.24621060915114515,-0.3946321272532758,0.0,0.46318020631574836,0.0021188925744562667,0.46513888239860535,0.4630199898241491,291.0675357000767,301.96000000000004,10.892464299923336,0.11601706594228745,False,0.0,0.0,True,True,True,0.49861579660459404,0.00026990258875317363
163.64300000001094,39.4,True,False,BLACKOUT,-0.041619061545072916,-0.3009787340291509,0.17113135005264205,31.918617102136015,-69.43552021593227,0.0,76.16456867567264,76.16476092977791,0.0015745718037267948,-0.0008971258750443466,0.00034879659151395475,0.22403621658210457,-0.35909049182075153,0.0,0.4216534961375471,0.0018122116876252445,0.42324721813201904,0.4214350064443938,291.0009266647511,301.96000000000004,10.959073335248927,0.11870287358760834,False,0.0,0.0,True,True,True,0.4986261917368041,0.00026985596690499525
163.74400000000605,39.5,True,False,BLACKOUT,-0.04158424798233602,-0.3010240113163378,0.17115764987251458,31.918617102136015,-69.43552021593227,0.0,76.16451296900783,76.16470528235024,0.0009346146823746844,2.6205437105348526e-05,2.947712885164038e-05,0.23609163798474714,-0.37841320341901163,0.0,0.4455504593015249,0.0009349819941818209,0.4460222125053406,0.4450872305111588,290.87789851523496,301.96000000000004,11.082101484765053,0.15430046617984772,False,0.0,0.0,True,True,True,0.4986366762966291,0.00026983915237938994
163.84300000000803,39.6,True,False,BLACKOUT,-0.041595685274506834,-0.30091075623726193,0.17154767567440976,31.918617102136015,-69.43552021593227,0.0,76.16462056992808,76.16481376046383,0.0017546822650396302,0.000569136828171158,0.0016057870068610252,0.27114925434127574,-0.4346043714881061,0.0,0.5118099430496006,0.0018446751964574504,0.5122527480125427,0.5104080728160852,290.7783946327121,301.96000000000004,11.181605367287911,0.13544714450836182,False,0.0,0.0,True,True,True,0.4986470412796459,0.00026989814360994547
163.9429999999993,39.7,True,False,BLACKOUT,-0.04161601217355005,-0.3007170105997084,0.17186216268385468,31.918617102136015,-69.43552021593227,0.0,76.16480496240419,76.16499886144575,0.001424797570501524,-0.0014136169206503387,0.0009671979863580406,0.19922400943131718,-0.3193209054348408,0.0,0.3744189796247041,0.0020070777053357927,0.37637221813201904,0.37436514042668323,290.66824413342727,301.96000000000004,11.29175586657271,0.16701513528823853,False,0.0,0.0,True,True,True,0.4986573031267463,0.0002698721748964128
164.04400000000896,39.8,True,False,BLACKOUT,-0.04158722968561796,-0.30067133922140776,0.17218257878333648,31.918617102136015,-69.43552021593227,0.0,76.164834340642,76.1650289632839,0.0008684716866425995,-0.00026255387276414406,0.0011287051881365192,0.17659527600499342,-0.28305104184177593,0.0,0.3329402929711871,0.0009072913570641418,0.3336222171783447,0.3327149258212806,290.64461315977167,301.96000000000004,11.31538684022836,0.16839580237865448,False,0.0,0.0,True,True,True,0.49866780558536744,0.00026986857539233885
164.14300000001094,39.9,True,False,BLACKOUT,-0.041557852131614954,-0.30069623910522986,0.171990148933473,31.918617102136015,-69.43552021593227,0.0,76.16479941163276,76.16499359958999,-0.000532237928181256,-0.001473163528297251,-0.0010405608455884975,0.2226246853426343,-0.3568280565112534,0.0,0.41961424233529643,0.001566361386557994,0.42058056592941284,0.4190142045428549,290.52849735513496,301.96000000000004,11.431502644865068,0.4615256190299988,False,0.0,0.0,True,True,True,0.49867816306559576,0.00026980302445406664
164.24400000000605,40.0,True,False,BLACKOUT,-0.04157230948689278,-0.3008876814921826,0.17161425453461274,31.918617102136015,-69.43552021593227,0.0,76.16463170592289,76.1648250464165,-0.0005082513987218893,-8.592206958452972e-05,-0.0013629729896744971,0.16756731604271,-0.26858081630211933,0.0,0.31676316799732157,0.0005154629825161509,0.31656667590141296,0.3160512129188968,290.4383066350258,301.96000000000004,11.521693364974208,0.38551217317581177,True,[0.38561372],0.016521823926858477,True,True,True,0.4986886770870307,0.0002697909220527801
164.34400000001187,40.1,True,False,BLACKOUT,-0.04153993475673747,-0.3011158874733884,0.17109925897922162,31.918617102136015,-69.43552021593227,0.0,76.16441097831506,76.16460316072094,-0.0011878681127004327,0.0009469061721831385,-0.001877590858390596,0.14069513902398026,-0.2255094619953767,0.0,0.26723262225594535,0.0015190990593404406,0.26579999923706055,0.2642809001777201,290.48234066932355,301.96000000000004,11.477659330676447,0.49260491132736206,False,0.0,0.0,True,True,True,0.49869906340449177,0.00026978653551772846
164.4429999999993,40.2,True,False,BLACKOUT,-0.041652289577077055,-0.3013608718482087,0.17050356295359628,31.918617102136015,-69.43552021593227,0.0,76.16423575277362,76.16442659975232,0.001198648375567628,0.0016916235654121166,-0.0021506890419952266,0.18923590912884825,-0.30331174448449894,0.0,0.35830861830744004,0.002073245816421322,0.3575027883052826,0.35542954248886127,290.3885192125837,301.96000000000004,11.571480787416364,0.286191463470459,False,0.0,0.0,True,True,True,0.49870936192674264,0.00026978833376619125
164.54300000000512,40.3,True,False,BLACKOUT,-0.041693729099748174,-0.30113973906467706,0.1708759941499098,31.918617102136015,-69.43552021593227,0.0,76.16445386365936,76.16464554473338,0.002466021501851493,0.0006891880090706924,0.002014050927304685,0.19944751213143133,-0.3196791407939791,0.0,0.37608187107425195,0.002560515994763696,0.3767944574356079,0.3742339414408442,290.12749504325984,301.96000000000004,11.832504956740177,0.3007013499736786,False,0.0,0.0,True,True,True,0.49871952921866064,0.00026993319536613297
164.64300000001094,40.4,True,False,BLACKOUT,-0.04164087795694288,-0.3011357986904789,0.17112113212422586,31.918617102136015,-69.43552021593227,0.0,76.164435262825,76.16462749430946,0.0016915198748865448,0.0015287886184317324,0.0005782214006924872,0.15847317921516832,-0.2540045209338641,0.0,0.2997961991023929,0.0022800074839751288,0.2993861138820648,0.2971061063980897,290.28271075925966,301.96000000000004,11.677289240740373,0.12455571442842484,False,0.0,0.0,True,True,True,0.49872990000777173,0.0002698713335796617
164.7430000000022,40.5,True,False,BLACKOUT,-0.04162415842796608,-0.30080052309103494,0.171694060451011,31.918617102136015,-69.43552021593227,0.0,76.16473257644371,76.16492609654118,0.0009051304904576386,-0.0008981460829412279,0.00232546732081447,0.1450150291215213,-0.23243348295682292,0.0,0.27272014062910227,0.001275118657638871,0.2739610970020294,0.27268597834439057,290.35354618898634,301.96000000000004,11.606453811013656,0.12470033019781113,False,0.0,0.0,True,True,True,0.4987401635808023,0.0002699193229428863
164.84300000000803,40.6,True,False,BLACKOUT,-0.041567677773556806,-0.30071934906582043,0.17195614932300893,31.918617102136015,-69.43552021593227,0.0,76.16478255773623,76.1649766689686,-0.0006357906532294841,-0.0012429166437261036,0.0006538422622666119,0.14711028805920923,-0.23579181302463342,0.0,0.27720405582964286,0.0013960915220662777,0.2779194414615631,0.27652334993949684,290.2526280644212,301.96000000000004,11.707371935578857,0.13367697596549988,False,0.0,0.0,True,True,True,0.49875057430481395,0.00026986029077546243
164.9429999999993,40.7,True,False,BLACKOUT,-0.04152628019203752,-0.30085785116846475,0.17162036514346027,31.918617102136015,-69.43552021593227,0.0,76.16463946812102,76.16483282236356,-0.0017567676149681144,-0.0011769342278556223,-0.0015535633739466972,0.13778824725732047,-0.22085022783188146,0.0,0.2602482797225522,0.0021145700815293086,0.26030832529067993,0.2581937552091506,290.44121618613826,301.96000000000004,11.518783813861736,0.1284267157316208,False,0.0,0.0,True,True,True,0.49876087097113564,0.00026980171289105626
165.04300000000512,40.8,True,False,BLACKOUT,-0.04146586774454317,-0.30118543682987625,0.17103149422396893,31.918617102136015,-69.43552021593227,0.0,76.16431676835718,76.16450879880124,-0.002825313033209914,0.0012852711340950054,-0.0021621458933428583,0.11909859116874416,-0.19089400959540703,0.0,0.2275924303608449,0.003103919397111282,0.22499999403953552,0.22189607464242425,290.57510650105,301.96000000000004,11.384893498949975,0.11340826004743576,False,0.0,0.0,True,True,True,0.4987710967871009,0.000269799629251261
165.14300000001094,40.9,True,False,BLACKOUT,-0.04150389176573318,-0.301389012295625,0.17024534824079562,31.918617102136015,-69.43552021593227,0.0,76.16414793868887,76.16433820827882,-0.0020369825635164268,0.00019295234687899474,-0.002937960943757113,0.11182770191115547,-0.17924005810794788,0.0,0.21251205050866784,0.0020461008216204955,0.21126389503479004,0.20921779421316955,290.38746207587513,301.96000000000004,11.572537924124855,0.11692699790000916,False,0.0,0.0,True,True,True,0.4987813191049816,0.0002697664071864491
165.2430000000022,41.0,True,False,BLACKOUT,-0.041540146168510324,-0.3012479358647598,0.1701568162628902,31.918617102136015,-69.43552021593227,0.0,76.16429120677788,76.1644812781718,-0.0011339775170257046,-0.0019407083090103598,0.00025896718413255933,0.09264253175473007,-0.14848961832532082,0.0,0.17398453011162907,0.002247721902233822,0.17501944303512573,0.1727717211328919,290.68541961255033,301.96000000000004,11.274580387449692,0.12101904302835464,True,[0.11960492],0.0015894656617743293,True,True,True,0.49879149708601694,0.00026987411985432766
165.34300000000803,41.1,True,False,BLACKOUT,-0.04142337928572285,-0.3013602627215746,0.17011684009097094,31.918617102136015,-69.43552021593227,0.0,76.16414024992496,76.16433023239632,-0.0034427451954471356,-0.00014050714248282431,-0.00023508184165863213,0.09313803793499092,-0.14928382722906242,0.0,0.17768392610626502,0.0034456112284851617,0.17595554888248444,0.17250993765399927,290.7146138724807,301.96000000000004,11.245386127519314,0.12430039048194885,False,0.0,0.0,True,True,True,0.49880169458037266,0.000269874690167915
165.4429999999993,41.2,True,False,BLACKOUT,-0.041469493618461147,-0.3011718691815396,0.17039224111936252,31.918617102136015,-69.43552021593227,0.0,76.16433060519864,76.16452120281353,-0.001767397122364309,-0.0015951760443788372,0.001234271150123789,0.11512275766984019,-0.18452145060338518,0.0,0.21708369402463765,0.0023808148186496474,0.21748888492584229,0.21510807010719263,290.7867346692037,301.96000000000004,11.173265330796314,0.14094193279743195,False,0.0,0.0,True,True,True,0.498811904713064,0.0002699038007950102
165.54300000000512,41.3,True,False,BLACKOUT,-0.04142849187302741,-0.30126529832509885,0.17021849465729036,31.918617102136015,-69.43552021593227,0.0,76.164228594425,76.16441880379415,-0.0029649899551820623,-0.0013654915700782918,-0.0010923163692796657,0.1177429277167142,-0.1887211204832824,0.0,0.22287335658204532,0.0032643119737986756,0.22243888676166534,0.21917457478786667,290.66311907994066,301.96000000000004,11.296880920059358,0.15431231260299683,False,0.0,0.0,True,True,True,0.4988221538364766,0.0002698346727868254
165.6420000000071,41.4,True,False,BLACKOUT,-0.04150877230346914,-0.30120305671833575,0.1703089169063387,31.918617102136015,-69.43552021593227,0.0,76.16431877842011,76.16450918970052,-0.0007615625492445351,-0.001367039184097505,0.0006143809678719658,0.11414350570337092,-0.1829518826307578,0.0,0.21488655164920475,0.0015648557912056329,0.2156388908624649,0.21407403507125927,290.6100951772852,301.96000000000004,11.349904822714812,0.1431533694267273,False,0.0,0.0,True,True,True,0.4988326326673995,0.00026986660119147075
165.7430000000022,41.5,True,False,BLACKOUT,-0.04146469087709568,-0.3013940673771946,0.17000929203003434,31.918617102136015,-69.43552021593227,0.0,76.16412690066377,76.16431664303036,-0.0020067373983167405,-0.0001312709925168555,-0.0015073194008144262,0.11042792317814944,-0.17699645999089453,0.0,0.20957778503070645,0.0020110263696131387,0.20861944556236267,0.20660841919274953,290.5629128834114,301.96000000000004,11.397087116588638,0.12806755304336548,False,0.0,0.0,True,True,True,0.49884313012692516,0.0002697999067725787
165.84300000000803,41.6,True,False,BLACKOUT,-0.04153986273758496,-0.3014164931596288,0.16987179289133555,31.918617102136015,-69.43552021593227,0.0,76.16413808854168,76.16432752408744,-0.00045462847587104716,-0.0001538798813047831,-0.0002881788234788466,0.10153081830461862,-0.1627359720503381,0.0,0.1919217758595312,0.0004799646538477656,0.19181111454963684,0.1913311498957891,290.45062321949706,301.96000000000004,11.50937678050295,0.13283027708530426,False,0.0,0.0,True,True,True,0.4988536450239137,0.0002698340489278101
165.9429999999993,41.7,True,False,BLACKOUT,-0.0415697652550032,-0.3014445186315266,0.16984584009798837,31.918617102136015,-69.43552021593227,0.0,76.16412519761953,76.16431457531841,-6.664045222748982e-05,0.00028229567635879444,-5.021395225316094e-05,0.09345563956270114,-0.14979288655186945,0.0,0.176830362720961,0.0002900548202736055,0.1765555590391159,0.1762655042188423,290.4859699979281,301.96000000000004,11.474030002071869,0.12133970111608505,False,0.0,0.0,True,True,True,0.4988641824348688,0.00026984285988007736
166.04300000000512,41.8,True,False,BLACKOUT,-0.041536880214697966,-0.3013152062571185,0.17009962819626007,31.918617102136015,-69.43552021593227,0.0,76.16422877503166,76.1644187188406,-0.000614443195957556,-0.0003455629863719626,0.0011310087550908965,0.08675082673727624,-0.139046255619698,0.0,0.1639224588867285,0.0007049497986444459,0.16388888657093048,0.16318393677228604,290.68333465030776,301.96000000000004,11.276665349692259,0.15402552485466003,False,0.0,0.0,True,True,True,0.4988746563760964,0.0002698795319323237
166.14300000001094,41.9,True,False,BLACKOUT,-0.04159980355349703,-0.30133584604385694,0.17019121900179426,31.918617102136015,-69.43552021593227,0.0,76.1642364443342,76.16442659273073,0.000727582328902018,0.00032193456139897474,0.00017437980895665677,0.08498052065952985,-0.1362087676017808,0.0,0.16043437988945974,0.0007956242248408695,0.16054444015026093,0.15974881592542006,290.61938098449616,301.96000000000004,11.340619015503854,0.15355810523033142,False,0.0,0.0,True,True,True,0.49888518433254786,0.0002698488015510064
166.2430000000022,42.0,True,False,BLACKOUT,-0.04157601244288822,-0.30147232755435516,0.16981671335443865,31.918617102136015,-69.43552021593227,0.0,76.16410257696015,76.1642918897684,0.00012134195512398544,8.878350613525501e-05,-0.0017225884983969864,0.08054741212052077,-0.12910327747231262,0.0,0.1521806209151097,0.00015035418529252905,0.15216945111751556,0.15201909693222304,290.60330001628415,301.96000000000004,11.356699983715838,0.177066370844841,True,[0.17711253],0.0034853917510104053,True,True,True,0.4988957058544318,0.00026978122643988043
166.34300000000803,42.1,True,False,BLACKOUT,-0.041622492207321504,-0.3015318022084138,0.16973009411799847,31.918617102136015,-69.43552021593227,0.0,76.16406809589897,76.16425721571494,0.0004297374006032748,0.0011656774075365355,9.54925418866602e-06,0.08050035476913452,-0.12902785284806717,0.0,0.15284521283375066,0.0012423679213173359,0.15208055078983307,0.15083818286851575,290.8233624088022,301.96000000000004,11.136637591197806,0.1349765956401825,False,0.0,0.0,True,True,True,0.4989061901174293,0.0002698499760529623
166.4429999999993,42.2,True,False,BLACKOUT,-0.04164385383529261,-0.3013881341738648,0.17001903179671468,31.918617102136015,-69.43552021593227,0.0,76.164207466971,76.164397230878,0.0006751350447358254,0.0005051026090860191,0.001313899254704488,0.074999763701704,-0.12021137673611416,0.0,0.14176254375009065,0.0008431701929835689,0.14168888330459595,0.14084571311161237,291.00752179790044,301.96000000000004,10.95247820209959,0.15779873728752136,False,0.0,0.0,True,True,True,0.4989166332082463,0.0002698880817248883
166.54300000000512,42.3,True,False,BLACKOUT,-0.04170434510972581,-0.3016216395339069,0.16978613362108275,31.918617102136015,-69.43552021593227,0.0,76.16402089821028,76.16421014304673,0.0008421545551756789,0.002550942114584297,-0.0013433562102747867,0.06843169799344027,-0.10968392728408738,0.0,0.1310153131932674,0.0026863599845819157,0.12928055226802826,0.12659419228344634,290.80727848883913,301.96000000000004,11.15272151116089,0.15928371250629425,False,0.0,0.0,True,True,True,0.4989269977554269,0.0002698177345687114
166.64300000001094,42.4,True,False,BLACKOUT,-0.04179157032547627,-0.30136365592496484,0.17013212054942742,31.918617102136015,-69.43552021593227,0.0,76.16429167119165,76.16448168741645,0.0025272885877999666,0.0005256439658223851,0.0018818646546041237,0.06908453789614527,-0.11073031436077965,0.0,0.12964472877315084,0.0025813735074237966,0.13051389157772064,0.12793251807029685,290.7644387182954,301.96000000000004,11.195561281704611,0.14010915160179138,False,0.0,0.0,True,True,True,0.4989371295018561,0.0002699295120748896
166.74400000000605,42.5,True,False,BLACKOUT,-0.04191598043017451,-0.3014026359462218,0.17036569653159064,31.918617102136015,-69.43552021593227,0.0,76.16430849476114,76.16449903305147,0.003588852889979932,0.0024109693079516934,0.0005853273618263872,0.05446187610745293,-0.08729276978188469,0.0,0.10312528932314802,0.004323498360101733,0.10288888961076736,0.09856539125066563,291.1778749255833,301.96000000000004,10.782125074416745,0.13108347356319427,False,0.0,0.0,True,True,True,0.4989470225242645,0.0002699229788396023
166.84300000000803,42.6,True,False,BLACKOUT,-0.04183837720978967,-0.3012778366976029,0.17054796054463014,31.918617102136015,-69.43552021593227,0.0,76.16438921043095,76.16458015642742,0.001750089441353395,0.0009136316405717995,0.0006466183166513635,0.04319455885808909,-0.06923324996718665,0.0,0.08147532782706444,0.0019742177760800747,0.08160277456045151,0.07962855678437143,291.1172113371779,301.96000000000004,10.842788662822157,0.1541775017976761,False,0.0,0.0,True,True,True,0.49895735072233804,0.00026986704104647755
166.94200000001,42.7,True,False,BLACKOUT,-0.04179810676266649,-0.3014146521896055,0.1705250636017779,31.918617102136015,-69.43552021593227,0.0,76.16424812485131,76.16443901993392,0.0008547256440495875,0.0027727099630930176,-0.00032472040368987213,0.033203512541415875,-0.05321936707632253,0.0,0.06466495731784769,0.0029014610915935554,0.06272777915000916,0.0598263180584156,290.8319077222409,301.96000000000004,11.128092277759134,0.1302177757024765,False,0.0,0.0,True,True,True,0.49896770729159756,0.0002698471971713293
167.04400000000896,42.8,True,False,BLACKOUT,-0.041677673615656684,-0.3015199018352218,0.17033413306419154,31.918617102136015,-69.43552021593227,0.0,76.16410205328039,76.16429252149197,-0.0007168105328516761,0.0031032769511877317,-0.0008415328276611669,0.02226114420819944,-0.03568068299031226,0.0,0.04507972884596435,0.0031849874687006428,0.04205555468797684,0.038870567219276196,290.73966912476044,301.96000000000004,11.220330875239588,0.13250978291034698,False,0.0,0.0,True,True,True,0.49897794318569466,0.00026983409807561435
167.14300000001094,42.9,True,False,BLACKOUT,-0.04184184620416476,-0.30123558783952126,0.17078677923467045,31.918617102136015,-69.43552021593227,0.0,76.16442901530004,76.16462049633438,0.0015737489812580716,0.001136911078681064,0.002213102823555552,0.013494900339112402,-0.02162994213066432,0.0,0.025699094434488392,0.001941456323700989,0.025494445115327835,0.023552988791626844,290.91025280630055,301.96000000000004,11.049747193699462,0.12385603040456772,False,0.0,0.0,True,True,True,0.4989882895973772,0.0002699155192320968
167.2430000000022,43.0,True,False,BLACKOUT,-0.04180083600329901,-0.30099208620579615,0.171658541143917,31.918617102136015,-69.43552021593227,0.0,76.16463283244053,76.16482627273055,0.0009868106215558442,0.0019786530119793064,0.0034586424051406637,0.009917531036514528,-0.01589605087909718,0.0,0.01998156165878495,0.002211077326696245,0.018736111000180244,0.016525033673484,290.9766790035868,301.96000000000004,10.983320996413218,0.1320198029279709,True,[0.13350491],0.0019803752771209485,True,True,True,0.4989988126125562,0.0002699515673825314
167.34300000000803,43.1,True,False,BLACKOUT,-0.04164197662980771,-0.30116531378390615,0.1711555780044767,31.918617102136015,-69.43552021593227,0.0,76.16440893303144,76.16460124198065,-0.0012142939536669319,0.0002619611447744996,-0.0031070724921963395,0.0100366296750088,-0.016086944964547052,0.0,0.01984615865777822,0.0012422292249354124,0.018961111083626747,0.017718881858691336,290.8123371226845,301.96000000000004,11.147662877315511,0.11811258643865585,False,0.0,0.0,True,True,True,0.49900927547821217,0.00026973055278681554
167.4429999999993,43.2,True,False,BLACKOUT,-0.04156864308129483,-0.3014482493015241,0.17015473829077044,31.918617102136015,-69.43552021593227,0.0,76.16412134040587,76.16431140758138,-0.001634100522938419,-0.0004948777273226941,-0.003886858998483821,0.008275146850647326,-0.013263599063675894,0.0,0.01616271722441364,0.001707392305261942,0.01563333347439766,0.013925941169135717,290.83183657560414,301.96000000000004,11.128163424395897,0.14705003798007965,False,0.0,0.0,True,True,True,0.49901967269982683,0.00026972626346641023
167.54300000000512,43.3,True,False,BLACKOUT,-0.0416539964864534,-0.30160930302680816,0.169760776427169,31.918617102136015,-69.43552021593227,0.0,76.1640109685079,76.16420015684669,7.373001641099337e-05,0.0010273807245305307,-0.0009498409953531467,0.006359276811020263,-0.01019279772052699,0.0,0.012860812682181335,0.001030022945597254,0.012013888917863369,0.010983865972266115,290.7507923179473,301.96000000000004,11.209207682052735,0.160230353474617,False,0.0,0.0,True,True,True,0.4990302800831793,0.00026981398786994246
167.64300000001094,43.4,True,False,BLACKOUT,-0.041844903478584654,-0.3015982689248059,0.17003820436339748,31.918617102136015,-69.43552021593227,0.0,76.1641010935418,76.16429090051452,0.002516431855833746,0.0027276680656028087,0.0014235020114403254,0.006287229608221076,-0.010077318777514275,0.0,0.01334865550315128,0.003711145693874634,0.011877777986228466,0.008166632292353832,290.23872120537294,301.96000000000004,11.721278794627096,0.16097895801067352,False,0.0,0.0,True,True,True,0.49904052384732756,0.00026993435800502764
167.7430000000022,43.5,True,False,BLACKOUT,-0.041740750742257936,-0.3016288002462949,0.1698016340022443,31.918617102136015,-69.43552021593227,0.0,76.16402967516817,76.16421895453801,0.00020463162250348223,0.0008340867284809973,-0.001472249742403284,0.008084001009353865,-0.012957226035213303,0.0,0.015883474735726825,0.0008588217344458281,0.015272222459316254,0.014413400724870426,290.26229574335366,301.96000000000004,11.697704256646325,0.13427232205867767,False,0.0,0.0,True,True,True,0.49905101358774206,0.00026979176020793953
167.84300000000803,43.6,True,False,BLACKOUT,-0.04165585665375579,-0.30176160088447934,0.16968338075768946,31.918617102136015,-69.43552021593227,0.0,76.1638735086658,76.16406252487947,-0.001083310770413622,0.0028137251401539175,-0.00021804209105256414,0.005519705158585594,-0.008847112624648578,0.0,0.013400558075530342,0.0030150640772010698,0.010427777655422688,0.007412713578221618,289.99481572496506,301.96000000000004,11.965184275034925,0.1751568466424942,False,0.0,0.0,True,True,True,0.4990614205298076,0.000269860735955174
167.94400000000314,43.7,True,False,BLACKOUT,-0.04162938618725987,-0.301847612965515,0.16958311225298095,31.918617102136015,-69.43552021593227,0.0,76.16378432804254,76.16397312115839,-0.0006702074343274411,0.0033470914295540568,-0.0004678000324700824,0.003934664725106431,-0.006306572717766068,0.0,0.010695703767119915,0.003413531755062781,0.007433333434164524,0.0040198016791017435,289.76838600880035,301.96000000000004,12.191613991199635,0.18485930562019348,False,0.0,0.0,True,True,True,0.4990717249774368,0.0002698541196483462
168.04200000000128,43.8,True,False,BLACKOUT,-0.04187255792778597,-0.30195483841332155,0.1697428913309519,31.918617102136015,-69.43552021593227,0.0,76.16378904124146,76.16397819026977,0.002165251858740149,0.005986911696116547,0.0006289659874463906,0.0033377012368913748,-0.005349745666084376,0.0,0.011397124097432283,0.0063664297112961815,0.00630555534735322,6.087436394296153e-05,289.62766019981086,301.96000000000004,12.332339800189132,0.1604960709810257,False,0.0,0.0,True,True,True,0.4990812955196282,0.0002699799210180582
168.14300000001094,43.9,True,False,BLACKOUT,-0.04215662493571534,-0.30171117456446944,0.17046768631484047,31.918617102136015,-69.43552021593227,0.0,76.16412941668398,76.16432018362313,0.0037017129921870563,0.005769771447055321,0.002918140383322955,0.002753971149830911,-0.004414129419519645,0.0,0.010227905526547405,0.006855139796370406,0.005202777683734894,0.0016523621126355121,289.4606759887906,301.96000000000004,12.499324011209366,0.1613868772983551,False,0.0,0.0,True,True,True,0.49909066305641747,0.00027006446706147335
168.2430000000022,44.0,True,False,BLACKOUT,-0.042068383492628245,-0.3013228326277101,0.1707817410692676,31.918617102136015,-69.43552021593227,0.0,76.16444488437494,76.1646363540723,0.0006516092239859689,-0.0006305628122489422,0.0007958808593160335,0.003928783295644545,-0.0062971458249614235,0.0,0.006545993655352326,0.0009067546751877773,0.007422222290188074,0.006515467615000297,289.3542817172623,301.96000000000004,12.605718282737692,0.20918601751327515,True,[0.20836924],0.004824143956684329,True,True,True,0.4991008275645006,0.0002698671920762485
168.34400000001187,44.1,True,False,BLACKOUT,-0.04223188651334564,-0.3013433856241629,0.17077235343025385,31.918617102136015,-69.43552021593227,0.0,76.16449483899673,76.16468628751946,0.0012887785108704891,-0.00057033373122436,-0.00028475568313922686,0.004264023789023511,-0.006834477134524789,0.0,0.0069348090847754515,0.0014093369416338507,0.008055555634200573,0.0066462186925667225,289.04903946689285,301.96000000000004,12.910960533107161,0.21911267936229706,False,0.0,0.0,True,True,True,0.49911134524246625,0.0002698320231357562
168.44200000001,44.2,True,False,BLACKOUT,-0.04212742598437155,-0.3014669749616831,0.17086261095591465,31.918617102136015,-69.43552021593227,0.0,76.16433882281873,76.16453047415808,0.00044569046985697537,0.0024150763460338695,0.0004197187593176218,0.008278087935108968,-0.013268313102691233,0.0,0.017530406574123365,0.0024558570300596974,0.015638889744877815,0.013183032714818119,288.8092876620312,301.96000000000004,13.150712337968832,0.21722951531410217,False,0.0,0.0,True,True,True,0.4991220064097067,0.0002698531680140399
168.54300000000512,44.3,True,False,BLACKOUT,-0.0419897678182376,-0.30132524981243675,0.17114202589564287,31.918617102136015,-69.43552021593227,0.0,76.16440970104892,76.16460197954338,-0.0006795806613445633,0.001447699355007755,0.001244860071628471,0.010154258264246518,-0.016275482820639946,0.0,0.02077217495345273,0.0015992696138435768,0.019183333963155746,0.01758406434931217,288.81469657543823,301.96000000000004,13.145303424561773,0.28748777508735657,False,0.0,0.0,True,True,True,0.49913249744633964,0.0002698763387229675
168.64300000001094,44.4,True,False,BLACKOUT,-0.041593008721618634,-0.30110047953900076,0.17161833275944213,31.918617102136015,-69.43552021593227,0.0,76.16444723503197,76.16464058518302,-0.004393644235357988,0.00015365468718158944,0.0021973033673471642,0.006684224741219145,-0.010713631868913392,0.0,0.015518282706359387,0.004396330223014116,0.012627777643501759,0.008231447420487642,288.86337408051656,301.96000000000004,13.09662591948341,0.23174671828746796,False,0.0,0.0,True,True,True,0.4991422596562085,0.0002699829132771327
168.74400000000605,44.5,True,False,BLACKOUT,-0.04148588757208365,-0.30095794281681354,0.1720091758936906,31.918617102136015,-69.43552021593227,0.0,76.16453166538889,76.16472589699657,-0.0033766748381939306,-0.0005118876176381022,0.0014746346454238475,0.008722134503802123,-0.013980041336527508,0.0,0.01810448430885579,0.003415254294482802,0.016477778553962708,0.013062524259479905,288.73411077958633,301.96000000000004,13.225889220413643,0.449998140335083,False,0.0,0.0,True,True,True,0.4991523897460678,0.00026992068305527287
168.8420000000042,44.6,True,False,BLACKOUT,-0.04132864451621726,-0.30105827015146147,0.1717843360158983,31.918617102136015,-69.43552021593227,0.0,76.16437461609968,76.16456834066395,-0.0035020919359174895,-0.0008907387682468296,-0.0013837776532682658,0.006992999171750322,-0.011208542753468874,0.0,0.014717473167487411,0.0036135942606878527,0.013211111538112164,0.00959751727742431,288.6780328617523,301.96000000000004,13.281967138247738,0.3216278851032257,False,0.0,0.0,True,True,True,0.49916256960298755,0.0002698302397092399
168.94400000000314,44.7,True,False,BLACKOUT,-0.04113219410517321,-0.3009366171231685,0.17206951206855692,31.918617102136015,-69.43552021593227,0.0,76.1644026068564,76.16459697507956,-0.004558594729335932,-0.0009288962905871272,0.0017622805322668285,0.003293590639170797,-0.005279044167587214,0.0,0.008976669850961409,0.004652271942287538,0.006222222000360489,0.0015699500580729506,288.76133343004835,301.96000000000004,13.19866656995167,0.5525299310684204,False,0.0,0.0,True,True,True,0.49917250085316217,0.00026995967136919034
169.04300000000512,44.8,True,False,BLACKOUT,-0.04108297191384329,-0.30091104134764785,0.1724744231145965,31.918617102136015,-69.43552021593227,0.0,76.16440516767517,76.16460045173487,-0.0037449541598051188,0.0005000745651940136,0.0014995157770600843,0.0030068718772306067,-0.00481948462489333,0.0,0.00859563056507411,0.0037781948374581804,0.00568055547773838,0.0019023606402802,288.9869328970672,301.96000000000004,12.97306710293281,0.32980406284332275,False,0.0,0.0,True,True,True,0.49918281432075073,0.0002699163281518785
169.14300000001094,44.9,True,False,BLACKOUT,-0.04099952539711425,-0.3008449968490194,0.17255366655452653,31.918617102136015,-69.43552021593227,0.0,76.16443010111095,76.16462556459433,-0.0033218611063506693,-0.0011186480451025069,-3.6945397468434284e-05,0.004706599815485846,-0.007543848348853395,0.0,0.01028296570629196,0.003505158292958672,0.008891666308045387,0.005386508015086715,288.98515021126684,301.96000000000004,12.97484978873318,0.5378093123435974,False,0.0,0.0,True,True,True,0.4991931184699526,0.00026985372694022874
169.2430000000022,45.0,True,False,BLACKOUT,-0.04082344502450581,-0.3007044400143615,0.17296590874516596,31.918617102136015,-69.43552021593227,0.0,76.1644837995873,76.16468019799719,-0.004894970560704593,-0.0011679699577776658,0.0018918760940813191,0.007126801260655745,-0.011423003873392687,0.0,0.01580154164425952,0.005032384187682396,0.013463889248669147,0.008431505060986753,288.8271830562433,301.96000000000004,13.132816943756715,0.3331546187400818,True,[0.33360557],0.012365726205586245,True,True,True,0.4992030603089177,0.0002699612465104922
169.34300000000803,45.1,True,False,BLACKOUT,-0.040572883741635625,-0.3005910856930602,0.1732115923135244,31.918617102136015,-69.43552021593227,0.0,76.16448155404605,76.16467851079221,-0.006516266680184372,-0.002969899904064513,0.0004771535860658406,0.007281187982947069,-0.011670458525519739,0.0,0.01631163619955234,0.007161147735345463,0.013755555264651775,0.006594407529306312,288.6608526567926,301.96000000000004,13.299147343207407,0.37710800766944885,False,0.0,0.0,True,True,True,0.49921241324355037,0.00026998393654484754
169.4429999999993,45.2,True,False,BLACKOUT,-0.040405451186712966,-0.3007533635930484,0.17301013581049662,31.918617102136015,-69.43552021593227,0.0,76.16426399756709,76.16446049699418,-0.006557200165538273,-0.0029969672103156227,-0.001531679769462959,0.005402077062322141,-0.008658575558706375,0.0,0.013231708918480203,0.007209624572100975,0.010205555707216263,0.002995931135115288,289.0104989783026,301.96000000000004,12.94950102169737,0.3374549150466919,False,0.0,0.0,True,True,True,0.49922199432210623,0.0002699151864112145
169.54200000000128,45.3,True,False,BLACKOUT,-0.04068319786632087,-0.3010527220535704,0.17274753694377426,31.918617102136015,-69.43552021593227,0.0,76.16410881332428,76.16430471710105,-0.0027132477076922444,0.0010350109808012805,-0.0011214324536410268,0.0140124641598613,-0.02245950553687029,0.0,0.02883993314617015,0.0029039560695155926,0.026472222059965134,0.02356826599044954,289.0023800367213,301.96000000000004,12.957619963278663,0.3275161385536194,False,0.0,0.0,True,True,True,0.49923269897353556,0.0002698038342946432
169.64300000001094,45.4,True,False,BLACKOUT,-0.04085987197535368,-0.301039135907112,0.17268784231124362,31.918617102136015,-69.43552021593227,0.0,76.16419528008623,76.16439104827133,-0.0001737715228338245,0.000713279827438384,-2.42733040111441e-05,0.019962982978959723,-0.031997136380388876,0.0,0.03841171970056523,0.0007341421213760435,0.03771388903260231,0.03697974691122627,289.0327377317576,301.96000000000004,12.92726226824242,0.32495149970054626,False,0.0,0.0,True,True,True,0.49924326152493503,0.000269836560527328
169.7430000000022,45.5,True,False,BLACKOUT,-0.04098114372782201,-0.3009771953095053,0.17298172310853951,31.918617102136015,-69.43552021593227,0.0,76.16430239099788,76.16449882579083,8.96880988609853e-05,0.0018411559953286929,0.0015017914587510017,0.012574459216442152,-0.02015463755502855,0.0,0.02529198378475532,0.0018433391858830776,0.023755555972456932,0.021912216786573853,289.0899289380476,301.96000000000004,12.87007106195241,0.31302782893180847,False,0.0,0.0,True,True,True,0.49925380552306337,0.00026989685487416635
169.84300000000803,45.6,True,False,BLACKOUT,-0.041177160150499506,-0.3010498862793074,0.17300413757345645,31.918617102136015,-69.43552021593227,0.0,76.16431866070457,76.16451514636569,-0.0005723132774128223,0.0028615894442582507,-0.0002993494631576036,0.009114718503081994,-0.014609284159554306,0.0,0.019976736700390053,0.0029182591788587337,0.01721944473683834,0.014301185557979608,288.8553890262388,301.96000000000004,13.104610973761188,0.27389955520629883,False,0.0,0.0,True,True,True,0.4992642321865041,0.0002698500283170289
169.94200000001,45.7,True,False,BLACKOUT,-0.04134561652049474,-0.300985089627113,0.1730687552865466,31.918617102136015,-69.43552021593227,0.0,76.16444816387916,76.16464479600945,0.00045386410666189416,0.002253615073549468,0.0004226958520610813,0.008034008982171402,-0.012877097643911496,0.0,0.01692326988711248,0.0022988635294521886,0.015177777968347073,0.012878914438894884,288.9766350580509,301.96000000000004,12.983364941949157,0.197719544172287,False,0.0,0.0,True,True,True,0.49927465663354276,0.00026986327811588293
170.04400000000896,45.8,True,False,BLACKOUT,-0.041512260924263175,-0.30084720575856366,0.17330884244787234,31.918617102136015,-69.43552021593227,0.0,76.16464324821058,76.16484042576378,0.0016259205199796274,0.0014700503501599005,0.0011868676498418263,0.009033849032846413,-0.01447966467979695,0.0,0.01758609719035398,0.0021919547370545926,0.01706666685640812,0.014874712119353527,289.02788104161016,301.96000000000004,12.93211895838985,0.18060986697673798,False,0.0,0.0,True,True,True,0.4992850366059024,0.0002698962478532342
170.14300000001094,45.9,True,False,BLACKOUT,-0.04133351578606122,-0.3006914754277963,0.17344140111309392,31.918617102136015,-69.43552021593227,0.0,76.16470960017442,76.16490707930078,-0.0004794177757974216,-0.0011037447455080817,0.0003667850773429366,0.0104792061944454,-0.016796316969026347,0.0,0.019140226286842,0.0012033677189401612,0.019797222688794136,0.018593854969853975,288.97329219466565,301.96000000000004,12.986707805334346,0.18200203776359558,False,0.0,0.0,True,True,True,0.49929553680929295,0.0002698468954906375
170.24200000001292,46.0,True,False,BLACKOUT,-0.04113725101924381,-0.300719417495177,0.17340282701325485,31.918617102136015,-69.43552021593227,0.0,76.16460188140948,76.16479927298451,-0.0024873302047032928,-0.001303314061094789,-0.0003881583428665025,0.005975514586202522,-0.009577694644094142,0.0,0.01183575582661616,0.002808102400034001,0.01128888875246048,0.00848078635242648,289.1583368610345,301.96000000000004,12.801663138965473,0.16960741579532623,True,[0.16919828],0.00318086262735453,True,True,True,0.49930600639588557,0.0002698396434561896
170.3420000000042,46.1,True,False,BLACKOUT,-0.04120465429954854,-0.300918460386858,0.17315806572510864,31.918617102136015,-69.43552021593227,0.0,76.164449493192,76.16464632831115,-0.0014768766979212841,0.000719210385953091,-0.001217812169905282,0.0012762663726786838,-0.0020456296149400453,0.0,0.003901812014658238,0.001642689368117317,0.0024111110251396894,0.0007684216570223725,289.18750459726834,301.96000000000004,12.772495402731693,0.17508850991725922,False,0.0,0.0,True,True,True,0.4993167298419039,0.0002697948248404312
170.4429999999993,46.2,True,False,BLACKOUT,-0.04131335399651994,-0.3009747656813773,0.17309769594328397,31.918617102136015,-69.43552021593227,0.0,76.16444399700976,76.1646406949181,-0.0009408038351444611,0.001689761898119298,-4.997293904487365e-05,0.007054753564882293,-0.011307524140229282,0.0,0.015259697981931802,0.0019340132182997765,0.01332777738571167,0.011393764167411894,289.12652663623,301.96000000000004,12.833473363770059,0.17657378315925598,False,0.0,0.0,True,True,True,0.49932733312808125,0.0002698425608652545
170.54200000000128,46.3,True,False,BLACKOUT,-0.041325382956306306,-0.30079263599795286,0.1732243569114395,31.918617102136015,-69.43552021593227,0.0,76.16461436390354,76.16481134933618,0.00014208616899209623,-0.0008920794294551867,0.0006745124537350264,0.012718553622040525,-0.02038559544105398,0.0,0.023198377100393144,0.0009033239661804296,0.024027777835726738,0.02312445386954631,289.17711130734847,301.96000000000004,12.78288869265153,0.17164207994937897,False,0.0,0.0,True,True,True,0.49933780618936285,0.00026986461761959374
170.64300000001094,46.4,True,False,BLACKOUT,-0.041274316828521784,-0.30075851605090087,0.173372080174547,31.918617102136015,-69.43552021593227,0.0,76.1646239064527,76.16482122797618,-0.00010816849230032603,-0.0006720699663681153,0.0005858001273505509,0.010586541481041637,-0.016968356478716244,0.0,0.0194921978110843,0.000680719077461889,0.019999999552965164,0.019319280475503277,289.1597592911453,301.96000000000004,12.8002407088547,0.17936180531978607,False,0.0,0.0,True,True,True,0.4993484572006705,0.0002698563159061264
170.7430000000022,46.5,True,False,BLACKOUT,-0.041195235962144146,-0.3007228921405195,0.1734845797950616,31.918617102136015,-69.43552021593227,0.0,76.16462305879426,76.1648206364831,-0.0009083366335986254,-0.0007711174041511648,0.000407195465325584,0.01785743665432149,-0.028622317447983672,0.0,0.03358338266129831,0.001191510592031021,0.03373610973358154,0.03254459914155052,289.2199775050244,301.96000000000004,12.74002249497561,0.19581252336502075,False,0.0,0.0,True,True,True,0.4993591045684195,0.00026984776901009506
170.84300000000803,46.6,True,False,BLACKOUT,-0.04132030609712953,-0.3009848071748891,0.1733593958920563,31.918617102136015,-69.43552021593227,0.0,76.16443779955911,76.16463509269282,-0.001005266000212293,0.003126650060683551,-0.000778467842841662,0.027495602133024193,-0.04407059467207601,0.0,0.05513510129411331,0.003284280793896173,0.05194444581866264,0.04866016502476647,289.21760130393614,301.96000000000004,12.742398696063884,0.22459356486797333,False,0.0,0.0,True,True,True,0.49936966523160864,0.00026983819577971113
170.9429999999993,46.7,True,False,BLACKOUT,-0.04143385456657452,-0.3009181247370817,0.17323176589558265,31.918617102136015,-69.43552021593227,0.0,76.16454597424524,76.16474297670564,0.00025318811928035366,0.0010319328094258863,-0.00046732498641961735,0.03204781522621872,-0.05136698836880235,0.0,0.06129066204171265,0.0010625391978248732,0.0605444461107254,0.05948190691290053,289.07490638852073,301.96000000000004,12.885093611479256,0.22856168448925018,False,0.0,0.0,True,True,True,0.49938017597562345,0.000269825566499114
171.04300000000512,46.8,True,False,BLACKOUT,-0.041379408439769526,-0.30060440554488815,0.17372105504038662,31.918617102136015,-69.43552021593227,0.0,76.16480789095031,76.16500600715746,-0.00012746617852790938,-0.0011742494444230496,0.0026746432665760394,0.05312973738732199,-0.08515758666067724,0.0,0.09944611938951384,0.0011811474863014989,0.10037222504615784,0.09919107755985634,289.19902083990735,301.96000000000004,12.760979160092633,0.20950452983379364,False,0.0,0.0,True,True,True,0.4993906360608878,0.0002699313241625816
171.14300000001094,46.9,True,False,BLACKOUT,-0.04127925303511638,-0.3004312548109087,0.17426480708766048,31.918617102136015,-69.43552021593227,0.0,76.16492303347681,76.1651223915411,-0.0006472412475097489,-0.0014515041651180284,0.0021425107035371203,0.0789564855743242,-0.1265533031661939,0.0,0.1482808599827731,0.0015892720263796757,0.1491638869047165,0.1475746148783368,289.3491450683668,301.96000000000004,12.610854931633227,0.2773231565952301,False,0.0,0.0,True,True,True,0.4994012409651953,0.00026990655415616083
171.2430000000022,47.0,True,False,BLACKOUT,-0.041295683217851716,-0.3007336166871401,0.17413074079193033,31.918617102136015,-69.43552021593227,0.0,76.16465547332693,76.16485452546652,-0.0010735874310810031,0.002601911735548899,-0.0012779836972830918,0.09471720408713503,-0.1518149517003253,0.0,0.18171528128657688,0.0028146997445131143,0.17893889546394348,0.17612419571943036,289.1506209315806,301.96000000000004,12.809379068419423,0.3029422163963318,True,[0.30576732],0.010388077181736744,True,True,True,0.4994119050992885,0.0002698045277518256
171.34300000000803,47.1,True,False,BLACKOUT,-0.04135236647267224,-0.3008905526621684,0.17373367580768717,31.918617102136015,-69.43552021593227,0.0,76.16453680757145,76.16473495327097,-0.0004760950512705267,0.002875546041556494,-0.0017733204188552264,0.12462417800327877,-0.1997505495079356,0.0,0.23813318314748724,0.002914692356828677,0.23543888330459595,0.23252419094776727,289.2012712150834,301.96000000000004,12.758728784916613,0.36993154883384705,False,0.0,0.0,True,True,True,0.4994223577918134,0.0002697963727416699
171.4429999999993,47.2,True,False,BLACKOUT,-0.04127482945519129,-0.3006393727092392,0.17381598878229992,31.918617102136015,-69.43552021593227,0.0,76.16473226819376,76.16493060118673,-0.0011262462645019917,-0.0008147747465330476,0.0008903047343013325,0.1910503225999825,-0.3062199288649338,0.0,0.3608381102137219,0.001390067817012063,0.36093056201934814,0.3595404942023361,289.2392344470356,301.96000000000004,12.720765552964412,0.42013609409332275,False,0.0,0.0,True,True,True,0.4994328058845557,0.00026987002768820705
171.54300000000512,47.3,True,False,BLACKOUT,-0.04136566373905266,-0.30086850028283424,0.17363804668381908,31.918617102136015,-69.43552021593227,0.0,76.16456240430442,76.16476033186501,2.337315245406521e-05,0.001864000987086278,-0.001189246301712598,0.23600342319797143,-0.37827181069397625,0.0,0.44742576964442393,0.0018641475220899926,0.4458555579185486,0.4439914103964586,289.0521482216936,301.96000000000004,12.907851778306425,0.43909040093421936,False,0.0,0.0,True,True,True,0.4994435305956411,0.0002698026973874982
171.64300000001094,47.4,True,False,BLACKOUT,-0.041306001450821195,-0.3006969943961013,0.17377175220422839,31.918617102136015,-69.43552021593227,0.0,76.16469304513896,76.16489127729457,-0.0006946578407122195,-0.0001126443081977578,0.0010049293767728307,0.25668540519782085,-0.4114213755342312,0.0,0.48520033927491096,0.0007037316646508914,0.484927773475647,0.4842240418109961,289.21053128022555,301.96000000000004,12.749468719774477,0.4733015298843384,False,0.0,0.0,True,True,True,0.49945408180200873,0.00026987081484324183
171.7430000000022,47.5,True,False,BLACKOUT,-0.04149958611176863,-0.30101717615005213,0.17345828832631896,31.918617102136015,-69.43552021593227,0.0,76.16448364745914,76.1646811656286,0.0006444681318697907,0.00322026286031219,-0.001937029582184491,0.3329129193332124,-0.5336006194026865,0.0,0.6313311201717869,0.0032841181559897913,0.6289361119270325,0.6256519937710426,289.1535035446362,301.96000000000004,12.806496455363822,0.6070069074630737,False,0.0,0.0,True,True,True,0.49946463714542316,0.00026980522412198667
171.84300000000803,47.6,True,False,BLACKOUT,-0.04069450855568497,-0.29912243483382545,0.17212256501925527,31.918617102136015,-69.43552021593227,0.0,76.16586569307519,76.16606017743702,0.01841696401560138,0.03667714060123477,-0.02235847940774146,0.35339641806281646,-0.5664320506116118,0.0,0.6898926953948594,0.04104140843385738,0.6676333546638489,0.6265919462299915,288.92055367064825,301.96000000000004,13.039446329351744,0.8042062520980835,False,0.0,0.0,True,False,False,0.49948048424289204,0.002786414941634322
171.9429999999993,47.7,True,False,BLACKOUT,-0.040187827539977655,-0.2945943433575338,0.17060479823085495,31.918617102136015,-69.43552021593227,0.0,76.16976331228788,76.16995437209567,0.027869907990666028,0.0667593196405578,-0.012744559632650114,0.3902875516291749,-0.6255620229806723,0.0,0.781444425323613,0.07234319961322112,0.7373277544975281,0.664984554884307,288.9456957258017,301.96000000000004,13.01430427419828,1.0375972986221313,False,0.0,0.0,True,False,False,0.4995361682542283,0.004754280194820151
172.04300000000512,47.8,True,False,BLACKOUT,-0.0407351715987757,-0.2887296766141305,0.16997601062736098,31.918617102136015,-69.43552021593227,0.0,76.17531647223407,76.1755061124585,0.02200408877901871,0.07118089805165302,-0.0031071657864391406,0.4611674071453471,-0.7391699144447668,0.0,0.9217010684121685,0.07450436343218267,0.871233344078064,0.7967289806458813,288.95159590769606,301.96000000000004,13.008404092303937,1.0804468393325806,False,0.0,0.0,True,False,False,0.49966001419566675,0.006570617993200002
172.14300000001094,47.9,True,False,BLACKOUT,-0.0427279790419437,-0.2812389616732047,0.1698391498614922,31.918617102136015,-69.43552021593227,0.0,76.18295212966812,76.18314144565142,0.006272992254050362,0.1009130200409486,-0.0004022732253533785,0.4742506128448444,-0.7601399827707636,0.0,0.9800078198794577,0.1011078040786381,0.8959500193595886,0.7948422152809506,288.75390858078964,301.96000000000004,13.206091419210358,0.49376702308654785,False,0.0,0.0,True,False,False,0.49988419265270095,0.008531566732314113
172.24400000000605,48.0,True,False,BLACKOUT,-0.041905086525655874,-0.29716171256179424,0.17045932885935977,31.918617102136015,-69.43552021593227,0.0,76.16815341802975,76.16834415618676,0.0018030746315940397,0.0019159860736472642,-5.5864780108282516e-05,0.5259099933596691,-0.8429408470204303,0.0,0.994218854520669,0.00263098475128767,0.9935444593429565,0.9909134745916689,288.7274537151533,301.96000000000004,13.232546284846707,0.2996443510055542,True,[0.30088362],0.010058884165262037,True,True,True,0.4997156880589946,0.0002836164008093783
172.34300000000803,48.1,True,False,BLACKOUT,-0.04175875918275791,-0.2973415517971408,0.17044863121093665,31.918617102136015,-69.43552021593227,0.0,76.16792877708201,76.16811949186169,-0.00012349895608989266,0.001364421278510533,-0.00043682896217484376,0.5257688370806869,-0.8427145984325161,0.0,0.9945009505367733,0.001369999057447709,0.9932777881622314,0.9919077891047837,288.68421488100404,301.96000000000004,13.275785118995989,0.2612711191177368,False,0.0,0.0,True,True,True,0.4997299044914393,0.00026989707418377057
172.44200000001,48.2,True,False,BLACKOUT,-0.04164203954957588,-0.2972482409271598,0.1704080792514355,31.918617102136015,-69.43552021593227,0.0,76.1679645001327,76.16815512408678,-0.0022939510694401236,-0.001107761605074537,0.00023987527702172169,0.5557640100084299,-0.8907915636803396,0.0,1.0502218601788333,0.0025474197303669453,1.0499444007873535,1.0473969810569865,288.5851747217218,301.96000000000004,13.374825278278232,0.24702589213848114,False,0.0,0.0,True,True,True,0.4997406453168265,0.0002698883062549771
172.54300000000512,48.3,True,False,BLACKOUT,-0.04168625502760041,-0.2972452986890859,0.17049812858793692,31.918617102136015,-69.43552021593227,0.0,76.16798572375549,76.16817654917357,-0.0018307988179274406,-0.00027906173223280086,0.0005888579181600867,0.577473807855487,-0.9255885358179754,0.0,1.0916920124952243,0.0018519448593630659,1.0909583568572998,1.0891064119979368,288.3905699151808,301.96000000000004,13.569430084819242,0.2398482710123062,False,0.0,0.0,True,True,True,0.49975132025722613,0.00026987661075492347
172.64300000001094,48.4,True,False,BLACKOUT,-0.04168263561737983,-0.29720183221780827,0.1706521088327548,31.918617102136015,-69.43552021593227,0.0,76.16802365989884,76.16821483005334,-0.0016603267861996192,-0.0012876821778103828,0.0009008184470371935,0.5545642131874331,-0.8888685012527129,0.0,1.0474662043515075,0.0021011450278413542,1.047677755355835,1.0455766103279935,288.5239111763335,301.96000000000004,13.436088823666484,0.3619365990161896,False,0.0,0.0,True,True,True,0.49976189831655105,0.00026989109263089294
172.7430000000022,48.5,True,False,BLACKOUT,-0.0416769012312838,-0.29721928972051154,0.17073258406686817,31.918617102136015,-69.43552021593227,0.0,76.16800540742214,76.16819675796684,-0.0028241756211338995,-0.0005138026170796209,0.0003814609027140438,0.5573578707374484,-0.893346240963364,0.0,1.0540178784185117,0.0028705332376276213,1.0529555082321167,1.0500849749944892,288.5071849845344,301.96000000000004,13.452815015465639,0.432997465133667,False,0.0,0.0,True,True,True,0.4997725063349788,0.00026987788501549293
172.84300000000803,48.6,True,False,BLACKOUT,-0.0417071361586958,-0.29728786459388123,0.17057255273465033,31.918617102136015,-69.43552021593227,0.0,76.16795584814248,76.16814684026603,-0.0026258601857792542,-3.041208699842917e-05,-0.0008861314330732943,0.5616895448918066,-0.9002891496868992,0.0,1.0625053745900992,0.00262603629264644,1.0611388683319092,1.0585128320392627,288.3548850726869,301.96000000000004,13.605114927313133,0.6654418110847473,False,0.0,0.0,True,True,True,0.4997830969594108,0.000269831818549785
172.94400000000314,48.7,True,False,BLACKOUT,-0.04186201018548177,-0.2972364616387632,0.1706791478979263,31.918617102136015,-69.43552021593227,0.0,76.16806749273836,76.16825872336766,0.00039434093841396087,0.0004806129375042927,0.0007854979365465052,0.5706028350963874,-0.9145755798549031,0.0,1.0781769626446482,0.0006216860714264945,1.0779777765274048,1.0773560904559782,288.1387370055214,301.96000000000004,13.821262994478557,0.636386513710022,False,0.0,0.0,True,True,True,0.49979377484160037,0.00026986507720912656
173.04300000000512,48.8,True,False,BLACKOUT,-0.04189819304172348,-0.2972188018880328,0.1707210116481103,31.918617102136015,-69.43552021593227,0.0,76.16809870511749,76.1682900294889,0.0014049175778248304,-6.987799063522716e-05,-7.0368538973729286e-06,0.5881735421433348,-0.9427383203768778,0.0,1.110369853267552,0.0014066543051000147,1.1111721992492676,1.1097655449441675,288.1557158538484,301.96000000000004,13.804284146151652,0.4021923243999481,False,0.0,0.0,True,True,True,0.49980439912246144,0.00026984301189065044
173.14300000001094,48.9,True,False,BLACKOUT,-0.04190159012292462,-0.2972874769328033,0.17063373703276036,31.918617102136015,-69.43552021593227,0.0,76.16803779375107,76.16822892271098,0.000924621988164635,0.0016883440496653936,-0.0005924056515870579,0.6169013373941177,-0.9887839030193114,0.0,1.1663886942765584,0.0019249497268858903,1.1654444932937622,1.1635195435668764,288.18510380189093,301.96000000000004,13.77489619810911,0.32621851563453674,False,0.0,0.0,True,True,True,0.4998150523538516,0.00026982614259697744
173.2430000000022,49.0,True,False,BLACKOUT,-0.04195344209669553,-0.29732486856984414,0.17044272460399545,31.918617102136015,-69.43552021593227,0.0,76.16802561050748,76.16821631182717,0.0018016724592414043,0.0022255197263101687,-0.0010552712577951533,0.6155000600193478,-0.9865379028441611,0.0,1.1637348567036851,0.0028633829123232294,1.162797212600708,1.1599338296883848,288.00811383858667,301.96000000000004,13.951886161413354,0.2720920443534851,True,[0.27365622],0.008320773113532184,True,True,True,0.4998255760959277,0.00026982719233990457
173.34400000001187,49.1,True,False,BLACKOUT,-0.041839748421512724,-0.29718822465475275,0.17043902350537463,31.918617102136015,-69.43552021593227,0.0,76.16810193665364,76.16829262950031,-0.00038299670280088403,-0.00016669845652232077,0.00029212573436106405,0.6268291607473252,-1.0046964506645102,0.0,1.1842614211078073,0.0004177018670813823,1.1842000484466553,1.1837823465795738,287.9583330449957,301.96000000000004,14.00166695500432,0.24187806248664856,False,0.0,0.0,True,True,True,0.49983617352919796,0.0002698499768607392
173.4429999999993,49.2,True,False,BLACKOUT,-0.041768639318010434,-0.2971754254462649,0.17043546578751026,31.918617102136015,-69.43552021593227,0.0,76.16808371693921,76.16827440187062,-0.0018710107779707716,-0.0007216303936596363,-1.0228856829567937e-05,0.5960546310016517,-0.9553703140669644,0.0,1.1264409360178398,0.0020053507813687244,1.1260610818862915,1.1240557311049229,287.98288792568184,301.96000000000004,13.977112074318152,0.18174044787883759,False,0.0,0.0,True,True,True,0.4998468316038991,0.00026985066290223145
173.54300000000512,49.3,True,False,BLACKOUT,-0.04179201834043149,-0.29719584329955273,0.1704762392577315,31.918617102136015,-69.43552021593227,0.0,76.16807499342237,76.16826576962197,-0.001272395509096598,0.00017401605981820988,0.00024406969204834018,0.5952312298910392,-0.9540505474940127,0.0,1.1253271048033122,0.001284239822090814,1.1245055198669434,1.1232212800448524,287.93175982535286,301.96000000000004,14.028240174647138,0.1558690220117569,False,0.0,0.0,True,True,True,0.4998575468357859,0.0002698501741876056
173.64300000001094,49.4,True,False,BLACKOUT,-0.04190146728494421,-0.29712459276122155,0.1706799537467884,31.918617102136015,-69.43552021593227,0.0,76.16818559328048,76.16837682541903,0.0011163238022189573,0.0002268730285234399,0.0010449047291524848,0.616357283108295,-0.9879118800756383,0.0,1.1640187427159874,0.0011391445046489874,1.1644166707992554,1.1632775262946065,287.63233060266714,301.96000000000004,14.3276693973329,0.12433850020170212,False,0.0,0.0,True,True,True,0.49986823567874994,0.00026987727410909216
173.74400000000605,49.5,True,False,BLACKOUT,-0.04172467135752874,-0.2969676166049092,0.17100942527238505,31.918617102136015,-69.43552021593227,0.0,76.16825389759485,76.16844586856165,-0.002162897094810402,-0.0010253007512277888,0.0016441629591282905,0.5976867307584142,-0.957986281758695,0.0,1.1294219296642094,0.002393609298362526,1.1291444301605225,1.12675082086216,287.89089979255806,301.96000000000004,14.069100207441966,0.14302656054496765,False,0.0,0.0,True,True,True,0.49987882401284056,0.0002699062525957638
173.8420000000042,49.6,True,False,BLACKOUT,-0.04156682907260913,-0.29694594262854673,0.17100138547108093,31.918617102136015,-69.43552021593227,0.0,76.16820734047653,76.16839929351053,-0.004840813829779727,-0.002831758735768947,-0.00031154749790168133,0.5000317628842831,-0.8014626134980766,0.0,0.9448320278738815,0.005608238232474652,0.9446555376052856,0.939047299372811,287.9846274032359,301.96000000000004,13.97537259676412,0.14883023500442505,False,0.0,0.0,True,True,True,0.49988906574398817,0.0002699252510247217
173.9429999999993,49.7,True,False,BLACKOUT,-0.041635245370548225,-0.2970712944804133,0.17086952795809177,31.918617102136015,-69.43552021593227,0.0,76.16812226502965,76.16831392236597,-0.0037158870648975576,-0.001382119890141539,-0.0006187008132218193,0.44856206309123786,-0.7189657739490223,0.0,0.8482226386803945,0.003964602384829763,0.8474194407463074,0.8434548383614776,287.7914862704286,301.96000000000004,14.168513729571416,0.13190360367298126,False,0.0,0.0,True,True,True,0.4998996571527966,0.0002698583065321475
174.04300000000512,49.8,True,False,BLACKOUT,-0.04158752944951696,-0.2971378747939485,0.17062728547754263,31.918617102136015,-69.43552021593227,0.0,76.16804180784911,76.16823292234629,-0.0034294525839266687,-0.0024430558382516044,-0.001199120948533059,0.4232602260134217,-0.6784113972555924,0.0,0.7993730545996776,0.004210661094675818,0.7996194362640381,0.7954087751693623,287.98469170869924,301.96000000000004,13.975308291300749,0.13455381989479065,False,0.0,0.0,True,True,True,0.4999101366595624,0.00026985260616641134
174.1420000000071,49.9,True,False,BLACKOUT,-0.041427012874918206,-0.2971770012649098,0.1704673292894118,31.918617102136015,-69.43552021593227,0.0,76.16793893957342,76.1681296961724,-0.004538625364083891,-0.003472901635751713,-0.0006450616691917096,0.33876639321051044,-0.5429827043420141,0.0,0.6394756938263195,0.005714907345452991,0.6399944424629211,0.6342795351174682,288.19180508287224,301.96000000000004,13.768194917127781,0.12641151249408722,False,0.0,0.0,True,True,True,0.4999204538382886,0.0002699134114125728
174.2430000000022,50.0,True,False,BLACKOUT,-0.041312357110363795,-0.29729140972236673,0.170346238748152,31.918617102136015,-69.43552021593227,0.0,76.16778698045414,76.16797746652391,-0.006162773726816823,-0.0027771072959141617,-0.0007565723108028844,0.3275799631784557,-0.5250528324524982,0.0,0.6198033135800887,0.006759593548503,0.6188611388206482,0.6121015452721452,288.2476230913471,301.96000000000004,13.712376908652889,0.11590520292520523,True,[0.1152038],0.0014746420963413674,True,True,True,0.4999306765467497,0.0002699444237588924
174.34300000000803,50.1,True,False,BLACKOUT,-0.041411989896674696,-0.297277105712211,0.17058276901267977,31.918617102136015,-69.43552021593227,0.0,76.16784177020817,76.16803278549703,-0.003650310447255635,-0.0014122716016450718,0.0013177497096424318,0.24412858558650885,-0.39129501115118503,0.0,0.4619555518860721,0.00391398485410416,0.46120554208755493,0.4572915572334508,288.1311081890648,301.96000000000004,13.828891810935222,0.13670240342617035,False,0.0,0.0,True,True,True,0.49994130673896087,0.0002699152997767774
174.4429999999993,50.2,True,False,BLACKOUT,-0.04139431631035033,-0.2971040841247056,0.1712966485621712,31.918617102136015,-69.43552021593227,0.0,76.16799140769179,76.16818402472268,-0.005021109342515591,-0.00052058015526675,0.0033533207329500877,0.1680554631031513,-0.2693632298363636,0.0,0.3197371892931649,0.00504802364570085,0.3174888789653778,0.31244085531967697,288.3751909200308,301.96000000000004,13.584809079969224,0.1332794576883316,False,0.0,0.0,True,True,True,0.4999518294710893,0.00026999899420069207
174.54300000000512,50.3,True,False,BLACKOUT,-0.0508401881324873,-0.2991082120120918,0.17230846163729732,31.918617102136015,-69.43552021593227,0.0,76.17013630163794,76.17033119539427,-0.18389632710022383,-0.03956197759245766,0.016882940769572793,0.14317267781287277,-0.2294805191564958,0.0,0.3782105054128646,0.1881037192401539,0.27048054337501526,0.08237682413486136,288.48497820390423,301.96000000000004,13.475021796095783,0.15672235190868378,False,0.0,0.0,True,True,True,0.49997369672399883,0.0036210037423244495
174.64300000001094,50.4,True,False,BLACKOUT,-0.06073239843247408,-0.29671814180693923,0.17375688651570834,31.918617102136015,-69.43552021593227,0.0,76.17645795601544,76.1766561236459,-0.10110668490034505,0.05881827224828447,0.02363812618443,0.089860626711179,-0.1440307158071144,0.0,0.27859688810040983,0.11697072660204763,0.16976389288902283,0.052793166286975196,288.58307080687206,301.96000000000004,13.376929193127939,0.1673322468996048,False,0.0,0.0,True,True,True,0.5000442395774608,0.005059814409169432
174.7430000000022,50.5,True,False,BLACKOUT,-0.06612489541915705,-0.2845129378937932,0.17468311265130027,31.918617102136015,-69.43552021593227,0.0,76.18979937115925,76.18999962204585,-0.12453326577683488,0.14815016830790523,0.02879473643971992,0.0710518680403143,-0.11388359716398459,0.0,0.3269789577597456,0.19353812713443425,0.13423055410385132,0.05930757303058293,288.928136473862,301.96000000000004,13.031863526137995,0.17157979309558868,False,0.0,0.0,True,False,False,0.5001808859216549,0.00684032350822695
174.84300000000803,50.6,True,False,BLACKOUT,-0.07509281527839334,-0.2631809562210049,0.17459640670861135,31.918617102136015,-69.43552021593227,0.0,76.21292536663485,76.21312535807391,-0.13100074707870654,0.26281664279941264,0.02884581276114271,0.04634993726058479,-0.0742907643267791,0.0,0.3809129417267927,0.2936558929555702,0.0875638872385025,0.2060920057170677,289.1810570885895,301.96000000000004,12.778942911410509,0.1912677139043808,False,0.0,0.0,True,False,False,0.5004186812013137,0.00892172241408841
174.9429999999993,50.7,True,False,BLACKOUT,-0.0871974225086957,-0.23230380042514126,0.17356257303933073,31.918617102136015,-69.43552021593227,0.0,76.24603154025444,76.24622908448806,-0.14003186657086214,0.3660643702938025,0.006357259942091756,0.01888668409879306,-0.030272019342967693,0.0,0.42701011638748504,0.39193372762996287,0.03568055480718613,0.35625317282277674,289.34738325965844,301.96000000000004,12.612616740341547,0.206411674618721,False,0.0,0.0,True,False,False,0.5008035731889742,0.011281835407224767
175.04400000000896,50.8,True,False,BLACKOUT,-0.10400662012816039,-0.19238203487765995,0.1701543082887172,31.918617102136015,-69.43552021593227,0.0,76.28932176404729,76.28951151834025,-0.1354054772187255,0.4911224510170537,-0.016491679556562104,0.014321238590392478,-0.02295441642142577,0.0,0.5354373119818456,0.509446665661705,0.02705555595457554,0.4823911097071295,289.1964534488572,301.96000000000004,12.763546551142808,0.21726417541503906,False,0.0,0.0,True,False,False,0.5013905201440243,0.014037865401304993
175.14300000001094,50.9,True,False,BLACKOUT,-0.1087444125113659,-0.13558552802234464,0.1705976075985612,31.918617102136015,-69.43552021593227,0.0,76.342863670015,76.34305428054485,0.04064962955461504,0.6448076860892527,0.025357665753442338,0.011905448771915041,-0.01908233195540949,0.0,0.6645119893487328,0.6460877219253618,0.022491667419672012,0.6235960545056898,289.12078811458707,301.96000000000004,12.839211885412952,0.2291627675294876,False,0.0,0.0,True,False,False,0.5023025971444381,0.019599221872161666
175.2430000000022,51.0,True,False,BLACKOUT,-0.10437882268545434,-0.0590357301730411,0.1782595424241387,31.918617102136015,-69.43552021593227,0.0,76.4105285127902,76.41073644500744,0.042500434388624386,0.8982175096136042,0.12645009207830535,0.014227135719002304,-0.02280358613655146,0.0,0.921454957246679,0.8992224316039313,0.02687777765095234,0.872344653952979,291.11859845260904,301.96000000000004,10.841401547390985,0.2211853414773941,True,[1.01641354],0.11458074928442698,True,False,False,0.5036758709911902,0.026873751031311205
175.35100000000966,51.1,True,False,BLACKOUT,-0.09636898060765368,0.04626336894683616,0.1894737047255837,31.918617102136015,-69.43552021593227,0.0,76.50279461571483,76.50302924916784,0.11769640716738872,1.2077644727839407,0.09783315395059466,0.005828479589116772,-0.00934202350920406,0.0,1.222236743245609,1.213485667809547,0.011011111550033092,1.2024745562595138,291.75606166125414,301.96000000000004,10.20393833874588,0.2679109275341034,False,0.0,0.0,True,False,False,0.505707789282896,0.03530178766830314
175.44200000001,51.2,True,False,BLACKOUT,-0.08481837081737154,0.18446023518014673,0.20090556213277827,31.918617102136015,-69.43552021593227,0.0,76.62350527145547,76.62376865653151,0.11331578863825428,1.5561728518822706,0.13080399419329664,0.004346363308515649,-0.006966452843639124,0.0,1.5669329346323964,1.5602930535287622,0.008211110718548298,1.552081942810214,291.8856529938231,301.96000000000004,10.074347006176875,0.2741239070892334,False,0.0,0.0,True,False,False,0.508624089569826,0.045585432545045004
175.54300000000512,51.3,True,False,BLACKOUT,-0.07277175876910459,0.3511060943002831,0.21119842890895668,31.918617102136015,-69.43552021593227,0.0,76.76993013552693,76.77022064440129,0.12761645232708443,1.776744330520457,0.0750533413302712,0.006071087506849252,-0.009730881158325438,0.0,1.7906051931266243,1.7813215248632512,0.011469444260001183,1.76985208060325,291.9868403158225,301.96000000000004,9.973159684177489,0.2638491094112396,False,0.0,0.0,True,False,False,0.5126763908332327,0.055351230708086674
175.64300000001094,51.4,True,False,BLACKOUT,-0.061206672753842686,0.5427871032505628,0.21517996050831867,31.918617102136015,-69.43552021593227,0.0,76.93940878334723,76.93970968457323,0.10368526797815364,2.056875848485136,0.00457729065696845,0.008408948939552748,-0.013478060183599705,0.0,2.0725450258340485,2.059487531129322,0.015886111184954643,2.0436014199443675,292.6056484003838,301.96000000000004,9.354351599616203,0.26106521487236023,False,0.0,0.0,True,False,False,0.5181240558571956,0.06678140465471019
175.7430000000022,51.5,True,False,BLACKOUT,-0.054445403848303195,0.7662506138717295,0.21288368876969865,31.918617102136015,-69.43552021593227,0.0,77.1399076590833,77.140201407028,0.03154011013263623,2.4123943639381977,-0.05050272542936868,0.007760523128411539,-0.012438748116183881,0.0,2.4249497087720044,2.412600535875751,0.014661110937595367,2.397939424938156,293.49063666049597,301.96000000000004,8.469363339504017,0.21921253204345703,False,0.0,0.0,True,False,False,0.5253182322961979,0.08073616027059428
175.84300000000803,51.6,True,False,BLACKOUT,-0.055809655127245325,1.0267710734053948,0.20560111883537982,31.918617102136015,-69.43552021593227,0.0,77.3776354006703,77.37790855288821,-0.05882513571147892,2.7980148267351077,-0.09514867325700804,0.005953459410585798,-0.009542344092383234,0.0,2.8083043876778837,2.7986331247987772,0.011247222311794758,2.7873859024869825,293.71793948834323,301.96000000000004,8.24206051165676,0.3089248239994049,False,0.0,0.0,True,False,False,0.5346813462976552,0.09693491434854558
175.9429999999993,51.7,True,False,BLACKOUT,-0.06531461943363888,1.3288483626055456,0.19040110136522653,31.918617102136015,-69.43552021593227,0.0,77.6567302214636,77.65696363667962,-0.13127415041639218,3.2435309572679056,-0.20885167614605732,0.007281187982947069,-0.011670458525519739,0.0,3.2581488362538744,3.24618637378121,0.013755555264651775,3.2324308185165584,294.01542472741147,301.96000000000004,7.944575272588536,0.25481027364730835,False,0.0,0.0,True,False,False,0.5466944003683344,0.11579787084653959
176.04200000000128,51.8,True,False,BLACKOUT,-0.07837990478557243,1.6704546757981422,0.1643571153195439,31.918617102136015,-69.43552021593227,0.0,77.97350500499734,77.97367822557622,-0.13003155662227853,3.588595306584026,-0.31202804476759527,0.009821958115867797,-0.015742864364865886,0.0,3.6070504094264906,3.5909503589098124,0.01855555549263954,3.572394803417173,294.3746436568853,301.96000000000004,7.585356343114684,0.22456350922584534,False,0.0,0.0,True,False,False,0.5618371101258997,0.13426809332179773
176.1420000000071,51.9,True,False,BLACKOUT,-0.09986209517658007,2.054957680477375,0.12141884802301098,31.918617102136015,-69.43552021593227,0.0,78.33308011284744,78.33317421439291,-0.29961225119787405,4.101464787000631,-0.5467373011630631,0.019905638240623157,-0.031905222891548714,0.0,4.1457013062143435,4.112393573099976,0.03760555386543274,4.074788019234544,294.52964043979733,301.96000000000004,7.430359560202664,0.21591120958328247,False,0.0,0.0,True,False,False,0.58068568210184,0.15799723011722552
176.2430000000022,52.0,True,False,BLACKOUT,-0.12404159158930872,2.4680042112301614,0.0654700831739344,31.918617102136015,-69.43552021593227,0.0,78.72006606456905,78.72009328971802,-0.35860362100700305,4.59894590307939,-0.6871429685258329,0.026645738163896576,-0.04270841281009598,0.0,4.657614395477268,4.612905806154083,0.05033889040350914,4.5625669157505735,293.93262933122867,301.96000000000004,8.02737066877137,0.1985265016555786,True,[4.37632102],2.114534652364859,True,False,False,0.6037105529772253,0.18506351700038495
176.34300000000803,52.1,True,False,BLACKOUT,-0.16620570853846256,2.954662146998284,-0.010865752568030084,31.918617102136015,-69.43552021593227,0.0,79.1819067548308,79.1819075003583,-0.4846787179760735,5.134212812283059,-0.8395737463134569,0.03939075760229776,-0.0631364282810825,0.0,5.223704427283923,5.157039330998984,0.07441666722297668,5.082622663776007,294.2368554663042,301.96000000000004,7.723144533695808,0.2482178509235382,False,0.0,0.0,True,False,False,0.6322996848836102,0.21567691033042038
176.44200000001,52.2,True,False,BLACKOUT,-0.22053415628527973,3.4928538315471,-0.10007256954109608,31.918617102136015,-69.43552021593227,0.0,79.69612779063199,79.6961906200034,-0.6018902369602697,5.6296208786932525,-0.944562593147863,0.057387879500396484,-0.09198263650732204,0.0,5.759461295989365,5.661704963627748,0.10841666907072067,5.553288294557027,294.7310316220123,301.96000000000004,7.228968377987677,0.22917500138282776,False,0.0,0.0,True,False,False,0.6670712103508502,0.24813888769541884
176.54300000000512,52.3,True,False,BLACKOUT,-0.2908821000811654,4.080662959365207,-0.20087166115342836,31.918617102136015,-69.43552021593227,0.0,80.26257551014372,80.2628268686431,-0.8050686389574437,6.126561677668905,-1.0714192390987824,0.07313830076677172,-0.11722778037384492,0.0,6.305248149386791,6.179230818128905,0.1381722241640091,6.0410585939648955,295.0662760642252,301.96000000000004,6.893723935774814,0.29213449358940125,False,0.0,0.0,True,False,False,0.708952015859736,0.283658798479691
176.64300000001094,52.4,True,False,BLACKOUT,-0.3831689245689953,4.720083687905373,-0.3153041366444931,31.918617102136015,-69.43552021593227,0.0,80.88546823044233,80.88608278039233,-1.0406678507991545,6.661852893134419,-1.2172302707225113,0.07191202531208339,-0.11526227737236762,0.0,6.867832555838919,6.742645886108091,0.1358555555343628,6.6067903305737286,294.78686078672723,301.96000000000004,7.173139213272775,0.23690368235111237,False,0.0,0.0,True,False,False,0.7590424645730327,0.3240640191944827
176.7430000000022,52.5,True,False,BLACKOUT,-0.4997556593238378,5.416440970870665,-0.4480739235961854,31.918617102136015,-69.43552021593227,0.0,81.57062575468952,81.57185639822488,-1.2910668442976947,7.265292766171415,-1.4381654683113358,0.07078132376399034,-0.11344996246542301,0.0,7.50336422468375,7.379114619968137,0.13371944427490234,7.245395175693234,294.2357727615383,301.96000000000004,7.72422723846168,0.24787946045398712,False,0.0,0.0,True,False,False,0.8186667261736138,0.37068843505682597
176.8420000000042,52.6,True,False,BLACKOUT,-0.6435197730242845,6.177760342077875,-0.606731033468289,31.918617102136015,-69.43552021593227,0.0,82.32655072709551,82.32878644294475,-1.5842154297112405,7.961094657972765,-1.7349767291307365,0.0825632588198988,-0.13233432374580478,0.0,8.263276824520869,8.117189580201861,0.1559777706861496,7.961211809515712,293.5609800011058,301.96000000000004,8.399019998894177,0.24299919605255127,False,0.0,0.0,True,False,False,0.8894306200367647,0.42610299934433027
176.9429999999993,52.7,True,False,BLACKOUT,-0.8182915975854799,7.006001330463212,-0.7949009189087384,31.918617102136015,-69.43552021593227,0.0,83.15654759272985,83.16034677063838,-1.911221061512666,8.60372510973398,-2.0284209796782497,0.08222507847449385,-0.1317922803726028,0.0,8.960083235432817,8.813447209227308,0.15533888339996338,8.658108325827344,293.98553300616294,301.96000000000004,7.974466993837069,0.2577887773513794,False,0.0,0.0,True,False,False,0.9729554200333345,0.4834362617306929
177.04200000000128,52.8,True,False,BLACKOUT,-1.0295643040290603,7.899076991307107,-1.013548597216148,31.918617102136015,-69.43552021593227,0.0,84.06082668627236,84.06693680596693,-2.3142330673589426,9.257788107143908,-2.344532586469945,0.09453193252717663,-0.15151799410748235,0.0,9.712733401660062,9.542657665809497,0.1785888820886612,9.364068783720835,294.3256877055791,301.96000000000004,7.634312294420879,0.2492491453886032,False,0.0,0.0,True,False,False,1.070865726359925,0.5471006487985863
177.14400000000023,52.9,True,False,BLACKOUT,-1.273803000901959,8.861067166281662,-1.2643033807154682,31.918617102136015,-69.43552021593227,0.0,85.04170946069476,85.05110705355756,-2.570540870099029,9.982015392347193,-2.6705630835164578,0.11575795303767239,-0.1855395566065882,0.0,10.51643356880935,10.30768216709779,0.21868889033794403,10.088993276759846,294.60510989309086,301.96000000000004,7.354890106909166,0.23680025339126587,False,0.0,0.0,True,False,False,1.1852270161155625,0.6182547515928649
177.24400000000605,53.0,True,False,BLACKOUT,-1.5519723800454381,9.896938673112297,-1.5501377317155154,31.918617102136015,-69.43552021593227,0.0,86.10411949301069,86.11807197478326,-2.992846712770553,10.735414744265492,-3.0461239364844857,0.13213768158726535,-0.2117933689164751,0.0,11.384502314036261,11.144786277786327,0.249633327126503,10.895152950659824,294.7173223405987,301.96000000000004,7.242677659401357,0.2580077648162842,False,[9.8811534],10.738497568346821,True,False,False,1.3184292077364868,0.6997919076797073
177.34300000000803,53.1,True,False,BLACKOUT,-1.8674303566779293,11.007295143730897,-1.8735763101345575,31.918617102136015,-69.43552021593227,0.0,87.24989138032258,87.27000535159824,-3.3163128198792675,11.471714668106467,-3.4226476318963543,0.1223510145130402,-0.19610706985919052,0.0,12.163982615693824,11.941447489552706,0.23114444315433502,11.710303046398371,293.7595880444353,301.96000000000004,8.200411955564686,0.26024189591407776,False,0.0,0.0,True,False,False,1.4728581034153583,0.7838360102930362
177.4429999999993,53.2,True,False,BLACKOUT,-2.2150852216589048,12.191597577087668,-2.2353989029316024,31.918617102136015,-69.43552021593227,0.0,88.47652792421837,88.50476259377358,-3.6367844797402418,12.214333999028936,-3.813804224044536,0.11316277875790247,-0.18137995052726652,0.0,12.950514613741804,12.74425974279847,0.21378611028194427,12.530473632516525,293.09711147866153,301.96000000000004,8.862888521338487,0.27365174889564514,False,0.0,0.0,True,False,False,1.6509106739939667,0.8737719534631667
177.54300000000512,53.3,True,False,BLACKOUT,-2.597639544906851,13.450386491552642,-2.640046679767571,34.504826763951925,-77.00220490286357,0.0,97.76637610224293,97.80201502339595,-4.014301985218676,12.961444290270522,-4.279151312674838,-0.17081334018142194,-0.169684203428617,0.0,13.682066382040679,13.568848828044217,0.24076944589614868,13.328079382148069,292.5719554203858,224.81,67.76195542038576,0.24413716793060303,False,0.0,0.0,True,False,False,1.8552389500556212,0.9703072252259226
177.64300000001094,53.4,True,False,BLACKOUT,-3.018362979722572,14.786524157919146,-3.091255193801185,34.504826763951925,-77.00220490286357,0.0,99.16229399894688,99.21046522321512,-4.400166711095744,13.76130903705955,-4.745018967997454,-0.17095719844876567,-0.16982711074179827,0.0,14.558941152104472,14.447667406847792,0.24097222089767456,14.206695185950117,291.7793606919941,224.81,66.9693606919941,0.2619694769382477,False,0.0,0.0,True,False,False,2.0889918845526427,1.0789290769955067
177.74400000000605,53.5,True,False,BLACKOUT,-3.477155515089445,16.199877656832637,-3.5870588758076507,34.504826763951925,-77.00220490286357,0.0,100.64422075464563,100.70812361814886,-4.775683996241711,14.505760941210253,-5.17105467213185,-0.14687144683431072,-0.14590057448685753,0.0,15.36545120678567,15.271681574584385,0.20702221989631653,15.064659354688068,290.9407362292001,224.81,66.13073622920012,0.26773324608802795,False,0.0,0.0,True,False,False,2.3553587146926938,1.188666839985462
177.84300000000803,53.6,True,False,BLACKOUT,-3.9723734262408548,17.686941206844676,-4.1233174634167495,34.504826763951925,-77.00220490286357,0.0,102.20826446751676,102.29140272948634,-5.128674226786478,15.235510059030512,-5.554117080050123,-0.11421319925198703,-0.11345820950239324,0.0,16.147310807223977,16.07557358489344,0.16098888218402863,15.914584702709412,290.80938406939543,224.81,65.99938406939543,0.28679028153419495,False,0.0,0.0,True,False,False,2.6573217094303128,1.303319661974521
177.9429999999993,53.7,True,False,BLACKOUT,-4.506666397964577,19.245738597419212,-4.701620342257837,34.504826763951925,-77.00220490286357,0.0,103.8535662688378,103.95993680547626,-5.557185207687961,15.940437752460237,-6.011940496771626,-0.07894773729175975,-0.07842586475163943,0.0,16.929709902088913,16.881346604243557,0.11128055304288864,16.77006605120067,291.17136631059265,224.81,66.36136631059263,0.3446899950504303,False,0.0,0.0,True,False,False,2.998079029284688,1.4226090875698403
178.04300000000512,53.8,True,False,BLACKOUT,-5.083328338002461,20.87588685606951,-5.325456595911652,34.504826763951925,-77.00220490286357,0.0,105.58097778836168,105.7151992794861,-5.976053593069734,16.662527420545672,-6.464784576304678,-0.04921399465957074,-0.04888867270249499,0.0,17.73129593309402,17.7017806050035,0.06936944276094437,17.632411162242555,290.5067199981012,224.81,65.69671999810116,0.3520817160606384,False,0.0,0.0,True,False,False,3.381161699805073,1.5503110009586216
178.14300000001094,53.9,True,False,BLACKOUT,-5.701089018974594,22.579407711298927,-6.0001499273653485,34.504826763951925,-77.00220490286357,0.0,107.39186763801487,107.55935586424721,-6.379160026372928,17.407889684042694,-7.029082052769233,-0.04892430652238038,-0.04860089950662131,0.0,18.568816541783637,18.539911161973627,0.06896111369132996,18.470950048282297,290.0073834793172,224.81,65.19738347931718,0.418660044670105,False,0.0,0.0,True,False,False,3.8104422389099697,1.6841722559929948
178.2430000000022,54.0,True,False,BLACKOUT,-6.360085678313583,24.36216494235919,-6.731383075731796,34.504826763951925,-77.00220490286357,0.0,109.29170390763029,109.49880392563828,-6.80077316040685,18.24725493716254,-7.595580914559726,-0.04503810884362099,-0.04474039097265056,0.0,19.49966792464527,19.47338769503429,0.0634833350777626,19.409904359956528,289.77772811074897,224.81,64.96772811074896,0.39374181628227234,False,[15.88772409],27.717081392878704,True,False,False,4.290778179417428,1.8391442748464406
178.34300000000803,54.1,True,False,BLACKOUT,-7.061034798322213,26.228990243234932,-7.518756670966401,34.504826763951925,-77.00220490286357,0.0,111.28522138498899,111.53892683984014,-7.218209239765757,19.089251080352273,-8.151890990132376,-0.04866811448454912,-0.0483464009890115,0.0,20.436485933372666,20.408381891707393,0.06859999895095825,20.339781892756434,289.51131902459474,224.81,64.70131902459472,0.5681445002555847,False,0.0,0.0,True,False,False,4.827606601176625,2.0023813313090506
178.4429999999993,54.2,True,False,BLACKOUT,-7.803578887265547,28.178468325082665,-8.363208756224205,34.504826763951925,-77.00220490286357,0.0,113.37096281425846,113.67901508252154,-7.632672539100907,19.900310556602374,-8.73715071502369,-0.05311201666755,-0.05276092740267629,0.0,21.344198259926415,21.313846446344805,0.07486388832330704,21.238982558021497,288.38117231706343,224.81,63.57117231706342,0.8157165050506592,False,0.0,0.0,True,False,False,5.425422881190012,2.167961965416451
178.54300000000512,54.3,True,False,BLACKOUT,-8.588883042973574,30.210882542321837,-9.266526668279566,34.504826763951925,-77.00220490286357,0.0,115.5496168078998,115.92058687285196,-8.073410575059626,20.747973788181106,-9.329207526083508,-0.05463732870792491,-0.05427615658955478,0.0,22.29426668767369,22.263386414212345,0.07701388746500015,22.186372526747345,288.1835112726968,224.81,63.37351127269681,0.8916825652122498,False,0.0,0.0,True,False,False,6.089306249810633,2.3486198251858266
178.64300000001094,54.4,True,False,BLACKOUT,-9.418666753376511,32.32223938453195,-10.230695017071996,34.504826763951925,-77.00220490286357,0.0,117.81811151734966,118.26146676769649,-8.52226363299914,21.4791630560212,-9.954159449765108,-0.0542491027319698,-0.05389049692497429,0.0,23.13827274017799,23.10808133570344,0.07646666467189789,23.03161467103154,288.8719005767608,224.81,64.06190057676079,1.6106059551239014,False,0.0,0.0,True,False,False,6.823526735820129,2.5168529743628616
178.7430000000022,54.5,True,False,BLACKOUT,-10.293574106561978,34.511410083097395,-11.257378975622949,34.504826763951925,-77.00220490286357,0.0,120.17563416846362,120.70174658716914,-8.97588343071019,22.304250915287763,-10.57951972125395,-0.046549624952273126,-0.0462419154238073,0.0,24.068185058087376,24.042589133739583,0.06561388820409775,23.976975245535485,288.9424278389316,224.81,64.13242783893163,2.2844080924987793,False,0.0,0.0,True,False,False,7.633069195021026,2.7094185969327
178.84300000000803,54.6,True,False,BLACKOUT,-11.213992053591129,36.783983328934376,-12.345186437429119,34.504826763951925,-77.00220490286357,0.0,122.62751333364582,123.24735556825699,-9.43247550987282,23.147214001451808,-11.17662951486945,-0.03598279490893699,-0.03574493587429033,0.0,25.014868787025794,24.99530176399871,0.05071944370865822,24.944582320290053,286.9822013381745,224.81,62.17220133817445,2.417027235031128,False,0.0,0.0,True,False,False,8.525189839042582,2.914703855362097
178.9429999999993,54.7,True,False,BLACKOUT,-12.182038612493226,39.13893479006543,-13.494875422075898,34.504826763951925,-77.00220490286357,0.0,125.17359037692718,125.8989252952864,-9.928455668169123,23.951815221169234,-11.817150178066118,-0.011587647060958972,-0.011511048604648919,0.0,25.93424911694404,25.928048217014595,0.016333334147930145,25.911714882866665,284.1330218806745,224.81,59.323021880674524,3.1442341804504395,False,0.0,0.0,True,False,False,9.505812601735675,3.1229694842335562
179.04300000000512,54.8,True,False,BLACKOUT,-13.198011552297153,41.575566669226895,-14.707815203008185,34.504826763951925,-77.00220490286357,0.0,127.81333535444988,128.6567857614782,-10.391003127909391,24.780822362060096,-12.441645440579626,-0.009551925851047947,-0.009488784233847379,0.0,26.876273100837185,26.871213276370693,0.013463889248669147,26.857749387122023,283.0721810097196,224.81,58.2621810097196,2.9442358016967773,False,0.0,0.0,True,False,False,10.580947406359183,3.34206745337408
179.14300000001094,54.9,True,False,BLACKOUT,-14.26370727432366,44.097150076546235,-15.98594968985899,34.504826763951925,-77.00220490286357,0.0,130.55046414575304,131.52556510488085,-10.922911312620776,25.65084578432668,-13.121044296436468,-0.01280947371097135,-0.012724798547217836,0.0,27.88636184943338,27.8796678781274,0.01805555634200573,27.861612321785394,285.0642995365829,224.81,60.25429953658285,3.335681915283203,False,0.0,0.0,True,False,False,11.758266092686805,3.582526405521808
179.2430000000022,55.0,True,False,BLACKOUT,-15.383960639067924,46.70232153767319,-17.33234691061864,34.504826763951925,-77.00220490286357,0.0,133.38553508690953,134.50691885494663,-11.482155982264493,26.452583438212507,-13.80690011875653,-0.015521140735148434,-0.015418540490747734,0.0,28.845083521002575,28.837112833233615,0.021877778694033623,28.81523505453958,288.1400175440176,224.81,63.330017544017586,3.3391776084899902,False,[25.49673858],71.06538811733277,True,False,False,13.044587135735789,3.820095577921364
179.34300000000803,55.1,True,False,BLACKOUT,-16.557432430778668,49.38662120857247,-18.74585426907543,34.504826763951925,-77.00220490286357,0.0,136.31393795168805,137.59686308987597,-11.987279851950412,27.233409979773118,-14.463247050379259,-0.01759036266949145,-0.01747408413431267,0.0,29.763806018960782,29.75489031025627,0.02479444444179535,29.730095865814473,287.0824947315071,224.81,62.2724947315071,3.2302563190460205,False,0.0,0.0,True,False,False,14.445399536896698,4.0577909779788275
179.4429999999993,55.2,True,False,BLACKOUT,-17.783606342825962,52.15069616811949,-20.224099427274513,34.504826763951925,-77.00220490286357,0.0,139.33611194451038,140.79618705581984,-12.536198388995453,28.048089211167213,-15.101656113602388,-0.015568436730578505,-0.0154655238428758,0.0,30.72994107977527,30.72216754146502,0.021944444626569748,30.70022309683845,284.81013405988637,224.81,60.00013405988636,3.1865291595458984,False,0.0,0.0,True,False,False,15.968393240820328,4.316998661320257
179.54300000000512,55.3,True,False,BLACKOUT,-19.063437760434056,54.99468347464201,-21.767152287735946,34.504826763951925,-77.00220490286357,0.0,142.4525798485175,144.10602494072114,-13.060429963166374,28.83165691928321,-15.75940109562625,-0.014043123368754195,-0.01395029334328316,0.0,31.658762847571506,31.651844678217813,0.019794443622231483,31.63205023459558,283.56145330422504,224.81,58.751453304225045,2.668672561645508,False,0.0,0.0,True,False,False,17.62134589110149,4.57456928406589
179.64300000001094,55.4,True,False,BLACKOUT,-20.39506955430051,57.91923141872649,-23.38004957703805,34.504826763951925,-77.00220490286357,0.0,145.66328499260115,147.5276899875427,-13.572205914162714,29.659301962406477,-16.498544690415777,-0.02091885452255996,-0.020780573475875228,0.0,32.627360915488694,32.61715754436064,0.02948611043393612,32.5876714339267,283.396811961058,224.81,58.58681196105798,2.966191291809082,False,0.0,0.0,True,False,False,19.411661120422764,4.8472980417082745
179.7430000000022,55.5,True,False,BLACKOUT,-21.77904138575887,60.925857113507575,-25.06542276643278,34.504826763951925,-77.00220490286357,0.0,148.9698765035601,151.06389219117173,-14.107230715004482,30.473211933215232,-17.208919097478738,-0.04881394435439576,-0.048491266871703936,0.0,33.6037713409,33.580211493869676,0.06880555301904678,33.51140594085063,284.5384572542987,224.81,59.72845725429866,2.8367018699645996,False,0.0,0.0,True,False,False,21.347993494364818,5.129494093707707
179.84300000000803,55.6,True,False,BLACKOUT,-23.21619002912255,64.01671908320843,-26.822171936918974,34.504826763951925,-77.00220490286357,0.0,152.37471149050927,154.7174250342526,-14.635742152269135,31.344027460801897,-17.92606431224516,-0.08422326986776436,-0.08366652418649559,0.0,34.63302832555881,34.592672718528284,0.11871666461229324,34.47395605391599,286.1033991097927,224.81,61.293399109792695,2.991048574447632,False,0.0,0.0,True,False,False,23.440142970433868,5.434575833546182
179.9429999999993,55.7,True,False,BLACKOUT,-24.705925815353172,67.19256650349844,-28.65017891098375,34.504826763951925,-77.00220490286357,0.0,155.878302922314,158.48936265116362,-15.158973572343275,32.1729209449985,-18.63407516905038,-0.1272749231172332,-0.12643359074091265,0.0,35.625837080783576,35.565310653783484,0.1793999969959259,35.38591065678756,285.4035560912401,224.81,60.59355609124009,3.182234764099121,False,0.0,0.0,True,False,False,25.697343224166065,5.738136584687288
180.04300000000512,55.8,True,False,BLACKOUT,-26.246691410750955,70.45182578860849,-30.550132443534885,34.504826763951925,-77.00220490286357,0.0,159.4786447387011,162.37841211198722,-15.65633833561242,33.012264757202246,-19.364995481972297,-0.21487596036469547,-0.21345555406689495,0.0,36.63860328245161,36.53670147233853,0.3028777837753296,36.2338236885632,283.1841902945538,224.81,58.37419029455375,2.9890058040618896,False,0.0,0.0,True,False,False,28.12760549045636,6.049864559734652
180.14300000001094,55.9,True,False,BLACKOUT,-27.837152466319022,73.79698195051384,-32.52171208840405,34.504826763951925,-77.00220490286357,0.0,163.1775631941701,166.3868350776239,-16.152882775748882,33.89085848090457,-20.066597415411003,-0.35429622976133157,-0.35195420604129396,0.0,37.71161038147694,37.543387041392336,0.4993972182273865,37.04398982316495,279.99519347361587,224.81,55.18519347361587,2.2153499126434326,False,0.0,0.0,True,False,False,30.741531131205686,6.383258063326307
180.24400000000605,56.0,True,False,BLACKOUT,-29.47737182605017,77.22389782943833,-34.5658264749529,34.504826763951925,-77.00220490286357,0.0,166.97129244395578,170.5116091657737,-16.651504418874083,34.64745909758507,-20.815690315566044,-0.5372332444520171,-0.533681942191344,0.0,38.6960258985784,38.44111108345613,0.7572555541992188,37.68385552925691,282.12920215923225,224.81,57.31920215923224,2.618647336959839,False,[32.35476014],113.28495207146152,True,False,False,33.54616130677921,6.688289243273345
180.34300000000803,56.1,True,False,BLACKOUT,-31.170903897143376,80.72903764422104,-36.68445417876126,34.504826763951925,-77.00220490286357,0.0,170.85797164111474,174.7518115834843,-17.21913700298999,35.455337198068996,-21.556863760601093,-0.6925569565021023,-0.6879789094235387,0.0,39.7425105809774,39.41547430840474,0.9761916399002075,38.43928266850453,285.1513503433205,224.81,60.34135034332048,1.9540879726409912,False,0.0,0.0,True,False,False,36.54946121378493,7.027568150586133
180.4429999999993,56.2,True,False,BLACKOUT,-32.92214862422617,84.31467680064601,-38.87717149257524,34.504826763951925,-77.00220490286357,0.0,174.8414519859123,179.11160709402722,-17.80575753866581,36.25744593043048,-22.29748251567855,-0.8501056087622277,-0.844486109221972,0.0,40.792738243994265,40.39365528054925,1.1982638835906982,39.19539139695855,286.464215395539,224.81,61.654215395538955,2.0844454765319824,False,0.0,0.0,True,False,False,39.76403589210349,7.3778404839610126
180.54400000000896,56.3,True,False,BLACKOUT,-34.73040662416592,87.98349255875105,-41.1400826768303,34.504826763951925,-77.00220490286357,0.0,178.92400037223229,183.59276759137057,-18.359402460129278,37.118869231670224,-22.960741169422654,-1.0188851854610228,-1.0121499930658,0.0,41.88875942863737,41.41108682141578,1.4361666440963745,39.974920177319405,286.24205005883925,224.81,61.43205005883924,2.2952942848205566,False,0.0,0.0,True,False,False,43.20266566474385,7.75532066827633
180.64300000001094,56.4,True,False,BLACKOUT,-36.591484128080495,91.73838385715423,-43.47131064632653,34.504826763951925,-77.00220490286357,0.0,183.10672220738914,188.1962448266261,-18.862147618162176,37.978956736393386,-23.66381822050193,-1.0879085681926166,-1.080717106760313,0.0,42.913653940663316,42.40497338230719,1.5334583520889282,40.87151503021826,281.3278218737228,224.81,56.517821873722816,2.6894571781158447,False,0.0,0.0,True,False,False,46.877625436469565,8.132721362979133
180.7430000000022,56.5,True,False,BLACKOUT,-38.50371605200918,95.5751011162433,-45.872011784486716,34.504826763951925,-77.00220490286357,0.0,187.38509513011562,192.9181571083411,-19.38249086041145,38.75538844538812,-24.35020454270178,-1.1564352550958097,-1.1487908079619902,0.0,43.86949537903935,43.33198686313445,1.6300499439239502,41.7019369192105,277.85679671095306,224.81,53.04679671095305,3.238445281982422,False,0.0,0.0,True,False,False,50.796323893370236,8.495441003445267
180.84300000000803,56.6,True,False,BLACKOUT,-40.46875695085194,99.4907521322246,-48.345573850685014,34.504826763951925,-77.00220490286357,0.0,191.75714364276024,197.75767153003756,-19.918327116443677,39.55763187423789,-25.121036781264124,-1.3536262898720404,-1.3446783400700275,0.0,44.9182267865461,44.28934403008671,1.9079999923706055,42.381344037716104,278.35516792810785,224.81,53.54516792810783,3.3819620609283447,False,0.0,0.0,True,False,False,54.96768065381855,8.87517666559367
180.9429999999993,56.7,True,False,BLACKOUT,-42.48547628252555,103.48755954348164,-50.893986404220385,34.504826763951925,-77.00220490286357,0.0,196.22451893962082,202.71719139036674,-20.416059517028554,40.37851635090297,-25.847214289443237,-1.5254997919054831,-1.5154156973048665,0.0,45.95600928266398,45.246437085178215,2.150263786315918,43.0961732988623,279.5128759053583,224.81,54.70287590535834,3.1853268146514893,False,0.0,0.0,True,False,False,59.40420431518017,9.266282338857096
181.04300000000512,56.8,True,False,BLACKOUT,-44.55093089200503,107.56884181700751,-53.5129377081514,34.504826763951925,-77.00220490286357,0.0,200.78915335701336,207.79778297176975,-20.893032672560857,41.24712911961457,-26.531811789177144,-1.4982255837521927,-1.4883217813395098,0.0,46.93055833590689,46.236830285680824,2.1118195056915283,44.125010779989296,279.547352730303,224.81,54.737352730302966,3.066335916519165,False,0.0,0.0,True,False,False,64.12007397296709,9.681668704937799
181.1420000000071,56.9,True,False,BLACKOUT,-46.661165964972255,111.73832146786839,-56.20215236295305,34.504826763951925,-77.00220490286357,0.0,205.4529256797594,213.0013769922658,-21.311668786783706,42.14246389760319,-27.25248130685599,-1.659985536672154,-1.6490124436069966,0.0,47.99877138745831,47.22472329022542,2.3398277759552,44.88489551427022,278.16923138042887,224.81,53.35923138042886,2.9840245246887207,False,0.0,0.0,True,False,False,69.12946906604806,10.104755955938113
181.2430000000022,57.0,True,False,BLACKOUT,-48.818764240662865,115.99135790297942,-58.964883385365425,34.504826763951925,-77.00220490286357,0.0,210.21259739225238,218.32588846732523,-21.840296727028495,42.918264804617436,-28.002139141391527,-1.759733865372534,-1.7481014004816935,0.0,48.972576763010316,48.155747475913145,2.4804277420043945,45.67531973390875,278.260650275412,224.81,53.45065027541201,3.0452609062194824,False,[41.37155309],182.22583441109273,True,False,False,74.44121128840446,10.512593190766994
181.3420000000042,57.1,True,False,BLACKOUT,-51.02734962332056,120.32048733039484,-61.80509515592166,34.504826763951925,-77.00220490286357,0.0,215.06277703899553,223.76744145419644,-22.33141092612549,43.66432374369121,-28.80209626973324,-1.7793620193024198,-1.7675998053535231,0.0,49.86427971639311,49.043501933949955,2.508094549179077,46.53540738477088,281.3310809223222,224.81,56.521080922322184,2.980584144592285,False,0.0,0.0,True,False,False,80.06124804686904,10.907807500297105
181.4429999999993,57.2,True,False,BLACKOUT,-53.28405987379427,124.72644438887357,-64.72254044653928,34.504826763951925,-77.00220490286357,0.0,220.00303762031044,229.32584634972494,-22.802794083348637,44.45481742588333,-29.546809542619087,-1.8986023397866398,-1.8860519050340754,0.0,50.83759831853553,49.96196763915748,2.6761693954467773,47.2857982437107,280.52562809911785,224.81,55.71562809911787,3.090113878250122,False,0.0,0.0,True,False,False,86.00129897330467,11.328042594533674
181.54300000000512,57.3,True,False,BLACKOUT,-55.591477668474155,129.21381048454037,-67.7115105524571,34.504826763951925,-77.00220490286357,0.0,225.03863907035705,235.0047610920552,-23.34556181024908,45.29250448745279,-30.232592575737453,-2.0421414295283906,-2.028642150490483,0.0,51.89534313449941,50.955139279390565,2.8784945011138916,48.07664477827667,279.11042486777893,224.81,54.300424867778915,2.7339417934417725,False,0.0,0.0,True,False,False,92.28083460946577,11.792826567950943
181.64400000000023,57.4,True,False,BLACKOUT,-57.94938721965894,133.78656415692578,-70.7735196595383,34.504826763951925,-77.00220490286357,0.0,230.17316708310832,240.8081766262673,-23.812629213446634,46.16256896025538,-31.007589565886562,-2.0528422518978595,-2.03927223662934,0.0,52.88578091870896,51.94250747766636,2.893577814102173,49.04892966356419,277.30438642427146,224.81,52.49438642427141,2.955806016921997,False,0.0,0.0,True,False,False,98.91734367111508,12.261801294258264
181.7430000000022,57.5,True,False,BLACKOUT,-60.355457283456836,138.44529045403246,-73.91445372768649,34.504826763951925,-77.00220490286357,0.0,235.40623769372553,246.73759992140864,-24.30877206251138,47.01195698187822,-31.811091797077264,-2.086777410748382,-2.072983072045699,0.0,53.880872175571625,52.92485709430968,2.941411018371582,49.9834460759381,277.61362878808274,224.81,52.80362878808274,3.1185102462768555,False,0.0,0.0,True,False,False,105.92348230657367,12.736983620790463
181.8420000000042,57.6,True,False,BLACKOUT,-62.808616342908444,143.19085104521028,-77.13409016435351,34.504826763951925,-77.00220490286357,0.0,240.7382148664057,252.79350458931168,-24.754409126520745,47.899254841677774,-32.5816369362629,-2.1668977546643995,-2.1525737920759775,0.0,54.912486918335716,53.917709387465315,3.054344415664673,50.86336497180064,277.93729608617815,224.81,53.12729608617812,3.033750295639038,False,0.0,0.0,True,False,False,113.31404801080555,13.229177673431021
181.94200000001,57.7,True,False,BLACKOUT,-65.30582298623486,148.02135007842938,-80.43289091051167,34.504826763951925,-77.00220490286357,0.0,246.16613516073534,258.9733886718782,-25.189723740007643,48.710725822704376,-33.39437798690049,-2.2323601166994766,-2.217603424683595,0.0,55.86354146008957,54.838462708874175,3.1466166973114014,51.691846011562774,277.9619410840846,224.81,53.15194108408455,3.208313465118408,False,0.0,0.0,True,False,False,121.09956135124668,13.694080552624845
182.04200000000128,57.8,True,False,BLACKOUT,-67.85083673057477,152.93541984637713,-83.81098629899806,34.504826763951925,-77.00220490286357,0.0,251.6902722091726,265.27773097103017,-25.71055114679058,49.57066953625029,-34.167529782827266,-2.3622914491128295,-2.3466758649131583,0.0,56.925846365371775,55.84159487822556,3.329761028289795,52.51183384993576,276.63586544389017,224.81,51.82586544389017,3.0561742782592773,False,0.0,0.0,True,False,False,129.29491754503164,14.211656401694695
182.14300000001094,57.9,True,False,BLACKOUT,-70.44733189179529,157.93335681105316,-87.26351621826534,34.504826763951925,-77.00220490286357,0.0,257.3124049950463,271.7068181461595,-26.219352077619828,50.38806975727008,-34.88306860251822,-2.439321842613991,-2.4231970601965878,0.0,57.918215967374614,56.801514039976986,3.4383389949798584,53.36317504499713,274.65162546786775,224.81,49.841625467867715,3.1490120887756348,False,0.0,0.0,True,False,False,137.918487294712,14.719908276754834
182.24400000000605,58.0,True,False,BLACKOUT,-73.08965701858564,163.01579956399667,-90.78992265496262,34.504826763951925,-77.00220490286357,0.0,263.0308259666241,278.2589180320706,-26.627150458187295,51.2607853016003,-35.64506013142731,-2.531088870664305,-2.5143574756488625,0.0,58.926956180879,57.76394421487945,3.5676889419555664,54.196255272923885,273.88723653208854,224.81,49.07723653208849,3.4171195030212402,False,[50.31682519],263.2122980446932,True,False,False,146.98318385821088,15.237170997088908
182.3420000000042,58.1,True,False,BLACKOUT,-75.77855337275663,168.18165888220233,-94.39248006606589,34.504826763951925,-77.00220490286357,0.0,268.8448455800325,284.9341876433472,-27.15077662523259,52.05640106251268,-36.406088090637944,-2.5908479839535907,-2.5737215600073964,0.0,59.896914717006055,58.71144320261977,3.6519222259521484,55.05952097666762,278.96794155809715,224.81,54.15794155809712,3.5334312915802,False,0.0,0.0,True,False,False,156.50300767939592,15.75686262157745
182.4429999999993,58.2,True,False,BLACKOUT,-78.51402756158389,173.42379572648395,-98.06541803989998,34.504826763951925,-77.00220490286357,0.0,274.7479630939357,291.7246466097902,-27.55870715131252,52.7863358231193,-37.05267138604394,-2.628902005435609,-2.6115240309126166,0.0,60.7488111901653,59.547288682885736,3.7055611610412598,55.841727521844476,275.9570913629543,224.81,51.14709136295434,4.37403678894043,False,0.0,0.0,True,False,False,166.48432356745255,16.23142575018864
182.54300000000512,58.3,True,False,BLACKOUT,-81.29058127259292,178.74154921791953,-101.80648613761205,34.504826763951925,-77.00220490286357,0.0,280.73732258846786,298.6268656933419,-27.97236706886793,53.56873400559252,-37.76869056819748,-2.685405574842984,-2.6676540916887883,0.0,61.66005001480572,60.43229751049857,3.785205602645874,56.6470919078527,269.48926398717225,224.81,44.67926398717222,4.225038528442383,False,0.0,0.0,True,False,False,176.93782274540465,16.737228025168864
182.64300000001094,58.4,True,False,BLACKOUT,-84.10756914290569,184.14432536017742,-105.62081990357062,34.504826763951925,-77.00220490286357,0.0,286.8212173657843,305.65040213991705,-28.36739033738746,54.486788839565854,-38.51798475097371,-2.699338260721138,-2.6814946775724473,0.0,62.66627113293371,61.42897518761925,3.804844379425049,57.6241308081942,270.90743321174887,224.81,46.097433211748886,4.239399433135986,False,0.0,0.0,True,False,False,187.89162093486866,17.313109224646052
182.7430000000022,58.5,True,False,BLACKOUT,-86.97055482448363,189.63462173293712,-109.51286820550538,34.504826763951925,-77.00220490286357,0.0,293.00420756444106,312.8011092580435,-28.89232329417108,55.319138615628276,-39.322981287721646,-2.719388094439957,-2.7014119747802687,0.0,63.65066243004453,62.40972233963228,3.8331055641174316,58.57661677551485,273.7256446895074,224.81,48.91564468950739,5.954281330108643,False,0.0,0.0,True,False,False,199.36940321073575,17.888129638333417
182.84300000000803,58.6,True,False,BLACKOUT,-89.88666579914693,195.2073199356626,-113.4800432340474,34.504826763951925,-77.00220490286357,0.0,299.2845950510846,320.07653623359045,-29.429896199094724,56.13482543888141,-40.02051928311863,-2.764010374872582,-2.745739286115182,0.0,64.63737594553915,63.38168045534275,3.896002769470215,59.48567768587254,280.5254257448197,224.81,55.71542574481972,6.4920830726623535,False,0.0,0.0,True,False,False,211.38638421378985,18.476055667921667
182.9429999999993,58.7,True,False,BLACKOUT,-92.85406268319467,200.8676997470945,-117.53155925027147,34.504826763951925,-77.00220490286357,0.0,305.6664368742295,327.48379815066784,-29.918041481860357,57.07277078975602,-41.009801041362905,-2.833488928206671,-2.8147585615730937,0.0,65.72738515138066,64.43904384556264,3.993936061859131,60.445107783703506,280.6947119404226,224.81,55.884711940422626,7.431545257568359,False,0.0,0.0,True,False,False,223.9659801768283,19.10938167970574
183.04300000000512,58.8,True,False,BLACKOUT,-95.87265338571021,206.6147737896982,-121.67356330923485,34.504826763951925,-77.00220490286357,0.0,312.1488073545574,335.02437812976973,-30.453772568450404,57.86871006231807,-41.83028013790492,-2.9222940490030687,-2.9029766490287585,0.0,66.7171658211654,65.39281205092449,4.119111061096191,61.2737009898283,277.9891751560832,224.81,53.179175156083225,8.388933181762695,False,0.0,0.0,True,False,False,237.12309245577185,19.699551326140725
183.14300000001094,58.9,True,False,BLACKOUT,-98.93149639780594,212.44648465471658,-125.89830920116823,34.504826763951925,-77.00220490286357,0.0,318.7252676295519,342.6896270464609,-30.723087673464356,58.76550723804938,-42.66463770076261,-3.010864734104536,-2.990961850492572,0.0,67.6892072233441,66.31208756430921,4.243955612182617,62.06813195212659,278.0763288756923,224.81,53.26632887569232,7.880488395690918,False,0.0,0.0,True,False,False,250.86463177012712,20.27825773768069
183.24400000000605,59.0,True,False,BLACKOUT,-102.03430418607638,218.35388163396834,-130.2011967091535,34.504826763951925,-77.00220490286357,0.0,325.38923174398616,350.47183019386483,-31.33306809194429,59.382432346986015,-43.393112458942554,-3.063482185120116,-3.043231481497622,0.0,68.52833714435337,67.14189770552206,4.318122386932373,62.82377531858968,280.55507491659057,224.81,55.74507491659059,8.623697280883789,False,[65.08755781],428.0926896696666,True,False,False,265.1955578698149,20.815057939936924
183.34400000001187,59.1,True,False,BLACKOUT,-105.19074024517911,224.338978795247,-134.57925055516353,34.504826763951925,-77.00220490286357,0.0,332.14659479600425,358.3754108676689,-31.79565309011047,60.31951087858699,-44.16796446125797,-3.114798907063535,-3.0942089817109446,0.0,69.59806939268894,68.18655987845864,4.390455722808838,63.7961041556498,275.4676278531935,224.81,50.65762785319351,8.807433128356934,False,0.0,0.0,True,False,False,280.14621151417055,21.493945732462226
183.4429999999993,59.2,True,False,BLACKOUT,-108.38564454445675,230.41304074626493,-139.03654094139017,34.504826763951925,-77.00220490286357,0.0,339.0012095085402,366.40548544638364,-32.102432895442135,61.16172814177226,-44.97784326327486,-3.2226349289479717,-3.201332169249676,0.0,70.54534898337216,69.07476519753376,4.542455673217773,64.53230952431599,276.7460140561428,224.81,51.936014056142824,9.098280906677246,False,0.0,0.0,True,False,False,295.7420907524684,22.08119416697652
183.54200000000128,59.3,True,False,BLACKOUT,-111.62245990767131,236.57499850501202,-143.57474409776023,34.504826763951925,-77.00220490286357,0.0,345.9535321500778,374.5631502829026,-32.633874368849284,62.07742703316955,-45.78621986412625,-3.2775815138157833,-3.2559155377062314,0.0,71.62567683222198,70.1325652131756,4.619905471801758,65.51265974137384,283.54354884135626,224.81,58.73354884135623,9.07275104522705,False,0.0,0.0,True,False,False,312.0032897986215,22.791141343576264
183.64400000000023,59.4,True,False,BLACKOUT,-114.9105136707032,242.82537638360174,-148.1962497390316,34.504826763951925,-77.00220490286357,0.0,353.00796833606245,382.85343689911923,-33.127200891788384,62.93013053862478,-46.64389296130089,-3.283205940747839,-3.2615027851817198,0.0,72.6085143541099,71.11689509907796,4.627833366394043,66.48906173268392,280.5098036900945,224.81,55.699803690094456,9.592812538146973,False,0.0,0.0,True,False,False,328.9597088181655,23.461574282398747
183.74200000001292,59.5,True,False,BLACKOUT,-118.24857664112102,249.1587745866911,-152.89956940250656,34.504826763951925,-77.00220490286357,0.0,360.1591131616951,391.27083346052075,-33.634058516568,63.737833523162685,-47.42250030819835,-3.32754236524653,-3.305546130191793,0.0,73.57512947031853,72.06775502624126,4.6903276443481445,67.37742738189311,278.90300368515136,224.81,54.09300368515137,9.042069435119629,False,0.0,0.0,True,False,False,346.6192844166128,24.12341853534859
183.84500000000116,59.6,True,False,BLACKOUT,-121.63110479465061,255.5751255948005,-157.67962495948726,34.504826763951925,-77.00220490286357,0.0,367.404558878391,399.8111729454164,-34.01650455402398,64.58918663902544,-48.17861083141562,-3.4327515571581886,-3.410059852035398,0.0,74.56046855221169,72.9992165215819,4.838624954223633,68.16059156735827,276.5306050055914,224.81,51.72060500559134,9.799442291259766,False,0.0,0.0,True,False,False,364.9972557168193,24.783809856127696
183.9429999999993,59.7,True,False,BLACKOUT,-125.05579611226776,262.07772594115283,-162.53791224626957,34.504826763951925,-77.00220490286357,0.0,374.7463033491193,408.4768840353223,-34.477321798318776,65.46282028802116,-48.98713490423068,-3.464523175623533,-3.441621448835765,0.0,75.5619995068934,73.98693505239004,4.883408546447754,69.10352650594228,274.68586034369054,224.81,49.87586034369051,10.042647361755371,False,0.0,0.0,True,False,False,384.1183910766838,25.491168975126833
184.04300000000512,59.8,True,False,BLACKOUT,-128.52655011230055,268.6653405918488,-167.47590463419115,34.504826763951925,-77.00220490286357,0.0,382.1848791547171,417.2690504788804,-34.93775820233725,66.28947272589849,-49.772712854201075,-3.5139813265598114,-3.4907526638553956,0.0,76.52929902059405,74.93291094360757,4.953122138977051,69.97978880463052,272.4634456485287,224.81,47.65344564852868,9.281477928161621,False,0.0,0.0,True,False,False,404.0044758900896,26.181002641897145
184.14300000001094,59.9,True,False,BLACKOUT,-132.04145393929483,275.33874516241747,-172.4957823154147,34.504826763951925,-77.00220490286357,0.0,389.7201671827999,426.1884602210581,-35.36031833754792,67.17861868547433,-50.62484077026962,-3.626018923236509,-3.602049652287039,0.0,77.56912252731328,75.91652600996103,5.111044406890869,70.80548160307016,272.30215214264376,224.81,47.492152142643775,8.412201881408691,False,0.0,0.0,True,False,False,424.6756937972034,26.905267849854848
184.2430000000022,60.0,True,False,BLACKOUT,-135.59978601889867,282.09799217411074,-177.600810121975,34.504826763951925,-77.00220490286357,0.0,397.3518979830414,435.2362330811937,-35.8063232545287,68.00632154839096,-51.47571536093678,-3.653907975366042,-3.629754347891918,0.0,78.52073088109746,76.85670143553486,5.150355339050293,71.70634609648457,269.9663801496181,224.81,45.15638014961805,8.197649002075195,False,[70.36215197],474.764572257151,True,False,False,446.15180008019973,27.60878302325014
184.34300000000803,60.1,True,False,BLACKOUT,-139.20425544406143,288.9423302541033,-182.78871255675085,34.504826763951925,-77.00220490286357,0.0,405.0805451423197,444.4119277100395,-36.283065248726324,68.88044005146061,-52.28233333458005,-3.593526406551977,-3.56977192266036,0.0,79.48357795676468,77.85226936657781,5.065244674682617,72.7870246918952,265.67902088143603,224.81,40.86902088143599,8.678278923034668,False,0.0,0.0,True,False,False,468.45648069803536,28.366487388986773
184.4429999999993,60.2,True,False,BLACKOUT,-142.8552826805378,295.8731942658526,-188.05745148161233,34.504826763951925,-77.00220490286357,0.0,412.90758255012804,453.7160750790628,-36.737479480800964,69.73684018352554,-53.092445162649526,-3.657317272528394,-3.633141108391014,0.0,80.48261480904937,78.82175637084507,5.155160903930664,73.6665954669144,267.2870166408288,224.81,42.47701664082883,7.904235363006592,False,0.0,0.0,True,False,False,491.61676491788404,29.115994775569792
184.54300000000512,60.3,True,False,BLACKOUT,-146.5521653365975,302.89303487022,-193.40862646454218,34.504826763951925,-77.00220490286357,0.0,420.8349172665537,463.15108159395237,-37.20017364039336,70.6599719038221,-53.93105449594736,-3.5622060683420975,-3.5386586229929358,0.0,81.46747593017216,79.85414546737286,5.021097183227539,74.83304828414532,263.1103151677077,224.81,38.300315167707716,8.80712604522705,False,0.0,0.0,True,False,False,515.6607568680528,29.923755257407507
184.64400000000023,60.4,True,False,BLACKOUT,-150.292614766447,310.00464166891913,-198.84780830121306,34.504826763951925,-77.00220490286357,0.0,428.8640736755838,472.720683444053,-37.608814956596554,71.57216407015977,-54.852582237470315,-3.593250361058379,-3.569497701925367,0.0,82.48228881780423,80.85170147947036,5.064855575561523,75.78684590390884,259.1405471261983,224.81,34.33054712619833,8.454781532287598,False,0.0,0.0,True,False,False,540.6151318826902,30.712784273742823
184.74400000000605,60.5,True,False,BLACKOUT,-154.07574983738095,317.2059373882891,-204.37742632596743,34.504826763951925,-77.00220490286357,0.0,436.9927840593399,482.423906654261,-38.05388646208264,72.4537503172387,-55.73977825761723,-3.701898281453398,-3.6774274210376077,0.0,83.52254375783289,81.83913617519337,5.2179999351501465,76.62113624004323,258.3338250050818,224.81,33.52382500508176,8.354998588562012,False,0.0,0.0,True,False,False,566.4961967441795,31.5072273698026
184.84500000000116,60.6,True,False,BLACKOUT,-157.90384333163323,324.49484631686255,-209.99958247973564,34.504826763951925,-77.00220490286357,0.0,445.2201460694328,492.260909587335,-38.507983422962866,73.32442825423009,-56.70334481774712,-3.6790974649478905,-3.654777326014878,0.0,84.49171195355217,82.82111183818361,5.185861110687256,77.63525072749636,259.48774634149095,224.81,34.67774634149094,7.577527046203613,False,0.0,0.0,True,False,False,593.324509768155,32.30527826380098
184.9429999999993,60.7,True,False,BLACKOUT,-161.78182089891703,331.87183531997715,-215.71035205733577,34.504826763951925,-77.00220490286357,0.0,453.5487061153151,502.23240118850975,-39.05156792271354,74.21535180806225,-57.512046734255506,-3.57911859089961,-3.5554593477787866,0.0,85.4786156265741,83.86264604230395,5.044936180114746,78.8177098621892,258.82108288032305,224.81,34.01108288032301,7.755550861358643,False,0.0,0.0,True,False,False,621.1339422005772,33.17112968888432
185.04300000000512,60.8,True,False,BLACKOUT,-165.70584354740458,339.33859262270903,-221.51017359232324,34.504826763951925,-77.00220490286357,0.0,461.97832437328975,512.3384908394582,-39.42888504703752,75.11979424657535,-58.48438396549384,-3.577670028640313,-3.5540203610297163,0.0,86.45738096430611,84.83879103158127,5.04289436340332,79.79589666817795,248.87636024180557,224.81,24.066360241805576,7.974161148071289,False,0.0,0.0,True,False,False,649.948868102882,33.98766726612968
185.14500000000407,60.9,True,False,BLACKOUT,-169.67194738268512,346.89858416755214,-227.39983920269862,34.504826763951925,-77.00220490286357,0.0,470.5103974148158,522.580827188351,-39.893191658573386,76.0800366502878,-59.308928242013245,-3.659380847909456,-3.635191042807018,0.0,87.56372863249337,85.90482359807744,5.158069610595703,80.74675398748174,243.71712905155192,224.81,18.907129051551923,8.034222602844238,False,0.0,0.0,True,False,False,679.7991885635257,34.89836908595317
185.2430000000022,61.0,True,False,BLACKOUT,-173.68004649253464,354.54591457465864,-233.38025161284287,34.504826763951925,-77.00220490286357,0.0,479.1395630475584,532.9550287972513,-40.268790538416816,76.8665714918422,-60.29931996087213,-3.673461197829222,-3.6491783166206093,0.0,88.4420945973412,86.77583364242244,5.177916526794434,81.59791711562801,245.2184345264418,224.81,20.40843452644179,7.713569164276123,False,[73.8713144],480.69516146484705,True,False,False,710.6915995682084,35.64811982301714
185.3420000000042,61.1,True,False,BLACKOUT,-177.72714697972157,362.2723250621801,-239.45776619216826,34.504826763951925,-77.00220490286357,0.0,487.8570726710287,543.4561115167337,-40.67321920532188,77.66163825858695,-61.25097162563592,-3.671404049978035,-3.647134767246229,0.0,89.33225003187086,87.66778665810938,5.1750168800354,82.49276977807398,240.27820209403404,224.81,15.468202094034035,7.387790679931641,False,0.0,0.0,True,False,False,742.6171944803586,36.427152510183035
185.4429999999993,61.2,True,False,BLACKOUT,-181.8140545342737,370.08258743894925,-245.63075375126576,34.504826763951925,-77.00220490286357,0.0,496.66756482524374,554.0876619614017,-41.06493188572088,78.54360927679669,-62.208779556313736,-3.7474153417028933,-3.722643597377493,0.0,90.33456372270045,88.63084784094643,5.282158374786377,83.34868946616005,230.6957544185224,224.81,5.885754418522391,7.404748439788818,False,0.0,0.0,True,False,False,775.6170425115495,37.27806449824071
185.54300000000512,61.3,True,False,BLACKOUT,-185.93717448772026,377.97920257594376,-251.89752454039038,34.504826763951925,-77.00220490286357,0.0,505.5717130805864,564.8496436546768,-41.39746718320968,79.38869346309305,-63.12663622617863,-3.771834204281781,-3.746901042615263,0.0,91.25357708540824,89.5338759295155,5.316577911376953,84.21729801813855,224.42901458178534,224.81,0.38098541821467535,7.5375471115112305,False,0.0,0.0,True,False,False,809.7187208101483,38.08869182929848
185.64300000001094,61.4,True,False,BLACKOUT,-190.10430760421744,385.9621817932723,-258.25710128823476,34.504826763951925,-77.00220490286357,0.0,514.5729166897025,575.7447498296004,-41.94519514673381,80.27089088347708,-64.06489873070933,-3.549284365255141,-3.525822336945707,0.0,92.17448188780368,90.56939504669701,5.002883434295654,85.56651161240136,225.26503695034572,224.81,0.4550369503457054,8.038783073425293,False,0.0,0.0,True,False,False,844.9614994104305,39.028445700471515
185.7430000000022,61.5,True,False,BLACKOUT,-194.32259489079254,394.0309001492421,-264.71219495225785,34.504826763951925,-77.00220490286357,0.0,523.673729488301,586.7765512634502,-42.4205505847683,81.10347623591926,-65.03697454975236,-3.4962846453574956,-3.473172963991463,0.0,93.10374895140761,91.52746565630017,4.928177833557129,86.59928782274304,221.1493360059923,224.81,3.660663994007714,8.43131160736084,False,0.0,0.0,True,False,False,881.3817099992265,39.909144468887945
185.84300000000803,61.6,True,False,BLACKOUT,-198.59079732661473,402.1910634686245,-271.2610705092873,34.504826763951925,-77.00220490286357,0.0,532.8787464543128,597.9484315528927,-42.94349813167523,82.09979015172948,-65.94053659083774,-3.746217114817693,-3.7214532911969216,0.0,94.34888799135122,92.65268250160494,5.2804694175720215,87.37221308403292,215.33844905143985,224.81,9.471550948560148,8.434164047241211,False,0.0,0.0,True,False,False,919.0263115566489,40.95929560980992
185.9429999999993,61.7,True,False,BLACKOUT,-202.91253404169422,410.4466097726026,-277.90446596749183,34.504826763951925,-77.00220490286357,0.0,542.1930930401413,609.2653300041881,-43.4912361699147,83.01113592783133,-66.92737257325226,-3.899308021390916,-3.873532212588259,0.0,95.4801881669109,93.71412012933904,5.49625825881958,88.21786187051946,213.07316025931308,224.81,11.736839740686914,9.15421199798584,False,0.0,0.0,True,False,False,957.9460992336741,41.961939913710694
186.04400000000896,61.8,True,False,BLACKOUT,-207.28449849594887,418.7891547465376,-284.6478332042114,34.504826763951925,-77.00220490286357,0.0,551.607786486594,620.7217887753679,-43.94805291517834,83.83976355086949,-67.93997216113874,-4.005928225255756,-3.9794476190956596,0.0,96.4758372612555,94.66011465924294,5.646544456481934,89.013570202761,209.42119862614015,224.81,15.388801373859854,9.607151985168457,False,0.0,0.0,True,False,False,998.1315119454241,42.86702198296223
186.14300000001094,61.9,True,False,BLACKOUT,-211.70295775533006,427.2144422699979,-291.4894702714612,34.504826763951925,-77.00220490286357,0.0,561.1173677976249,632.312273898959,-44.42113227244576,84.66598691833795,-68.89276918385704,-4.063588580895188,-4.036726819336671,0.0,97.45205363276479,95.61153870335053,5.727819442749023,89.88371926060151,204.16691116934663,224.81,20.64308883065339,10.000694274902344,False,0.0,0.0,True,False,False,1039.5876101364677,43.79110028966905
186.24400000000605,62.0,True,False,BLACKOUT,-216.16273779719788,435.7270906472639,-298.42625449427544,34.504826763951925,-77.00220490286357,0.0,570.7237146276192,644.0371012681103,-44.77446856491064,85.58698062698201,-69.84291527242873,-4.039816192505351,-4.0131115748643085,0.0,98.42503963159002,96.5913261536126,5.694311141967773,90.89701501164483,201.56551039944782,224.81,23.244489600552203,9.697014808654785,False,[77.81896085],469.0309755723078,True,False,False,1082.3512283726027,44.754426633091086
186.3420000000042,62.1,True,False,BLACKOUT,-220.65948027200938,444.3311613895242,-305.46284606639637,34.504826763951925,-77.00220490286357,0.0,580.4285506372814,655.9000325673709,-45.16038093131926,86.49443421822362,-70.88891616998924,-4.104127688401679,-4.076997948966476,0.0,99.4424469487879,97.57431607032906,5.784961223602295,91.78935484672677,197.5070693267051,224.81,27.302930673294917,9.227412223815918,False,0.0,0.0,True,False,False,1126.4572415282,45.72982222587886
186.44400000000314,62.2,True,False,BLACKOUT,-225.19466055742777,453.02515116191574,-312.60165967336945,34.504826763951925,-77.00220490286357,0.0,590.2311597094885,667.901654079815,-45.54322477704841,87.38536122960706,-71.88735596947252,-4.187404795214152,-4.159724564571007,0.0,100.45300682126594,98.54129428986442,5.902344226837158,92.63895006302727,193.79663287286,224.81,31.01336712714004,9.222623825073242,False,0.0,0.0,True,False,False,1171.9310004893148,46.703161736259815
186.54300000000512,62.3,True,False,BLACKOUT,-229.77330173280868,461.8063838943474,-319.84432230602584,-15.517062806055462,-108.49313436775242,0.0,609.2185785488006,688.0753352362094,-46.02959873056995,88.23929341902691,-72.96589668365553,-5.6591666004831955,-1.9056196175874458,0.0,98.77184384605111,99.52334832784925,5.9713945388793945,93.55195378896985,185.41306372783134,198.61,13.19693627216868,9.360791206359863,False,0.0,0.0,True,False,False,1218.800905275274,47.70155411649279
186.64300000001094,62.4,True,False,BLACKOUT,-234.40136545384215,470.6734868017087,-327.19034606126684,-15.517062806055462,-108.49313436775242,0.0,619.1480542022707,700.2841106137919,-46.53167569009959,89.10276472819947,-73.95457842116514,-5.709063651681978,-1.922421526125718,0.0,99.76006308274745,100.52113969080072,6.024044513702393,94.49709517709833,182.11654428818812,198.61,16.493455711811894,9.303531646728516,False,0.0,0.0,True,False,False,1267.1041078111489,48.73133600107468
186.7430000000022,62.5,True,False,BLACKOUT,-239.0783010569905,479.62623830607123,-334.63531374473666,-15.517062806055462,-108.49313436775242,0.0,629.1772594130712,712.6323154106761,-47.007036372867645,89.95226535905218,-74.94477524823144,-5.754438041209815,-1.9377005120479414,0.0,100.72508474508741,101.49419447330689,6.071922302246094,95.4222721710608,177.95099942675316,198.61,20.65900057324683,9.275496482849121,False,0.0,0.0,True,False,False,1316.8703335661753,49.748122285198484
186.8420000000042,62.6,True,False,BLACKOUT,-243.80356492380932,488.66577435297046,-342.1833847419835,-15.517062806055462,-108.49313436775242,0.0,639.3070383733342,725.1227193428463,-47.498240963508614,90.83845557893248,-76.01664469670574,-5.82611644431486,-1.9618368877295926,0.0,101.72738197673824,102.50711149277996,6.147555351257324,96.35955614152263,172.05936274770784,198.61,26.550637252292177,8.721875190734863,False,0.0,0.0,True,False,False,1368.1332187316998,50.816998743115484
186.9429999999993,62.7,True,False,BLACKOUT,-248.57365259942057,497.79631079781495,-349.8362283378394,-15.517062806055462,-108.49313436775242,0.0,649.5400413871992,737.7585323281116,-47.90351254871663,91.7722733179568,-77.04022722041097,-5.838071129750829,-1.9658624068028296,0.0,102.74404825062084,103.52244522059368,6.16016960144043,97.36227561915325,170.40247264070754,198.61,28.2075273592925,8.662638664245605,False,0.0,0.0,True,False,False,1420.9352613889325,51.903272221678634
187.04300000000512,62.8,True,False,BLACKOUT,-253.38488235677957,507.01675415271797,-357.5929636399389,-15.517062806055462,-108.49313436775242,0.0,659.8738685872459,750.5373075930952,-48.3210825984633,92.63659378010351,-78.09447882157936,-5.917752764090132,-1.9926937224855024,0.0,103.69544075941955,104.481890922147,6.2442474365234375,98.23764348562356,169.5148517815312,198.61,29.095148218468807,8.632977485656738,False,0.0,0.0,True,False,False,1475.295145213595,52.94165794176628
187.14300000001094,62.9,True,False,BLACKOUT,-258.240563883205,516.3209821739185,-365.44963959441776,-15.517062806055462,-108.49313436775242,0.0,670.3039446436951,763.453218792473,-48.792547930046716,93.44796664390765,-79.03904026799842,-5.9700742837006455,-2.0103120258913907,0.0,104.62335884396474,105.41933031179235,6.299455642700195,99.11987466909216,168.82194541144332,198.61,29.788054588556747,9.082324028015137,False,0.0,0.0,True,False,False,1531.2244988831499,53.97127514063918
187.24400000000605,63.0,True,False,BLACKOUT,-263.1441756900956,525.7065187236126,-373.40234948822916,-15.517062806055462,-108.49313436775242,0.0,680.8291907787833,776.5035103718608,-49.27968820776477,94.2627643499745,-80.01515760822937,-5.992629748261019,-2.0179071611444113,0.0,105.56390072704059,106.36708331412183,6.32325553894043,100.0438277751814,166.6464876819171,198.61,31.963512318082962,8.852438926696777,False,[76.90684167],385.9390630702755,True,False,False,1588.752225842223,55.02282771812946
187.34300000000803,63.1,True,False,BLACKOUT,-268.094851423273,535.1766011083386,-381.45846174907757,-15.517062806055462,-108.49313436775242,0.0,691.4522887883334,789.694134276428,-49.73382645578267,95.13888334454508,-81.10708760873919,-6.060783295147702,-2.0408566067296214,0.0,106.54218204968426,107.35390359917456,6.395169258117676,100.95873434105688,167.7394448929474,198.61,30.87055510705261,8.610553741455078,False,0.0,0.0,True,False,False,1647.9213937562938,56.12636921284722
187.4429999999993,63.2,True,False,BLACKOUT,-273.09028472983493,544.7340077037695,-389.6225878230974,-15.517062806055462,-108.49313436775242,0.0,702.174952409387,803.0289065364285,-50.174839675455836,96.00924856407485,-82.17543387165664,-6.093940442641766,-2.052021662503476,0.0,107.51343355889777,108.32954512179955,6.4301557540893555,101.8993893677102,168.43108840410375,198.61,30.17891159589624,8.123117446899414,False,0.0,0.0,True,False,False,1708.7712542760162,57.23101307757166
187.54300000000512,63.3,True,False,BLACKOUT,-278.13103929813707,554.3773257621049,-397.89083237135327,-15.517062806055462,-108.49313436775242,0.0,712.9960361472932,816.5050287946307,-50.6402516905874,96.85711260263307,-83.18945709346099,-6.104965108321659,-2.0557340146358825,0.0,108.47646277831848,109.2965477634366,6.441788673400879,102.85475909003573,168.1469025831304,198.61,30.463097416869573,7.916393280029297,False,0.0,0.0,True,False,False,1771.3306117867073,58.340194666506434
187.64300000001094,63.4,True,False,BLACKOUT,-283.2167586788178,564.1071050036293,-406.26059028704725,-15.517062806055462,-108.49313436775242,0.0,723.9158854264834,830.1216033769929,-51.07413592302706,97.73847222785463,-84.20570122041883,-6.169733437524784,-2.0775435508169338,0.0,109.45155260894197,110.2786303583743,6.510130405426025,103.76849995294828,168.9861622807886,198.61,29.62383771921145,7.819428443908691,False,0.0,0.0,True,False,False,1835.6358681071135,59.47934150972515
187.7430000000022,63.5,True,False,BLACKOUT,-288.3465086630846,573.9272053509687,-414.73315072704685,-15.517062806055462,-108.49313436775242,0.0,734.9377025221038,843.8821084135222,-51.520863762308934,98.66353471893584,-85.24550757957203,-6.233653993616929,-2.0990676150927388,0.0,110.47186699680192,111.30540187272608,6.577577590942383,104.7278242817837,167.95503057718508,198.61,30.65496942281493,7.759795665740967,False,0.0,0.0,True,False,False,1901.7391734077687,60.683310779417
187.84300000000803,63.6,True,False,BLACKOUT,-293.5216192958673,583.8370490117151,-423.3108553140653,-15.517062806055462,-108.49313436775242,0.0,746.0614024645317,857.7876756366168,-51.98134889334561,99.53333849599096,-86.30858416079586,-6.224111123262677,-2.095854230112413,0.0,111.45500268048701,112.28956365098779,6.567508220672607,105.72205543031518,169.40256185478188,198.61,29.207438145218134,7.785912990570068,False,0.0,0.0,True,False,False,1969.6756480556319,61.85037970448302
187.9429999999993,63.7,True,False,BLACKOUT,-298.7433367552765,593.8340164949033,-431.99541409478195,-15.517062806055462,-108.49313436775242,0.0,757.2849853879414,871.8374773390605,-52.45300029483869,100.40601116777377,-87.3825914535371,-6.217124677476025,-2.0935016737930567,0.0,112.44512584751175,113.28143854380319,6.560136318206787,106.7213022255964,171.92022024669575,198.61,26.689779753304208,8.102627754211426,False,0.0,0.0,True,False,False,2039.4691288465083,63.03955498742362
188.04400000000896,63.8,True,False,BLACKOUT,-304.01272556891416,603.9184931958303,-440.7829270271336,-15.517062806055462,-108.49313436775242,0.0,768.6091819128717,886.0302835001642,-52.934775977914505,101.2835228507672,-88.36766719349622,-6.216974645134423,-2.0934511531786955,0.0,113.44316513383085,114.28229306805966,6.559978008270264,107.7223150597894,173.7556563207526,198.61,24.85434367924745,8.006035804748535,False,0.0,0.0,True,False,False,2111.1620198551414,64.25539122004169
188.14300000001094,63.9,True,False,BLACKOUT,-309.3295582373534,614.0910280517969,-449.6705762925553,-15.517062806055462,-108.49313436775242,0.0,780.034392992468,900.3650823051763,-53.40187739087141,102.16717426856478,-89.38531811493813,-6.215815961628797,-2.093060987952122,0.0,114.44090636196705,115.28179390906853,6.558755397796631,108.7230385112719,173.45030648185607,198.61,25.159693518143968,7.373345851898193,False,0.0,0.0,True,False,False,2184.794244803991,65.4822518563351
188.24400000000605,64.0,True,False,BLACKOUT,-314.6949397524843,624.352472464992,-458.65823004635,-15.517062806055462,-108.49313436775242,0.0,791.5618014458669,914.8428594559158,-53.9057529117462,103.06171399533922,-90.36775696095529,-6.2388558679668735,-2.1008192500081404,0.0,115.4612119820377,116.30798376998602,6.583066463470459,109.72491730651556,177.17464689933323,198.61,21.43535310066676,7.351001739501953,False,[88.70702811],472.20612300201736,True,False,False,2260.4113073701533,66.75698512224258
188.34300000000803,64.1,True,False,BLACKOUT,-320.1056747830699,634.6994349882556,-467.7449303969511,-15.517062806055462,-108.49313436775242,0.0,803.1870378013263,929.4593792114413,-54.3089476999657,103.87753646993019,-91.36625005106671,-6.265692225213983,-2.1098558966462355,0.0,116.36787244458363,117.21776479416116,6.611383438110352,110.6063813560508,184.93317954925513,198.61,13.676820450744886,7.67489767074585,False,0.0,0.0,True,False,False,2338.0204505296783,67.89935985460846
188.4429999999993,64.2,True,False,BLACKOUT,-325.5607640740718,645.1308952038025,-476.9305980226685,-15.517062806055462,-108.49313436775242,0.0,814.9087523420269,944.2134663167535,-54.79283812007312,104.75166784100868,-92.34710246328113,-6.210903758155259,-2.091406894343364,0.0,117.36970207532146,118.21661061257656,6.553572177886963,111.6630384346896,189.04276182984734,198.61,9.567238170152688,7.1272358894348145,False,0.0,0.0,True,False,False,2417.6486807394044,69.16690320285683
188.54300000000512,64.3,True,False,BLACKOUT,-331.0609888761491,655.6473911499305,-486.2141678262183,-15.517062806055462,-108.49313436775242,0.0,826.7277133483366,959.1052752503822,-55.21165792147276,105.57825108155097,-93.32429360771434,-6.181506457294115,-2.081507897339047,0.0,118.29868746521659,119.14316712206683,6.522552967071533,112.6206141549953,193.18336608538047,198.61,5.426633914619553,6.303188800811768,False,0.0,0.0,True,False,False,2499.3389080925795,70.355734965995
188.64300000001094,64.4,True,False,BLACKOUT,-336.604291592625,666.2527089095786,-495.5969170020775,-15.517062806055462,-108.49313436775242,0.0,838.6466062444548,974.1377902059368,-55.65439640804537,106.52810411141174,-94.33068990947045,-6.2484674278269186,-2.1040557649082943,0.0,119.33939826307466,120.1900528542842,6.593208312988281,113.59684454129592,196.59865132946285,198.61,2.011348670537147,6.620798110961914,False,0.0,0.0,True,False,False,2583.1455097749117,71.71141611212833
188.7430000000022,64.5,True,False,BLACKOUT,-342.1888693601446,676.9514118263096,-505.07908502209716,-15.517062806055462,-108.49313436775242,0.0,850.6689158205489,989.3141495349529,-56.03715894234768,107.44595422320842,-95.31267049092371,-6.273547683629855,-2.112501076885522,0.0,120.3306782713846,121.18084114770674,6.6196722984313965,114.56116884927535,202.5412335206709,198.61,3.931233520670872,6.8036088943481445,False,0.0,0.0,True,False,False,2669.130899248131,73.00962830347828
188.84300000000803,64.6,True,False,BLACKOUT,-347.8127478397665,687.744275609669,-514.6579675765615,-15.517062806055462,-108.49313436775242,0.0,862.7945499014094,1004.6328975947446,-56.440410650089056,108.4113214439805,-96.26498059836469,-6.32763027563562,-2.130712388828055,0.0,121.37063895667681,122.22329799011624,6.676738739013672,115.54655925110256,208.83214637381198,198.61,10.222146373811979,7.311380863189697,False,0.0,0.0,True,False,False,2757.334795803807,74.39086885232217
188.94400000000314,64.7,True,False,BLACKOUT,-353.47604197287035,698.628070370207,-524.3279920891474,-15.517062806055462,-108.49313436775242,0.0,875.0205201806016,1020.0886010662837,-56.8254720119881,109.26457376677669,-97.13550965335281,-6.2962030191164144,-2.120129841824608,0.0,122.310094525881,123.15795284844835,6.643577575683594,116.51437527276475,214.44816588296203,198.61,15.838165882962008,7.498809337615967,False,0.0,0.0,True,False,False,2847.778446507834,75.6455978503049
189.04300000000512,64.8,True,False,BLACKOUT,-359.1803200694381,709.5989066173279,-534.0886659266672,-15.517062806055462,-108.49313436775242,0.0,887.3438014186003,1035.678388780677,-57.260089919367196,110.15215117564074,-98.07796709704495,-6.253982472094726,-2.105912853997649,0.0,123.30245713936563,124.14593954775657,6.599027633666992,117.54691191408958,222.2164323966801,198.61,23.606432396680074,7.942843914031982,False,0.0,0.0,True,False,False,2940.4805122212683,76.98289872165749
189.14300000001094,64.9,True,False,BLACKOUT,-364.92625499518766,720.6561792706951,-543.9413776821725,-15.517062806055462,-108.49313436775242,0.0,899.7640623482195,1051.4026774971378,-57.6586085956242,110.99330189170502,-98.97626801306171,-6.255422692193177,-2.1063978214614125,0.0,124.23296501424696,125.07608968146772,6.6005473136901855,118.47554236777754,230.13345111198737,198.61,31.523451111987363,7.75399112701416,False,0.0,0.0,True,False,False,3035.477758959959,78.25633732713342
189.24200000001292,65.0,True,False,BLACKOUT,-370.711514543288,731.8008729376751,-553.885303259175,-15.517062806055462,-108.49313436775242,0.0,912.2812709128293,1067.2610020162995,-58.046582366383134,111.90057144789415,-99.90224352698864,-6.267608752806557,-2.110501251843544,0.0,125.2181568568246,126.06007938591252,6.613405704498291,119.44667368141423,235.61950057166044,198.61,37.009500571660425,7.759521007537842,False,[115.57175545],832.2372965568845,True,False,False,3132.8085290243766,79.61549360394125
189.3420000000042,65.1,True,False,BLACKOUT,-376.5382351992763,743.030682196437,-563.9232222015395,-15.517062806055462,-108.49313436775242,0.0,924.8941004743295,1083.2536626434207,-58.487830753383136,112.69561372734458,-100.85613532030068,-6.338165980491377,-2.134260092452212,0.0,126.11695943605459,126.96900290865975,6.6878557205200195,120.28114718813973,238.96636187510475,198.61,40.35636187510473,7.825563907623291,False,0.0,0.0,True,False,False,3232.5024660343342,80.88316163535166
189.44200000001,65.2,True,False,BLACKOUT,-382.4062230471168,754.3426893944654,-574.0561583863264,-15.517062806055462,-108.49313436775242,0.0,937.5997625158702,1099.3788189932911,-58.871926203427044,113.54453023322306,-101.80258837543792,-6.399145993069049,-2.1547939831206397,0.0,127.04222245821722,127.8994293997634,6.752200126647949,121.14722927311546,242.8609929698368,198.61,44.250992969836766,7.4548540115356445,False,0.0,0.0,True,False,False,3334.5763488652083,82.19325057142169
189.54300000000512,65.3,True,False,BLACKOUT,-388.3177616806391,765.7404454077995,-584.2822265682697,-15.517062806055462,-108.49313436775242,0.0,950.4023953508083,1115.6390246724652,-59.35884646701916,114.41059003345727,-102.71877526342973,-6.396087050538011,-2.1537639408356646,0.0,128.0324275426047,128.89241934923476,6.748972415924072,122.14344693331068,248.62147590455135,198.61,50.01147590455132,7.480694770812988,False,0.0,0.0,True,False,False,3439.105745103744,83.60508499369794
189.64400000000023,65.4,True,False,BLACKOUT,-394.2765447977026,777.2261443335047,-594.5948116579638,-15.517062806055462,-108.49313436775242,0.0,963.305447852163,1132.0337344409068,-59.816815874250935,115.3033884806499,-103.53292653044917,-6.441392750560054,-2.16901979683806,0.0,129.02985119787536,129.8958153923894,6.796777725219727,123.09903766716968,250.06368851941446,198.61,51.45368851941445,7.6373395919799805,False,0.0,0.0,True,False,False,3546.1659273583996,85.04792874958814
189.7430000000022,65.5,True,False,BLACKOUT,-400.28225522725097,788.8016287308585,-604.9899357627858,-15.517062806055462,-108.49313436775242,0.0,976.3104758134638,1148.5621304733024,-60.2973927167153,116.20629946642501,-104.3695555659912,-6.411018431859923,-2.158791807158293,0.0,130.05397404835895,130.91859915273398,6.764727592468262,124.15387156026571,250.7214278086908,198.61,52.111427808690785,7.480411052703857,False,0.0,0.0,True,False,False,3655.814856837625,86.53316728117605
189.84300000000803,65.6,True,False,BLACKOUT,-406.3339512125214,800.4652990407335,-615.4681238113537,-15.517062806055462,-108.49313436775242,0.0,989.4156224398931,1165.2228479376763,-60.73652698869316,117.0671067310755,-105.19420540536701,-6.419621792460588,-2.16168882961676,0.0,131.01844099572344,131.8849240399875,6.773805618286133,125.11111842170138,253.09241530163513,198.61,54.48241530163509,7.3915181159973145,False,0.0,0.0,True,False,False,3768.080169063677,87.95178579197504
189.9429999999993,65.7,True,False,BLACKOUT,-412.4287369589079,812.2141579123519,-626.0302302373073,-15.517062806055462,-108.49313436775242,0.0,1002.6169732936809,1182.0129628339773,-61.15918793903739,117.91007070129255,-106.04792311370412,-6.45107525944911,-2.172280202510668,0.0,131.95737414614862,132.82782480394047,6.806994438171387,126.02083036576909,254.48573370830422,198.61,55.87573370830419,7.4561004638671875,False,0.0,0.0,True,False,False,3882.9692223467873,89.34883954389592
190.04400000000896,65.8,True,False,BLACKOUT,-418.5663693466637,824.0488493228174,-636.6752819373288,-15.517062806055462,-108.49313436775242,0.0,1015.9150037519912,1198.932320641322,-61.59345981607786,118.78375750801985,-106.85311088672793,-6.500382575088281,-2.188883528513574,0.0,132.92714936850038,133.80334577221475,6.85902214050293,126.94432363171182,255.80181365739412,198.61,57.1918136573941,7.489118576049805,False,0.0,0.0,True,False,False,4000.529243695086,90.80864291227087
190.14300000001094,65.9,True,False,BLACKOUT,-424.7483326519436,835.9701513680687,-647.4014293875895,-15.517062806055462,-108.49313436775242,0.0,1029.310997863416,1215.9809789201786,-62.04580628952007,119.64228339700693,-107.66983811848348,-6.523533198063985,-2.196679072348263,0.0,133.89344862558127,134.7737290964614,6.883450031280518,127.89027906518089,257.65572597847506,198.61,59.04572597847503,7.120578289031982,False,0.0,0.0,True,False,False,4120.817064810014,92.27454316019514
190.2430000000022,66.0,True,False,BLACKOUT,-430.97519895239765,847.9778132578541,-658.206946780199,-15.517062806055462,-108.49313436775242,0.0,1042.8049369570604,1233.1579466279777,-62.49151971956174,120.51095439870232,-108.44050973370632,-6.396905449847172,-2.154039521656774,0.0,134.8825655284989,135.7500650716105,6.749835968017578,129.00022910359291,259.41701270108695,198.61,60.80701270108696,6.947987079620361,False,[139.33012711],1255.2414168670477,True,False,False,4243.878000265911,93.76459244448198
190.34300000000803,66.1,True,False,BLACKOUT,-437.24670231069354,860.0725035877119,-669.0895407699292,-15.517062806055462,-108.49313436775242,0.0,1056.3973134501941,1250.4623534647105,-62.93854744635594,121.3828521984556,-109.21137006089637,-6.248825336304475,-2.104176283964241,0.0,135.87777889093132,136.7298707762474,6.593585968017578,130.13628480822982,261.12069008735574,198.61,62.51069008735573,6.355883598327637,False,0.0,0.0,True,False,False,4369.762260066652,95.27412146248477
190.4429999999993,66.2,True,False,BLACKOUT,-443.5633564341312,872.2523328295196,-680.0502884963861,-15.517062806055462,-108.49313436775242,0.0,1070.0865857101135,1267.8934086904728,-63.39453502239718,122.21373263769719,-110.0035844682404,-6.3320056163928236,-2.132185703852894,0.0,136.8138869794092,137.6773892690607,6.6813554763793945,130.99603379268132,262.79954316444866,198.61,64.18954316444865,6.38533878326416,False,0.0,0.0,True,False,False,4498.500362029501,96.74736277184405
190.54400000000896,66.3,True,False,BLACKOUT,-449.926235724758,884.5140770655453,-691.08943181483,-15.517062806055462,-108.49313436775242,0.0,1083.8702189258847,1285.4490477030156,-63.86305079013863,123.02115208281793,-110.77928190063757,-6.51748355060306,-2.1946419655276146,0.0,137.7225804332092,138.60985937518168,6.877066612243652,131.73279276293803,264.2820412465294,198.61,65.67204124652935,6.1353678703308105,False,0.0,0.0,True,False,False,4630.113544270277,98.2115889035162
190.64400000000023,66.4,True,False,BLACKOUT,-456.33575673114956,896.8580258255273,-702.2051406881333,-15.517062806055462,-108.49313436775242,0.0,1097.7486398150531,1303.128595275478,-64.32736933769264,123.85782311682335,-111.53489556542674,-6.597997141390824,-2.221753427147153,0.0,138.66773249637444,139.56636698412058,6.962022304534912,132.60434467958567,264.5348191604944,198.61,65.92481916049438,6.304717540740967,False,0.0,0.0,True,False,False,4764.651847281769,99.72785738923972
190.7430000000022,66.5,True,False,BLACKOUT,-462.7909647250946,909.2838009405299,-713.3961590503262,-15.517062806055462,-108.49313436775242,0.0,1111.7211131319768,1320.9306995944792,-64.77679054120895,124.65767918322987,-112.28547167843095,-6.722078858846836,-2.263535649099751,0.0,139.56842165417135,140.4833426857744,7.092949867248535,133.39039281852587,265.5585895736366,198.61,66.94858957363657,6.149058818817139,False,0.0,0.0,True,False,False,4902.152590858563,101.19421189068055
190.84400000001187,66.6,True,False,BLACKOUT,-469.2901015035281,921.7907799830689,-724.6624759449032,-15.517062806055462,-108.49313436775242,0.0,1125.7863539849773,1338.8542186740817,-65.2059450274608,125.48190166755016,-113.0408662131098,-6.758813283497894,-2.2759052867509673,0.0,140.4924355503478,141.412598141145,7.131711006164551,134.28088713498045,267.2345042299013,198.61,68.62450422990129,5.275074005126953,False,0.0,0.0,True,False,False,5042.64635645631,102.69350925814993
190.9429999999993,66.7,True,False,BLACKOUT,-475.8323667402967,934.3805551576771,-736.0041462429164,-15.517062806055462,-108.49313436775242,0.0,1139.9454861266197,1356.9000754024667,-65.63935970791172,126.31360182461366,-113.79253974715316,-6.769933301057541,-2.279649746864188,0.0,141.42783925096717,142.3504532791226,7.143444538116455,135.20700874100615,268.57579972993517,198.61,69.96579972993513,5.108001708984375,False,0.0,0.0,True,False,False,5186.1894066004525,104.22037232431526
191.04400000000896,66.8,True,False,BLACKOUT,-482.41795162280664,947.0532792287785,-747.4198055675988,-15.517062806055462,-108.49313436775242,0.0,1154.1987139285725,1375.0676481501112,-66.07233794228615,127.14087959741465,-114.52064674649506,-6.844023067339661,-2.304598104468225,0.0,142.35211617813928,143.28418302786935,7.221621990203857,136.0625610376655,268.85249817891554,198.61,70.24249817891554,4.648730754852295,False,0.0,0.0,True,False,False,5332.830370390833,105.75430966005263
191.14400000000023,66.9,True,False,BLACKOUT,-489.0481058000506,959.8094038810075,-758.9067099247294,-15.517062806055462,-108.49313436775242,0.0,1168.5469446743352,1393.3561483972794,-66.5307456025935,127.98161344716358,-115.21744039611696,-6.905087586085645,-2.3251604510248622,0.0,143.30064346560053,144.2415803122533,7.286055564880371,136.95552474737292,268.31062094787484,198.61,69.70062094787481,4.545384407043457,False,0.0,0.0,True,False,False,5482.62693365598,107.34109052799195
191.2430000000022,67.0,True,False,BLACKOUT,-495.7227755054158,972.6474322373678,-770.4641949566476,-15.517062806055462,-108.49313436775242,0.0,1182.988779012016,1411.7639770792198,-66.96264850470996,128.77895368004025,-115.93226024224715,-6.885067306574633,-2.3184189924181284,0.0,144.20761728924023,145.14825250650208,7.264930725097656,137.88332178140442,268.2495390089854,198.61,69.6395390089854,4.966721057891846,False,[158.06652401],1626.7821915702161,True,False,False,5635.611099467839,108.85736353264555
191.3420000000042,67.1,True,False,BLACKOUT,-502.4419857885229,985.5669904153172,-782.093348071349,-15.517062806055462,-108.49313436775242,0.0,1197.5238775330652,1430.2913837254562,-67.42155715743166,129.61220987894797,-116.65080205178343,-6.863830499763641,-2.311267890757597,0.0,145.15867953656382,146.09925160396025,7.242522239685059,138.8567293642752,269.2519368851332,198.61,70.64193688513319,5.004649639129639,False,0.0,0.0,True,False,False,5791.8259685884805,110.46162377922121
191.44400000000314,67.2,True,False,BLACKOUT,-509.20715118513044,998.5685921136185,-793.7939170787873,-15.517062806055462,-108.49313436775242,0.0,1212.1532780979692,1448.9390437126528,-67.88175077471864,130.41982408708023,-117.36057809698279,-6.878088091262275,-2.3160688708271753,0.0,146.08307273647407,147.0281014063161,7.257566452026367,139.77053495428973,269.84543462540597,198.61,71.23543462540594,4.804422855377197,False,0.0,0.0,True,False,False,5951.331484367864,112.04207317642235
191.54300000000512,67.3,True,False,BLACKOUT,-516.0171058025466,1011.6513154632277,-805.5643077798686,-15.517062806055462,-108.49313436775242,0.0,1226.8756585435374,1467.7049211253254,-68.31734157360216,131.23464290510424,-118.04723592464276,-6.898609081118152,-2.322978934375814,0.0,147.00305796955678,147.95198767882255,7.279219627380371,140.67276805144218,270.06959142888724,198.61,71.45959142888722,5.036997318267822,False,0.0,0.0,True,False,False,6114.1604919421,113.62924482341555
191.64300000001094,67.4,True,False,BLACKOUT,-522.8724423540646,1024.8152293652902,-817.4014975507713,-15.517062806055462,-108.49313436775242,0.0,1241.6913177048357,1486.5875475940911,-68.7893894567591,132.04363513614484,-118.69655949341183,-6.857349283368288,-2.3090854610853975,0.0,147.9399578610049,148.887547101163,7.235683441162109,141.65186366000088,270.4331116212193,198.61,71.8231116212193,4.945723056793213,False,0.0,0.0,True,False,False,6280.365820439073,115.2503800359972
191.7430000000022,67.5,True,False,BLACKOUT,-529.773871561917,1038.060596433985,-829.3030431005295,-15.517062806055462,-108.49313436775242,0.0,1256.6007810626038,1505.5859524659975,-69.2391947002893,132.86370623775332,-119.33435150175136,-6.884258849167626,-2.318146759348573,0.0,148.86998154338426,149.82266356588573,7.264077663421631,142.5585859024641,270.5649267949051,198.61,71.95492679490505,4.787440299987793,False,0.0,0.0,True,False,False,6450.003172052342,116.88528112619767
191.84300000000803,67.6,True,False,BLACKOUT,-536.7211613844859,1051.3875077771254,-841.2688591815113,-15.517062806055462,-108.49313436775242,0.0,1271.6040328645424,1524.7000065015839,-69.70660175108736,133.6745206250548,-119.981970117884,-6.866684277586585,-2.3122288476241386,0.0,149.80404287008255,150.75771221407845,7.245533466339111,143.51217874773934,270.6285294798598,198.61,72.01852947985982,4.722999572753906,False,0.0,0.0,True,False,False,6623.121697656025,118.53469923327495
191.9429999999993,67.7,True,False,BLACKOUT,-543.7152881184287,1064.7948775915618,-853.3000906883905,-15.517062806055462,-108.49313436775242,0.0,1286.700479610768,1543.9297811103313,-70.1759329277694,134.47287566367277,-120.64266001969975,-6.796914267790533,-2.2887350880703425,0.0,150.73366638449835,151.68261552182037,7.171914100646973,144.5107014211734,271.108104044611,198.61,72.49810404461103,4.505009174346924,False,0.0,0.0,True,False,False,6799.763879910648,120.17859697340069
192.04300000000512,67.8,True,False,BLACKOUT,-550.7566167720108,1078.282835819728,-865.3959594413919,-15.517062806055462,-108.49313436775242,0.0,1301.8903884521578,1563.2750078478186,-70.65064014387183,135.28628889965145,-121.27471504033134,-6.608643110979566,-2.2253382603794547,0.0,151.6931936118438,152.6233694981828,6.973255634307861,145.65011386387494,271.6072968990246,198.61,72.99729689902458,4.186122417449951,False,0.0,0.0,True,False,False,6979.9829329204185,121.86626337540969
192.14300000001094,67.9,True,False,BLACKOUT,-557.8451879349132,1091.8515501748566,-877.554487919738,-15.517062806055462,-108.49313436775242,0.0,1317.1739281565958,1582.7346702096188,-71.12078311417532,136.08799820292117,-121.89585452659064,-6.440208308489756,-2.1686209578915507,0.0,152.63836181960255,153.5516494396978,6.795527935028076,146.75612150466972,272.36205430762266,198.61,73.75205430762264,3.832036018371582,False,0.0,0.0,True,False,False,7163.831894435652,123.54581935218648
192.2430000000022,68.0,True,False,BLACKOUT,-564.9802938751723,1105.499919783284,-889.7761835300412,-15.517062806055462,-108.49313436775242,0.0,1332.549803130778,1602.307908799417,-71.58133569100613,136.87939396563058,-122.53805767947101,-6.404197835077392,-2.15649509742168,0.0,153.55467347705218,154.466359158578,6.757530689239502,147.7088284693385,272.2345769814816,198.61,73.62457698148161,3.894906997680664,False,[172.76132053],1877.859494561029,True,False,False,7351.345108356551,125.21654403083211
192.34300000000803,68.1,True,False,BLACKOUT,-572.1616918698694,1119.2285329672234,-902.0607262020519,-15.517062806055462,-108.49313436775242,0.0,1348.0184477629984,1621.9948487173247,-72.04662420293583,137.69286971315825,-123.15279576074377,-6.333580052170359,-2.1327158659626373,0.0,154.49724448709276,155.40283919183662,6.683016777038574,148.71982241479805,272.1689975394753,198.61,73.55899753947526,3.971546173095703,False,0.0,0.0,True,False,False,7542.579094546079,126.94087086917642
192.4429999999993,68.2,True,False,BLACKOUT,-579.3884476643468,1133.0370531684432,-914.4064908614758,-15.517062806055462,-108.49313436775242,0.0,1363.5791672014018,1641.7939504564106,-72.48849168661158,138.4775343112421,-123.76249742773305,-6.3043481484086925,-2.122872563370538,0.0,155.3988908235579,156.3029396266148,6.652172088623047,149.65076753799175,272.1550300471293,198.61,73.54503004712926,4.081661224365234,False,0.0,0.0,True,False,False,7737.575364205243,128.61292319474973
192.54300000000512,68.3,True,False,BLACKOUT,-586.6599111905537,1146.9249696709328,-926.8138178538336,-15.517062806055462,-108.49313436775242,0.0,1379.2312239827102,1661.7047337519516,-72.94077883752419,139.28079573855078,-124.38404241942102,-6.275226961284654,-2.1130665425571085,0.0,156.32184779400635,157.22435332666666,6.621444225311279,150.60290910135538,272.61568749742594,198.61,74.00568749742592,3.9282798767089844,False,0.0,0.0,True,False,False,7936.374796005652,130.33771939866008
192.64300000001094,68.4,True,False,BLACKOUT,-593.975991857505,1160.8928803890274,-939.2830003385376,-15.517062806055462,-108.49313436775242,0.0,1394.97512058798,1681.7277252232047,-73.38083450150371,140.07741862334177,-124.99960727466012,-6.319177399281201,-2.127866039154475,0.0,157.22470810670205,158.1342154004503,6.667819499969482,151.46639590048082,273.034636953813,198.61,74.42463695381299,3.8110809326171875,False,0.0,0.0,True,False,False,8139.0351797532385,132.0552810340781
192.7430000000022,68.5,True,False,BLACKOUT,-601.3367779328411,1174.9395860382872,-951.8127892833106,-15.517062806055462,-108.49313436775242,0.0,1410.8097981089002,1701.8612964291042,-73.83488700521679,140.85669436185435,-125.59617162080087,-6.192565467726905,-2.0852318144313675,0.0,158.1387932228139,159.03521272228357,6.53422212600708,152.5009905962765,272.8789258954218,198.61,74.26892589542177,3.645829200744629,False,0.0,0.0,True,False,False,8345.59472320482,133.77174289504305
192.84300000000803,68.6,True,False,BLACKOUT,-608.7426553635854,1189.064900127513,-964.4030029747507,-15.517062806055462,-108.49313436775242,0.0,1426.7352440268828,1722.105283859023,-74.28266160967107,141.64958742266248,-126.20810220800206,-6.076083882563256,-2.0460087963713263,0.0,159.0615026270895,159.94536389913713,6.411314010620117,153.53404988851702,272.68277836492655,198.61,74.07277836492656,3.5098719596862793,False,0.0,0.0,True,False,False,8556.105627589222,135.5185886960989
192.9429999999993,68.7,True,False,BLACKOUT,-616.1936132773135,1203.2687426640157,-977.0545029073753,-15.517062806055462,-108.49313436775242,0.0,1442.7513785541698,1742.4600546272318,-74.73649666489025,142.42726330738964,-126.82189644448962,-6.038970309916402,-2.0335114876494798,0.0,159.96332573960615,160.84486086590908,6.372152805328369,154.47270806058071,272.75536877854574,198.61,74.14536877854576,3.338245153427124,False,0.0,0.0,True,False,False,8770.619021887584,137.2599816030574
193.04400000000896,68.8,True,False,BLACKOUT,-623.6902724416918,1217.5500684451083,-989.7660476131682,-15.517062806055462,-108.49313436775242,0.0,1458.8575079988796,1762.9242915260127,-75.196686622677,143.19925231445993,-127.40899767136868,-6.010667974006168,-2.023981199827685,0.0,160.86171927714665,161.74228742802373,6.342288970947266,155.39999845707646,273.0436418791124,198.61,74.43364187911239,3.204437732696533,False,0.0,0.0,True,False,False,8989.178940865493,139.01290403222586
193.1420000000071,68.9,True,False,BLACKOUT,-631.232638092774,1231.908218808597,-1002.5372457349331,-15.517062806055462,-108.49313436775242,0.0,1475.0530354016573,1783.4972347422995,-75.6506263989667,143.9637549553147,-128.0149647639302,-6.006871975001777,-2.022702967416133,0.0,161.74763808813654,162.63019404584728,6.338283538818359,156.29191050702892,273.62561865809977,198.61,75.01561865809974,2.9849765300750732,False,0.0,0.0,True,False,False,9211.829532934962,140.75995859171863
193.24200000001292,69.0,True,False,BLACKOUT,-638.8198749055247,1246.3440499923838,-1015.3687414576407,-15.517062806055462,-108.49313436775242,0.0,1491.3383893992698,1804.1795567030686,-76.09410985604671,144.7528687204244,-128.61494969022087,-5.911726615670662,-1.990664528532164,0.0,162.66293821177163,163.53503159132762,6.237888813018799,157.29714277830882,273.0500628385481,198.61,74.44006283854809,2.7906699180603027,False,[183.39426171],1976.5286589982356,True,False,False,9438.6288704994,142.55422462228313
193.34300000000803,69.1,True,False,BLACKOUT,-646.4507191476614,1260.8576221995797,-1028.2600970081799,-15.517062806055462,-108.49313436775242,0.0,1507.713093800048,1824.9705751916615,-76.52277498668819,145.51857542349515,-129.21216132056256,-5.858936470944962,-1.9728884242916591,0.0,163.54543705570646,164.4122589253817,6.182186126708984,158.23007279867272,272.6542028712706,198.61,74.04420287127064,2.7246932983398438,False,0.0,0.0,True,False,False,9669.62317930806,144.31001703376342
193.44200000001,69.2,True,False,BLACKOUT,-654.1256541528012,1275.448485176355,-1041.2118453099115,-15.517062806055462,-108.49313436775242,0.0,1524.176938300879,1845.8703762891676,-76.97592511610769,146.29868411200673,-129.82280471406722,-5.723279216048777,-1.9272083543364542,0.0,164.4623201380885,165.31363531295702,6.039044380187988,159.27459093276903,273.04541970684465,198.61,74.43541970684464,2.816908359527588,False,0.0,0.0,True,False,False,9904.863131341439,146.1251384291948
193.54400000000896,69.3,True,False,BLACKOUT,-661.8462103173498,1290.1173901102668,-1054.2230137410993,-15.517062806055462,-108.49313436775242,0.0,1540.7312439563743,1866.8794628482908,-77.43519817486374,147.0794145662281,-130.40056390968618,-5.585818861625506,-1.8809211239857622,0.0,165.38293417592635,166.21842288243747,5.894000053405762,160.3244228290317,273.40633026058117,198.61,74.79633026058119,2.484539031982422,False,0.0,0.0,True,False,False,10144.423953038233,147.96455661499766
193.64300000001094,69.4,True,False,BLACKOUT,-669.6112977875531,1304.8642728503855,-1067.2916054789575,-15.517062806055462,-108.49313436775242,0.0,1557.3754938274867,1887.9962393766198,-77.86655122920224,147.85824023614546,-130.97127084747925,-5.552967201670366,-1.8698589354869328,0.0,166.2761501733099,167.10852463611687,5.859335899353027,161.24918873676384,273.8315496378865,198.61,75.22154963788645,2.5186309814453125,False,0.0,0.0,True,False,False,10388.353312109317,149.78995130165717
193.7430000000022,69.5,True,False,BLACKOUT,-677.4183562627474,1319.6888234075568,-1080.4179415740714,-15.517062806055462,-108.49313436775242,0.0,1574.1083275284955,1909.2197241987917,-78.27461827468251,148.63277090727692,-131.5554510547992,-5.450032813905956,-1.8351976854308794,0.0,167.1646787450927,167.9839767764245,5.750722408294678,162.23325436812982,273.78129404531865,198.61,75.17129404531865,2.2812297344207764,False,0.0,0.0,True,False,False,10636.683384901131,151.5985775091527
193.84300000000803,69.6,True,False,BLACKOUT,-685.2663351598942,1334.5915205697315,-1093.6014275554703,-15.517062806055462,-108.49313436775242,0.0,1590.929731048651,1930.5495309589692,-78.6849596682552,149.42117233621732,-132.11426857317824,-5.340184737002478,-1.798208378510025,0.0,168.06771585721563,168.87276162935368,5.6348137855529785,163.2379478438007,273.63097308753095,198.61,75.02097308753092,2.02829647064209,False,0.0,0.0,True,False,False,10889.468862363636,153.45192645008547
193.9429999999993,69.7,True,False,BLACKOUT,-693.1542848960721,1349.5733941834367,-1106.8411341874528,-15.517062806055462,-108.49313436775242,0.0,1607.8402303845958,1951.9855283204731,-79.07403505530147,150.21629993788463,-132.67986406647358,-5.2345176818595505,-1.7626269532881795,0.0,168.96706349148428,169.757591249863,5.523316860198975,164.23427438966402,273.3515322257686,198.61,74.7415322257686,2.118469476699829,False,0.0,0.0,True,False,False,11146.77351891738,155.3102438481619
194.04300000000512,69.8,True,False,BLACKOUT,-701.081118514618,1364.6348543825827,-1120.136967214053,-15.517062806055462,-108.49313436775242,0.0,1624.8397292407583,1973.5275450417905,-79.46263731561471,151.01290404503297,-133.23679646552813,-5.142357604602602,-1.7315937528935808,0.0,169.865786972727,170.64351120762623,5.426072120666504,165.21743908695973,273.2397783878718,198.61,74.62977838787178,1.9313169717788696,False,0.0,0.0,True,False,False,11408.65080453433,157.18590412907437
194.14400000000023,69.9,True,False,BLACKOUT,-709.0480556577487,1379.7752919711652,-1133.4887001103557,-15.517062806055462,-108.49313436775242,0.0,1641.9281795752133,1995.175375790569,-79.876105547001,151.79584772661536,-133.79786146052552,-5.0546994014030036,-1.7020764752708721,0.0,170.7625706994731,171.52892357966175,5.333577632904053,166.1953459467577,273.392430299625,198.61,74.78243029962498,1.777311086654663,False,0.0,0.0,True,False,False,11675.157690623773,159.07523020872432
194.2430000000022,70.0,True,False,BLACKOUT,-717.0553991171598,1394.9944700600913,-1146.8962036451594,-15.517062806055462,-108.49313436775242,0.0,1659.1054860925294,2016.9288326358983,-80.27076364121962,152.58771405191112,-134.35220923554778,-4.9037971433624,-1.6512629326485602,0.0,171.66782360224838,172.4134738793124,5.174349784851074,167.23912409446132,273.7772608908463,198.61,75.1672608908463,1.6760019063949585,False,[193.36270127],2040.3884637572723,True,False,False,11946.350143706271,160.978013433723
194.34300000000803,70.1,True,False,BLACKOUT,-725.1036181266047,1410.2929472766493,-1160.359797007615,-15.517062806055462,-108.49313436775242,0.0,1676.372345658457,2038.7886353911215,-80.69361654767738,153.38183027925174,-134.91965801356378,-4.8527156500933195,-1.6340621851637787,0.0,172.5739527434439,173.31314321584725,5.120450019836426,168.19269319601082,274.07176461816925,198.61,75.46176461816927,1.2875146865844727,False,0.0,0.0,True,False,False,12222.297673588157,162.926485704627
194.4429999999993,70.2,True,False,BLACKOUT,-733.1934311222678,1425.670284734147,-1173.8795965881534,-15.517062806055462,-108.49313436775242,0.0,1693.7286577695902,2060.7547339351045,-81.10264336558515,154.16491887069776,-135.47633359720172,-4.68191693441399,-1.5765488786586335,0.0,173.4806392799834,174.19661584340298,4.94022798538208,169.2563878580209,274.13702656971157,198.61,75.52702656971157,1.3535443544387817,False,0.0,0.0,True,False,False,12503.056886828,164.85522043794327
194.54300000000512,70.3,True,False,BLACKOUT,-741.325164906498,1441.1258237452525,-1187.455147010641,-15.517062806055462,-108.49313436775242,0.0,1711.1739585494754,2082.8264552237533,-81.53203231901837,154.9458613514176,-136.03467485255436,-4.528439723715408,-1.5248682683838188,0.0,174.39220882922606,175.087670165555,4.77828311920166,170.30938704635335,273.89211017792667,198.61,75.28211017792665,1.0954594612121582,False,0.0,0.0,True,False,False,12788.679062080822,166.81648224757865
194.64400000000023,70.4,True,False,BLACKOUT,-749.498766094913,1456.6592647620696,-1201.0862055346054,-15.517062806055462,-108.49313436775242,0.0,1728.7079490951182,2105.003383937937,-81.93999144928266,155.72295898492317,-136.58649562673392,-4.341903880735019,-1.4620557755096404,0.0,175.2957274423238,175.96534361552156,4.581455707550049,171.3838879079715,273.6669486547675,198.61,75.0569486547675,1.1085118055343628,False,0.0,0.0,True,False,False,13079.218191275528,168.76346823411998
194.7430000000022,70.5,True,False,BLACKOUT,-757.7132223221939,1472.2705235819,-1214.7721027765785,-15.517062806055462,-108.49313436775242,0.0,1746.3301181319846,2127.2846878542377,-82.34913309633602,156.5022174116895,-137.13144921273107,-4.160914263442831,-1.401110871491054,0.0,176.20118798454874,176.84547994363268,4.3904805183410645,172.45499942529162,273.8338649321105,198.61,75.22386493211049,0.8455943465232849,False,0.0,0.0,True,False,False,13374.722995779886,170.7304024355693
194.84300000000803,70.6,True,False,BLACKOUT,-765.9688049896932,1487.9594853917183,-1228.5136457302128,-15.517062806055462,-108.49313436775242,0.0,1764.0404713280627,2149.6708032228266,-82.76252025365022,157.2770187846764,-137.69940985995524,-4.012889282266627,-1.3512661986025933,0.0,177.1000767217944,177.72364895120546,4.234288692474365,173.4893602587311,274.10428466338107,198.61,75.49428466338105,0.7587721943855286,False,0.0,0.0,True,False,False,13675.252859136617,172.70660420416277
194.9429999999993,70.7,True,False,BLACKOUT,-774.2657635438047,1503.7263860137198,-1242.3112288400662,-15.517062806055462,-108.49313436775242,0.0,1781.8393229385997,2172.162185950304,-83.17665082858036,158.06099365535502,-138.25225233711205,-3.8394844325089257,-1.2928753246787077,0.0,178.01135225221924,178.61028234224858,4.051316738128662,174.55896560411992,274.2700426223471,198.61,75.66004262234705,0.5812203288078308,False,0.0,0.0,True,False,False,13980.87339315004,174.7171565653818
195.04400000000896,70.8,True,False,BLACKOUT,-782.6043533863898,1519.5717465400721,-1256.1634035728214,-15.517062806055462,-108.49313436775242,0.0,1799.7272481727023,2194.758452379428,-83.59514602312072,158.84621687169093,-138.79124231798994,-3.6895510580237283,-1.2423880356623918,0.0,178.92251263580224,179.50005307262487,3.893111228942871,175.606941843682,274.1269805567636,198.61,75.51698055676358,0.8172411918640137,False,0.0,0.0,True,False,False,14291.656096438313,176.7517410044498
195.14300000001094,70.9,True,False,BLACKOUT,-790.9868573205708,1535.4939080524168,-1270.0707392667032,-15.517062806055462,-108.49313436775242,0.0,1817.703715639543,2217.459465377275,-84.05493266050084,159.597013375203,-139.3554715596449,-3.5899858453280364,-1.2088612929568532,0.0,179.8141735063188,180.37859735247434,3.788052797317505,176.59054455515684,273.9030249902571,198.61,75.29302499025711,0.7566583752632141,False,0.0,0.0,True,False,False,14607.654388586941,178.77439573403407
195.2430000000022,71.0,True,False,BLACKOUT,-799.414923470375,1551.4913281460117,-1284.0355628659997,-15.517062806055462,-108.49313436775242,0.0,1835.7680332060497,2240.265966006227,-84.50639033558308,160.3513884966946,-139.9410004262873,-3.502111857661224,-1.179271353908369,0.0,180.70375536634515,181.25644209342687,3.6953306198120117,177.56111147361486,273.6196703390187,198.61,75.00967033901867,0.7900650501251221,False,[201.59433283],2040.692820361631,True,False,False,14928.916867441261,180.8070065664835
195.34300000000803,71.1,True,False,BLACKOUT,-807.888007376152,1567.5648653950714,-1298.0580542449582,-15.517062806055462,-108.49313436775242,0.0,1853.9207459780648,2263.178482700397,-84.95528777995665,161.11935648449645,-140.50882715288125,-3.3116295314301993,-1.1151299558377523,0.0,181.61970026063022,182.14512882795825,3.4943389892578125,178.65078983870043,273.70178699453527,198.61,75.09178699453527,0.6883503794670105,False,0.0,0.0,True,False,False,15255.515032417403,182.88286977600762
195.4429999999993,71.2,True,False,BLACKOUT,-816.4040534363731,1583.7157929859573,-1312.1362515191188,-15.517062806055462,-108.49313436775242,0.0,1872.1621258791874,2286.1960913550533,-85.36563342446614,161.89919533322401,-141.05511833033512,-3.1334726783950377,-1.0551389327562866,0.0,182.52737689737538,183.02633914140816,3.3063528537750244,179.71998628763313,273.74610307401065,198.61,75.1361030740106,0.6043947339057922,False,0.0,0.0,True,False,False,15587.516034064907,184.95929233654576
195.54300000000512,71.3,True,False,BLACKOUT,-824.9624432945305,1599.9441279203002,-1326.2690174276977,-38.656605360186475,-116.50480879396564,0.0,1887.9814149289616,2307.2631687143526,-85.80216373868164,162.66750335363352,-141.6001998412432,-2.3087596225840947,-2.183285442647137,0.0,184.78888250554985,183.90956459505827,3.1775944232940674,180.7319701717642,274.07460623018534,223.4,50.674606230185326,0.6249712705612183,False,0.0,0.0,True,False,False,15924.977763831588,187.05620900474824
195.64300000001094,71.4,True,False,BLACKOUT,-833.5639575641899,1616.249290808702,-1340.4577374243001,-38.656605360186475,-116.50480879396564,0.0,1906.3878063704224,2330.48094051389,-86.22812165450304,163.43575441440245,-142.17420009080766,-2.198304198340356,-2.0788329403364574,0.0,185.62351372852936,184.787810163627,3.0255722999572754,181.76223786366972,274.1743013391779,223.4,50.77430133917787,0.43723544478416443,False,0.0,0.0,True,False,False,16267.959727486392,189.15315160237955
195.7430000000022,71.5,True,False,BLACKOUT,-842.207802574851,1632.6314470977245,-1354.7029800886362,-38.656605360186475,-116.50480879396564,0.0,1924.8823777623193,2353.8038007618547,-86.6487785587195,164.2073713660512,-142.73065319591365,-2.0359752065638563,-1.9253260437334483,0.0,186.43872891586025,185.66656036202713,2.8021554946899414,182.86440486733719,273.79690334619346,223.4,50.396903346193454,0.43248414993286133,False,0.0,0.0,True,False,False,16616.521137464784,191.26990613523085
195.84300000000803,71.6,True,False,BLACKOUT,-850.8931734330419,1649.0910910552636,-1369.0031629242749,-38.656605360186475,-116.50480879396564,0.0,1943.4652361385781,2377.230906785424,-87.05863860509774,164.9855077847328,-143.27300351686063,-1.96122087291578,-1.8546343845272997,0.0,187.28909082950986,186.54603811059386,2.6992695331573486,183.8467685774365,273.67343226749233,223.4,50.27343226749232,0.3144212067127228,False,0.0,0.0,True,False,False,16970.72745785771,193.4038336891919
195.9429999999993,71.7,True,False,BLACKOUT,-859.62051796467,1665.6280774956126,-1383.3585862549992,-38.656605360186475,-116.50480879396564,0.0,1962.136430066392,2400.7624514639333,-87.48825202746438,165.75422102224496,-143.83546309762644,-1.8478387463953216,-1.7474142374548096,0.0,188.12516631653992,187.4264016341144,2.5432193279266357,184.88318230618776,273.61197390791585,223.4,50.21197390791587,0.4315439760684967,False,0.0,0.0,True,False,False,17330.644279890053,195.55411018920148
196.04300000000512,71.8,True,False,BLACKOUT,-868.3898151303966,1682.242113573122,-1397.7700850496697,-38.656605360186475,-116.50480879396564,0.0,1980.8956787576283,2424.398667872181,-87.89769128707012,166.52650052793865,-144.3945127957853,-1.6940249944598658,-1.601959802876752,0.0,188.93980855155507,188.30050321674298,2.331522226333618,185.96898099040936,274.00239474814055,223.4,50.60239474814051,0.42472711205482483,False,0.0,0.0,True,False,False,17696.330180507714,197.70365177937867
196.14300000001094,71.9,True,False,BLACKOUT,-877.1999155179639,1698.9342385395369,-1412.2362800376268,-38.656605360186475,-116.50480879396564,0.0,1999.7434379423619,2448.139115378873,-88.30431646427337,167.31599880035975,-144.9293869633551,-1.6059318622317544,-1.518654268896755,0.0,189.7939671581258,189.18851910405272,2.210277795791626,186.9782413082611,273.7568080258011,223.4,50.3568080258011,0.33723530173301697,False,0.0,0.0,True,False,False,18067.859845407645,199.90857896636754
196.2430000000022,72.0,True,False,BLACKOUT,-886.05157110622,1715.7034598897872,-1426.7582743828964,-38.656605360186475,-116.50480879396564,0.0,2018.6791146204578,2471.9839282092626,-88.72879530084923,168.06842820464823,-145.51049994203504,-1.5436865607295325,-1.459791813354122,0.0,190.63331442457456,190.05208674129574,2.124608278274536,187.9274784630212,273.6747882429383,223.4,50.27478824293828,0.3256423771381378,False,[210.03406919],2041.6562462470142,True,False,False,18445.287528870245,202.06136781216773
196.34400000001187,72.1,True,False,BLACKOUT,-894.9454808074579,1732.548415305252,-1441.3373573002123,-38.656605360186475,-116.50480879396564,0.0,2037.7017602599417,2495.9330602633604,-89.14939872390916,168.83068010464797,-146.07115840428176,-1.4754633030942939,-1.395276285714104,0.0,191.47740122841302,190.92253360311483,2.0307111740112305,188.8918224291036,273.4502437305336,223.4,50.0502437305336,0.3196329176425934,False,0.0,0.0,True,False,False,18828.65908900933,204.25110709015848
196.44200000001,72.2,True,False,BLACKOUT,-903.880465121085,1749.4715836985463,-1455.971821553453,-38.656605360186475,-116.50480879396564,0.0,2056.813123460397,2519.986938457538,-89.55028754863157,169.63268776123533,-146.61812666053666,-1.3080200744834882,-1.2369330957519393,0.0,192.30997140239418,191.81893221771244,1.800255537033081,190.01867668067936,273.90980708043804,223.4,50.50980708043805,0.3098880648612976,False,0.0,0.0,True,False,False,19218.07743559336,206.5195396921404
196.54400000000896,72.3,True,False,BLACKOUT,-912.8562017013865,1766.4736394884346,-1470.6615708713148,-38.656605360186475,-116.50480879396564,0.0,2076.0136731098646,2544.145873761329,-89.96444405739805,170.40842803653052,-147.17685969669515,-1.208439007864487,-1.1427639622545345,0.0,193.1513393910507,192.69829667238398,1.6632000207901,191.03509665159388,273.7896459416737,223.4,50.38964594167373,0.347110390663147,False,0.0,0.0,True,False,False,19613.62006287081,208.76288198492745
196.64300000001094,72.4,True,False,BLACKOUT,-921.8755944513438,1783.5525815395642,-1485.407590151039,-38.656605360186475,-116.50480879396564,0.0,2095.302810872994,2568.4099318704143,-90.42341094174937,171.17041298606046,-147.7435258977865,-1.2193476648115562,-1.1530797663245618,0.0,194.04316803097507,193.5864239252303,1.6782138347625732,191.90821009046772,273.74342427005405,223.4,50.343424270054044,0.25198858976364136,False,0.0,0.0,True,False,False,20015.345867455857,211.04204484197493
196.7430000000022,72.5,True,False,BLACKOUT,-930.9380993369921,1800.7091129334478,-1500.2105294121282,-38.656605360186475,-116.50480879396564,0.0,2114.680941929276,2592.7798052896637,-90.8266867712159,171.96021489161183,-148.31525932399907,-1.0770480914454408,-1.0185137491497607,0.0,194.87595594460487,194.47314091001329,1.4823639392852783,192.990776970728,273.52776515656564,223.4,50.12776515656562,0.2599225640296936,False,0.0,0.0,True,False,False,20423.330918685606,213.33241780985338
196.84300000000803,72.6,True,False,BLACKOUT,-940.041079268579,1817.9448865242257,-1515.0688797221503,-38.656605360186475,-116.50480879396564,0.0,2134.1484469267252,2617.254917623097,-91.23291186052342,172.75525692394226,-148.85174687644303,-0.9954294759940999,-0.9413308613251378,0.0,195.73785488592475,195.3658695919206,1.3700305223464966,193.99583906957412,273.4887402809092,223.4,50.088740280909214,0.21935881674289703,False,0.0,0.0,True,False,False,20837.65171745853,215.66209397755497
196.9429999999993,72.7,True,False,BLACKOUT,-949.1848954337809,1835.260645520819,-1529.981246135149,-38.656605360186475,-116.50480879396564,0.0,2153.706144226956,2641.8351139323977,-91.64341144351428,173.5599230079247,-149.39558138352587,-0.9642412581040877,-0.9118376297928064,0.0,196.6293649624582,196.26910540256202,1.3271055221557617,194.94199988040626,273.70786894099535,223.4,50.30786894099538,0.17447134852409363,False,0.0,0.0,True,False,False,21258.398449911947,218.03210258118688
197.04300000000512,72.8,True,False,BLACKOUT,-958.370831293542,1852.6549007226142,-1544.9485907277774,-38.656605360186475,-116.50480879396564,0.0,2173.353220019151,2666.520273119887,-92.07530575170861,174.32518102798008,-149.95131046904152,-0.8271729376946765,-0.7822185626233048,0.0,197.4558764216127,197.14748456348272,1.1384555101394653,196.00902905334326,273.23591801950886,223.4,49.83591801950883,0.16447246074676514,False,0.0,0.0,True,False,False,21685.624225511736,220.35481676993857
197.14400000000023,72.9,True,False,BLACKOUT,-967.6003814801545,1870.1251572042365,-1559.9721184362036,-38.656605360186475,-116.50480879396564,0.0,2193.0880422349765,2691.309750157417,-92.5156979805429,175.0799486044672,-150.5192436994829,-0.7232727982026429,-0.6839650849450754,0.0,198.28969382263594,198.02056149847144,0.9954555630683899,197.02510593540305,273.03409505066236,223.4,49.63409505066237,0.15667754411697388,False,0.0,0.0,True,False,False,22119.364261419745,222.6790805282302
197.2430000000022,73.0,True,False,BLACKOUT,-976.8733479973492,1887.6712072339865,-1575.0520959277394,-38.656605360186475,-116.50480879396564,0.0,2212.910336951401,2716.2034651831086,-92.94363236334974,175.84105199053215,-151.0803061312374,-0.736070559618679,-0.696067326306534,0.0,199.1672386475161,198.89342463246626,1.0130693912506104,197.88035524121565,273.05560667866,223.4,49.65560667866002,0.14780476689338684,False,[218.38811511],2011.083154802414,True,False,False,22559.68142820074,225.01762515064343
197.34300000000803,73.1,True,False,BLACKOUT,-986.1880894035733,1905.2939025101934,-1590.1882488300487,-38.656605360186475,-116.50480879396564,0.0,2232.8201768804897,2741.2013076390062,-93.35119576113046,176.61285353360617,-151.64275191494912,-0.754301602196819,-0.7133075662499988,0.0,200.04687505255586,199.7662278347267,1.0381611585617065,198.72806667616499,273.02707348559863,223.4,49.627073485598636,0.12186575680971146,False,0.0,0.0,True,False,False,23006.6460996104,227.3736487891884
197.44200000001,73.2,True,False,BLACKOUT,-995.5450653055236,1922.9928213299493,-1605.3812443032532,-38.656605360186475,-116.50480879396564,0.0,2252.817371217122,2766.303498826238,-93.78832227787647,177.36552286151044,-152.2171575491437,-0.623627117203694,-0.5897348486660098,0.0,200.867454235564,200.6359342082963,0.858311116695404,199.7776230916009,272.85313566933615,223.4,49.45313566933615,0.12477307766675949,False,0.0,0.0,True,False,False,23460.32644038195,229.73632919497462
197.54400000000896,73.3,True,False,BLACKOUT,-1004.9455320686668,1940.7676373602008,-1620.6311524657438,-38.656605360186475,-116.50480879396564,0.0,2272.9021553037815,2791.5102614762172,-94.22101298498751,178.13079774351908,-152.78100570066619,-0.4953544076110515,-0.4684333771732496,0.0,201.6982509410169,201.5147150772362,0.6817666888237,200.8329483884125,272.9612592566664,223.4,49.56125925666635,0.1406225711107254,False,0.0,0.0,True,False,False,23920.800547734263,232.1389852680944
197.64300000001094,73.4,True,False,BLACKOUT,-1014.3891487690541,1958.6187098305097,-1635.935790166215,-38.656605360186475,-116.50480879396564,0.0,2293.074707421361,2816.8204634591675,-94.65132102275977,178.89065166265652,-153.31174830875418,-0.5291219605247268,-0.5003657645855554,0.0,202.5836259175259,202.387593057587,0.7282416820526123,201.65935137553438,272.5846688094954,223.4,49.184668809495356,0.12550392746925354,False,0.0,0.0,True,False,False,24388.144992043122,234.5491351356127
197.7430000000022,73.5,True,False,BLACKOUT,-1023.8740222914812,1976.5469972278088,-1651.2953479808054,-38.656605360186475,-116.50480879396564,0.0,2313.3350862587513,2842.234252762927,-95.04614942578137,179.67509628332502,-153.8794079830557,-0.47453601817259267,-0.4487464049325133,0.0,203.44136444514513,203.26561623917135,0.6531139016151428,202.6125023375562,272.90541187862937,223.4,49.50541187862936,0.126630038022995,False,0.0,0.0,True,False,False,24862.43299162838,236.98393323812377
197.84300000000803,73.6,True,False,BLACKOUT,-1033.3986448026433,1994.5542378880684,-1666.7108557798995,-38.656605360186475,-116.50480879396564,0.0,2333.6842167723116,2867.752970600285,-95.44630079745794,180.46971692186747,-154.43074799882245,-0.4141576478400529,-0.39164941843452183,0.0,204.3084483473221,204.1551249951316,0.5700138807296753,203.5851111144019,273.0111443224728,223.4,49.61114432247279,0.13905049860477448,False,0.0,0.0,True,False,False,25343.75932000507,239.4680813018368
197.9429999999993,73.7,True,False,BLACKOUT,-1042.9639664675115,2012.6400741490015,-1682.1827230640806,-38.656605360186475,-116.50480879396564,0.0,2354.1221735790564,2893.376906300295,-95.86013249990651,181.24700829679153,-155.00659768480054,-0.41516679280087154,-0.39260371938509464,0.0,205.18940063321438,205.03571157102573,0.5714027881622314,204.4643087828635,272.9774017703112,223.4,49.577401770311155,0.16922122240066528,False,0.0,0.0,True,False,False,25832.20022778576,241.93928531792182
198.04300000000512,73.8,True,False,BLACKOUT,-1052.5709622196678,2030.8037675191415,-1697.7100749294345,-38.656605360186475,-116.50480879396564,0.0,2374.648699271873,2919.1053327124914,-96.27978254322126,182.02685910601048,-155.54043962227652,-0.3670917452946474,-0.34714140691731604,0.0,206.05708024522733,205.92128098516037,0.5052360892295837,205.41604489593078,273.055687015113,223.4,49.65568701511299,0.1529383659362793,False,0.0,0.0,True,False,False,26327.827260142807,244.4527479091842
198.14300000001094,73.9,True,False,BLACKOUT,-1062.2207756812948,2049.044879076918,-1713.2915288980253,-38.656605360186475,-116.50480879396564,0.0,2395.263881371491,2944.937507723475,-96.71648668931616,182.79537204951313,-156.0886397495373,-0.33641214911059747,-0.31812915502252653,0.0,206.92914993243232,206.80480371655926,0.46301111578941345,206.34179260076985,273.16251062717083,223.4,49.762510627170826,0.11626844853162766,False,0.0,0.0,True,False,False,26830.722170486166,246.97442771668682
198.2430000000022,74.0,True,False,BLACKOUT,-1071.9136321883745,2067.3631132506757,-1728.9288285878072,-38.656605360186475,-116.50480879396564,0.0,2415.967546227682,2970.87429534597,-97.14064345228249,183.56931142564196,-156.65735404610112,-0.2978572639517821,-0.2816696125535887,0.0,207.79727732919332,207.6872569697231,0.4099472165107727,207.27730975321234,273.3105873918323,223.4,49.910587391832344,0.11629504710435867,False,[227.21826972],2009.1397618971423,True,False,False,27340.954338165924,249.50348253282445
198.34300000000803,74.1,True,False,BLACKOUT,-1081.648235558655,2085.758427501154,-1744.6227139076977,-38.656605360186475,-116.50480879396564,0.0,2436.7590981878193,2996.91563386155,-97.55142395332504,184.33697358393272,-157.2203523517112,-0.32541059816554724,-0.3077255054654605,0.0,208.67813152017644,208.55790597674516,0.4478694498538971,208.11003652689126,273.33683669265577,223.4,49.93683669265573,0.1318361759185791,False,0.0,0.0,True,False,False,27858.581587410717,252.01884716402077
198.44200000001,74.2,True,False,BLACKOUT,-1091.4234205646271,2104.231204924574,-1760.373181154093,-38.656605360186475,-116.50480879396564,0.0,2457.638380604887,3023.0613865333253,-97.95227616611541,185.11857488446924,-157.7889925761957,-0.2701969825454694,-0.2555125847092029,0.0,209.53601336919593,209.43623175892893,0.3718777894973755,209.06435396943155,273.37885296523774,223.4,49.97885296523772,0.1281300038099289,False,0.0,0.0,True,False,False,28383.676564545167,254.573171960324
198.54400000000896,74.3,True,False,BLACKOUT,-1101.2379591668214,2122.782780706497,-1776.179993017893,-38.656605360186475,-116.50480879396564,0.0,2478.6060683271826,3049.3119567445665,-98.33849587776885,185.91294075399557,-158.34724469980384,-0.2566746046379554,-0.24272510759523447,0.0,210.4138198803174,210.31899893091122,0.3532666563987732,209.96573227451245,273.61516058741614,223.4,50.215160587416136,0.12240045517683029,False,0.0,0.0,True,False,False,28916.333669320247,257.1576753756357
198.64300000001094,74.4,True,False,BLACKOUT,-1111.091707530202,2141.4138913417355,-1792.0423237105579,-38.656605360186475,-116.50480879396564,0.0,2499.6627582113765,3075.6673413681856,-98.73647138984276,186.70927195077843,-158.89936915349514,-0.2929629845140945,-0.27704132256444264,0.0,211.31731045682636,211.2090031577891,0.4032111167907715,210.80579204099834,273.80538773917306,223.4,50.40538773917308,0.14973758161067963,False,0.0,0.0,True,False,False,29456.646789040537,259.7810516494742
198.7430000000022,74.5,True,False,BLACKOUT,-1120.9862712430481,2160.123829077552,-1807.9585205801673,-38.656605360186475,-116.50480879396564,0.0,2520.808493405802,3102.1266048575862,-99.1548028670785,187.48948276555353,-159.424568238693,-0.2427001642605459,-0.22951013625448058,0.0,212.18393991337294,212.09427403705172,0.334033340215683,211.76024069683604,273.9092749603302,223.4,50.50927496033021,0.15426096320152283,False,0.0,0.0,True,False,False,30004.700618043644,262.41742246646834
198.84300000000803,74.6,True,False,BLACKOUT,-1130.9230420513923,2178.911014156953,-1823.9281980160474,-38.656605360186475,-116.50480879396564,0.0,2542.0424404355545,3128.6888372757066,-99.58061329980374,188.25421882246712,-159.96898047890818,-0.20877114035783906,-0.19742505331843388,0.0,213.04643881944548,212.9693627018271,0.2873361110687256,212.68202659075837,274.08150777955194,223.4,50.68150777955192,0.14319300651550293,False,0.0,0.0,True,False,False,30560.553950678128,265.03617302718266
198.9429999999993,74.7,True,False,BLACKOUT,-1140.9024033973258,2197.774745149136,-1839.953567654279,-38.656605360186475,-116.50480879396564,0.0,2563.3641280726415,3155.354937913217,-100.00661361886444,189.02040102118724,-160.53841228572122,-0.25093871424000397,-0.23730094568423815,0.0,213.93847814139994,213.84582008943568,0.3453722298145294,213.50044785962115,274.2449104616211,223.4,50.84491046162108,0.13158927857875824,False,0.0,0.0,True,False,False,31124.270859767785,267.6699381553342
199.04300000000512,74.8,True,False,BLACKOUT,-1150.9236322362876,2216.715449876156,-1856.035542318719,-38.656605360186475,-116.50480879396564,0.0,2584.773629265138,3182.1254923234583,-100.41796316037474,189.79369351920775,-161.10108100308148,-0.27423956043942943,-0.25933546058606505,0.0,214.8229950467468,214.7217115825536,0.3774416744709015,214.3442699080827,274.0593313196714,223.4,50.65933131967141,0.14725379645824432,False,0.0,0.0,True,False,False,31695.932547610282,270.3227318959
199.14400000000023,74.9,True,False,BLACKOUT,-1160.9864993655424,2235.733874817322,-1872.171682021908,-38.656605360186475,-116.50480879396564,0.0,2606.2715161040755,3208.9995360891185,-100.83937942471952,190.57480530410922,-161.62171306069573,-0.2684774042094148,-0.25388646031241646,0.0,215.70835851616806,215.6092225751526,0.36951109766960144,215.23971147748298,274.1639825288737,223.4,50.76398252887373,0.11305660009384155,False,0.0,0.0,True,False,False,32275.63874119415,273.0375477059263
199.2430000000022,75.0,True,False,BLACKOUT,-1171.0902670096514,2254.8303533128446,-1888.362096454149,-38.656605360186475,-116.50480879396564,0.0,2627.8577680462363,3235.977109994083,-101.23597345746042,191.35476460634118,-162.18657558412517,-0.25743750471648,-0.24344654633634208,0.0,216.57917545337918,216.4841062513086,0.3543166518211365,216.12978959948745,274.1274291614348,223.4,50.72742916143479,0.09972280263900757,False,[236.61191038],2028.2458647014225,True,False,False,32863.4692328928,275.72171076670577
199.34400000001187,75.1,True,False,BLACKOUT,-1181.2327787856602,2274.005632181532,-1904.6089388919686,-38.656605360186475,-116.50480879396564,0.0,2649.532124827413,3263.0592533081067,-101.61426206271622,192.15081276740628,-162.75027317226812,-0.2443793586091332,-0.23109807141272917,0.0,217.4549441549668,217.36465467440925,0.336344450712204,217.02831022369705,274.01902922551926,223.4,50.61902922551926,0.11921099573373795,False,0.0,0.0,True,False,False,33459.49263716097,278.4385043231629
199.4429999999993,75.2,True,False,BLACKOUT,-1191.4144669956847,2293.2602253337022,-1920.9104470382943,-38.656605360186475,-116.50480879396564,0.0,2671.295230270658,3290.245454796287,-102.01950213777006,192.94105027601012,-163.27988975424557,-0.2380722892184671,-0.2251337723788634,0.0,218.3406378158489,218.25266939501182,0.3276638984680176,217.9250054965438,273.9813207707014,223.4,50.5813207707014,0.11062298715114594,False,0.0,0.0,True,False,False,34063.81274503269,281.20654916908535
199.54300000000512,75.3,True,False,BLACKOUT,-1201.636617355935,2312.593496172937,-1937.264851000236,-38.656605360186475,-116.50480879396564,0.0,2693.147059388832,3317.534654892949,-102.42350506723292,193.7243665086917,-163.80818948458358,-0.23778366821634817,-0.22486083706493787,0.0,219.2218612407381,219.13398770946372,0.327266663312912,218.8067210461508,273.71262629221263,223.4,50.31262629221265,0.09607475250959396,False,0.0,0.0,True,False,False,34676.516689847835,283.9732632651629
199.64300000001094,75.4,True,False,BLACKOUT,-1211.8994392240947,2332.00498675725,-1953.6718097914074,-38.656605360186475,-116.50480879396564,0.0,2715.0872851757954,3344.9263828217363,-102.83293229595921,194.50544517756694,-164.33098633884407,-0.23782403055020288,-0.22489900582667222,0.0,220.10375550129518,220.01586344695428,0.32732221484184265,219.68854123211244,273.6801048185038,223.4,50.28010481850381,0.09149634838104248,False,0.0,0.0,True,False,False,35297.6771213572,286.7579797166391
199.7430000000022,75.5,True,False,BLACKOUT,-1222.2042651908832,2351.4945118223873,-1970.1319245327275,-38.656605360186475,-116.50480879396564,0.0,2737.116312773993,3372.4213126056075,-103.2635870398074,195.28505612517395,-164.8713084875564,-0.21680584322844065,-0.20502309411999017,0.0,220.98644797394576,220.90636377012822,0.29839444160461426,220.6079693285236,273.6182539797925,223.4,50.21825397979246,0.11156921088695526,False,0.0,0.0,True,False,False,35927.39122755646,289.58429058780746
199.84300000000803,75.6,True,False,BLACKOUT,-1232.552567841553,2371.061493357776,-1986.6463024431864,-38.656605360186475,-116.50480879396564,0.0,2759.2342555191285,3400.02017756386,-103.70246597358486,196.05457458259673,-165.41624972162037,-0.1908590554930468,-0.1804864366906058,0.0,221.8622363990974,221.79178899085852,0.26268333196640015,221.52910565889212,273.1497261341019,223.4,49.7497261341019,0.11907382309436798,False,0.0,0.0,True,False,False,36565.74972873196,292.4122344653178
199.9429999999993,75.7,True,False,BLACKOUT,-1242.9437231645632,2390.7051391340165,-2003.2164405870622,-38.656605360186475,-116.50480879396564,0.0,2781.4401279011217,3427.7230478755,-104.1206404866176,196.81834094221654,-165.9865131558948,-0.1509822172860386,-0.14277678536765392,0.0,222.7181441579039,222.6624510477464,0.2078000009059906,222.4546510468404,273.2286384226532,223.4,49.82863842265321,0.10280203819274902,False,0.0,0.0,True,False,False,37212.80450795072,295.20506252031925
200.04300000000512,75.8,True,False,BLACKOUT,-1253.376163780652,2410.4255235127835,-2019.8431242236916,-38.656605360186475,-116.50480879396564,0.0,2803.7333164802085,3455.529880700619,-104.52817183515732,197.58934663312243,-166.54715957669305,-0.12070423065456577,-0.11414431674748193,0.0,223.57904558645603,223.53453560938718,0.1661277711391449,223.36840783824803,273.16477866258055,223.4,49.764778662580525,0.0938604325056076,False,0.0,0.0,True,False,False,37868.61875660264,298.0238288693793
200.14300000001094,75.9,True,False,BLACKOUT,-1263.8488214696165,2430.224252983501,-2036.5250261985716,-38.656605360186475,-116.50480879396564,0.0,2826.1148031382363,3483.4406931725084,-104.92498194413297,198.38524278123333,-167.09087992090548,-0.10061848037104687,-0.09515016691495422,0.0,224.46071718773914,224.42360925122276,0.13848333060741425,224.28512592061534,272.81183673087276,223.4,49.411836730872764,0.09577594697475433,False,0.0,0.0,True,False,False,38533.310377978494,300.9186029812852
200.2430000000022,76.0,True,False,BLACKOUT,-1274.361003809942,2450.102493314168,-2053.2612077515914,-38.656605360186475,-116.50480879396564,0.0,2848.5853337372337,3511.4555373577477,-105.31866486238086,199.17956383210776,-167.63275113948575,-0.09244653690389415,-0.08742234413277973,0.0,225.3439344709393,225.30983071482518,0.12723611295223236,225.18259460187295,273.0368169534058,223.4,49.63681695340579,0.10291877388954163,False,[244.81889406],1954.1369460017097,True,False,False,39206.989954014505,303.8222401074541
200.34300000000803,76.1,True,False,BLACKOUT,-1284.9140156433305,2470.0596088604807,-2070.0510765063414,-38.656605360186475,-116.50480879396564,0.0,2871.144896963881,3539.5740532875984,-105.74157180538548,199.96274709414257,-168.16462395551733,-0.06657038325274606,-0.06295248203643047,0.0,226.22441604855027,226.19986788968183,0.09162221848964691,226.10824567119218,273.1173055956659,223.4,49.7173055956659,0.0963161438703537,False,0.0,0.0,True,False,False,39889.74693084685,306.76012195812683
200.4429999999993,76.2,True,False,BLACKOUT,-1295.509492876513,2490.0947371908114,-2086.893907169319,-38.656605360186475,-116.50480879396564,0.0,2893.7934228251634,3567.7957556125043,-106.16797285826277,200.73981951247413,-168.69198930403294,-0.03775564490497333,-0.03570373853234707,0.0,227.10005227315548,227.08613695849758,0.051963888108730316,227.03417307038885,273.2500796670632,223.4,49.85007966706318,0.10375015437602997,False,0.0,0.0,True,False,False,40581.67247814569,309.7089259412395
200.54200000000128,76.3,True,False,BLACKOUT,-1306.1477044965177,2510.20724131226,-2103.7904164978754,-38.656605360186475,-116.50480879396564,0.0,2916.5304525348397,3596.1206872283055,-106.59625954183147,201.5102629165002,-169.23819726709218,-0.039263288507871745,-0.03712944621482291,0.0,227.98189581355143,227.96742883356504,0.054038889706134796,227.9133899438589,273.4619814306934,223.4,50.06198143069345,0.10867482423782349,False,0.0,0.0,True,False,False,41282.840892075394,312.65358314352517
200.64400000000023,76.4,True,False,BLACKOUT,-1316.8281602711443,2530.3965062154625,-2120.7426597601166,-38.656605360186475,-116.50480879396564,0.0,2939.3552175914597,3624.549423598546,-107.01285595070166,202.27503514754963,-169.80666797773728,-0.03630451452421501,-0.03433147274742027,0.0,228.85161651053045,228.8382423955141,0.04996666684746742,228.78827572866663,273.59176072410463,223.4,50.19176072410464,0.0996633991599083,False,0.0,0.0,True,False,False,41993.311019532084,315.57491584574166
200.7430000000022,76.5,True,False,BLACKOUT,-1327.5497742048938,2550.662712092457,-2137.7516893747456,-38.656605360186475,-116.50480879396564,0.0,2962.267406087097,3653.0823246390923,-107.4194227242865,203.04908239233254,-170.37392431484764,-0.015237885364403021,-0.014409751871695855,0.0,229.71817682262898,229.7125643903424,0.020972222089767456,229.69159216825264,273.4640153937537,223.4,50.06401539375368,0.09957945346832275,False,0.0,0.0,True,False,False,42713.15791159919,318.5260940001865
200.84300000000803,76.6,True,False,BLACKOUT,-1338.311874131517,2571.0066786457587,-2154.8176202343293,-38.656605360186475,-116.50480879396564,0.0,2985.2674608425896,3681.719814059443,-107.82257580818147,203.83024867371063,-170.94469287682438,-0.007923700362422554,-0.0074930709476858405,0.0,230.59450160117015,230.5915829519754,0.010905555449426174,230.58067739652597,273.4630805371561,223.4,50.063080537156075,0.11888174712657928,False,0.0,0.0,True,False,False,43442.486825842774,321.5122213849905
200.9429999999993,76.7,True,False,BLACKOUT,-1349.114797707582,2591.4282362508434,-2171.939267545378,-38.656605360186475,-116.50480879396564,0.0,3008.3553730129784,3710.461188618149,-108.23589571311682,204.60090342798284,-171.48825334414357,-0.006460459522151789,-0.006109352870498459,0.0,231.4684434959036,231.46606404474818,0.008891666308045387,231.45717237844013,273.41886562372076,223.4,50.018865623720764,0.1613512635231018,False,0.0,0.0,True,False,False,44181.390813184,324.5105106377924
201.04300000000512,76.8,True,False,BLACKOUT,-1359.9597211053338,2611.9266301296443,-2189.1153984197285,-38.656605360186475,-116.50480879396564,0.0,3031.5309730538124,3739.305586359981,-108.66257224191689,205.36697414803606,-172.03436414287788,-0.0066582497095635474,-0.006296393752819161,0.0,232.3451912532574,232.34273966911454,0.009163889102637768,232.3335757800119,273.6388230007195,223.4,50.23882300071956,0.11388907581567764,False,0.0,0.0,True,False,False,44929.95714319628,327.5333025403042
201.14300000001094,76.9,True,False,BLACKOUT,-1370.8465159615541,2632.5023642801275,-2206.345461370686,-38.656605360186475,-116.50480879396564,0.0,3054.79465685026,3768.2530024444914,-109.0733248824912,206.14770886162367,-172.5668948762649,-0.012709001904707584,-0.01201830566408917,0.0,233.22961013118245,233.22493020648164,0.017491666600108147,233.20743853988154,273.53160570892476,223.4,50.131605708924745,0.1234905868768692,False,0.0,0.0,True,False,False,45688.29246518208,330.5990735788604
201.2430000000022,77.0,True,False,BLACKOUT,-1381.7743327017415,2653.1564731535154,-2223.6290032315997,-38.656605360186475,-116.50480879396564,0.0,3078.146982555919,3797.3036210225364,-109.48300992125908,206.93446860614142,-173.1039423420187,-0.019627607208539927,-0.01856090546335789,0.0,234.11917583073614,234.1119470653402,0.027013888582587242,234.0849331767576,273.3539905633071,223.4,49.95399056330707,0.1333962380886078,False,[253.84867613],1940.192702905293,True,False,False,46456.509600233614,333.6982717556058
201.34300000000803,77.1,True,False,BLACKOUT,-1392.7420245146816,2673.8891352971127,-2240.9676821896223,-38.656605360186475,-116.50480879396564,0.0,3101.5876072725996,3826.458132294838,-109.8708263375411,207.71877426580429,-173.66963681843814,-0.01614408499094966,-0.01526670225900257,0.0,234.9925168802823,234.98656911105,0.022219443693757057,234.96434966735623,273.3451595878047,223.4,49.9451595878047,0.12775671482086182,False,0.0,0.0,True,False,False,47234.68482005273,336.7636031393178
201.44200000001,77.2,True,False,BLACKOUT,-1403.7489226796247,2694.7001875910523,-2258.36141757118,-38.656605360186475,-116.50480879396564,0.0,3125.116088484497,3855.7161278909985,-110.26713696131908,208.50227161298608,-174.20507081271137,-0.012541485497713055,-0.01185989327276956,0.0,235.86907143868274,235.86444997375446,0.017261110246181488,235.84718886350828,273.30498696935126,223.4,49.90498696935127,0.1074761301279068,False,0.0,0.0,True,False,False,48022.89541835206,339.8720132130006
201.54300000000512,77.3,True,False,BLACKOUT,-1414.7954748566858,2715.5897475941383,-2275.8086471842485,-38.656605360186475,-116.50480879396564,0.0,3148.732723567092,3885.076931421157,-110.66390657990189,209.28892844872937,-174.73952144865396,-0.0071163954912441,-0.006729640681589422,0.0,236.74796241783434,236.7453395333108,0.009794444777071476,236.73554508853374,273.164850536114,223.4,49.764850536114004,0.11305411159992218,False,0.0,0.0,True,False,False,48821.250499560076,343.0097825278972
201.64300000001094,77.4,True,False,BLACKOUT,-1425.8818804248301,2736.5578876622512,-2293.3083297717394,-38.656605360186475,-116.50480879396564,0.0,3172.437661119316,3914.540050770798,-111.06420478298234,210.0738729135296,-175.25413030116096,-0.008777425842251232,-0.008300399001197396,0.0,237.62960145822163,237.62636567722453,0.012080555781722069,237.6142851214428,272.96032757621515,223.4,49.560327576215165,0.13912570476531982,False,0.0,0.0,True,False,False,49629.85054009388,346.1723716635206
201.7430000000022,77.5,True,False,BLACKOUT,-1437.0087592731152,2757.604113489382,-2310.8604482864025,-38.656605360186475,-116.50480879396564,0.0,3196.230724384846,3944.105330104168,-111.47337218271683,210.8506436290866,-175.78823999210783,-0.011554555790053808,-0.010926600242793268,0.0,238.50857130987282,238.504311542971,0.015902778133749962,238.48840876483726,272.3726203623975,223.4,48.97262036239753,0.11837165802717209,False,0.0,0.0,True,False,False,50448.785722521454,349.3395061539875
201.84300000000803,77.6,True,False,BLACKOUT,-1448.176140452064,2778.7289048004177,-2328.465404459324,-38.656605360186475,-116.50480879396564,0.0,3220.112354583167,3973.77335990656,-111.87425139625446,211.64518259162102,-176.3108834663239,-0.013104580926180314,-0.012392386148930356,0.0,239.39892483532736,239.3940923241694,0.01803611032664776,239.37605621384276,271.665433139528,223.4,48.26543313952799,0.10271146893501282,False,0.0,0.0,True,False,False,51278.17003630837,352.5706929501287
201.9429999999993,77.7,True,False,BLACKOUT,-1459.3846130216516,2799.93199763872,-2346.1234780427144,-38.656605360186475,-116.50480879396564,0.0,3244.0825694900245,4003.544316214352,-112.29519999549724,212.41667417443375,-176.8505882014922,-0.021748801863925582,-0.02056681953376291,0.0,240.28089646090928,240.27287697398611,0.02993333339691162,240.2429436405892,271.8942567481338,223.4,48.49425674813377,0.08984951674938202,False,0.0,0.0,True,False,False,52118.10116028324,355.77687960790723
202.04300000000512,77.8,True,False,BLACKOUT,-1470.6389965441645,2821.2117133672723,-2363.8367643128754,-38.656605360186475,-116.50480879396564,0.0,3268.14196956621,4033.4199113850354,-112.79247045476083,213.17764039660952,-177.41513720172813,-0.021958701157498997,-0.020765311428543983,0.0,241.18612836898143,241.1780416131499,0.030222222208976746,241.14781939094092,271.9985223879547,223.4,48.59852238795474,0.11032239347696304,False,0.0,0.0,True,False,False,52968.70355709849,359.08548511072627
202.14300000001094,77.9,True,False,BLACKOUT,-1481.9431982532938,2842.566047498087,-2381.606989290551,-38.656605360186475,-116.50480879396564,0.0,3292.2904674074516,4063.401084463553,-113.29156372782607,213.90904221967355,-177.9893623517856,-0.017357062173766098,-0.0164137577599742,0.0,242.06434394781434,242.0579615613462,0.02388888970017433,242.03407267164602,272.1824153861028,223.4,48.78241538610275,0.09785493463277817,False,0.0,0.0,True,False,False,53830.07514449533,362.3216493333682
202.2430000000022,78.0,True,False,BLACKOUT,-1493.2950153891481,2863.9964224625487,-2399.432582756833,-38.656605360186475,-116.50480879396564,0.0,3316.528379714726,4093.487170206878,-113.74477898926257,214.698457069562,-178.52250697385014,-0.010501022276790792,-0.009930323124834337,0.0,242.9715571861029,242.9676978846504,0.014452777802944183,242.95324510684745,271.9779936827575,223.4,48.57799368275751,0.10641477257013321,False,[262.78215771],1841.0305977787802,True,False,False,54702.328133430085,365.7002786464609
202.34300000000803,78.1,True,False,BLACKOUT,-1504.6915016005275,2885.5046741219867,-2417.311283299903,-38.656605360186475,-116.50480879396564,0.0,3340.8560658178217,4123.677132473002,-114.18494523832544,215.46657611919696,-179.05150388754512,-0.00644633189329216,-0.006095993036011305,0.0,243.85487905660608,243.8525110463476,0.008872222155332565,243.84363882419225,272.26807469239316,223.4,48.86807469239316,0.10282131284475327,False,0.0,0.0,True,False,False,55585.57889099438,369.0142033499732
202.4429999999993,78.2,True,False,BLACKOUT,-1516.1350505747216,2907.0898857831594,-2435.2443244757183,-38.656605360186475,-116.50480879396564,0.0,3365.273753076932,4153.97187677525,-114.68603424555651,216.23765710425712,-179.60931962875932,-0.015635483585249115,-0.014785741818463934,0.0,244.77422125118628,244.7684840842694,0.02151944488286972,244.74696463938653,272.4457075449782,223.4,49.04570754497817,0.1453356295824051,False,0.0,0.0,True,False,False,56479.93950848879,372.44692025960484
202.54300000000512,78.3,True,False,BLACKOUT,-1527.6273285881007,2928.751911624031,-2453.2300540375277,-38.656605360186475,-116.50480879396564,0.0,3389.7820443032665,4184.370921167697,-115.15952602202425,217.00285971317558,-180.105271607429,-0.014892761966950278,-0.014083384898623045,0.0,245.6718139311587,245.6663541417779,0.020497221499681473,245.64585692027822,272.6647366500261,223.4,49.264736650026116,0.1432974487543106,False,0.0,0.0,True,False,False,57385.544221922006,375.86552034053585
202.64400000000023,78.4,True,False,BLACKOUT,-1539.1678984276857,2950.490329537661,-2471.2681339869687,-38.656605360186475,-116.50480879396564,0.0,3414.3803711907867,4214.873605368537,-115.65187076967638,217.76549855942798,-180.6563273813906,-0.00850899683386594,-0.008046558306540814,0.0,246.57393227036488,246.57081655249095,0.011711111292243004,246.5591054411987,273.13363170206185,223.4,49.73363170206184,0.1614166796207428,False,0.0,0.0,True,False,False,58302.4747089365,379.3034938393276
202.7430000000022,78.5,True,False,BLACKOUT,-1550.7565123282245,2972.3052446944703,-2489.3599479960662,-38.656605360186475,-116.50480879396564,0.0,3439.068722079276,4245.480729654883,-116.12040724109619,218.5328045767502,-181.17995280056715,-0.009175023386421935,-0.008676388308065365,0.0,247.4716087746549,247.46825181024357,0.012627777643501759,247.45562403260007,273.2531751942141,223.4,49.853175194214124,0.15030282735824585,False,0.0,0.0,True,False,False,59230.83124828251,382.7503374828009
202.84300000000803,78.6,True,False,BLACKOUT,-1562.3886417156575,2994.196482039076,-2507.5045228369418,-38.656605360186475,-116.50480879396564,0.0,3463.8449502548956,4276.189983087054,-116.52218050756395,219.29194231536263,-181.7115440169458,-0.019169461426859373,-0.01812765853458763,0.0,248.33416674870182,248.3271521897709,0.026383332908153534,248.30076885686276,272.902841401645,223.4,49.502841401645,0.19150081276893616,False,0.0,0.0,True,False,False,60170.6260493467,386.0748888306391
202.94400000000314,78.7,True,False,BLACKOUT,-1574.061360866094,3016.163419876602,-2525.701199315993,-38.656605360186475,-116.50480879396564,0.0,3488.7072095766575,4306.999482514294,-116.93220250116669,220.04681443515557,-182.22198556408262,-0.027464521921755955,-0.025971907302293804,0.0,249.19620593124813,249.18615636674852,0.03779999911785126,249.14835636763067,272.75006902023085,223.4,49.35006902023083,0.1869146227836609,False,0.0,0.0,True,False,False,61121.88108858811,389.42741977246214
203.04300000000512,78.8,True,False,BLACKOUT,-1585.7735216136346,3038.2065104458466,-2543.946701601508,-38.656605360186475,-116.50480879396564,0.0,3513.6553986265326,4337.907223637519,-117.31101244964599,220.8149969497394,-182.68806014621336,-0.019528712453171743,-0.018467385342147594,0.0,250.04941737085872,250.04226946633327,0.02687777765095234,250.0153916886823,272.9735806370769,223.4,49.57358063707692,0.19008585810661316,False,0.0,0.0,True,False,False,62084.69960781396,392.81190388559907
203.14300000001094,78.9,True,False,BLACKOUT,-1597.5264105717179,3060.3270874965947,-2562.239946631264,-38.656605360186475,-116.50480879396564,0.0,3538.6912788330824,4368.913996750485,-117.74676671201948,221.59654406522657,-183.1768404489118,-0.013528416558723087,-0.01279318758254607,0.0,250.94185333890604,250.93690325017292,0.018619444221258163,250.91828380595166,273.77601222618546,223.4,50.376012226185495,0.21472758054733276,False,0.0,0.0,True,False,False,63059.26601888746,396.34955327665983
203.2430000000022,79.0,True,False,BLACKOUT,-1609.3244500481956,3082.52472624448,-2580.581180592045,-38.656605360186475,-116.50480879396564,0.0,3563.816415640005,4400.021212904661,-118.21402281753626,222.35623089248048,-183.64783876669821,-0.014382141361876372,-0.013600514996157517,0.0,251.83227945632055,251.82702120188586,0.019794443622231483,251.80722675826362,274.02216316472175,223.4,50.62216316472175,0.23533669114112854,False,[277.93308271],1883.4914425089235,True,False,False,64045.75995614659,399.9014327497017
203.34300000000803,79.1,True,False,BLACKOUT,-1621.1661670820706,3104.7977886025897,-2598.968890153362,-38.656605360186475,-116.50480879396564,0.0,3589.0286899013477,4431.226266951394,-118.62031785996578,223.10501626971387,-184.1063524596455,-0.010749268764897933,-0.010165078158823523,0.0,252.6828326366572,252.67890314371044,0.014794444665312767,252.66410869904513,273.85425280994997,223.4,50.45425280994999,0.24496327340602875,False,0.0,0.0,True,False,False,65044.19789617441,403.33695037357614
203.4429999999993,79.2,True,False,BLACKOUT,-1633.0456924280206,3127.1465673898365,-2617.40127366932,-38.656605360186475,-116.50480879396564,0.0,3614.3257754635342,4462.526217131486,-118.97018905903509,223.87055947521935,-184.5413178595174,-0.009286027924627165,-0.008781360081636142,0.0,253.52249545716083,253.51909846102382,0.01278055552393198,253.50631790549988,273.8885879221821,223.4,50.48858792218211,0.25468823313713074,False,0.0,0.0,True,False,False,66054.58143033675,406.76388935492366
203.54300000000512,79.3,True,False,BLACKOUT,-1644.9644836001671,3149.570517416289,-2635.878665578092,-38.656605360186475,-116.50480879396564,0.0,3639.7078229131594,4493.9213806902535,-119.4056343838938,224.6084410538356,-185.0065203159219,-0.009830958678838854,-0.009296675479256219,0.0,254.3786272039926,254.37503280639487,0.013530555181205273,254.36150225121366,274.3003777194971,223.4,50.90037771949707,0.2609878480434418,False,0.0,0.0,True,False,False,67077.02262137581,410.25223555508416
203.64300000001094,79.4,True,False,BLACKOUT,-1656.9239008339816,3172.069170745685,-2654.3996876636907,-38.656605360186475,-116.50480879396564,0.0,3665.1750106243667,4525.411092969834,-119.78271029239713,225.36462553408091,-185.41392139604775,-0.008531197876842065,-0.008067552789234992,0.0,255.22285314406074,255.2197330284413,0.011741667054593563,255.20799136138672,274.9101464052676,223.4,51.51014640526763,0.23971180617809296,False,0.0,0.0,True,False,False,68111.64159257124,413.7540295014205
203.7430000000022,79.5,True,False,BLACKOUT,-1668.9211510646483,3194.6423144245923,-2672.961553027648,-38.656605360186475,-116.50480879396564,0.0,3690.72591241608,4556.992563582201,-120.16229432093274,226.09824804407293,-185.82338588309725,-0.010390017738585562,-0.00982535135126356,0.0,256.04948928336967,256.04568878438397,0.014299999922513962,256.03138878446146,275.19161656126215,223.4,51.79161656126215,0.24925225973129272,False,0.0,0.0,True,False,False,69158.48807472072,417.20509500592595
203.84300000000803,79.6,True,False,BLACKOUT,-1680.9576202202084,3217.287677739788,-2691.5670107654337,-38.656605360186475,-116.50480879396564,0.0,3716.3591008780577,4588.66624849966,-120.56708879026775,226.8090182598403,-186.28576887262554,-0.01982539671927629,-0.018747945705778483,0.0,256.87054761780576,256.8632976183107,0.027286110445857048,256.83601150786484,275.0317175589845,223.4,51.6317175589845,0.2752166986465454,False,0.0,0.0,True,False,False,70217.59906881365,420.6185009779716
203.9429999999993,79.7,True,False,BLACKOUT,-1693.0356965500243,3240.0028889753276,-2710.2181348258823,-38.656605360186475,-116.50480879396564,0.0,3742.0735030929895,4620.43249500409,-120.99443780605552,227.49520645095328,-186.7367123363485,-0.02033399947832762,-0.01922890742611734,0.0,257.67722462073885,257.6697943845287,0.027986111119389534,257.6418082734093,275.1716613359834,223.4,51.77166133598339,0.29706841707229614,False,0.0,0.0,True,False,False,71289.02801157635,424.01416441936124
204.04300000000512,79.8,True,False,BLACKOUT,-1705.1539679689004,3262.789279243778,-2728.9123627164813,-38.656605360186475,-116.50480879396564,0.0,3767.8696889659873,4652.290261410556,-121.37099057146463,228.23259891805307,-187.14784547563488,-0.013528416558723087,-0.01279318758254607,0.0,258.5025969659391,258.49765291233774,0.018619444221258163,258.4790334681165,275.75629088240765,223.4,52.356290882407656,0.3258329927921295,False,0.0,0.0,True,False,False,72372.91286393814,427.5384059703548
204.14300000001094,79.9,True,False,BLACKOUT,-1717.3076373085016,3285.6484381858154,-2747.644465214868,-38.656605360186475,-116.50480879396564,0.0,3793.7469608549554,4684.235915303809,-121.70239622055809,228.95057992270088,-187.49420449210587,-0.016898916392085545,-0.01598051083120394,0.0,259.29335905673423,259.28717919088626,0.023258334025740623,259.2639208568605,276.4524604977506,223.4,53.05246049775064,0.3297456204891205,False,0.0,0.0,True,False,False,73469.33374767465,430.96465394193353
204.2430000000022,80.0,True,False,BLACKOUT,-1729.493865071916,3308.5781359006155,-2766.4150041274233,-38.656605360186475,-116.50480879396564,0.0,3819.702058651588,4716.267145945882,-122.02215904772987,229.64337437329985,-187.9165737590062,-0.01781722580146923,-0.016848912870871133,0.0,260.0555278844419,260.04900825080074,0.024522222578525543,260.0244860282222,276.821546391857,223.4,53.421546391857,0.3567541837692261,False,[298.36309346],1742.3479467601305,True,False,False,74578.23350712907,434.2610076592415
204.34300000000803,80.1,True,False,BLACKOUT,-1741.715912810447,3331.5775255874196,-2785.225988437198,-38.656605360186475,-116.50480879396564,0.0,3845.7356629604624,4748.385683159268,-122.41879572288994,230.34441936277855,-188.30311243647773,-0.015187428387032246,-0.01436203708012726,0.0,260.8597544496697,260.8541988886095,0.02090277709066868,260.83329611151885,277.0599219400621,223.4,53.659921940062105,0.3602527678012848,False,0.0,0.0,True,False,False,75699.74445070009,437.76452608431634
204.4429999999993,80.2,True,False,BLACKOUT,-1753.9747869207613,3354.645713203814,-2804.074133281088,-38.656605360186475,-116.50480879396564,0.0,3871.8474156864363,4780.589310460983,-122.75868648339438,231.01933296511353,-188.65978444131943,-0.009187133169258984,-0.008687839960425846,0.0,261.6130462875287,261.6096850477335,0.012644444592297077,261.5970406031412,277.6531630514047,223.4,54.25316305140472,0.3209638297557831,False,0.0,0.0,True,False,False,76833.96089727538,441.1078065080037
204.54300000000512,80.3,True,False,BLACKOUT,-1766.2677239769082,3377.7802986883908,-2822.958804566513,-38.656605360186475,-116.50480879396564,0.0,3898.033938992977,4812.8749206498915,-123.1000546395447,231.67237672641988,-189.0336412671805,-0.011641340762584941,-0.011008668711643084,0.0,262.35081199904994,262.3465524651069,0.016022222116589546,262.33053024299033,278.1248980528611,223.4,54.72489805286112,0.3223972022533417,False,0.0,0.0,True,False,False,77980.82249812286,444.38996389194847
204.64300000001094,80.4,True,False,BLACKOUT,-1778.5966403465302,3400.9820693364745,-2841.8798899587578,-38.656605360186475,-116.50480879396564,0.0,3924.296785816296,4845.24370616382,-123.47827275289623,232.36303623525558,-189.38806657771414,-0.012226636557352934,-0.011562155430597949,0.0,263.13840183605777,263.1339287330794,0.0168277770280838,263.11710095605133,277.9201331940267,223.4,54.520133194026705,0.314934104681015,False,0.0,0.0,True,False,False,79140.51021265963,447.90187791764237
204.74200000001292,80.5,True,False,BLACKOUT,-1790.9594252286538,3424.2518444538873,-2860.8347578312764,-38.656605360186475,-116.50480879396564,0.0,3950.6357526400634,4877.693959408837,-123.7774248895786,233.03246611300037,-189.70929087265995,-0.011500063120637874,-0.010875069086971327,0.0,263.8696705145539,263.86546036759324,0.015827778726816177,263.8496325888664,277.63423458559043,223.4,54.23423458559043,0.34187051653862,False,0.0,0.0,True,False,False,80313.12014105398,451.2294352973524
204.84300000000803,80.6,True,False,BLACKOUT,-1803.3536689459393,3447.586797963699,-2879.8233052404803,-38.656605360186475,-116.50480879396564,0.0,3977.0472347696114,4910.222701364452,-124.10744945613088,233.66660408324,-190.06165731141994,-0.02326048115886915,-0.0219963435804921,0.0,264.5888280389456,264.58031082130753,0.03201388940215111,264.5482969319054,277.6832833362968,223.4,54.28328333629684,0.3781123161315918,False,0.0,0.0,True,False,False,81498.57056403962,454.48687131086353
204.9429999999993,80.7,True,False,BLACKOUT,-1815.7803046910126,3470.986940156315,-2898.8474680288255,-38.656605360186475,-116.50480879396564,0.0,4003.5316523676474,4942.831408657063,-124.42526544533692,234.33623976907552,-190.42159845548156,-0.021599450131186627,-0.020425584620984018,0.0,265.3286993688229,265.32078687930243,0.02972777746617794,265.29105910183625,278.02802295892434,223.4,54.628022958924376,0.40284135937690735,False,0.0,0.0,True,False,False,82696.97495233487,457.860816763677
205.04300000000512,80.8,True,False,BLACKOUT,-1828.241349757697,3494.4540226048216,-2917.9072661441205,-38.656605360186475,-116.50480879396564,0.0,4030.0914678747927,4975.522088510295,-124.79563588835393,235.00540920105078,-190.77436385041577,-0.014184351851140005,-0.013413474753736923,0.0,266.09069442481047,266.0854995871288,0.019522221758961678,266.06597736536986,278.36384358484764,223.4,54.96384358484765,0.3834020495414734,False,0.0,0.0,True,False,False,83908.56128332179,461.3572400364229
205.14300000001094,80.9,True,False,BLACKOUT,-1840.738013455684,3517.9877654909146,-2937.00215799707,-38.656605360186475,-116.50480879396564,0.0,4056.7269656627604,5008.29465487154,-125.13763807138541,235.669448520818,-191.1234732085696,-0.006906496197670686,-0.006531148786808349,0.0,266.8349065953884,266.8323770238378,0.009505555965006351,266.8228714678728,278.51131682835404,223.4,55.11131682835403,0.3624846041202545,False,0.0,0.0,True,False,False,85133.45125796707,464.80204855491814
205.2430000000022,81.0,True,False,BLACKOUT,-1853.2682102749297,3541.5883465693532,-2956.129338875819,-38.656605360186475,-116.50480879396564,0.0,4083.4373767706084,5041.146841559926,-125.4662983135299,236.3421730479593,-191.42014436641585,-0.010254794311381626,-0.009697476912871933,0.0,267.5844269685775,267.58066965595856,0.014113889075815678,267.56655576688274,278.8101490384986,223.4,55.410149038498595,0.3289733827114105,False,[313.40356291],1477.9991419861262,True,False,False,86371.71376591,468.3030353017373
205.34300000000803,81.1,True,False,BLACKOUT,-1865.8345876714263,3565.2530392336207,-2975.2875951747824,-38.656605360186475,-116.50480879396564,0.0,4110.221433275305,5074.076911572846,-125.86124961640223,236.951680237389,-191.74498161284845,-0.010537350948626546,-0.009964677442015667,0.0,268.30807467995527,268.3042171161761,0.014502777718007565,268.2897143384581,279.1826504943135,223.4,55.782650494313536,0.3121821880340576,False,0.0,0.0,True,False,False,87623.39376493834,471.70400632755866
205.4429999999993,81.2,True,False,BLACKOUT,-1878.4408633856704,3588.977845338403,-2994.4794960520962,-38.656605360186475,-116.50480879396564,0.0,4137.0772069365885,5107.084811164845,-126.26426466847506,237.54444185825082,-192.09303593343077,-0.009695735251634918,-0.009168801040864592,0.0,269.0203228638691,269.0167771534308,0.013344444334506989,269.0034327090963,278.89136814487404,223.4,55.49136814487401,0.34436091780662537,False,0.0,0.0,True,False,False,88888.48846476307,475.05947947440694
205.54300000000512,81.3,True,False,BLACKOUT,-1891.084866541321,3612.764122016519,-3013.7042508431487,-38.656605360186475,-116.50480879396564,0.0,4164.004949700581,5140.17028245962,-126.61579844453618,238.18109170408144,-192.4020598876151,-0.005838835055548044,-0.005521511834362263,0.0,269.74607427649914,269.74393943348474,0.008036111481487751,269.73590332200325,278.4356401553888,223.4,55.03564015538881,0.34494146704673767,False,0.0,0.0,True,False,False,90167.10977929794,478.51991648733326
205.64300000001094,81.4,True,False,BLACKOUT,-1903.7669320477771,3636.6137693296796,-3032.960664661284,-38.656605360186475,-116.50480879396564,0.0,4191.0065130197,5173.334126610823,-127.02551168458925,238.81185455912535,-192.7262164751026,-0.00944950728622575,-0.008935954828902188,0.0,270.49667286814923,270.4932207961977,0.013005555607378483,270.4802152405903,278.5701139955736,223.4,55.170113995573594,0.324903666973114,False,0.0,0.0,True,False,False,91459.46382609551,482.082402275685
205.7430000000022,81.5,True,False,BLACKOUT,-1916.4856084294265,3660.528232658945,-3052.2487136281616,-38.656605360186475,-116.50480879396564,0.0,4218.082545540692,5206.57685728731,-127.34801594839655,239.47741202617595,-193.03476286244145,-0.0068055829196045315,-0.00643571984357127,0.0,271.23476397501724,271.232276908092,0.00936666689813137,271.22291024119386,278.97068953758844,223.4,55.570689537588464,0.35716184973716736,False,0.0,0.0,True,False,False,92765.69160590215,485.6353734899175
205.84300000000803,81.6,True,False,BLACKOUT,-1929.2373351133278,3684.506167455109,-3071.568155646733,-38.656605360186475,-116.50480879396564,0.0,4245.230257274611,5239.896074547943,-127.68651772963219,240.0812838971042,-193.3540775089907,-0.012906791415443949,-0.012205345906509764,0.0,271.92909830852386,271.92438229699377,0.017763888463377953,271.9066184085304,278.95834711583507,223.4,55.55834711583507,0.3975418508052826,False,0.0,0.0,True,False,False,94085.74589596957,489.0013071513399
205.94400000000314,81.7,True,False,BLACKOUT,-1942.0232598525254,3708.548451082575,-3090.918179258011,-38.656605360186475,-116.50480879396564,0.0,4272.450943232176,5273.292354231194,-128.03197705431913,240.76438865222542,-193.646394716575,-0.015855473462286215,-0.014993775903678595,0.0,272.69550488975057,272.68971009467435,0.02182222157716751,272.6678878730972,278.95064662394236,223.4,55.55064662394238,0.5220947861671448,False,0.0,0.0,True,False,False,95419.8060404262,492.71584285579115
206.04200000000128,81.8,True,False,BLACKOUT,-1954.8449858808267,3732.654924415269,-3110.2966354617006,-38.656605360186475,-116.50480879396564,0.0,4299.745174007606,5306.764901704811,-128.40254351170623,241.36507800165265,-193.92272935721252,-0.009837013570257378,-0.00930240130543646,0.0,273.3976565313397,273.3940636865027,0.013538888655602932,273.3805247978471,278.93044171596733,223.4,55.53044171596732,0.561204731464386,False,0.0,0.0,True,False,False,96768.02164962667,496.20452388596914
206.14300000001094,81.9,True,False,BLACKOUT,-1967.7037968596007,3756.819703521709,-3129.7042229778385,-38.656605360186475,-116.50480879396564,0.0,4327.108254335364,5340.310325071246,-128.7736760637729,241.9305041271508,-194.22902096554685,-0.014172242068302957,-0.013402023101376443,0.0,274.07273404637243,274.0675618788091,0.01950555481016636,274.04805632399894,279.40842913058486,223.4,56.00842913058486,0.6786311268806458,False,0.0,0.0,True,False,False,98130.24192511215,499.561363868805
206.2430000000022,82.0,True,False,BLACKOUT,-1980.5983873852963,3781.0436214873635,-3149.1419840401973,-38.656605360186475,-116.50480879396564,0.0,4354.540349010825,5373.929371215065,-129.11813445013794,242.5478551859453,-194.52620028163392,-0.021599450131186627,-0.020425584620984018,0.0,274.7822523108002,274.7743705282321,0.02972777746617794,274.74464275076593,279.5637218922489,223.4,56.163721892248915,0.9914815425872803,False,[323.15891309],1357.100317579099,True,False,False,99506.57196515091,503.0820347378121
206.34300000000803,82.1,True,False,BLACKOUT,-1993.526521594575,3805.3292440351515,-3168.60997016829,-38.656605360186475,-116.50480879396564,0.0,4382.042757359666,5407.623125771451,-129.44454973543193,243.16459576981563,-194.8335222802267,-0.019131114232325646,-0.018091395395379517,0.0,275.47914317088623,275.47216210010504,0.026330554857850075,275.4458315452472,279.2654972001371,223.4,55.865497200137085,1.3480961322784424,False,0.0,0.0,True,False,False,100897.18621428212,506.5808124204071
206.4429999999993,82.2,True,False,BLACKOUT,-2006.489199867139,3829.679096389699,-3188.1111857005576,-38.656605360186475,-116.50480879396564,0.0,4409.618184552328,5441.395543968806,-129.80901571584937,243.832451321132,-195.19078836511719,-0.011554555790053808,-0.010926600242793268,0.0,276.23716962006307,276.23295400511114,0.015902778133749962,276.2170512269774,279.40192456428525,223.4,56.001924564285275,2.3104426860809326,False,0.0,0.0,True,False,False,102302.33624173736,510.33092461607794
206.54300000000512,82.3,True,False,BLACKOUT,-2019.487059290483,3854.0951515909614,-3207.6466976105576,-43.488748878226076,-124.18274508515609,0.0,4441.988782733906,5479.0748929564525,-130.14817275103357,244.48865270410988,-195.51944983488642,-0.010885840486823818,-0.020456059075991774,0.0,276.9845080732954,276.9715656371674,0.023172222077846527,276.9483934150895,278.92703862046227,241.98,36.9470386204623,2.47585129737854,False,0.0,0.0,True,False,False,103722.24881447494,514.0335885184546
206.64300000001094,82.4,True,False,BLACKOUT,-2032.5177154795383,3878.5747819728117,-3227.2123372020305,-43.488748878226076,-124.18274508515609,0.0,4469.7096158920995,5513.003130761608,-130.4649510300723,245.10395493290048,-195.7933419945705,-0.012434808949685837,-0.023366793476473392,0.0,277.6783442135324,277.6635593141968,0.02646944485604763,277.63708986934074,278.3755176312034,241.98,36.39551763120341,3.4871432781219482,False,0.0,0.0,True,False,False,105156.85739063373,517.5955626785401
206.7430000000022,82.5,True,False,BLACKOUT,-2045.578430968249,3903.1127935281834,-3246.804606223357,-43.488748878226076,-124.18274508515609,0.0,4497.496242407128,5547.000324631273,-130.74935874414354,245.65627617453512,-196.0520384319584,-0.0057809008475709096,-0.010863143676732743,0.0,278.2916213040912,278.284747760175,0.012305555865168571,278.2724422043098,278.545380006524,241.98,36.56538000652402,3.627312421798706,False,0.0,0.0,True,False,False,106605.93410062794,520.8718588849872
206.84300000000803,82.6,True,False,BLACKOUT,-2058.667610493821,3927.7071931662736,-3266.4233941073976,-43.488748878226076,-124.18274508515609,0.0,4525.346165323212,5581.06438823076,-131.0342317673006,246.23171658726207,-196.32371924885666,-0.01000369876325382,-0.018798387972636287,0.0,278.93845999883985,278.926564077996,0.021294444799423218,278.90526963319655,278.5098583848105,241.98,36.52985838481053,3.7644851207733154,False,0.0,0.0,True,False,False,108069.43074986906,524.2499939909753
206.9429999999993,82.7,True,False,BLACKOUT,-2071.785333279501,3952.3639206935995,-3286.0714072476285,-43.488748878226076,-124.18274508515609,0.0,4553.264735611775,5615.201247159017,-131.32022394630783,246.90283395925928,-196.63654355575576,-0.011753628169786269,-0.022086756873702876,0.0,279.66735749450254,279.65337586809494,0.025019444525241852,279.6283564235697,277.771246234836,241.98,35.791246234836,3.718776226043701,False,0.0,0.0,True,False,False,109547.76227452244,527.9967082698928
207.04300000000512,82.8,True,False,BLACKOUT,-2084.932721033752,3977.086513148334,-3305.752403668151,-43.488748878226076,-124.18274508515609,0.0,4581.255616092733,5649.4160737494785,-131.62753113870417,247.54901513542185,-196.9833848546956,-0.007342918676903322,-0.013798399712612723,0.0,280.376925927415,280.36818979368513,0.015630556270480156,280.35255923741465,277.7637151667994,241.98,35.78371516679942,3.65889048576355,False,0.0,0.0,True,False,False,111041.25030502914,531.6871571858525
207.14300000001094,82.9,True,False,BLACKOUT,-2098.1100014569897,4001.869823621479,-3325.4626341852063,-43.488748878226076,-124.18274508515609,0.0,4609.314297298347,5683.703020271288,-131.91807732605105,248.11719432748112,-197.22122548640422,-0.009554798106579993,-0.01795483911085698,0.0,281.0176339083227,281.00626549303666,0.020338889211416245,280.98592660382525,277.8321009307196,241.98,35.85210093071963,3.674865961074829,False,0.0,0.0,True,False,False,112549.75500220107,535.1441847581923
207.2430000000022,83.0,True,False,BLACKOUT,-2111.316141986582,4026.708181039683,-3345.1963948240564,-43.488748878226076,-124.18274508515609,0.0,4637.435240332184,5718.054260692065,-132.20473326579912,248.64995403659051,-197.45398729059656,-0.010541335636946097,-0.01980868494171209,0.0,281.6237832145071,281.6112411468684,0.022438889369368553,281.588802257499,277.3136303086906,241.98,35.33363030869065,3.5979292392730713,False,[331.22628577],1150.2178683171721,True,False,False,114073.06971669526,538.4751490937026
207.34700000000885,83.1,True,False,BLACKOUT,-2124.550784394044,4051.6031247148503,-3364.954100080051,-43.488748878226076,-124.18274508515609,0.0,4665.619661533357,5752.471027456999,-132.48811488344592,249.2489194667568,-197.7001178292927,-0.0037034304175590695,-0.00695927810967926,0.0,282.277544921538,282.2731380077016,0.00788333360105753,282.26525467410056,277.6001668963669,241.98,35.62016689636692,3.3960464000701904,False,0.0,0.0,True,False,False,115611.3698810804,542.0716338366866
207.4429999999993,83.2,True,False,BLACKOUT,-2137.8143926834755,4076.560371852397,-3384.736097411506,-43.488748878226076,-124.18274508515609,0.0,4693.872882471201,5786.957843800054,-132.7840509051819,249.8960232841798,-197.93982879980283,-0.01606516230248763,-0.030188749276902918,0.0,283.00256094179394,282.98343878756805,0.03419722244143486,282.9492415651266,277.96405913691746,241.98,35.984059136917466,3.14741849899292,False,0.0,0.0,True,False,False,117165.09074846689,545.9139504437785
207.54300000000512,83.3,True,False,BLACKOUT,-2151.1067527541277,4101.58130481913,-3404.545923267912,-43.488748878226076,-124.18274508515609,0.0,4722.196041644746,5821.517705836294,-133.06315050786165,250.52263605048861,-198.25668832831784,-0.027578681429192287,-0.051824306743825724,0.0,283.7005878642202,283.6677514219116,0.05870555713772774,283.60904586477386,277.7077991324368,241.98,35.72779913243677,3.2263453006744385,False,0.0,0.0,True,False,False,118734.39792953222,549.5898522687223
207.64300000001094,83.4,True,False,BLACKOUT,-2164.4245329653736,4126.662952762288,-3424.3853774925747,-43.488748878226076,-124.18274508515609,0.0,4750.584989991178,5856.1483041940155,-133.29245371706267,251.11032281265423,-198.53239616493508,-0.014911592356280711,-0.028021025526361123,0.0,284.31210136149167,284.29434120465834,0.0317416675388813,284.26259953711946,277.0332300751477,241.98,35.05323007514771,3.279604911804199,False,0.0,0.0,True,False,False,120319.13414579461,553.0652603327782
207.7450000000099,83.5,True,False,BLACKOUT,-2177.7687842480905,4151.803421974532,-3444.2514601271814,-43.488748878226076,-124.18274508515609,0.0,4779.0384985124565,5890.846890800372,-133.59257193727396,251.6990614322187,-198.78925652719988,-0.01597251206305772,-0.030014646158868345,0.0,284.97409646716466,284.9550715510702,0.03400000184774399,284.92107154922246,277.357746665866,241.98,35.377746665866034,3.1526572704315186,False,0.0,0.0,True,False,False,121919.34563258244,556.7251119045837
207.84300000000803,83.6,True,False,BLACKOUT,-2191.1408948700173,4177.00231647504,-3464.141720218313,-43.488748878226076,-124.18274508515609,0.0,4807.556830030378,5925.612249525683,-133.8496405012603,252.27882857794228,-199.01594529543615,-0.03325126982245676,-0.062483915749382654,0.0,285.62731665227443,285.5876986338442,0.07078055292367935,285.5169180809205,277.2183131545296,241.98,35.23831315452961,3.36824369430542,False,0.0,0.0,True,False,False,123535.17083227113,560.3103772910716
207.9429999999993,83.7,True,False,BLACKOUT,-2204.5397471612973,4202.259624207169,-3484.053209841244,-43.488748878226076,-124.18274508515609,0.0,4836.139471932964,5960.442245420479,-134.12740532433756,252.86732606462076,-199.21384716318343,-0.06764436664885312,-0.12711348857278018,0.0,286.31836467971647,286.23774288187496,0.14399166405200958,286.09375121782296,277.06307088204755,241.98,35.08307088204754,3.159362316131592,False,0.0,0.0,True,False,False,125166.7079749963,564.0268211929663
208.04300000000512,83.8,True,False,BLACKOUT,-2217.9676555127458,4227.5754265262585,-3503.9882449841207,-43.488748878226076,-124.18274508515609,0.0,4864.787528719541,5995.339133074298,-134.4307617046252,253.44872031716392,-199.48685569435247,-0.11339438670417758,-0.21308435266106932,0.0,287.0286855204019,286.89350554324807,0.24137777090072632,286.65212777234734,277.0741372117592,241.98,35.0941372117592,3.0306320190429688,False,0.0,0.0,True,False,False,126814.12670658306,567.7108254457587
208.14300000001094,83.9,True,False,BLACKOUT,-2231.4245741834557,4252.947668242163,-3523.947795563501,-43.488748878226076,-124.18274508515609,0.0,4893.499139769931,6030.301973930154,-134.70761170957357,253.99611400092513,-199.70415589325282,-0.1698814881437018,-0.31923173608792227,0.0,287.70939492910327,287.50681136291047,0.3616194427013397,287.14519192020913,277.6575801782164,241.98,35.677580178216424,2.872633934020996,False,0.0,0.0,True,False,False,128477.41148247695,571.2785961291976
208.24200000001292,84.0,True,False,BLACKOUT,-2244.911315329921,4278.379572171051,-3543.93167000755,-43.488748878226076,-124.18274508515609,0.0,4922.27754940811,6065.333292993025,-135.02721121972732,254.64196457683266,-199.9733329877279,-0.2376824436900678,-0.446639477708232,0.0,288.51068088748553,288.22712900302383,0.5059444308280945,287.72118457219574,278.18755861552404,241.98,36.20755861552406,3.002814292907715,False,[339.54388576],983.2426405624942,True,False,False,130156.8969134285,575.3183520710388
208.34300000000803,84.1,True,False,BLACKOUT,-2258.43037030738,4303.871812068958,-3563.941156674968,-43.488748878226076,-124.18274508515609,0.0,4951.124473033628,6100.435239859057,-135.35388832946018,255.20283338130793,-200.21640036063008,-0.3461010989962843,-0.6503737158286594,0.0,289.28872462430417,288.87568477071864,0.7367305755615234,288.1389541951571,278.21285663057654,241.98,36.232856630576535,2.744422435760498,False,0.0,0.0,True,False,False,131852.81224472955,579.0707272933455
208.4429999999993,84.2,True,False,BLACKOUT,-2271.983089948314,4329.419752363996,-3583.9745917528385,-43.488748878226076,-124.18274508515609,0.0,4980.0363686891615,6135.603972535764,-135.700504489216,255.75597251944356,-200.45230119677214,-0.3751608734569873,-0.7049812092806034,0.0,289.974428893601,289.52675938157097,0.7985888719558716,288.7281705096151,278.9271197559655,241.98,36.947119755965545,2.6660237312316895,False,0.0,0.0,True,False,False,133565.04799477334,582.8585414230593
208.54300000000512,84.3,True,False,BLACKOUT,-2285.5687075406204,4355.022991546159,-3604.0315528006126,-43.488748878226076,-124.18274508515609,0.0,5009.012534632594,6170.838679279247,-136.01184735691243,256.30881112380354,-200.6869197587055,-0.35248357537563046,-0.6623673064039629,0.0,290.5815712075026,290.1610402537488,0.7503166794776917,289.4107235742711,279.33736851099854,241.98,37.35736851099854,2.556394338607788,False,0.0,0.0,True,False,False,135293.67274551466,586.5942175208224
208.64300000001094,84.4,True,False,BLACKOUT,-2299.1826739377443,4380.682911639209,-3624.110467600524,-43.488748878226076,-124.18274508515609,0.0,5038.052170103548,6206.1377965733855,-136.2674805855666,256.889590737218,-200.8913762395242,-0.48102054038557285,-0.9039067403938911,0.0,291.36823792812595,290.79389280772926,1.0239278078079224,289.76996499992134,279.61490484795127,241.98,37.63490484795125,2.0636062622070312,False,0.0,0.0,True,False,False,137038.7501670033,590.3730399399178
208.7430000000022,84.5,True,False,BLACKOUT,-2312.8226299619096,4406.4013170592325,-3644.2136285634797,-43.488748878226076,-124.18274508515609,0.0,5067.155830245511,6241.503118528331,-136.53163989773557,257.47851766324254,-201.17184301959097,-0.6138233260565377,-1.153462264602584,0.0,292.17144607748696,291.43794494064366,1.30661940574646,290.1313255348972,279.3329890116049,241.98,37.352989011604905,2.2068865299224854,False,0.0,0.0,True,False,False,138800.4099271612,594.1435477666124
208.84400000001187,84.6,True,False,BLACKOUT,-2326.49134040799,4432.178039921223,-3664.3436495819874,-43.488748878226076,-124.18274508515609,0.0,5096.324600736845,6276.937057061143,-136.84256902387466,258.05593957656635,-201.4285773505606,-0.6570339374716511,-1.2346612148248637,0.0,292.87901192391803,292.09374633462863,1.3985999822616577,290.695146352367,279.02333245856266,241.98,37.04333245856269,2.6340742111206055,False,0.0,0.0,True,False,False,140578.8262473479,598.0139182907052
208.9429999999993,84.7,True,False,BLACKOUT,-2340.1904966234615,4458.010808873372,-3684.4965473229227,-43.488748878226076,-124.18274508515609,0.0,5125.5572071761235,6312.4362564123885,-137.14055528555997,258.59943946640635,-201.62937746814123,-0.6747824619235888,-1.2680132435579665,0.0,293.5200165752208,292.7135152266996,1.4363805055618286,291.27713472113777,279.0378666959239,241.98,37.057866695923934,2.4959471225738525,False,0.0,0.0,True,False,False,142374.0511841669,601.7900796406856
209.04300000000512,84.8,True,False,BLACKOUT,-2353.917443037792,4483.900471558002,-3704.6680735632235,-43.488748878226076,-124.18274508515609,0.0,5154.853216368458,6347.997890483493,-137.39837300105125,259.19381422619,-201.80114733787718,-0.7204672465219897,-1.353861520845329,0.0,294.2209055431416,293.3594147738516,1.5336277484893799,291.8257870253622,279.29947723789985,241.98,37.31947723789988,1.7186728715896606,False,0.0,0.0,True,False,False,144186.1896617137,605.744097855897
209.14300000001094,84.9,True,False,BLACKOUT,-2367.6730213452956,4509.846141896003,-3724.858639949871,-43.488748878226076,-124.18274508515609,0.0,5184.212211875506,6383.621867354638,-137.71319314902152,259.7195925338188,-202.01018039506604,-0.8136219949529169,-1.5289126838142064,0.0,294.9445270904607,293.97141070728725,1.7319222688674927,292.23948843841976,279.57105412127015,241.98,37.59105412127018,1.582533359527588,False,0.0,0.0,True,False,False,146015.33040292468,609.5192600546256
209.2430000000022,85.0,True,False,BLACKOUT,-2381.457417989568,4535.846689972335,-3745.071217764896,-43.488748878226076,-124.18274508515609,0.0,5213.633266096543,6419.309173071472,-137.9747397364261,260.2913689928201,-202.24137590544186,-0.8916249807321749,-1.6754915067480531,0.0,295.66605545974153,294.5990929678687,1.8979638814926147,292.7011290863761,279.4857459066941,241.98,37.50574590669411,1.2066656351089478,False,[346.06733411],873.0246298817053,True,False,False,147861.50798333832,613.3657969337853
209.34400000001187,85.1,True,False,BLACKOUT,-2395.2692681594904,4561.905014243219,-3765.3042742056605,-43.488748878226076,-124.18274508515609,0.0,5243.118356378967,6455.060524607767,-138.26226366201396,260.87511642485134,-202.41975290984948,-1.0129286293180972,-1.9034384994134743,0.0,296.46239035500275,295.24952146044876,2.1561777591705322,293.09334370127823,279.51619684943705,241.98,37.53619684943704,1.1929357051849365,False,0.0,0.0,True,False,False,149724.98266378598,617.4000565279784
209.4429999999993,85.2,True,False,BLACKOUT,-2409.1095732069875,4588.019863314081,-3785.55671513681,-43.488748878226076,-124.18274508515609,0.0,5272.666811690499,6490.874744641114,-138.54383728792834,261.42186499239523,-202.62906571313647,-1.124182867419153,-2.1125012052104495,0.0,297.21124404743824,295.8644729374686,2.3929998874664307,293.47147305000215,279.6304918996834,241.98,37.65049189968343,1.7391209602355957,False,0.0,0.0,True,False,False,151605.84012071043,621.2584376671083
209.54400000000896,85.3,True,False,BLACKOUT,-2422.977003146179,4614.189066356242,-3805.8285189512726,-43.488748878226076,-124.18274508515609,0.0,5302.276093873421,6526.749764723972,-138.8047614958971,261.9621958508169,-202.80701057611628,-1.1523958339870426,-2.1655174249061435,0.0,297.8449641887248,296.46408529350504,2.4530556201934814,294.01102967331155,279.8149001781136,241.98,37.83490017811363,1.9411700963974,False,0.0,0.0,True,False,False,153504.01417133087,625.0894219530034
209.64300000001094,85.4,True,False,BLACKOUT,-2436.8723897233886,4640.410179379665,-3826.1189326466456,-43.488748878226076,-124.18274508515609,0.0,5331.944390944591,6562.683679325295,-139.10297004829226,262.460064617654,-203.00126333133983,-1.172234917174429,-2.2027979140136136,0.0,298.4481839403064,297.0436361805437,2.495286226272583,294.5483499542711,280.20973466982576,241.98,38.22973466982576,2.1253232955932617,False,0.0,0.0,True,False,False,155419.49252414875,628.8300297733326
209.7430000000022,85.5,True,False,BLACKOUT,-2450.796498964812,4666.682501002115,-3846.430918828805,-43.488748878226076,-124.18274508515609,0.0,5361.671419417064,6598.677990561138,-139.37921478017623,262.9863678313427,-203.2384603118451,-1.1658105792184756,-2.190725659518411,0.0,299.0348408013324,297.63802710315895,2.4816110134124756,295.1564160897465,280.39204555531524,241.98,38.41204555531527,2.650843620300293,False,0.0,0.0,True,False,False,157352.35501140557,632.6138238953159
209.84300000000803,85.6,True,False,BLACKOUT,-2464.748663904031,4693.009765024615,-3866.7654613951977,-43.488748878226076,-124.18274508515609,0.0,5391.460215523105,6634.735743720866,-139.6640840042138,263.55891261865577,-203.45239101601385,-1.139953173366644,-2.142135877011751,0.0,299.6430910168608,298.2773152310854,2.4265694618225098,295.8507457692629,280.3447194663883,241.98,38.36471946638834,1.535799503326416,False,0.0,0.0,True,False,False,159302.93106502682,636.6669207342992
209.9429999999993,85.7,True,False,BLACKOUT,-2478.7297791898613,4719.394073334262,-3887.1208373205377,-43.488748878226076,-124.18274508515609,0.0,5421.313057889504,6670.857791586834,-139.95822171239615,264.1272535742961,-203.6551274907909,-1.1941030687813918,-2.2438913143529104,0.0,300.34824363100387,298.91722918827674,2.5418360233306885,296.37539316494605,280.3663063778531,241.98,38.38630637785312,2.058854103088379,False,0.0,0.0,True,False,False,161271.52123012365,640.7578897173287
210.04300000000512,85.8,True,False,BLACKOUT,-2492.7389308247616,4745.832435829509,-3907.4941204041415,-43.488748878226076,-124.18274508515609,0.0,5451.2268633863005,6707.039929588714,-140.22481098560894,264.63999633065026,-203.81053418128565,-1.2548808138168297,-2.3581014338613984,0.0,300.99937824158457,299.4951172787903,2.671211004257202,296.8239062745331,280.5755023434678,241.98,38.59550234346782,2.7388672828674316,False,0.0,0.0,True,False,False,163258.0357654813,644.6189923283279
210.14300000001094,85.9,True,False,BLACKOUT,-2506.775433170408,4772.322274684371,-3927.8861510061915,-43.488748878226076,-124.18274508515609,0.0,5481.1990200721,6743.280530491489,-140.50523592732105,265.1567807665743,-204.03007785971448,-1.3174489462825463,-2.47567594871327,0.0,301.6626790508551,300.08305468567414,2.8043971061706543,297.2786575795035,280.46670907486356,241.98,38.486709074863555,2.2596845626831055,False,0.0,0.0,True,False,False,165262.39282234808,648.4762015906706
210.2430000000022,86.0,True,False,BLACKOUT,-2520.840098383447,4798.864913826747,-3948.3014950241677,-43.488748878226076,-124.18274508515609,0.0,5511.231074888197,6779.5835164428345,-140.78806833346113,265.6960020809526,-204.2768024998037,-1.3137050932800758,-2.468640710755938,0.0,302.2670568303113,300.69194486528716,2.7964277267456055,297.89551713854155,280.5657220165551,241.98,38.58572201655515,2.3642258644104004,False,[354.52567521],840.0425531946015,True,False,False,167284.79453683912,652.4222204641876
210.34300000000803,86.1,True,False,BLACKOUT,-2534.933988256431,4825.463606224765,-3968.741183055137,-43.488748878226076,-124.18274508515609,0.0,5541.326410152711,6815.95224175858,-141.08972912620771,266.2778458793966,-204.51695811958467,-1.2402093812555421,-2.330531703111954,0.0,302.83386316659045,301.3473126992812,2.6399805545806885,298.7073321447005,280.6890883261271,241.98,38.70908832612708,2.0099406242370605,False,0.0,0.0,True,False,False,169325.6127782133,656.6350796283327
210.4429999999993,86.2,True,False,BLACKOUT,-2549.0589683940916,4852.119249226469,-3989.203562649131,-43.488748878226076,-124.18274508515609,0.0,5571.486665470415,6852.387082452885,-141.40987362700807,266.83501415469584,-204.73063376030018,-1.3100226185892596,-2.4617208114691205,0.0,303.5600430162343,301.989531504228,2.7885890007019043,299.2009425035261,280.44064501697295,241.98,38.46064501697295,2.914379596710205,False,0.0,0.0,True,False,False,171385.11454253626,660.8348975384771
210.54300000000512,86.3,True,False,BLACKOUT,-2563.2129857384566,4878.829189713856,-4009.6856612209413,-43.488748878226076,-124.18274508515609,0.0,5601.708547359655,6888.88363607363,-141.67047326029248,267.363795593044,-204.91133767590364,-1.3980018200966944,-2.6270463778021043,0.0,304.25551924668014,302.5787867444019,2.9758665561676025,299.6029201882343,280.2142693325221,241.98,38.2342693325221,2.993049383163452,False,0.0,0.0,True,False,False,173463.19405412418,664.8371335627551
210.64300000001094,86.4,True,False,BLACKOUT,-2577.393829028209,4905.592578716566,-4030.188800019712,-43.488748878226076,-124.18274508515609,0.0,5631.990302116527,6925.44125142499,-141.94639253475614,267.90398446114403,-205.1514382995047,-1.3999605498671486,-2.6307271126012974,0.0,304.8644448110875,303.1852952301414,2.9800360202789307,300.20525920986245,280.0738583036962,241.98,38.093858303696244,2.3675103187561035,False,0.0,0.0,True,False,False,175559.8236556017,668.865074327714
210.7430000000022,86.5,True,False,BLACKOUT,-2591.6011401873748,4932.410001080244,-4050.715776644587,-43.488748878226076,-124.18274508515609,0.0,5662.332289729716,6962.06185425504,-142.1998306485624,268.4444628124088,-205.38809419800268,-1.3494566157680359,-2.5358229606663207,0.0,305.3999724014977,303.7815357310621,2.872530460357666,300.9090052707044,279.94876287995436,241.98,37.96876287995436,2.1001904010772705,False,0.0,0.0,True,False,False,177675.1160728842,672.8569874048748
210.84300000000803,86.6,True,False,BLACKOUT,-2605.8365990784127,4959.282659941846,-4071.2676206038327,-43.488748878226076,-124.18274508515609,0.0,5692.736339365442,6998.74753567444,-142.50934717220545,269.0087144196205,-205.64878498691164,-1.3667484990217724,-2.568316894947439,0.0,306.06423688149715,304.4250358711404,2.90933895111084,301.51569692002954,279.89716520884207,241.98,37.91716520884207,1.12559175491333,False,0.0,0.0,True,False,False,179809.32905882073,677.0852498805035
210.94400000000314,86.7,True,False,BLACKOUT,-2620.10266465544,4986.213325479319,-4091.843523810813,-43.488748878226076,-124.18274508515609,0.0,5723.206030628079,7035.500742119932,-142.81196436834222,269.60459632982815,-205.86927915269627,-1.3824835236404842,-2.597885268060397,0.0,306.7515102490136,305.09325710168395,2.942833423614502,302.15042367806944,280.05170384076115,241.98,38.07170384076116,0.7515584230422974,False,0.0,0.0,True,False,False,181962.88214416927,681.509712693927
211.04300000000512,86.8,True,False,BLACKOUT,-2634.399334006053,5013.202507305184,-4112.443522620405,-43.488748878226076,-124.18274508515609,0.0,5753.741816557741,7072.321868972573,-143.12142264391602,270.1790401874686,-206.13069703914516,-1.4207926624544007,-2.6698736466955952,0.0,307.4501558263164,305.7457364808874,3.0243804454803467,302.72135603540704,279.7202564324747,241.98,37.74025643247473,1.1023892164230347,False,0.0,0.0,True,False,False,184135.93721655977,685.822136804632
211.14300000001094,86.9,True,False,BLACKOUT,-2648.7238582402692,5040.249075293224,-4133.068278134481,-43.488748878226076,-124.18274508515609,0.0,5784.341449325879,7109.209477439171,-143.36906204041043,270.7523195733581,-206.3644132423913,-1.6180832768914422,-3.0406110710541223,0.0,308.31138294145336,306.36825309535726,3.4443445205688477,302.9239085747884,279.13276130028424,241.98,37.15276130028426,2.250523567199707,False,0.0,0.0,True,False,False,186328.43601796997,690.0399558239873
211.2430000000022,87.0,True,False,BLACKOUT,-2663.0736152634004,5067.353159093429,-4153.715907571716,-43.488748878226076,-124.18274508515609,0.0,5815.003862128518,7146.161610080191,-143.62607842221183,271.3293564307366,-206.58817550230998,-1.5283265684388387,-2.8719453136608006,0.0,308.8334906712977,306.99848544261755,3.2532832622528076,303.74520218036474,278.54500900960335,241.98,36.565009009603344,1.4965780973434448,False,[356.4677856],847.5005154806718,True,False,False,188540.43065881025,694.3312391380881
211.34300000000803,87.1,True,False,BLACKOUT,-2677.4508701074597,5094.515522982343,-4174.387154812596,-43.488748878226076,-124.18274508515609,0.0,5845.730755791026,7183.180088753555,-143.9190184589699,271.9179213475506,-206.8367693152804,-1.3838197339653653,-2.600396199336379,0.0,309.3163260229728,307.6557163846725,2.9456777572631836,304.7100386274093,278.41919124542954,241.98,36.439191245429555,2.457639694213867,False,0.0,0.0,True,False,False,190772.18669932825,698.7531249088938
211.44400000000314,87.2,True,False,BLACKOUT,-2691.85599103666,5121.737243903866,-4195.0819084306995,-43.488748878226076,-124.18274508515609,0.0,5876.523256161968,7220.265770638572,-144.18340012503717,272.51649708292604,-207.0583030467921,-1.4589845328517075,-2.741641661119062,0.0,310.0601582773363,308.30843980333236,3.105677843093872,305.2027619602385,278.67302169061145,241.98,36.69302169061145,2.870971918106079,False,0.0,0.0,True,False,False,193023.92496210992,703.2047029612717
211.54300000000512,87.3,True,False,BLACKOUT,-2706.290078258825,5149.018637349498,-4215.80086944685,-43.488748878226076,-124.18274508515609,0.0,5907.382139278094,7257.419700574761,-144.49834431826437,273.1113718297148,-207.3209172762201,-1.4627336500524404,-2.748686791261639,0.0,310.737763816368,308.9815414121504,3.1136584281921387,305.8678829839583,278.7606830240079,241.98,36.7806830240079,3.256903886795044,False,0.0,0.0,True,False,False,195295.84260243273,707.7385765407757
211.64300000001094,87.4,True,False,BLACKOUT,-2720.7551266507576,5176.359327898601,-4236.546497090098,-43.488748878226076,-124.18274508515609,0.0,5938.307968186072,7294.643771084958,-144.8026235203955,273.70243915234045,-207.59163558873874,-1.450092629961349,-2.7249324974083393,0.0,311.3872828326186,309.6462901058723,3.086750030517578,306.55954007535473,278.92842411140737,241.98,36.94842411140737,2.728442668914795,False,0.0,0.0,True,False,False,197588.11325197373,712.2388425606089
211.7430000000022,87.5,True,False,BLACKOUT,-2735.2511685574254,5203.75840048953,-4257.3194341572935,-43.488748878226076,-124.18274508515609,0.0,5969.299940085513,7331.937706988398,-145.1182146129607,274.2790126662484,-207.86710575516813,-1.528297895358942,-2.87189143282202,0.0,312.1388918829243,310.3035175463297,3.2532222270965576,307.05029531923316,278.9048487112061,241.98,36.92484871120615,3.0556020736694336,False,0.0,0.0,True,False,False,199900.80215521075,716.7176532355099
211.84300000000803,87.6,True,False,BLACKOUT,-2749.7782117495235,5231.216804574201,-4278.120460673162,-43.488748878226076,-124.18274508515609,0.0,6000.358905377232,7369.302658282546,-145.42264922899892,274.889069027178,-208.15342456220043,-1.527298257710194,-2.8700129699856296,0.0,312.8194042303921,310.98512372685786,3.251094341278076,307.7340293855798,278.65502538707995,241.98,36.67502538707995,2.5076701641082764,False,0.0,0.0,True,False,False,202234.115213005,721.3353280753003
211.9429999999993,87.7,True,False,BLACKOUT,-2764.335034967688,5258.736098387209,-4298.949989522334,-43.488748878226076,-124.18274508515609,0.0,6031.485703202544,7406.739552620354,-145.71381513429125,275.4968072329803,-208.43715242125847,-1.643288258171402,-3.0879748540064997,0.0,313.633221334757,311.6584776908152,3.497997283935547,308.1604804068796,278.6999933401685,241.98,36.71999334016848,2.6158413887023926,False,0.0,0.0,True,False,False,204588.25378556614,725.9315960107681
212.04200000000128,87.8,True,False,BLACKOUT,-2778.9221825099157,5286.316057039669,-4319.808843140856,-43.488748878226076,-124.18274508515609,0.0,6062.680377326866,7444.248907640191,-146.02913571026082,276.10236581622394,-208.73991994918416,-1.8856201369703312,-3.5433512886242124,0.0,314.6094089135164,312.3411994687888,4.013838768005371,308.3273607007834,278.4573324597674,241.98,36.477332459767354,1.6865447759628296,False,0.0,0.0,True,False,False,206963.35468502337,730.5769036635123
212.14300000001094,87.9,True,False,BLACKOUT,-2793.5406542628903,5313.957768227264,-4340.6960280919,-43.488748878226076,-124.18274508515609,0.0,6093.944348682526,7481.831308786137,-146.34029934923635,276.73185793565784,-209.00377907169562,-2.029739548852542,-3.8141723802090177,0.0,315.4863115824384,313.0431350631175,4.320619583129883,308.72251547998763,278.1061724620733,241.98,36.126172462073306,2.5410478115081787,False,0.0,0.0,True,False,False,209359.69325045415,735.4037031442064
212.2430000000022,88.0,True,False,BLACKOUT,-2808.19002969401,5341.662244490546,-4361.611307826123,-43.488748878226076,-124.18274508515609,0.0,6125.278330183392,7519.487204774735,-146.6472092731568,277.35766732999446,-209.30181561275813,-2.1598463369857828,-4.058661737504171,0.0,316.34118972096485,313.739827905768,4.597572326660156,309.1422555791078,277.43375785728966,241.98,35.45375785728969,2.0342893600463867,False,[357.90876143],1002.3246365642487,True,False,False,211777.47667123523,740.1784785800078
212.34300000000803,88.1,True,False,BLACKOUT,-2822.870800971498,5369.430289013177,-4382.556955526466,-43.488748878226076,-124.18274508515609,0.0,6156.683259671014,7557.218683374638,-146.96821627660924,278.0032231226166,-209.61113839408029,-2.22563111859821,-4.182280798484705,0.0,317.14204164921114,314.4605677379781,4.737605571746826,309.7229621662313,277.73153444198374,241.98,35.75153444198372,2.0929670333862305,False,0.0,0.0,True,False,False,214216.91594377538,745.0916239492916
212.4429999999993,88.2,True,False,BLACKOUT,-2837.5848216098443,5397.263900709066,-4403.533869362475,-43.488748878226076,-124.18274508515609,0.0,6188.161756612905,7595.028404464922,-147.31219649032215,278.6690107951644,-209.92713832609883,-2.2789850000331646,-4.282540411133625,0.0,317.9563063775229,315.20993133522734,4.85117769241333,310.358753642814,277.7998539783644,241.98,35.81985397836442,1.4998935461044312,False,0.0,0.0,True,False,False,216678.38954032242,750.1795020285404
212.54300000000512,88.3,True,False,BLACKOUT,-2852.332760212677,5425.161075168622,-4424.544890595375,-43.488748878226076,-124.18274508515609,0.0,6219.712333814017,7632.916808422049,-147.64657556633247,279.27447839596357,-210.29328633189692,-2.2765800454568157,-4.278021155780911,0.0,318.6447168866627,315.901480781275,4.846058368682861,311.0554224125921,277.1696477420361,241.98,35.18964774203611,1.26797616481781,False,0.0,0.0,True,False,False,219161.89755376556,754.9014797604585
212.64300000001094,88.4,True,False,BLACKOUT,-2867.1121136959787,5453.1218011246265,-4445.590042938733,-43.488748878226076,-124.18274508515609,0.0,6251.33385026884,7670.882982903145,-147.94049409970646,279.9400407241266,-210.60976053525877,-2.264049909541888,-4.254475229233832,0.0,319.3558349081084,316.6272511883507,4.819386005401611,311.8078651829491,277.04804925457495,241.98,35.06804925457496,1.1408826112747192,False,0.0,0.0,True,False,False,221667.48338238525,759.9100033516888
212.7430000000022,88.5,True,False,BLACKOUT,-2881.922111358698,5481.14903179785,-4466.666869953063,-43.488748878226076,-124.18274508515609,0.0,6283.02859154537,7708.92737086768,-148.25945915468589,280.60457274034576,-210.92677975132986,-2.2749187988902912,-4.274899434684065,0.0,320.1059194854361,317.36381878158693,4.842522144317627,312.5212966372693,277.19220649896687,241.98,35.212206498966864,1.2514439821243286,False,0.0,0.0,True,False,False,224195.5270948058,765.0062325672682
212.84300000000803,88.6,True,False,BLACKOUT,-2896.765218368854,5509.244441054711,-4487.776746334953,-43.488748878226076,-124.18274508515609,0.0,6314.799163305881,7747.052897575528,-148.60268104842652,281.30361239688256,-211.27074788647928,-2.2925576712124673,-4.3080454113032385,0.0,320.9060162704897,318.142231026181,4.880069255828857,313.2621617703521,277.2350613405819,241.98,35.25506134058192,1.096866250038147,False,0.0,0.0,True,False,False,226746.409351359,770.313451013606
212.94200000001,88.7,True,False,BLACKOUT,-2911.640513077046,5537.407573554804,-4508.92123777398,-43.488748878226076,-124.18274508515609,0.0,6346.6447417981835,7785.259803439046,-148.90321311540586,281.9590376049682,-211.61908089405546,-2.2910819036315258,-4.305272231882254,0.0,321.62458255678604,318.86214225462993,4.876927852630615,313.9852144019993,276.7943471441431,241.98,34.814347144143106,1.4453169107437134,False,0.0,0.0,True,False,False,229320.19274724164,775.3162280331807
213.04300000000512,88.8,True,False,BLACKOUT,-2926.5474022201374,5565.638204526381,-4530.100784956625,-43.488748878226076,-124.18274508515609,0.0,6378.564857179709,7823.547964901388,-149.23456974642534,282.6535818265737,-211.97186275885636,-2.2982891510737256,-4.318815685842597,0.0,322.4025860461113,319.6310437469932,4.892269611358643,314.73877413563457,276.53549376870626,241.98,34.55549376870629,1.3641183376312256,False,0.0,0.0,True,False,False,231916.98687050855,780.6095905085574
213.14300000001094,88.9,True,False,BLACKOUT,-2941.4869777916338,5593.936406756495,-4551.316229036369,-43.488748878226076,-124.18274508515609,0.0,6410.560066752633,7861.9183273634535,-149.55694168349754,283.3104627757155,-212.33701883602404,-2.2869399876370498,-4.29748897634279,0.0,323.1203913567094,320.36244649445285,4.8681111335754395,315.4943353608774,276.0736674604739,241.98,34.093667460473924,1.2670632600784302,False,0.0,0.0,True,False,False,234536.9975850559,785.703038510435
213.2430000000022,89.0,True,False,BLACKOUT,-2956.4584410510597,5622.301611187878,-4572.568875272926,-43.488748878226076,-124.18274508515609,0.0,6442.629500786787,7900.3709408813775,-149.87232350501523,283.99362585193694,-212.7159058951068,-2.3066238329778073,-4.33447775122155,0.0,323.8961732516944,321.11383165058754,4.910011291503906,316.20382035908364,276.1753859376958,241.98,34.19538593769583,1.319993019104004,False,[356.5050754],1113.3831984522233,True,False,False,237180.2932894286,790.9130409485749
213.34300000000803,89.1,True,False,BLACKOUT,-2971.462601017288,5650.735471661685,-4593.85928653271,-43.488748878226076,-124.18274508515609,0.0,6474.77499909646,7938.907634768614,-150.21087581954876,284.68358362420093,-213.0923193005787,-2.370007468157309,-4.4535847128982695,0.0,324.7417812183851,321.8820436116207,5.044933319091797,316.8371102925289,276.29946846766853,241.98,34.31946846766856,1.3888193368911743,False,0.0,0.0,True,False,False,239847.19604836268,796.2432108439466
213.44200000001,89.2,True,False,BLACKOUT,-2986.5007219370877,5679.238186842957,-4615.187087391978,-43.488748878226076,-124.18274508515609,0.0,6506.997309566769,7977.528805234038,-150.55154257644634,285.37072000123817,-213.46369788478484,-2.386966474874118,-4.4854531243166695,0.0,325.529326958955,322.6487483412459,5.081033229827881,317.567715111418,276.18089309060673,241.98,34.200893090606755,1.615121841430664,False,0.0,0.0,True,False,False,242537.9428926321,801.6021994717684
213.54400000000896,89.3,True,False,BLACKOUT,-3001.5729744829177,5707.810896892335,-4636.552981897074,-43.488748878226076,-124.18274508515609,0.0,6539.297525410294,8016.235755002209,-150.8935083401523,286.08348098633604,-213.85419221713084,-2.4021611911435232,-4.514006180373858,0.0,326.3381370997475,323.4387251898865,5.113377571105957,318.32534761878054,275.7191799369328,241.98,33.73917993693281,1.5473227500915527,False,0.0,0.0,True,False,False,245252.79426696105,807.0865990208065
213.64300000001094,89.4,True,False,BLACKOUT,-3016.680637915883,5736.452163312584,-4657.958944918698,-43.488748878226076,-124.18274508515609,0.0,6571.67494163927,8055.02905464143,-151.25976031915258,286.7418474186397,-214.2650682153457,-2.4112514535045744,-4.531088090043489,0.0,327.10212709698544,324.19192178840905,5.13272762298584,319.0591941654232,275.0776056366742,241.98,33.09760563667421,1.2469160556793213,False,0.0,0.0,True,False,False,247991.82524085953,812.3513064141699
213.7430000000022,89.5,True,False,BLACKOUT,-3031.8247808450683,5765.162954793419,-4679.405777641613,-43.488748878226076,-124.18274508515609,0.0,6604.130905170611,8093.91026911315,-151.6230982645569,287.4739821980444,-214.67158624295882,-2.4279848837256326,-4.562532610800546,0.0,327.9397930084359,325.009006595425,5.168347358703613,319.84065923672136,274.77709600350636,241.98,32.79709600350635,1.5126863718032837,False,0.0,0.0,True,False,False,250755.32227193573,818.0175274844918
213.84300000000803,89.6,True,False,BLACKOUT,-3047.0046026370896,5793.946695490445,-4700.892460721906,-43.488748878226076,-124.18274508515609,0.0,6636.668106752702,8132.881007764749,-151.97333757586864,288.2008317424624,-215.06207536291177,-2.4338675692816594,-4.57358702257566,0.0,328.7535754528866,325.8153077296953,5.1808695793151855,320.6344381503801,274.8084337614059,241.98,32.82843376140597,1.355167269706726,False,0.0,0.0,True,False,False,253543.72355318803,823.6764102186245
213.94400000000314,89.7,True,False,BLACKOUT,-3062.219953870901,5822.801752503245,-4722.419631124258,-43.488748878226076,-124.18274508515609,0.0,6669.285021841043,8171.940398398722,-152.3336871003624,288.9003085135373,-215.48133268411348,-2.432743942963201,-4.57147556720595,0.0,329.53904292361506,326.6021134114232,5.178477764129639,321.42363564729357,274.9102321850608,241.98,32.9302321850608,1.0888317823410034,False,0.0,0.0,True,False,False,256357.04788773108,829.202109099279
214.04300000000512,89.8,True,False,BLACKOUT,-3077.4719435708785,5851.728628177399,-4743.988873266309,-43.488748878226076,-124.18274508515609,0.0,6701.982599706313,8211.090134473056,-152.70610689918234,289.63720496953147,-215.90351015692087,-2.408575000702952,-4.526058650498571,0.0,330.33524449922345,327.42764939275804,5.127030372619629,322.3006190201384,274.88427614489103,241.98,32.90427614489107,0.9352446794509888,False,0.0,0.0,True,False,False,259195.54310566952,834.9744931370009
214.14300000001094,89.9,True,False,BLACKOUT,-3092.7598303259538,5880.729188076613,-4765.601097608595,-43.488748878226076,-124.18274508515609,0.0,6734.762167529156,8250.331828157596,-153.05162820232806,290.3739930147683,-216.34097668879167,-2.3706978621592003,-4.4548820624695304,0.0,331.1024136841777,328.2405470302601,5.046402931213379,323.1941440990467,274.381577957921,241.98,32.401577957921035,0.6572718620300293,False,0.0,0.0,True,False,False,262059.49839596305,840.6744062523603
214.24400000000605,90.0,False,True,NORMAL,-3108.0827575900344,5909.803054551852,-4787.2569771769795,-43.488748878226076,-124.18274508515609,0.0,6767.622999876203,8289.66527876627,-153.40691707928337,291.10333649001245,-216.7766146789039,-2.3657062821643433,-4.445502166137141,0.0,331.9074620885443,329.0514165345403,5.035777568817139,324.01563896572316,274.1276840034184,241.98,32.14768400341842,0.0,False,0.0,0.0,False,False,False,264949.0106048394,846.3961270094408
214.34300000000803,90.1,False,True,NORMAL,-3123.4418853442044,5938.950751140646,-4808.956997019281,-43.488748878226076,-124.18274508515609,0.0,6800.566087899002,8329.091578021136,-153.7756380041168,291.8505952858746,-217.2237821671207,-2.4356226753831582,-4.576885119230702,0.0,332.82585743752,329.8843991647567,5.184605598449707,324.699793566307,273.9413802573944,241.98,31.961380257394463,0.0,False,0.0,0.0,False,False,False,267864.3566072538,852.2586286352247
214.4429999999993,90.2,False,True,NORMAL,-3138.8395425482368,5968.171478125783,-4830.700993529069,-43.488748878226076,-124.18274508515609,0.0,6833.591772775846,8368.610912560845,-154.1775060765262,292.56394441685825,-217.6561480286434,-2.421829355893712,-4.55096548916891,0.0,333.62711985898835,330.7028348120527,5.15524435043335,325.54759046161934,273.9949699779673,241.98,32.01496997796728,0.0,False,0.0,0.0,False,False,False,270805.7506752757,858.0823828855179
214.54200000000128,90.3,False,True,NORMAL,-3154.2753452612205,5997.465824639674,-4852.490203455073,-43.488748878226076,-124.18274508515609,0.0,6866.700405540507,8408.224285428976,-154.53854818315457,293.3229858609488,-218.12805049144364,-2.388944917387001,-4.489170902192525,0.0,334.42724543590094,331.54266227582167,5.085244655609131,326.45741762021254,273.99742054605906,241.98,32.01742054605906,0.0,False,0.0,0.0,False,False,False,273773.3884185907,863.9970369308289
214.64300000001094,90.4,False,True,NORMAL,-3169.7508099373317,6026.8329745479305,-4874.32740642846,-43.488748878226076,-124.18274508515609,0.0,6899.891945356164,8447.933269306195,-154.9707453390729,294.02001230418296,-218.61600897629845,-2.402852929196035,-4.515306055609438,0.0,335.26153686722597,332.3607972464558,5.114850044250488,327.2459472022053,274.2357295362315,241.98,32.25572953623149,0.0,False,0.0,0.0,False,False,False,276767.41974099545,869.7819065598941
214.7430000000022,90.5,False,True,NORMAL,-3185.2700435636766,6056.272744956157,-4896.215069608598,-43.488748878226076,-124.18274508515609,0.0,6933.1680902757,8487.740675579074,-155.41392718782376,294.77539586035755,-219.13725462648407,-2.3842196834233733,-4.4802915083391195,0.0,336.1131621959983,333.2356865171746,5.075186252593994,328.1605002645806,273.4792472075494,241.98,31.4992472075494,0.0,False,0.0,0.0,False,False,False,279788.1696764032,875.8716004341999
214.84300000000803,90.6,False,True,NORMAL,-3200.833631841506,6085.788833091259,-4918.152743021638,-43.488748878226076,-124.18274508515609,0.0,6966.532402259627,8527.64915527278,-155.8578383687619,295.5463668416738,-219.61621363431806,-2.3856797704137462,-4.483035221676395,0.0,337.003480052251,334.12470835647025,5.078294277191162,329.0464140792791,272.5478393315301,241.98,30.56783933153014,0.0,False,0.0,0.0,False,False,False,282836.19147598563,882.1554255317335
214.9429999999993,90.7,False,True,NORMAL,-3216.438537994219,6115.383199219517,-4940.139798557167,-43.488748878226076,-124.18274508515609,0.0,6999.985252668601,8567.658651397494,-156.2402846855021,296.3409557234824,-220.12489707624715,-2.3507517029390743,-4.41740036210474,0.0,337.8425330192991,335.0059530780217,5.003944396972656,330.00200868104906,272.06550993285055,241.98,30.085509932850545,0.0,False,0.0,0.0,False,False,False,285911.72192793875,888.3724958791129
215.04400000000896,90.8,False,True,NORMAL,-3232.0824489104302,6145.0543015239955,-4962.174229274301,-43.488748878226076,-124.18274508515609,0.0,7033.524218374577,8607.766029123683,-156.6379336387234,297.08109036609045,-220.5637172664491,-2.3349409634687595,-4.387689709901877,0.0,338.6633120210199,335.8461202808726,4.9702887535095215,330.87583152736306,272.3585025909988,241.98,30.378502590998824,0.0,False,0.0,0.0,False,False,False,289014.7306475662,894.4997652617438
215.14300000001094,90.9,False,True,NORMAL,-3247.767410980196,6174.7989868524755,-4984.2565251253845,-43.488748878226076,-124.18274508515609,0.0,7067.147416297894,8647.970034172238,-157.06130775659423,297.8126162035012,-221.08219975521143,-2.328922528800096,-4.37638020603066,0.0,339.50007450556257,336.6906722262818,4.957477569580078,331.7331946567017,272.303905510684,241.98,30.323905510684,0.0,False,0.0,0.0,False,False,False,292145.20908115304,900.5344593322842
215.24400000000605,91.0,False,True,NORMAL,-3263.4945868101877,6204.617927737191,-5006.389724475002,-43.488748878226076,-124.18274508515609,0.0,7100.855973235375,8688.273339735657,-157.48220884323882,298.5662014908218,-221.58178723714568,-2.2939449554609146,-4.3106523178232985,0.0,340.3201225633389,337.5535850421433,4.883022308349609,332.6705627337937,271.83013696721406,241.98,29.850136967214073,0.0,False,0.0,0.0,False,False,False,295303.4203337581,906.7465339718276
215.34400000001187,91.1,False,True,NORMAL,-3279.2648344553036,6234.515238822044,-5028.57411768195,-43.488748878226076,-124.18274508515609,0.0,7134.653945815312,8728.67942953336,-157.9227440590763,299.38002020623867,-222.1060769018074,-2.310402855304839,-4.341579077395199,0.0,341.26530823734083,338.47893522320766,4.918055534362793,333.56087968884486,271.8787305397982,241.98,29.898730539798184,0.0,False,0.0,0.0,False,False,False,298489.98311980336,913.3307806505703
215.4429999999993,91.2,False,True,NORMAL,-3295.0806750352685,6264.493141931842,-5050.81148003612,-43.488748878226076,-124.18274508515609,0.0,7168.544457810252,8769.191881266297,-158.39406754021735,300.17804198972505,-222.64117018158925,-2.3106051349231733,-4.341959189875033,0.0,342.19070465874506,339.40468105893893,4.91848611831665,334.4861949406223,271.87728390879664,241.98,29.89728390879665,0.0,False,0.0,0.0,False,False,False,301705.40284278407,919.9257190981016
215.54300000000512,91.3,False,True,NORMAL,-3310.9449429950846,6294.549548908362,-5073.103617693023,-62.61338202889922,-161.34839548790376,0.0,7227.051694738938,8829.872961389592,-158.89129165610845,300.9500975406761,-223.201582956471,-3.409869862358045,-3.4385566520390696,0.0,341.7995396782425,340.3195612566063,4.842611312866211,335.47694994374007,271.6021359298844,225.24,46.36213592988441,0.0,False,0.0,0.0,False,False,False,304949.7920337886,926.4361012932812
215.6420000000071,91.4,False,True,NORMAL,-3326.8575465096187,6324.685375511295,-5095.451072999186,-62.61338202889922,-161.34839548790376,0.0,7261.124158412974,8870.600074471686,-159.36077863456754,301.76643451798134,-223.74752316679547,-3.4284588501945796,-3.457302026601777,0.0,342.74832997926194,341.26066103304487,4.869010925292969,336.3916501077519,271.73525989169053,225.24,46.4952598916905,0.0,False,0.0,0.0,False,False,False,308223.43205147196,933.1757037728497
215.74400000000605,91.5,False,True,NORMAL,-3342.816297935665,6354.902926292953,-5117.852721289489,-62.61338202889922,-161.34839548790376,0.0,7295.290430005787,8911.435290397627,-159.8142498863529,302.5845811151684,-224.28544263925994,-3.4264170967982577,-3.45524309620087,0.0,343.68230714998924,342.1958842466981,4.8661112785339355,337.32977296816415,271.85075870729906,225.24,46.61075870729902,0.0,False,0.0,0.0,False,False,False,311526.6590508013,939.9262230375018
215.84400000001187,91.6,False,True,NORMAL,-3358.8173312378785,6385.20220751384,-5140.307352611882,-62.61338202889922,-161.34839548790376,0.0,7329.54877686501,8952.376497431234,-160.206416157921,303.40104330256133,-224.80718380861416,-3.3789971139550845,-3.4074241752370615,0.0,344.5667933508204,343.10098929505824,4.798766613006592,338.30222268205165,271.820690874293,225.24,46.58069087429299,0.0,False,0.0,0.0,False,False,False,314859.4972963805,946.5502547566601
215.9429999999993,91.7,False,True,NORMAL,-3374.854346534863,6415.582697421088,-5162.813930063369,-62.61338202889922,-161.34839548790376,0.0,7363.895898763402,8993.42039961887,-160.53388978177128,304.20875484237973,-225.32436522112863,-3.3292419239302933,-3.3572504012986912,0.0,345.413012044512,343.9681617406137,4.728105545043945,339.24005619556976,271.34671484957937,225.24,46.10671484957936,0.0,False,0.0,0.0,False,False,False,318221.79110011726,952.9761600408773
216.04400000000896,91.8,False,True,NORMAL,-3390.922089684359,6446.044333229906,-5185.371681351862,-62.61338202889922,-161.34839548790376,0.0,7398.3293739173405,9034.564571617937,-160.8209732081447,305.0239613339932,-225.83066054872324,-3.3568873522139566,-3.385128406958861,0.0,346.281828817636,344.8231465715377,4.767366886138916,340.05577968539876,270.7386802467222,225.24,45.49868024672217,0.0,False,0.0,0.0,False,False,False,321613.47344502545,959.3751923579644
216.14400000000023,91.9,False,True,NORMAL,-3407.019577937183,6476.588782839602,-5207.981145610011,-62.61338202889922,-161.34839548790376,0.0,7432.850246483663,9075.810178693779,-161.12879184832983,305.86503085991967,-226.3586246142291,-3.307581744132542,-3.3354079972380233,0.0,347.1490252733141,345.71072396650067,4.6973443031311035,341.01337966336956,270.3350284656234,225.24,45.095028465623386,0.0,False,0.0,0.0,False,False,False,325034.84139635396,965.9683805885209
216.2430000000022,92.0,False,True,NORMAL,-3423.1475459559338,6507.217759789534,-5230.643007769447,-62.61338202889922,-161.34839548790376,0.0,7467.460373797272,9117.159135879985,-161.4305685266953,306.71450813873054,-226.878618574492,-3.282770797376876,-3.3103883192286445,0.0,348.0318410007937,346.6029687663328,4.662108421325684,341.94086034500714,269.98264028955884,225.24,44.74264028955885,0.0,False,0.0,0.0,False,False,False,328486.29240429704,972.6419496097643
216.34300000000803,92.1,False,True,NORMAL,-3439.306700365944,6537.9309194246025,-5253.359391860637,-62.61338202889922,-161.34839548790376,0.0,7502.159762716109,9158.612668159243,-161.75251967351198,307.5486845626405,-227.44906324931384,-3.327442588878346,-3.3554359286760205,0.0,348.94107982258436,347.49110923438093,4.725550174713135,342.7655590596678,270.289116289743,225.24,45.049116289743,0.0,False,0.0,0.0,False,False,False,331967.9989383373,979.2194679245082
216.4429999999993,92.2,False,True,NORMAL,-3455.4986637408047,6568.727905296842,-5276.131482467409,-62.61338202889922,-161.34839548790376,0.0,7536.948822251732,9200.171790218132,-162.08674782370164,308.3910328821595,-227.99274888613792,-3.2264494949662152,-3.2535931930587103,0.0,349.7984667585857,348.39222577748404,4.582122325897217,343.8101034515868,270.1652653833966,225.24,44.9252653833966,0.0,False,0.0,0.0,False,False,False,335480.193515482,985.9655705186406
216.54300000000512,92.3,False,True,NORMAL,-3471.722033398653,6599.607853736396,-5298.9571735313275,-62.61338202889922,-161.34839548790376,0.0,7571.826147024852,9241.834143052358,-162.38064533327014,309.20793590888894,-228.52107239223344,-3.1879899253589645,-3.214810068116775,0.0,350.6426581858439,349.2520889098372,4.52750301361084,344.72458589622636,270.13424592290073,225.24,44.89424592290074,0.0,False,0.0,0.0,False,False,False,339022.9467228284,992.4991642783302
216.64300000001094,92.4,False,True,NORMAL,-3487.9765755211342,6630.57124409837,-5321.838447280388,-62.61338202889922,-161.34839548790376,0.0,7606.7920569665275,9283.601125472851,-162.71019711635498,310.05987133060194,-229.10440258898356,-3.1695295334031717,-3.196194371295154,0.0,351.5431514221906,350.1595808416393,4.501286029815674,345.6582948118236,270.20460314450986,225.24,44.96460314450984,0.0,False,0.0,0.0,False,False,False,342596.465073766,999.272080550837
216.7430000000022,92.5,False,True,NORMAL,-3504.263294042018,6661.616778720838,-5344.778319551178,-62.61338202889922,-161.34839548790376,0.0,7641.845842813452,9325.473884498822,-163.0241733013286,310.8508211187513,-229.69304282681628,-3.106104231920092,-3.132235481036683,0.0,352.3622406652475,351.00586045076733,4.411211013793945,346.5946494369734,269.29594127055157,225.24,44.05594127055154,0.0,False,0.0,0.0,False,False,False,346200.8261027995,1005.6591619185438
216.84300000000803,92.6,False,True,NORMAL,-3520.5826817116417,6692.743247458363,-5367.776219814061,-62.61338202889922,-161.34839548790376,0.0,7676.986643693879,9367.451386233906,-163.3635800911485,311.6785536317612,-230.26496243082204,-3.0727183238112494,-3.0985687016445103,0.0,353.23900847813434,351.89654743146275,4.363797187805176,347.5327502436576,269.24864233719364,225.24,44.00864233719365,0.0,False,0.0,0.0,False,False,False,349836.1426631498,1012.4041769132317
216.9429999999993,92.7,False,True,NORMAL,-3536.934215771682,6723.953142622264,-5390.831079317157,-62.61338202889922,-161.34839548790376,0.0,7712.216447071581,9409.534645890475,-163.66710110965576,312.5193496462427,-230.8322276311035,-3.0241896631659624,-3.0496317757170783,0.0,354.1044013192973,352.78217626312806,4.294878005981445,348.4872982571466,269.7049413177592,225.24,44.464941317759184,0.0,False,0.0,0.0,False,False,False,353502.8681560437,1019.1579590549545
217.04300000000512,92.8,False,True,NORMAL,-3553.317090884616,6755.245734457107,-5413.945663784511,-62.61338202889922,-161.34839548790376,0.0,7747.534236220505,9451.7244136623,-163.9904011490304,313.33248705060953,-231.4594617159994,-3.068229555326555,-3.094042169736974,0.0,354.99534321575015,353.65251181115667,4.357422351837158,349.2950894593195,269.0195444663816,225.24,43.77954446638158,0.0,False,0.0,0.0,False,False,False,357201.0376206422,1025.7165150654766
217.14300000001094,92.9,False,True,NORMAL,-3569.734802527403,6786.620828247393,-5437.12314976997,-62.61338202889922,-161.34839548790376,0.0,7782.941410038514,9494.023653744329,-164.3638317067132,314.16938875510647,-232.0902579931597,-3.082889149971648,-3.108825093636663,0.0,355.91713560186975,354.56716430610146,4.378241539001465,350.1889227671,267.488513372633,225.24,42.24851337263301,0.0,False,0.0,0.0,False,False,False,360930.97081608535,1032.5948745528713
217.2430000000022,93.0,False,True,NORMAL,-3586.1904495238477,6818.079458243363,-5460.362415353234,-62.61338202889922,-161.34839548790376,0.0,7818.440286656677,9536.433621801096,-164.74910822217743,315.00321116428455,-232.69505367211417,-3.06270597612529,-3.0884721213854984,0.0,356.8260243406907,355.4845871536677,4.349577903747559,351.13500924992013,267.32963376600696,225.24,42.089633766006976,0.0,False,0.0,0.0,False,False,False,364693.17399928404,1039.5732614458318
217.34300000000803,93.1,False,True,NORMAL,-3602.685190732146,6849.623185976067,-5483.663735463401,-62.61338202889922,-161.34839548790376,0.0,7854.032781117666,9578.956043875936,-165.14571594378907,315.8713434898,-233.3313485312388,-3.053616631249146,-3.0793063090383583,0.0,357.77558003118037,356.43767075414166,4.336669445037842,352.1010013091038,268.2185519026923,225.24,42.9785519026923,0.0,False,0.0,0.0,False,False,False,368488.0945188245,1046.7711908740741
217.4429999999993,93.2,False,True,NORMAL,-3619.2203351757703,6881.252191740148,-5507.026916135501,-62.61338202889922,-161.34839548790376,0.0,7889.719643333188,9621.591422703339,-165.55717292868923,316.7087717918117,-233.93226491075507,-3.023596711924735,-3.049033836054522,0.0,358.69515979137367,357.3704291600213,4.294035911560059,353.0763932484612,267.4402443203116,225.24,42.2002443203116,0.0,False,0.0,0.0,False,False,False,372316.0442690869,1053.925521279869
217.54300000000512,93.3,False,True,NORMAL,-3635.7974742661127,6912.966638314313,-5530.454644350056,-62.61338202889922,-161.34839548790376,0.0,7925.501735189839,9664.342001797651,-165.98560887816396,317.5801596914829,-234.62229938034406,-2.9399939445064533,-2.9647277294759533,0.0,359.62883282741626,358.3411505595228,4.175305366516113,354.1658451930067,266.3921471340909,225.24,41.15214713409089,0.0,False,0.0,0.0,False,False,False,376177.2961809812,1061.1982222603656
217.6420000000071,93.4,False,True,NORMAL,-3652.4190016349417,6944.766538077423,-5553.951442886233,-62.61338202889922,-161.34839548790376,0.0,7961.380146406481,9707.211260992177,-166.4449384984153,318.41783557072125,-235.31367134319805,-2.972126126717933,-2.997130235538577,0.0,360.59803192606495,359.2963060779837,4.220938682556152,355.0753673954275,266.4231002707335,225.24,41.183100270733526,0.0,False,0.0,0.0,False,False,False,380072.1319397275,1068.3922984842197
217.7430000000022,93.5,False,True,NORMAL,-3669.084864058659,6976.650175951762,-5577.517483324117,-62.61338202889922,-161.34839548790376,0.0,7997.353321979006,9750.198020212452,-166.8723099759313,319.25492191606924,-236.0071374144706,-2.968281009155907,-2.9932527695048345,0.0,361.5361901659719,360.2361350619046,4.21547794342041,356.02065711848417,266.76456925925027,225.24,41.52456925925023,0.0,False,0.0,0.0,False,False,False,384000.5799277043,1075.5125942935222
217.8420000000042,93.6,False,True,NORMAL,-3685.7961736187754,7008.618509893973,-5601.156118349401,-62.61338202889922,-161.34839548790376,0.0,8033.4226183828005,9793.305306568733,-167.3538812263999,320.111756928141,-236.7655630912122,-2.9157168553235793,-2.9402464003133826,0.0,362.4948368684122,361.2185743911312,4.140827655792236,357.07774673533896,267.41788437703633,225.24,42.177884377036285,0.0,False,0.0,0.0,False,False,False,387962.969331494,1082.8283560179652
217.9429999999993,93.7,False,True,NORMAL,-3702.553214243135,7040.673543952281,-5624.867872732013,-62.61338202889922,-161.34839548790376,0.0,8069.589952303497,9836.534988704627,-167.78693126078718,320.9889242379983,-237.4695245610121,-2.856469409046952,-2.8805005130114134,0.0,363.4466419368575,362.1965540771744,4.056685924530029,358.1398681526444,267.22391424570765,225.24,41.983914245707645,0.0,False,0.0,0.0,False,False,False,391959.7502867715,1090.2624722887608
218.04300000000512,93.8,False,True,NORMAL,-3719.3530129550886,7072.816756340952,-5648.655262765934,-62.61338202889922,-161.34839548790376,0.0,8105.85530171377,9879.888483677056,-168.2090429782832,321.8753235354284,-238.2782761174084,-2.8709043806000962,-2.895056924094426,0.0,364.4344935633424,363.1776508001375,4.077186107635498,359.100464692502,264.5743281358135,225.24,39.334328135813536,0.0,False,0.0,0.0,False,False,False,395991.09386938333,1097.5405094255389
218.14300000001094,93.9,False,True,NORMAL,-3736.195889980754,7105.049296599705,-5672.519885113951,-62.61338202889922,-161.34839548790376,0.0,8142.219836279659,9923.367659686864,-168.6484975350272,322.77548163960165,-239.01417084293422,-2.8087719209937703,-2.832401752222519,0.0,365.4084130375786,364.17897697217353,3.9889471530914307,360.1900298190821,262.1128271452741,225.24,36.87282714527404,0.0,False,0.0,0.0,False,False,False,400057.3408539634,1105.1442452831002
218.24400000000605,94.0,False,True,NORMAL,-3753.0820664939743,7137.371679144705,-5696.459640462217,-62.61338202889922,-161.34839548790376,0.0,8178.6841141385585,9966.971770516728,-169.07503272937248,323.67216926040453,-239.78093612237467,-2.776817691306555,-2.800178695775498,0.0,366.3868042177118,365.1712472884117,3.9435665607452393,361.22768072766644,260.54327067617294,225.24,35.30327067617289,0.0,False,0.0,0.0,False,False,False,404158.8285324113,1112.6586494674802
218.34300000000803,94.1,False,True,NORMAL,-3770.010624049624,7169.78192155987,-5720.4768189550305,-62.61338202889922,-161.34839548790376,0.0,8215.245951015702,10010.700328742327,-169.49611838361187,324.5326790428979,-240.56263373387813,-2.7732012259502348,-2.7965318055685957,0.0,367.34308674621917,366.1289307250547,3.9384305477142334,362.1905001773405,260.3004673302047,225.24,35.06046733020466,0.0,False,0.0,0.0,False,False,False,408295.4663861824,1119.9310841468985
218.4429999999993,94.2,False,True,NORMAL,-3786.9777395252363,7202.279532867808,-5744.572541623132,-62.61338202889922,-161.34839548790376,0.0,8251.90318257851,10054.552193937816,-169.84619112863118,325.41954711586004,-241.35181962813925,-2.7390153708809026,-2.7620583493666615,0.0,368.2770347923766,367.07711762788347,3.889880657196045,363.1872369706874,259.59827913931355,225.24,34.35827913931355,0.0,False,0.0,0.0,False,False,False,412467.175691511,1127.15861457928
218.54300000000512,94.3,False,True,NORMAL,-3803.982009903088,7234.867708353693,-5768.746592923394,-62.61338202889922,-161.34839548790376,0.0,8288.658025541105,10098.52905713165,-170.2392164284081,326.3439626018485,-242.1292063771257,-2.705672439985467,-2.728434908749578,0.0,369.26431071076155,368.0784871964607,3.8425278663635254,364.23595933009716,259.0272861816067,225.24,33.787286181606696,0.0,False,0.0,0.0,False,False,False,416674.46842876554,1134.8278389704874
218.64300000001094,94.4,False,True,NORMAL,-3821.0273223841873,7267.544570130691,-5792.998802855508,-62.61338202889922,-161.34839548790376,0.0,8325.510557417749,10142.630880178956,-170.66703319357293,327.1932729381005,-242.91499226516902,-2.663676315778075,-2.686085476635671,0.0,370.1965951090389,369.0293674967379,3.782886028289795,365.2464814684481,257.77389497750045,225.24,32.53389497750043,0.0,False,0.0,0.0,False,False,False,420917.5907460462,1142.1431713039892
218.7430000000022,94.5,False,True,NORMAL,-3838.1139691584644,7300.307056855065,-5817.332712711463,-62.61338202889922,-161.34839548790376,0.0,8362.458177647004,10186.857546038334,-171.0659022919724,328.05646154937335,-243.76320485391548,-2.614771940274954,-2.636769675010391,0.0,371.1250415889344,369.97916818553733,3.713433265686035,366.2657349198513,255.67061616288817,225.24,30.43061616288817,0.0,False,0.0,0.0,False,False,False,425196.3614263633,1149.3599486722946
218.84300000000803,94.6,False,True,NORMAL,-3855.2380711704586,7333.158127257859,-5841.750467417942,-62.61338202889922,-161.34839548790376,0.0,8399.501774043798,10231.211002405465,-171.41613794791328,328.9649465065036,-244.59188927567223,-2.5955802641722796,-2.617416541843897,0.0,372.08499591004136,370.9466651406976,3.6861777305603027,367.2604874101373,252.83952205610532,225.24,27.599522056105307,0.0,False,0.0,0.0,False,False,False,429511.073098223,1156.7843154757102
218.94400000000314,94.7,False,True,NORMAL,-3872.398305373655,7366.101333069872,-5866.256096156504,-62.61338202889922,-161.34839548790376,0.0,8436.64391675443,10275.695653521609,-171.78854611601727,329.89916973377694,-245.52068549558402,-2.5637845129595034,-2.5853532971300166,0.0,373.07234954456413,371.9472634227739,3.641022205352783,368.30624121742113,248.75690690823004,225.24,23.516906908230027,0.0,False,0.0,0.0,False,False,False,433862.20723878854,1164.2853618143631
219.04300000000512,94.8,False,True,NORMAL,-3889.5967454110573,7399.138070799432,-5890.853074605893,-62.61338202889922,-161.34839548790376,0.0,8473.886786505811,10320.315267331298,-172.18025463202127,330.83558485740457,-246.4188834921964,-2.5275213139889963,-2.548785020604054,0.0,374.0684268970535,372.9587434195485,3.589522123336792,369.3692212962117,245.46682332359512,225.24,20.2268233235951,0.0,False,0.0,0.0,False,False,False,438250.218404356,1171.9641007284183
219.14300000001094,94.9,False,True,NORMAL,-3906.833741979088,7432.266726057874,-5915.538620264065,-62.61338202889922,-161.34839548790376,0.0,8511.229099843586,10365.067195047986,-172.55967672858952,331.73752031142914,-247.2920296712292,-2.398394093870435,-2.4185714700520275,0.0,374.9868741470379,373.9339840333467,3.4061388969421387,370.52784513640455,239.8894894291127,225.24,14.649489429112672,0.0,False,0.0,0.0,False,False,False,442675.22311988677,1179.4605441783096
