timestamp,relative_t_s,is_blackout,gnss_available,pos_est_e,pos_est_n,pos_est_u,pos_ref_e,pos_ref_n,pos_ref_u,pos_err_2d,vel_est_e,vel_est_n,vel_est_u,vel_ref_e,vel_ref_n,vel_err_2d,speed_est,speed_ref,heading_est_deg,heading_ref_deg,heading_err_deg,ai_speed,ai_accepted,ai_innovation,ai_nis,nhc_active,zupt_active,pos_cov_trace,vel_cov_trace
274.2430000000022,0.0,False,True,-0.4878277783184732,0.011087978088638048,1.0997360635303065e-05,0.0,0.0,0.0,0.4879537729716121,-18.423143754714687,0.44838443092618846,0.000830943615339187,-18.436371107204234,0.38940609948508226,0.060443415137297736,18.428599360905856,18.44048309326172,178.72652783281436,178.79000000000002,0.06347216718566329,0.0,False,0.0,0.0,False,False,19.853478780201577,1.4266628229166625
274.34300000000803,0.1,False,True,-2.3317592673808734,0.04929072153259152,-0.00126949168398392,0.0,0.0,0.0,2.3322801839071117,-18.455486026533315,0.3156704379528811,-0.026440724507723647,-18.363004139426558,0.38785646997354634,0.11731889302970555,18.458185509441705,18.36709976196289,178.07569713386704,178.79000000000002,0.7143028661329964,0.0,False,0.0,0.0,False,False,19.871908256776795,2.105911809745943
274.4429999999993,0.2,False,True,-4.179975787890444,0.06991579939717212,-0.00606501884540259,0.0,0.0,0.0,4.180560465578232,-18.508844383658083,0.0968311193387307,-0.06946981872064975,-18.4477706948056,0.3896468772887929,0.29911714022088254,18.509097673418434,18.451885223388672,178.23331932851855,178.79000000000002,0.5566806714814705,0.0,False,0.0,0.0,False,False,19.925760585406035,2.7886650962193746
274.5430000000051,0.3,False,True,-6.033125673529778,0.07660744899672671,-0.008186600182013552,0.0,0.0,0.0,6.033612027123215,-18.554153329128596,0.0370018726523611,0.027038191988430493,-18.51449203481634,0.3910561403490188,0.35626877879031166,18.554190224835832,18.51862144470215,179.5178458597072,178.79000000000002,-0.7278458597071957,0.0,False,0.0,0.0,False,False,20.028783952914765,3.47746132576205
274.64300000001094,0.4,False,True,-7.8884986992471875,0.073193135933581,-0.004483608429587757,0.0,0.0,0.0,7.888838251806939,-18.553307185219595,-0.10528813391527514,0.04702164306008541,-18.456548262843253,0.389832273781011,0.5044863795750759,18.55360593254757,18.460664749145508,180.5054317001477,178.79000000000002,1.7154317001476844,0.0,False,0.0,0.0,False,False,20.19488462079555,4.1715536991326765
274.7430000000022,0.5,False,True,-9.74683513590288,0.06053050964243866,-0.0014679618791221226,0.0,0.0,0.0,9.747023089593483,-18.613421547894273,-0.14796439190757157,0.013291287949227272,-18.498927726686137,0.3907273968839994,0.5507246847620897,18.614009648135657,18.503053665161133,179.55313451980098,178.79000000000002,-0.7631345198009308,0.0,False,0.0,0.0,False,False,20.43811272338645,4.870800900414871
274.84300000000803,0.6,False,True,-11.60844600855426,0.03829457045624527,-0.0020915614579762867,0.0,0.0,0.0,11.608509172484027,-18.618795905133286,-0.2967543918162961,-0.025763279526310544,-18.48754911524128,0.3904870621307807,0.6996617296095654,18.62116065464423,18.49167251586914,178.31838528530352,178.79000000000002,0.47161471469653077,0.0,False,0.0,0.0,False,False,20.772694007872612,5.577348986300052
274.9429999999993,0.7,False,True,-13.47242470034882,0.007541965904346415,-0.011260477747341005,0.0,0.0,0.0,13.472426811373616,-18.66077793075788,-0.31829769922168094,-0.1576150462609838,-18.454589852594573,0.3897909089759908,0.7374977970380617,18.66349234217407,18.45870590209961,179.36905397994795,178.79000000000002,-0.5790539799478897,0.0,False,0.0,0.0,False,False,21.213005021331888,6.287312431173309
275.0430000000051,0.8,False,True,-15.334068836785882,-0.009253846183597876,-0.03126621859262588,0.0,0.0,0.0,15.334071629053945,-18.712467817213298,-0.1861231726057725,-0.26492211506069896,-18.480892045934425,0.39034645401556595,0.6212443708077767,18.713393429456463,18.485013961791992,179.0546443487898,178.79000000000002,-0.2646443487897795,0.0,False,0.0,0.0,False,False,21.763341870838673,6.92285547925086
275.14300000001094,0.9,False,True,-17.20899863562158,-0.032112394517263346,-0.06025275154385252,0.0,0.0,0.0,17.209028596835644,-18.78612815950066,-0.2710477940675369,-0.3148085439638339,-18.498641688188275,0.390721355286382,0.7215170671746134,18.788083407624434,18.50276756286621,178.77897049950738,178.79000000000002,0.011029500492615946,0.0,False,0.0,0.0,False,False,22.451654404505746,7.616670585211455
275.24400000000605,1.0,False,True,-19.089914050578695,-0.06509333734997197,-0.09300019369878444,0.0,0.0,0.0,19.09002502882197,-18.832180139641665,-0.38857106258663543,-0.34014029913480454,-18.40840607673016,0.3888154326246915,0.885389303828251,18.83618847544783,18.412511825561523,178.69724638375854,178.79000000000002,0.09275361624149187,0.0,False,0.0,0.0,False,False,23.286399101311673,8.314764741637173
275.34300000000803,1.1,False,True,-20.979974125090287,-0.1109823987873296,-0.1310756679606631,0.0,0.0,0.0,20.98026766707943,-18.969021350590122,-0.5292101661605173,-0.42136918610276897,-18.373341570739207,0.3880748133114378,1.0937303752242138,18.976402040405645,18.377439498901367,178.20859550427528,178.79000000000002,0.5814044957247324,0.0,False,0.0,0.0,False,False,24.281757249845022,9.01671182722956
275.4429999999993,1.2,False,True,-22.881554706795704,-0.16479055658639769,-0.1751565178372188,0.0,0.0,0.0,22.882148101251875,-19.062590283518247,-0.5469529898208444,-0.4602478114283447,-18.39058778523682,0.3884390813704473,1.1517576500913778,19.070435388064904,18.394689559936523,178.8085859332362,178.79000000000002,-0.018585933236193477,0.0,False,0.0,0.0,False,False,25.45202897805274,9.724362241864203
275.5430000000051,1.3,False,True,-24.79895314047894,-0.2571624830790116,-0.22951185857632253,0.0,0.0,0.0,24.800286478312575,-19.106418586420304,-0.7498498991200847,-0.5708384168587421,-18.441975554838965,0.38952447452106514,1.3189611463296267,19.12112721757579,18.446088790893555,179.26452288922044,178.79000000000002,-0.4745228892204335,0.0,False,0.0,0.0,False,False,26.801672092178457,10.385744379225196
275.64300000001094,1.4,False,True,-26.712215927003903,-0.34176980795033646,-0.290992225143317,0.0,0.0,0.0,26.714402226748543,-19.158837144079005,-0.9422965983064131,-0.6587689144811479,-18.384043224405794,0.38830084961696204,1.5397386747051518,19.18199581880158,18.38814353942871,179.14822568024042,178.79000000000002,-0.35822568024040197,0.0,False,0.0,0.0,False,False,28.35970723910122,11.083184532527817
275.7430000000022,1.5,False,True,-28.632682617587815,-0.4531076175493636,-0.36079471088119813,0.0,0.0,0.0,28.636267570907293,-19.25049666759919,-1.2844595936741292,-0.7372808002764742,-18.30103675925025,0.386547618265721,1.9219103048573762,19.29330086835918,18.305118560791016,179.47516992637514,178.79000000000002,-0.6851699263750888,0.0,False,0.0,0.0,False,False,30.134033769803803,11.786561038527951
275.84300000000803,1.6,False,True,-30.57576597532285,-0.5591757368101404,-0.42673808692351123,0.0,0.0,0.0,30.58087870683816,-19.42229895370158,-1.433860037208907,-0.6333914341661965,-18.326047965503093,0.3870758955613831,2.1254585153279675,19.47515471705584,18.330135345458984,180.05223537474274,178.79000000000002,1.2622353747427038,0.0,False,0.0,0.0,False,False,32.134429875946914,12.474398794636933
275.9429999999993,1.7,False,True,-32.52396583511569,-0.7104392878283234,-0.49451346506668425,0.0,0.0,0.0,32.53172417234387,-19.54169824215522,-1.5914109831547534,-0.7221161286972637,-18.317861543694352,0.3869029850375742,2.326263618174963,19.606390772009977,18.32194709777832,177.88455953403883,178.79000000000002,0.9054404659612137,0.0,False,0.0,0.0,False,False,34.382093360864644,13.174516252061611
276.0430000000051,1.8,False,True,-34.482397288043096,-0.8778347842048703,-0.5727854807902413,0.0,0.0,0.0,34.4935692070102,-19.626930816392925,-1.7564989443761845,-0.8433241857738774,-18.29186255116223,0.38635384409147344,2.5247228255532757,19.7053724099056,18.295942306518555,176.42036910650302,178.79000000000002,2.369630893497011,0.0,False,0.0,0.0,False,False,36.88813134806114,13.877430906952691
276.14300000001094,1.9,False,True,-36.45293036191309,-1.0553517641159076,-0.6638141420523405,0.0,0.0,0.0,36.46820394969442,-19.783730661006963,-1.7938406538445637,-0.9772490394681059,-18.225356693486546,0.3849491323681193,2.678741188534278,19.86489021260003,18.229421615600586,178.24257940472884,178.79000000000002,0.5474205952711824,0.0,False,0.0,0.0,False,False,39.66680288246179,14.58266639051527
276.24400000000605,2.0,False,True,-38.441898337548054,-1.2412274039941331,-0.7667988732997626,0.0,0.0,0.0,38.46193174117501,-19.995628851692405,-1.9236721437199444,-1.0824455854803363,-18.212570772632223,0.38467907295462317,2.9168101502882813,20.08794881741682,18.216632843017578,178.31071676709055,178.79000000000002,0.4792832329094343,0.0,False,0.0,0.0,False,False,42.73258292355508,15.296311734906524
276.34300000000803,2.1,False,True,-40.44736212339061,-1.4416596934568378,-0.8780440234423827,0.0,0.0,0.0,40.473046406373115,-20.113646865158795,-2.084973645534149,-1.142457417372066,-18.21563138455932,0.38474371804912894,3.114798006385004,20.221421941072396,18.219694137573242,177.27715504933818,178.79000000000002,1.5128449506618469,0.0,False,0.0,0.0,False,False,46.10023093653827,16.017087660275656
276.44200000001,2.2,False,True,-42.463533364710855,-1.6596541536798144,-0.9993793379330626,0.0,0.0,0.0,42.49595413360828,-20.209777961246072,-2.2749155589253816,-1.2842488724415313,-18.183389125080584,0.3840627091656999,3.343114886676312,20.33741296338126,18.18744468688965,176.84703544766506,178.79000000000002,1.9429645523349697,0.0,False,0.0,0.0,False,False,49.78455518600087,16.742366855149555
276.54400000000896,2.3,False,True,-44.578192180067745,-2.046624988043429,-1.1622242936763936,0.0,0.0,0.0,44.6251486483209,-20.518096295158607,-2.8687652690712544,-1.4029231755246676,-18.156095331614818,0.3834862199210512,4.0194761225108,20.71767578051242,18.160144805908203,177.28687030348877,178.79000000000002,1.5031296965112872,0.0,False,0.0,0.0,False,False,53.78789567890057,17.417380643910057
276.64300000001094,2.4,False,True,-46.63821357364857,-2.3478469324252447,-1.3085511305014237,0.0,0.0,0.0,46.69727348100054,-20.68233157645788,-3.1556736185650647,-1.5236135609759327,-18.119745559306814,0.3827184536958368,4.3688746322522185,20.92169007096354,18.12378692626953,177.1336408559519,178.79000000000002,1.6563591440481138,0.0,False,0.0,0.0,False,False,58.1442924658723,18.135925615522453
276.7430000000022,2.5,False,True,-48.715492526562656,-2.6772666541532755,-1.4646480419109946,0.0,0.0,0.0,48.78900458958989,-20.86324748182391,-3.432720815995546,-1.5983246672154843,-18.0904761932825,0.38210023715031083,4.716049224306769,21.14376190956569,18.094511032104492,176.7558623882162,178.79000000000002,2.0341376117837875,0.0,False,0.0,0.0,False,False,62.86036124840724,18.860974124290955
276.84300000000803,2.6,False,True,-50.81125521325893,-3.037776269316927,-1.6264789730575622,0.0,0.0,0.0,50.901981700218286,-21.05200625210155,-3.7774714872774915,-1.6382939557158653,-18.055528009614008,0.38136207475342154,5.125892942149295,21.388227090521486,18.059555053710938,177.4988091898868,178.79000000000002,1.2911908101132248,0.0,False,0.0,0.0,False,False,67.95128143017942,19.596589159529923
276.9429999999993,2.7,False,True,-52.96761704417027,-3.4676365010404777,-1.807351128712895,0.0,0.0,0.0,53.08100374183993,-21.312481070212794,-4.111120543834384,-1.7272834131679875,-18.05303947468263,0.3813095128541505,5.550305156377509,21.70537171978669,18.057065963745117,178.0999112741807,178.79000000000002,0.6900887258193205,0.0,False,0.0,0.0,False,False,73.42705669808254,20.30445559156616
277.04400000000896,2.8,False,True,-55.106818834189696,-3.8974191949739216,-1.9881765159972562,0.0,0.0,0.0,55.244469029990285,-21.471554730175754,-4.4845333348344925,-1.8892243325192344,-17.978646582159296,0.3797382141458269,5.98845097105246,21.934874099528688,17.982656478881836,178.0050860122614,178.79000000000002,0.7849139877386238,0.0,False,0.0,0.0,False,False,79.310234214714,21.037493603631848
277.14300000001094,2.9,False,True,-57.26412619601451,-4.364441325505284,-2.183762533018655,0.0,0.0,0.0,57.43020544170857,-21.674592506320423,-4.85590927579275,-2.022496007908745,-17.9659235897745,0.37946948388380664,6.415872184654736,22.21188454881241,17.96993064880371,177.8102977897474,178.79000000000002,0.9797022102526103,0.0,False,0.0,0.0,False,False,85.61298462262802,21.778924865371664
277.2430000000022,3.0,False,True,-59.442934757414626,-4.8643812498615455,-2.391484739459577,0.0,0.0,0.0,59.6416356039827,-21.90157872168196,-5.142889211332475,-2.131948120909691,-17.95531156150391,0.3792453406122025,6.787267086926888,22.497298947697523,17.95931625366211,177.74836195508334,178.79000000000002,1.041638044916709,0.0,False,0.0,0.0,False,False,92.3507192743418,22.52421620133972
277.34300000000803,3.1,False,True,-61.643186352445206,-5.402975104591321,-2.6103104639566124,0.0,0.0,0.0,61.879516511226235,-22.10345317892967,-5.628987883263034,-2.2445663690310167,-17.96012272903791,0.37934696028412657,7.298443314103572,22.80894883643387,17.964128494262695,179.05691611071126,178.79000000000002,-0.26691611071124327,0.0,False,0.0,0.0,False,False,99.53944594367181,23.29033931619542
277.44400000000314,3.2,False,True,-63.868258290419426,-5.9846336687059924,-2.8535309725142994,0.0,0.0,0.0,64.14803393090344,-22.39798558055471,-6.004183399030384,-2.619843802122722,-18.00871685597762,0.38037334716468146,7.747789670734197,23.188789885544455,18.012733459472656,177.968244879947,178.79000000000002,0.8217551200530063,0.0,False,0.0,0.0,False,False,107.19520878718956,24.05282260804867
277.5430000000051,3.3,False,True,-66.11467864850276,-6.603457991329388,-3.1283155712353357,0.0,0.0,0.0,66.44363318059932,-22.530421581111806,-6.372303053437527,-2.8758481722980007,-17.837724948880453,0.3767617203863398,8.220174998345577,23.4142294946359,17.841703414916992,178.39328693771475,178.79000000000002,0.3967130622852662,0.0,False,0.0,0.0,False,False,115.33347785138525,24.81996163142748
277.64300000001094,3.4,False,True,-68.38166145959899,-7.258088110988448,-3.417240188997894,0.0,0.0,0.0,68.76577249622139,-22.809234640812516,-6.72029933974366,-2.9026441829531655,-17.42610792276717,0.3680677003056858,8.900730338404347,23.77863764212325,17.429994583129883,180.16420903531412,178.79000000000002,1.3742090353140985,0.0,False,0.0,0.0,False,False,123.97111630064643,25.615106496766007
277.7430000000022,3.5,False,True,-70.67706124043428,-7.958105396459896,-3.714477532222071,0.0,0.0,0.0,71.12368400951445,-23.098760975893345,-7.280046369685288,-3.0421026815303764,-17.264080462192922,0.36464541719667226,9.616902267018,24.218832213098576,17.26793098449707,179.81144349863564,178.79000000000002,-1.0214434986356267,0.0,False,0.0,0.0,False,False,133.12664124456435,26.44287001878132
277.84300000000803,3.6,False,True,-72.99696282476495,-8.707186127537236,-4.026086488272498,0.0,0.0,0.0,73.51443172534012,-23.29927071071997,-7.701568251861535,-3.1900764394781844,-17.312127302140066,0.3656602444871193,10.046196385060446,24.539155836937322,17.315988540649414,180.42330288931552,178.79000000000002,1.6333028893155086,0.0,False,0.0,0.0,False,False,142.81768676112608,27.264273777761986
277.94200000001,3.7,False,True,-75.33038011452625,-9.50085464952336,-4.36023466639296,0.0,0.0,0.0,75.92715197655171,-23.369075084505997,-8.171802187860933,-3.4928871229310445,-17.364783175749384,0.3667724220538408,10.438332131841818,24.756656100992473,17.368656158447266,180.00022059173253,178.79000000000002,1.21022059173251,0.0,False,0.0,0.0,False,False,153.06064580908009,28.085635208031377
278.0430000000051,3.8,False,True,-77.68188671998892,-10.335481931950278,-4.7175455813607705,0.0,0.0,0.0,78.3664322981649,-23.661057024747713,-8.520743460677426,-3.6533311764251746,-17.488571103006436,0.3693870241160479,10.822846321127752,25.148532534743257,17.49247169494629,179.00985731366302,178.79000000000002,-0.219857313663001,0.0,False,0.0,0.0,False,False,163.87343376449346,28.93169377879672
278.1420000000071,3.9,False,True,-80.06237103309282,-11.216613759821477,-5.097018448163226,0.0,0.0,0.0,80.84426806940388,-23.948629237330312,-9.101893096746544,-3.9361261596239294,-17.569537160210583,0.37109715873761845,11.42061119681734,25.619939506012006,17.573455810546875,178.89512005096955,178.79000000000002,-0.10512005096951828,0.0,False,0.0,0.0,False,False,175.27641987992774,29.820469285867098
278.2430000000022,4.0,False,True,-82.47054401584856,-12.150328841823002,-5.503914241398346,0.0,0.0,0.0,83.36078887123399,-24.214830417784512,-9.572408543283961,-4.201789705078469,-17.573865876144858,0.37118858824822787,11.957321353778626,26.038222241189928,17.57778549194336,179.62881975771626,178.79000000000002,-0.8388197577161984,0.0,False,0.0,0.0,False,False,187.28969298503372,30.711412229147815
278.34300000000803,4.1,False,True,-84.90261104662403,-13.129399931704334,-5.925030351639858,0.0,0.0,0.0,85.91178327273252,-24.426510197724735,-10.009013254342708,-4.220532499751763,-17.375519154035715,0.3669991833510791,12.545043196631847,26.397627673053474,17.37939453125,180.38362702159964,178.79000000000002,1.5936270215996238,0.0,False,0.0,0.0,False,False,199.93301492078928,31.638404176152495
278.4429999999993,4.2,False,True,-87.35635318294554,-14.157418124983849,-6.3597526215651214,0.0,0.0,0.0,88.49612945993255,-24.648332528705616,-10.551350611247575,-4.473912898753498,-16.98227152025498,0.3586931546694121,13.33407463454106,26.811775326656793,16.986059188842773,180.5374801625792,178.79000000000002,1.7474801625791698,0.0,False,0.0,0.0,False,False,213.22770151346293,32.58123643792428
278.5430000000051,4.3,False,True,-89.84210652839485,-15.234042973362655,-6.826159910103557,0.0,0.0,0.0,91.12453111415009,-25.066734380280664,-10.981146356328576,-4.854232872015195,-16.40890353744871,0.34658269169077466,14.257471034108175,27.36652604534695,16.41256332397461,178.3897645539233,178.79000000000002,0.4002354460767263,0.0,False,0.0,0.0,False,False,227.1944192970584,33.52556174948447
278.64300000001094,4.4,False,True,-92.36759769868614,-16.351846534767734,-7.323417061691174,0.0,0.0,0.0,93.80381649870608,-25.443089025545376,-11.37492487177299,-5.090910159737164,-15.406633222103505,0.32541311488746605,15.415198801719415,27.870050143483905,15.410069465637207,177.9758500745959,178.79000000000002,0.8141499254041081,0.0,False,0.0,0.0,False,False,241.8544011759287,34.5004222846329
278.7430000000022,4.5,False,True,-94.92975220042341,-17.50838355459631,-7.844355180906163,0.0,0.0,0.0,96.53083107240221,-25.80000100920004,-11.755815524798596,-5.327852224562618,-14.144592277618777,0.29875676051465627,16.76786407632359,28.352059020956816,14.14774703979492,178.81057754796407,178.79000000000002,-0.020577547964041733,0.0,False,0.0,0.0,False,False,257.22991495523183,35.491351264018334
278.8420000000042,4.6,False,True,-97.52256274926843,-18.71284910816305,-8.3911117662508,0.0,0.0,0.0,99.30166648616668,-26.05620996770032,-12.333495546536206,-5.607279482330112,-12.403605611932907,0.2619842946753591,18.57524476623353,28.827785039390626,12.4063720703125,180.2418007295495,178.79000000000002,1.4518007295494797,0.0,False,0.0,0.0,False,False,273.34545344546336,36.536953694345556
278.9429999999993,4.7,False,True,-100.13707141999552,-19.971119164900113,-8.967242345318061,0.0,0.0,0.0,102.10915078126898,-26.233963446841702,-12.83190558820504,-5.91533209901512,-10.374813683932295,0.21913291428408313,20.538798338652704,29.204086001017636,10.377127647399902,179.55556060791685,178.79000000000002,-0.7655606079168241,0.0,False,0.0,0.0,False,False,290.22478520665305,37.56692517254311
279.0430000000051,4.8,False,True,-102.77683107220543,-21.275517592655497,-9.57864667056351,0.0,0.0,0.0,104.9558223924716,-26.561229597356363,-13.25606296690264,-6.312754405893864,-9.67716102034436,0.2043973570020431,21.592956347954214,29.68538568228426,9.679319381713867,179.11412814014955,178.79000000000002,-0.3241281401495059,0.0,False,0.0,0.0,False,False,307.8892209868422,38.60280349907997
279.14300000001094,4.9,False,True,-105.44250506714755,-22.621847708485387,-10.227403597055378,0.0,0.0,0.0,107.84187437438827,-26.752250301486132,-13.67053934969516,-6.662384123943518,-9.17406220838395,0.19377109303274556,22.387760064124627,30.042745252471995,9.176108360290526,180.16496368834336,178.79000000000002,1.3749636883433256,0.0,False,0.0,0.0,False,False,326.36129200062135,39.64337866793794
279.2430000000022,5.0,False,True,-108.1289366395596,-24.020202881916685,-10.897375250309473,0.0,0.0,0.0,110.76478269418638,-26.97638114675475,-14.296564118930805,-6.7370489411383705,-8.635210491114405,0.18238966963859524,23.367469778109285,30.530589338918514,8.637136459350586,181.73364083713952,178.79000000000002,2.943640837139484,0.0,False,0.0,0.0,False,False,345.6735185015293,40.864285639816096
279.34300000000803,5.1,False,True,-110.83136075114616,-25.480136810055015,-11.57975738299383,0.0,0.0,0.0,113.72259185320137,-27.07210108497681,-14.902114443835774,-6.910593712548783,-8.107950007239793,0.17125307191855912,24.22489286589792,30.902615941896915,8.109758377075195,181.03932540256966,178.79000000000002,2.2493254025696405,0.0,False,0.0,0.0,False,False,365.8595593399457,42.06463884484384
279.44400000000314,5.2,False,True,-113.54648203225125,-26.998549957799714,-12.28425801849862,-167.97031719662033,33.38536576494577,0.0,81.29065820873913,-27.23032453712483,-15.466148511058208,-7.179418997547043,-6.191970466498049,4.832478545319883,29.234339437979152,31.31600747482429,7.854511260986327,179.42483385384494,142.02999999999997,-37.39483385384501,0.0,False,0.0,0.0,False,False,386.9438959164186,43.2696705275405
279.5430000000051,5.3,False,True,-116.27515935382617,-28.588172169059828,-13.014197965778298,-167.97031719662033,33.38536576494577,0.0,80.70383354245963,-27.343221894373748,-16.32629571414406,-7.41937994804648,-6.1837584137565695,4.826069508180423,29.918981421267908,31.846502403099755,7.844094276428222,180.42295947744108,142.02999999999997,38.3929594774411,0.0,False,0.0,0.0,False,False,408.96271798650145,44.64176786471048
279.6420000000071,5.4,False,True,-119.02118866384602,-30.253995659524666,-13.768467532508721,-167.97031719662033,33.38536576494577,0.0,80.28689498686842,-27.57736430602311,-16.99017409515273,-7.66601138656198,-6.149334778775297,4.799203831349602,30.56039004732353,32.39100242120821,7.800427913665771,181.82839592333383,142.02999999999997,39.798395923333864,0.0,False,0.0,0.0,False,False,431.9532250182061,45.996463712059494
279.7430000000022,5.5,False,True,-121.7880314356924,-31.984937002647527,-14.55248797800979,-167.97031719662033,33.38536576494577,0.0,80.03799099197096,-27.759491130904557,-17.628652767304455,-8.014397523459403,-6.072899084904841,4.739550147159063,31.155172543130497,32.88401961799926,7.703469276428222,182.10390060993853,142.02999999999997,40.07390060993856,0.0,False,0.0,0.0,False,False,455.94198605389863,47.3316425286605
279.84300000000803,5.6,False,True,-124.57434330815113,-33.77738209555367,-15.369379425055419,-167.97031719662033,33.38536576494577,0.0,79.96277415086175,-27.966746318269767,-18.220249090818402,-8.323431417453172,-5.935819152058041,4.632567105482718,31.742919838994784,33.37838187452957,7.529583454132079,181.90703824617273,142.02999999999997,39.87703824617275,0.0,False,0.0,0.0,False,False,480.95880399819964,48.70160614617292
279.9429999999993,5.7,False,True,-127.38109496141263,-35.62800199254726,-16.21835659227131,-167.97031719662033,33.38536576494577,0.0,80.06453578763858,-28.16828674696016,-18.79214884905347,-8.656111926864664,-5.7612669827590635,4.496339128017345,32.317614500013306,33.86144173870854,7.308164119720458,181.48380016059113,142.02999999999997,39.45380016059117,0.0,False,0.0,0.0,False,False,507.0364110713085,50.0872727393143
280.0430000000051,5.8,False,True,-130.20643747727655,-37.534725344910896,-17.098077859646065,-167.97031719662033,33.38536576494577,0.0,80.34780603406314,-28.3385635703181,-19.342318198219296,-8.938313420630456,-5.60272654954556,4.3726073941185435,32.85294478254958,34.31034040213133,7.107055664062499,181.61791301220387,142.02999999999997,39.58791301220391,0.0,False,0.0,0.0,False,False,534.2083724804219,51.512957078856836
280.14300000001094,5.9,False,True,-133.05579230117925,-39.49457703830875,-18.010333520848747,-167.97031719662033,33.38536576494577,0.0,80.81157164466005,-28.64853290773609,-19.85471566973768,-9.30679980342321,-5.433195362965063,4.240298006283847,33.45925255240051,34.856106668584836,6.892005443572997,179.89658752846034,142.02999999999997,-37.86658752846041,0.0,False,0.0,0.0,False,False,562.5096347471566,52.95096273592997
280.2430000000022,6.0,False,True,-135.92979098668124,-41.50263532179089,-18.95449046923515,-167.97031719662033,33.38536576494577,0.0,81.45433092584375,-28.831440802303774,-20.30644999990514,-9.576339164304825,-5.240121905987545,4.0896152238702745,33.93697578851704,35.264768400421886,6.64709186553955,178.4442385181297,142.02999999999997,-36.4142385181297,0.0,False,0.0,0.0,False,False,591.9731094788729,54.39831343928862
280.34300000000803,6.1,False,True,-138.82727515799996,-43.561257437432694,-19.925140855811954,-167.97031719662033,33.38536576494577,0.0,82.2806157093735,-29.118242624070746,-20.86599231293091,-9.836668567231296,-5.090266039948187,3.972661297580782,34.55868012395913,35.82264212362821,6.456999778747559,178.0800693758246,142.02999999999997,-36.05006937582461,0.0,False,0.0,0.0,False,False,622.6420889240487,55.999491626747044
280.4429999999993,6.2,False,True,-141.7454691629963,-45.689250228901976,-20.915178931451567,-167.97031719662033,33.38536576494577,0.0,83.30988866251806,-29.245637475855965,-21.69386351645467,-9.964092945560967,-5.041564725427098,3.93465270906677,35.25135432334294,36.41333582136844,6.395222187042236,180.1938906988409,142.02999999999997,38.163890698840945,0.0,False,0.0,0.0,False,False,654.5817723337166,57.8777709384081
280.5430000000051,6.3,False,True,-144.67505144442282,-47.895944374559065,-21.931454128918464,-167.97031719662033,33.38536576494577,0.0,84.5536562453681,-29.346008152674077,-22.4400193966872,-10.361411003776901,-5.027155854529285,3.923407410037535,35.86693254367474,36.942423648435835,6.3769445419311515,181.70535502229757,142.02999999999997,39.6753550222976,0.0,False,0.0,0.0,False,False,687.8382619481996,59.58927270517734
280.6420000000071,6.4,False,True,-147.61639298737242,-50.16866490534636,-22.99774257063159,-167.97031719662033,33.38536576494577,0.0,85.99743177541946,-29.480822706318165,-23.014391219058716,-10.964357830485632,-4.980828013459157,3.8872511817038102,36.38609767216902,37.40028222654545,6.318177700042724,179.58478214061736,142.02999999999997,-37.55478214061739,0.0,False,0.0,0.0,False,False,722.4216480418974,61.08605389396677
280.7420000000129,6.5,False,True,-150.56677896156023,-52.492690702567806,-24.118080538909126,-167.97031719662033,33.38536576494577,0.0,87.62376233497766,-29.526896777437564,-23.46612472537015,-11.442401535065096,-4.936112059331969,3.8523529388710473,36.75603236128541,37.71599982675895,6.261455535888671,179.03719443700376,142.02999999999997,-37.007194437003776,0.0,False,0.0,0.0,False,False,758.3477646324975,62.55599402447832
280.8440000000119,6.6,False,True,-153.53664846673576,-54.86954304934429,-25.2880544636625,-167.97031719662033,33.38536576494577,0.0,89.42739917286367,-29.870493326072513,-24.070922210159395,-11.957076960002446,-4.941314980781883,3.856413521268158,37.43527766729101,38.362164532133576,6.268055438995361,179.67965205137648,142.02999999999997,-37.64965205137649,0.0,False,0.0,0.0,False,False,795.669685614064,64.28125444655063
280.9429999999993,6.7,False,True,-156.53497835274817,-57.306545743365945,-26.49878802464931,-167.97031719662033,33.38536576494577,0.0,91.41000923042077,-30.096104394175885,-24.669131670273856,-12.257594259733773,-4.9396726454148805,3.8551317725149623,38.032613153498794,38.914541717338025,6.265972137451171,179.8722097211668,142.02999999999997,-37.84220972116685,0.0,False,0.0,0.0,False,False,834.4582021333206,66.15551781238187
281.0430000000051,6.8,False,True,-159.58027284070184,-59.82028691408288,-27.731384137044394,-167.97031719662033,33.38536576494577,0.0,93.58251191124333,-30.80978536489727,-25.60569174406479,-12.39432798816794,-4.940494001051617,3.855772793578302,39.207118338005166,40.061132334509786,6.267014026641845,182.3601631946964,142.02999999999997,40.33016319469645,0.0,False,0.0,0.0,False,False,874.8272089782197,68.75677555295562
281.14300000001094,6.9,False,True,-162.67727465007698,-62.42668783339592,-28.994164710495003,-167.97031719662033,33.38536576494577,0.0,95.95814667932586,-31.13025082260546,-26.522326642196006,-12.861283480844268,-4.979045464978882,3.8858600046409464,40.106649782868054,40.89653196535946,6.3159165382385245,179.33146126681115,142.02999999999997,-37.30146126681116,0.0,False,0.0,0.0,False,False,916.8605430037771,71.02733016640607
281.2430000000022,7.0,False,True,-165.80699612072343,-65.0951025929509,-30.294562385857194,-167.97031719662033,33.38536576494577,0.0,98.50422633607202,-31.464178590323407,-26.845968548903613,-13.14667002639953,-5.031298719734075,3.926640679208733,40.56661949138863,41.36061607003077,6.382199764251708,180.91766373245255,142.02999999999997,38.88766373245258,0.0,False,0.0,0.0,False,False,960.541827967703,72.8649502729186
281.34300000000803,7.1,False,True,-168.97315859792522,-67.79799296473985,-31.637069215625576,-167.97031719662033,33.38536576494577,0.0,101.18832825329419,-31.85907095371268,-27.211838886875537,-13.703466568968102,-5.064150313858217,3.952279468127935,41.099513925845436,41.89850328638209,6.423871994018554,181.21045220644652,142.02999999999997,39.18045220644653,0.0,False,0.0,0.0,False,False,1005.868195367812,74.58795260130205
281.4429999999993,7.2,False,True,-172.1682523915656,-70.55482281190646,-33.02921674082434,-167.97031719662033,33.38536576494577,0.0,104.02492711505528,-32.042804919094976,-27.924758056456763,-14.139483935007144,-5.131706345096649,4.005003083870779,41.757836066274145,42.50333468793742,6.509566783905029,179.88931842587036,142.02999999999997,-37.859318425870356,0.0,False,0.0,0.0,False,False,1052.9096334859028,76.7590220762947
281.5430000000051,7.3,False,True,-175.38393241737327,-73.37584601028489,-34.46393499894408,-167.97031719662033,33.38536576494577,0.0,107.0183069869685,-32.270795597058715,-28.495705911111713,-14.55488122738763,-5.217807722027694,4.072200280464822,42.338312043229884,43.051242767656674,6.618786334991454,178.80910759099646,142.02999999999997,-36.77910759099648,0.0,False,0.0,0.0,False,False,1101.74543559418,78.85809874176674
281.6420000000071,7.4,False,True,-178.61681252437396,-76.26388326159378,-35.93715816682142,-167.97031719662033,33.38536576494577,0.0,110.16490219143283,-32.386806542954396,-29.26503911506602,-14.909582130159015,-5.262788690216164,4.1073053516040625,43.00494994390469,43.65028925971852,6.67584466934204,179.7970453163879,142.02999999999997,-37.76704531638798,0.0,False,0.0,0.0,False,False,1152.4448989856655,81.26990858969073
281.7430000000022,7.5,False,True,-181.86039781371173,-79.23073028127492,-37.441863858471095,-167.97031719662033,33.38536576494577,0.0,113.4694647393778,-32.484899243800875,-30.071901278556705,-15.184531702834565,-5.387412962182762,4.204567462875938,43.6938218992673,44.26723308935352,6.833930492401122,180.18576008339534,142.02999999999997,38.15576008339536,0.0,False,0.0,0.0,False,False,1205.106250533916,83.88265274034345
281.84300000000803,7.6,False,True,-185.127314771691,-82.26116578519787,-38.98442171882736,-167.97031719662033,33.38536576494577,0.0,116.91228688794583,-32.85343991578422,-30.53680879990265,-15.666625504290712,-5.573172782881867,4.3495423707776855,44.28623344614601,44.85359746978893,7.06956672668457,178.7571139902017,142.02999999999997,-36.727113990201694,0.0,False,0.0,0.0,False,False,1259.7617219566898,86.02945634949265
281.94400000000314,7.7,False,True,-188.42616257032955,-85.3428109671398,-40.572721371661466,-167.97031719662033,33.38536576494577,0.0,120.4774732474019,-33.12351605698681,-31.09609483893569,-16.099367552391275,-5.672327511980258,4.4269269616163385,44.893795009733736,45.43274623231074,7.195344448089599,180.31615312827023,142.02999999999997,38.28615312827026,0.0,False,0.0,0.0,False,False,1316.437134716727,88.35876191000071
282.04400000000896,7.8,False,True,-191.7489334383241,-88.48277384244362,-42.20270837535955,-167.97031719662033,33.38536576494577,0.0,124.16628383637955,-33.33190130290351,-31.703162667140965,-16.500372521570423,-5.765998893402189,4.500032113438545,45.503299748158156,46.00115398080467,7.314166545867919,181.02402394063466,142.02999999999997,38.99402394063469,0.0,False,0.0,0.0,False,False,1375.213758586262,90.81588401170383
282.14300000001094,7.9,False,True,-195.09212925429253,-91.68814376222615,-43.87827510235425,-167.97031719662033,33.38536576494577,0.0,127.98037144318366,-33.532015016465174,-32.4042357285096,-17.01096201832362,-5.879856076351386,4.588891127997724,46.18585637044049,46.6307894444568,7.458594322204589,180.6569730665784,142.02999999999997,38.62697306657843,0.0,False,0.0,0.0,False,False,1436.1671237856015,93.35584614757121
282.2430000000022,8.0,False,True,-198.45400567942926,-94.96226355817097,-45.59984640117893,-167.97031719662033,33.38536576494577,0.0,131.9180397685666,-33.70551348626961,-33.07816019038701,-17.42046395816996,-6.0044017838657755,4.686091924211366,46.83471284553801,47.22527205802002,7.6165804862976065,180.6351798594615,142.02999999999997,38.60517985946151,0.0,False,0.0,0.0,False,False,1499.3750853387462,96.02266605601045
282.34300000000803,8.1,False,True,-201.83838258354342,-98.2989646709896,-47.36534356445651,-167.97031719662033,33.38536576494577,0.0,135.96988172170157,-33.98202459601319,-33.655862065985616,-17.88947930738158,-6.122275151539404,4.778085341077512,47.46929483779754,47.82776439526204,7.766102790832519,180.40817307569324,142.02999999999997,38.37817307569326,0.0,False,0.0,0.0,False,False,1564.900415340652,98.59334108309163
282.445000000007,8.2,False,True,-205.24580193572447,-101.70017729597342,-49.17904542798256,-167.97031719662033,33.38536576494577,0.0,140.13409901447483,-34.166362447607675,-34.368390433690514,-18.38455796313937,-6.242371254169564,4.8718134753567135,48.1616329353025,48.46159906466032,7.918444633483886,180.46196605877233,142.02999999999997,38.43196605877237,0.0,False,0.0,0.0,False,False,1632.8137620481066,101.37011336369194
282.5430000000051,8.3,False,True,-208.67007855698586,-105.17454638856313,-51.03492381887461,-167.97031719662033,33.38536576494577,0.0,144.4137106745021,-34.319169977619616,-35.11899141810377,-18.733009854701706,-6.382840735655471,4.981441865741586,48.87211107643657,49.10345187639657,8.096630096435547,180.30447624553148,142.02999999999997,38.274476245531496,0.0,False,0.0,0.0,False,False,1703.231016946289,104.46438134457341
282.64300000001094,8.4,False,True,-212.1073443921737,-108.7238757745379,-52.92533221671689,-167.97031719662033,33.38536576494577,0.0,148.80562388763514,-34.426146726137524,-35.86759630139167,-19.07515810214378,-6.528306014126374,5.094969189733684,49.560279337464195,49.71563177562119,8.281152725219727,181.13740865573314,142.02999999999997,39.10740865573317,0.0,False,0.0,0.0,False,False,1776.2590014831785,107.62419049962502
282.7430000000022,8.5,False,True,-215.55902733839156,-112.3413443114822,-54.850083534174374,-167.97031719662033,33.38536576494577,0.0,153.30022623159044,-34.60751219821947,-36.48177443749419,-19.419868247005972,-6.664839003059467,5.201525372990275,50.18257136080461,50.28518436535868,8.454344749450684,179.95986840702633,142.02999999999997,-37.92986840702634,0.0,False,0.0,0.0,False,False,1851.9613896226142,110.65997873547994
282.84300000000803,8.6,False,True,-219.02946376618868,-116.0274484449172,-56.81300146334529,-167.97031719662033,33.38536576494577,0.0,157.89624915913518,-34.80121635772281,-37.24030823120559,-19.838490336412296,-6.771804692695951,5.2850059714605715,50.93181978216588,50.97023854301873,8.590030670166016,179.2511458270722,142.02999999999997,-37.22114582707225,0.0,False,0.0,0.0,False,False,1930.426111688968,113.9817267517549
282.9429999999993,8.7,False,True,-222.52690077937368,-119.78047100326471,-58.817670713109464,-167.97031719662033,33.38536576494577,0.0,162.5921104024671,-35.147523905976854,-37.82014293574474,-20.25489465887131,-6.823046007234168,5.324996884608445,51.6118120041739,51.63053019678742,8.655030250549316,179.62157737003406,142.02999999999997,-37.59157737003408,0.0,False,0.0,0.0,False,False,2011.7408929249052,117.13706788144171
283.0430000000051,8.8,False,True,-226.05055695301527,-123.5981744515205,-60.866367186693495,-167.97031719662033,33.38536576494577,0.0,167.38323138551007,-35.3255995668549,-38.53392602937123,-20.719034812809213,-6.8593578204137575,5.3533361764512355,52.31078954756315,52.27582079695002,8.701091766357422,181.27773066143342,142.02999999999997,39.24773066143345,0.0,False,0.0,0.0,False,False,2095.977170791279,120.45221811774957
283.14400000000023,8.9,False,True,-229.59960806374974,-127.47676660163685,-62.968782873895904,-167.97031719662033,33.38536576494577,0.0,172.2637371076954,-35.655422647834015,-39.03791697295578,-21.32927893123893,-6.890346046166596,5.377520713008435,52.91654501888388,52.87029530637278,8.740400314331055,179.91998149504772,142.02999999999997,-37.88998149504772,0.0,False,0.0,0.0,False,False,2183.169124132102,123.26313135261125
283.2430000000022,9.0,False,True,-233.17368974302087,-131.40382364961934,-65.12041044459691,-167.97031719662033,33.38536576494577,0.0,177.22007995521872,-35.82621093758868,-39.50322398669369,-21.703272482781234,-6.914271741162916,5.396193348541365,53.40278930113507,53.329373664871504,8.770750045776367,177.94731448170404,142.02999999999997,-35.91731448170408,0.0,False,0.0,0.0,False,False,2273.353330998563,126.2918409059572
283.34300000000803,9.1,False,True,-236.77446620120728,-135.3875934735397,-67.31923309340162,-167.97031719662033,33.38536576494577,0.0,182.25894406135706,-36.18931822613934,-40.172172491714065,-22.273180493312946,-6.906861121015269,5.390409783670573,54.160974859345224,54.06912424273958,8.76134967803955,178.27589714853005,142.02999999999997,-36.24589714853009,0.0,False,0.0,0.0,False,False,2366.6735490305027,129.72668344208412
283.4429999999993,9.2,False,True,-240.39909970415616,-139.4460472946697,-69.56238160909427,-167.97031719662033,33.38536576494577,0.0,187.39430587856012,-36.30335183283791,-40.996903930885914,-22.589789820540183,-6.864821245047312,5.357600066673012,54.91235857280207,54.760199837264146,8.708022117614744,179.19775906239133,142.02999999999997,-37.16775906239138,0.0,False,0.0,0.0,False,False,2463.3367915308945,133.8527232021589
283.5430000000051,9.3,False,True,-244.02935389841758,-143.58297904006238,-71.84182875384307,-167.97031719662033,33.38536576494577,0.0,192.62079879138076,-36.30173205239069,-41.74173097696737,-22.99915307443572,-6.826317897148194,5.327550407416367,55.536630161231095,55.31896469527504,8.659180641174316,180.2822179505403,142.02999999999997,38.25221795054034,0.0,False,0.0,0.0,False,False,2563.464280999708,137.60850213198424
283.64300000001094,9.4,False,True,-247.67216762779728,-147.78797523052947,-74.16683992202569,-167.97031719662033,33.38536576494577,0.0,197.92969572455883,-36.55454253520335,-42.35819283237463,-23.501070289216603,-6.789809108978376,5.299057387867768,56.1885473605523,55.95043413578329,8.612869262695312,179.55929285509032,142.02999999999997,-37.529292855090354,0.0,False,0.0,0.0,False,False,2667.077961025905,141.1970736531141
283.7430000000022,9.5,False,True,-251.3336390178972,-152.05730922538507,-76.5386810879224,-167.97031719662033,33.38536576494577,0.0,203.31854104495056,-36.67488526679544,-43.02848706473694,-23.93575302871759,-7.1134420251757735,5.551634355497871,56.86745223528358,56.53757961226182,9.023397445678711,180.1919693781123,142.02999999999997,38.161969378112325,0.0,False,0.0,0.0,False,False,2774.2711378410686,145.0176335464151
283.84300000000803,9.6,False,True,-255.00650848347166,-156.38890263531513,-78.95331817428541,-167.97031719662033,33.38536576494577,0.0,208.78115705344587,-36.78250404469392,-43.6033811338641,-24.35698869854279,-7.975772970756762,6.224634302127518,57.55570238869087,57.04566109795679,10.11726379394531,179.3362335423823,142.02999999999997,-37.306233542382344,0.0,False,0.0,0.0,False,False,2885.1362817233776,148.6741335911556
283.9429999999993,9.7,False,True,-258.69337150008414,-160.78948555853532,-81.4141886249848,-167.97031719662033,33.38536576494577,0.0,214.3234599119873,-36.95475628755588,-44.40827733053957,-24.86042031544503,-10.705682440104697,8.355172393784555,58.932126252666514,57.77325599045605,13.58015251159668,180.47112596562727,142.02999999999997,38.441125965627286,0.0,False,0.0,0.0,False,False,2999.8226453586735,152.9913971883759
284.0430000000051,9.8,False,True,-262.40168000979,-165.26045484849757,-83.91883215484097,-167.97031719662033,33.38536576494577,0.0,219.94873113964715,-37.21141390656148,-45.01110846870566,-25.23245028167844,-14.231405453371528,11.106797407265697,60.64074660171214,58.401106243863424,18.05253028869629,179.18065480442658,142.02999999999997,-37.15065480442657,0.0,False,0.0,0.0,False,False,3118.4952750209623,157.18052313675608
284.14300000001094,9.9,False,True,-266.13503826050555,-169.79712837395246,-86.461688758432,-167.97031719662033,33.38536576494577,0.0,225.65335890709406,-37.45575110774851,-45.722362040391864,-25.62468179014207,-15.447634296854662,12.055994407498726,61.827952249621276,59.105563880215804,19.59531593322754,178.49865095460135,142.02999999999997,-36.46865095460138,0.0,False,0.0,0.0,False,False,3241.286224572613,161.7587245927011
284.24400000000605,10.0,False,True,-269.89446373531683,-174.40682118837526,-89.04555379425538,-167.97031719662033,33.38536576494577,0.0,231.44356678569744,-37.73275838847687,-46.47149424806404,-26.052618926325543,-15.722942180907344,12.27085645347267,62.73034174491097,59.86117968475914,19.944543838500977,178.81987435170322,142.02999999999997,-36.789874351703254,0.0,False,0.0,0.0,False,False,3368.373778937906,166.5385152939758
284.34300000000803,10.1,False,True,-273.6779573564642,-179.08681762465966,-91.67550747641108,-167.97031719662033,33.38536576494577,0.0,237.31526268343796,-37.937114034471676,-47.12843447762377,-26.546454716788375,-15.003327885689336,11.709238683917436,63.14927022683973,60.50052857270079,19.031713485717773,177.8976938351411,142.02999999999997,-35.86769383514116,0.0,False,0.0,0.0,False,False,3499.832514567925,170.8924668199224
284.4429999999993,10.2,False,True,-277.48484475772204,-183.8267831477501,-94.35194508819477,-167.97031719662033,33.38536576494577,0.0,243.2581948921813,-38.20063399068498,-47.670875984185216,-26.982297518885353,-13.995435429581148,10.922636309683693,63.396303680216484,61.08846744181624,17.753202438354492,176.50891379215338,142.02999999999997,-34.47891379215342,0.0,False,0.0,0.0,False,False,3635.6957668938308,175.1593981359003
284.5430000000051,10.3,False,True,-281.31645669231074,-188.6282331428566,-97.07122928110833,-167.97031719662033,33.38536576494577,0.0,249.27371589995414,-38.43160470108896,-48.358123917944845,-27.403386339385996,-13.635515510031173,10.641739412860765,63.99867117545983,61.76970445747715,17.29664421081543,177.3913759985302,142.02999999999997,-35.361375998530214,0.0,False,0.0,0.0,False,False,3776.1358961077076,180.03763674804338
284.64300000001094,10.4,False,True,-285.16649282378904,-193.49803095875833,-99.8343763864615,-167.97031719662033,33.38536576494577,0.0,255.36448322059172,-38.56911792847706,-49.03783240008973,-27.859555767677158,-13.884758039460852,10.836258941428767,64.7628322195916,62.38818689688025,17.612808227539062,177.29855844139487,142.02999999999997,-35.26855844139488,0.0,False,0.0,0.0,False,False,3921.325418579204,184.7974346472985
284.7430000000022,10.5,False,True,-289.03629058372934,-198.43930234704348,-102.6410915007545,-167.97031719662033,33.38536576494577,0.0,261.53326109197303,-38.82683727032922,-49.787595365613015,-28.27474651818274,-13.680837801294313,10.677110867123812,65.48512799947686,63.137373596837534,17.354135513305664,176.85531258841846,142.02999999999997,-34.825312588418505,0.0,False,0.0,0.0,False,False,4071.447632770669,190.19946586996213
284.84300000000803,10.6,False,True,-292.92841754856556,-203.4584668167827,-105.49459471899101,-167.97031719662033,33.38536576494577,0.0,267.786347440583,-39.01570202639495,-50.595694029170964,-28.795317846547544,-13.681739976822078,10.67781496348629,66.30424222779752,63.89169945232264,17.35527992248535,177.5526419564606,142.02999999999997,-35.52264195646064,0.0,False,0.0,0.0,False,False,4226.709769004188,195.59508332259261
284.9429999999993,10.7,False,True,-296.83840813908944,-208.55137502062803,-108.40140902619675,-167.97031719662033,33.38536576494577,0.0,274.11744089915624,-39.18410978408198,-51.26247004773519,-29.340968297567034,-13.753990703963115,10.734202520675382,67.00953936555405,64.52313767142712,17.446929931640625,177.33034980037158,142.02999999999997,-35.30034980037165,0.0,False,0.0,0.0,False,False,4387.154166364642,200.46341125837384
285.04400000000896,10.8,False,True,-300.76761274240704,-213.71075222695075,-111.36010284091095,-167.97031719662033,33.38536576494577,0.0,280.52025458233896,-39.399982282269846,-51.92507407871937,-29.832907996717275,-13.721566515495251,10.708897297407903,67.69339263648165,65.18107027292258,17.405799865722656,177.19423898397596,142.02999999999997,-35.164238983976006,0.0,False,0.0,0.0,False,False,4552.86680660577,205.6423682211911
285.14300000001094,10.9,False,True,-304.71780243545504,-218.93921934719404,-114.36868721996163,-167.97031719662033,33.38536576494577,0.0,286.9975103919175,-39.60381157868965,-52.644268326146296,-30.33877958429628,-13.79139941222188,10.763397876345552,68.46030057703692,65.87777226922327,17.494382858276367,177.00869535597684,142.02999999999997,-34.97869535597686,0.0,False,0.0,0.0,False,False,4724.054835190654,211.11913544430288
285.24400000000605,11.0,False,True,-308.68814074379026,-224.23900829003966,-117.42145402553788,-167.97031719662033,33.38536576494577,0.0,293.55037722863773,-39.802954588015474,-53.35151053076631,-30.71655652722871,-13.858823500289375,10.816018517995385,69.21394167449786,66.56319455863046,17.579910278320312,176.79617313259584,142.02999999999997,-34.76617313259588,0.0,False,0.0,0.0,False,False,4900.952113040198,217.04521219292116
285.34300000000803,11.1,False,True,-312.6754259814502,-229.61126042172182,-120.51857482816519,-167.97031719662033,33.38536576494577,0.0,300.1779370540067,-39.942750165183476,-54.09353210287676,-31.22585952531742,-13.831412400504124,10.794625723515413,69.9447995633982,67.24234905268571,17.54513931274414,176.4036628154136,142.02999999999997,-34.37366281541364,0.0,False,0.0,0.0,False,False,5083.726220279217,222.7811466736327
285.44200000001,11.2,False,True,-316.67936387583427,-235.0517631725784,-123.66459336909078,-167.97031719662033,33.38536576494577,0.0,306.8759892146364,-40.136007722497226,-54.716522914254924,-31.694511293194648,-13.787568173480638,10.760407813792893,70.57952057242777,67.85865453813936,17.48952293395996,175.7956107379213,142.02999999999997,-33.765610737921335,0.0,False,0.0,0.0,False,False,5272.449613123165,228.31572269987527
285.5430000000051,11.3,False,True,-320.6982383564453,-240.5614978070114,-126.85576847796325,-167.97031719662033,33.38536576494577,0.0,313.6442283268006,-40.24148188972368,-55.47816977440486,-32.128990884254684,-13.800819628357623,10.770749815863766,71.33041404406332,68.5361524029373,17.506332397460938,175.97819583276288,142.02999999999997,-33.94819583276294,0.0,False,0.0,0.0,False,False,5467.332938923761,234.59193775624533
285.64300000001094,11.4,False,True,-324.73250006820507,-246.1460455171831,-130.09139034418965,-167.97031719662033,33.38536576494577,0.0,320.487428570986,-40.44375234547099,-56.21278442902928,-32.58344644027321,-13.813812459583314,10.780889976977393,72.09234431438628,69.2500847439648,17.52281379699707,176.84110436123598,142.02999999999997,-34.81110436123601,0.0,False,0.0,0.0,False,False,5668.644673777962,240.98127236652218
285.7430000000022,11.5,False,True,-328.78331060803464,-251.80542567355744,-133.3753990376213,-167.97031719662033,33.38536576494577,0.0,327.4058740634618,-40.5724584511203,-56.97481869845766,-33.09672742835982,-13.854884000484804,10.812943963879228,72.8629504706649,69.94465205067507,17.574913024902344,176.61735714488307,142.02999999999997,-34.587357144883114,0.0,False,0.0,0.0,False,False,5876.540555265083,247.3391547914992
285.84300000000803,11.6,False,True,-332.851201111655,-257.5423708432823,-136.71136117584334,-167.97031719662033,33.38536576494577,0.0,334.40193451681716,-40.785351621286004,-57.76408469603983,-33.62251533608154,-13.841474664890459,10.802478744944922,73.67052414329608,70.7116283764078,17.557903289794922,175.83802665948872,142.02999999999997,-33.80802665948874,0.0,False,0.0,0.0,False,False,6091.220888269192,254.08918741281136
285.9429999999993,11.7,False,True,-336.9392817084142,-263.35526349535814,-140.09687585952835,-167.97031719662033,33.38536576494577,0.0,341.4754925642381,-40.97626031389863,-58.49376834547653,-34.08777833761894,-13.834756464460371,10.797235574032333,74.41709786992816,71.41830888901428,17.549381256103516,175.18793536568793,142.02999999999997,-33.15793536568794,0.0,False,0.0,0.0,False,False,6312.90418506684,260.8586963361461
286.04400000000896,11.8,False,True,-341.044083246136,-269.24463248217756,-143.53647302259253,-167.97031719662033,33.38536576494577,0.0,348.625077029201,-41.11977044053695,-59.29361139091244,-34.704164923665004,-13.82644141334614,10.790746152558155,75.21132216406995,72.15655114304589,17.538833618164062,176.1680088122459,142.02999999999997,-34.13800881224591,0.0,False,0.0,0.0,False,False,6541.728531828812,267.54311572903134
286.14300000001094,11.9,False,True,-345.17137173509184,-275.20488671546343,-147.02491960024167,-167.97031719662033,33.38536576494577,0.0,355.84850379827236,-41.425999338580475,-59.91147327480453,-35.064766629317695,-13.620695773361758,10.63017345661312,75.82386715232936,72.83884987530821,17.27784538269043,175.30714487040964,142.02999999999997,-33.2771448704097,0.0,False,0.0,0.0,False,False,6777.901491358207,274.60116541952993
286.2430000000022,12.0,False,True,-349.326762353864,-281.2320072296896,-150.55183148359959,-167.97031719662033,33.38536576494577,0.0,363.1449457036651,-41.68181303686327,-60.630937009718494,-35.473471037840596,-13.633814909161336,10.640412191217495,76.59174508975056,73.57638249272979,17.29448699951172,174.5640442277839,142.02999999999997,-32.53404422778397,0.0,False,0.0,0.0,False,False,7021.726211214721,282.1212247065277
286.34300000000803,12.1,False,True,-353.5104978486038,-287.3317406572481,-154.1191931273224,-167.97031719662033,33.38536576494577,0.0,370.5193935385778,-41.99289685793294,-61.363731541450264,-35.87376183661561,-13.872536568311398,10.826720782705058,77.47397027120958,74.35664687983295,17.597305297851562,174.846627491964,142.02999999999997,-32.81662749196404,0.0,False,0.0,0.0,False,False,7273.506989664628,290.03274260269404
286.4429999999993,12.2,False,True,-357.719287960498,-293.50698259333075,-157.7275840905013,-167.97031719662033,33.38536576494577,0.0,377.97259070088626,-42.18290537995066,-62.14110718020367,-36.29405742696242,-13.860602289704952,10.817406761323404,78.26300281034291,75.10602311316603,17.58216667175293,175.06396010255912,142.02999999999997,-33.033960102559114,0.0,False,0.0,0.0,False,False,7533.503169567339,298.0860495289743
286.5430000000051,12.3,False,True,-361.95032680844616,-299.75505194169386,-161.38502839024665,-167.97031719662033,33.38536576494577,0.0,385.5006900626228,-42.437871579013176,-62.82027978705807,-36.85482856794475,-13.740113740720215,10.723372345126524,78.9444746254295,75.8113480732342,17.4293270111084,174.92852903569363,142.02999999999997,-32.89852903569366,0.0,False,0.0,0.0,False,False,7801.771383077796,305.2804650996256
286.64300000001094,12.4,False,True,-366.207977451833,-306.07127888507824,-165.09416634478364,-167.97031719662033,33.38536576494577,0.0,393.10174705858765,-42.71514128872474,-63.504259080630014,-37.32793052279541,-13.57371197550165,10.593505291549176,79.62224304409268,76.53348428430196,17.218246459960938,175.32279049972175,142.02999999999997,-33.29279049972178,0.0,False,0.0,0.0,False,False,8078.442089109589,313.0681082209595
286.7420000000129,12.5,False,True,-370.49420240439275,-312.4530148712598,-168.85607040703357,-167.97031719662033,33.38536576494577,0.0,400.77438740608665,-43.0093577624699,-64.1304606430018,-37.91015072220355,-13.615908228561086,10.626437051916232,80.32788201160842,77.21736098458514,17.271772384643555,175.4231478198414,142.02999999999997,-33.39314781984141,0.0,False,0.0,0.0,False,False,8363.685443720391,320.2238409486962
286.84300000000803,12.6,False,True,-374.8093422903019,-318.90147740355354,-172.67232280810168,-167.97031719662033,33.38536576494577,0.0,408.51976962116714,-43.2934399557127,-64.83879000287189,-38.4148972991589,-13.743414199525953,10.725948164319258,81.13712884042333,77.96403422242477,17.43351364135742,174.7212859132009,142.02999999999997,-32.69128591320088,0.0,False,0.0,0.0,False,False,8657.735074898826,328.377383139589
286.94400000000314,12.7,False,True,-379.16065315182914,-325.4213712505486,-176.5376989908962,-167.97031719662033,33.38536576494577,0.0,416.34556864290045,-43.73277727483177,-65.55908693702969,-38.89262635673128,-13.730869448812385,10.716157704398995,81.96357372827735,78.80704085414614,17.417600631713867,174.82601476811175,142.02999999999997,-32.79601476811175,0.0,False,0.0,0.0,False,False,8961.073607975857,337.2536019427411
287.0430000000051,12.8,False,True,-383.5458960114208,-332.02250948535436,-180.45438582234232,-167.97031719662033,33.38536576494577,0.0,424.25905467800584,-43.972079917001196,-66.46367775908537,-39.44111027219121,-13.708546619003727,10.698736013403401,82.88497781187957,79.69293741286413,17.389284133911133,175.84233942289188,142.02999999999997,-33.81233942289194,0.0,False,0.0,0.0,False,False,9274.140630236569,346.84210329878556
287.14400000000023,12.9,False,True,-387.9543437570793,-338.70790679312654,-184.41531211290575,-167.97031719662033,33.38536576494577,0.0,432.2573023382354,-44.19687499617016,-67.24426839635859,-39.777415539077694,-13.754632752213707,10.734703602586679,83.71051419536268,80.46835024771293,17.447744369506836,176.8915567557798,142.02999999999997,-34.8615567557798,0.0,False,0.0,0.0,False,False,9597.315046413352,356.7135871481091
287.2430000000022,13.0,False,True,-392.3868349502482,-345.4648200545849,-188.42190500785193,-167.97031719662033,33.38536576494577,0.0,440.32969095458157,-44.452948867208605,-67.8939968328084,-40.354442359845756,-13.730209357051237,10.715642540560449,84.40001259135029,81.15207618369391,17.416763305664062,175.38691248247758,142.02999999999997,-33.35691248247759,0.0,False,0.0,0.0,False,False,9930.553481803585,364.80576727739765
287.34300000000803,13.1,False,True,-396.84236442036365,-352.2947966359132,-192.47536548129895,-167.97031719662033,33.38536576494577,0.0,448.476980089213,-44.6576405350991,-68.70553479375687,-40.71476710909455,-13.719598269218844,10.707361193843763,85.22658334336107,81.94361091298248,17.403303146362305,175.55562896212183,142.02999999999997,-33.52562896212188,0.0,False,0.0,0.0,False,False,10274.144097832346,375.18551727479456
287.44200000001,13.2,False,True,-401.3182562333167,-359.2038439907803,-196.56946506377378,-167.97031719662033,33.38536576494577,0.0,456.7029102921277,-44.86019572396046,-69.47541230358485,-41.16722454040198,-13.77556322445785,10.75103863819618,86.03800211733842,82.69987953525174,17.474294662475586,176.36157626512542,142.02999999999997,-34.33157626512546,0.0,False,0.0,0.0,False,False,10628.618313686882,385.02620678664874
287.5430000000051,13.3,False,True,-405.8129239548738,-366.18428900109825,-200.71689339584748,-167.97031719662033,33.38536576494577,0.0,465.0000156982974,-45.033158707181386,-70.133487902775,-41.78134210107211,-13.750169990603032,10.731220672580285,86.70482383361785,83.34681462752415,17.44208335876465,176.2541841369181,142.02999999999997,-34.22418413691811,0.0,False,0.0,0.0,False,False,10993.817242887128,393.3115732059928
287.64300000001094,13.4,False,True,-410.3303819557862,-373.23589745840746,-204.9208369548252,-167.97031719662033,33.38536576494577,0.0,473.37010118449876,-45.316001311067026,-70.89868124340941,-42.29752907848278,-13.767616561684122,10.744836722736682,87.52693646063203,84.14370432111485,17.464214324951172,174.97125708625137,142.02999999999997,-32.9412570862514,0.0,False,0.0,0.0,False,False,11369.993860919754,403.4064902314926
287.7430000000022,13.5,False,True,-414.87652979444147,-380.35475700408426,-209.17256902669192,-167.97031719662033,33.38536576494577,0.0,481.81279249137054,-45.60695546203771,-71.47850967012597,-42.737112358851384,-13.785860054481404,10.759074724679936,88.17937627376158,84.78898354844563,17.487356185913086,175.11656493894452,142.02999999999997,-33.086564938944555,0.0,False,0.0,0.0,False,False,11757.549695544007,412.6270462904907
287.84300000000803,13.6,False,True,-419.4407814121269,-387.5314142993364,-213.46264732807083,-167.97031719662033,33.38536576494577,0.0,490.3145216210159,-45.678076891671644,-72.0546362349172,-43.06445366872659,-13.771332021232633,10.747736426256155,88.73710208558263,85.31328918443896,17.46892738342285,175.90831516812707,142.02999999999997,-33.87831516812708,0.0,False,0.0,0.0,False,False,12156.572614120381,422.00337028653024
287.9429999999993,13.7,False,True,-424.0217546039196,-394.7774951165427,-217.80440845416715,-167.97031719662033,33.38536576494577,0.0,498.8845297627147,-45.9413869441816,-72.86698010920841,-43.770768853199954,-13.720413234445592,10.707997227557868,89.57102200848496,86.14062818781156,17.40433692932129,176.08729571720824,142.02999999999997,-34.0572957172083,0.0,False,0.0,0.0,False,False,12567.419985902667,432.02713923473164
288.0430000000051,13.8,False,True,-428.6304890985282,-402.1063963574303,-222.21211024393992,-167.97031719662033,33.38536576494577,0.0,507.5399492575775,-46.23330294799034,-73.71104470854456,-44.38326694225521,-13.694435090123607,10.6877227728003,90.45402077211288,87.01055346051827,17.371383666992188,176.86001840896682,142.02999999999997,-34.83001840896686,0.0,False,0.0,0.0,False,False,12990.64229882522,443.1467413911649
288.14300000001094,13.9,False,True,-433.26229117023956,-409.5235027956251,-226.67435104462257,-167.97031719662033,33.38536576494577,0.0,516.2829624386462,-46.40273848623719,-74.63108405535209,-44.861549071397874,-13.738031218876957,10.721747056023137,91.38976353831582,87.88067390671937,17.426685333251953,177.96349715193142,142.02999999999997,-35.93349715193145,0.0,False,0.0,0.0,False,False,13426.946208289173,455.60024585785993
288.2430000000022,14.0,False,True,-437.91388302043777,-417.0201613396243,-231.19386674545942,-167.97031719662033,33.38536576494577,0.0,525.1044349232096,-46.62909851772603,-75.30208682463116,-45.52876494533877,-13.744681756142462,10.726937419708541,92.09982561429042,88.5701818261659,17.435121536254883,176.80752991914466,142.02999999999997,-34.77752991914468,0.0,False,0.0,0.0,False,False,13876.289964234818,465.1104311963792
288.34300000000803,14.1,False,True,-442.58939556266864,-424.5879644688211,-235.77238912200167,-167.97031719662033,33.38536576494577,0.0,533.9992597448284,-46.881152326891566,-76.05397575930539,-46.04168258550643,-13.675696904411934,10.67309869135162,92.86650479362345,89.3423173658162,17.347614288330078,176.1298966673622,142.02999999999997,-34.099896667362216,0.0,False,0.0,0.0,False,False,14338.722791406075,476.5417434864453
288.4429999999993,14.2,False,True,-447.2894817406749,-432.22918147686676,-240.3975430276954,-167.97031719662033,33.38536576494577,0.0,542.9697065995365,-47.120571233233875,-76.77036440160663,-46.46139552836862,-13.69967522631404,10.691812399172363,93.63006280376017,90.07795004162638,17.37803077697754,175.84758237690568,142.02999999999997,-33.81758237690569,0.0,False,0.0,0.0,False,False,14814.959481429383,488.38589996379807
288.5430000000051,14.3,False,True,-452.0140010180049,-439.94944892581634,-245.07061690574733,-272.8430755904019,152.4543243879702,0.0,618.905849992546,-47.36981431336609,-77.63498457738413,-47.000082032669894,-11.07678101173911,13.389528154152629,97.99309253333473,90.9455339113112,17.37741470336914,177.41169979613636,129.60000000000002,-47.81169979613635,0.0,False,0.0,0.0,False,False,15305.5383113567,501.2324672776881
288.64300000001094,14.4,False,True,-456.7485837748947,-447.7544504392148,-249.79333568704908,-272.8430755904019,152.4543243879702,0.0,627.751391332705,-47.32184082443058,-78.46504569058466,-47.454293593365506,-11.016751391580263,13.31696480850662,98.70155505351758,91.63034439659323,17.283239364624023,178.5083032986962,129.60000000000002,-48.90830329869616,0.0,False,0.0,0.0,False,False,15810.821723630044,513.5758708477586
288.7430000000022,14.5,False,True,-461.489471677387,-455.63915872136624,-254.5629104362652,-272.8430755904019,152.4543243879702,0.0,636.6829249765165,-47.495917225414715,-79.2291199524438,-47.93720139095681,-11.028989531459127,13.331758178375434,99.48544102422503,92.37486455482451,17.302438735961914,177.37176934700847,129.60000000000002,-47.771769347008465,0.0,False,0.0,0.0,False,False,16331.020342896265,526.0477243624364
288.8440000000119,14.6,False,True,-466.2481505893933,-463.602569736496,-259.3805309545501,-272.8430755904019,152.4543243879702,0.0,645.702423592826,-47.67766101471079,-80.03910035015076,-48.41520897474194,-10.991285458945383,13.286181783941531,100.27710823925163,93.16338843502407,17.243288040161133,176.8339767914699,129.60000000000002,-47.2339767914699,0.0,False,0.0,0.0,False,False,16866.611816417782,539.3187809508872
288.9429999999993,14.7,False,True,-471.03078654262754,-471.6393542090306,-264.2489365304408,-272.8430755904019,152.4543243879702,0.0,654.8062984098576,-47.97505804997425,-80.69658910054278,-48.9529025430716,-10.998811197654916,13.295278839324798,101.00353493868006,93.88048619047645,17.255094528198242,177.03625242043643,129.60000000000002,-47.4362524204364,0.0,False,0.0,0.0,False,False,17417.782670467055,551.2180658402925
289.04400000000896,14.8,False,True,-475.8394553779747,-479.74723172189294,-269.16666986952174,-272.8430755904019,152.4543243879702,0.0,663.9927241729331,-48.198318656969136,-81.46096115670353,-49.401764238547095,-11.010458463702951,13.309357965426848,101.80545335228533,94.65181516448958,17.273366928100586,177.4912985567883,129.60000000000002,-47.89129855678827,0.0,False,0.0,0.0,False,False,17984.896886073308,564.8566474295934
289.14300000001094,14.9,False,True,-480.67001329390996,-487.9339349398081,-274.1292284929955,-272.8430755904019,152.4543243879702,0.0,673.2675238863669,-48.412839661736356,-82.27310320160089,-49.8494082309278,-10.98002846141524,13.272574411438516,102.61672312490661,95.46028784020224,17.225627899169922,177.50286382044058,129.60000000000002,-47.90286382044054,0.0,False,0.0,0.0,False,False,18568.767055994274,579.2938359499774
289.24400000000605,15.0,False,True,-485.52568245240633,-496.20060392603034,-279.1411942097631,-272.8430755904019,152.4543243879702,0.0,682.6324833229511,-48.700543508190655,-83.06027652284293,-50.38990610442544,-10.99392737012726,13.289375305968646,103.4651840384797,96.28474684000733,17.247432708740234,177.3620739564412,129.60000000000002,-47.76207395644115,0.0,False,0.0,0.0,False,False,19169.795435230488,593.3486566381858
289.3440000000119,15.1,False,True,-490.405225231496,-504.5415327629074,-284.207907821144,-272.8430755904019,152.4543243879702,0.0,692.0815307966758,-48.890312073602246,-83.75830021469936,-50.944366123191806,-10.961156972521962,13.24976270002348,104.15942145167968,96.98306795265823,17.196022033691406,177.41446742987563,129.60000000000002,-47.814467429875634,0.0,False,0.0,0.0,False,False,19787.96494456292,606.1689649712938
289.4429999999993,15.2,False,True,-495.3050148541836,-512.9495831974077,-289.3259308992351,-272.8430755904019,152.4543243879702,0.0,701.6064955877281,-49.105480380149544,-84.40270847530608,-51.41609543863106,-10.969718564120111,13.260111886454654,104.84446962192366,97.64817152068315,17.209453582763672,178.24932819309467,129.60000000000002,-48.64932819309465,0.0,False,0.0,0.0,False,False,20423.387750992886,619.2713249362889
289.5420000000013,15.3,False,True,-500.22516325923954,-521.427025245406,-294.496742060404,-272.8430755904019,152.4543243879702,0.0,711.2093131957283,-49.29748772096942,-85.14613248465777,-52.00012778474603,-10.963083999315922,13.252092075271053,105.60178552108341,98.38753057524121,17.199045181274414,179.6628250268938,129.60000000000002,-50.06282502689379,0.0,False,0.0,0.0,False,False,21076.534784484804,632.8996754659943
289.64400000000023,15.4,False,True,-505.1683268517243,-529.9783719460064,-299.7175995732351,-272.8430755904019,152.4543243879702,0.0,720.894865704631,-49.565784128726364,-85.88080152734952,-52.41702247187529,-10.962984304554341,13.25197156500588,106.38365877918243,99.15784904522435,17.198888778686523,179.6902831070136,129.60000000000002,-50.09028310701362,0.0,False,0.0,0.0,False,False,21748.200230061168,648.2560293347126
289.7430000000022,15.5,False,True,-510.1373509626968,-538.6036562199733,-304.9836328738565,-272.8430755904019,152.4543243879702,0.0,730.6638801024665,-49.814698090723546,-86.62488395198906,-52.903643540552984,-10.950075048719473,13.23636695530321,107.15749323759984,99.92684657070646,17.17863655090332,179.11602039013127,129.60000000000002,-49.516020390131224,0.0,False,0.0,0.0,False,False,22439.054887691545,663.4039595289582
289.84300000000803,15.6,False,True,-515.1280817975872,-547.3042130948232,-310.30088017872424,-272.8430755904019,152.4543243879702,0.0,740.5160599290699,-49.99991860708595,-87.38625354500766,-53.44130255680207,-10.948582058875319,13.234562240600358,107.9331063926304,100.67943766900758,17.176294326782227,179.31373172164416,129.60000000000002,-49.71373172164412,0.0,False,0.0,0.0,False,False,23149.35568887832,678.4041943761362
289.9429999999993,15.7,False,True,-520.1348379473776,-556.0825622987475,-315.67117084893795,-272.8430755904019,152.4543243879702,0.0,750.4516876690502,-50.13520438872058,-88.180730533476,-53.964510847472006,-10.939425946077016,13.22349440149028,108.71580327802411,101.43658095833226,17.161930084228516,179.73562213845946,129.60000000000002,-50.135622138459446,0.0,False,0.0,0.0,False,False,23879.53990354536,694.030296525511
290.04400000000896,15.8,False,True,-525.1600587106317,-564.9342354209258,-321.0903737006419,-272.8430755904019,152.4543243879702,0.0,760.4670970630985,-50.369210876360775,-88.85273191009027,-54.4195461866072,-10.9258723216612,13.207110883976119,109.41658223272282,102.13650362232728,17.140666961669922,179.8129095993294,129.60000000000002,-50.21290959932938,0.0,False,0.0,0.0,False,False,24630.024945147128,709.2741755241263
290.14300000001094,15.9,False,True,-530.210614051953,-573.8558369370929,-326.55527004706806,-272.8430755904019,152.4543243879702,0.0,770.5611593493388,-50.641895950065646,-89.57929841325411,-54.87838074191604,-10.980432103620663,13.273062331048733,110.23447657207373,102.90312108788588,17.226261138916016,179.7027597963973,129.60000000000002,-50.10275979639724,0.0,False,0.0,0.0,False,False,25401.35132907318,725.6839514260455
290.2430000000022,16.0,False,True,-535.2851840677407,-582.8482272854644,-332.06873479608623,-272.8430755904019,152.4543243879702,0.0,780.7340794403017,-50.84950436568687,-90.26850855417679,-55.39091423844768,-10.971148332895945,13.261840180013737,110.94510529492115,103.6053846613751,17.21169662475586,179.91196348520737,129.60000000000002,-50.311963485207336,0.0,False,0.0,0.0,False,False,26193.92794541733,741.1390009839209
290.34300000000803,16.1,False,True,-540.3771804211373,-591.9124396419433,-337.6360800981717,-272.8430755904019,152.4543243879702,0.0,790.9844351439209,-50.9904227022444,-91.01573857539903,-55.955991803262336,-10.93263576018158,13.215286476722017,111.66348050330325,104.32587347239868,17.151277542114258,179.80895460379446,129.60000000000002,-50.20895460379443,0.0,False,0.0,0.0,False,False,27007.96839503432,756.9392000379983
290.4520000000048,16.2,False,True,-545.4874243748395,-601.0547827368506,-343.25857774870025,-272.8430755904019,152.4543243879702,0.0,801.3182360611386,-51.214456371799294,-91.83112332274828,-56.49396120730796,-10.982885567387358,13.27602805928192,112.54373621412887,105.14692459685511,17.23011016845703,180.196655193672,129.60000000000002,50.59665519367198,0.0,False,0.0,0.0,False,False,27844.33222952892,774.6332793211178
290.5430000000051,16.3,False,True,-550.6223023531124,-610.2805317409881,-348.93285818917957,-272.8430755904019,152.4543243879702,0.0,811.742421938728,-51.483103193659815,-92.68385676000051,-56.99164760227911,-10.97418172838549,13.265506925277267,113.42945112974417,106.02267313342612,17.216455459594727,180.1905815847545,129.60000000000002,50.59058158475448,0.0,False,0.0,0.0,False,False,28704.173649902903,793.7979607878258
290.64300000001094,16.4,False,True,-555.7853266308783,-619.5944440141964,-354.6527341049216,-272.8430755904019,152.4543243879702,0.0,822.2624995797597,-51.77738236165582,-93.59438870416518,-57.40587071256081,-10.968692437549699,13.258871512505788,114.38080429973134,106.96170773286798,17.207843780517578,179.6076432451398,129.60000000000002,-50.00764324513976,0.0,False,0.0,0.0,False,False,29588.73888710721,815.1229647684017
290.7430000000022,16.5,False,True,-560.9686158253083,-628.9910370163767,-360.42506650802596,-272.8430755904019,152.4543243879702,0.0,832.8704459854648,-51.88840152694367,-94.3374713394421,-58.04077734952731,-11.024410867165088,13.326223524001707,115.15787825542465,107.66598679128609,17.295255661010742,179.49363364328877,129.60000000000002,-49.89363364328875,0.0,False,0.0,0.0,False,False,30497.795932067893,831.3373832587798
290.84300000000803,16.6,False,True,-566.1680475473718,-638.4626983686093,-366.255552422933,-272.8430755904019,152.4543243879702,0.0,843.5575120047765,-52.100232914323506,-95.09575570520906,-58.5689409486136,-11.031220505696929,13.334454962968051,115.9472913256933,108.43263818090732,17.305938720703125,179.94215932226328,129.60000000000002,-50.34215932226325,0.0,False,0.0,0.0,False,False,31431.037226255597,849.5672446633555
290.94200000001,16.7,False,True,-571.3948108453646,-648.0141709876791,-372.1360466973726,-272.8430755904019,152.4543243879702,0.0,854.3318738714513,-52.43503304553457,-95.93369667618705,-59.04094454017724,-11.021585371727129,13.322808086730186,116.84201933054969,109.32843568095615,17.290822982788086,180.67215542578694,129.60000000000002,51.07215542578691,0.0,False,0.0,0.0,False,False,32389.99532447407,870.5745306357362
291.0430000000051,16.8,False,True,-576.6301964735405,-657.6416227409126,-378.0757005254069,-272.8430755904019,152.4543243879702,0.0,865.1832513225786,-52.272679517984706,-96.61533838848209,-59.752132020507645,-11.023837014391113,13.325529855158264,117.42427993414206,109.8497002085615,17.294355392456055,181.66710095486994,129.60000000000002,52.06710095486992,0.0,False,0.0,0.0,False,False,33374.097644727146,884.5598617720003
291.14300000001094,16.9,False,True,-581.8725330560205,-667.3348367226248,-384.0681568171522,-272.8430755904019,152.4543243879702,0.0,876.1012922350403,-52.57405213161489,-97.24894124576385,-60.09699381439799,-11.030009579080662,13.3329912041374,118.12819839463099,110.55038458078647,17.304039001464844,180.11713361748883,129.60000000000002,50.51713361748879,0.0,False,0.0,0.0,False,False,34383.368209031534,903.920468014541
291.24400000000605,17.0,False,True,-587.1596172044906,-677.0884860899415,-390.11228549016874,-272.8430755904019,152.4543243879702,0.0,887.0942242782519,-53.1676308377865,-97.82404610057065,-60.78557964593243,-11.093713315940674,13.409995793946289,118.92529845170134,111.33885648950108,17.40397834777832,179.3357209203969,129.60000000000002,-49.735720920396886,0.0,False,0.0,0.0,False,False,35418.94045907188,920.6875194643928
291.34300000000803,17.1,False,True,-592.4844391696987,-686.9087460876844,-396.21167852938294,-272.8430755904019,152.4543243879702,0.0,898.1653329922899,-53.32880846637779,-98.58115385428975,-61.202281138351694,-11.110094867373997,13.429797688006731,119.70327081314612,112.08124601237601,17.429677963256836,180.01052654183835,129.60000000000002,50.410526541838315,0.0,False,0.0,0.0,False,False,36481.51548117538,941.3664546612206
291.4429999999993,17.2,False,True,-594.0887087081151,-596.4359386671862,-275.50826189812346,-272.8430755904019,152.4543243879702,0.0,814.8836621849904,-52.887627524119274,-79.14682465692825,-32.80624396893303,-11.080475796866455,13.393994382150973,101.54625115664855,95.19097120212885,17.383211135864258,193.3070535940391,129.60000000000002,63.707053594039074,0.0,False,0.0,0.0,False,False,30128.735344963075,614.8580253027453
291.5420000000013,17.3,False,True,-599.3808128204797,-604.3710906120342,-278.79124505567256,-272.8430755904019,152.4543243879702,0.0,824.2642796004617,-52.954454723174905,-79.55621424003053,-32.853419182049436,-11.085861745571341,13.400504875745137,101.95062877046638,95.56864286592342,17.391660690307617,193.69947648628755,129.60000000000002,64.09947648628751,0.0,False,0.0,0.0,False,False,30921.249545128492,624.1139210817902
291.64300000001094,17.4,False,True,-604.6888225684069,-612.3434073329194,-282.0824739201493,-272.8430755904019,152.4543243879702,0.0,833.6888929527655,-53.20574023536812,-79.89012017767257,-32.97115810748492,-11.112996957567802,13.433305712433201,102.37705239220783,95.98584320615429,17.43423080444336,193.55619696147136,129.60000000000002,63.95619696147131,0.0,False,0.0,0.0,False,False,31730.493566389592,632.9903923013313
291.7430000000022,17.5,False,True,-610.0232834784813,-620.3468918834978,-285.38973739190044,-272.8430755904019,152.4543243879702,0.0,843.1561020725101,-53.48347796612178,-80.17957083389852,-33.17411132753756,-11.140547969667441,13.466609165105288,102.77417355099702,96.3807345607035,17.477453231811523,193.38811640498005,129.60000000000002,63.78811640498004,0.0,False,0.0,0.0,False,False,32556.436732787894,641.2496800048069
291.84300000000803,17.6,False,True,-615.3776991133398,-628.3826092579153,-288.7164004569931,-272.8430755904019,152.4543243879702,0.0,852.6642277341707,-53.60483473104638,-80.53477665445024,-33.35914997431578,-11.16867891348993,13.500613634807715,103.16725230142073,96.74362282509881,17.52158546447754,193.3516324445085,129.60000000000002,63.75163244450849,0.0,False,0.0,0.0,False,False,33399.21326795694,649.9125436692218
291.9429999999993,17.7,False,True,-620.7468103870492,-636.455371922644,-292.06013623863464,-272.8430755904019,152.4543243879702,0.0,862.2154705283137,-53.77739074314305,-80.92047664012271,-33.51556565851495,-11.16426559660534,13.495278851117689,103.5867429729122,97.16033807477892,17.51466178894043,192.99121305273596,129.60000000000002,63.39121305273593,0.0,False,0.0,0.0,False,False,34259.303535575935,659.2963980664264
292.0430000000051,17.8,False,True,-626.1381369874509,-644.5658909349596,-295.41603920274775,-272.8430755904019,152.4543243879702,0.0,871.8134112532073,-54.04914126489288,-81.28990360618897,-33.602493623747655,-11.17876267388684,13.512802807238863,104.04529063752372,97.61843114789257,17.537405014038086,192.9088324569479,129.60000000000002,63.30883245694787,0.0,False,0.0,0.0,False,False,35137.272980265574,669.2939998505506
292.1420000000071,17.9,False,True,-631.5522660299517,-652.7138263767818,-298.78423016392367,-272.8430755904019,152.4543243879702,0.0,881.4579027450645,-54.23343958512198,-81.66880523025361,-33.76132559977126,-11.187282928632627,13.523102025999112,104.47234471369943,98.03601234735211,17.550771713256836,193.33913476375508,129.60000000000002,63.73913476375506,0.0,False,0.0,0.0,False,False,36033.408740278916,678.9225273237521
292.2430000000022,18.0,False,True,-636.9834735135515,-660.8940165406913,-302.1681351204224,-272.8430755904019,152.4543243879702,0.0,891.141825463846,-54.39071008687444,-81.93499804793572,-33.91677353020342,-11.194587393603044,13.531931607379187,104.78473015446956,98.34476726735214,17.562231063842773,193.72131374068078,129.60000000000002,64.12131374068076,0.0,False,0.0,0.0,False,False,36947.49508276361,687.2786622339457
292.34300000000803,18.1,False,True,-642.430782195169,-669.1026838865137,-305.56699389557195,-272.8430755904019,152.4543243879702,0.0,900.8612494265095,-54.55546354547556,-82.23834886851328,-34.06040197278859,-11.2357066195958,13.581636213213995,105.15736246777848,98.68862460932877,17.626739501953125,193.83570944669503,129.60000000000002,64.235709446695,0.0,False,0.0,0.0,False,False,37879.571936961715,696.2884116268335
292.4429999999993,18.2,False,True,-647.8964521435323,-677.3470971917508,-308.98031080628834,-272.8430755904019,152.4543243879702,0.0,910.6236514167804,-54.75793542179168,-82.64991723622944,-34.205936241538915,-11.239980120656224,13.5868019886053,105.61874152228525,99.1435338830157,17.63344383239746,193.4651017107432,129.60000000000002,63.865101710743176,0.0,False,0.0,0.0,False,False,38830.4320893196,706.846051049246
292.5420000000013,18.3,False,True,-653.3754039871739,-685.6310854145647,-312.4096595217779,-272.8430755904019,152.4543243879702,0.0,920.4303379827023,-54.82110145103902,-83.02984722004963,-34.381038068252174,-11.209458934135359,13.549908211813454,105.96992272480284,99.49526970509652,17.585561752319336,192.80103798132663,129.60000000000002,63.2010379813266,0.0,False,0.0,0.0,False,False,39800.474243759345,716.5187960360603
292.64300000001094,18.4,False,True,-658.8645987853102,-693.9479641300461,-315.8530411166886,-272.8430755904019,152.4543243879702,0.0,930.273857731288,-54.96279451168915,-83.30772708957991,-34.48659382996199,-11.178390642215579,13.512353098200531,106.26006752196898,99.80524121190275,17.536821365356445,192.7851218104234,129.60000000000002,63.185121810423354,0.0,False,0.0,0.0,False,False,40789.548109777934,725.7057384708553
292.7430000000022,18.5,False,True,-664.3650945833081,-702.2976345673532,-319.31119799677384,-272.8430755904019,152.4543243879702,0.0,940.1544568283683,-55.047121448267134,-83.68568165656225,-34.676543771743326,-11.173295267267006,13.506193847940228,106.63570362614635,100.16725459981296,17.528827667236328,193.1038753289843,129.60000000000002,63.50387532898426,0.0,False,0.0,0.0,False,False,41797.92517037642,735.5882733924942
292.84300000000803,18.6,False,True,-669.8739616042913,-710.6853134302562,-322.78564345873286,-272.8430755904019,152.4543243879702,0.0,950.075554270266,-55.13021897139608,-84.06789560149873,-34.812365467437026,-11.134631936620496,13.459457909613368,106.99157145035278,100.53234362481842,17.468172073364258,193.64523703399686,129.60000000000002,64.04523703399683,0.0,False,0.0,0.0,False,False,42826.14839766837,745.9719063868436
292.9429999999993,18.7,False,True,-675.3911782924517,-719.1101611886342,-326.27058157791913,-272.8430755904019,152.4543243879702,0.0,960.0362636418641,-55.21411479181328,-84.42905956605996,-34.8863969162879,-11.11891785377385,13.440462846474642,107.34444471076318,100.88044692334009,17.443519592285156,193.95630404200395,129.60000000000002,64.35630404200391,0.0,False,0.0,0.0,False,False,43874.64280841934,756.5819279961662
293.0430000000051,18.8,False,True,-680.9185912449261,-727.5744070355696,-329.7623270427092,-272.8430755904019,152.4543243879702,0.0,970.0392747758362,-55.33414425767476,-84.8558573726503,-34.94851237951298,-11.029017494623961,13.33179198003518,107.72074425520796,101.30342566358125,17.30248260498047,192.9455346079563,129.60000000000002,63.34553460795626,0.0,False,0.0,0.0,False,False,44944.02798812644,768.3546502124834
293.14300000001094,18.9,False,True,-686.4610664445573,-736.0790663075269,-333.2583140080251,-272.8430755904019,152.4543243879702,0.0,980.087459739724,-55.515359734950636,-85.23732806649475,-34.97122692680443,-10.972479622699973,13.263449432945025,108.1039839075715,101.72196057104009,17.21378517150879,191.92511379712786,129.60000000000002,62.32511379712785,0.0,False,0.0,0.0,False,False,46034.906200662495,780.2060153633806
293.2430000000022,19.0,False,True,-692.0133121209859,-744.6253530381672,-336.76372088529916,-272.8430755904019,152.4543243879702,0.0,990.1795972671263,-55.52955379361946,-85.68840654631157,-35.13691061867775,-10.979520261289135,13.271960103013603,108.52584786630614,102.10795444510897,17.224830627441406,191.73513782744698,129.60000000000002,62.13513782744696,0.0,False,0.0,0.0,False,False,47147.44093148165,791.6642071234505
293.3420000000042,19.1,False,True,-697.575974720425,-753.2103784826953,-340.283281862676,-272.8430755904019,152.4543243879702,0.0,1000.3132457531517,-55.723698195163685,-86.01210234425207,-35.25430892885821,-10.966277879055816,13.255952812668767,108.8915673869663,102.48518083227341,17.204055786132812,192.6987210713274,129.60000000000002,63.098721071327375,0.0,False,0.0,0.0,False,False,48281.63041300053,802.5918430718016
293.4429999999993,19.2,False,True,-703.1516162068755,-761.8356612162328,-343.8147006833315,-272.8430755904019,152.4543243879702,0.0,1010.4907807118345,-55.78913153384582,-86.49355232649528,-35.374067484251775,-10.924505773953687,13.205459011560805,109.3285301573245,102.92502995557945,17.13852310180664,193.32411640534488,129.60000000000002,63.724116405344844,0.0,False,0.0,0.0,False,False,49438.07272100742,815.2954571231011
293.5430000000051,19.3,False,True,-708.738257511841,-770.5014311426876,-347.36397306388903,-272.8430755904019,152.4543243879702,0.0,1020.7114853324086,-55.94369456546357,-86.82184620259916,-35.61138012689936,-10.837729994526494,13.100565113188386,109.63136559870108,103.28470331884417,17.00238800048828,192.81243492128146,129.60000000000002,63.21243492128142,0.0,False,0.0,0.0,False,False,50616.914438718035,825.7809727773401
293.64300000001094,19.4,False,True,-714.3447455113416,-779.1921865095284,-350.93352169619203,-272.8430755904019,152.4543243879702,0.0,1030.9650555719438,-56.18606542454737,-86.99326113421546,-35.77959251916123,-10.7916223830854,13.04483058518273,109.85570196354516,103.56013436963723,16.9300537109375,192.49849965825837,129.60000000000002,62.89849965825833,0.0,False,0.0,0.0,False,False,51817.400751927235,834.8996836772377
293.7430000000022,19.5,False,True,-719.9711351003014,-787.9071299184583,-354.52523804418865,-272.8430755904019,152.4543243879702,0.0,1041.2507701540437,-56.34172635464986,-87.30560704438223,-36.05473444077117,-10.727477314536928,12.967292517004838,110.16040169653277,103.90697353888395,16.829421997070312,192.86864675511012,129.60000000000002,63.26864675511009,0.0,False,0.0,0.0,False,False,53039.693068570625,845.1634072867597
293.8420000000042,19.6,False,True,-725.608538129494,-796.653059358898,-358.1437591290251,-272.8430755904019,152.4543243879702,0.0,1051.570915321959,-56.4063342292035,-87.61298176441336,-36.31568725595758,-10.673030601026575,12.901477746208581,110.42957770207889,104.20033164452042,16.74400520324707,192.27018447708616,129.60000000000002,62.67018447708614,0.0,False,0.0,0.0,False,False,54284.29680996623,855.2681297404188
293.9429999999993,19.7,False,True,-731.2567628618378,-805.434394047886,-361.7747558260634,-272.8430755904019,152.4543243879702,0.0,1061.929331728096,-56.55816041767148,-88.01371201534927,-36.30424668480914,-10.668016683992954,12.89541696165275,110.85376675059311,104.61949633099893,16.73613929748535,193.59483794234217,129.60000000000002,63.99483794234212,0.0,False,0.0,0.0,False,False,55552.377404720355,868.8408775423467
294.0430000000051,19.8,False,True,-736.924216764741,-814.2483521918521,-365.401170082815,-272.8430755904019,152.4543243879702,0.0,1072.3270818646097,-56.790917640391356,-88.26545086397198,-36.224038450221265,-10.65415303318442,12.878658686606645,111.16983379136748,104.95712525911695,16.71438980102539,195.79897069142058,129.60000000000002,66.19897069142056,0.0,False,0.0,0.0,False,False,56844.878335841924,881.3364426383099
294.14300000001094,19.9,False,True,-742.6109987856744,-823.1002299344709,-369.0353684611097,-272.8430755904019,152.4543243879702,0.0,1082.7689458616996,-56.94472277827514,-88.77210398840366,-36.45992911567383,-10.550087507361706,12.752865075050796,111.62339147892106,105.4665250153932,16.551130294799805,195.5367229830047,129.60000000000002,65.93672298300466,0.0,False,0.0,0.0,False,False,58162.259331698755,895.4103406225889
294.2430000000022,20.0,False,True,-748.3221454543734,-831.9859715901054,-372.68418973695134,-272.8430755904019,152.4543243879702,0.0,1093.253420860922,-57.278210595704806,-88.94272912428475,-36.51649640115931,-10.459184121647137,12.64298175777269,111.85561181894933,105.79037041773604,16.408519744873047,195.03988332987524,129.60000000000002,65.43988332987522,0.0,False,0.0,0.0,False,False,59504.430531193495,906.5255121467252
294.34300000000803,20.1,False,True,-754.0580698806976,-840.8982811803359,-376.3507218612366,-272.8430755904019,152.4543243879702,0.0,1103.7741026673673,-57.44027793077889,-89.30346268032443,-36.81414608454645,-10.41915424329311,12.594593947030516,112.22388345296858,106.18142010474912,16.345720291137695,195.12397091928378,129.60000000000002,65.52397091928376,0.0,False,0.0,0.0,False,False,60871.029364498936,918.4703560671069
294.4429999999993,20.2,False,True,-759.8191245841235,-849.8414315904396,-380.0408398422164,-272.8430755904019,152.4543243879702,0.0,1114.3349831831842,-57.780816137739414,-89.55954552175051,-36.98821353505044,-10.41448439476592,12.588949069853275,112.59611152307315,106.58111890764587,16.338394165039062,195.23862707591317,129.60000000000002,65.63862707591315,0.0,False,0.0,0.0,False,False,62262.620146657064,930.54422309584
294.5430000000051,20.3,False,True,-765.6094295266539,-858.81042265031,-383.7441831775169,-272.8430755904019,152.4543243879702,0.0,1124.9333616592694,-58.02528271286943,-89.82027567565689,-37.07865317095905,-10.380190612572084,12.547495008270754,112.91242303680765,106.93276091245107,16.28459358215332,194.4987671457504,129.60000000000002,64.89876714575038,0.0,False,0.0,0.0,False,False,63679.59846425823,943.0242078759194
294.64300000001094,20.4,False,True,-771.4208943607229,-867.8070305672712,-387.4575853882055,-272.8430755904019,152.4543243879702,0.0,1135.5672916145816,-58.20401396850947,-90.11188266356871,-37.1893910428118,-10.279314103330163,12.425556255563095,113.1843771783995,107.27468778430082,16.1263370513916,193.96257752856874,129.60000000000002,64.3625775285687,0.0,False,0.0,0.0,False,False,65122.381239376555,955.666891431505
294.7420000000129,20.5,False,True,-777.2480411827312,-876.8346404452648,-391.18648790695704,-272.8430755904019,152.4543243879702,0.0,1146.2373848560653,-58.33892247165807,-90.44031489630343,-37.38865933221951,-10.233572444611454,12.370264088408872,113.50832503563976,107.62379120666887,16.054576873779297,193.55834260576648,129.60000000000002,63.95834260576646,0.0,False,0.0,0.0,False,False,66591.29928798132,968.280491420064
294.84300000000803,20.6,False,True,-783.0998829040526,-885.8915073121386,-394.93521415724837,-272.8430755904019,152.4543243879702,0.0,1156.9460124046025,-58.697911954769324,-90.69702244117374,-37.58586567360637,-10.208761822665497,12.340273198391696,113.87660854297039,108.03422951798484,16.015653610229492,194.37850255878158,129.60000000000002,64.77850255878154,0.0,False,0.0,0.0,False,False,68086.69566685217,981.0531737738506
294.9429999999993,20.7,False,True,-788.9781547857117,-894.9780313799682,-398.69994307368984,-272.8430755904019,152.4543243879702,0.0,1167.6942921353696,-58.86752567841132,-91.03345891541746,-37.708712655223415,-10.153390501030977,12.273340768367817,114.21629405205643,108.40883830022076,15.928786277770996,195.06584620156835,129.60000000000002,65.46584620156833,0.0,False,0.0,0.0,False,False,69609.20328951313,994.8633392565548
295.0430000000051,20.8,False,True,-794.8759194045869,-904.0984659457699,-402.4752920316829,-272.8430755904019,152.4543243879702,0.0,1178.4829607519735,-59.08776669909242,-91.37523240061645,-37.7982665046383,-10.150337652905025,12.269650508906205,114.61733601414443,108.8154275355891,15.923996925354004,195.98373643778132,129.60000000000002,66.3837364377813,0.0,False,0.0,0.0,False,False,71159.67258998334,1009.5400847907547
295.14300000001094,20.9,False,True,-800.7956029078292,-913.2483978245842,-406.2683097568126,-272.8430755904019,152.4543243879702,0.0,1189.3091117249996,-59.30590336575485,-91.62340517566975,-38.06208799795582,-10.131539111398268,12.24692697573398,114.92242601452111,109.14228580166899,15.894505500793455,195.48101596510045,129.60000000000002,65.88101596510043,0.0,False,0.0,0.0,False,False,72737.87573105072,1021.5273150026734
295.2430000000022,21.0,False,True,-806.7309816503416,-922.4217549544503,-410.08013660223577,-272.8430755904019,152.4543243879702,0.0,1200.164522963248,-59.40167148449172,-91.84373742165064,-38.174448910507785,-10.088489819137113,12.194889320558147,115.13394695034522,109.37929730405378,15.826969146728514,194.18617777619676,129.60000000000002,64.5861777761967,0.0,False,0.0,0.0,False,False,74343.30319886036,1033.7220473184161
295.34300000000803,21.1,False,True,-812.6818170393926,-931.6243869813687,-413.906121397252,-272.8430755904019,152.4543243879702,0.0,1211.0543006873954,-59.61503629652799,-92.20890311671809,-38.345246989815855,-10.015140006199323,12.10622462777497,115.5066906649189,109.80179582604582,15.711896896362303,194.42004130206735,129.60000000000002,64.82004130206732,0.0,False,0.0,0.0,False,False,75977.18691916106,1048.8079458304182
295.44200000001,21.2,False,True,-818.652470760189,-940.8554615355094,-417.7481743097074,-272.8430755904019,152.4543243879702,0.0,1221.9796167905804,-59.798038119397845,-92.41258796609624,-38.49581125929247,-10.001270884336801,12.089459739360656,115.76007948207551,110.07221164999108,15.690138816833496,195.05537720705382,129.60000000000002,65.4553772070538,0.0,False,0.0,0.0,False,False,77639.9039725412,1061.197489837335
295.5430000000051,21.3,False,True,-824.6445523451049,-950.1102312878528,-421.6067859209623,-272.8430755904019,152.4543243879702,0.0,1232.936928306268,-60.04359357892031,-92.68280708077049,-38.67642096580541,-9.993450316606738,12.080006296912696,116.1045387027802,110.43249457583525,15.677869796752928,194.550560440187,129.60000000000002,64.95056044018696,0.0,False,0.0,0.0,False,False,79331.3533475741,1075.0811595482364
295.64300000001094,21.4,False,True,-830.6573814907837,-959.3977480883447,-425.48468338659086,-272.8430755904019,152.4543243879702,0.0,1243.9340138998537,-60.212989334656974,-93.06752892906619,-38.88152834676632,-9.988389591666765,12.073888931317729,116.52136357353285,110.8475034702094,15.669930458068846,194.73693063089397,129.60000000000002,65.13693063089393,0.0,False,0.0,0.0,False,False,81052.85722279284,1090.5682883198615
295.7430000000022,21.5,False,True,-836.6863841324572,-968.7128131892898,-429.3823514716462,-272.8430755904019,152.4543243879702,0.0,1254.9641536597123,-60.36706349881359,-93.23377308983821,-39.071833354340114,-9.965178341170308,12.04583134927417,116.72251341665083,111.0707828370595,15.633516311645508,194.44913681786548,129.60000000000002,64.84913681786544,0.0,False,0.0,0.0,False,False,82804.04998733202,1102.3718975263396
295.84300000000803,21.6,False,True,-842.7373092703475,-978.0525486002059,-433.30210301124737,-272.8430755904019,152.4543243879702,0.0,1266.0273407218174,-60.65143925899419,-93.56093512848469,-39.32319743768302,-9.92939096123743,12.002571838170107,117.11695089362148,111.49998056638387,15.577372550964354,194.30171564254368,129.60000000000002,64.70171564254366,0.0,False,0.0,0.0,False,False,84585.12808467004,1117.5336522174516
295.9429999999993,21.7,False,True,-848.8191799357934,-987.4198191730696,-437.2408587902882,-272.8430755904019,152.4543243879702,0.0,1277.1301953739514,-60.98597404992358,-93.7844763287892,-39.451918143134115,-9.91186717531015,11.981389219790993,117.45204429161622,111.86964302742355,15.54988098144531,195.42976834416342,129.60000000000002,65.8297683441634,0.0,False,0.0,0.0,False,False,86397.38871299075,1132.4206296344769
296.0430000000051,21.8,False,True,-854.9257509188834,-996.8144015314896,-441.19130802100824,-272.8430755904019,152.4543243879702,0.0,1288.269709841111,-61.14544561187731,-94.10717083961096,-39.55706647126575,-9.898128750848478,11.964782317395047,117.80299967316947,112.22711402558105,15.528327941894531,196.55140728279937,129.60000000000002,66.95140728279935,0.0,False,0.0,0.0,False,False,88241.4176720348,1148.587715665075
296.14400000000023,21.9,False,True,-861.0494740923112,-1006.2399575835323,-445.151906435406,-272.8430755904019,152.4543243879702,0.0,1299.4457304220298,-61.32901785668073,-94.40395020124197,-39.65490181668891,-9.85912864643419,11.917639289513877,118.12463708793291,112.57599319954338,15.46714401245117,197.14713803426145,129.60000000000002,67.54713803426142,0.0,False,0.0,0.0,False,False,90117.92433473896,1164.649838509762
296.2430000000022,22.0,False,True,-917.4564720659703,-972.5488909631891,-427.26947897830934,-272.8430755904019,152.4543243879702,0.0,1296.5950275495486,-69.93929499967072,-82.40562473963425,-35.03093127333647,-9.779259768720872,11.821094401098218,111.79402684855576,108.08418928677952,15.34184455871582,196.46125141207304,129.60000000000002,66.86125141207302,0.0,False,0.0,0.0,False,False,77711.02707361331,782.5535857822722
296.34300000000803,22.1,False,True,-924.4630011465213,-980.7872145352296,-430.7860195716381,-272.8430755904019,152.4543243879702,0.0,1307.227949870559,-70.19128661134876,-82.36084670117393,-35.299880593239166,-9.758775534690566,11.796333215698384,111.88236199208826,108.21333460110532,15.309708595275879,194.93713261357456,129.60000000000002,65.33713261357454,0.0,False,0.0,0.0,False,False,79172.97010052702,785.8112894240103
296.44200000001,22.2,False,True,-931.5036527805714,-989.0134368851451,-434.3386040081623,-272.8430755904019,152.4543243879702,0.0,1317.8704056053255,-70.62174606965303,-82.16360029713474,-35.75180813724435,-9.752247351491722,11.788441997785549,111.94678256022695,108.34338111630942,15.299467086791992,194.1174811089106,129.60000000000002,64.51748110891056,0.0,False,0.0,0.0,False,False,80651.98484577127,787.851543431043
296.5430000000051,22.3,False,True,-938.578063403115,-997.2315382067615,-437.9292238498194,-272.8430755904019,152.4543243879702,0.0,1328.5257455722058,-70.86646638121884,-82.19842613519302,-36.06058869589716,-9.752521512086068,11.788773401014778,112.1093570319906,108.52943064654491,15.299897193908691,194.98089143565304,129.60000000000002,65.38089143565301,0.0,False,0.0,0.0,False,False,82148.46129065126,791.9696961260333
296.64300000001094,22.4,False,True,-792.5945098997205,-1055.7541257428825,-441.68320983931403,-272.8430755904019,152.4543243879702,0.0,1315.2601310897367,-51.63293204706039,-88.29376947315465,-35.52051281888374,-9.756287420915273,11.793325602799861,108.49460800375108,102.28269354859079,15.305805206298826,215.6365195861305,129.60000000000002,86.03651958613047,0.0,False,0.0,0.0,False,False,73850.95649498056,626.7489381190405
296.7430000000022,22.5,False,True,-797.7749079422142,-1064.5822836554703,-445.2370008209747,-272.8430755904019,152.4543243879702,0.0,1325.4174942010213,-51.97502880281314,-88.2693887785991,-35.55530681432915,-9.742742307027887,11.776952372747362,108.59482676644264,102.43480177361955,15.284555435180664,215.11443253843728,129.60000000000002,85.51443253843726,0.0,False,0.0,0.0,False,False,75124.39731104451,629.4481584665584
296.84300000000803,22.6,False,True,-802.9857225076305,-1073.401937921693,-448.79654551779663,-272.8430755904019,152.4543243879702,0.0,1335.5803240255611,-52.24126250551446,-88.12369654585497,-35.63558712210955,-9.793266882722898,11.838026093355182,108.60100517670595,102.44479196658072,15.363819122314453,216.1594798358088,129.60000000000002,86.55947983580876,0.0,False,0.0,0.0,False,False,76411.58175345855,631.4409258618539
296.9429999999993,22.7,False,True,-808.2251172295339,-1082.2125389650068,-452.3645333898256,-272.8430755904019,152.4543243879702,0.0,1345.7474480642957,-52.54663193255363,-88.0883243204208,-35.72417031847015,-9.78735692862483,11.830882186050165,108.68396122586073,102.57047045341511,15.35454750061035,216.1694986366266,129.60000000000002,86.56949863662658,0.0,False,0.0,0.0,False,False,77712.48309307123,633.9666804407582
297.0430000000051,22.8,False,True,-813.4955586778829,-1091.0152199125387,-455.9413129618826,-272.8430755904019,152.4543243879702,0.0,1355.920947205837,-52.862197034423936,-87.96529463021905,-35.811421122669756,-9.758295297729296,11.795752708933216,108.67480347868685,102.62701854135442,15.308955192565918,216.0676055141626,129.60000000000002,86.46760551416257,0.0,False,0.0,0.0,False,False,79027.21404270532,636.154151126854
297.14300000001094,22.9,False,True,-818.7915369166616,-1099.8097980028342,-459.53210465661203,-272.8430755904019,152.4543243879702,0.0,1366.0985157197567,-53.057367741151026,-87.92626717569328,-36.004412771918844,-9.797001181017944,11.842540084568382,108.74407669869804,102.69426824838439,15.369677543640135,215.77125639397784,129.60000000000002,86.17125639397781,0.0,False,0.0,0.0,False,False,80355.70970456552,638.3793773474645
297.2430000000022,23.0,False,True,-824.111363621932,-1108.5991605292763,-463.14446771605446,-272.8430755904019,152.4543243879702,0.0,1376.2821720894108,-53.3391663642575,-87.86098335314931,-36.24284841693041,-9.804655793443668,11.851792921513947,108.80207425890993,102.78433277604286,15.381686210632324,214.95476468808357,129.60000000000002,85.35476468808353,0.0,False,0.0,0.0,False,False,81698.03409981879,640.592508925135
297.34300000000803,23.1,False,True,-829.456792080993,-1117.3795470641371,-466.7810172200306,-272.8430755904019,152.4543243879702,0.0,1386.4692172827044,-53.569402816960775,-87.74674734407068,-36.48814166259202,-9.809228986683719,11.857320962519465,108.79302935795079,102.8064812530318,15.388860702514648,214.35108893582765,129.60000000000002,84.75108893582761,0.0,False,0.0,0.0,False,False,83054.08315104365,642.5057615664792
297.4429999999993,23.2,False,True,-834.8303667548183,-1126.151547859096,-470.435150501674,-272.8430755904019,152.4543243879702,0.0,1396.661266010839,-53.902090659546396,-87.69326855510825,-36.59452397027528,-9.793475998564261,11.838278870984572,108.86734505968064,102.93466241916906,15.364147186279297,213.95803494218833,129.60000000000002,84.35803494218828,0.0,False,0.0,0.0,False,False,84424.02160385484,645.0734207194029
297.5430000000051,23.3,False,True,-840.225810601648,-1134.9168077330255,-474.10029640361864,-364.7125594623092,264.84805647126643,0.0,1478.3282879894991,-54.00678627704696,-87.61192892348285,-36.70839406861846,-9.893117091489609,11.844632623533107,108.80084302875673,102.9202752312101,15.432727813720703,214.19966761551203,129.87,84.32966761551201,0.0,False,0.0,0.0,False,False,85807.92619947181,647.0372092837014
297.64300000001094,23.4,False,True,-845.6345084235078,-1143.6729993625208,-477.77533911339873,-364.7125594623092,264.84805647126643,0.0,1488.3606705767806,-54.16717016014863,-87.51190366641957,-36.792460126983364,-9.919822120487211,11.876605484538613,108.79293892433013,102.91946174790847,15.474386215209961,214.36640235398292,129.87,84.4964023539829,0.0,False,0.0,0.0,False,False,87205.6180729421,649.0573880042032
297.7430000000022,23.5,False,True,-851.0638802547496,-1152.4160507651536,-481.45530457950247,-364.7125594623092,264.84805647126643,0.0,1498.390855850768,-54.42026646468738,-87.34912438623564,-36.80684919509149,-9.904595204200335,11.858374907892301,108.7371735147008,102.91469736208548,15.450633049011229,214.76370632148158,129.87,84.89370632148157,0.0,False,0.0,0.0,False,False,88617.09672697826,651.074844885738
297.84300000000803,23.6,False,True,-856.5156103798628,-1161.1446503036004,-485.13394311900277,-364.7125594623092,264.84805647126643,0.0,1508.4181915725244,-54.61433603757454,-87.22286638270106,-36.76592159491466,-9.911080414300756,11.866139390048485,108.7060813770405,102.91041794123487,15.460749626159666,214.23726334030275,129.87,84.36726334030273,0.0,False,0.0,0.0,False,False,90042.40232925641,653.1850006741117
297.9429999999993,23.7,False,True,-861.9897243078954,-1169.8575238580238,-488.81380556282704,-364.7125594623092,264.84805647126643,0.0,1518.4415302884959,-54.86794252307769,-87.03460470576347,-36.831327281570566,-9.95551400737284,11.919337950341998,108.66926429476786,102.88592485371485,15.530063629150389,213.764731087451,129.87,83.89473108745098,0.0,False,0.0,0.0,False,False,91481.49177806305,655.0541044036478
298.0430000000051,23.8,False,True,-867.4873585568723,-1178.5527500681433,-492.50505706244445,-364.7125594623092,264.84805647126643,0.0,1528.4594816098975,-55.08474245646171,-86.86991949662324,-36.99370271077796,-9.987680233752327,11.957849284113452,108.63090215632786,102.86258680805435,15.580241203308104,215.14521381845475,129.87,85.27521381845474,0.0,False,0.0,0.0,False,False,92934.28880581257,656.9247836959271
298.14400000000023,23.9,False,True,-867.1022029430985,-1192.888860547144,-501.5992038042661,-364.7125594623092,264.84805647126643,0.0,1541.879461279349,-53.35381452103425,-86.95933043452223,-37.36445485393012,-9.978714773144988,11.947115297422236,107.99946428323346,102.02232438817178,15.566255569458008,219.2220297989483,129.87,89.35202979894828,0.0,False,0.0,0.0,False,False,93923.55569305249,649.674321380181
298.2430000000022,24.0,False,True,-872.4428881304401,-1201.5789334518176,-505.34499182216854,-364.7125594623092,264.84805647126643,0.0,1551.8370415170289,-53.459889225798406,-86.84212765894807,-37.55130550411846,-10.00744459624634,11.981512363263835,107.95474408993802,101.97801180827008,15.611072540283201,218.78021778636455,129.87,88.91021778636453,0.0,False,0.0,0.0,False,False,95391.38759810112,651.3346903369402
298.34300000000803,24.1,False,True,-877.8032915676663,-1210.2521794368208,-509.10526344221506,-364.7125594623092,264.84805647126643,0.0,1561.788335642351,-53.7481795187253,-86.62279204111901,-37.65412689681223,-9.982694667352542,11.951880265261297,107.85352884623664,101.94299830089399,15.57246398925781,219.44223035743403,129.87,89.57223035743401,0.0,False,0.0,0.0,False,False,96872.80426034975,653.0593339645336
298.44200000001,24.2,False,True,-883.1865015249631,-1218.9056862240457,-512.8726507685212,-364.7125594623092,264.84805647126643,0.0,1571.7316557098209,-53.916019627212265,-86.44734370337949,-37.693619629311165,-10.027188784161421,12.005151288199366,107.79203701033204,101.88267961637132,15.641872406005858,219.85140474518863,129.87,89.98140474518863,0.0,False,0.0,0.0,False,False,98367.81464904701,654.7774461398835
298.5420000000013,24.3,False,True,-888.5873800276767,-1227.5366516274876,-516.6475412926975,-364.7125594623092,264.84805647126643,0.0,1581.66271517963,-54.101550427059024,-86.17196436545746,-37.804190854214404,-10.12218476284487,12.118886166480182,107.68136283739338,101.7476545243834,15.790060997009277,220.03305293179525,129.87,90.16305293179525,0.0,False,0.0,0.0,False,False,99876.24940979821,656.0793528655131
298.64300000001094,24.4,False,True,-894.0085542912212,-1236.1462744134794,-520.4372630630331,-364.7125594623092,264.84805647126643,0.0,1591.583560951191,-54.32193484383242,-86.02049135437896,-37.99024455249855,-10.058028379138392,12.0420742993578,107.58977738664865,101.73690352092676,15.68998050689697,219.60123145571617,129.87,89.73123145571616,0.0,False,0.0,0.0,False,False,101398.15334684425,657.8642505614929
298.7430000000022,24.5,False,True,-899.4527358764593,-1244.73902466489,-524.2511480866501,-364.7125594623092,264.84805647126643,0.0,1601.4993636603847,-54.561696860928826,-85.83451367382897,-38.2874559198404,-10.049422392846573,12.0317706968585,107.51349773329,101.70812407062978,15.67655563354492,218.18263888184345,129.87,88.31263888184341,0.0,False,0.0,0.0,False,False,102933.70005764558,659.4528953814685
298.84300000000803,24.6,False,True,-904.9162135166707,-1253.3092002240232,-528.0910961610598,-364.7125594623092,264.84805647126643,0.0,1611.4035633292647,-54.707855943300345,-85.56899750883939,-38.51150556835319,-10.09753815224924,12.089377767335524,107.36497899688138,101.562802425793,15.751613616943358,219.28127580159267,129.87,89.41127580159267,0.0,False,0.0,0.0,False,False,104482.59987111975,660.6211240742978
298.9429999999993,24.7,False,True,-910.4069076960549,-1261.8522478457128,-531.9563566861707,-364.7125594623092,264.84805647126643,0.0,1621.2945879437857,-55.10602764438376,-85.29195492495195,-38.79370493386414,-10.126886051086974,12.12451483048669,107.29907622194207,101.54502379567215,15.79739475250244,219.3386484758002,129.87,89.46864847580017,0.0,False,0.0,0.0,False,False,106044.8228029902,662.3064205930724
299.0430000000051,24.8,False,True,-915.9273327512982,-1270.367449184939,-535.837221366811,-364.7125594623092,264.84805647126643,0.0,1631.1726993483157,-55.30247346048258,-85.01207185957256,-38.823588678941334,-10.093471446217189,12.084508863178007,107.10555471671611,101.41703965658093,15.745269775390623,218.75808359999266,129.87,88.88808359999265,0.0,False,0.0,0.0,False,False,107620.44531960736,663.7120770843358
299.14300000001094,24.9,False,True,-921.4694065240348,-1278.8560410672974,-539.7213389372178,-364.7125594623092,264.84805647126643,0.0,1641.0364187023595,-55.539001994249745,-84.7597657875911,-38.85876272919318,-10.14236178718068,12.143043309116182,107.00938908770097,101.33508098819765,15.82153606414795,218.74055192953986,129.87,88.87055192953984,0.0,False,0.0,0.0,False,False,109209.48512374354,665.3710509279074
299.24400000000605,25.0,False,True,-927.031442772523,-1287.3221566438995,-543.6085486771632,-364.7125594623092,264.84805647126643,0.0,1650.8891231724879,-55.70172297551364,-84.56254574445065,-38.88543206971607,-10.165936088338515,12.17126787514414,106.91556755133804,101.25959749684557,15.858310699462889,220.02494093269064,129.87,90.15494093269062,0.0,False,0.0,0.0,False,False,110812.16975631678,667.1556212863306
299.34300000000803,25.1,False,True,-932.6077307792629,-1295.7648991400788,-547.4985241768017,-364.7125594623092,264.84805647126643,0.0,1660.7280701027157,-55.82403715928307,-84.29230417913789,-38.9140779230535,-10.215055074529907,12.230076068850643,106.75555786723528,101.10151170278971,15.93493366241455,220.69826489820952,129.87,90.82826489820951,0.0,False,0.0,0.0,False,False,112428.39729665585,668.5401165172904
299.4429999999993,25.2,False,True,-903.4837789662215,-1308.0441390528686,-540.0577339285954,-364.7125594623092,264.84805647126643,0.0,1662.607676424738,-51.57914862159904,-86.10592322002694,-37.79742712420447,-10.226878600485989,12.244231902645947,106.69003350150784,100.37249915241811,15.953377723693846,229.90052749611402,129.87,100.03052749611402,0.0,False,0.0,0.0,False,False,113378.18246524569,663.0050255238693
299.5430000000051,25.3,False,True,-908.6446721202128,-1316.6452642810254,-543.8483569994327,-364.7125594623092,264.84805647126643,0.0,1672.4183886709095,-51.638714458227426,-85.91658134311062,-38.01503429253949,-10.255321700026153,12.27828568585828,106.55898416847089,100.24078900620091,15.997747421264647,229.33643144633555,129.87,99.46643144633553,0.0,False,0.0,0.0,False,False,115008.41086777928,664.2324303312496
299.64300000001094,25.4,False,True,-913.8127464463387,-1325.2245722299922,-547.6576368771335,-364.7125594623092,264.84805647126643,0.0,1682.2134168680343,-51.72277206428975,-85.6695776362242,-38.17056326147935,-10.253147124957602,12.275682154275556,106.3626048385304,100.07258207113235,15.99435520172119,228.05329667719604,129.87,98.18329667719603,0.0,False,0.0,0.0,False,False,116651.82446142855,665.3660400794691
299.7430000000022,25.5,False,True,-918.9989279384955,-1333.7806699421044,-551.4820849964269,-364.7125594623092,264.84805647126643,0.0,1691.9950304869558,-52.00085777884892,-85.45237660601792,-38.31839912438658,-10.224090229137195,12.240893497374985,106.25099213841312,100.03098458654094,15.949028015136717,227.02393461875295,129.87,97.15393461875294,0.0,False,0.0,0.0,False,False,118308.5801948942,667.0884818057461
299.8420000000042,25.6,False,True,-924.2022607129554,-1342.3157156932295,-555.3218595746755,-364.7125594623092,264.84805647126643,0.0,1701.7650003345202,-52.06579771034991,-85.24853841648485,-38.47709244058365,-10.264988380089111,12.289859214502094,106.11807891723888,99.89074328165735,16.012826919555664,227.29712561451424,129.87,97.42712561451424,0.0,False,0.0,0.0,False,False,119978.78619655245,668.3628769015595
299.945000000007,25.7,False,True,-929.4148907990295,-1350.8322295748608,-559.1754663317214,-364.7125594623092,264.84805647126643,0.0,1711.5231548930976,-52.1868040111331,-85.08173921613935,-38.595042700334304,-10.321351262818952,12.35734023523241,106.05230001349365,99.81164692028462,16.100749969482422,227.00349470264268,129.87,97.13349470264268,0.0,False,0.0,0.0,False,False,121662.47538558651,669.9915192265289
300.0430000000051,25.8,False,True,-934.6391956377701,-1359.328538265971,-563.0411566898583,-364.7125594623092,264.84805647126643,0.0,1721.2687127565307,-52.29929276367732,-84.84443460606535,-38.71876446240527,-10.343556749363774,12.383925974379931,105.89446579337304,99.66842081222984,16.13538932800293,227.14224811160614,129.87,97.2722481116061,0.0,False,0.0,0.0,False,False,123359.64237596816,671.3281872495807
300.14300000001094,25.9,False,True,-939.8790108976733,-1367.7981664994732,-566.9189159144279,-364.7125594623092,264.84805647126643,0.0,1730.9968619952408,-52.49701243438734,-84.54813006397775,-38.83642002898506,-10.36381691741882,12.408182661658959,105.7153382524152,99.52046328193772,16.166994094848633,227.5218761831532,129.87,97.6518761831532,0.0,False,0.0,0.0,False,False,125070.04093689634,672.6820903736378
300.2430000000022,26.0,False,True,-945.1314845592314,-1376.240048131106,-570.807918849909,-364.7125594623092,264.84805647126643,0.0,1740.7056889888288,-52.55246079677453,-84.28950256868048,-38.94363868063807,-10.381310111405757,12.429126561773687,105.51255456580706,99.33016349061405,16.19428253173828,227.26620691102698,129.87,97.39620691102697,0.0,False,0.0,0.0,False,False,126793.57937762335,673.8392433425994
300.34300000000803,26.1,False,True,-950.385197860173,-1384.6590780948698,-574.7083656908907,-364.7125594623092,264.84805647126643,0.0,1750.3960198630768,-52.521805222057274,-84.09109670659166,-39.06529813899489,-10.404064591037889,12.456369588343554,105.33431218664444,99.1456129594299,16.229778289794922,227.26806334923083,129.87,97.39806334923081,0.0,False,0.0,0.0,False,False,128530.28837750008,674.9856590474119
300.4429999999993,26.2,False,True,-955.6449463202898,-1393.0575728388183,-578.6217103018739,-364.7125594623092,264.84805647126643,0.0,1760.0716353420785,-52.673163980278765,-83.87879817238021,-39.20159408067054,-10.428798624808891,12.485982655752574,105.2176667121092,99.04602458724041,16.268362045288086,227.2155363905572,129.87,97.34553639055719,0.0,False,0.0,0.0,False,False,130280.40496755527,676.6174454587194
300.5420000000013,26.3,False,True,-960.9145123518343,-1401.4299625801773,-582.5449249689838,-364.7125594623092,264.84805647126643,0.0,1769.7285682847769,-52.71815665061118,-83.56899665480266,-39.2626992615248,-10.46697259625407,12.531686821928705,104.97858790577281,98.80779950251294,16.327911376953125,227.28488458710083,129.87,97.41488458710083,0.0,False,0.0,0.0,False,False,132043.74619521547,677.6477251312184
300.64400000000023,26.4,False,True,-966.1940326238065,-1409.7743095640092,-586.4806906637606,-364.7125594623092,264.84805647126643,0.0,1779.3650641119461,-52.87224878883294,-83.31794302183442,-39.4526146340111,-10.467114429657473,12.531856633378577,104.81116120892943,98.67803363149214,16.32813262939453,227.36548210925085,129.87,97.49548210925084,0.0,False,0.0,0.0,False,False,133820.19376840972,679.1132359766173
300.7430000000022,26.5,False,True,-971.485544816649,-1418.0904041609213,-590.435622656324,-364.7125594623092,264.84805647126643,0.0,1788.9816427316564,-52.95799506801809,-83.0039489164084,-39.64602521725543,-10.473176584951192,12.539114608968765,104.56307564983635,98.45915283680824,16.337589263916016,228.8219227289551,129.87,98.95192272895507,0.0,False,0.0,0.0,False,False,135609.7792204236,680.2231650498236
300.84300000000803,26.6,False,True,-976.7825194714503,-1426.3779672027804,-594.409901198448,-364.7125594623092,264.84805647126643,0.0,1798.5758530287007,-52.98149802800604,-82.74731192077603,-39.83954562522545,-10.510503224081214,12.583804298121098,104.3638209303199,98.25556861270414,16.395816802978516,229.55582285049613,129.87,99.68582285049612,0.0,False,0.0,0.0,False,False,137412.36947247837,681.3714935260525
300.94400000000314,26.7,False,True,-982.0905508110138,-1434.6375916115792,-598.4095188748015,-364.7125594623092,264.84805647126643,0.0,1808.1501741396735,-53.17912876326446,-82.4451762552031,-40.15280790184657,-10.546006814896806,12.626311324585862,104.19295003837041,98.10824034591266,16.451200485229492,228.07573562053258,129.87,98.20573562053256,0.0,False,0.0,0.0,False,False,139228.0560957899,682.7084250943684
301.0430000000051,26.8,False,True,-987.4081090103651,-1442.8705793521706,-602.4337128360024,-364.7125594623092,264.84805647126643,0.0,1817.7053354616135,-53.17203522376125,-82.21457855662645,-40.33107132217192,-10.567467676073763,12.652005553621557,103.99431694411106,97.91068510168137,16.484678268432617,227.72526853384235,129.87,97.85526853384235,0.0,False,0.0,0.0,False,False,141056.87198368067,683.8883248013814
301.14400000000023,26.9,False,True,-992.7253597865664,-1451.0821318125602,-606.476500484099,-364.7125594623092,264.84805647126643,0.0,1827.2428652028948,-53.17298030026452,-82.01647065116373,-40.524681639760274,-10.549004879596323,12.629900787302105,103.80143981241189,97.74490928987309,16.45587730407715,229.05544516017045,129.87,99.18544516017043,0.0,False,0.0,0.0,False,False,142898.96635886581,685.2528826865974
301.2430000000022,27.0,False,True,-998.0470087144228,-1459.2703782108576,-610.5299017528988,-364.7125594623092,264.84805647126643,0.0,1836.762614335401,-53.25999825686206,-81.74845731478803,-40.54334373623382,-10.579080897328248,12.665909598025673,103.61338420396646,97.56760572889277,16.50279426574707,230.87932874476297,129.87,101.00932874476295,0.0,False,0.0,0.0,False,False,144754.43351911678,686.8470394639097
301.34300000000803,27.1,False,True,-1003.3778729410791,-1467.4295599297009,-614.5907205595223,-364.7125594623092,264.84805647126643,0.0,1846.2608491014353,-53.35728627626544,-81.43517706207632,-40.67303239623553,-10.628725033922757,12.725346533264242,103.4018092181627,97.35855412802239,16.580236434936523,229.70275326215813,129.87,99.8327532621581,0.0,False,0.0,0.0,False,False,146623.04586893145,688.1450169132304
301.4429999999993,27.2,False,True,-1008.719137012258,-1475.5538809838542,-618.653845056429,-364.7125594623092,264.84805647126643,0.0,1855.7325712033878,-53.46799514731214,-81.05124402099082,-40.58945754189611,-10.668042231507432,12.772419438282009,103.12475839736057,97.09856158781753,16.641569137573242,228.00582954187382,129.87,98.13582954187382,0.0,False,0.0,0.0,False,False,148504.44984568507,689.4566641814174
301.5430000000051,27.3,False,True,-1014.0629820576057,-1483.6433492956487,-622.7095603696462,-364.7125594623092,264.84805647126643,0.0,1865.1751036740368,-53.408905759643325,-80.73812221489663,-40.52484872244879,-10.688411220018537,12.796806411932058,102.82909863913059,96.80472918835137,16.673343658447266,229.17653045339395,129.87,99.30653045339395,0.0,False,0.0,0.0,False,False,150398.56284896203,690.6688467305769
301.64300000001094,27.4,False,True,-1019.4035536391215,-1491.7024515278638,-626.7662323127596,-364.7125594623092,264.84805647126643,0.0,1874.5906179772228,-53.40252587067214,-80.44392242940607,-40.60859013981996,-10.667627735613005,12.771923178958678,102.54494327413894,96.55596524915542,16.64092254638672,230.52022018005718,129.87,100.65022018005716,0.0,False,0.0,0.0,False,False,152305.53492804887,691.9642442753848
301.7430000000022,27.5,False,True,-1024.7481577504082,-1499.7323761672142,-630.8351689479015,-364.7125594623092,264.84805647126643,0.0,1883.9827744058955,-53.4895563550577,-80.15457035760024,-40.770142563018304,-10.691340813419858,12.800313896706987,102.3342452958937,96.36331142230625,16.677913665771484,231.06061594819198,129.87,101.19061594819198,0.0,False,0.0,0.0,False,False,154225.5419584756,693.4896947139844
301.84300000000803,27.6,False,True,-1030.1051713714699,-1507.7310337486508,-634.916836289707,-364.7125594623092,264.84805647126643,0.0,1893.352571252424,-53.65071606617524,-79.81858127113308,-40.86320427309269,-10.723867125465745,12.839256346616262,102.11850582522102,96.17382830349341,16.728652954101562,230.19269150555414,129.87,100.32269150555413,0.0,False,0.0,0.0,False,False,156158.67441283102,695.2315098235059
301.94400000000314,27.7,False,True,-1035.4607549445675,-1515.695324172342,-639.0101852031827,-364.7125594623092,264.84805647126643,0.0,1902.6922694162806,-53.46095539577794,-79.46722720268866,-41.00377399642,-10.745243620221713,12.86484956711712,101.73418517449137,95.77637470228814,16.761999130249023,229.12013630065482,129.87,99.25013630065479,0.0,False,0.0,0.0,False,False,158104.3870385824,695.74767671956
302.0430000000051,27.8,False,True,-1040.8225802845536,-1523.6345000721476,-643.1222504122549,-364.7125594623092,264.84805647126643,0.0,1912.0132361770725,-53.77555140394331,-79.31629079342356,-41.23753018502423,-10.80673084600036,12.938465758419941,101.77062270901467,95.82736516269806,16.8579158782959,229.06088786925847,129.87,99.19088786925845,0.0,False,0.0,0.0,False,False,160063.42634696758,698.4968437947836
302.14300000001094,27.9,False,True,-1046.2011094522693,-1531.5410764250767,-647.2519062892886,-364.7125594623092,264.84805647126643,0.0,1921.3121975763058,-53.79503195036668,-78.81523626515765,-41.35558735565085,-10.821794531603146,12.956500905509719,101.33484532761408,95.42403748570689,16.88141441345215,230.17439928704528,129.87,100.30439928704524,0.0,False,0.0,0.0,False,False,162035.72771095717,699.4952523799503
302.2420000000129,28.0,False,True,-1051.5846351716748,-1539.4016444919337,-651.3931712895804,-364.7125594623092,264.84805647126643,0.0,1930.5725140007278,-53.87548243774215,-78.39612507198292,-41.469712650185116,-10.860304746030529,13.002607641933391,101.01501796049655,95.12370910662311,16.94148826599121,229.1871855311579,129.87,99.31718553115786,0.0,False,0.0,0.0,False,False,164020.20960156017,700.9382839771445
302.34300000000803,28.1,False,True,-1056.9681704087977,-1547.220066942337,-655.5475797135239,-364.7125594623092,264.84805647126643,0.0,1939.796049789409,-53.79522230471521,-77.97232393608554,-41.618455828683885,-10.86475538041317,13.007936208119007,100.60036146180452,94.72913618738211,16.94843101501465,227.8703093548236,129.87,98.00030935482359,0.0,False,0.0,0.0,False,False,166016.90412624244,701.8212774146796
302.4429999999993,28.2,False,True,-1062.3524168340023,-1555.0000504225457,-659.7101005357217,-364.7125594623092,264.84805647126643,0.0,1948.9865322158048,-53.88970619937318,-77.6273456680863,-41.6319606152737,-10.858976891926257,13.001017855428561,100.3251909526273,94.49923401661687,16.939416885375977,228.05479372218645,129.87,98.18479372218644,0.0,False,0.0,0.0,False,False,168026.09788871589,703.812709467652
302.5430000000051,28.3,False,True,-1067.7474018574012,-1562.743105677954,-663.8827765364847,-364.7125594623092,264.84805647126643,0.0,1958.148984522738,-54.00999426860691,-77.2337594400792,-41.82155939998532,-10.886490126782904,13.033958348919972,100.03947962831629,94.2450692510912,16.982336044311523,228.5703460983295,129.87,98.7003460983295,0.0,False,0.0,0.0,False,False,170048.21930369103,705.5954182466761
302.64300000001094,28.4,False,True,-1073.1563660399395,-1570.447374475098,-668.0738686206491,-364.7125594623092,264.84805647126643,0.0,1967.2828840639072,-54.1692893821604,-76.8516165028019,-42.00028228330252,-10.922009612721293,13.076484405978256,99.78672527203146,94.02384203627274,17.037744522094727,228.2101452876353,129.87,98.34014528763527,0.0,False,0.0,0.0,False,False,172083.24095239548,707.6287549628848
302.7430000000022,28.5,False,True,-1078.5814423111183,-1578.1169888782752,-672.2821545087779,-364.7125594623092,264.84805647126643,0.0,1976.392911412112,-54.33223604141801,-76.54067156073792,-42.16543547927331,-10.958864288974475,13.120609032892224,99.60117777850492,93.86408405896856,17.09523582458496,228.71026177369706,129.87,98.84026177369705,0.0,False,0.0,0.0,False,False,174131.49823992912,709.9277835042376
302.84300000000803,28.6,False,True,-1084.0181981964024,-1585.75124638531,-676.5077306890579,-364.7125594623092,264.84805647126643,0.0,1985.4768650497815,-54.40288166426561,-76.14447857995665,-42.346088126326656,-10.97505775099747,13.139996816013735,99.28591761461172,93.58234423003928,17.12049674987793,228.75897655499148,129.87,98.88897655499146,0.0,False,0.0,0.0,False,False,176192.84667550237,711.7539168503563
302.9429999999993,28.7,False,True,-1089.4602244822042,-1593.3481028473984,-680.7516353566551,-364.7125594623092,264.84805647126643,0.0,1994.5305574140564,-54.43764405176969,-75.79265066181337,-42.53200522561641,-11.014085168266572,13.186722778672713,99.00976903301282,93.31657400617992,17.181377410888672,228.10255307356522,129.87,98.2325530735652,0.0,False,0.0,0.0,False,False,178266.9915921584,713.5976881822717
303.0430000000051,28.8,False,True,-1094.9115417084156,-1600.9124649219427,-685.015153017128,-364.7125594623092,264.84805647126643,0.0,2003.5600507253857,-54.58870047245488,-75.49459082907494,-42.73834798384022,-11.079876304217443,13.265491869144041,98.85024057177237,93.1630799390018,17.284008026123047,228.34429152294697,129.87,98.47429152294696,0.0,False,0.0,0.0,False,False,180354.40177767805,716.0493619105448
303.1420000000071,28.9,False,True,-1100.3780288777145,-1608.4442812338116,-689.296015546129,-364.7125594623092,264.84805647126643,0.0,2012.567480954302,-54.741042913526414,-75.14173540830252,-42.87890259618099,-11.084444317968417,13.270960968943344,98.60377011873705,92.9669951081129,17.291133880615234,228.50286442465978,129.87,98.63286442465977,0.0,False,0.0,0.0,False,False,182455.31517564692,718.548126641191
303.2430000000022,29.0,False,True,-1055.258213334311,-1629.213769092649,-679.2441603777486,-364.7125594623092,264.84805647126643,0.0,2016.0167407886333,-52.92069957577666,-78.4801810578346,-41.32158221971511,-11.063117953984344,13.245427768006664,100.82482062317916,94.65589924806646,17.25786590576172,232.85293908839702,129.87,102.982939088397,0.0,False,0.0,0.0,False,False,182119.54961466865,706.0008577556024
303.34300000000803,29.1,False,True,-1060.5587742177497,-1637.050694766451,-683.3838156122714,-364.7125594623092,264.84805647126643,0.0,2025.1964878868084,-53.09051809299773,-78.25833241820386,-41.471522470740396,-11.095178416662156,13.283812475136621,100.71530591823742,94.56727607508327,17.307878494262695,233.00300402370829,129.87,103.13300402370825,0.0,False,0.0,0.0,False,False,184225.23964085497,708.0632043111018
303.4429999999993,29.2,False,True,-1065.8712358957114,-1644.8614709742792,-687.5344530727258,-364.7125594623092,264.84805647126643,0.0,2034.3583678285713,-53.1587154662384,-77.95719173836052,-41.5412267383482,-11.149717028375816,13.349109369287557,100.50669913847952,94.35662548942707,17.392955780029297,233.9410529412683,129.87,104.07105294126829,0.0,False,0.0,0.0,False,False,186344.5513285587,709.6522061444275
303.5420000000013,29.3,False,True,-1071.1940072323591,-1652.6513084697858,-691.6918439881317,-364.7125594623092,264.84805647126643,0.0,2043.506753253486,-53.29671126671475,-77.83955817177092,-41.606591569768675,-11.140496634452877,13.338070161154114,100.45151238552032,94.33735340905037,17.378572463989258,234.99282951071376,129.87,105.12282951071377,0.0,False,0.0,0.0,False,False,188477.78636114183,711.9117549154766
303.64300000001094,29.4,False,True,-1076.5335812138574,-1660.423886406909,-695.8595205674357,-364.7125594623092,264.84805647126643,0.0,2052.647368897377,-53.49476836325029,-77.61200057069595,-41.7469400163111,-11.182146746983179,13.387936171743902,100.35609814639791,94.26193757197818,17.443544387817383,235.26128229399245,129.87,105.39128229399242,0.0,False,0.0,0.0,False,False,190625.390925306,714.0784687785585
303.7430000000022,29.5,False,True,-1081.8921106970429,-1668.169137474812,-700.0352912380437,-364.7125594623092,264.84805647126643,0.0,2061.771563680231,-53.6758213004614,-77.29302078736326,-41.76847339585023,-11.249731586406394,13.468852791499378,100.18827667931257,94.10262937195132,17.54897308349609,235.70301818392008,129.87,105.83301818392006,0.0,False,0.0,0.0,False,False,192786.80737477224,716.12936036374
303.84300000000803,29.6,False,True,-1087.272099410144,-1675.8872666193522,-704.2220967101657,-364.7125594623092,264.84805647126643,0.0,2070.880460833332,-53.92395296155676,-77.0695621034404,-41.96763604659135,-11.27981738575235,13.50487331335742,100.11119143272279,94.06120404192285,17.595905303955078,236.9149140468882,129.87,107.0449140468882,0.0,False,0.0,0.0,False,False,194962.21020986524,718.5770389154296
303.9429999999993,29.7,False,True,-1092.6781398108499,-1683.5812198851104,-708.4238999395792,-364.7125594623092,264.84805647126643,0.0,2079.9784929500643,-54.196855052563,-76.80950321172297,-42.068428541677754,-11.284346273047213,13.510295568618828,99.99574721693644,94.00531304782834,17.602970123291016,237.40370704636348,129.87,107.53370704636349,0.0,False,0.0,0.0,False,False,197151.98595008024,721.1099285967573
304.0430000000051,29.8,False,True,-1098.1093150405002,-1691.25013358195,-712.6365956561435,-364.7125594623092,264.84805647126643,0.0,2089.0646065218007,-54.42664954044699,-76.56877072506727,-42.18548578960909,-11.295756525810623,13.52395660698261,99.88480089766959,93.94166716929477,17.620769500732422,237.66450615198195,129.87,107.79450615198193,0.0,False,0.0,0.0,False,False,199356.07251095492,723.552323127508
304.14300000001094,29.9,False,True,-1103.5648126230788,-1698.8946024087866,-716.8566820719847,-364.7125594623092,264.84805647126643,0.0,2098.1391475081073,-54.683302111125414,-76.32060581166778,-42.21624252721272,-11.317402014952354,13.549871883681503,99.78629190596038,93.88875545685218,17.6545352935791,237.9756244496704,129.87,108.10562444967037,0.0,False,0.0,0.0,False,False,201574.5390436428,726.1912177758329
304.2430000000022,30.0,True,False,-1109.0452984673525,-1706.5139179433029,-721.0925387045588,-364.7125594623092,264.84805647126643,0.0,2107.201760753455,-54.92641477435197,-76.06570487865636,-42.50089012426905,-11.364509045408406,13.606271243415907,99.69304355056508,93.8237842908236,17.72801971435547,236.62322279758087,129.87,106.75322279758088,12.844260215759277,False,-75.4212949430198,26.32809682451387,True,False,203807.38381386685,728.6197516575193
304.34300000000803,30.1,True,False,-1114.5546637448733,-1714.1088285592782,-725.3527862896374,-364.7125594623092,264.84805647126643,0.0,2116.2546005064464,-55.26089077606276,-75.83250744084987,-42.70406157730144,-11.397556228401271,13.645837311235915,99.6512232599941,93.83141922687992,17.77957153320312,237.3361721693613,129.87,107.46617216936129,12.813936233520508,False,-74.52982206016395,25.823957855049677,True,False,206054.88059619052,731.6276926554758
304.4429999999993,30.2,True,False,-1120.089974884795,-1721.6825249168503,-729.6406998829295,-364.7125594623092,264.84805647126643,0.0,2125.299694283271,-55.445332022375474,-75.64141971059125,-43.054210288541334,-11.414950383546177,13.666662636114097,99.572125013514,93.78597559819526,17.806705474853516,239.97539180215733,129.87,110.10539180215733,12.85888671875,False,-73.40008634389078,25.69613167816044,True,False,208317.2399373032,734.0165074398737
304.5430000000051,30.3,True,False,-1077.1522345904345,-1761.8892533255632,-742.5656606843194,-364.7125594623092,264.84805647126643,0.0,2148.309664275418,-54.789325490696235,-78.28446477411518,-43.90070832590459,-11.459014109337835,13.719418369135315,101.69675706649828,95.55274780295508,17.875442504882812,245.5078261737701,129.87,115.63782617377008,12.78254508972168,False,-75.0181606192304,29.31675747695462,True,False,208391.2089348301,729.5261339124787
304.64300000001094,30.4,True,False,-1082.6510109305727,-1769.7072386602708,-746.9595740203711,-364.7125594623092,264.84805647126643,0.0,2157.5103404258402,-55.18620131206546,-78.07524192003838,-43.977558395128284,-11.485576082230281,13.75121995479914,101.6948560445881,95.60993785234008,17.91687774658203,245.78057452880228,129.87,115.91057452880224,12.557077407836914,False,-74.90087930956422,28.91737905984022,True,False,210665.39180758712,732.6339461247062
304.7430000000022,30.5,True,False,-1088.1811253585636,-1777.5045430095645,-751.362336289992,-364.7125594623092,264.84805647126643,0.0,2166.705080634208,-55.41608724775454,-77.87084506583273,-44.07768699729108,-11.476453504447619,13.740297858010438,101.60360683218275,95.57620643820128,17.902647018432617,246.45957309316788,129.87,116.58957309316787,12.698984146118164,False,-74.09332787306015,27.920995991613378,True,False,212954.92417899484,735.1550523214194
304.84300000000803,30.6,True,False,-1093.7370053456514,-1785.2754879985387,-755.776208072948,-364.7125594623092,264.84805647126643,0.0,2175.8867595270094,-55.70151249400314,-77.54805471364817,-44.199748661827925,-11.50023260814916,13.768767625916443,101.45203391624638,95.47962758615347,17.939741134643555,246.5730309390216,129.87,116.70303093902162,12.817391395568848,False,-73.4245702310433,27.13232118173471,True,False,215259.33075004167,737.7523969600775
304.9429999999993,30.7,True,False,-1099.318339054954,-1793.0177230556767,-760.2028629729047,-364.7125594623092,264.84805647126643,0.0,2185.0531384748865,-55.92516169205042,-77.29664642911344,-44.33334933730754,-11.547218591131617,13.825022060361734,101.35363980723237,95.40647388657312,18.013036727905273,246.06718089961444,129.87,116.19718089961444,13.251901626586914,False,-73.06461009402577,26.635794126533735,True,False,217578.49620793195,740.2214735379064
305.0430000000051,30.8,True,False,-1104.9271001995526,-1800.7331367613774,-764.6380062533921,-364.7125594623092,264.84805647126643,0.0,2194.2067432571707,-56.25006119991682,-77.01162768489941,-44.36951627243984,-11.58352427429749,13.868489399853356,101.26349392681495,95.36697637899586,18.069671630859375,245.58160268098527,129.87,115.71160268098525,13.297066688537598,False,-73.37585760685562,26.56898967579034,True,False,219912.65783849522,743.1352585730406
305.14300000001094,30.9,True,False,-1110.5615615279798,-1808.425444824494,-769.0728491872736,-364.7125594623092,264.84805647126643,0.0,2203.350572436792,-56.439165368628274,-76.83453357743102,-44.32734240519229,-11.617920097324436,13.909670140338951,101.20995275190337,95.33585336885983,18.123327255249023,247.0500980699971,129.87,117.1800980699971,13.383252143859863,False,-71.33647407287664,24.69730003936697,True,False,222262.16033794353,745.8196022347403
305.24400000000605,31.0,True,False,-1116.212886685665,-1816.0986286178336,-773.5129427927029,-364.7125594623092,264.84805647126643,0.0,2212.4854458278646,-56.58733778507065,-76.62914228936388,-44.4745297033926,-11.6348765252416,13.929971391949426,101.10230879688879,95.25834475574968,18.149778366088867,249.24909097903307,129.87,119.37909097903307,13.444478034973145,False,-69.39696969720127,22.50213481063548,True,False,224627.0123396261,748.1573988723537
305.34300000000803,31.1,True,False,-1121.88150236336,-1823.745237800214,-777.9644321818046,-364.7125594623092,264.84805647126643,0.0,2221.604545586295,-56.78497576883221,-76.30304135824343,-44.55525807864075,-11.643355961901934,13.940123481646472,100.90388812683572,95.11407673727727,18.163005828857422,249.1636640727424,129.87,119.29366407274236,13.217164993286133,False,-69.23342737805137,22.124080094162828,True,False,227006.71512175188,750.6071496403075
305.44200000001,31.2,True,False,-1127.5758626039099,-1831.3715737630478,-782.4323229521001,-364.7125594623092,264.84805647126643,0.0,2230.7167362665746,-57.102229042166776,-76.22367789842997,-44.802557327270115,-11.614391380063914,13.905445348577498,100.95742782206808,95.24029417188754,18.117822647094727,247.02522863916676,129.87,117.15522863916676,12.815662384033203,False,-71.62830571694768,23.89761639309993,True,False,229401.95476275776,753.7185411421328
305.5420000000013,31.3,True,False,-1133.304941012425,-1838.984631869904,-786.9195975841999,-364.7125594623092,264.84805647126643,0.0,2239.831741339004,-57.47933912813476,-76.0374842386949,-44.942935314727485,-11.624854038968381,13.917971870789124,100.96840043626466,95.3182744071508,18.134143829345703,246.89202789390518,129.87,117.02202789390518,13.035849571228027,False,-71.95772992862159,23.755566669897377,True,False,231813.53771490388,757.0986854202542
305.64300000001094,31.4,True,False,-1139.0695415055286,-1846.5779017070136,-791.4273191598819,-364.7125594623092,264.84805647126643,0.0,2248.943821554498,-57.81267073393524,-75.82791250349759,-45.21149619891212,-11.70084006213971,14.008946891165856,100.98000908001974,95.35290877591778,18.25267791748047,249.65250131271335,129.87,119.78250131271332,12.822944641113281,False,-69.36236134811057,21.027941839643507,True,False,234241.23770927102,760.29847724663
305.7430000000022,31.5,True,False,-1144.8730437009463,-1854.1505523776073,-795.962297704339,-364.7125594623092,264.84805647126643,0.0,2258.053472677502,-58.2573731744178,-75.6251009083762,-45.48807469023012,-11.697332130808997,14.00474698556516,101.00171808179107,95.46243982103881,18.24720573425293,248.98557988749604,129.87,119.11557988749604,13.577116966247559,False,-69.94764161094068,21.201549913464117,True,False,236685.1583239105,763.9420330446854
305.8440000000119,31.6,True,False,-1150.6941019539854,-1861.7124158875683,-800.5208865996749,-364.7125594623092,264.84805647126643,0.0,2267.162638130892,-58.163791886367015,-75.61216929084648,-45.68370321648711,-11.677314057701137,13.98078014886436,100.93507423201127,95.39510905422898,18.215978622436523,248.37469224828243,129.87,118.50469224828241,13.637649536132812,False,-70.04662552290542,21.151993702468502,True,False,239145.18219239212,765.5589007771846
305.9429999999993,31.7,True,False,-1156.5255690971876,-1869.2557929742338,-805.095168667034,-364.7125594623092,264.84805647126643,0.0,2276.2616463063173,-58.465550977674376,-75.2553724424642,-45.80193813069719,-11.685853406747393,13.99100396926006,100.76336540355611,95.29738575940603,18.229299545288086,247.6608402566365,129.87,117.7908402566365,13.731760025024414,False,-68.8796397900473,20.430289090368472,True,False,241620.7601396824,768.7559681673898
306.0430000000051,31.8,True,False,-1162.3818475060996,-1876.7782668119048,-809.6785435224341,-364.7125594623092,264.84805647126643,0.0,2285.3532772128865,-58.66001720056548,-75.19410431095632,-45.86555897730415,-11.647087647653533,13.944591279448257,100.77659746541293,95.36850078038145,18.168827056884766,249.6430727680386,129.87,119.77307276803857,13.360210418701172,False,-68.33869715637593,19.15740467439912,True,False,244112.3467844206,771.6751021142652
306.14300000001094,31.9,True,False,-1168.2636445110102,-1884.283692680748,-814.2713907254345,-364.7125594623092,264.84805647126643,0.0,2294.441461771501,-58.97592289764456,-74.91441306590507,-45.991385082704674,-11.629984495525953,13.924114360820676,100.66738219764291,95.34321562983894,18.142147064208984,250.76834388046558,129.87,120.89834388046557,13.085700988769531,False,-67.54323214806726,18.021703100249397,True,False,246620.22488312377,775.048657457092
306.2430000000022,32.0,True,False,-1174.1658646759176,-1891.763279307312,-818.8715125700137,-364.7125594623092,264.84805647126643,0.0,2303.5162484623156,-59.06848040050785,-74.67731946537214,-46.01105180888,-11.648466855231451,13.946242549409074,100.51265307821681,95.21442863011062,18.170978546142578,250.4525265652805,129.87,120.58252656528049,13.57666301727295,False,-66.84972935994088,17.478407919536078,True,False,249143.73547954124,777.5148059036597
306.34300000000803,32.1,True,False,-1180.083980826193,-1899.2176480299245,-823.4799353311528,-364.7125594623092,264.84805647126643,0.0,2312.5766859015066,-59.2938426049981,-74.41005498687854,-46.1574034139019,-11.604519286106374,13.893625886109733,100.35841576236815,95.14523663335214,18.1024227142334,249.38008882525327,129.87,119.51008882525322,13.657491683959961,False,-67.82381935282059,18.038925456111805,True,False,251682.7644640541,780.5194586728768
306.4429999999993,32.2,True,False,-850.8483328729665,-1356.2043833503765,-603.0244555359889,-364.7125594623092,264.84805647126643,0.0,1692.3767319486756,-44.69254367576323,-38.223706840268136,-38.53599083959109,-11.617559400307162,13.909238292255226,61.739764763176396,58.808802273305695,18.122764587402344,281.21753920952864,129.87,151.34753920952863,13.412342071533203,True,-65.22268236897723,15.659089787823143,True,False,224479.5905193615,683.0994115198816
306.5430000000051,32.3,True,False,-773.0707544655108,-1365.775114286129,-585.1579647922615,-468.2137422528006,392.26674941573657,0.0,1784.2782833469644,-39.45747738916117,-37.63193936520172,-37.43804074658881,-9.751109294413085,15.300282037604186,60.698339087789954,54.52573137796855,18.143394470214844,279.9165878025898,122.50999999999996,157.40658780258983,13.291302680969238,True,4.189956775606657,0.129147742451298,True,False,170405.00961196754,437.6565720736995
306.64300000001094,32.4,True,False,-694.5353229276703,-1426.945770098016,-571.0479143578302,-468.2137422528006,392.26674941573657,0.0,1833.2363865674135,-36.61968172581807,-42.13921588297784,-36.316578930299926,-9.736089552382426,15.276714843117624,63.39808064359207,55.827543425556755,18.115447998046875,286.84282989682106,122.50999999999996,164.33282989682107,13.307964324951172,True,1.272115626651276,0.3438654345217289,True,False,141601.26945075073,338.8719658905757
306.7430000000022,32.5,True,False,-715.9179766492954,-1419.5267231141281,-562.1893597754653,-468.2137422528006,392.26674941573657,0.0,1828.6478542463497,-37.781497629590525,-41.140347254462405,-35.86372808376581,-9.722073381703662,15.254722333547956,62.989960810905664,55.85668926236595,18.08936882019043,285.0405306131735,122.50999999999996,162.5305306131735,13.485206604003906,True,-0.3870475344943074,0.04776993688373858,True,False,130124.54315406809,299.7220628272818
306.84300000000803,32.6,True,False,-725.1785074415852,-1420.1410645099259,-556.4612974494794,-468.2137422528006,392.26674941573657,0.0,1830.5335218256248,-38.25182618833486,-40.593467686325525,-35.510076543348895,-9.7206987247242,15.252565385158215,62.71207733894687,55.7766243649016,18.086811065673828,284.8219637537869,122.50999999999996,162.31196375378693,13.131792068481445,True,-1.0648559641830353,0.46796657270388925,True,False,130899.81164580883,299.2419884151793
306.9429999999993,32.7,True,False,-734.7625139057578,-1412.525647912517,-553.0133358940744,-468.2137422528006,392.26674941573657,0.0,1824.3694376752655,-38.77130832580609,-39.67777371195851,-35.43069890449467,-9.69914705556964,15.218749066779463,62.11939128902611,55.475580898554874,18.046710968017578,284.467401366362,122.50999999999996,161.95740136636206,13.20754623413086,True,0.901890557280959,0.3308717612870723,True,False,131292.30047004635,298.2089734073353
307.0430000000051,32.8,True,False,-746.311472558823,-1402.248433560248,-559.6101731057217,-468.2137422528006,392.26674941573657,0.0,1815.9358715364076,-39.153242800862664,-38.721687552989906,-35.86802527235401,-9.670017858904115,15.173042992623705,61.432096932812115,55.06673686332501,17.992511749267578,284.43384627553326,122.50999999999996,161.9238462755333,12.710075378417969,True,1.7535019972116554,1.258583254331538,True,False,132126.51829324794,298.46343083298336
307.14300000001094,32.9,True,False,-742.4213011400491,-1414.3768386450636,-590.0617884166187,-468.2137422528006,392.26674941573657,0.0,1827.334353541274,-38.90975856915128,-39.085846804585216,-37.44382845217591,-9.672171590681787,15.176422372613894,61.63789701622194,55.15136201709932,17.996519088745117,283.93040759365687,122.50999999999996,161.42040759365693,13.763856887817383,True,2.088798555233124,1.790546761798775,True,False,132702.3424015041,297.47412882574554
307.2430000000022,33.0,True,False,-747.624750687764,-1417.2923589711813,-591.3180156519626,-468.2137422528006,392.26674941573657,0.0,1831.0037352175718,-39.2019694146947,-38.73467365996184,-37.49921020123839,-9.686615227401141,15.199085611101177,61.48175763517471,55.11051940904205,18.023393630981445,283.4478052154237,122.50999999999996,160.93780521542374,13.610054016113281,True,-0.11492728364022398,0.005148075229249844,True,False,132024.50280125698,292.4598728886988
307.34300000000803,33.1,True,False,-751.3396092465804,-1420.0412084585867,-597.5937768761526,-468.2137422528006,392.26674941573657,0.0,1834.2901599080715,-39.4416423921906,-38.2866488066253,-37.731898671262904,-9.682416424278184,15.192497348159806,61.20155719958553,54.96826931453554,18.015581130981445,283.80391910318485,122.50999999999996,161.29391910318492,13.186604499816895,True,0.32453493503294695,0.04269091997523582,True,False,132878.98396784702,292.57228284440146
307.4429999999993,33.2,True,False,-754.9824813450381,-1423.8452809047171,-604.0399415508676,-468.2137422528006,392.26674941573657,0.0,1838.6133950331243,-39.509751164922136,-38.09210337937555,-37.99100191926617,-9.675893723040053,15.182262700431306,61.059128155156436,54.88195310827686,18.00344467163086,284.80495994219547,122.50999999999996,162.29495994219548,12.568967819213867,True,0.15997779513295107,0.010143493878696447,True,False,133202.73238540327,290.7025306808013
307.5430000000051,33.3,True,False,-771.004641722814,-1392.6903124963592,-629.2676109124466,-468.2137422528006,392.26674941573657,0.0,1810.4568599311392,-39.153431145169655,-36.00518795021237,-39.202368371468445,-9.675511361329882,15.181662743869506,59.0681084745459,53.19177313992888,18.00273323059082,284.3381945237285,122.50999999999996,161.8281945237285,13.368406295776367,True,3.6364606352038003,5.14997936069721,True,False,133877.84503247193,290.23164388962715
307.64300000001094,33.4,True,False,-749.8455647510356,-1422.2315782770347,-664.5823461830545,-468.2137422528006,392.26674941573657,0.0,1836.2245681407112,-38.14426895606705,-37.560980805559275,-40.97298495007458,-9.660203566643569,15.157643571383304,59.92157655891671,53.53328434972371,17.97425079345703,286.0363617429126,122.50999999999996,163.52636174291263,13.017704963684082,True,0.9186403043068534,0.29692648390884463,True,False,127202.69838631137,266.8637524636829
307.7430000000022,33.5,True,False,-751.7859592871,-1426.6953892405093,-670.30340456811,-468.2137422528006,392.26674941573657,0.0,1840.9335849341908,-38.28884707765613,-37.40433354949793,-41.076790597520834,-9.651388745341245,15.143812401209269,59.84489671301886,53.52681551165016,17.957849502563477,285.52821412829576,122.50999999999996,163.0182141282958,13.362281799316406,True,0.12222122299084326,0.0056156472981245716,True,False,126956.03955368859,263.7897757736356
307.84300000000803,33.6,True,False,-765.1291351179988,-1355.82181226099,-616.5989619023427,-468.2137422528006,392.26674941573657,0.0,1773.1250294283543,-39.34705724760942,-33.56956217540439,-38.42458909771411,-9.646647665154799,15.13637326153548,57.04719516464344,51.72143094206689,17.94902801513672,285.35563485450905,122.50999999999996,162.84563485450906,12.759906768798828,True,-0.3430399864603615,0.03942838902392987,True,False,109995.3197330524,216.63772275955168
307.9429999999993,33.7,True,False,-770.4321710898973,-1358.8114774568553,-634.764600324447,-468.2137422528006,392.26674941573657,0.0,1776.9667794745133,-39.439148946367894,-33.19133947837019,-39.2595984453119,-9.631992858161192,15.11337867974597,56.761010829633356,51.54717728433059,17.92176055908203,285.25116506340953,122.50999999999996,162.74116506340957,12.888619422912598,True,0.8071845380367524,0.2659087679424269,True,False,109979.0877231987,215.1858244923566
308.0430000000051,33.8,True,False,-775.2387726047749,-1355.9101930708403,-641.8737550559342,-468.2137422528006,392.26674941573657,0.0,1774.9329540870963,-39.6393771432328,-32.802799770962025,-39.481992573319175,-9.617693760318872,15.090942234489823,56.525321727777126,51.45195713592704,17.89515495300293,285.5326188468425,122.50999999999996,163.0226188468426,12.588022232055664,True,1.4871449707336843,0.9228410188116444,True,False,110682.61379122829,216.32412317478872
308.14400000000023,33.9,True,False,-776.2700201655051,-1361.9936516153714,-649.0331346582238,-468.2137422528006,392.26674941573657,0.0,1781.103092183957,-39.88867349908737,-32.87954609105512,-39.87153860847163,-9.62108581098632,15.096264637339676,56.72570210674916,51.69304425810704,17.901466369628906,284.0854125857716,122.50999999999996,161.57541258577166,14.077510833740234,True,0.9579146465202548,0.3826799880423392,True,False,111372.27577591734,217.0561277076596
308.2430000000022,34.0,True,False,-780.2651484501619,-1365.2639784087278,-653.0143302182239,-468.2137422528006,392.26674941573657,0.0,1785.0183022470503,-40.01902113369995,-32.480246191710734,-39.914821318982796,-9.621647564919764,15.097146074862106,56.458910499294284,51.541133526278436,17.902511596679688,283.3803172432943,122.50999999999996,160.87031724329435,14.084538459777832,True,-0.0027494925926703218,3.1628035054191817e-06,True,False,112110.85582937188,217.4087328703186
308.34300000000803,34.1,True,False,-785.9393656462586,-1364.5835461879549,-658.7203924964805,-468.2137422528006,392.26674941573657,0.0,1785.3494147991141,-40.31077018606587,-32.28765260813438,-40.26078513205284,-9.62521388231839,15.102741916359427,56.45753146266342,51.64736879974994,17.909147262573242,283.68416871102096,122.50999999999996,161.17416871102097,14.004448890686035,True,0.7376679443689795,0.2261763602316567,True,False,112781.84912454631,218.97564494612521
308.4429999999993,34.2,True,False,-794.8924374541506,-1353.2350422574477,-683.6862723049232,-468.2137422528006,392.26674941573657,0.0,1775.8084003159668,-40.1768266010678,-31.303751827709743,-41.43129992734493,-9.63478932664738,15.117766565806532,55.56773713974374,50.932330343536314,17.926963806152344,283.37012432737765,122.50999999999996,160.8601243273777,14.540812492370605,True,2.589029982261014,2.73440700619478,True,False,113302.32937442671,219.4467098207482
308.5430000000051,34.3,True,False,-776.6675873452499,-1370.978853871895,-721.0992448725689,-468.2137422528006,392.26674941573657,0.0,1790.0220199945811,-39.248928712498895,-32.22570662057881,-43.261558359142875,-9.629551073727871,15.109547321756141,55.8384616325832,50.7836053493097,17.917217254638672,285.38322628911635,122.50999999999996,162.87322628911636,14.68298625946045,True,2.3892760479489326,2.307619162806983,True,False,113282.79071373111,217.596485538869
308.6420000000071,34.4,True,False,-767.153455156891,-1382.0620874258154,-741.139340659401,-468.2137422528006,392.26674941573657,0.0,1799.3353698515114,-38.97243210540143,-32.78594919500609,-44.15322220962897,-9.631745809442288,15.112991040251618,56.171027656423334,50.92905780424025,17.921300888061523,285.78476930657894,122.50999999999996,163.27476930657897,15.032681465148926,True,1.0746169618355736,0.4535210642738939,True,False,112964.55700808323,216.04587993236856
308.7459999999992,34.5,True,False,-769.4487594561518,-1386.0495792551683,-748.1494293695233,-468.2137422528006,392.26674941573657,0.0,1803.64949488726,-39.07120380058651,-32.74450563446169,-44.43607513099091,-9.638138323181245,15.123021413225834,56.19257503494855,50.97805033219944,17.933195114135742,285.92109930595683,122.50999999999996,163.41109930595684,14.977659225463867,True,0.2109060748314331,0.01764757439406417,True,False,113162.93717543872,215.4986452263078
308.8440000000119,34.6,True,False,-776.8985432170847,-1378.1708783356019,-755.963969481976,-468.2137422528006,392.26674941573657,0.0,1797.1465438589437,-39.076721116914165,-32.240221501774215,-44.752866359478844,-9.638511459005649,15.123606893623943,55.76683986144188,50.65986592691053,17.933889389038086,286.3117546861176,122.50999999999996,163.80175468611762,14.85401725769043,True,1.622521224395335,1.0446460037141225,True,False,113772.38675107015,216.60363489611433
308.9429999999993,34.7,True,False,-775.1988188247792,-1381.3805390607974,-760.9893013878512,-468.2137422528006,392.26674941573657,0.0,1800.0179280101809,-38.94064041496536,-32.406237297710675,-44.89114540967058,-9.634559704601594,15.117406270176925,55.83317172228334,50.661007606670914,17.926536560058594,287.05083401789494,122.50999999999996,164.54083401789498,14.676122665405273,True,1.635063633464231,1.0774044954287874,True,False,114496.44083948,217.23221695318645
309.0430000000051,34.8,True,False,-778.2158653246624,-1384.5924110529318,-769.0662607740825,-468.2137422528006,392.26674941573657,0.0,1803.6989195679203,-39.02439753872323,-32.19769112516078,-45.250176742432515,-9.650387224186185,15.14224093321764,55.71267045520627,50.59243932695443,17.95598602294922,287.25203107871044,122.50999999999996,164.74203107871048,14.146533966064453,True,0.4493690054228239,0.08105065452303878,True,False,115084.59367565357,217.65433864639368
309.14300000001094,34.9,True,False,-782.3464489156112,-1387.7970032496046,-773.1955915033316,-468.2137422528006,392.26674941573657,0.0,1807.569174595628,-39.138021119743044,-32.21233452199982,-45.54743826368178,-9.66699996915949,15.168307678634594,55.79844391201856,50.68943866849064,17.986896514892578,286.79530103915545,122.50999999999996,164.2853010391555,14.515254020690918,True,-0.13751853644937206,0.007597157069607669,True,False,115813.07310956193,218.80597692308697
309.24400000000605,35.0,True,False,-787.6824008798792,-1390.4029148697912,-782.7146132627057,-468.2137422528006,392.26674941573657,0.0,1811.0691195558663,-39.11420342745435,-31.852938681009764,-45.98532816264182,-9.64859740234715,15.13943255746187,55.466250035865684,50.44334061479721,17.952655792236328,285.1361394384988,122.50999999999996,162.6261394384988,15.024516105651855,True,-0.7465188668721794,0.22077869463649089,True,False,116451.81654543692,219.30811918421395
309.34300000000803,35.1,True,False,-804.1185164826577,-1382.5249361135222,-789.7234670910484,-468.2137422528006,392.26674941573657,0.0,1806.2994060714846,-39.18488765417432,-30.827382678136985,-46.36327813453638,-9.644033664187138,15.132271681823445,54.63471317161619,49.85762673106857,17.944164276123047,282.88391961031596,122.50999999999996,160.37391961031597,15.448015213012695,True,-2.02264108532858,1.6196064841183664,True,False,117039.57241758762,220.15952914703738
309.4429999999993,35.2,True,False,-807.271002389471,-1381.7312557322578,-784.120073847415,-468.2137422528006,392.26674941573657,0.0,1806.1087309241514,-39.31983307637588,-30.997428825137415,-45.858152284970615,-9.656825867353982,15.152343687010301,54.860691752888705,50.068851264269306,17.967966079711914,285.0004385430378,122.50999999999996,162.49043854303784,15.040992736816406,True,0.8777428532841931,0.3022496703862501,True,False,117407.659225531,220.7108419284476
309.54400000000896,35.3,True,False,-819.0573884066217,-1368.408190330979,-797.6652195803816,-468.2137422528006,392.26674941573657,0.0,1795.290368575125,-39.00957595772309,-30.12670727946618,-46.061025137729686,-9.658826859467267,15.1554834060683,53.96242457404847,49.2885940954295,17.971689224243164,285.7101073288507,122.50999999999996,163.20010732885075,14.388611793518066,True,1.9478402554888312,1.4642321359382426,True,False,117894.22138386869,221.49189766057145
309.64300000001094,35.4,True,False,-798.5719027022709,-1390.3519563092327,-806.3373462109487,-468.2137422528006,392.26674941573657,0.0,1812.9715839406094,-38.50620168598967,-31.622175428232506,-46.29865803267864,-9.653141663637207,15.14656287231028,54.952833911256405,49.82659477724747,17.961111068725586,287.75561031400343,122.50999999999996,165.2456103140035,14.964598655700684,True,1.7714895218053357,1.23500807504272,True,False,117878.08344558912,220.21180555075108
309.7430000000022,35.5,True,False,-804.4860510066181,-1392.2761621106022,-806.1789824281989,-468.2137422528006,392.26674941573657,0.0,1815.9494675550652,-38.621111205799416,-31.469316519486643,-46.18420534779487,-9.636258292681365,15.120071492758433,54.86978015037615,49.81875262362919,17.929697036743164,286.8364155650145,122.50999999999996,164.3264155650145,15.064745903015137,True,-0.3463698477693171,0.0475313640731379,True,False,118037.26350329869,219.00714895480058
309.84300000000803,35.6,True,False,-808.6308224296431,-1396.3623614539358,-812.4989725783001,-468.2137422528006,392.26674941573657,0.0,1820.7355339879982,-38.53004202255154,-31.2763699267036,-46.62303513408078,-9.630055422149866,15.110338685371168,54.65286782379245,49.62635846051569,17.918155670166016,286.1505539763493,122.50999999999996,163.64055397634928,14.930482864379883,True,-1.004827116607883,0.40708355791414835,True,False,118788.78276862626,219.81953019600687
309.94400000000314,35.7,True,False,-828.60832473905,-1372.0228403654016,-833.4222682413329,-468.2137422528006,392.26674941573657,0.0,1800.7226359702192,-37.76400502086077,-29.48916365414481,-47.409990486096206,-9.65005406720011,15.141718182862183,52.74760517572071,47.9137855761422,17.955366134643555,286.7011873941824,122.50999999999996,164.19118739418246,15.194955825805664,True,2.46945373609325,2.2443535497245044,True,False,118982.90824385111,218.8654202265207
310.04400000000896,35.8,True,False,-799.220313374467,-1402.280305048438,-837.3123893592896,-468.2137422528006,392.26674941573657,0.0,1824.8190268658884,-36.943203832101915,-31.580104777304676,-47.31932873801319,-9.663586391425248,15.162951498069466,54.121075725381374,48.6014745365382,17.980545043945312,290.3691299215369,122.50999999999996,167.85912992153698,14.642624855041504,True,1.403181318910729,0.7171092321996809,True,False,117169.86079963774,211.7382932809894
310.14400000000023,35.9,True,False,-813.6118905393403,-1397.9484939268896,-810.6962067422648,-468.2137422528006,392.26674941573657,0.0,1823.2307858129393,-37.78269150197689,-31.339075825210998,-45.69234277761158,-9.676054663491787,15.182515229064556,54.35293431445757,49.088384071100585,18.00374412536621,289.18538905580004,122.50999999999996,166.67538905580008,14.7114839553833,True,-1.4554610131636068,0.8190438219228645,True,False,116502.09339605959,208.4665148007528
310.2430000000022,36.0,True,False,-815.2127803782629,-1403.4295551521689,-814.2266155199193,-468.2137422528006,392.26674941573657,0.0,1828.9159495993324,-37.91703586027009,-31.39929580933092,-45.683776670504066,-9.642567773448409,15.129971580259442,54.44647159738356,49.23024868666493,17.941436767578125,290.66830565027374,122.50999999999996,168.15830565027377,14.105320930480957,True,-0.18752280529136378,0.013743164942819651,True,False,116401.52800127685,207.6611007247814
310.34300000000803,36.1,True,False,-826.2932576182537,-1397.138610346838,-819.9967040074205,-468.2137422528006,392.26674941573657,0.0,1824.881497761262,-37.945220005879975,-30.85821056819782,-45.78216994530461,-9.62215088824334,15.097935830014501,53.9829939519507,48.90878122347632,17.9034481048584,290.28108312151505,122.50999999999996,167.77108312151512,14.616510391235352,True,0.9713378210524954,0.37675150514521855,True,False,116745.13271678958,207.86317146525272
310.4429999999993,36.2,True,False,-830.2912791218267,-1400.288336079381,-824.4355718180886,-468.2137422528006,392.26674941573657,0.0,1828.7574681295355,-38.09286664988045,-30.663849933537662,-45.89040503271204,-9.630424457580595,15.11091773191875,53.90213326368934,48.901310640432655,17.918842315673828,290.8730381302441,122.50999999999996,168.36303813024412,13.547595024108887,True,-0.17887819730577625,0.013038479208191123,True,False,117464.68476561211,208.9998596426429
310.5430000000051,36.3,True,False,-833.9536379117402,-1403.5987660609958,-829.19941778337,-468.2137422528006,392.26674941573657,0.0,1832.7298275946516,-38.09381726086621,-30.560641950989908,-45.97754942618299,-9.61984851719496,15.094323222942647,53.80653065426688,48.837401138480665,17.8991641998291,291.68676482281813,122.50999999999996,169.17676482281817,12.664730072021484,True,-0.039132781284173745,0.0006186887183541624,True,False,118008.90834835949,209.56297727589288
310.64300000001094,36.4,True,False,-843.709581626386,-1396.810622715428,-822.6287559528123,-468.2137422528006,392.26674941573657,0.0,1828.057703919279,-38.259365018535696,-30.243049981495126,-45.504469512851294,-9.626891968429787,15.10537496968829,53.63113049822981,48.76905867253094,17.912269592285156,290.87783042489656,122.50999999999996,168.3678304248966,14.064005851745605,True,1.6778233155339688,1.1373170294854742,True,False,118511.13334426921,209.95280614598923
310.7430000000022,36.5,True,False,-851.9801421421253,-1392.620332615533,-802.1840351974827,-468.2137422528006,392.26674941573657,0.0,1825.6775578634122,-38.21844311123107,-29.778054018727012,-44.052785684207,-9.643438082005877,15.131337165034155,53.22954376017448,48.44978735751716,17.943056106567383,291.13089961255173,122.50999999999996,168.62089961255177,12.17099666595459,True,-2.382791693984677,2.3062507230906664,True,False,118938.32728802663,210.0556936916355
310.84300000000803,36.6,True,False,-855.8166565643243,-1398.0340870121552,-812.3271517735905,-468.2137422528006,392.26674941573657,0.0,1831.778672246512,-38.3298608818729,-29.620790470535955,-44.558046916214295,-9.623765418252779,15.10046915866017,53.141612504594164,48.441402367428665,17.906452178955078,291.7296418427387,122.50999999999996,169.21964184273872,11.515138626098633,True,-0.9451070697855748,0.3722558053577547,True,False,119562.95742976485,210.92929196857074
310.94400000000314,36.7,True,False,-860.5614175403355,-1399.4536939447116,-815.3023311837226,-468.2137422528006,392.26674941573657,0.0,1834.1752493857541,-38.3048039208728,-29.491188420366587,-44.582239330175064,-9.610056777099624,15.078959187880153,53.008363221910386,48.342405793072366,17.880945205688477,291.8683728200978,122.50999999999996,169.35837282009786,11.838462829589844,True,0.22346934903626448,0.020445776904000148,True,False,120029.01539165823,211.39736098914034
311.0430000000051,36.8,True,False,-871.5365655839726,-1390.5824755972285,-820.0810799766095,-468.2137422528006,392.26674941573657,0.0,1827.9006151728156,-38.023667427723595,-28.8633570123776,-44.592333053704,-9.66165920639811,15.159927588320986,52.36843607919411,47.73774882289796,17.976959228515625,292.2431054822248,122.50999999999996,169.7331054822248,12.027009010314941,True,1.5495832546498054,0.9675634197380475,True,False,120563.17237797835,212.12482082055232
311.14300000001094,36.9,True,False,-865.9691857997288,-1401.4702851612071,-830.9749663212575,-468.2137422528006,392.26674941573657,0.0,1837.3083415921512,-37.71921694870232,-29.47688435229562,-44.99279049842929,-9.656206707909092,15.151372175580471,52.718249444502426,47.870931036923466,17.966814041137695,293.139760209151,122.50999999999996,170.62976020915102,12.445307731628418,True,0.9233807614434308,0.3475112391183066,True,False,120740.6425869278,211.6542473337644
311.2430000000022,37.0,True,False,-868.4253734107648,-1405.111241059412,-839.0752248566599,-468.2137422528006,392.26674941573657,0.0,1841.3953921845796,-37.650678774947266,-29.418228135669654,-45.26608892505203,-9.626212328178195,15.104308558963162,52.60824073613383,47.78080952491879,17.9110050201416,292.885140886664,122.50999999999996,170.37514088666398,12.9134521484375,True,0.39942375104675065,0.0652455516851478,True,False,121238.70652347611,211.9940718432314
311.34300000000803,37.1,True,False,-873.1633720493899,-1407.6865896991965,-842.4102885245125,-468.2137422528006,392.26674941573657,0.0,1844.9434207214572,-37.69656115221991,-29.328241262682877,-45.35274592415234,-9.644969579043401,15.133740208206618,52.571471218770625,47.761663060086065,17.945905685424805,292.55844753378824,122.50999999999996,170.04844753378828,12.711281776428223,True,-0.5463701193041501,0.12289036857659812,True,False,121949.03874486778,213.24986225045947
311.4429999999993,37.2,True,False,-880.836735505783,-1403.7439703446091,-838.5776773423192,-468.2137422528006,392.26674941573657,0.0,1842.800108545451,-37.71352741575685,-29.122565698916137,-44.957973193159134,-9.656148277299227,15.151280493210438,52.4155509440017,47.649071166463784,17.966705322265625,292.7813832470125,122.50999999999996,170.27138324701252,13.194233894348145,True,1.1650678030403157,0.5559968545457646,True,False,122444.49060496433,214.14432274228136
311.5430000000051,37.3,True,False,-885.1939846304621,-1406.410383779002,-839.9025967145462,-468.2137422528006,392.26674941573657,0.0,1846.3780631308898,-37.72564556280148,-29.129409052823032,-44.809183541349974,-9.666770347113703,15.167947383004988,52.43621139606037,47.66284511961924,17.986469268798828,293.2959197403501,122.50999999999996,170.78591974035012,12.515096664428711,True,-0.402907441097172,0.06727965620976321,True,False,123023.92482046166,214.77969791610477
311.6420000000071,37.4,True,False,-889.10731646448,-1409.1147872651743,-844.2290709926796,-468.2137422528006,392.26674941573657,0.0,1849.8991436042027,-37.71359195591235,-29.07051658960918,-44.95201501954205,-9.641335605149143,15.128038208175573,52.35994483224506,47.617328285024556,17.939144134521484,293.15130100196654,122.50999999999996,170.6413010019666,12.735918998718262,True,0.05109406295066243,0.0010865456258212784,True,False,123678.57340050435,215.90190649973292
311.7430000000022,37.5,True,False,-895.862016931295,-1407.4580380352456,-849.0513456877404,-468.2137422528006,392.26674941573657,0.0,1849.8357649804957,-37.5017419362496,-28.758930113650717,-45.08235800621923,-9.628908337019352,15.108538815685769,51.97354791734619,47.25946158744202,17.9160213470459,293.936639721213,122.50999999999996,171.42663972121306,12.43835735321045,True,0.6474768770391712,0.17087967864245854,True,False,124242.40147497092,216.41130610538053
311.84300000000803,37.6,True,False,-842.7987974415284,-1441.2999852204357,-841.6201343911505,-468.2137422528006,392.26674941573657,0.0,1871.4381993363013,-33.74417017453988,-30.823830545202167,-44.471910463198114,-9.657302538118673,15.15309162213426,51.90428271844036,45.70314595569593,17.968852996826172,295.032349197329,122.50999999999996,172.522349197329,12.222416877746582,True,2.365443546625986,0.7843897932250974,True,False,104143.74734216188,153.0839795925673
311.9429999999993,37.7,True,False,-846.5951312975101,-1444.167579894237,-845.7216081042185,-468.2137422528006,392.26674941573657,0.0,1875.0102723568145,-33.50914964148741,-30.72228743969995,-44.51072963805928,-9.65338973745453,15.146952120267265,51.70188022121172,45.461214845438754,17.961572647094727,294.9966469552011,122.50999999999996,172.4866469552011,11.918394088745117,True,-0.02237025473287524,0.0001869051137730113,True,False,102798.20772629985,145.89724295852653
312.0430000000051,37.8,True,False,-851.7427550409934,-1447.4877169009872,-849.6306784615952,-468.2137422528006,392.26674941573657,0.0,1879.305988917882,-33.47677228906271,-30.605260745453286,-44.725879762516485,-9.640997322670975,15.127507415506956,51.57160315437756,45.358309803066305,17.938514709472656,295.2916141348259,122.50999999999996,172.78161413482596,11.178390502929688,True,-0.45946062434651935,0.08948670501370047,True,False,103289.91979817224,146.07345341936508
312.14300000001094,37.9,True,False,-854.6791174628011,-1451.1619789386302,-855.0292448811667,-468.2137422528006,392.26674941573657,0.0,1883.5033747669272,-33.10564537054473,-30.376976212308914,-45.03063304274795,-9.654864854079026,15.14926669799496,51.21111110256681,44.93044000678662,17.964317321777344,294.4336483455946,122.50999999999996,171.92364834559461,11.564875602722168,True,-0.12063358613950825,0.006180973591055366,True,False,103599.23286192367,145.72100608400385
312.24400000000605,38.0,True,False,-858.0787303930513,-1453.9473928703142,-859.2707412129155,-468.2137422528006,392.26674941573657,0.0,1886.929084029025,-32.91020512112392,-30.251436956667657,-45.14098622282662,-9.642578024432595,15.129987664885764,50.998589896117906,44.70157759025613,17.941455841064453,294.8177622779188,122.50999999999996,172.30776227791884,11.186015129089355,True,0.057562554054545245,0.0014115889374027159,True,False,104030.27545381951,146.10990289603384
312.34300000000803,38.1,True,False,-859.6873480460388,-1457.059910580819,-867.3128226558468,-468.2137422528006,392.26674941573657,0.0,1890.307033105145,-32.44789894959003,-30.178673905716874,-45.44955901010966,-9.64638011446752,15.135953452788485,50.72794805458476,44.31273524564244,17.948530197143555,296.1921622026966,122.50999999999996,173.68216220269665,11.180537223815918,True,0.5283056685424601,0.1176743923383084,True,False,104433.38647048741,145.90887874377387
312.4429999999993,38.2,True,False,-858.0637894001253,-1462.07413154875,-880.5242386377982,-468.2137422528006,392.26674941573657,0.0,1894.8781391099849,-31.72083493398551,-30.2068934509193,-46.14631272542973,-9.670169573470082,15.173281045093265,50.45386090409716,43.80260016099896,17.992794036865234,297.8162017244205,122.50999999999996,175.3062017244206,11.092259407043457,True,0.8654662649924632,0.31158439707506097,True,False,104636.25453496363,144.97698832105405
312.5420000000013,38.3,True,False,-853.7920158810819,-1469.460453566345,-895.4249038696298,-468.2137422528006,392.26674941573657,0.0,1901.2361198487815,-31.115334588405183,-30.217288637836248,-46.69747617181538,-9.670886117264747,15.174405360473152,50.20229331681527,43.37336255319285,17.99412727355957,298.42439047277946,122.50999999999996,175.91439047277947,11.53123664855957,True,1.1644687996953476,0.57043303986219,True,False,104848.81605833437,144.27733672276355
312.64300000001094,38.4,True,False,-859.2658230846231,-1470.3746875467118,-896.9823175508301,-468.2137422528006,392.26674941573657,0.0,1903.2484999632688,-30.873108235286523,-29.782436883544207,-46.568054821091124,-9.642988063800072,15.130631049938632,49.67797976662698,42.89688052562809,17.942218780517578,296.8885522862666,122.50999999999996,174.3785522862666,11.550199508666992,True,-0.46024755005743323,0.08918337251492589,True,False,105153.1280583202,143.7737810256519
312.74400000000605,38.5,True,False,-862.211414036714,-1474.0122647569926,-904.0758308104155,-468.2137422528006,392.26674941573657,0.0,1907.4148799127781,-30.4097852341026,-29.301825235783745,-46.78576038393108,-9.638845641090143,15.12413125244203,49.04179382394472,42.22975254642937,17.934511184692383,296.4639141163546,122.50999999999996,173.95391411635464,10.956154823303223,True,-1.0933413701351746,0.5107694639648656,True,False,105664.33438568612,143.74826820643247
312.84300000000803,38.6,True,False,-865.2520467652605,-1476.7215770666103,-908.3227815956603,-468.2137422528006,392.26674941573657,0.0,1910.6953655089585,-30.14356594568488,-29.123192589117746,-46.967401699330594,-9.660201516446731,15.157640354458039,48.78893711199134,41.91413740618666,17.974246978759766,296.6392985665294,122.50999999999996,174.12929856652946,11.176508903503418,True,0.08502234497014705,0.0030956183550690194,True,False,106110.84728694416,143.86753720739625
312.9429999999993,38.7,True,False,-867.873134416447,-1480.2422497150708,-914.0758358132803,-468.2137422528006,392.26674941573657,0.0,1914.6847211931454,-29.683983877013155,-29.05753267257171,-47.234744400878036,-9.661178435239744,15.159173219346497,48.538951551218176,41.538886646470786,17.976064682006836,296.4607751145296,122.50999999999996,173.95077511452965,10.879952430725098,True,-0.14028598643979961,0.008421912784113845,True,False,106444.43954767563,143.75198669785098
313.0430000000051,38.8,True,False,-869.2586824989488,-1485.810531420195,-922.5558882502261,-468.2137422528006,392.26674941573657,0.0,1920.4195679301758,-29.12612774876534,-28.907575192097195,-47.63151782440454,-9.631393175586258,15.112437729106151,48.1435999242019,41.036315881474444,17.920644760131836,296.357833710785,122.50999999999996,173.847833710785,10.322565078735352,True,-1.0871350888990303,0.5079104474530252,True,False,106921.36113973864,143.9308876367565
313.14300000001094,38.9,True,False,-874.152566731704,-1481.9333736564568,-917.810697373129,-468.2137422528006,392.26674941573657,0.0,1917.65805881631,-28.634199968035823,-28.465785679551793,-47.252768370407665,-9.64878499535777,15.139726906123556,47.55929677302093,40.37596267785622,17.953004837036133,297.34332097831117,122.50999999999996,174.8333209783112,10.407124519348145,True,1.1628137342020963,0.5692994410708999,True,False,107198.83458254406,143.51438801009897
313.2430000000022,39.0,True,False,-875.5227385706992,-1485.8353708732773,-924.9339184917701,-468.2137422528006,392.26674941573657,0.0,1921.761741922131,-28.34355100955442,-28.38850103233529,-47.53595139397206,-9.647279125780713,15.137364074516897,47.37142087431915,40.11563130120371,17.95020294189453,298.7380093336152,122.50999999999996,176.22800933361523,9.87618637084961,True,0.1837437210187165,0.014276804437765007,True,False,107088.08542623992,142.1112414034747
313.34300000000803,39.1,True,False,-874.4248911386043,-1490.1755893413604,-936.2854225201861,-468.2137422528006,392.26674941573657,0.0,1925.7717040772027,-27.570411320213037,-28.20862194204492,-48.15221325361728,-9.656111373756154,15.15122258855568,46.9147978817929,39.44431432076047,17.966636657714844,300.1818588352916,122.50999999999996,177.67185883529166,9.901139259338379,True,0.8039932615743997,0.2729147150771643,True,False,107380.90616737079,141.1374065659425
313.4429999999993,39.2,True,False,-877.9934474091618,-1492.3139931846279,-940.0403137743164,-468.2137422528006,392.26674941573657,0.0,1928.6171165211033,-27.283724699981484,-28.04258732814705,-48.28374607047739,-9.655215437738219,15.149816792215162,46.651346309679845,39.12529025529565,17.964969635009766,299.46297514020836,122.50999999999996,176.9529751402084,9.945854187011719,True,-0.14234332161056784,0.008691856142938022,True,False,107631.5433665307,140.8093663136611
313.5430000000051,39.3,True,False,-880.6115497827857,-1495.517803361364,-945.8699216044881,-468.2137422528006,392.26674941573657,0.0,1932.3049628253239,-26.829127746160808,-27.654557187416113,-48.49545989758858,-9.651002283237398,15.143206010796941,46.1165537436424,38.53020411121493,17.957130432128906,299.00562364589496,122.50999999999996,176.49562364589497,9.454800605773926,True,-0.742106363573571,0.2383181855270502,True,False,108137.9617889525,140.81610463504688
313.64300000001094,39.4,True,False,-883.5892707674277,-1498.3576376411947,-950.5496640568173,-468.2137422528006,392.26674941573657,0.0,1935.7162505447957,-26.580114008593167,-27.425926907998253,-48.62664123272279,-9.670005557723092,15.173023691072117,45.83254695041751,38.19272087024795,17.992488861083984,299.84445189404937,122.50999999999996,177.3344518940494,9.318166732788086,True,-0.18634005654092967,0.015054089889300435,True,False,108640.48160901394,140.98651760512254
313.7430000000022,39.5,True,False,-885.6012974259065,-1500.8484212527312,-956.915380097634,-468.2137422528006,392.26674941573657,0.0,1938.5812906939148,-26.05086884414265,-27.07277911057613,-48.88022318953152,-9.643136703070782,15.130864277020297,45.280914182474,37.57104119271609,17.942495346069336,300.364584154848,122.50999999999996,177.85458415484803,9.740522384643555,True,0.47214849571908246,0.09681756826290924,True,False,109123.86458323563,140.66791487879613
313.84300000000803,39.6,True,False,-888.2538947457199,-1503.542104651062,-961.8277347535014,-468.2137422528006,392.26674941573657,0.0,1941.7839583394293,-25.702945771221806,-26.685104559348698,-49.01375951825743,-9.637272115017451,15.12166226230165,44.787404726189514,37.050455147835116,17.931583404541016,299.6572883317075,122.50999999999996,177.14728833170753,9.426547050476074,True,-0.1953403919768668,0.016621581733251154,True,False,109633.70943127482,140.68448550404486
313.9429999999993,39.7,True,False,-890.8393788165995,-1506.000070505822,-966.5858825159496,-468.2137422528006,392.26674941573657,0.0,1944.7440315620106,-25.329705725684654,-26.435850890038672,-49.311809097130194,-9.682599916895128,15.192785262970965,44.47218533140817,36.61213192959597,18.01592254638672,299.22861641869423,122.50999999999996,176.71861641869424,10.16800594329834,True,0.43952961181272343,0.08444595911844126,True,False,110142.65199323418,140.6244210570108
314.04400000000896,39.8,True,False,-894.5171379321424,-1507.8438171500904,-968.1669802120124,-468.2137422528006,392.26674941573657,0.0,1947.3455652099465,-25.14742880915422,-26.096013533219043,-49.342844192881984,-9.663126122235257,15.162229298347622,44.06819977317712,36.240793286535975,17.97968864440918,300.02939463361366,122.50999999999996,177.5193946336137,9.725090026855469,True,-0.35016703406030736,0.05317023794481262,True,False,110402.83382269621,140.01713463635502
314.14300000001094,39.9,True,False,-897.0286383365697,-1511.0686364428336,-972.4058244432383,-468.2137422528006,392.26674941573657,0.0,1951.04274842063,-24.78939793461209,-25.874659446956407,-49.46142459051988,-9.6438122429287,15.131924253894898,43.71417015978971,35.83311668633529,17.94375228881836,300.72884681535925,122.50999999999996,178.21884681535929,9.296359062194824,True,-0.38831224087601157,0.06618056208502253,True,False,110895.88132083572,140.1097187095313
314.2430000000022,40.0,True,False,-899.305133158512,-1513.57714650383,-978.1462557974353,-468.2137422528006,392.26674941573657,0.0,1953.9909782102097,-24.335755679811435,-25.650224388269052,-49.598999201229454,-9.649396979113728,15.140687158314963,43.354210829939,35.35764437396851,17.954143524169922,301.1270895652932,122.50999999999996,178.61708956529327,9.95167064666748,True,0.17234358918509685,0.013035444405385328,True,False,111351.2764498264,140.07105489525748
314.34300000000803,40.1,True,False,-900.4334513999908,-1516.109526943564,-985.9150084753643,-468.2137422528006,392.26674941573657,0.0,1956.7099655151428,-23.89267923781588,-25.481052921310006,-49.98709147303609,-9.646180220275875,15.135639802575211,43.04275156264151,34.93056225055302,17.948158264160156,301.6409749476732,122.50999999999996,179.13097494767322,10.44709587097168,True,0.8086202800258544,0.2870201639639921,True,False,111823.7934221982,140.35637345783056
314.4429999999993,40.2,True,False,-894.9694508830439,-1523.369604485362,-1004.6206062178842,-468.2137422528006,392.26674941573657,0.0,1962.5960040813281,-22.751677688134247,-25.29773587071683,-50.921856057898005,-9.639538607621176,15.125218573181378,42.49639322625142,34.023731097710304,17.935800552368164,303.52558751921674,122.50999999999996,178.98441248078325,10.944997787475586,True,1.2371670043697751,0.6499756157184415,True,False,111911.60678226576,138.86048412405177
314.5430000000051,40.3,True,False,-885.3454328069221,-1536.3479735414792,-1026.6268657625603,-468.2137422528006,392.26674941573657,0.0,1973.2089592518773,-21.71145978087014,-25.410891553691375,-52.007858750284726,-9.65746962916092,15.153353801543306,42.31733308961213,33.42305933588075,17.96916389465332,304.65227968564363,122.50999999999996,177.85772031435633,11.86555290222168,True,0.8929421406971727,0.3296926782159254,True,False,110785.02356926804,135.33780755919437
314.64300000001094,40.4,True,False,-886.4062078384532,-1539.7159159307512,-1033.377865431229,-468.2137422528006,392.26674941573657,0.0,1976.7250586442026,-21.305036319451162,-25.23680131704103,-52.29761729287524,-9.668172681750473,15.170147759885797,42.04923458313835,33.027272265340606,17.989078521728516,304.72350459680837,122.50999999999996,177.7864954031916,11.799515724182129,True,0.12071495642237728,0.006110416796083002,True,False,110570.92949152953,133.86992866569315
314.7430000000022,40.5,True,False,-895.3163326972228,-1536.2489317637119,-1025.7023537953487,-468.2137422528006,392.26674941573657,0.0,1975.244125499268,-21.251026947493855,-24.599002760891594,-51.8761967252152,-9.698876429587104,15.218324432644568,41.459277929378935,32.5071851004276,18.046207427978516,304.0276218975488,122.50999999999996,178.4823781024512,10.601250648498535,True,-1.6173045201620138,1.1349030364091688,True,False,110828.37812145479,133.45615881870918
314.84300000000803,40.6,True,False,-894.1273602340151,-1542.4759761104394,-1038.0215409250154,-468.2137422528006,392.26674941573657,0.0,1981.0683541862718,-20.79631536806159,-24.353615879767602,-52.444324451280266,-9.733848687239167,15.273198743803698,41.1419810689178,32.02476134660715,18.111278533935547,304.6325258203292,122.50999999999996,177.87747417967077,10.304503440856934,True,-0.9266063868176015,0.3781145941519406,True,False,111101.71676923425,133.48216177988934
314.9429999999993,40.7,True,False,-894.9277864229318,-1546.5504881952866,-1047.291683684838,-468.2137422528006,392.26674941573657,0.0,1985.2196745825554,-20.382837136603424,-24.146064497549343,-52.92931481504171,-9.733567810272445,15.272758025042483,40.83197896566276,31.598931634742218,18.110755920410156,304.2914910546233,122.50999999999996,178.2185089453767,10.320272445678711,True,-0.4350275905491454,0.08168885465129275,True,False,111324.23332303911,133.30074587160402
315.0430000000051,40.8,True,False,-896.9159002475516,-1549.7701724764297,-1053.9852325446116,-468.2137422528006,392.26674941573657,0.0,1988.791830801242,-20.02667863438651,-23.784854577978304,-53.12100692738247,-9.682315964633151,15.192339718821854,40.32651130824358,31.093201257197187,18.01539421081543,304.54094198016946,122.50999999999996,177.96905801983053,9.918127059936523,True,-0.805977276270319,0.28359651993174806,True,False,111784.60325796367,133.5232419069065
315.14300000001094,40.9,True,False,-898.9018508290333,-1552.126700590324,-1059.307275176098,-468.2137422528006,392.26674941573657,0.0,1991.5215628497328,-19.685678080408717,-23.454466139713467,-53.33364712249081,-9.65489253173633,15.149310126486029,39.88568917211087,30.620873654820006,17.96436882019043,305.7011175029007,122.50999999999996,176.8088824970993,10.2055082321167,True,0.002387867477210648,2.4530695641059778e-06,True,False,112241.01170702888,133.55354779060906
315.2430000000022,41.0,True,False,-901.4279003639386,-1554.3429940964697,-1063.0497215862383,-468.2137422528006,392.26674941573657,0.0,1994.2326845994173,-19.517389933263317,-23.203860825364284,-53.43181161946521,-9.666906685203388,15.168161308535067,39.61621010223935,30.320746478441514,17.986722946166992,306.2441351789375,122.50999999999996,176.26586482106248,10.102836608886719,True,-0.3414718206569809,0.050483637233167705,True,False,112651.7747690572,133.66922122667359
315.34300000000803,41.1,True,False,-904.6771424405046,-1555.2615842764772,-1066.4252350595714,-468.2137422528006,392.26674941573657,0.0,1995.837395740791,-19.170291451530737,-22.942917164541104,-53.54739530726992,-9.650858769458782,15.142980826028436,39.25754990236361,29.89778457270082,17.956863403320312,305.7219332153415,122.50999999999996,176.78806678465844,10.559310913085938,True,0.38720242183542375,0.0655562881686873,True,False,113003.19216847078,133.87048197218786
315.4429999999993,41.2,True,False,-907.780754131519,-1556.2902434585706,-1071.3019706847874,-468.2137422528006,392.26674941573657,0.0,1997.5218427870439,-18.86094617926366,-22.74218282394383,-53.76080133023475,-9.69973341186513,15.219669107405064,39.05163276262855,29.5455947710444,18.047801971435547,305.6710885605334,122.50999999999996,176.83891143946656,11.184589385986328,True,0.8202094246088052,0.29585462650732663,True,False,113457.88269886383,134.3710749240726
315.5430000000051,41.3,True,False,-911.053489885412,-1557.0836407359643,-1070.5235376074625,-489.6351871438053,549.7230667565766,0.0,2148.5408743194016,-18.67362325852559,-22.506154354377877,-53.47844609898732,2.9366234766443875,17.93289072668265,45.851053761314695,29.244336022970842,18.17174530029297,306.0432453687687,80.7,134.65675463123134,10.554818153381348,True,-0.7132648863573117,0.22243963617576254,True,False,113734.43936065666,134.4797261771618
315.64300000001094,41.4,True,False,-911.4545409831186,-1561.4953033373806,-1077.9896313968677,-489.6351871438053,549.7230667565766,0.0,2152.9455574852796,-18.394008371952125,-22.3176484008215,-53.73150188100028,2.927626410272115,17.877948917016592,45.50052915653122,28.92087436662549,18.116071701049805,306.70232142906667,80.7,133.99767857093332,9.9971284866333,True,-0.6588452283009083,0.19213073987053683,True,False,114139.23549638686,135.09220757700703
315.7430000000022,41.5,True,False,-912.4865645910191,-1564.9614844844516,-1084.8849171263853,-489.6351871438053,549.7230667565766,0.0,2156.546785642842,-18.074040823256645,-22.065840358686277,-53.93428059479995,2.930980621662127,17.898431865140406,45.14813374084938,28.523188153076013,18.13682746887207,307.286014120588,80.7,133.41398587941197,9.812342643737793,True,-0.2537821347809981,0.02822259021095472,True,False,114443.50290030439,135.45401790042368
315.84300000000803,41.6,True,False,-913.1041149824847,-1569.1432454641877,-1092.4930560146595,-489.6351871438053,549.7230667565766,0.0,2160.768470222773,-17.7832064305547,-21.858455430607794,-54.38106689712697,2.93025472864398,17.893999100682443,44.82527316655115,28.178617864678696,18.132335662841797,307.89882990218473,80.7,132.80117009781526,9.281623840332031,True,-0.5067253941212932,0.11228753761673452,True,False,114814.76594209878,135.85543065073801
315.9429999999993,41.7,True,False,-909.076357692271,-1576.1833892126765,-1107.4109471885267,-489.6351871438053,549.7230667565766,0.0,2166.88928076236,-16.954375978098895,-21.58971507427319,-55.212998620713066,2.926072290273177,17.86845847183737,44.1834774881561,27.451168678128003,18.106454849243164,307.3741250043589,80.7,133.3258749956411,8.696256637573242,True,-1.0976905990211456,0.5163458803670236,True,False,114991.80029311351,135.70205318414514
316.0430000000051,41.8,True,False,-910.8994633328227,-1578.636980198285,-1109.4643281186634,-489.6351871438053,549.7230667565766,0.0,2169.6497597231587,-16.74840532405485,-21.65009637222458,-55.230020837022515,2.927653534936912,17.87811455747192,44.15457792262413,27.37217115658604,18.116239547729492,306.209412450089,80.7,134.490587549911,9.686816215515137,True,0.37475719287209763,0.05613308868082192,True,False,115232.72926618351,134.74590913160813
316.14300000001094,41.9,True,False,-912.0078578687732,-1580.6665416219207,-1116.7991788652214,-489.6351871438053,549.7230667565766,0.0,2171.8560165127037,-16.367914046598788,-21.36770712184161,-55.50799575505389,2.9343505530283287,17.919010809437196,43.77240711322467,26.91630579930401,18.15768051147461,307.83251928066403,80.7,132.86748071933596,10.10792350769043,True,0.2832038537008721,0.03357113407327875,True,False,115581.95292361222,134.28211843479306
316.2430000000022,42.0,True,False,-914.6748312608743,-1582.2170127074062,-1120.7304743559155,-489.6351871438053,549.7230667565766,0.0,2173.896778022374,-16.146585125944604,-21.218249899157826,-55.62249499137088,2.928920071842036,17.885848837369068,43.50868231223315,26.663201983491906,18.12407684326172,308.97168352179597,80.7,131.72831647820405,9.976719856262207,True,-0.18454903950477863,0.014049923058733602,True,False,115744.9446171945,133.1401978657237
316.34300000000803,42.1,True,False,-920.1808454888707,-1579.9308926686103,-1119.3098495319027,-489.6351871438053,549.7230667565766,0.0,2172.7391814976695,-15.862324240318689,-20.84099344725107,-55.3965355419997,2.9294665721907305,17.88918611608838,43.048324136365984,26.190844548684638,18.127458572387695,308.36659412028484,80.7,132.33340587971514,10.750011444091797,True,1.2453571870672064,0.675651566530132,True,False,116071.00517876903,133.535120134842
316.4429999999993,42.2,True,False,-921.5542105035521,-1584.0225012484514,-1130.3430779096989,-489.6351871438053,549.7230667565766,0.0,2177.0218629405485,-15.78416380372682,-20.868298905589743,-55.856064473409916,2.927907828669384,17.879667436740636,43.02960051455619,26.165353546167076,18.117813110351562,307.86665166750976,80.7,132.83334833249023,11.448410987854004,True,0.9193955830601457,0.3683929151314649,True,False,116426.30796543934,133.81415872503516
316.5430000000051,42.3,True,False,-924.4658369368605,-1585.0087523672416,-1138.775591781421,-489.6351871438053,549.7230667565766,0.0,2178.567794120517,-15.448869701648833,-20.625180205345412,-56.27910991306228,2.93314258074038,17.91163416234133,42.696421830868395,25.76947096006233,18.150205612182617,308.05789098923293,80.7,132.6421090107671,11.82536792755127,True,0.592215738893092,0.15234078757226965,True,False,116800.58278521014,134.32731222879636
316.64300000001094,42.4,True,False,-925.9374757352504,-1587.096760807552,-1144.6128586805912,-489.6351871438053,549.7230667565766,0.0,2180.90776111722,-14.994737504366423,-20.3677467345845,-56.5830735109552,2.9205351598366596,17.834645231615333,42.194546407941296,25.292039456497584,18.07219123840332,308.698241093217,80.7,132.001758906783,11.658799171447754,True,0.03892004285363271,0.000655547891029402,True,False,117181.93569637806,134.6609548494484
316.7420000000129,42.5,True,False,-927.8761521308402,-1588.9661070753682,-1149.2914979307534,-489.6351871438053,549.7230667565766,0.0,2183.127693392838,-14.743319122038614,-20.11580888265781,-56.71294038862532,2.897575364025298,17.69443811529051,41.72308637090861,24.940152881205126,17.930116653442383,309.43450419904195,80.7,131.26549580095804,11.60469913482666,True,-0.2188165973437144,0.020538210839700585,True,False,117566.83626495338,134.87034858072394
316.84300000000803,42.6,True,False,-929.2200098589661,-1591.4271378998394,-1153.5575724558596,-489.6351871438053,549.7230667565766,0.0,2185.8085495444775,-14.386712975139291,-19.898038690281172,-56.76651737586047,2.854003288846825,17.428359311138465,41.115718223760354,24.5542145862776,17.660493850708008,309.68977036144526,80.7,131.01022963855473,11.370179176330566,True,-0.7403014392795697,0.23912488025169548,True,False,117999.66928785862,135.54187686473662
316.94400000000314,42.7,True,False,-929.91872368902,-1594.4306687743747,-1160.4884607555884,-489.6351871438053,549.7230667565766,0.0,2188.891233968489,-14.0497154490152,-19.65968047416321,-56.97441124060393,2.803582235807107,17.12045629201572,40.4575345688793,24.16397195298179,17.34848976135254,310.25155735615675,80.7,130.4484426438432,11.403353691101074,True,-0.23313996979890206,0.023664761846367927,True,False,118308.71349941562,136.26908069660533
317.0430000000051,42.8,True,False,-965.2100584902269,-1602.423125295141,-1192.2966607175026,-489.6351871438053,549.7230667565766,0.0,2204.065491363375,-16.796833637563335,-20.21903185334834,-55.99119526778252,2.832175947790739,17.295067683823646,42.339174311584884,26.28579215726043,17.525426864624023,314.0856881633597,80.7,126.61431183664031,11.607555389404297,True,1.300721770661612,0.22735868924778777,True,False,106585.19830837907,124.18635405673841
317.14300000001094,42.9,True,False,-966.2574592934603,-1604.6412051516015,-1197.5229283762064,-489.6351871438053,549.7230667565766,0.0,2206.4573882999766,-16.528563734254682,-19.976854505341723,-56.0375903110731,2.890939684664502,17.653916436627625,42.34609822314658,25.928134044796032,17.889055252075195,315.5069906590069,80.7,125.19300934099316,11.046497344970703,True,-0.09833245308252181,0.00408016003027795,True,False,106839.16837410505,124.06203829708676
317.24400000000605,43.0,True,False,-968.6795361179645,-1605.6207333377276,-1204.216059330869,-489.6351871438053,549.7230667565766,0.0,2207.9380391870222,-16.25560578693213,-19.789966605458662,-56.117532736538585,2.9120793538210186,17.78300870194426,42.17971819613971,25.610300618019117,18.019866943359375,315.832248732582,80.7,124.86775126741796,11.766331672668457,True,0.7467921130131536,0.24489305182908572,True,False,107220.2775708655,124.83709069472874
317.34300000000803,43.1,True,False,-970.1394255487539,-1607.5720862722014,-1209.3927209143797,-489.6351871438053,549.7230667565766,0.0,2210.159881186558,-15.888841131318332,-19.650229802454344,-56.352023424607246,2.916025067844502,17.807103741361,41.9127048635739,25.270275103083822,18.044282913208008,315.0882267646491,80.7,125.61177323535092,12.132185935974121,True,-0.11861314451779492,0.006126872565031861,True,False,107576.97392996211,125.31704157208125
317.4429999999993,43.2,True,False,-972.0381221723114,-1609.4377479125615,-1213.5363122106924,-489.6351871438053,549.7230667565766,0.0,2212.3941817241366,-15.63857722230927,-19.486497777418613,-56.34368801379355,2.924675986505785,17.859931752943705,41.705517241258384,24.985769813385197,18.097814559936523,315.57432845840145,80.7,125.12567154159858,12.1612548828125,True,-0.38133549265679,0.0639731561259073,True,False,107933.50450884568,126.0437090377633
317.5430000000051,43.3,True,False,-973.9799345745552,-1611.3389925235433,-1218.4637244775747,-489.6351871438053,549.7230667565766,0.0,2214.6735783008266,-15.016716438143767,-19.601277321574035,-56.30706676752264,2.9289259283037534,17.8858846006492,41.5612005231733,24.692343858387964,18.124113082885742,316.8982903889081,80.7,123.80170961109192,12.755549430847168,True,-0.146634835664603,0.009373089863531539,True,False,108254.96265459788,126.4329023457448
317.64300000001094,43.4,True,False,-976.3644765229203,-1613.3072488155844,-1223.1798082549965,-489.6351871438053,549.7230667565766,0.0,2217.1164938324064,-15.051252698029062,-19.623616811374955,-56.140773115875824,2.9150911163179685,17.80140043931954,41.514111170421394,24.731084580737758,18.038503646850586,319.3550113309254,80.7,121.34498866907462,12.060216903686523,True,-0.19981171044382862,0.01669021946652646,True,False,108550.71457408436,125.35068195656994
317.7420000000129,43.5,True,False,-980.8012849510073,-1614.5363832757173,-1222.108180006809,-489.6351871438053,549.7230667565766,0.0,2219.293379138784,-15.115655595345276,-19.95492637307606,-56.09751395168886,2.9037721169921062,17.732279430221695,41.7734994504922,25.033620006542787,17.968461990356445,320.27076541225733,80.7,120.4292345877427,11.884035110473633,True,-1.0515621272808868,0.4779327374938119,True,False,108828.5868153499,125.52009784967451
317.8440000000119,43.6,True,False,-989.0703969886356,-1610.977064541726,-1214.0582998144566,-489.6351871438053,549.7230667565766,0.0,2217.6700805632136,-15.275087963860559,-19.985540333068773,-55.636484705965124,2.915338320649414,17.80291002619652,41.93874806151048,25.154525133828237,18.0400333404541,317.5498028709615,80.7,123.15019712903847,12.499427795410156,True,0.6282105396919349,0.1603105174114512,True,False,107575.5178850489,122.11940801188419
317.9429999999993,43.7,True,False,-990.2563894436975,-1613.1142931905251,-1219.9333550356864,-489.6351871438053,549.7230667565766,0.0,2220.0196021150664,-15.016364303198564,-19.840868289245268,-55.81473042999844,2.911348529045635,17.77854582103987,41.67281134500688,24.882750076258745,18.015344619750977,316.9495057971173,80.7,123.7504942028827,12.549239158630371,True,-0.04766857050872808,0.0009698386901240652,True,False,107724.35890152134,121.53530769414677
318.0430000000051,43.8,True,False,-992.4852274383353,-1613.5125974725697,-1222.7672956401977,-489.6351871438053,549.7230667565766,0.0,2220.911232358719,-14.754031915464441,-19.86323529643658,-55.759252036568924,2.9004299267603564,17.711869890936036,41.515883138633676,24.74327331223877,17.94778060913086,318.001470668032,80.7,122.69852933196796,12.697896957397461,True,0.5701391162117471,0.1437138849888993,True,False,108026.74316933379,122.47364153492964
318.14300000001094,43.9,True,False,-992.2392517424557,-1615.9584968669415,-1230.9466245807312,-489.6351871438053,549.7230667565766,0.0,2223.2380620999384,-14.332881280975442,-19.862934163928035,-56.26680248448952,2.9068630958396566,17.751154913017654,41.37666592738391,24.494236861251174,17.98758888244629,320.52368930438865,80.7,120.17631069561138,12.772174835205078,True,0.3558672931743718,0.05342897662830897,True,False,108220.18483844632,121.86760707428239
318.24400000000605,44.0,True,False,-991.9300097365056,-1618.5633445182493,-1239.2018951129671,-489.6351871438053,549.7230667565766,0.0,2225.7057420338597,-14.002942580063353,-19.805328658268678,-56.65451760676212,2.9130993028643517,17.78923715952023,41.22503913901146,24.255585834248365,18.02617835998535,323.33995292928347,80.7,117.36004707071653,12.834518432617188,True,0.23499253312412627,0.021999749371864025,True,False,108130.59658292588,119.43702226640426
318.34300000000803,44.1,True,False,-991.9968833021193,-1617.523978312835,-1235.9425685441604,-489.6351871438053,549.7230667565766,0.0,2224.708301807038,-13.102826953384238,-19.12650150750915,-56.29146522636776,2.9004089667921042,17.71174189603874,40.16415985646733,23.184200095907606,17.947650909423828,320.3430237946819,80.7,120.35697620531808,12.821069717407227,True,-1.6071991244016388,1.0931757582219777,True,False,108418.66798538985,119.20981437804767
318.4429999999993,44.2,True,False,-994.1900873399259,-1620.4430509259628,-1248.2407872101005,-489.6351871438053,549.7230667565766,0.0,2228.0477161966755,-12.871022132383983,-18.745502397475786,-56.58375050195071,2.891144352589788,17.6551662691542,39.66679432066333,22.73888895408236,17.890321731567383,319.22567665620795,80.7,121.47432334379208,12.587301254272461,True,-0.8897147451326841,0.34398794473683353,True,False,108654.40231941643,119.4754504351491
318.5430000000051,44.3,True,False,-997.2667242928429,-1624.8254373748714,-1260.0777483227603,-489.6351871438053,549.7230667565766,0.0,2233.013876877753,-13.142972774221896,-18.896113306998515,-56.833074303404715,2.9051970865984313,17.7409812009602,39.99775556036664,23.01740279559934,17.977279663085938,320.97102287368403,80.7,119.72897712631594,11.611722946166992,True,-0.9847473395504522,0.42083373408920266,True,False,108910.86580338277,119.58290617413218
318.64300000001094,44.4,True,False,-995.0463464264242,-1632.6913627974507,-1277.442055632182,-489.6351871438053,549.7230667565766,0.0,2240.172578676257,-13.329041243701454,-19.146537065879617,-57.440320107532536,2.9058637985297486,17.745052568061084,40.30584979192654,23.329235351622575,17.98140525817871,322.58242119410943,80.7,118.11757880589055,10.639631271362305,True,-1.2720807319051062,0.7009059314708181,True,False,109017.08297148392,120.03745591379673
318.7430000000022,44.5,True,False,-994.6186915797679,-1637.5596305034423,-1289.2397379388794,-489.6351871438053,549.7230667565766,0.0,2244.819355201101,-13.334246933013077,-19.386684560480862,-57.742187154645556,2.894636036712749,17.676488713222074,40.46054195832755,23.529676570623653,17.911928176879883,323.88066072073036,80.7,116.81933927926964,10.405708312988281,True,-0.46387045349072764,0.09053919295938409,True,False,108851.3917953254,119.88116398507734
318.84300000000803,44.6,True,False,-996.0287198885748,-1640.0804403736233,-1295.8053463416381,-489.6351871438053,549.7230667565766,0.0,2247.5928923729607,-13.357742318845366,-19.18018616834578,-57.854121023464515,2.8967292594245277,17.68927126245097,40.293482568898376,23.373250122930596,17.924880981445312,326.00958327982335,80.7,114.69041672017664,9.886184692382812,True,-0.19531859961091946,0.015689185591967133,True,False,109154.67819817309,119.51975977950991
318.9429999999993,44.7,True,False,-990.6643003292634,-1645.3145586079788,-1309.2246004868873,-489.6351871438053,549.7230667565766,0.0,2251.492915606326,-12.660216787327498,-18.441596272173584,-58.40528030178299,2.8937393816003114,17.67101316680669,39.31979289107783,22.369031319392793,17.90637969970703,324.34644256456517,80.7,116.35355743543487,9.507378578186035,True,-1.192873542155949,0.5912920811807487,True,False,109327.51578340385,119.16842962647183
319.0430000000051,44.8,True,False,-988.0798654675477,-1650.3359226901957,-1326.40498068902,-489.6351871438053,549.7230667565766,0.0,2255.8161836450263,-12.041550789825335,-17.92473656022967,-59.000880545542536,2.887643113187183,17.633785474471384,38.56539018195028,21.593867791055345,17.868656158447266,321.9661946156339,80.7,118.7338053843661,9.500296592712402,True,-1.1294058189900955,0.5100229467628753,True,False,109391.56575788424,118.58990454379713
319.14300000001094,44.9,True,False,-989.7791834948761,-1653.287756517894,-1336.5400673637507,-489.6351871438053,549.7230667565766,0.0,2259.070761297769,-11.950861408768567,-17.606386627279637,-59.3466722910617,2.88131628512328,17.595149838265776,38.1987128667748,21.27928425678,17.829505920410156,322.05378528468407,80.7,118.64621471531595,9.168621063232422,True,-0.5271737261437028,0.11582181976173575,True,False,109586.13291674532,118.76129360814933
319.2430000000022,45.0,True,False,-988.0964740401917,-1653.7304134470673,-1340.4584389908257,-489.6351871438053,549.7230667565766,0.0,2259.130561511652,-11.33456131748387,-17.122388393748118,-59.15025953287266,2.8866549123310556,17.627750891519266,37.547505528338824,20.534080562960735,17.86254119873047,325.9399842301117,80.7,114.7600157698883,9.234635353088379,True,0.7771654518720617,0.2351171659224135,True,False,109888.71625699454,117.60194624519167
319.3440000000119,45.1,True,False,-987.0385538516296,-1656.4181915874074,-1349.575505951321,-489.6351871438053,549.7230667565766,0.0,2261.5192594757746,-11.002410739440752,-16.905896527005556,-59.450916836712025,2.895179146478344,17.679805286884466,37.27349962904632,20.17082991503274,17.9152889251709,328.3893283640303,80.7,112.31067163596971,9.461426734924316,True,0.23837468717117893,0.021568153708271455,True,False,109510.74308116586,114.83108517583787
319.44200000001,45.2,True,False,-988.0954695673133,-1657.9607794559843,-1355.115822043001,-489.6351871438053,549.7230667565766,0.0,2263.256639884573,-10.786618429351618,-16.833225161982742,-59.521924928509904,2.8991445875307704,17.7040207920869,37.149986102906766,19.992713835155968,17.93982696533203,326.97594586008285,80.7,113.72405413991716,9.475996971130371,True,0.23267793132386494,0.023070638013022664,True,False,109856.81899486104,115.61602430955253
319.5430000000051,45.3,True,False,-986.9230005792762,-1657.3702964827896,-1353.4769040999745,-489.6351871438053,549.7230667565766,0.0,2262.4226580032937,-10.085734261212465,-16.01036642150107,-59.08167208249278,2.9021976534945706,17.72266475470098,36.14697453115108,18.922311395242495,17.95871925354004,325.3660880622077,80.7,115.33391193779227,8.95334243774414,True,-1.512350926696083,0.9468968367357625,True,False,110140.33522143662,115.41595608811988
319.64300000001094,45.4,True,False,-987.8508091452286,-1658.9511639727502,-1359.309885699387,-489.6351871438053,549.7230667565766,0.0,2264.1688681487626,-9.950918110551248,-15.948044143066536,-59.13807251887433,2.9121835371926252,17.78364491187496,36.101055808652625,18.797895712874237,18.020511627197266,327.75653393020434,80.7,112.94346606979566,8.811142921447754,True,0.016956734372596927,0.00011880386077407114,True,False,110394.3251326698,115.00866346011207
319.7430000000022,45.5,True,False,-988.9440559922929,-1660.242589781594,-1364.3980358566805,-489.6351871438053,549.7230667565766,0.0,2265.669338096127,-9.828579859094104,-15.784614879487922,-59.2571629302805,2.918510365256528,17.822280548080567,35.943173614293705,18.594489746705655,18.059661865234375,327.27882829790116,80.7,113.42117170209886,8.99683952331543,True,0.22429206189444706,0.021738294522695135,True,False,110711.66513813834,115.70295609209322
319.84300000000803,45.6,True,False,-990.2043186155378,-1661.6943405895247,-1370.3095564146213,-489.6351871438053,549.7230667565766,0.0,2267.363315592743,-9.779517431193765,-15.672069328018338,-59.27957972855863,2.9132293779614464,17.79003148079465,35.78851788074609,18.47302677444159,18.0269832611084,327.00684759599676,80.7,113.69315240400327,9.311151504516602,True,0.31290291496925526,0.04241806728038066,True,False,111063.99109046678,116.48285152490492
319.94400000000314,45.7,True,False,-991.2471799891683,-1662.6988370015008,-1375.5538552348194,-489.6351871438053,549.7230667565766,0.0,2268.5734000897596,-9.460807879123536,-15.494904798055693,-59.54117322468864,2.9008713190329622,17.714565312890944,35.43557559357535,18.154860517957587,17.950511932373047,328.46868728026607,80.7,112.23131271973392,9.123993873596191,True,0.3954588650800428,0.06672875711988352,True,False,111407.5166583604,117.17901948141726
320.04400000000896,45.8,True,False,-992.4796024479783,-1664.124654824937,-1380.856159485178,-489.6351871438053,549.7230667565766,0.0,2270.2366044873506,-9.329560035258122,-15.378358123345407,-59.57725246409832,2.894565142702484,17.676055789304733,35.24235400019768,17.98706727127436,17.911489486694332,330.44096051344223,80.7,110.25903948655777,9.042407035827637,True,-0.09350333001402689,0.003593867394595274,True,False,111616.37340632614,116.88674297312332
320.14300000001094,45.9,True,False,-994.2353839125249,-1664.410797378613,-1384.2961421139084,-489.6351871438053,549.7230667565766,0.0,2270.9051338374434,-9.202574967746054,-15.186663011141215,-59.53182132851312,2.894922695102081,17.678239231670442,35.02072599379092,17.75731171802058,17.9137020111084,330.5372718579169,80.7,110.16272814208313,9.336872100830078,True,0.732691535808371,0.23110255360878548,True,False,111934.77367493355,117.636692661143
320.2430000000022,46.0,True,False,-995.0819779734737,-1665.6752562477873,-1389.4674529793663,-489.6351871438053,549.7230667565766,0.0,2272.3261623126555,-8.95820847176875,-15.094499275718258,-59.69811861888784,2.889980766116962,17.648060670076145,34.82032194022179,17.55258976357416,17.883121490478516,329.1379391966801,80.7,111.56206080331985,9.766560554504395,True,-0.1333619120533598,0.007539068175738712,True,False,112199.03346756767,117.9111448672069
320.34300000000803,46.1,True,False,-995.4296753367296,-1667.3311552259715,-1396.7129112669088,-489.6351871438053,549.7230667565766,0.0,2274.01791714511,-8.644833624674376,-14.867373893161588,-59.87295224406894,2.889779797009602,17.646833424884388,34.49957948016999,17.198021830354893,17.881877899169922,331.18615120753486,80.7,109.51384879246513,10.159552574157715,True,0.3135431378417781,0.041559002670507245,True,False,112508.86901540068,118.26146439668153
320.4429999999993,46.2,True,False,-996.1457497059731,-1668.873371898524,-1403.0402473411266,-489.6351871438053,549.7230667565766,0.0,2275.6808009033557,-8.381015996430893,-14.7708643776077,-59.97646329803954,2.8947679612188075,17.677294328163903,34.351510989395095,16.98292859297567,17.912744522094727,332.5459500071106,80.7,108.15404999288943,10.358098030090332,True,0.055717369073464695,0.0013014379812617892,True,False,112761.65771555924,118.42540081750397
320.5430000000051,46.3,True,False,-996.9072675098118,-1670.3808995894824,-1409.3673651043944,-489.6351871438053,549.7230667565766,0.0,2277.320044461111,-8.237186012125123,-14.617848456932949,-60.1159940172901,2.8933457657259276,17.668609497926514,34.15119478039765,16.778937001735443,17.90394401550293,333.04538435603297,80.7,107.65461564396703,10.616292953491211,True,0.10219005300434958,0.004485471511825725,True,False,113093.05491137956,119.09965107964751
320.64300000001094,46.4,True,False,-997.7573559898387,-1671.7662245180443,-1415.2731106301921,-489.6351871438053,549.7230667565766,0.0,2278.8599802797485,-8.044815381770366,-14.437468288599488,-60.262975987310625,2.886354075139671,17.62591378828743,33.87552119014726,16.527538991364835,17.860679626464844,333.6663149883309,80.7,107.0336850116691,10.405884742736816,True,0.06449495714788611,0.0017895188745851451,True,False,113439.42853994487,119.90263776305835
320.7430000000022,46.5,True,False,-998.3701963325653,-1673.1080585645545,-1420.4407035355537,-489.6351871438053,549.7230667565766,0.0,2280.304699216904,-7.847441005884725,-14.322249642928956,-60.31065172261439,2.8842395842248125,17.613001361883335,33.690194790598916,16.33123281247376,17.84759521484375,333.75386933750553,80.7,106.94613066249448,10.40563678741455,True,-0.4309868431513948,0.08028135272447591,True,False,113787.41178931363,120.78741137243549
320.84300000000803,46.6,True,False,-998.5173077040195,-1675.286241100418,-1427.9239502655346,-489.6351871438053,549.7230667565766,0.0,2282.4608282895288,-7.728372936996698,-14.271130520103387,-60.46985307543717,2.8831527482239685,17.606364450002744,33.597308864509365,16.229384294394208,17.840869903564453,334.46796250934943,80.7,106.23203749065058,9.981464385986328,True,-0.705051941503644,0.21433202260519102,True,False,114131.99293399286,121.72115797505894
320.9429999999993,46.7,True,False,-998.9266877321546,-1677.1109715559803,-1435.201422288394,-489.6351871438053,549.7230667565766,0.0,2284.3309013273324,-7.611947976766307,-14.200087721047039,-60.63303797988491,2.8935905041787553,17.670104026580283,33.55704785592961,16.1116182702554,17.905458450317383,334.7850426437968,80.7,105.9149573562032,9.52646255493164,True,-0.09587327212520869,0.0038953301511173684,True,False,114032.40274451458,121.73431812521945
321.0430000000051,46.8,True,False,-1000.0009237522669,-1678.0852846147839,-1440.0690527754095,-489.6351871438053,549.7230667565766,0.0,2285.5203424043016,-7.39922407857431,-14.073865393964043,-60.772487089201846,2.8890055111235786,17.642105142795888,33.342922115179995,15.900383771858229,17.877086639404293,335.5328703572217,80.7,105.16712964277826,9.471480369567871,True,0.16082490533208826,0.010977845175510393,True,False,114230.39054157489,122.36066021082385
321.14400000000023,46.9,True,False,-1000.5879917787078,-1679.4705797954134,-1446.6092578322755,-489.6351871438053,549.7230667565766,0.0,2287.0017670286206,-7.280929107637288,-13.772713039751833,-61.04643291175892,2.8670043256249294,17.50775191074464,32.88537730489281,15.578817450172208,17.740943908691406,336.72975180451635,80.7,103.97024819548368,9.77427864074707,True,0.20194615689508666,0.01712926825373727,True,False,114574.62735883228,122.90475656347452
321.2430000000022,47.0,True,False,-1003.6546135155323,-1679.0263252099123,-1445.8688573724462,-489.6351871438053,549.7230667565766,0.0,2287.2559591961967,-7.04272542640364,-13.70703382588345,-60.90987414468634,2.8581589107876586,17.453736181806107,32.69588809209141,15.410475584342796,17.686208724975586,335.82879982354405,80.7,104.87120017645597,10.0413236618042,True,0.9123743819248809,0.3504295918839918,True,False,114773.46452468842,123.33082408372199
321.3420000000042,47.1,True,False,-1004.3464910040977,-1680.3946510635305,-1451.9562036326352,-489.6351871438053,549.7230667565766,0.0,2288.7448004652515,-6.880521105856803,-13.690014906022382,-60.94543421579626,2.8689714802923674,17.519764608311835,32.69713967644162,15.321817085948258,17.753116607666016,335.17083909364976,80.7,105.52916090635026,10.09489631652832,True,-0.0018680974060139022,1.4780542511518659e-06,True,False,115097.2513632531,123.96817902443908
321.44200000001,47.2,True,False,-1005.0464276945926,-1681.7418320683946,-1458.046084288756,-489.6351871438053,549.7230667565766,0.0,2290.2149116565542,-6.767360779852831,-13.565855755420882,-61.01783440912447,2.883466531278098,17.608280608906444,32.63380526158336,15.160132397231108,17.842811584472656,336.26086129587287,80.7,104.43913870412713,9.945199012756348,True,0.0241927896684615,0.0002498825109150213,True,False,115453.51613685123,124.96797288412083
321.5430000000051,47.3,True,False,-1005.9655582746205,-1681.7653283245977,-1458.3713736609348,-489.6351871438053,549.7230667565766,0.0,2290.4448278738437,-6.494457093594652,-13.444294982138828,-60.76954453250878,2.8941234421950512,17.673358485071926,32.503135260808655,14.930741458725523,17.908756256103516,336.3793548314419,80.7,104.32064516855812,9.938249588012695,True,-0.8998015365994512,0.34644787253404735,True,False,115711.76895693867,125.70212711163146
321.64300000001094,47.4,True,False,-1006.0537787524729,-1683.3982324649605,-1465.5874470386182,-489.6351871438053,549.7230667565766,0.0,2292.0556055200677,-6.3497888755611385,-13.29521258969596,-60.881488245955666,2.8898627121781297,17.647339757639884,32.29261072181114,14.733719712598376,17.88239097595215,336.0886259894337,80.7,104.61137401056634,10.128844261169434,True,-0.24506416500326011,0.0258438298125196,True,False,116006.69381693422,126.64431441802284
321.7420000000129,47.5,True,False,-1006.4815962412863,-1684.8776074646503,-1472.1561626710845,-489.6351871438053,549.7230667565766,0.0,2293.5933344485725,-6.175795156969949,-13.059523512674202,-61.005512395570314,2.882985376712778,17.605342373102246,31.97491993031547,14.446162126978356,17.839834213256836,336.4453437268761,80.7,104.25465627312389,10.120251655578613,True,-0.17309669823945661,0.01289939828021775,True,False,116345.05895128654,127.68659146245342
321.84300000000803,47.6,True,False,-1030.609718903824,-1711.2462532698703,-1462.4704287037266,-489.6351871438053,549.7230667565766,0.0,2324.787239752022,-8.982695923649466,-13.735361020931009,-59.54489974528412,2.8807201589674003,17.59150951280433,33.49796200646702,16.411854509227762,17.825817108154297,340.32578498234284,80.7,100.37421501765715,9.840044975280762,True,-0.919212797788262,0.3255118435841736,True,False,114537.26049754384,116.44831107172566
321.9429999999993,47.7,True,False,-1031.6349953988604,-1712.261861576085,-1468.3674705246992,-489.6351871438053,549.7230667565766,0.0,2326.0136732514347,-8.687563591253848,-13.68608011839878,-59.611797075410905,2.8859487463418514,17.623438592846995,33.380116083655686,16.21056908807676,17.858171463012695,341.23570759007157,80.7,99.46429240992843,9.990133285522461,True,0.12128041462355554,0.006198555400955414,True,False,114851.41897211722,116.77129820145882
322.0430000000051,47.8,True,False,-1032.4003208021968,-1713.6050548421708,-1472.377022535143,-489.6351871438053,549.7230667565766,0.0,2327.4982655922486,-8.55397157527166,-13.545164439889902,-59.707027420579315,2.8805666580234353,17.590572138409396,33.16900295278609,16.02004711023702,17.824867248535156,341.0375712209512,80.7,99.6624287790488,9.989830017089844,True,-0.5680892726623021,0.14093168018136362,True,False,115163.53563275094,117.62820044006641
322.14400000000023,47.9,True,False,-1034.9727026227981,-1715.3299728670233,-1473.5861027955546,-489.6351871438053,549.7230667565766,0.0,2329.7764438024756,-8.768118195770809,-13.793176922795631,-59.40129489433717,2.8546847960498503,17.43252102757862,33.31866986952934,16.344161842032438,17.664710998535156,342.15971506022555,80.7,98.54028493977448,9.35352897644043,True,-1.2487893757312527,0.6753558942725961,True,False,115465.87186577247,118.1988051771404
322.2430000000022,48.0,True,False,-1035.1077217762631,-1717.4091211238488,-1481.6742253101797,-489.6351871438053,549.7230667565766,0.0,2331.829462752764,-8.787262539356412,-13.55936833736763,-59.53271048417412,2.8294708789468914,17.27854881296033,32.95338570590913,16.157736618845608,17.50868797302246,342.5719392355111,80.7,98.12806076448895,9.168767929077148,True,-0.18217506297626862,0.014326069064970696,True,False,115411.64317931455,118.31799647871351
322.34300000000803,48.1,True,False,-1040.467777909085,-1716.0010085260928,-1476.0691319822035,-489.6351871438053,549.7230667565766,0.0,2331.720851295175,-8.97908007710226,-13.920252251140447,-59.02765166929661,2.834024740284517,17.306357586676675,33.38638356261163,16.564941948778312,17.536867141723633,340.17683006947703,80.7,100.52316993052298,10.149134635925293,True,1.1224363473981285,0.5337752200415701,True,False,115449.0070549451,118.2514242910787
322.4429999999993,48.2,True,False,-1039.8861516638126,-1717.0116471527604,-1481.9952443654824,-489.6351871438053,549.7230667565766,0.0,2332.565623341998,-8.527651533158629,-13.620225756524617,-59.108518674220825,2.857155606424996,17.447609367236815,33.08812797489062,16.069579656284706,17.68000030517578,339.0211935465562,80.7,101.67880645344381,10.038186073303223,True,-0.29424237560146516,0.03554044560186352,True,False,115723.5063175761,117.30122450015514
322.54400000000896,48.3,True,False,-1041.3234978330536,-1717.6320695046934,-1484.3221880103483,-489.6351871438053,549.7230667565766,0.0,2333.507940008244,-8.222763457925177,-13.372562734223973,-59.03628014707673,2.8120824276378706,17.172363869704608,32.47707445195013,15.698384406229367,17.40108871459961,339.23079127147645,80.7,101.46920872852355,9.77406120300293,True,-1.0258452638798232,0.46321414363291513,True,False,116032.16802298481,118.23167179424988
322.6420000000071,48.4,True,False,-1043.5609823698867,-1720.8986886400073,-1492.1792563904007,-489.6351871438053,549.7230667565766,0.0,2337.2113602960926,-8.276658528229673,-13.676844533690197,-59.187127295715804,2.765293613802334,16.886641613372806,32.49694435741055,15.986217588649556,17.111560821533203,340.80462889457067,80.7,99.89537110542936,9.300287246704102,True,-1.0118617056854369,0.44331772583870394,True,False,116349.91901641828,118.72886900401798
322.7430000000022,48.5,True,False,-1046.1200429281441,-1719.7729683090597,-1491.6159892969972,-489.6351871438053,549.7230667565766,0.0,2336.72583926655,-8.023130975802703,-13.456520006995937,-58.966209981380075,2.733341991610763,16.691524686106245,32.009472184276696,15.666798056832379,16.91384506225586,341.8234716775899,80.7,98.87652832241012,9.790369987487793,True,0.5465598238998854,0.12780169572901723,True,False,116288.79652739095,118.75915977819557
322.84300000000803,48.6,True,False,-1046.6940943282145,-1720.9712780512577,-1497.7990769765395,-489.6351871438053,549.7230667565766,0.0,2338.026397116972,-7.6784631542490525,-13.356911335760975,-59.15981115211603,2.6445244343767382,16.14914819107507,31.259744425636534,15.406682863048111,16.36424446105957,342.3502898282996,80.7,98.3497101717004,10.16273021697998,True,0.34335600797794896,0.05198936596883841,True,False,116624.41675548142,119.81877445067448
322.9429999999993,48.7,True,False,-1048.277608016262,-1722.050353736347,-1500.821858308046,-489.6351871438053,549.7230667565766,0.0,2339.452035938407,-7.590746315211926,-13.361340063069672,-59.12634280916995,2.687200470912428,16.409755213367536,31.495306064509133,15.367004844890696,16.62832260131836,342.9349942728924,80.7,97.76500572710759,9.853074073791504,True,-0.5384322036013991,0.126906143096232,True,False,116892.11068499679,120.56721192062135
323.0430000000051,48.8,True,False,-1049.1546989581177,-1723.0910601024189,-1506.659447667813,-489.6351871438053,549.7230667565766,0.0,2340.672155461064,-7.3573097573707775,-13.297703340859584,-59.30336259055005,2.8200949919719425,17.221293683753363,32.17124098974545,15.197332693845043,17.45067024230957,343.4284206483457,80.7,97.27157935165432,10.749128341674805,True,0.3843864625824711,0.0650959452688199,True,False,117231.0347289878,121.67950464149718
323.14300000001094,48.9,True,False,-1049.6584929283063,-1732.4808329197585,-1525.5334310245516,-489.6351871438053,549.7230667565766,0.0,2349.9107946302283,-7.63574304705456,-13.72483724858941,-59.54079466998591,2.8609228524835086,17.470614567748605,32.91407311518876,15.705913834632781,17.703311920166016,347.20512672438906,80.7,93.49487327561096,10.680625915527344,True,0.37979401372644617,0.044957388048605954,True,False,116065.00744393069,119.75762437433804
323.2490000000107,49.0,True,False,-1051.544049673053,-1734.102915568848,-1532.7088979210944,-489.6351871438053,549.7230667565766,0.0,2351.935944564308,-7.580958662927707,-13.875878383641629,-59.72611079576166,2.877189020786553,17.56994613716507,33.13929288273583,15.81173409739209,17.803966522216797,346.42943452588634,80.7,94.2705654741137,11.826419830322266,True,0.2867230317292986,0.03518513238402903,True,False,116320.43225619209,120.27816950388264
323.3440000000119,49.1,True,False,-1052.7923637203842,-1735.6449000627658,-1539.0739282907048,-489.6351871438053,549.7230667565766,0.0,2353.7316646749855,-7.339811727941543,-14.06882068850778,-59.90175366112768,2.882324521243178,17.60130676928149,33.27895795678576,15.868350631587793,17.835744857788086,346.0857330528356,80.7,94.61426694716442,12.41942310333252,True,0.222488265516672,0.021480792646495935,True,False,116636.6480238364,121.28124970468659
323.4429999999993,49.2,True,False,-1053.5346857106097,-1737.0445257589438,-1544.08595600043,-489.6351871438053,549.7230667565766,0.0,2355.268279127268,-7.220560214870376,-14.11228992311125,-59.96008386800292,2.880937772755431,17.59283840100277,33.275447760211215,15.852230653460612,17.827163696289062,347.26985217154777,80.7,93.4301478284522,12.17002010345459,True,-0.32517272437106115,0.0461853968269175,True,False,116953.07777663763,122.32342119063253
323.5430000000051,49.3,True,False,-1054.2975086396343,-1736.603163325637,-1546.71387999646,-489.6351871438053,549.7230667565766,0.0,2355.0225408006195,-6.874955445934173,-13.959865470660215,-59.83242020863092,2.88191241127916,17.598790163727223,33.03248727893461,15.560940085435433,17.833194732666016,348.08897169890975,80.7,92.61102830109027,13.21379566192627,True,1.1244169107869215,0.5506251336047931,True,False,117265.1990985625,123.35055994022707
323.6420000000071,49.4,True,False,-1056.224629888683,-1735.7060303654785,-1544.1678602866798,-489.6351871438053,549.7230667565766,0.0,2354.6145660387997,-6.759111255214947,-13.720838755415276,-59.42847085268708,2.8625413935613393,17.480498409009233,32.65118130392531,15.295326119847173,17.713327407836914,347.24834789870704,80.7,93.45165210129296,12.523351669311523,True,-0.9266248527795895,0.3749197816940326,True,False,117393.3613388195,123.69229487068664
323.7430000000022,49.5,True,False,-1056.9642081945626,-1736.5641806736428,-1547.7948209379147,-489.6351871438053,549.7230667565766,0.0,2355.625521148992,-6.557234410816274,-13.82150495234511,-59.536076738565185,2.8591051917072816,17.459514774963626,32.66756260712348,15.298082306815239,17.69206428527832,347.2935483965249,80.7,93.40645160347515,13.110904693603516,True,0.38718061197145737,0.06609500540377967,True,False,117647.26257776098,124.6985072170721
323.84300000000803,49.6,True,False,-1058.2936855426062,-1738.7401000935245,-1554.1876921704256,-489.6351871438053,549.7230667565766,0.0,2358.057707909366,-6.577616462610086,-13.978697826014779,-59.57739622159602,2.85451958218245,17.43151212662343,32.79583021721339,15.448916830646398,17.66368865966797,349.79004753693556,80.7,90.90995246306447,12.013599395751953,True,-0.34538483381805385,0.05074094389984436,True,False,117962.97176700775,124.54974932397371
323.9429999999993,49.7,True,False,-1059.126886644089,-1739.343944957254,-1559.1344607093415,-489.6351871438053,549.7230667565766,0.0,2358.844755365687,-6.256551153999739,-13.937433642631971,-59.517561145843516,2.864285077979029,17.49114645509786,32.72530061787051,15.277319427353248,17.724117279052734,350.4211512484115,80.7,90.27884875158848,13.065391540527344,True,0.6409751658816756,0.18000242445046646,True,False,118295.47954535898,125.69854326422072
324.0430000000051,49.8,True,False,-1059.8074345318555,-1740.0610381020415,-1562.9867481538176,-489.6351871438053,549.7230667565766,0.0,2359.7049897295897,-6.033930764269505,-13.907282338626404,-59.44835393023582,2.8866804958217163,17.62790712058509,32.77263308741045,15.159842430390492,17.862699508666992,349.2544672386573,80.7,91.44553276134272,13.71131420135498,True,-0.2325831327396859,0.0236340595338601,True,False,118432.51453427537,125.96758797713505
324.14300000001094,49.9,True,False,-1060.1322715118793,-1740.380820830506,-1566.8371631500809,-489.6351871438053,549.7230667565766,0.0,2360.093798816891,-5.691699365237099,-13.773099855054701,-59.5410556619109,2.87141362482858,17.534677896125196,32.45772406990217,14.902809174164052,17.76822853088379,349.0470031192969,80.7,91.6529968807031,13.541460037231445,True,-0.9141249725865634,0.369209353030218,True,False,118760.21701056247,127.1297786884329
324.2430000000022,50.0,True,False,-1063.5679971898653,-1740.544359044312,-1564.657315360588,-489.6351871438053,549.7230667565766,0.0,2361.0852911599773,-5.73588922777552,-13.876888076225992,-58.95017089151687,2.8402859143302184,17.344592297689267,32.37794954605446,15.015606811361781,17.57561111450195,348.9543571558438,80.7,91.74564284415618,13.033186912536621,True,-1.7279268829700811,1.3306495446842677,True,False,119047.95328438247,128.18636089020129
324.3440000000119,50.1,True,False,-1064.6264633991736,-1740.3812880690066,-1564.8229836454007,-489.6351871438053,549.7230667565766,0.0,2361.1846441481184,-5.477083648003159,-13.849214164488368,-58.722527841301485,2.8164997409470294,17.1993387943106,32.13714620598435,14.892923764697409,17.428422927856445,350.290650172229,80.7,90.40934982777102,13.317439079284668,True,0.36613714540275133,0.05822770904378893,True,False,118783.95373559292,127.63622389239113
324.4429999999993,50.2,True,False,-1065.1118728048832,-1741.7429724951032,-1570.7766599606612,-489.6351871438053,549.7230667565766,0.0,2362.623546988229,-5.3251985425487,-13.785919724578587,-58.84152846375699,2.832200298342091,17.295216383777863,32.133785610094954,14.778677957452343,17.525577545166016,351.6081755670811,80.7,89.0918244329189,13.478341102600098,True,0.029229294015554075,0.00037782083400963594,True,False,119101.54529943007,128.2517675784061
324.5430000000051,50.3,True,False,-1065.742994204323,-1742.496992822737,-1574.608078760008,-444.8431342238583,701.7206035542182,0.0,2521.847793694635,-5.038119103079411,-13.824610589553426,-58.92829257974958,7.112629012702759,16.12648874320847,32.32195896003449,14.714023992423229,17.625354766845703,352.3648555668109,66.2,73.83514443318909,12.707100868225098,True,0.17720385732595645,0.013736923599160011,True,False,119105.66350937463,128.50483752556465
324.64300000001094,50.4,True,False,-1066.238203160929,-1743.8936326682128,-1580.546981685911,-444.8431342238583,701.7206035542182,0.0,2523.323368915116,-4.972119914113238,-13.944675368321995,-59.009298582843044,7.092263478881295,16.080313896842277,32.35814158795885,14.804592110835328,17.574888229370117,352.30363039437805,66.2,73.89636960562197,13.20018196105957,True,0.028268164842806698,0.00035759183350038724,True,False,119442.53639916229,129.78495775562556
324.7430000000022,50.5,True,False,-1066.328975752565,-1744.811997813355,-1585.4327601029663,-444.8431342238583,701.7206035542182,0.0,2524.235809264861,-4.754485155279402,-13.828838263412354,-58.994531750376055,7.060420924960361,16.008117162492173,32.09105661663854,14.623333983992495,17.495981216430664,352.56015178360366,66.2,73.63984821639636,12.330484390258789,True,-1.2503538914147878,0.6987767339704255,True,False,119784.6879408265,131.1092737826617
324.8440000000119,50.6,True,False,-1066.8125288523975,-1746.2546939357353,-1591.4257936731087,-444.8431342238583,701.7206035542182,0.0,2525.7531520272555,-4.628976119683292,-14.062922766769331,-58.93179120763935,7.075601749011184,16.042536698184392,32.300709476423336,14.805175333670228,17.533599853515625,354.1024433567615,66.2,72.0975566432385,12.58865737915039,True,-0.016338008839486662,0.00011621692985900037,True,False,120028.09676262658,131.6362072406328
324.9429999999993,50.7,True,False,-1066.9893805797105,-1747.2499758615866,-1597.141531121354,-444.8431342238583,701.7206035542182,0.0,2526.7613363154937,-4.351024063120367,-14.07271809931295,-58.90016093817679,7.054590435573099,15.994897673425166,32.15819585035542,14.72999677870239,17.48153305053711,355.8409631380345,66.2,70.35903686196549,12.633468627929688,True,0.18835483286478905,0.015288553549314047,True,False,120356.89636847415,132.03896382260345
325.0430000000051,50.8,True,False,-1067.5219299431296,-1747.9306160382398,-1600.1530163227087,-444.8431342238583,701.7206035542182,0.0,2527.5521716255867,-4.212007704114452,-14.192031304505637,-58.75290288438114,7.106988639603107,16.113700305468136,32.35053394682776,14.803876568236696,17.61137771606445,355.58437997763184,66.2,70.61562002236816,12.961849212646484,True,0.6741176217051361,0.20244608684081808,True,False,120661.93958929877,133.27725184129048
325.14300000001094,50.9,True,False,-1068.3978349439403,-1749.68149113582,-1605.2478242783711,-444.8431342238583,701.7206035542182,0.0,2529.4649028284257,-4.2826423980894415,-14.509678223302569,-58.66628240483576,7.112323441179757,16.125795919821062,32.68604476610941,15.128509115365402,17.624597549438473,354.4544425197168,66.2,71.7455574802832,12.930194854736328,True,0.3222137800558933,0.04583932571413967,True,False,120992.74891666451,134.1686894857342
325.2430000000022,51.0,True,False,-1069.518823881084,-1750.4022740025462,-1607.8063042444799,-444.8431342238583,701.7206035542182,0.0,2530.4399467061053,-4.015916685053658,-14.507490888907766,-58.59324396365906,7.079417929391654,16.051189137365146,32.51060404167599,15.053068747369561,17.54305648803711,355.2936060894363,66.2,70.90639391056368,12.848347663879395,True,0.5861002035428271,0.15277272741582854,True,False,121266.98868260009,135.40763025553238
325.34300000000803,51.1,True,False,-1068.676759247667,-1750.0008115362555,-1613.1949745712027,-444.8431342238583,701.7206035542182,0.0,2529.8431352405196,-3.576834990553402,-13.90889704776207,-58.529907687963664,7.082164994292398,16.057417567263517,31.80557014555216,14.361447198485658,17.549863815307617,357.77893509323513,66.2,68.42106490676488,12.704747200012207,True,0.8246504780183805,0.2918499541326566,True,False,121603.64708011877,135.48152551792356
325.4429999999993,51.2,True,False,-1067.0514093333825,-1751.6348947142494,-1624.1585362240985,-444.8431342238583,701.7206035542182,0.0,2531.0267360300427,-3.262033370294249,-13.759542044096314,-58.9871085500402,7.06864749533278,16.02676929439292,31.526929921907154,14.140928504598538,17.516366958618164,358.70932752106006,66.2,67.49067247893993,13.3367919921875,True,0.4457365377942608,0.08631564112614447,True,False,121612.04587071859,135.29523151349198
325.5430000000051,51.3,True,False,-1065.789829764918,-1751.862777373498,-1629.3493588687718,-444.8431342238583,701.7206035542182,0.0,2530.937811537068,-2.78624178474244,-13.614394159087471,-59.049068656155626,7.0455633755686335,15.974430588570005,31.179527620826892,13.896577693879879,17.459163665771484,359.23794121360964,66.2,66.96205878639039,13.813465118408203,True,0.988567941657239,0.432727462901415,True,False,121956.45352294316,136.54120461373674
325.64300000001094,51.4,True,False,-1066.998038304906,-1752.8300978282132,-1631.2631205446428,-444.8431342238583,701.7206035542182,0.0,2532.1721644329564,-2.5832077045491926,-13.825821768881939,-58.84542800855044,7.065408591129268,16.01942571551583,31.366137693796208,14.065074106798443,17.50834083557129,359.5584758397697,66.2,66.64152416023032,13.775447845458984,True,-0.31490403426050584,0.0435337105616174,True,False,121922.83621829245,136.54569682715618
325.7430000000022,51.5,True,False,-1067.332003653887,-1754.047144285902,-1636.489376314727,-444.8431342238583,701.7206035542182,0.0,2533.4339588582156,-2.3248744036359494,-13.92717761508989,-58.82663580861935,7.077559100101853,16.046974607187348,31.414257228787996,14.119890839342299,17.538450241088867,0.1944355185992464,66.2,66.00556448140077,13.733906745910645,True,0.16000358744999055,0.011464948435940758,True,False,122236.63485442958,137.96081941318317
325.84300000000803,51.6,True,False,-1067.7639841879597,-1755.5286905140383,-1641.192684924313,-444.8431342238583,701.7206035542182,0.0,2534.976228393265,-2.196916317915588,-14.044889816609363,-58.867601058405064,7.051596296468616,15.98810905131683,31.424767406924108,14.215673437041987,17.47411346435547,1.2064509648622657,66.2,64.99354903513775,13.508296012878418,True,-0.4203434558640087,0.0786339324868309,True,False,122575.06402610832,139.00492663147008
325.9429999999993,51.7,True,False,-1069.704521267649,-1753.2318195927007,-1633.5259544240532,-444.8431342238583,701.7206035542182,0.0,2533.227813074304,-1.6669992639187288,-13.61424616407647,-58.29681191278173,7.047773958475593,15.979442650959504,30.85018136087609,13.71592450992555,17.464641571044922,1.7053196212902177,66.2,64.49468037870979,14.322325706481934,True,1.2785557839868211,0.7145426752879696,True,False,122653.36455277233,139.4931918908157
326.0430000000051,51.8,True,False,-1071.8831856721872,-1752.178695893745,-1629.1688132946922,-444.8431342238583,701.7206035542182,0.0,2532.7457428552766,-1.5797087651843593,-13.540279958494416,-57.79742602197136,7.0571050505999215,16.000599068907928,30.777558165002983,13.632118732508378,17.487764358520508,1.0543127895608548,66.2,65.14568721043915,13.88808822631836,True,-0.7645705005962036,0.262507725427808,True,False,122578.47053800317,139.57384017535674
326.14300000001094,51.9,True,False,-1071.891035827736,-1752.584340152604,-1637.3872823240724,-444.8431342238583,701.7206035542182,0.0,2533.1407042660644,-1.4814019042150326,-13.266260488232385,-58.07439091929556,7.04564111542713,15.974606848424232,30.458804724722537,13.348716003550592,17.4593563079834,0.9844270449041608,66.2,65.21557295509584,13.362200736999512,True,-0.9829100402544491,0.4396952122159315,True,False,122919.21407771538,140.7772461497338
326.2430000000022,52.0,True,False,-1073.3426786376083,-1756.7649926182207,-1649.0379991460816,-444.8431342238583,701.7206035542182,0.0,2537.550611104268,-1.6206299447459305,-13.759137353297833,-58.377360824659945,7.046436986849761,15.976411330496218,30.972905978016424,13.85425213155596,17.461328506469727,2.5640040453578847,66.2,63.63599595464211,12.410120010375977,True,-0.7359584710659313,0.23575000057357717,True,False,123091.02614328412,140.44551399409693
326.34300000000803,52.1,True,False,-1058.940652372194,-1725.0452265457736,-1665.653438555868,-444.8431342238583,701.7206035542182,0.0,2503.259506311091,0.9947917969049103,-9.932621407555436,-59.62885708416755,7.0579186251586465,16.002443689362558,26.634359547713256,9.98231329627646,17.48978042602539,3.0149415441261525,66.2,63.18505845587385,12.704872131347656,True,0.052571968280025416,0.0005716276681330426,True,False,121727.13696562112,122.16830628255038
326.4429999999993,52.2,True,False,-1056.5868087312078,-1723.9937337471276,-1668.769148735234,-444.8431342238583,701.7206035542182,0.0,2501.663520437763,1.4716827988486678,-9.6620603171388,-59.604189231863224,7.071129013192124,16.032395648551603,26.297506826315843,9.773497829971387,17.52251625061035,3.8494488710804475,66.2,62.350551128919555,13.412083625793457,True,0.8075352995377365,0.2795767398574503,True,False,121991.15330707218,122.82542122259801
326.5430000000051,52.3,True,False,-1055.3105575381167,-1724.5723718975416,-1680.425318617493,-444.8431342238583,701.7206035542182,0.0,2501.912883706086,1.6930664236965516,-9.201412616732881,-59.92512272235972,7.110055900356671,16.120654716548273,25.894996988249893,9.355878796693535,17.61897850036621,6.45792159225273,66.2,59.74207840774727,13.920602798461914,True,0.4519527994539949,0.08543302787153809,True,False,121922.015683003,120.74097739066991
326.64300000001094,52.4,True,False,-1054.8145769945795,-1725.6458289800814,-1688.5466389534215,-444.8431342238583,701.7206035542182,0.0,2502.832986595408,1.8706145288790037,-9.009772762785467,-60.16598563337193,7.085603251202353,16.06521313923214,25.611540862672463,9.201913059396079,17.55838394165039,6.126287396133016,66.2,60.073712603866994,14.406318664550781,True,0.23753607361463658,0.02502679311750631,True,False,122061.11439277869,121.22782216436454
326.7430000000022,52.5,True,False,-1055.08175929419,-1725.2710639565876,-1685.647417652468,-444.8431342238583,701.7206035542182,0.0,2502.5346618367967,2.1187574661969237,-8.899719721683491,-59.8132801514318,7.070023721738644,16.029889617356854,25.416539090333163,9.148450378347542,17.519777297973633,5.7863444816645755,66.2,60.413655518335425,13.83581829071045,True,-1.1806487701310573,0.6216118796964282,True,False,122254.10238834698,121.96398442403381
326.84300000000803,52.6,True,False,-1054.46584128911,-1726.3009997442582,-1693.1734761407176,-444.8431342238583,701.7206035542182,0.0,2503.38346064954,2.327537377284016,-8.721144759686435,-60.08529191990162,7.085931144070864,16.06595657188462,25.23970490440345,9.026394416491025,17.55919647216797,5.8877923422699805,66.2,60.31220765773002,14.199542045593262,True,-0.7155052972836629,0.23095303689169086,True,False,122567.58443903431,123.10409037422234
326.9429999999993,52.7,True,False,-1054.509525796181,-1726.1137005578053,-1698.5176041876118,-444.8431342238583,701.7206035542182,0.0,2503.212439493686,2.5274281247992287,-8.365728298014579,-60.19645973092981,7.081602342445258,16.05614186475421,24.842871111282776,8.739182048809147,17.548469543457028,7.1599651872541274,66.2,59.04003481274588,15.421733856201172,True,0.7285410562241132,0.236574537525555,True,False,122886.98172635303,124.01251684017481
327.04400000000896,52.8,True,False,-1054.2278700243398,-1726.8869937544368,-1704.7391393203975,-444.8431342238583,701.7206035542182,0.0,2503.893891108795,2.736058497120184,-8.199823311280497,-60.35318686783618,7.080072175725538,16.052672512375967,24.63846603415855,8.644253492111543,17.544677734375,9.668176196128176,66.2,56.53182380387183,15.01451301574707,True,0.03391802639226782,0.0004907783261868455,True,False,123130.74781554082,123.43133599244173
327.14300000001094,52.9,True,False,-1053.9692006733756,-1727.2005986758543,-1711.3629584453492,-444.8431342238583,701.7206035542182,0.0,2504.135134426863,2.86514728737852,-8.026692285539776,-60.56757868344167,7.101068864833808,16.100278379340832,24.49599447000184,8.522725973837023,17.596708297729492,11.562497706323986,66.2,54.637502293676015,15.089498519897461,True,0.25315665637392826,0.027558785349778424,True,False,123437.87628430498,123.37339683617873
327.24400000000605,53.0,True,False,-1053.153381503695,-1727.6847428460253,-1719.681605247825,-444.8431342238583,701.7206035542182,0.0,2504.4064554428346,3.0253848087157253,-7.6013484573742,-60.80275341766181,7.074574967117771,16.040208671990943,23.985811731937194,8.181286672109284,17.531055450439453,10.172733654963077,66.2,56.02726634503693,14.267422676086426,True,-0.9455232289399795,0.3958674063969353,True,False,123754.01813624168,124.31271605542642
327.3440000000119,53.1,True,False,-1052.8107017816826,-1727.0970766681958,-1724.6318064326415,-444.8431342238583,701.7206035542182,0.0,2503.75316015041,3.2066365411495923,-7.079363547168141,-60.885260324499015,7.074955969394563,16.04107251979136,23.44181006503762,7.771737652546495,17.531999588012695,9.078501059330272,66.2,57.12149894066973,14.773600578308105,True,-0.9654118988980507,0.4085427922545669,True,False,124078.18915439799,125.05617939815104
327.4429999999993,53.2,True,False,-1053.0525895808012,-1724.780349450582,-1719.9916701131185,-444.8431342238583,701.7206035542182,0.0,2501.5646336880427,3.413755174207113,-6.76409662608943,-60.25919689996377,7.110913347904844,16.12259881038598,23.18339506119249,7.5767227451253785,17.621103286743164,10.881776968333822,66.2,55.31822303166618,15.060260772705078,True,0.921991364011765,0.3689735320899821,True,False,124074.2390248894,124.9084178432968
327.5430000000051,53.3,True,False,-1053.6580191796734,-1724.9957855298912,-1717.9187537693963,-444.8431342238583,701.7206035542182,0.0,2501.920861496858,3.6166544169541304,-6.956521283205436,-60.05095610154021,7.15573768849318,16.22422919524488,23.449356135021326,7.840496000596138,17.732179641723633,11.439023699763146,66.2,54.760976300236855,14.703746795654297,True,-0.7656013528800365,0.25953875287836764,True,False,124148.25491842757,124.97504856063514
327.6420000000071,53.4,True,False,-1052.6774839399352,-1725.8242306564775,-1727.7513392620467,-444.8431342238583,701.7206035542182,0.0,2502.486067653085,3.634719784017582,-6.67074915725594,-60.17354914235062,7.160368982835512,16.23472974517441,23.175227421166923,7.596715226159241,17.743656158447266,10.687326663025297,66.2,55.51267333697471,14.370254516601562,True,-0.4019709766904622,0.07173229532202628,True,False,124269.33350486367,125.22426869761182
327.7430000000022,53.5,True,False,-1052.256916640625,-1726.5041010032353,-1734.1934623416137,-444.8431342238583,701.7206035542182,0.0,2503.043491210845,3.640587792738185,-6.578980486721324,-60.30940330043522,7.144879508455409,16.199610405506498,23.046567281578586,7.5190999276039845,17.705272674560547,9.914343716338951,66.2,56.285656283661055,14.334159851074219,True,-0.05002679462285542,0.0011025611446371423,True,False,124438.46863230619,125.56125604510119
327.84300000000803,53.6,True,False,-1053.117975225855,-1724.0659651247845,-1732.1981303928164,-444.8431342238583,701.7206035542182,0.0,2500.887594231187,3.870087230808827,-5.965513330171337,-59.90254378983805,7.149024351405958,16.209008022486803,22.415637975759726,7.110901804027493,17.715543746948242,11.606080016742386,66.2,54.593919983257614,14.843414306640625,True,1.0984943973974044,0.5297080358941262,True,False,124628.2004318249,126.0027392416389
327.9429999999993,53.7,True,False,-1052.2794532932044,-1723.290961025006,-1740.4710089506834,-444.8431342238583,701.7206035542182,0.0,2499.931993088511,3.9958794469137997,-5.43560789598724,-60.01356485718283,7.149645500572364,16.210416356173546,21.874565281311124,6.746323869574226,17.717082977294922,13.466348719243603,66.2,52.733651280756405,14.797436714172363,True,0.9324801357517813,0.3838864122869673,True,False,124941.87675293113,126.4687510418045
328.04400000000896,53.8,True,False,-1050.8787796409574,-1724.7827628093087,-1752.0182440849392,-444.8431342238583,701.7206035542182,0.0,2501.0393420515493,4.173029518736509,-5.379210249832247,-60.51778659333727,7.163493971206771,16.24181504228491,21.826855300841164,6.808089179508929,17.751399993896484,13.342727343543373,66.2,52.85727265645663,15.613691329956055,True,1.2943263345043388,0.7477900354779132,True,False,125232.71463342146,127.47806044537143
328.14300000001094,53.9,True,False,-1050.5975184435795,-1725.3546062293997,-1752.1306556082384,-444.8431342238583,701.7206035542182,0.0,2501.5260238397696,4.4647261341296405,-5.383939594191433,-60.325216750949,7.173052125294036,16.26348627861944,21.816188406622686,6.994325200237863,17.77508544921875,15.57224105769749,66.2,50.62775894230251,15.501946449279785,True,-0.35429450827679787,0.05175582447393491,True,False,124884.99287747103,124.83656812975288
328.24400000000605,54.0,True,False,-1050.1719708898436,-1725.821534671522,-1758.1658088943789,-444.8431342238583,701.7206035542182,0.0,2501.87606274991,4.662502074120601,-5.193506772371356,-60.40846702638937,7.162076950617735,16.238602226526183,21.5773763628445,6.979358006711366,17.747888565063477,17.54477812020728,66.2,48.65522187979273,15.57700252532959,True,0.026190419386230346,0.00029330013183779413,True,False,125198.56141481799,124.89837438373796
328.34300000000803,54.1,True,False,-1049.77232026078,-1726.2175774138007,-1763.9740128661842,-444.8431342238583,701.7206035542182,0.0,2502.163689833578,4.692655747362697,-5.132313822773526,-60.418568099235664,7.171535813202563,16.260048338888485,21.535505687968573,6.954255038369556,17.77132797241211,18.4132337769069,66.2,47.7867662230931,15.25631046295166,True,0.06502641656104657,0.0018722654212908248,True,False,125490.72770353596,125.62195775829828
328.4429999999993,54.2,True,False,-1049.4636037210948,-1726.7819429901485,-1769.2784933499418,-444.8431342238583,701.7206035542182,0.0,2502.636715687583,4.783823827433883,-4.9602481709421085,-60.48477907091323,7.190654430481801,16.303396046998763,21.399425202068823,6.891228651645416,17.81870460510254,17.511549000402205,66.2,48.6884509995978,15.427705764770508,True,0.18575916840835838,0.015396833569367998,True,False,125786.24905945873,126.47107815049631
328.5430000000051,54.3,True,False,-1049.0085707142696,-1727.3243474620156,-1775.4668219677665,-444.8431342238583,701.7206035542182,0.0,2503.053185353261,4.8909059316685,-4.865614982802835,-60.642686330195836,7.191417204736953,16.30512548774667,21.295365791384697,6.8989252781361206,17.820594787597653,17.668614169495562,66.2,48.53138583050444,15.831430435180664,True,0.049678323851022554,0.0011078774348997691,True,False,126102.45618529877,127.47709779497842
328.64300000001094,54.4,True,False,-1048.8750942772588,-1727.3227585845332,-1781.1566027438348,-444.8431342238583,701.7206035542182,0.0,2503.019429392485,5.013485974862012,-4.675466888590189,-60.70598735477936,7.20702983136814,16.34052405094603,21.13015640787082,6.855292280161461,17.859283447265625,18.971604556018058,66.2,47.228395443981945,16.0750675201416,True,0.4413119241972403,0.08646082999731058,True,False,126433.7212700712,128.4480239843901
328.7430000000022,54.5,True,False,-1048.6078160031336,-1727.6459367662471,-1785.2835169276584,-444.8431342238583,701.7206035542182,0.0,2503.2685789169045,5.093199335902868,-4.698400060344322,-60.74139991038446,7.2209675873845836,16.37212517411769,21.17768711139425,6.929332045896267,17.893821716308594,18.62046423734916,66.2,47.57953576265084,15.546802520751953,True,0.31312623408169316,0.04361435804580615,True,False,126684.11052956615,129.29738402178378
328.84300000000803,54.6,True,False,-1047.3527349222816,-1727.2168614432587,-1789.8126637263952,-444.8431342238583,701.7206035542182,0.0,2502.5497053609433,5.063684617508567,-4.524935379412238,-60.51028933534172,7.221277007415432,16.372826723240454,21.008847322498468,6.790871968565558,17.894588470458984,18.92465041488633,66.2,47.27534958511367,14.220565795898438,True,-1.354369445280895,0.8237362903024754,True,False,127020.50393290407,130.41679427029183
328.9429999999993,54.7,True,False,-1046.83305049554,-1727.683600925271,-1795.9877503724451,-444.8431342238583,701.7206035542182,0.0,2502.877673406235,5.1298332646058045,-4.331110277690933,-60.54136545212883,7.2101563591425375,16.347612838350674,20.78310212378259,6.713695372905765,17.86703109741211,19.752080301828137,66.2,46.447919698171866,13.858746528625488,True,-0.0068508221634377975,2.030978118309475e-05,True,False,126587.50242954532,129.23488729786362
329.0430000000051,54.8,True,False,-1046.167084444551,-1728.4743385809852,-1802.0520467407782,-444.8431342238583,701.7206035542182,0.0,2503.4851607086753,5.233916586115552,-4.355876206835933,-60.57920998657994,7.221359365483345,16.373013453977112,20.823947641391705,6.8093715098895045,17.894792556762695,21.413941518261996,66.2,44.786058481738,14.002934455871582,True,-0.2049600359340804,0.018252832217645263,True,False,126916.38714737026,129.81870448064294
329.14400000000023,54.9,True,False,-1047.1702825930297,-1726.148433756974,-1799.7796455073967,-444.8431342238583,701.7206035542182,0.0,2501.4687797365996,5.355984369213527,-3.814528070812343,-60.086620950782574,7.242633916858123,16.421249319034807,20.323536431612407,6.575499446146654,17.947511672973633,22.05874576865815,66.2,44.141254231341854,14.709193229675293,True,1.1769277043431519,0.6037950539925891,True,False,127124.28695921683,130.38294996684073
329.24400000000605,55.0,True,False,-1046.3635080745998,-1727.0123634750998,-1808.4071839556905,-444.8431342238583,701.7206035542182,0.0,2502.1132239154504,5.425150405338888,-3.6578028812108823,-60.2219379657556,7.238925494697353,16.41284120044407,20.1524324568338,6.543071055578056,17.938322067260742,22.218552219920003,66.2,43.981447780079996,14.743226051330566,True,0.31604928404107113,0.044726624834547854,True,False,127303.90430741035,131.13286139367452
329.34300000000803,55.1,True,False,-1055.5666793931512,-1719.7785009758854,-1800.492002254039,-444.8431342238583,701.7206035542182,0.0,2497.326803176597,6.3269186833996995,-4.774860583509902,-59.53259429872157,7.245436400271856,16.42760339952233,21.222350335153433,7.92648683959727,17.954456329345703,20.753197612499054,66.2,45.44680238750095,14.887737274169922,True,0.656960440952286,0.10861674778376039,True,False,123769.48077300042,120.71713487644496
329.4429999999993,55.2,True,False,-1054.2608638172608,-1719.3861760222885,-1808.5565307715717,-444.8431342238583,701.7206035542182,0.0,2496.627326465466,6.471367989484441,-4.463921899767573,-59.671631063062286,7.253319683744377,16.445477195829163,20.924015364912577,7.861628481590086,17.97399139404297,20.726194718572568,66.2,45.47380528142744,14.852757453918457,True,-0.38546947951165933,0.06193327369454385,True,False,123989.44452096336,119.86272421923653
329.5430000000051,55.3,True,False,-1054.549614633371,-1718.1174088448363,-1807.5290209243997,-444.8431342238583,701.7206035542182,0.0,2495.467490973337,6.713909216844719,-4.276070355596408,-59.40187055663615,7.275941982566958,16.496768813409147,20.78044099558806,7.959984589058126,18.03005027770996,21.59555612519249,66.2,44.604443874807515,15.456986427307129,True,0.9690551935766187,0.4225577541789716,True,False,124176.60500540683,120.63850338075791
329.64300000001094,55.4,True,False,-1053.845160415288,-1718.5665257320954,-1813.205503068001,-444.8431342238583,701.7206035542182,0.0,2495.7310063575064,6.953428775694232,-4.318565014197154,-59.46244939385108,7.277582216611084,16.500487721818622,20.82157612377757,8.185363493486422,18.034114837646484,22.861062729335607,66.2,43.338937270664395,15.14166259765625,True,-0.057337091903256976,0.0014906428412527386,True,False,124441.16794823257,121.4601299314444
329.7430000000022,55.5,True,False,-1053.1126872407815,-1719.0408606332298,-1819.262867172952,-444.8431342238583,701.7206035542182,0.0,2496.012402938408,7.043618995326628,-4.313591313785996,-59.43945556508099,7.27062642352954,16.48471682773301,20.799546964346003,8.259518059408556,18.016878128051758,23.35435729543164,66.2,42.84564270456836,14.847567558288574,True,-0.05579122460314778,0.0014144077837121417,True,False,124744.97543797364,122.54000153738411
329.84300000000803,55.6,True,False,-1049.5551178956825,-1729.5303963509973,-1825.0682716418264,-444.8431342238583,701.7206035542182,0.0,2505.3259284445253,6.629885907103921,-5.0629975719819935,-59.13404668313186,7.276671659654631,16.49842321283298,21.571119536768453,8.342022030365943,18.031858444213867,22.896395705599005,66.2,43.303604294401,14.574134826660156,True,-0.7317994754834238,0.2654255305037143,True,False,124784.80262498802,121.41136842449369
329.9429999999993,55.7,True,False,-1047.933764227649,-1731.5250213955312,-1828.6366565762123,-444.8431342238583,701.7206035542182,0.0,2506.871073536784,6.607187827506453,-5.441513585036286,-58.942779641678136,7.304870446346614,16.562358420946353,22.014930031510392,8.559497712137313,18.101736068725586,23.643167391416053,66.2,42.55683260858395,13.523641586303711,True,-1.4784175482034208,1.0102036215916772,True,False,125092.04230005585,122.4479728925528
330.0430000000051,55.8,True,False,-1047.9530225333713,-1730.0150870084167,-1828.4579523445577,-444.8431342238583,701.7206035542182,0.0,2505.410147287834,6.750290951214144,-5.151043747087056,-58.678665936883355,7.328472575266882,16.615871610748425,21.774592951087886,8.49115302008203,18.16022300720215,25.52350142007428,66.2,40.67649857992572,13.949426651000977,True,0.5727235840378526,0.14313029573842614,True,False,125119.10777638183,121.89418646540162
330.14300000001094,55.9,True,False,-1047.8341089551755,-1727.861861281386,-1826.9748841544044,-444.8431342238583,701.7206035542182,0.0,2503.291646821056,6.834820399455823,-4.655224146863591,-58.236097060236844,7.329408532375122,16.61799370958743,21.278966501906318,8.269575669304883,18.16254234313965,26.171485529280453,66.2,40.02851447071956,14.671896934509277,True,1.5456698645419191,1.0882515026627717,True,False,125379.01346150771,122.65214729285552
330.2430000000022,56.0,True,False,-1047.5129878993723,-1727.1384906046164,-1828.5977524778173,-444.8431342238583,701.7206035542182,0.0,2502.512228103459,6.785006949075337,-4.575313723399634,-57.96389325597321,7.342169414692142,16.64692650288669,21.2295527563653,8.183508719768657,18.194164276123047,24.41089402462111,66.2,41.78910597537889,13.894283294677734,True,-0.5564655891334667,0.14070926737723058,True,False,125560.46725978062,122.98751281606668
330.34300000000803,56.1,True,False,-1047.24508181592,-1726.2220925185702,-1834.352764019012,-444.8431342238583,701.7206035542182,0.0,2501.558282726171,6.6087595326175546,-4.1900145030153295,-57.88768339953387,7.366015539009871,16.70099290431044,20.904727387654624,7.825083008853145,18.253255844116207,23.295165958760318,66.2,42.90483404123969,13.618037223815918,True,-0.8824897740191471,0.3548919494165786,True,False,125872.97817911144,123.55678464618214
330.4429999999993,56.2,True,False,-1046.574925616665,-1726.2332542879483,-1836.4070254816547,-444.8431342238583,701.7206035542182,0.0,2501.4078205249652,6.813714476345499,-4.222023051296694,-57.682089164484225,7.390072561557582,16.755537476031797,20.985476747506112,8.015745979685288,18.312870025634766,23.456192046967683,66.2,42.743807953032324,13.820732116699219,True,0.33155724195665925,0.05009635095133144,True,False,125911.63939672732,123.72053618403865
330.5430000000051,56.3,True,False,-1046.2074560288763,-1725.7726031524985,-1836.4493913701276,-444.8431342238583,701.7206035542182,0.0,2500.872311044142,7.024977277141408,-4.179113807205283,-57.43940636041203,7.380286575805811,16.733349676164085,20.915481673654437,8.174062512479763,18.288619995117188,23.833057127086473,66.2,42.36694287291353,14.017648696899414,True,0.8110775239107149,0.3044199896677764,True,False,126120.74244380588,124.56389596999766
330.6420000000071,56.4,True,False,-1045.4992193787252,-1726.1985667286112,-1842.1560524294696,-444.8431342238583,701.7206035542182,0.0,2501.115597100709,7.080890129591858,-4.315692296256248,-57.54934790301863,7.3721646848468145,16.71493488426507,21.032644162649188,8.292418526781974,18.26849365234375,25.272680028701206,66.2,40.9273199712988,13.848604202270508,True,-0.005210653502613738,1.2486754827102966e-05,True,False,126293.61118045001,124.86278613623834
330.7430000000022,56.5,True,False,-1045.3780909464776,-1725.5317889339888,-1847.8690903634774,-444.8431342238583,701.7206035542182,0.0,2500.4392436301196,7.155201252323008,-4.066088080459959,-57.58782428095245,7.375726094007852,16.72300967976514,20.79026735975265,8.229822430605857,18.277318954467773,26.602024259284573,66.2,39.597975740715434,14.06832218170166,True,0.6637409844588547,0.20111719105514098,True,False,126607.63301232966,125.5491704084528
330.84300000000803,56.6,True,False,-1044.5304096698035,-1726.2673095074497,-1851.641649737609,-444.8431342238583,701.7206035542182,0.0,2500.9498464194226,7.2534856647400945,-4.517437538376313,-57.47129631836523,7.4005659030515165,16.779329066058263,21.297274482906527,8.54519140813835,18.3388729095459,24.868546224564565,66.2,41.33145377543544,13.633218765258789,True,0.3735581382807638,0.06349051537412251,True,False,126867.68139392298,126.01562024061491
330.9429999999993,56.7,True,False,-1045.4559764859398,-1717.6067694594456,-1841.5222371874956,-444.8431342238583,701.7206035542182,0.0,2492.7656777369452,6.491208674887519,-2.8866122259217324,-56.28538155562904,7.399210458588022,16.776255862065263,19.6838220039905,7.104105869409309,18.335514068603516,22.870867122498243,66.2,43.329132877501756,12.25503921508789,True,-2.148192256048098,2.0177942016945654,True,False,127026.06332471347,124.81673900502555
331.0430000000051,56.8,True,False,-1045.5387039467614,-1721.5484115383329,-1859.9779786191114,-444.8431342238583,701.7206035542182,0.0,2496.61128071479,6.218385851342927,-3.179403143046282,-57.03906405519931,7.381414958306369,16.73590806177098,19.94924201789041,6.984048034069817,18.29141616821289,22.581390660220976,66.2,43.61860933977903,11.372042655944824,True,-0.9550287866322051,0.40266064072830016,True,False,126907.53429217412,124.05189091739555
331.14300000001094,56.9,True,False,-1045.5630363771272,-1720.0844265186074,-1858.3958613186276,-444.8431342238583,701.7206035542182,0.0,2495.1961855792165,6.3451437071762475,-3.0382061244782883,-56.62652806168499,7.353367802823533,16.672316647630698,19.736292047314024,7.035022751884724,18.221914291381836,24.838466175799898,66.2,41.36153382420011,11.986926078796387,True,0.6816793001866852,0.21113223412868734,True,False,126960.52908454151,124.2125613918648
331.2430000000022,57.0,True,False,-1045.0624022305294,-1720.206134170604,-1865.3031080441235,-444.8431342238583,701.7206035542182,0.0,2495.193838681248,6.532894150641366,-3.106876033621848,-56.71727127002642,7.339669423995135,16.64125826519829,19.76460712045477,7.234043452439168,18.187969207763672,25.62162315585541,66.2,40.57837684414459,12.191886901855469,True,0.24428973643138008,0.027848379967442702,True,False,127223.81123803504,125.01741751433572
331.34300000000803,57.1,True,False,-1044.3727706045736,-1720.3088664869658,-1869.6143380479662,-444.8431342238583,701.7206035542182,0.0,2495.1277599848013,6.590032940012655,-3.102219928771941,-56.76682122865289,7.333693461011279,16.62770894333476,19.743938924867084,7.283701163345571,18.173160552978516,25.123906023880814,66.2,41.07609397611919,12.362496376037598,True,-0.19645907968672205,0.018061289971052125,True,False,127440.4467471859,125.80028696998451
331.4429999999993,57.2,True,False,-1043.2108497967592,-1721.3303225499787,-1875.854397867238,-444.8431342238583,701.7206035542182,0.0,2495.840482389517,6.693148125204816,-3.377550864345609,-56.77333092165343,7.314741868972574,16.58473993213901,19.971966168249576,7.497071539419543,18.126197814941406,26.375130145396167,66.2,39.82486985460384,11.433616638183594,True,-0.6376587958081998,0.1895865218245487,True,False,127758.61273398914,126.82452918243867
331.5430000000051,57.3,True,False,-1042.9465180347984,-1721.0101380857618,-1878.9705343921705,-444.8431342238583,701.7206035542182,0.0,2495.4662699009787,6.783504289968593,-3.3727887288253453,-56.524958359963,7.298159418364099,16.547142483629493,19.926578467215997,7.575726649062359,18.085105895996094,27.215591758866307,66.2,38.98440824113369,11.714923858642578,True,0.4037010091145632,0.07505359498889591,True,False,127989.62094800206,127.56051227415301
331.64300000001094,57.4,True,False,-1042.6637571534056,-1719.1395427604598,-1881.5800318633499,-444.8431342238583,701.7206035542182,0.0,2493.5824320071306,6.666798564956021,-3.0396873895182486,-56.44408845875275,7.300222988271328,16.551821222928325,19.601745743979556,7.327066434235186,18.090219497680664,25.82868157363148,66.2,40.371318426368525,11.144794464111328,True,-1.0041565976888762,0.46668486431713113,True,False,128286.37891565927,128.24813357132217
331.7430000000022,57.5,True,False,-1041.9665066751315,-1719.3408296990856,-1885.9327162590307,-444.8431342238583,701.7206035542182,0.0,2493.610792708863,6.754346749830851,-3.085221477135603,-56.44772237143564,7.351553616224751,16.66820333598305,19.762450452532445,7.425617252453116,18.217418670654297,25.89146556671324,66.2,40.308534433286766,11.128033638000488,True,0.11848298445922012,0.006497168873836358,True,False,128355.63921963362,128.47730343038836
331.84300000000803,57.6,True,False,-1041.7319834779214,-1718.9651324419597,-1890.902211917228,-444.8431342238583,701.7206035542182,0.0,2493.189870591327,6.840937900328734,-2.96660044110649,-56.6344320497964,7.406183954805659,16.792066894533523,19.76675082006624,7.456483724472771,18.352794647216797,26.923342256819335,66.2,39.27665774318067,11.673463821411133,True,0.662356531636302,0.20446028363975668,True,False,128679.16076610179,129.54488047415023
331.9429999999993,57.7,True,False,-1042.233374761373,-1717.2722755145635,-1898.5209367639413,-444.8431342238583,701.7206035542182,0.0,2491.666440050703,6.748875792704095,-2.3586059991974473,-56.779175578441574,7.408947953140928,16.798333717667465,19.168308077985916,7.149150070099068,18.359643936157227,28.228364804582174,66.2,37.971635195417825,12.200900077819824,True,1.292250654490278,0.7700933606956876,True,False,128998.8232883241,130.29950817037744
332.0430000000051,57.8,True,False,-1041.5936662502195,-1717.5297865273672,-1906.0377575456255,-444.8431342238583,701.7206035542182,0.0,2491.7631603713157,6.862796530948803,-2.3227749094262937,-57.030440362659114,7.411409458759471,16.803914698002288,19.134555952085158,7.245223219823061,18.36574363708496,28.19548814787539,66.2,38.004511852124615,12.0476713180542,True,0.16270159279729945,0.012182051932130285,True,False,129057.1207306669,130.60765265385456
332.14300000001094,57.9,True,False,-1040.9505342903383,-1717.812590669604,-1912.5706159373688,-444.8431342238583,701.7206035542182,0.0,2491.8838075570357,6.9630266746135545,-2.342951682972597,-57.28426442401765,7.42237693642008,16.828781298624833,19.17723515475295,7.3466429789478696,18.392921447753906,28.431731347484703,66.2,37.768268652515296,12.36245346069336,True,0.10846465841359887,0.005459703080184488,True,False,129266.65360509515,131.4210520289294
332.2430000000022,58.0,True,False,-1040.864005982071,-1717.0336764270237,-1914.7981319685252,-444.8431342238583,701.7206035542182,0.0,2491.1068115396006,7.049808582823451,-2.1557235284329037,-57.08467285515274,7.386201732365694,16.746761131408963,18.90547768945858,7.372038048293729,18.30327796936035,29.208311775973076,66.2,36.99168822402693,12.373199462890625,True,0.8040016292607817,0.2977215937105894,True,False,129555.44906709362,132.42962918351833
332.34300000000803,58.1,True,False,-1040.1207365651849,-1717.7616879557443,-1922.3198375587697,-444.8431342238583,701.7206035542182,0.0,2491.6360052743535,7.3246256576916835,-2.1001916153936686,-57.29660314721547,7.413337561190507,16.808286291416525,18.908686008132655,7.619773346149162,18.370521545410156,29.003298350716136,66.2,37.19670164928387,12.902642250061035,True,0.6963996140760216,0.22629455679528085,True,False,129876.62156710145,133.68806473080502
332.4429999999993,58.2,True,False,-1039.3387172693276,-1719.2490282413075,-1930.0087581634064,-444.8431342238583,701.7206035542182,0.0,2492.893691342801,7.625359938483985,-2.4135546399848846,-57.62225114506734,7.449226436261123,16.889657263921777,19.3040154583892,7.998209811678427,18.4594554901123,28.539698326657238,66.2,37.66030167334277,13.458760261535645,True,0.9010856688917084,0.3761699340489024,True,False,130201.63615738098,134.9410162787847
332.5420000000013,58.3,True,False,-1039.5289043496548,-1719.1519322944876,-1938.113929286795,-444.8431342238583,701.7206035542182,0.0,2492.8447605129077,7.429631867082788,-2.2158179032268013,-57.869251361447645,7.453759978504157,16.89993618017322,19.11576931077547,7.753017390708762,18.47068977355957,29.626453477272715,66.2,36.57354652272729,13.26577377319336,True,0.8322309596546056,0.31485406163172475,True,False,130522.99560508151,135.82315244546876
332.64300000001094,58.4,True,False,-1038.7836740306043,-1719.441489627586,-1944.356117140308,-444.8431342238583,701.7206035542182,0.0,2492.948303973916,7.564831898733755,-2.288873666354551,-58.07972862889142,7.451092962566616,16.893889245570293,19.183100100888797,7.903519742281351,18.464080810546875,29.436601902618616,66.2,36.76339809738139,13.45284652709961,True,0.04168516897295049,0.0007936643784178334,True,False,130611.4438307701,136.30347040933557
332.7430000000022,58.5,True,False,-1038.040125864437,-1719.6144566687783,-1950.07781978825,-444.8431342238583,701.7206035542182,0.0,2492.9392581361735,7.624129693318861,-2.393513303206756,-58.0425689661321,7.426885848212897,16.839004370169985,19.23352908831816,7.991011169631417,18.404094696044922,28.383645216124858,66.2,37.81635478387514,13.6732759475708,True,-0.022983616955315256,0.00023922326381710745,True,False,130908.70397397765,136.98177232209622
332.84300000000803,58.6,True,False,-1053.3489914052768,-1694.6874899825646,-1938.5096506032398,-444.8431342238583,701.7206035542182,0.0,2472.4585191652236,8.221686094036585,0.23543349169084477,-57.91729689962847,7.397497872596383,16.77237290983106,16.557465130375494,8.225056301198448,18.331270217895508,28.705825175479674,66.2,37.49417482452033,13.29609203338623,True,0.01616845005986356,6.555619006872022e-05,True,False,130426.03246338788,132.73054933958517
332.9429999999993,58.7,True,False,-1052.669936887156,-1694.2018651642363,-1944.054560868713,-444.8431342238583,701.7206035542182,0.0,2471.8207657809294,8.137990339962672,0.3485491468043863,-57.950836417475536,7.370884671137109,16.71203270468508,16.381454308338316,8.145451079041838,18.265321731567383,29.85314377050611,66.2,36.346856229493895,13.06074047088623,True,0.13151063083204662,0.007661587120210036,True,False,130730.43186939137,133.3965381898086
333.0430000000051,58.8,True,False,-1053.1567308269548,-1691.0439688348465,-1941.0804012632286,-444.8431342238583,701.7206035542182,0.0,2468.8798534340262,8.080959826098168,0.7881912161953444,-57.35117211736358,7.4153487913910245,16.81284636071449,16.038472824751363,8.119307673952257,18.375505447387695,30.727815676408625,66.2,35.47218432359138,13.332880020141602,True,1.1927412867833418,0.6485532061804095,True,False,130938.7926542343,133.9670677473424
333.14300000001094,58.9,True,False,-1052.3163455003507,-1690.3903495927932,-1942.172398918508,-444.8431342238583,701.7206035542182,0.0,2468.039407016119,7.937246969399126,0.9436938320298168,-57.18575403601577,7.454198708398644,16.900930914004004,15.964546686730182,7.993150036240202,18.471776962280273,29.503510807055715,66.2,36.69648919294429,13.226771354675293,True,-0.36573626425449923,0.06147389740738713,True,False,130927.28755610037,133.858419719819
333.2430000000022,59.0,True,False,-1051.5839861700172,-1690.0256531468556,-1947.7623892202405,-444.8431342238583,701.7206035542182,0.0,2467.5057482940038,7.848662470352696,1.1047830227617075,-57.238571485904686,7.4380696120144725,16.864361357119634,15.764926126439098,7.926036090058219,18.431808471679688,28.717224613479633,66.2,37.48277538652037,13.364885330200195,True,-0.1496923103099128,0.010371950948394278,True,False,131262.21124455324,134.59820340559924
333.34300000000803,59.1,True,False,-1050.6791438163343,-1689.81031719337,-1954.3656018460097,-444.8431342238583,701.7206035542182,0.0,2467.074667579144,7.833379110628672,1.235102099713999,-57.35001591573094,7.426453275930964,16.83802359751577,15.60822693010033,7.930151668634817,18.40302276611328,28.841056537416883,66.2,37.35894346258312,12.97150707244873,True,-0.39856141565965686,0.07417184166993375,True,False,131597.59840294404,135.78034744895336
333.4429999999993,59.2,True,False,-1051.5565244879956,-1686.0971740100513,-1940.761588462368,-444.8431342238583,701.7206035542182,0.0,2463.691311178771,7.8256356258097775,1.7306853234530473,-56.300891577227276,7.431711107350686,16.849944697161543,15.124390253352876,8.014726735002197,18.416051864624023,29.54978544318832,66.2,36.65021455681168,13.886781692504883,True,1.6916098736254135,1.3098913005150692,True,False,131648.82295130464,135.9745365210423
333.5430000000051,59.3,True,False,-1050.4829200612999,-1686.0974228807838,-1943.5191602471566,-354.3268248483146,837.1350823595859,0.0,2617.505603509529,7.783129593366197,1.7698112138621627,-56.12193615782548,12.432412252531861,13.663042667084214,12.769682206097725,7.981812951945499,18.472780227661133,30.51286108632994,47.7,17.18713891367006,13.258896827697754,True,-0.21585621605667704,0.02181640379032284,True,False,131613.37788375336,135.51557701770474
333.64300000001094,59.4,True,False,-1049.5413114979353,-1685.831483165694,-1948.0101492505219,-354.3268248483146,837.1350823595859,0.0,2616.998944059,7.863421723140271,1.8214821105397565,-56.20504639906881,12.425119726116515,13.655028285197591,12.682346144862809,8.071629220607862,18.461944580078125,30.370442051091487,47.7,17.329557948908516,13.444767951965332,True,-0.2447852633489589,0.02849958673624503,True,False,131913.75889655846,136.60441720567104
333.7430000000022,59.5,True,False,-1049.1898176217057,-1685.292830635766,-1950.2749985644123,-354.3268248483146,837.1350823595859,0.0,2616.3862778619064,8.038798424656006,1.9072828686180865,-56.10063168454032,12.40079804014722,13.628299101320486,12.50636886441539,8.261961513658601,18.425806045532227,30.505162290924424,47.7,17.194837709075582,14.0431547164917,True,0.7501468631931374,0.26675189262290194,True,False,132218.74804715495,137.77095548757262
333.84300000000803,59.6,True,False,-1048.536727964098,-1684.977630504168,-1956.581368201573,-354.3268248483146,837.1350823595859,0.0,2615.909005675272,8.149892182081892,1.9162129419802663,-56.249064127387214,12.36451512180014,13.588424694697466,12.409817634609658,8.372133217918371,18.37189483642578,31.898348915284654,47.7,15.80165108471535,14.082382202148438,True,0.08146006970511621,0.003101606276792774,True,False,132402.6634161018,137.9102209487012
333.94400000000314,59.7,True,False,-1048.6777870030062,-1683.7247263935913,-1964.4200955926435,-354.3268248483146,837.1350823595859,0.0,2614.7385020365327,8.006846820065523,2.391184169828781,-56.453514578269996,12.339198591970277,13.560602191693071,11.980199114483575,8.356276547244779,18.334278106689453,33.21115181640458,47.7,14.48884818359542,14.497856140136719,True,0.4429090554501194,0.09089968623573216,True,False,132678.23201917988,138.10568701072395
334.0430000000051,59.8,True,False,-1045.4295555537003,-1684.9778990956981,-1954.537233936639,-354.3268248483146,837.1350823595859,0.0,2615.0863992636464,8.162825243860615,1.6708867527039903,-55.56681969480509,12.31391415387785,13.532814957047622,12.567294054961513,8.332081282739013,18.296709060668945,33.459921614169744,47.7,14.240078385830259,13.136210441589355,True,-1.3926028119666292,0.9047273347753111,True,False,132755.4624891517,137.99563650552543
334.14300000001094,59.9,True,False,-1044.228694926401,-1685.472973779738,-1961.319877851517,-354.3268248483146,837.1350823595859,0.0,2615.2468325640425,7.9942368872630665,1.5825490088589158,-55.648855308204396,12.375647103682535,13.600658583048247,12.79186121022919,8.14937327498979,18.38843536376953,36.02396151913759,47.7,11.676038480862408,13.04334545135498,True,-0.17273815421937755,0.013454391924358483,True,False,132951.69169384957,137.28747022193377
334.24400000000605,60.0,True,False,-1043.4488931338465,-1685.2356968397637,-1967.0578645006728,-354.3268248483146,837.1350823595859,0.0,2614.8123398739085,8.01621248021437,1.8526124954283314,-55.94991376174619,12.560761230909753,13.804096352582512,12.786355608040312,8.227504821400096,18.663488388061523,34.16472439511433,47.7,13.53527560488568,13.527494430541992,True,-0.030275221941508335,0.0004291964159189823,True,False,133234.1618197327,137.74768099311396
334.34300000000803,60.1,True,False,-1043.0434733895434,-1684.4822935838558,-1971.9241766928371,-354.3268248483146,837.1350823595859,0.0,2613.97873224664,8.267835359848291,2.300645923891625,-56.08458768304321,12.540780915181033,13.782138272303463,12.250825697293934,8.581962083619157,18.633800506591797,35.909132123040116,47.7,11.790867876959888,13.834870338439941,True,0.25660905067326745,0.030780643696066215,True,False,133555.15798883667,138.61354466862858
334.4429999999993,60.2,True,False,-1042.6759136497844,-1683.6613271314097,-1976.154571456665,-354.3268248483146,837.1350823595859,0.0,2613.0899345710454,8.275160444378267,2.4494422677624548,-56.02731130224312,12.50553006710995,13.743398096104107,12.060243173230935,8.630066500514582,18.581422805786133,36.453025255801144,47.7,11.246974744198862,13.78736686706543,True,0.4286382154935424,0.08678872928161409,True,False,133883.0183634849,139.65689784586425
334.5430000000051,60.3,True,False,-1042.692901909717,-1682.510725068194,-1983.1668867969536,-354.3268248483146,837.1350823595859,0.0,2611.9844660597223,8.130692074339445,2.7038913580366453,-56.1390695066122,12.579043251893271,13.8241880313062,11.977012411297503,8.568499406768465,18.69065284729004,37.568502494337444,47.7,10.131497505662557,13.953348159790039,True,0.515830625353308,0.12497689888168687,True,False,134213.6326817847,140.38261028814367
334.64300000001094,60.4,True,False,-1041.642606072252,-1682.3764058023282,-1987.4648540913822,-354.3268248483146,837.1350823595859,0.0,2611.578281824869,8.265568109468113,2.6606306440354324,-56.12977098644678,12.49477676772932,13.731580374388875,11.851250305648113,8.68323508815906,18.565444946289062,38.15083889293722,47.7,9.549161107062783,13.89869499206543,True,-0.1474693396300566,0.010207254010884738,True,False,134397.01958621794,140.79031916113192
334.7430000000022,60.5,True,False,-1054.809521054579,-1662.7072302863714,-1917.9177704376666,-354.3268248483146,837.1350823595859,0.0,2596.1293488151714,10.27451833984444,3.669741652929803,-52.767825444639314,12.418279051364292,13.647510481804913,10.205468180868916,10.910212230522728,18.451780319213867,31.862402761294526,47.7,15.837597238705479,15.940587997436523,True,2.2929509097148557,2.208808315543692,True,False,131916.47222260764,131.91148539729937
334.84300000000803,60.6,True,False,-1053.844286731722,-1662.2237870070746,-1923.425520346643,-354.3268248483146,837.1350823595859,0.0,2595.403521104492,10.380312733617217,3.516778896639518,-52.83762332100337,12.369553524577862,13.593961827051803,10.271645181635435,10.959864335635947,18.37938117980957,31.745810211661322,47.7,15.954189788338681,14.816879272460938,True,-0.016361527880214055,0.00010655145065912448,True,False,131573.32971716157,123.17245928247402
334.9429999999993,60.7,True,False,-1053.2362622426017,-1660.6466985227028,-1929.5733577389399,-354.3268248483146,837.1350823595859,0.0,2593.7209230343765,10.16023502036858,3.773171616577107,-52.82326771297968,12.400451449382894,13.627918203043883,10.106166431061,10.838228624515503,18.425291061401367,31.692681962016685,47.7,16.007318037983318,14.598127365112305,True,-0.4133609390181441,0.08326549933516408,True,False,131870.47468803535,123.31847026888227
335.0430000000051,60.8,True,False,-1052.510811409797,-1659.4936348765725,-1942.9544913786947,-354.3268248483146,837.1350823595859,0.0,2592.4150575899594,9.648019511484081,4.021429716305128,-53.14077041966135,12.292800357982829,13.50961119833064,9.84989611934352,10.452567983857339,18.265336990356445,31.41444503704997,47.7,16.285554962950034,13.088946342468262,True,-1.3378405596043574,0.8870735222682905,True,False,132123.61229407374,124.03424830994732
335.14300000001094,60.9,True,False,-1051.5656271475361,-1659.879880119384,-1964.7974539727506,-354.3268248483146,837.1350823595859,0.0,2592.5326748713323,9.27385677090315,4.054065766503203,-54.01411111427198,12.180743712867317,13.386462553301453,9.77464175709801,10.121258254108499,18.09883689880371,31.039086896863484,47.7,16.66091310313652,12.012008666992188,True,-1.3211360759184423,0.8459532820170576,True,False,132129.42959488404,124.03231043046307
335.2430000000022,61.0,True,False,-1050.4364586373356,-1659.7015881509378,-1971.1362831459141,-354.3268248483146,837.1350823595859,0.0,2592.057480354161,9.34234515927935,3.9383076422616736,-54.10769559166667,12.15734498526673,13.360747687427601,9.833951414617395,10.138524555388077,18.064069747924805,31.928461631043138,47.7,15.771538368956866,12.730100631713867,True,-0.1764631028251884,0.014987262121610561,True,False,132393.6644089609,124.98534963834678
335.34300000000803,61.1,True,False,-1050.392433445493,-1658.4448392703089,-1969.390262032113,-354.3268248483146,837.1350823595859,0.0,2590.835092535616,9.468716149630872,4.0189285693208445,-53.84314659368862,12.171412719289927,13.376207925254656,9.739776470362752,10.286319670688043,18.084972381591797,31.975858018724534,47.7,15.72414198127547,14.015506744384766,True,1.4525124526420328,1.0203071658161444,True,False,132672.22998131087,125.97055820183132
335.4429999999993,61.2,True,False,-1049.5447777805875,-1658.4681502161993,-1977.4096381271315,-354.3268248483146,837.1350823595859,0.0,2590.6299420260793,9.659661855763073,3.902231649722935,-54.07974097901553,12.256571353754644,13.469796042550646,9.913739322357811,10.41808422963567,18.211505889892578,31.573810161891686,47.7,16.126189838108317,13.873963356018066,True,0.31805675848253223,0.04924515665720627,True,False,132860.1775641397,126.57151340834272
335.54400000000896,61.3,True,False,-1048.5122879387732,-1657.9800511650674,-1983.2920416451004,-354.3268248483146,837.1350823595859,0.0,2589.882813316051,9.576175457286885,3.7337530227983664,-54.10772115951806,12.20438633767243,13.412445458703285,10.0291863927549,10.278329048245128,18.13396644592285,31.590933790919507,47.7,16.1090662090805,12.804641723632812,True,-0.302410156576725,0.04447684331074807,True,False,133187.93674296938,127.70112118124612
335.64300000001094,61.4,True,False,-1047.3504941814774,-1657.5191443229444,-1994.5936722515396,-354.3268248483146,837.1350823595859,0.0,2589.127559036251,9.367025715022379,3.7417683679126084,-54.48872003211099,12.194824283585488,13.401936898472085,10.065550197737789,10.086724010549803,18.11975860595703,31.66725237017717,47.7,16.032747629822833,11.347550392150879,True,-1.3919305988757031,0.9395147230867779,True,False,133486.70875444773,128.74632220817682
335.7430000000022,61.5,True,False,-1046.163369487224,-1657.740047705825,-2005.497632100336,-354.3268248483146,837.1350823595859,0.0,2589.022927499254,9.341437070652368,3.683490829674082,-54.80045254143051,12.182780896359862,13.38870138872727,10.112583583409513,10.0414416911742,18.101863861083984,31.982437736001906,47.7,15.717562263998099,11.299381256103516,True,-0.6143089704824938,0.18021765421788388,True,False,133657.2381153814,129.37005847030207
335.84300000000803,61.6,True,False,-1045.2541761553919,-1657.331228433668,-2010.5819005611418,-354.3268248483146,837.1350823595859,0.0,2588.386134344472,9.44432181404399,3.7371070079776136,-54.84960410164759,12.129145333745461,13.329756675055602,9.961285306988936,10.156829392891394,18.022169113159176,32.13662226754527,47.7,15.563377732454734,11.673657417297363,True,0.06711120222175104,0.00214434742035966,True,False,133920.50213677323,130.34627273938784
335.9429999999993,61.7,True,False,-1043.314927508494,-1657.3170228161896,-2011.128269359263,-354.3268248483146,837.1350823595859,0.0,2587.855465558912,9.691188050145827,3.531797390752742,-54.729389131170976,12.104844186488126,13.303050062928223,10.06494484475694,10.314684611398311,17.986061096191406,32.935676842569904,47.7,14.764323157430102,11.607210159301758,True,-0.6979317257210607,0.23149592935772784,True,False,134150.68063036446,131.093731288293
336.04400000000896,61.8,True,False,-1042.9728776481977,-1656.1160698124156,-2014.3752771468376,-354.3268248483146,837.1350823595859,0.0,2586.606791501923,9.64036019381867,3.6585305721341257,-54.72829362224228,12.09701123521433,13.29444176187697,9.94413992237648,10.311226435967916,17.974422454833984,33.445611064728055,47.7,14.254388935271946,12.228798866271973,True,0.6081008020217187,0.17504894930236084,True,False,134457.8667063248,131.94059552940388
336.14300000001094,61.9,True,False,-1042.1441234069748,-1655.6405676408358,-2020.404693003956,-354.3268248483146,837.1350823595859,0.0,2585.9278948631877,9.839089355893568,3.813711778093883,-54.77189379639763,12.052923606322398,13.245990090358566,9.68859826024335,10.552349353562462,17.90891456604004,34.441635059900385,47.7,13.258364940099622,12.40902328491211,True,0.08795316631527861,0.0036804318675059925,True,False,134709.4708025824,132.66073147860297
336.2430000000022,62.0,True,False,-1041.8637151309936,-1654.1587950561964,-2023.3610928740586,-354.3268248483146,837.1350823595859,0.0,2584.424918458445,9.798972546288885,4.15293531284002,-54.715881768151874,11.9729060681952,13.158051964165535,9.263806607526307,10.642684561498426,17.790019989013672,35.38825169362164,47.7,12.311748306378362,12.208515167236328,True,0.5137593413701254,0.12410879838252502,True,False,134990.33183402586,133.2837738639452
336.34300000000803,62.1,True,False,-1040.830548659202,-1653.6784199576548,-2028.2869335375703,-354.3268248483146,837.1350823595859,0.0,2583.687145560022,10.14123673023836,4.1572971044674265,-54.73957423535995,12.02104495802127,13.210955913317134,9.246751689123172,10.960282917586976,17.861547470092773,34.894062624472824,47.7,12.805937375527177,12.52252197265625,True,-0.09009661596054741,0.0038891163954540542,True,False,135259.26419944566,134.35467412897805
336.4429999999993,62.2,True,False,-1039.8776310694914,-1653.1932887185715,-2034.5615341369032,-354.3268248483146,837.1350823595859,0.0,2582.966376805415,10.02457748341228,4.187251453514915,-54.89326594248773,12.043081712285,13.235173990037367,9.270343119264139,10.863941662946246,17.894290924072266,34.70890681914283,47.7,12.991093180857174,11.772635459899902,True,-0.13337423722321162,0.008480275203036234,True,False,135533.4601619087,135.24037943508947
336.5430000000051,62.3,True,False,-1038.8869591747232,-1652.7720929851876,-2039.9582871230086,-354.3268248483146,837.1350823595859,0.0,2582.2974885443346,10.101345385193374,4.095286493275661,-54.9346003792648,11.929930097088112,13.110821988600982,9.199108778357061,10.899933488465585,17.726163864135742,35.089829768818944,47.7,12.610170231181055,11.786516189575195,True,0.04226692770130924,0.0008529444226001951,True,False,135874.185412583,136.48696296494347
336.64300000001094,62.4,True,False,-1032.886268659775,-1658.278496011238,-2050.965988524753,-354.3268248483146,837.1350823595859,0.0,2586.0262655091497,9.342451109325957,4.006881727115497,-55.12308364967305,11.93157961239241,13.112634782250746,9.46669557482948,10.16545591231588,17.728614807128906,34.15193971951345,47.7,13.54806028048655,11.521404266357422,True,-0.6370214226291502,0.1879002415218505,True,False,134870.82147590962,133.10089555796554
336.7430000000022,62.5,True,False,-1031.0061676687444,-1658.83783427623,-2056.086463017405,-354.3268248483146,837.1350823595859,0.0,2586.073419990119,9.478111508321035,3.940224544600419,-55.19006634252956,11.943964455704373,13.126245547334733,9.51122561086609,10.264500339813878,17.74701690673828,36.396222144578786,47.7,11.30377785542122,11.428750038146973,True,-0.3617459713149689,0.062495446598172216,True,False,135186.7547257475,133.90518124452197
336.84300000000803,62.6,True,False,-1030.0767891545236,-1658.413146412937,-2061.584531611368,-354.3268248483146,837.1350823595859,0.0,2585.4204641391543,9.551882085755794,3.969783297947527,-55.23764820206854,11.849375985110957,13.022294175446394,9.339509162949062,10.343965913171099,17.60647201538086,38.447095927828975,47.7,9.252904072171026,11.247834205627441,True,0.007749547035368565,2.7565450104994693e-05,True,False,135467.12909451965,133.70607356845366
336.94400000000314,62.7,True,False,-1017.9340309446641,-1669.253952967576,-2080.061828350016,-354.3268248483146,837.1350823595859,0.0,2592.7515346425357,9.43126919673258,2.526784965058371,-55.62613615436814,11.847503111314092,13.020235914018373,10.768040636448372,9.763886568415359,17.603689193725586,40.718608358824156,47.7,6.981391641175851,11.442956924438477,True,-0.5881201800766505,0.14814214332308098,True,False,135006.407634245,131.3240787170457
337.04400000000896,62.8,True,False,-1015.6566692879433,-1669.6697320122062,-2081.034007872066,-354.3268248483146,837.1350823595859,0.0,2592.5716075943087,9.586705980808441,2.1273638193012627,-55.51816508831857,11.894463592541447,13.071844809029518,11.185142347285295,9.819908776671014,17.673465728759766,40.94014400326615,47.7,6.759855996733853,11.092607498168945,True,-0.8000107019965785,0.2958248403370947,True,False,135271.59375621533,131.97545801727728
337.14300000001094,62.9,True,False,-1014.45372972187,-1669.832303665489,-2087.379052539232,-354.3268248483146,837.1350823595859,0.0,2592.422227402654,9.57703860576556,2.0940685239780428,-55.80816054132937,11.783539143922736,12.949940431703903,11.077842727798558,9.803305128345212,17.508647918701172,41.53083996716231,47.7,6.169160032837698,10.942133903503418,True,-0.1809831066608414,0.015119372636593673,True,False,135563.57476116522,132.4783948605059
337.2430000000022,63.0,True,False,-1016.1948546198684,-1665.0612663760826,-2084.7408033589013,-354.3268248483146,837.1350823595859,0.0,2588.253437447691,9.14723052727259,2.749016235406656,-55.29261451083635,11.721795924762072,12.882085519828415,10.45502176510608,9.551382966963317,17.416906356811523,43.185378436729685,47.7,4.51462156327032,11.167312622070312,True,1.1038994282877255,0.5401793160849158,True,False,135733.8074655878,131.44188489266529
337.34300000000803,63.1,True,False,-1016.6444918391691,-1663.4816526862953,-2095.1213479674907,-354.3268248483146,837.1350823595859,0.0,2586.8414616283953,9.050521843136991,3.0668366064147485,-55.587366708207696,11.715570127699156,12.875243458193118,10.164021218447973,9.556015508753914,17.407655715942383,44.564191161969966,47.7,3.1358088380300377,11.536911964416504,True,0.5610325497000037,0.1469995467436198,True,False,135896.29012047988,131.55265680065676
337.4429999999993,63.2,True,False,-1015.885109536291,-1663.2382223080406,-2102.068653490652,-354.3268248483146,837.1350823595859,0.0,2586.411805326794,9.056946445416742,2.938500145600537,-55.58600781648837,11.65968557612512,12.813827137926598,10.212557671214606,9.521715287743135,17.32461929321289,43.90677193604831,47.7,3.7932280639516955,11.674274444580078,True,0.15630040338700368,0.011484530576791704,True,False,136072.215883145,132.09233347317937
337.5430000000051,63.3,True,False,-999.9150183340379,-1677.4567173480455,-2086.5938933754173,-354.3268248483146,837.1350823595859,0.0,2596.142529740042,9.571683529867055,0.6397736446933999,-54.17812993452316,11.70741112437299,12.866276830614986,12.411636173900877,9.593041014838441,17.395532608032227,45.630781711471364,47.7,2.0692182885286403,11.55061149597168,True,-0.6817172226165908,0.20580180793036468,True,False,135040.57213638182,126.51003412352811
337.64300000001094,63.4,True,False,-998.847703300309,-1677.5188205823167,-2091.800933461808,-354.3268248483146,837.1350823595859,0.0,2595.93748274905,9.71391309355946,0.48983149317847613,-54.23722928254299,11.648298144012722,12.801312513438615,12.462520228093622,9.726255316458404,17.30769920349121,46.796056640520895,47.7,0.9039433594791085,11.512462615966797,True,-0.039068449793482785,0.0006990928374408965,True,False,135271.09978691285,125.91182581754208
337.7430000000022,63.5,True,False,-998.2611219761532,-1676.9703229288073,-2097.116830108084,-354.3268248483146,837.1350823595859,0.0,2595.260558772055,9.665801435891797,0.5803634675227611,-54.342284244163956,11.60610136029062,12.754938853629241,12.32822167340496,9.683209135019391,17.2450008392334,48.16415515487876,47.7,0.4641551548787591,11.304241180419922,True,0.1789518433931523,0.015002163527553469,True,False,135576.36090096846,126.06946375744613
337.84300000000803,63.6,True,False,-998.7764691983742,-1675.030037617806,-2101.68401699368,-354.3268248483146,837.1350823595859,0.0,2593.5090002029956,9.497577012073867,0.9043069781029076,-54.20298000869402,11.632147014395068,12.783562653748863,12.069511361367377,9.54053144279288,17.283700942993164,49.457420142096026,47.7,1.75742014209602,11.545234680175781,True,0.73516601286682,0.2558372420506171,True,False,135885.2432735103,126.49211666384443
337.9429999999993,63.7,True,False,-997.3513322022569,-1674.8499209315064,-2103.5519730368255,-354.3268248483146,837.1350823595859,0.0,2592.9807507610094,9.574399797054378,0.7733944645316632,-53.991956885526236,11.61112435903437,12.760459057171285,12.158863618343908,9.60558537891383,17.252464294433594,48.928237831310916,47.7,1.228237831310916,10.950467109680176,True,-0.5664582608214843,0.15491151656088895,True,False,136138.36992456735,127.36976723222466
338.0430000000051,63.8,True,False,-1006.2149333077006,-1664.258377757846,-2126.877896729001,-354.3268248483146,837.1350823595859,0.0,2584.9424264901945,8.901584901470805,2.223108752750556,-55.15416358277558,11.543519904948083,12.686162732218113,10.791446573089743,9.174989170819176,17.152013778686523,48.01905821261761,47.7,0.31905821261760176,10.594169616699219,True,-0.25590501275456035,0.033138082278365455,True,False,135814.03402874433,124.2445724176262
338.14300000001094,63.9,True,False,-1005.1563093865335,-1664.0999182956436,-2134.468002710457,-354.3268248483146,837.1350823595859,0.0,2584.522305271721,8.835487634527409,2.1100969284762945,-55.34604157758516,11.58278222019888,12.729311453285572,10.968835155310707,9.083961183726615,17.210351943969727,47.8983889356004,47.7,0.1983889356004002,10.230586051940918,True,-0.40756797024567604,0.0796250865624384,True,False,136090.88005601443,125.1638482783358
338.2430000000022,64.0,True,False,-1004.5163148148998,-1663.8592146509186,-2138.886699326505,-354.3268248483146,837.1350823595859,0.0,2584.1282565968113,8.999170271402624,2.057133485000258,-55.302350215628316,11.587497138263227,12.734493080581746,10.986602928251687,9.23129805329706,17.217357635498047,48.315896152964235,47.7,0.6158961529642287,10.984782218933105,True,0.5206694529065778,0.1290917402145685,True,False,136413.9273137941,126.33144431236971
338.34300000000803,64.1,True,False,-1004.2554260089422,-1663.3816064368073,-2145.4371217348107,-354.3268248483146,837.1350823595859,0.0,2583.600374972083,9.029620433033116,2.0642775015754906,-55.40736556665338,11.448202310080081,12.581410063214548,10.79164563980251,9.26257452159819,17.010385513305664,48.867963659177136,47.7,1.1679636591771354,11.26211166381836,True,0.7098583215220273,0.2397652414064609,True,False,136743.33043373717,127.44826255329868
338.4429999999993,64.2,True,False,-1002.8815386982159,-1662.840801656002,-2146.4551721989474,-354.3268248483146,837.1350823595859,0.0,2582.7316232075773,9.072186462802474,1.9154624345609415,-55.11412549156321,11.039035225088218,12.131741308136725,10.403886200664434,9.272193028300833,16.402421951293945,48.87319045134924,47.7,1.1731904513492353,10.458466529846191,True,-0.6599241972264451,0.20661661048496127,True,False,136981.08319879393,128.28126397316038
338.5430000000051,64.3,True,False,-1001.8287940564054,-1662.5149533758663,-2152.307332379238,-354.3268248483146,837.1350823595859,0.0,2582.152029079737,9.167252438836169,1.755640766947428,-55.09892359422639,10.858983890359173,11.933867474909595,10.317860932516318,9.333851926183286,16.134891510009766,49.18797839591069,47.7,1.487978395910686,10.18836784362793,True,-0.6259685847136982,0.18757221295615445,True,False,137320.1150777982,129.53924816764913
338.64300000001094,64.4,True,False,-1001.1092218873201,-1662.0555392814476,-2156.232365210942,-354.3268248483146,837.1350823595859,0.0,2581.5269187862473,9.253417750042166,1.7209421954146549,-55.05462373163072,11.27328051866308,12.38917352448116,10.857762444193419,9.412087021312226,16.750476837158203,49.98466757565356,47.7,2.2846675756535575,10.42475700378418,True,0.27182356955803755,0.034941132300896675,True,False,137587.0703501099,130.39908849576926
338.7430000000022,64.5,True,False,-1002.4979602154176,-1658.9177520462274,-2156.024242850308,-354.3268248483146,837.1350823595859,0.0,2578.838027652837,9.043046102391097,2.241542344298579,-54.731550423594584,11.483682934991217,12.620402760863948,10.661962844391827,9.31671588550678,17.0631046295166,51.11709950640378,47.7,3.4170995064037775,11.280791282653809,True,1.4663013591078826,1.008400610496491,True,False,137885.013029823,131.07231154661866
338.84300000000803,64.6,True,False,-1002.4512804286885,-1658.1038421135079,-2165.7033930299126,-354.3268248483146,837.1350823595859,0.0,2578.0385179680693,9.167576895431061,2.4829783283287123,-54.870749793304306,11.427619953357029,12.558790348521693,10.326169787968078,9.497875947420637,16.97980308532715,51.97963789089428,47.7,4.2796378908942785,11.3020658493042,True,0.4082275703578837,0.07894569525113185,True,False,137992.8993743838,131.38017186964436
338.94400000000314,64.7,True,False,-1002.0290425316753,-1657.6076257510806,-2173.6918548468334,-354.3268248483146,837.1350823595859,0.0,2577.4521028456156,9.118035065292801,2.388229231962259,-55.05121732512872,11.412602303905675,12.542286167269873,10.410086986091144,9.425614161226214,16.957489013671875,52.6147696788714,47.7,4.914769678871391,11.521140098571777,True,0.23621080646004877,0.026350007186792708,True,False,138090.28111348534,131.4953888448004
339.0430000000051,64.8,True,False,-1000.9567803199926,-1657.0415512886104,-2176.0672415690615,-354.3268248483146,837.1350823595859,0.0,2576.634894421395,9.217194623450712,2.4376454997009365,-55.17079090348591,11.470503500260296,12.605918751212487,10.414949918828901,9.534085814003403,17.043521881103516,52.12456906127744,47.7,4.424569061277436,11.840877532958984,True,-0.29116318824661924,0.040021462546764544,True,False,138185.83166013248,131.79090524985725
339.14400000000023,64.9,True,False,-1002.4053069363802,-1653.2229481890424,-2171.1022653796153,-354.3268248483146,837.1350823595859,0.0,2573.3030989884605,9.061637970252242,3.109747549604122,-54.79601221896162,11.393107215247012,12.52086134457807,9.695607856256636,9.580386867250509,16.92852210998535,53.982754691044086,47.7,6.28275469104408,12.30039119720459,True,1.2409405773565485,0.7057578177389453,True,False,138349.43311320848,131.66947994910606
339.2430000000022,65.0,True,False,-1001.3542403715707,-1652.9787868868873,-2175.4576868103472,-354.3268248483146,837.1350823595859,0.0,2572.802277333481,9.025994473809579,2.9127669715186966,-54.83831245108476,11.387245980321389,12.514419931500386,9.88773220920396,9.484344345900313,16.91981315612793,53.59964309573264,47.7,5.899643095732631,11.794245719909668,True,-0.12891163865417354,0.007889438552427703,True,False,138530.31459060922,132.19654127956488
339.34300000000803,65.1,True,False,-977.630921515634,-1672.7166997831926,-2149.0989823866144,-354.3268248483146,837.1350823595859,0.0,2586.0904789367955,9.525918177425856,0.0983049677112858,-52.85222612303007,11.378446425915968,12.504749347477714,12.54399151226163,9.526425404614738,16.90673828125,51.69395837379688,47.7,3.9939583737968785,12.562514305114746,True,-0.282637444656757,0.037019922678384595,True,False,135687.30322154012,118.65149249844822
339.4429999999993,65.2,True,False,-977.3253848100263,-1672.9613055298598,-2161.4325333230095,-354.3268248483146,837.1350823595859,0.0,2586.2542570694804,9.72597670020953,0.09201349788568328,-53.33873541122536,11.35426080891341,12.478169701442535,12.492724868401108,9.726411941554389,16.87080192565918,52.224261667235716,47.7,4.524261667235713,13.283114433288574,True,0.5857734586278411,0.17059410066030975,True,False,135701.56129965087,118.74170154282996
339.5420000000013,65.3,True,False,-976.1493337146836,-1672.970205955726,-2165.755155766747,-354.3268248483146,837.1350823595859,0.0,2585.9798512288066,9.770934967902546,0.044649034162954376,-53.32967915217668,11.336914582993575,12.459106448065679,12.512835211752968,9.77103698095716,16.845027923583984,52.758423490878236,47.7,5.05842349087823,12.861879348754883,True,-0.16241414700901835,0.012964217548786882,True,False,135926.14114736562,119.56672923406957
339.64300000001094,65.4,True,False,-975.7273129596551,-1672.7169457073871,-2172.3903837519815,-354.3268248483146,837.1350823595859,0.0,2585.6325665911836,9.803739538701723,0.15836811688815539,-53.54633980990308,11.371406782391631,12.497012880259577,12.437834826995063,9.805018582498974,16.896278381347656,53.356765666096535,47.7,5.65676566609653,13.520703315734863,True,0.4381819438701413,0.09433334099152284,True,False,136212.86680620955,120.58697027868432
339.7430000000022,65.5,True,False,-976.3181606798145,-1671.130450825548,-2178.3079550378043,-354.3268248483146,837.1350823595859,0.0,2584.2347429778815,9.653329042594327,0.4954671930016903,-53.7637641574325,11.395090484620663,12.52304092916086,12.153035131179186,9.666035865024302,16.931468963623047,55.412010637877735,47.7,7.712010637877735,13.389665603637695,True,0.5081809787127192,0.12243165803272557,True,False,136480.65979882705,120.61689728839681
339.84300000000803,65.6,True,False,-975.6617704990789,-1669.4801120511945,-2177.287944186687,-354.3268248483146,837.1350823595859,0.0,2582.4749461587876,9.482708864811848,0.6194659105137739,-53.276974982636766,11.355458472554584,12.479485916598357,12.00696737890243,9.502920889340805,16.872581481933594,53.49817037490954,47.7,5.798170374909535,12.623706817626953,True,-1.1834956141624335,0.6797515647067419,True,False,136728.42606799756,121.42178608230303
339.9429999999993,65.7,True,False,-975.1602848700591,-1669.158203267027,-2187.0654937205354,-354.3268248483146,837.1350823595859,0.0,2582.0418700438636,9.43306146082357,0.5617749935659578,-53.57325704087747,11.327980243290915,12.449287736935439,12.037594295203645,9.449774582870797,16.83175277709961,53.50204099764043,47.7,5.802040997640423,12.225116729736328,True,-0.39511812837739235,0.07540143525458821,True,False,136775.95484416687,121.56648752534916
340.04400000000896,65.8,True,False,-973.9199531191837,-1669.32598884058,-2186.984304112511,-354.3268248483146,837.1350823595859,0.0,2581.9068042906515,9.720892743928818,0.4517732628108637,-53.37960352987382,11.296941114841157,12.415176180164002,12.06676998332151,9.731385041193196,16.785633087158203,53.78342486155464,47.7,6.083424861554637,12.84364128112793,True,0.6517370197200023,0.20584964002149847,True,False,136944.28682779908,122.3018073133556
340.14400000000023,65.9,True,False,-973.3955949906065,-1668.2093652042345,-2191.521013981057,-354.3268248483146,837.1350823595859,0.0,2580.6969878512186,9.688845208786518,0.4701518074887947,-53.424474079336534,11.183928135950001,12.290976538038258,11.9149977032925,9.700245574309468,16.617712020874023,53.54737228593919,47.7,5.847372285939189,12.018203735351562,True,-0.7510854622153378,0.2772148846205791,True,False,137250.9276424453,123.44292569321678
340.2430000000022,66.0,True,False,-975.9205479485787,-1664.0108182161064,-2190.0288887638417,-354.3268248483146,837.1350823595859,0.0,2577.2290493016408,9.050158716217052,1.2091449063786577,-53.0975595950218,11.141309024963219,12.244138746625172,11.231384539229689,9.130575238906962,16.554386138916016,55.6245709200207,47.7,7.924570920020696,12.940156936645508,True,1.2333391640672176,0.7163127030563365,True,False,137460.85014522253,123.12891700741677
340.34300000000803,66.1,True,False,-980.9131854720475,-1657.208488020309,-2199.4919979252663,-354.3268248483146,837.1350823595859,0.0,2571.839869512722,8.403357588554318,2.5210897286936467,-53.47477600337109,11.131396529103458,12.233245055914294,10.088020497660226,8.773386585648556,16.539657592773438,58.97633524959515,47.7,11.276335249595151,13.332639694213867,True,1.2552219788428367,0.7268780561029572,True,False,137644.8197196259,122.08845960172145
340.4429999999993,66.2,True,False,-977.8835903250615,-1658.854391353282,-2192.8968730986962,-354.3268248483146,837.1350823595859,0.0,2572.700233734444,8.360228259124058,2.0989430003774663,-52.63271887781017,11.12545955767748,12.2267204095095,10.498494148373117,8.619685508386606,16.53083610534668,55.60820197776484,47.7,7.908201977764838,12.46104621887207,True,-0.8451922981444255,0.3286223876896834,True,False,137501.73415018676,121.47737585973144
340.5430000000051,66.3,True,False,-1012.5133945303667,-1625.8423087532653,-2192.811872422809,-354.3268248483146,837.1350823595859,0.0,2549.4052619469694,8.138803720460782,6.741489190490313,-52.72390783559624,11.140433562365919,12.243176625793156,6.267243919266637,10.568245005945121,16.553085327148438,59.29662629431831,47.7,11.596626294318304,13.327176094055176,True,1.3456806948135132,0.7492281258281247,True,False,134551.90449529295,109.1446297486618
340.64300000001094,66.4,True,False,-1014.7736224557243,-1620.5656760342658,-2190.696916227794,-354.3268248483146,837.1350823595859,0.0,2544.8935125618905,7.497923123228411,7.390788140453241,-52.24662480600716,11.194022912878408,12.302070553027944,6.146694118883446,10.528181253137104,16.63271141052246,59.809585651225476,47.7,12.109585651225471,13.338461875915527,True,0.8916853615960765,0.3799978484738468,True,False,134603.53700325888,107.64179150144564
340.7430000000022,66.5,True,False,-1018.1962470682779,-1614.9311067566557,-2197.2004184093985,-354.3268248483146,837.1350823595859,0.0,2540.3447021153875,7.11373323407646,8.087846267610454,-52.29234209365298,11.215698956013338,12.325892213393637,5.898063768942686,10.771186460836349,16.664918899536133,62.130333076053724,47.7,14.430333076053723,13.742023468017578,True,1.0101570127919715,0.48723175144475017,True,False,134788.6491846697,106.99932635165914
340.8440000000119,66.6,True,False,-1022.62475445362,-1609.1381312109243,-2214.581511336038,-354.3268248483146,837.1350823595859,0.0,2535.9169462242503,6.600630959228827,8.678562900667092,-52.98924375910518,11.204140795857771,12.313189961236068,5.86539143496491,10.903475733946735,16.64774513244629,64.00907087172317,47.7,16.309070871723165,14.795707702636719,True,1.5314561882457483,1.1344444770316442,True,False,134886.52267275282,106.95667852225446
340.9429999999993,66.7,True,False,-1020.4595737517311,-1609.3766856787354,-2213.42433635537,-354.3268248483146,837.1350823595859,0.0,2535.5773840117,6.743129777105362,8.332382609234736,-52.55666697052292,11.265008552421135,12.380082752279542,6.068876675848357,10.719067083359562,16.73818588256836,62.41099928815597,47.7,14.710999288155964,13.807438850402832,True,-0.4932881929586035,0.11615672076778184,True,False,134770.9477682658,106.4695000675892
341.0430000000051,66.8,True,False,-1021.2194536418841,-1605.9558720681518,-2217.750546925441,-354.3268248483146,837.1350823595859,0.0,2532.476888333995,6.260707779044899,8.377887264735975,-52.45963453199873,11.300835768096599,12.419456348205546,6.460431162273878,10.458750255896664,16.791419982910156,61.718167170600644,47.7,14.018167170600643,12.36008071899414,True,-1.622596733562169,1.3071267160501954,True,False,135033.64445952527,107.32402065264206
341.14300000001094,66.9,True,False,-1020.7138717885167,-1605.0825388796325,-2225.0895228879253,-354.3268248483146,837.1350823595859,0.0,2531.5012553465244,6.280570279612087,8.251771658145904,-52.5517272544531,11.262246095662496,12.377046851941572,6.467997322260375,10.37001921576458,16.734081268310547,62.015674436292926,47.7,14.31567443629292,12.473894119262695,True,-0.2204571249573597,0.023831464907458844,True,False,135120.8710985249,107.70693098433699
341.2430000000022,67.0,True,False,-1030.941791993096,-1592.5243454044016,-2195.789459691272,-354.3268248483146,837.1350823595859,0.0,2522.112754951047,3.956815092271289,9.721133590893936,-50.14190186130998,11.22243693720576,12.333297158037693,7.720923474242067,10.49556210816897,16.674930572509766,64.14114000118002,47.7,16.441140001180017,13.565072059631348,True,2.72144017477652,3.220299306597545,True,False,134942.67229924048,104.466827038074
341.3440000000119,67.1,True,False,-1044.2749400006644,-1574.5899664732042,-2219.719625330525,-354.3268248483146,837.1350823595859,0.0,2508.47485791064,2.483322556621059,11.618699930061817,-50.81832571414561,11.208521959852767,12.318004797599215,8.753178389814552,11.881122799846883,16.654254913330078,74.73328546019245,47.7,27.033285460192452,13.94040584564209,True,2.3290495772076856,2.2270177391685806,True,False,134834.0947096389,102.37569804653029
341.4429999999993,67.2,True,False,-1047.7928169862803,-1569.6037155828742,-2234.9420982221613,-354.3268248483146,837.1350823595859,0.0,2504.653014645624,2.076452578229569,11.927990854937907,-51.592744106937715,11.193749491275439,12.301770066609734,9.124955556040465,12.107378789197874,16.632305145263672,72.64093167435853,47.7,24.940931674358517,14.346274375915527,True,0.5924880214781716,0.14444508291539213,True,False,134185.7416561691,98.80015892077795
341.5420000000013,67.3,True,False,-1046.7007137257128,-1568.9994350612546,-2236.002680161479,-354.3268248483146,837.1350823595859,0.0,2503.7701407923278,2.029676339910988,11.788726296962896,-51.38780811099179,11.17371654509732,12.279754146222015,9.15721462142349,11.962175962152495,16.6025390625,71.15693254970805,47.7,23.456932549708043,14.149924278259277,True,-0.3499502622302497,0.05919895889121364,True,False,134134.01705553118,98.60353491994115
341.64300000001094,67.4,True,False,-1046.5247181927568,-1567.8052493062671,-2241.1375277395787,-354.3268248483146,837.1350823595859,0.0,2502.573859534129,2.068259644379617,11.788684075642935,-51.437398640326,11.143057382818826,12.246060166820484,9.086316463912217,11.968741378770227,16.556983947753906,72.6453660377841,47.7,24.9453660377841,14.085427284240723,True,0.01716443199269513,0.00014780915243502963,True,False,134375.9787659533,99.31840298596443
341.74400000000605,67.5,True,False,-1046.8389461174927,-1566.3930211200702,-2245.330696348629,-354.3268248483146,837.1350823595859,0.0,2501.303736518468,1.9260439346166276,11.788996829032069,-51.294245413232126,11.14407019805236,12.247173236228784,9.229405929609046,11.945295788426575,16.558488845825195,73.7591158158628,47.7,26.059115815862796,14.01623249053955,True,0.3124905601355188,0.04847609286042646,True,False,134601.98223206858,99.8936512374946
341.84300000000803,67.6,True,False,-1046.6371471118807,-1565.2333108615426,-2250.4859700330485,-354.3268248483146,837.1350823595859,0.0,2500.1334922480737,1.9249459116266983,11.737960610660318,-51.35619520480193,11.151854369885251,12.25572792937444,9.241424278400578,11.894752458967,16.57005500793457,72.63475776320507,47.7,24.934757763205063,14.113005638122559,True,0.008359467736770654,3.497369649960825e-05,True,False,134829.10984708637,100.51050398987192
341.9429999999993,67.7,True,False,-1046.3195977904352,-1564.3676333735264,-2256.6316937563724,-354.3268248483146,837.1350823595859,0.0,2499.2137346528884,2.053692408738937,11.710655415396358,-51.42660014198498,11.124792049538776,12.225986827643448,9.085725901531893,11.889369317498048,16.529844284057617,72.24283450013827,47.7,24.54283450013827,14.883952140808105,True,0.14729684949825916,0.010855112384442926,True,False,134979.0062123385,100.8527249324398
342.0430000000051,67.8,True,False,-1045.8863753491373,-1563.0654133737485,-2260.983215226067,-354.3268248483146,837.1350823595859,0.0,2497.8424753389563,2.1007596696335398,11.482737671887847,-51.358822402278996,11.134889393806178,12.237083664101847,9.065568804501398,11.673322390431576,16.54484748840332,73.40834957870061,47.7,25.70834957870061,14.412623405456543,True,-0.25964278997222046,0.03397161249124603,True,False,135212.87669493063,101.77337989531355
342.14300000001094,67.9,True,False,-1045.671445788823,-1561.9013577867793,-2266.1778353605846,-354.3268248483146,837.1350823595859,0.0,2496.664419991906,2.132246536213687,11.433843080667474,-51.47894583305917,11.127770162772997,12.229259731353528,9.030621958878324,11.630960531466124,16.534269332885742,73.63246850516447,47.7,25.93246850516447,14.344636917114258,True,-0.023737570357951654,0.00028428063797111467,True,False,135457.87614980282,102.769942600361
342.2430000000022,68.0,True,False,-1045.6198080593908,-1560.3147658308458,-2270.9413707912727,-354.3268248483146,837.1350823595859,0.0,2495.1256006913145,2.1406802506223186,11.450626607456053,-51.494193426843324,11.109887363003205,12.209606791015112,9.001262530546436,11.649006894958255,16.50769805908203,73.39234226715023,47.7,25.69234226715023,14.36475944519043,True,-0.292471958894323,0.04321530665617645,True,False,135707.16586237942,103.71208085547204
342.34300000000803,68.1,True,False,-1045.7524784737996,-1558.5450723268407,-2278.494787242241,-354.3268248483146,837.1350823595859,0.0,2493.462018569726,2.1841253857954923,11.4470925042169,-51.67425699124518,11.088067548884554,12.185627128401347,8.934518422094971,11.653597320182943,16.475276947021484,73.6309624668789,47.7,25.9309624668789,13.736000061035156,True,-0.5442719821310646,0.1492255849328806,True,False,135924.8768626585,104.60920399573223
342.4429999999993,68.2,True,False,-1045.8252926414314,-1557.4154547758699,-2280.750126367925,-354.3268248483146,837.1350823595859,0.0,2492.3969198054965,2.1136559770494285,11.526468207207394,-51.54508759659768,11.065702175229461,12.161047903685517,8.974509598052244,11.718660798959904,16.442045211791992,74.42863539227893,47.7,26.728635392278935,14.222648620605469,True,0.44941379854776464,0.10010570188739971,True,False,136100.56339105623,105.2535470760505
342.5430000000051,68.3,True,False,-1046.1065761879202,-1556.1677172605391,-2284.6787473507547,-241.90650381733454,933.6038230563177,0.0,2616.4288790969704,2.098124012630124,11.632938283303359,-51.53481054108911,13.692238040548045,9.138494552968998,11.859415230784675,11.820633547975339,16.46175765991211,75.32177404268006,33.72,41.60177404268006,14.231756210327148,True,0.453951098908453,0.10287848550382053,True,False,136345.76021996787,106.1011344720055
342.64300000001094,68.4,True,False,-1046.0306798330466,-1555.2212979135136,-2290.250898783501,-241.90650381733454,933.6038230563177,0.0,2615.504955687036,2.1601277827776464,11.646976696131693,-51.59183724499896,13.667100628579414,9.121717302845916,11.780804687176394,11.84559910676377,16.431535720825195,75.60904490026854,33.72,41.88904490026854,14.403424263000488,True,0.39295468585765647,0.0779335802905718,True,False,136606.8267267758,107.16865430229561
342.7430000000022,68.5,True,False,-1045.955194133849,-1553.4339601539175,-2293.5009793683957,-241.90650381733454,933.6038230563177,0.0,2613.7810221047557,2.167120221013233,11.614018467292233,-51.53792682467397,13.676892241496446,9.128252436185118,11.775138416379836,11.814475655353032,16.443307876586914,75.4824358951297,33.72,41.76243589512969,13.953597068786621,True,-0.4729497039477337,0.11256629577437045,True,False,136836.8764450046,108.09250508096244
342.84300000000803,68.6,True,False,-1046.263494901894,-1551.5243031350462,-2300.4140473263406,-241.90650381733454,933.6038230563177,0.0,2612.0589527600646,2.0744463608198656,11.605922873690208,-51.75220251278466,13.665925063904831,9.120932705664394,11.854853632974862,11.789858924260475,16.43012237548828,75.49071952494772,33.72,41.770719524947715,13.456018447875977,True,-0.5818668074557145,0.17030076045894213,True,False,137081.76696730178,109.09682402991265
342.94400000000314,68.7,True,False,-1046.4021746669832,-1550.3386259360009,-2302.378983890208,-241.90650381733454,933.6038230563177,0.0,2610.9736448922235,1.9015045351930104,11.308457750841848,-51.574224513182166,13.64617526008044,9.107751261247717,11.949075256661894,11.46721135237049,16.4063777923584,76.4709479416429,33.72,42.7509479416429,13.49254322052002,True,0.467120238566352,0.10762550661657552,True,False,137254.54618858473,109.84869681622177
343.0430000000051,68.8,True,False,-1045.7030715916912,-1549.8140061991446,-2307.7630106233987,-241.90650381733454,933.6038230563177,0.0,2610.2591896265303,1.8870904099236447,11.177926793677278,-51.799206432835724,13.626368343802222,9.094531698749345,11.922717036414907,11.336099753444048,16.382564544677734,75.80409036480721,33.72,42.08409036480721,13.589943885803223,True,0.3308272538568957,0.05453243969171657,True,False,137512.73256376665,110.70941683959845
343.14300000001094,68.9,True,False,-1047.4644128262937,-1546.7836102139581,-2308.8021274549674,-241.90650381733454,933.6038230563177,0.0,2607.9197387749477,1.4783101899429192,11.192781237974417,-51.55236181927231,13.57958055246244,9.063304519157677,12.28720535690585,11.289984626156105,16.326313018798828,72.42636844837428,33.72,38.70636844837427,13.916299819946289,True,-0.42642973892504266,0.07914163029463325,True,False,137473.43108662972,107.72112873913514
343.2430000000022,69.0,True,False,-1045.8060384869934,-1546.1325631455863,-2307.2311893091864,-241.90650381733454,933.6038230563177,0.0,2606.7886387077438,1.7533523578047128,10.845708615558475,-51.04194653985988,13.606716900314975,9.081415902140028,11.983946752062149,10.986520826185998,16.358938217163086,74.62245929262018,33.72,40.90245929262018,13.965362548828125,True,-0.6501289525843017,0.2103317353948636,True,False,137515.1571316244,107.8197703371294
343.34300000000803,69.1,True,False,-1046.2984486741343,-1544.7883019425506,-2311.234536680686,-241.90650381733454,933.6038230563177,0.0,2605.6618979074988,1.5602003312839943,10.79813347733592,-51.02175625326778,13.628378384885483,9.09587324345783,12.187641750448334,10.910266342674747,16.384981155395508,76.45216720910462,33.72,42.732167209104624,13.88613224029541,True,0.2732551810807209,0.035939021734500136,True,False,137734.3204082331,107.85895027532843
343.4429999999993,69.2,True,False,-1046.0912849272934,-1543.7151870295133,-2316.2902990127454,-241.90650381733454,933.6038230563177,0.0,2604.5772478276613,1.6313481987973133,10.713245084541729,-50.99701760638242,13.637180048602866,9.101747663381015,12.11350165493913,10.836739232221875,16.39556312561035,77.03961416616016,33.72,43.31961416616016,13.767417907714844,True,-0.03975905584360895,0.0008001119902025184,True,False,137997.11813460436,108.82070768709002
343.5430000000051,69.3,True,False,-1046.8087388653412,-1541.153398025374,-2317.892549438855,-241.90650381733454,933.6038230563177,0.0,2602.3625633799093,1.421690812139231,10.74348569564402,-50.860896830380554,13.61818857124872,9.089072342382376,12.308194064582066,10.83714398067262,16.372730255126953,76.21888342622923,33.72,42.49888342622923,13.376927375793457,True,-0.892707392986928,0.40408423395841003,True,False,138229.5295130192,109.65422036224987
343.64300000001094,69.4,True,False,-1046.7846556910388,-1539.9200642820267,-2325.532166091372,-241.90650381733454,933.6038230563177,0.0,2601.182281309217,1.501273601706287,10.696251521814993,-50.99626869930951,13.580703764054348,9.064054174764314,12.189204290139836,10.801093418960402,16.32766342163086,76.91501386248882,33.72,43.19501386248882,13.087746620178223,True,-0.3585995032615781,0.06521308545707728,True,False,138400.61452219845,110.4123554486535
343.7430000000022,69.5,True,False,-1045.8451977622615,-1538.7815355459127,-2334.1793836915517,-241.90650381733454,933.6038230563177,0.0,2599.808990109188,1.817148313118809,10.55643540989639,-51.26682072012675,13.559311977182464,9.049776835498951,11.838430114397015,10.71169251589985,16.301944732666016,78.43055800564224,33.72,44.71055800564224,12.378223419189453,True,-0.8364936805327883,0.3490556451762325,True,False,138635.55479479005,111.2137453580872
343.8440000000119,69.6,True,False,-1045.8558276475578,-1537.944521293895,-2335.108470224119,-241.90650381733454,933.6038230563177,0.0,2599.016301169993,1.688709302218605,10.525805213421753,-51.107314616158774,13.533333742976952,9.032438402506495,11.938394891045998,10.660408739738651,16.27071189880371,78.6498297868551,33.72,44.929829786855095,12.634021759033203,True,0.42633338891496386,0.08741643466536039,True,False,138706.8897499094,111.32891248150911
343.94400000000314,69.7,True,False,-1045.6782911841267,-1536.9140266269833,-2340.2073721102884,-241.90650381733454,933.6038230563177,0.0,2597.9814340696526,1.701099753931641,10.419869804832832,-51.18768412543717,13.557592257739485,9.04862905770574,11.935523267935647,10.557813557858145,16.299877166748047,78.84564066648268,33.72,45.12564066648268,12.398584365844727,True,0.016480936487125675,0.00013766943392981408,True,False,138976.48782031512,112.51960244007581
344.0430000000051,69.8,True,False,-1044.3952643558175,-1536.8095423862285,-2344.9606808444005,-241.90650381733454,933.6038230563177,0.0,2597.485400718887,2.040834001576309,10.335840862095656,-51.1630299198803,13.591731227013891,9.071414141037936,11.619896800124621,10.53539793973423,16.34092140197754,77.46771026379258,33.72,43.74771026379258,12.857383728027344,True,0.33427594071966205,0.05466709414506653,True,False,139211.73261031022,112.76159396554263
344.14300000001094,69.9,True,False,-1047.9974466094227,-1531.0708262165501,-2339.5775238909496,-241.90650381733454,933.6038230563177,0.0,2593.1455290476415,1.1420924692628347,10.163468244922429,-50.26121637625594,13.546398216789617,9.041157913693846,12.454974169291095,10.227436725489603,16.286418914794922,77.31036420759153,33.72,43.590364207591534,11.064820289611816,True,-1.7804989236842879,1.573858015953832,True,False,139395.6134577279,113.32035761464358
344.24400000000605,70.0,True,False,-1045.7879531411777,-1531.6974900134567,-2349.8506359201015,-241.90650381733454,933.6038230563177,0.0,2593.0553308386147,1.622095781533387,10.019638867253486,-50.76749225986512,13.517031310323771,9.02155780785425,11.936735610509738,10.15009151459459,16.25111198425293,79.52261533716623,33.72,45.80261533716622,10.837020874023438,True,-0.6048758809255013,0.17096664631832748,True,False,139471.4031562031,112.32386391961842
344.34300000000803,70.1,True,False,-1046.2039324556933,-1531.1986850658534,-2351.4024779598567,-241.90650381733454,933.6038230563177,0.0,2592.7101183432796,1.4000242436072001,10.036593324596414,-50.55884066675745,13.510176229407618,9.016982579215448,12.15299910274341,10.133768965494586,16.242870330810547,79.55332749177344,33.72,45.833327491773446,11.832232475280762,True,0.7806042394260686,0.2979436747842117,True,False,139704.09034355445,113.0415927679454
344.4429999999993,70.2,True,False,-1045.4803834911052,-1530.6825677289696,-2356.932053468914,-241.90650381733454,933.6038230563177,0.0,2591.9950609334755,1.5243977252219305,10.000838717410838,-50.697806052734386,13.526819750326704,9.028090823522248,12.04177615361558,10.116351292651192,16.262880325317383,78.96365162519714,33.72,45.24365162519715,11.881488800048828,True,0.2532580475667139,0.03193309576629055,True,False,139957.05516968138,113.59875532282447
344.54400000000896,70.3,True,False,-1046.1506469116484,-1528.3373520008602,-2358.2335788876117,-241.90650381733454,933.6038230563177,0.0,2589.9735502787335,1.4143753878085015,10.02131946181081,-50.57714997636482,13.532058231508175,9.03158709868201,12.158034695258849,10.120637405485217,16.26917839050293,78.85041911245403,33.72,45.13041911245403,11.291412353515625,True,-0.7922771909941151,0.31721352746068093,True,False,140183.7605865487,114.49051522343663
344.64300000001094,70.4,True,False,-1046.0842716208588,-1527.3319804199575,-2362.521188275333,-241.90650381733454,933.6038230563177,0.0,2588.997279075604,1.410232724030185,9.929496155161516,-50.55242079171096,13.442061695935031,8.971521472618125,12.069905712206824,10.02914005442605,16.160978317260742,80.17195975762823,33.72,46.451959757628224,11.015069007873535,True,0.10595317590544795,0.005586152117156757,True,False,140357.1779155785,115.08282703534705
344.74400000000605,70.5,True,False,-1026.7088667737287,-1540.4888844818183,-2384.6863608254966,-241.90650381733454,933.6038230563177,0.0,2595.5826849467394,0.33279336061630965,8.53835653405245,-51.30337790954124,13.451174305234357,8.977603424319419,13.12573260579108,8.544839596122708,16.171934127807617,80.92215144702655,33.72,47.20215144702655,11.285029411315918,True,-0.238087791598236,0.017116368662800422,True,False,138746.64186685166,106.04802910201141
344.84300000000803,70.6,True,False,-1026.9417810742386,-1539.2954314981996,-2389.9318023946207,-241.90650381733454,933.6038230563177,0.0,2594.5155828620705,0.3317556478747213,8.618315972639001,-51.382734890461386,13.493299499302077,9.005718686075065,13.167244108598537,8.624698952087622,16.222579956054688,82.16158158385336,33.72,48.44158158385336,11.642845153808594,True,0.5221448074299655,0.1327790618185194,True,False,139005.47978626197,107.04938325864308
344.9429999999993,70.7,True,False,-1026.046273159998,-1538.5477458068422,-2391.119947990625,-241.90650381733454,933.6038230563177,0.0,2593.532062130204,0.2592215521886248,8.559737076304836,-51.08784446212243,13.442198131241392,8.971612532479948,13.189409117744935,8.563661286423393,16.161142349243164,81.75209089971229,33.72,48.03209089971229,11.402079582214355,True,-0.4938543433012548,0.12289783495441885,True,False,139134.76533332493,107.56481129314048
345.0430000000051,70.8,True,False,-1026.010381680922,-1537.6897894762235,-2396.3964530476815,-241.90650381733454,933.6038230563177,0.0,2592.7034174052483,0.12685855991979553,8.457111194937932,-51.162038410670554,13.526562744284487,9.027919292154628,13.41185647523596,8.45806259481268,16.262571334838867,82.09046659837364,33.72,48.37046659837363,11.096803665161133,True,-0.04333276598739744,0.0009541758528521257,True,False,139368.80847086856,108.642416190928
345.14300000001094,70.9,True,False,-1026.5292446849207,-1536.721657374341,-2400.946137500367,-241.90650381733454,933.6038230563177,0.0,2591.937658345881,0.002054802338747247,8.533332361396129,-51.200465364017475,13.594412339429605,9.073203573206317,13.603074812021436,8.533332608791426,16.344144821166992,83.08371617055427,33.72,49.36371617055426,11.247900009155273,True,0.26831777420916225,0.03623468340513511,True,False,139616.27583821228,109.497085800393
345.24400000000605,71.0,True,False,-1027.2755413826412,-1536.439230931723,-2410.6169857974223,-241.90650381733454,933.6038230563177,0.0,2591.894522105563,-0.9662745800697146,8.633672581530345,-51.548458583700736,13.560660465675575,9.050676845761156,14.53291899033671,8.687576693713716,16.303565979003906,82.28117605762505,33.72,48.56117605762505,10.856119155883789,True,-0.11396852178736339,0.006247312857850373,True,False,139640.43890920834,108.19849497022653
345.34300000000803,71.1,True,False,-1027.4284734517023,-1535.5713034542484,-2415.808263082241,-241.90650381733454,933.6038230563177,0.0,2591.1137702070755,-1.1167276856825266,8.624862954602673,-51.64189524349336,13.492049371146111,9.004884323620223,14.613719011156359,8.696858151634267,16.22107696533203,82.70199371400142,33.72,48.98199371400141,11.326894760131836,True,0.16278370718065993,0.013304615650339458,True,False,139904.742358512,109.27496900686026
345.4429999999993,71.2,True,False,-1027.5041203237554,-1534.6832938966083,-2421.0129158061227,-241.90650381733454,933.6038230563177,0.0,2590.2905062514433,-1.336086443275675,8.628953814918523,-51.72268913471512,13.48997269886672,9.003498307816429,14.83078936751056,8.731779367568901,16.21858024597168,82.69887413832195,33.72,48.97887413832195,11.076186180114746,True,-0.11093550030802923,0.00620311336177453,True,False,140170.78287331134,110.40816302836717
345.5430000000051,71.3,True,False,-1027.940317660002,-1533.363228945398,-2425.0230687117155,-241.90650381733454,933.6038230563177,0.0,2589.1650376455505,-1.6247076323945324,8.650548151620841,-51.67868916386204,13.567326758202693,9.055126072963251,15.197420577832494,8.801798578374296,16.311580657958984,82.16073912147134,33.72,48.44073912147134,11.020240783691406,True,-0.520171580456493,0.13573830522852104,True,False,140427.50071314073,111.37434557070836
345.64300000001094,71.4,True,False,-1027.2034952398799,-1533.0664925311046,-2425.337078811072,-241.90650381733454,933.6038230563177,0.0,2588.658689463996,-1.5058854357377995,8.408732063980052,-51.39239912022309,13.694221111861442,9.13981809747224,15.217678070150408,8.542509342656492,16.464141845703125,82.30367116731365,33.72,48.583671167313646,11.290026664733887,True,0.7061074096882098,0.2489742723491633,True,False,140599.28812632308,112.18975576589357
345.7430000000022,71.5,True,False,-1026.9158823039354,-1532.5732367392154,-2430.665764013434,-241.90650381733454,933.6038230563177,0.0,2588.101430503383,-1.653908748994572,8.285665571918049,-51.41846704911859,13.756651369721306,9.181485396105472,15.436575278537774,8.449122328364577,16.539199829101562,81.2789027385543,33.72,47.55890273855429,11.117867469787598,True,0.2458725766170673,0.03033378433469056,True,False,140859.55736394553,113.09490226447863
345.84300000000803,71.6,True,False,-1026.684301123385,-1532.0514834197245,-2436.179900754669,-241.90650381733454,933.6038230563177,0.0,2587.53401552482,-1.736693681094452,8.291019419245634,-51.53987353732847,13.737544081002456,9.168732780107844,15.499110137738294,8.470956731813805,16.51622772216797,80.49896046614269,33.72,46.77896046614269,11.347782135009766,True,0.20120414950699228,0.020194151949025185,True,False,141113.9467050042,113.81626508476272
345.94400000000314,71.7,True,False,-1025.989753644973,-1531.405115428028,-2439.777551795564,-241.90650381733454,933.6038230563177,0.0,2586.7074843259707,-1.7786576903088203,8.205985768324098,-51.388231504231584,13.771069091398234,9.191108094061835,15.58090077570628,8.396536524617298,16.556533813476562,82.46008651024813,33.72,48.74008651024813,11.350340843200684,True,-0.21770288931696413,0.02340363658689827,True,False,141252.24822686566,113.8740574658318
346.0430000000051,71.8,True,False,-1024.1308230856728,-1531.1114562555122,-2442.552507943428,-241.90650381733454,933.6038230563177,0.0,2585.8647090921068,-1.703183409530062,8.097362311575463,-51.25166210475068,13.771951161518432,9.191696806656877,15.513779616173016,8.274545916932311,16.557594299316406,84.16279296869043,33.72,50.44279296869042,11.303669929504395,True,-0.42083313894990226,0.08653130002294591,True,False,141411.5533099884,113.62348793836614
346.14300000001094,71.9,True,False,-1024.7030365101857,-1530.2867295474698,-2447.2894443546206,-241.90650381733454,933.6038230563177,0.0,2585.2518381786613,-1.909947839441775,8.192830506207864,-51.288621649526554,13.72165095426836,9.15812536504107,15.661375259280712,8.4125128500846,16.497119903564453,83.91924941323575,33.72,50.19924941323575,11.644091606140137,True,0.2498551156500568,0.03145652918288637,True,False,141677.20725839282,114.61837992595642
346.2430000000022,72.0,True,False,-1024.7723136198422,-1529.362888084011,-2452.2591081289293,-241.90650381733454,933.6038230563177,0.0,2584.392365014094,-2.1598056506409273,8.147234675726276,-51.32656622688705,13.651732619129106,9.1114603623636,15.840911388906054,8.42865311362955,16.41305923461914,84.01188331097106,33.72,50.29188331097105,11.295530319213867,True,-0.2880650848995181,0.0421024371536609,True,False,141953.42068202503,115.81562669256553
346.34300000000803,72.1,True,False,-1025.1362628784696,-1528.5303441289739,-2457.109267405147,-241.90650381733454,933.6038230563177,0.0,2583.709254676341,-2.378657368960735,8.222678884786946,-51.40180188441038,13.54249553244485,9.038553178111469,15.942043801609731,8.559816523806587,16.281726837158203,84.73801771026201,33.72,51.01801771026201,11.433992385864258,True,0.09764056510453756,0.004802976123976501,True,False,142212.06100030005,116.84022039993252
346.4429999999993,72.2,True,False,-1024.5625230162202,-1527.8265261319975,-2461.971616980025,-241.90650381733454,933.6038230563177,0.0,2582.8646515629807,-2.4852353922484465,8.12058089806552,-51.44152042516261,13.482965318073699,8.998821430959776,15.99233379962884,8.492362985465876,16.210155487060547,85.47454190257967,33.72,51.75454190257967,11.055440902709961,True,-0.4096155015305154,0.0844617084317384,True,False,142484.76554982606,117.89387115791396
346.5430000000051,72.3,True,False,-1037.9630649866026,-1524.831860657171,-2468.395499394043,-241.90650381733454,933.6038230563177,0.0,2584.1075944194836,-2.760554204904507,9.868973614462407,-51.757478331956094,13.510226996033241,9.01701646195473,16.293070670640883,10.247794871150141,16.242931365966797,82.97742868442585,33.72,49.25742868442585,11.218655586242676,True,0.5077706497438683,0.12146237296596683,True,False,141534.51404135395,112.50316114812594
346.64300000001094,72.4,True,False,-1039.468064629594,-1522.891044348515,-2475.2864759524705,-241.90650381733454,933.6038230563177,0.0,2582.7255907028866,-3.0343574363606804,10.093396671622752,-51.89003533776441,13.532757859067543,9.032054045182754,16.601076994662435,10.539638581200146,16.27001953125,83.29652229127481,33.72,49.57652229127481,11.111021995544434,True,-0.5206620470930474,0.13496582272572982,True,False,141765.99615020934,113.0524465857039
346.7420000000129,72.5,True,False,-1039.5870367612795,-1521.873844850199,-2481.4084261345647,-241.90650381733454,933.6038230563177,0.0,2581.794881516609,-3.108695309392745,10.084529884961158,-52.06052409209791,13.563817515206503,9.052783928610316,16.70440611350409,10.552806713254782,16.307361602783203,83.96521646885621,33.72,50.245216468856206,11.003107070922852,True,-0.1940753672289972,0.01875238041030212,True,False,141990.87564712556,113.98028383854967
346.84300000000803,72.6,True,False,-1039.7568658531895,-1520.9017321339154,-2486.4954846115224,-241.90650381733454,933.6038230563177,0.0,2580.9228428336364,-3.2153527559367054,10.052049094500967,-52.07540502675069,13.650265146357192,9.1104809394312,16.891880233319736,10.553775833480996,16.41129493713379,85.74533100625021,33.72,52.02533100625022,11.502117156982422,True,-0.03125920272303162,0.00047317872820697713,True,False,142186.1769492881,113.98768878576351
346.9429999999993,72.7,True,False,-1041.373388551264,-1519.5921292958094,-2490.8475242322047,-241.90650381733454,933.6038230563177,0.0,2580.1778389140222,-3.5027713567525773,10.11058953833505,-52.06169634561221,13.701304642592898,9.144545798437816,17.231177310289908,10.700160185267157,16.472658157348633,86.51418359204958,33.72,52.79418359204958,11.542123794555664,True,0.4080366129793962,0.08150307977418732,True,False,142430.38298411848,114.57300983020508
347.0430000000051,72.8,True,False,-1041.9356252372181,-1518.112088948982,-2492.8083463233665,-241.90650381733454,933.6038230563177,0.0,2578.9450378594443,-3.6181086041247945,10.110019404197741,-51.86320746484471,13.785388452738017,9.200665144210838,17.427238306122653,10.737932865523826,16.573749542236328,85.75145359859098,33.72,52.03145359859098,11.205445289611816,True,-0.6706930883841942,0.22335713553535178,True,False,142658.2994826855,115.40265720107965
347.14300000001094,72.9,True,False,-1042.4331339755615,-1517.0781596889674,-2497.622556065936,-241.90650381733454,933.6038230563177,0.0,2578.1165734203814,-3.762215798680471,10.007730236376016,-51.84485814238254,13.824980074895741,9.227089445509144,17.60451245391083,10.691535539851873,16.621349334716797,86.99865437787925,33.72,53.27865437787925,11.151585578918457,True,0.07623388719218482,0.002882189944909555,True,False,142882.02053610765,116.25699660113881
347.24400000000605,73.0,True,False,-1042.9944216685763,-1516.0374929722511,-2502.8080000801124,-241.90650381733454,933.6038230563177,0.0,2577.3017730412203,-3.881767684337126,9.915279208456527,-51.85806360003732,13.820457085844144,9.224070705206152,17.71571423931265,10.648045930442557,16.61591148376465,88.50362277568256,33.72,54.78362277568255,11.092504501342773,True,0.04515456623278524,0.0009950949270556234,True,False,143126.73217562912,116.6416092393658
347.3440000000119,73.1,True,False,-1042.8883988119255,-1515.403788549902,-2506.851780246417,-241.90650381733454,933.6038230563177,0.0,2576.666504966121,-3.847149210240928,9.883363804397254,-51.874203477351536,13.85967906350905,9.250248297809055,17.718143321486988,10.60572661989395,16.663066864013672,87.802598920414,33.72,54.082598920414,11.308699607849121,True,0.4702437124394354,0.11001540046596184,True,False,143392.164980283,117.71953229889003
347.4429999999993,73.2,True,False,-1043.0566041950544,-1514.5999864763726,-2512.5458083718204,-241.90650381733454,933.6038230563177,0.0,2575.9548474974495,-3.849787079439355,9.934997458537325,-51.943772730985806,13.889688485080436,9.2702772320677,17.75192514302808,10.654812765044786,16.699146270751953,87.37450939670829,33.72,53.654509396708285,11.429975509643555,True,0.19797374366870102,0.0195009646391344,True,False,143657.7803040706,118.69106252563675
347.5430000000051,73.3,True,False,-1043.3760944237777,-1513.380750703685,-2515.8680735993685,-241.90650381733454,933.6038230563177,0.0,2574.8955335869996,-3.9951855146323476,9.84535795591833,-51.92727777756975,13.90957472421119,9.2835497363462,17.91357216431305,10.62509202673052,16.723054885864258,87.59188751714505,33.72,53.87188751714505,11.139416694641113,True,-0.4031711471968755,0.08085880194603565,True,False,143898.5003144322,119.6807356815032
347.64300000001094,73.4,True,False,-1043.6353155787403,-1512.4342798881128,-2521.273395183197,-241.90650381733454,933.6038230563177,0.0,2574.076822603464,-4.023226822455513,9.66502825397169,-51.90995024889195,13.92855033699483,9.296214468988813,17.9555653431062,10.468960082787426,16.745868682861328,88.8939801170637,33.72,55.1739801170637,10.725715637207031,True,-0.05553743070859696,0.0015160217024162356,True,False,144141.0869276857,120.3951054315414
347.7430000000022,73.5,True,False,-1041.9590042557002,-1513.4243685862286,-2535.7409832224557,-241.90650381733454,933.6038230563177,0.0,2574.4962563870768,-3.43255556992108,9.639454160614163,-52.286982862763026,13.987682350646251,9.335680448404256,17.422886318787764,10.232375787429717,16.81696128845215,85.51275523690532,33.72,51.79275523690532,11.434127807617188,True,0.6023881566718181,0.1607300426994966,True,False,144180.92169428465,119.26538580968794
347.84300000000803,73.6,True,False,-1044.140846775329,-1511.548072106523,-2539.631588138609,-241.90650381733454,933.6038230563177,0.0,2573.3922614789367,-3.6937387405601934,9.517182698857892,-52.20158452160063,14.02407884830383,9.35997225479894,17.71851504037459,10.208842853475373,16.860719680786133,84.5956000776846,33.72,50.87560007768459,11.226211547851562,True,-0.28754661705009,0.03819592187242456,True,False,144311.17827149425,117.46785166211444
347.9429999999993,73.7,True,False,-1044.837672438738,-1510.3394917035755,-2544.7412534441146,-241.90650381733454,933.6038230563177,0.0,2572.4613480678977,-3.7263401982760085,9.407273225158448,-52.2179857589474,14.055938078796354,9.381235791370209,17.78229733952275,10.11841888864415,16.899023056030273,84.95122104366932,33.72,51.23122104366932,11.049005508422852,True,-0.28047546619479746,0.03916386426372093,True,False,144593.04703445925,118.52312437459051
348.0430000000051,73.8,True,False,-1046.5511798963116,-1509.2078469196044,-2545.9247501096715,-241.90650381733454,933.6038230563177,0.0,2571.921831960061,-3.9878715660807624,9.471186919831927,-51.98340134399304,14.103718992249885,9.4131258020491,18.09168372550429,10.276502386412938,16.95646858215332,86.14471649842139,33.72,52.42471649842138,11.288797378540039,True,0.67735309682649,0.22510480019094276,True,False,144801.47379733052,119.17121310696625
348.14300000001094,73.9,True,False,-1046.4041071749757,-1508.3608698043852,-2551.0764356235236,-241.90650381733454,933.6038230563177,0.0,2571.071363262104,-3.87830901193237,9.366586941834608,-51.95479681254858,14.100184365940885,9.410766716326522,17.978547660773568,10.137762659037863,16.952219009399414,87.15314896766489,33.72,53.433148967664884,10.633560180664062,True,-0.18745368586691846,0.01740792969623952,True,False,145074.10623913282,120.01414180143331
348.24400000000605,74.0,True,False,-1044.6999253705583,-1508.3467078177785,-2565.244103919536,-241.90650381733454,933.6038230563177,0.0,2570.5251745364044,-3.7047926410484875,9.235244958698203,-52.48948556912437,14.145369835659443,9.44092447195957,17.85134741432834,9.950640077920998,17.00654411315918,86.97182187890843,33.72,53.25182187890843,12.08548641204834,True,0.9354706020069763,0.47534725260415134,True,False,145261.2594643062,120.136936401276
348.34300000000803,74.1,True,False,-1044.5972153037144,-1506.9574025107327,-2562.446053997468,-241.90650381733454,933.6038230563177,0.0,2569.173305568905,-3.8460678386108205,9.16172855882383,-51.93802756640587,14.169806033611655,9.457233716746307,18.0182972191655,9.93627233950261,17.03592300415039,86.17571588150659,33.72,52.45571588150659,11.475530624389648,True,-0.7341594269593266,0.2675899768792386,True,False,145311.34888926212,120.1211853679755
348.4429999999993,74.2,True,False,-1045.8809454750865,-1505.724131753352,-2567.4796370029676,-241.90650381733454,933.6038230563177,0.0,2568.4033511025523,-3.839230204160408,8.946785898975058,-51.90414738152081,14.173053511194475,9.459401153224816,18.019576550000508,9.73574170172137,17.039827346801758,83.9372411994928,33.72,50.2172411994928,11.6892728805542,True,-0.17185175540252118,0.014218294750073295,True,False,145537.0762409905,119.73241402328338
348.5430000000051,74.3,True,False,-1046.142797027812,-1504.8312001280303,-2572.723017154237,-241.90650381733454,933.6038230563177,0.0,2567.6373142655843,-3.8028179216198925,8.81469607117679,-51.85104102001877,14.196261791389432,9.474890859255146,18.011183405691852,9.600015154790798,17.067729949951172,85.24769434892063,33.72,51.52769434892063,11.520973205566406,True,-0.10009966473577236,0.005030016319867152,True,False,145827.03680124937,120.92081136873156
348.64300000001094,74.4,True,False,-1049.1746600311985,-1503.5403203351434,-2578.160458038679,-241.90650381733454,933.6038230563177,0.0,2567.3631320294817,-4.1690213015644195,8.956290933718137,-51.910231732770335,14.181385583624849,9.464962157809634,18.357455686075358,9.879063007304872,17.04984474182129,86.23516545452975,33.72,52.51516545452974,12.350459098815918,True,0.7712385770541168,0.2943255109480809,True,False,146098.29881817335,121.60075931650584
348.7420000000129,74.5,True,False,-1050.5105141023291,-1502.616750562769,-2584.0157628958577,-241.90650381733454,933.6038230563177,0.0,2566.9069186033776,-4.162934969677642,8.942486644097453,-51.98791870433836,14.19291912638357,9.472659892640483,18.363509012968024,9.863979670580548,17.063711166381836,86.80426264147931,33.72,53.084262641479306,12.406266212463379,True,0.5845722984587898,0.1709168484223409,True,False,146388.48069898097,122.73189578398545
348.8440000000119,74.6,True,False,-1050.8741671315215,-1501.7096405366146,-2588.880939820562,-241.90650381733454,933.6038230563177,0.0,2566.160623625306,-4.182800222343195,9.00737573207873,-52.03066315565775,14.2245721174595,9.493785780583414,18.413797848119753,9.931195057941169,17.10176658630371,86.62038126316754,33.72,52.90038126316754,12.520369529724121,True,-0.05019790201796148,0.0012579166980553026,True,False,146596.01017001434,123.46263468530859
348.94400000000314,74.7,True,False,-1050.889242951624,-1500.8447237691453,-2593.9242945122114,-241.90650381733454,933.6038230563177,0.0,2565.3445771197726,-4.075624092962772,9.037288245797086,-52.0228255063063,14.217464789872283,9.4890421970838,18.29866614012635,9.913792946433812,17.09322166442871,87.5588881476713,33.72,53.8388881476713,12.336092948913574,True,-0.16225535266117141,0.01312561752581245,True,False,146883.13453808875,124.38071123547734
349.04400000000896,74.8,True,False,-1051.6243284766072,-1499.8842082172434,-2599.2071248692355,-241.90650381733454,933.6038230563177,0.0,2564.665076364284,-4.1025039178990035,9.080855862083755,-52.10465801758598,14.21322260371866,9.486210870682466,18.320211535287598,9.9645612840866,17.08812141418457,88.98134153449867,33.72,55.26134153449867,12.55142593383789,True,0.0717092533388719,0.0025058448512302934,True,False,147140.09815914446,124.60093158046125
349.14300000001094,74.9,True,False,-1052.6772380212342,-1498.9664918914536,-2604.9486145305227,-241.90650381733454,933.6038230563177,0.0,2564.127048452676,-4.062566743095752,9.161948471990842,-52.30999760187582,14.233992499426664,9.50007314639161,18.299683287165685,10.022262636028001,17.11309242248535,89.09551515780296,33.72,55.37551515780296,13.052519798278809,True,0.3770558118993499,0.07093598524056205,True,False,147435.16910370413,125.61994683471251
349.2430000000022,75.0,True,False,-1052.9069466459289,-1498.0349199298228,-2609.880338548658,-241.90650381733454,933.6038230563177,0.0,2563.315956853426,-3.8587250932698294,9.34882430023294,-52.27065208691287,14.223655145284186,9.493173773605116,18.08295639164436,10.113865489616527,17.100664138793945,89.53006228896241,33.72,55.810062288962406,13.048369407653809,True,-0.10978390150265582,0.006021065259543722,True,False,147722.95464641845,126.56044952124867
349.34300000000803,75.1,True,False,-1053.6146366966498,-1497.1141984946569,-2613.795466084739,-241.90650381733454,933.6038230563177,0.0,2562.6666176612025,-3.858223312656916,9.222930786057201,-52.069092820170965,14.24067624298134,9.504534020785334,18.101090174541753,9.997416637048344,17.12112808227539,90.1286672014336,33.72,56.408667201433595,12.714028358459473,True,0.25441484887773136,0.03212705572790944,True,False,147976.11616439855,127.50681985078423
349.4429999999993,75.2,True,False,-1057.6352110241078,-1494.951227725294,-2617.75967494613,-241.90650381733454,933.6038230563177,0.0,2561.892456454429,-4.269743852456862,9.467219664216996,-51.973818068061014,14.240885655312036,9.504673787084876,18.510667399778008,10.38551687380701,17.121379852294922,87.98267330200746,33.72,54.26267330200745,12.435248374938965,True,-0.8417390570255208,0.3454710040896603,True,False,148240.23942316294,127.58052488895765
349.5430000000051,75.3,True,False,-1056.7140356772268,-1493.9562841765987,-2621.5624582018295,-241.90650381733454,933.6038230563177,0.0,2560.6560464467493,-4.162490015196373,9.441883394463435,-51.880466793437265,14.274935782991601,9.527399575623326,18.43762411703112,10.318695904098243,17.162317276000977,88.52548933761098,33.72,54.80548933761098,12.218645095825195,True,-1.235673388253682,0.762552956699521,True,False,148547.99582691386,128.74221529720467
349.64300000001094,75.4,True,False,-1057.502872229293,-1492.9559014130436,-2625.8328386477747,-241.90650381733454,933.6038230563177,0.0,2559.958892752694,-4.186602971326228,9.531319237951404,-51.99921750779826,14.312339680876384,9.552363742625657,18.49895462237415,10.410268529450148,17.207286834716797,90.91759713197708,33.72,57.19759713197707,12.647459983825684,True,0.1098917719356578,0.005803318849930369,True,False,148690.60535783734,128.4717093433813
349.7430000000022,75.5,True,False,-1057.7155266120708,-1491.962065904582,-2631.5079787142604,-241.90650381733454,933.6038230563177,0.0,2559.0846495112232,-4.052370994395009,9.586519278573832,-52.22246729662018,14.33110270841523,9.564886591297523,18.383486430899726,10.40783659338874,17.22984504699707,90.97372593623162,33.72,57.25372593623161,12.534293174743652,True,-0.2295600140083156,0.026315510795319,True,False,148995.8391832775,129.55413201821145
349.84300000000803,75.6,True,False,-1074.0156118890316,-1489.9028752920879,-2634.2835420484766,-241.90650381733454,933.6038230563177,0.0,2562.3798088252775,-4.49953470801603,11.158274845889245,-52.45045437003756,14.328535820907168,9.563173395292527,18.89551768223888,12.031330355577706,17.22675895690918,91.06071139668815,33.72,57.34071139668815,12.357595443725586,True,0.33111028850460755,0.04791909698098765,True,False,148613.32140890564,125.31625328547841
349.94400000000314,75.7,True,False,-1073.8884855918127,-1489.0943671107148,-2636.5344257733627,-241.90650381733454,933.6038230563177,0.0,2561.5738401685794,-4.261782907560801,11.24841247225399,-52.33244852960911,14.319799201928863,9.557342387629049,18.658373769512167,12.02869804663566,17.21625518798828,91.1563220044033,33.72,57.43632200440329,12.302227973937988,True,0.3273583360034529,0.052706867985003195,True,False,148745.02542778288,125.64387059174778
350.0430000000051,75.8,True,False,-1074.137654545199,-1487.9568953928474,-2642.019884845628,-241.90650381733454,933.6038230563177,0.0,2560.579036346635,-4.052290723205313,11.166794020036978,-52.37752628805311,14.34813491131174,9.576254250326958,18.469041130779406,11.879324424869852,17.250322341918945,92.16976435499984,33.72,58.449764354999836,11.77110481262207,True,-0.12097220646169582,0.00721817849115116,True,False,149042.92714523664,126.66391997566794
350.14300000001094,75.9,True,False,-1075.3404666164317,-1486.8615419157331,-2646.7714051530866,-241.90650381733454,933.6038230563177,0.0,2559.934521306412,-4.040948320775286,11.203947976932696,-52.41874269230556,14.387920081229653,9.60280772956878,18.498292912324224,11.910403586822357,17.298154830932617,92.54564656441498,33.72,58.825646564414974,12.143939018249512,True,0.478084163446022,0.11238751173661812,True,False,149348.01097668454,127.69714814754795
350.2430000000022,76.0,True,False,-1075.78600610213,-1485.7442595096065,-2652.0797404158648,-241.90650381733454,933.6038230563177,0.0,2559.023284174287,-3.832149331204177,11.19275145329691,-52.509250980325135,14.38464722033402,9.600623351720632,18.28623932064663,11.830598192480746,17.294219970703125,93.1152255831028,33.72,59.3952255831028,11.88819694519043,True,0.032258302847663956,0.0005135706484656476,True,False,149650.63343971677,128.7602564002845
350.3440000000119,76.1,True,False,-1076.371798988794,-1484.6492452386956,-2657.2453249971627,-241.90650381733454,933.6038230563177,0.0,2558.179085045423,-3.728949631916173,11.129329132440201,-52.58185692200467,14.369964560329624,9.590823828218635,18.164187113917162,11.737420172062937,17.276567459106445,93.57295204996657,33.72,59.852952049966575,11.723910331726074,True,0.16138868003805484,0.012818230629687274,True,False,149964.50485603782,129.89120466256554
350.4429999999993,76.2,True,False,-1076.7471311838467,-1483.562628708017,-2662.4663756521004,-241.90650381733454,933.6038230563177,0.0,2557.2744335789807,-3.6138182569663835,11.093730830128024,-52.67804020527512,14.379110485227015,9.596928015467583,18.05507971147247,11.66749956613312,17.28756332397461,93.68224056529719,33.72,59.96224056529719,11.523346900939941,True,0.06359775084527541,0.0019927168623617266,True,False,150283.86421886488,131.10465990565118
350.5420000000013,76.3,True,False,-1071.3287765978548,-1482.039651945431,-2676.097805953721,-241.90650381733454,933.6038230563177,0.0,2554.0702231737732,-3.5798902983124496,10.41684073615583,-53.0301892868432,14.350574882255746,9.577882739483746,17.95008167423615,11.014816633534448,17.25325584411621,91.21267030267089,33.72,57.49267030267088,10.9135103225708,True,-0.8024630644677089,0.2828759833325928,True,False,150236.5270243083,130.7109527863521
350.64300000001094,76.4,True,False,-1072.109524587516,-1480.8830638567033,-2682.3026406703775,-241.90650381733454,933.6038230563177,0.0,2553.2301076814183,-3.6418011620611934,10.327159621629145,-53.14081714101395,14.42577294645979,9.628071547046645,18.08109394652108,10.9504767729354,17.343664169311523,92.12503403594975,33.72,58.40503403594975,10.74471664428711,True,-0.07327808212731135,0.0024863061284611343,True,False,150156.45273916822,129.62686065830962
350.7430000000022,76.5,True,False,-1072.0688937874413,-1480.3227541434449,-2682.0907553264146,-241.90650381733454,933.6038230563177,0.0,2552.6870379723873,-3.518053618801801,10.424790266101203,-52.926475321791386,14.448774987238155,9.643423604448639,17.983811165010536,11.00240670748736,17.371318817138672,93.3308492040409,33.72,59.610849204040896,11.48161792755127,True,0.9523621702002956,0.441381749731966,True,False,150405.85240221355,130.59558103062588
350.84300000000803,76.6,True,False,-1071.7246456945188,-1479.3140548476927,-2685.2898706205665,-241.90650381733454,933.6038230563177,0.0,2551.6212168143797,-3.344675301469638,10.279939047341102,-52.82588190411342,14.415130992563572,9.620968877824453,17.77202749508042,10.81036538185964,17.330869674682617,93.5181801367141,33.72,59.798180136714095,10.986703872680664,True,-0.26736379377965314,0.034974946651441526,True,False,150588.1780801047,131.13693960568958
350.9429999999993,76.7,True,False,-1074.6886941975456,-1477.4440087689618,-2691.086013476635,-241.90650381733454,933.6038230563177,0.0,2550.819049631675,-3.6668314733724356,10.3255259999326,-52.94822177021985,14.432689899200922,9.63268807027395,18.112777211488396,10.957287083461798,17.351980209350586,92.38492959239304,33.72,58.66492959239303,10.349363327026367,True,-0.8887110551984616,0.3857016471745918,True,False,150890.1092606816,132.0074907672335
351.04400000000896,76.8,True,False,-1072.7032081657164,-1476.9528964349904,-2694.4782195276075,-241.90650381733454,933.6038230563177,0.0,2549.7072110030263,-3.247364142079222,10.211277189004987,-52.91622662313635,14.420923147255744,9.62483468660952,17.678017155413425,10.715202084046549,17.337833404541016,90.97496823230311,33.72,57.25496823230311,11.180180549621582,True,0.32860576758408655,0.050172357925350415,True,False,151026.9452135049,131.12445568112196
351.14300000001094,76.9,True,False,-1076.654404808089,-1475.5613307524795,-2700.558732486054,-241.90650381733454,933.6038230563177,0.0,2549.6824893572602,-3.7269854991554077,10.265638314671957,-52.91435527876685,14.421307069862019,9.625090924825347,18.15959317080899,10.921252259634679,17.338294982910156,92.75629864333118,33.72,59.03629864333117,11.350561141967773,True,0.715685591632857,0.2439436408074241,True,False,151293.77281841732,131.3313993826113
351.24400000000605,77.0,True,False,-1081.9374473001526,-1473.959048719092,-2710.2681156880326,-241.90650381733454,933.6038230563177,0.0,2549.9041094833533,-4.253223312149093,10.226093390412315,-53.1707218126937,14.415054842625137,9.620918053715528,18.678084656949355,11.075328192538718,17.330778121948242,94.47408726952712,33.72,60.75408726952711,11.861741065979004,True,0.8454647720825683,0.34135475960337697,True,False,151489.96553550154,131.2210237696604
351.34300000000803,77.1,True,False,-1082.221677481501,-1473.0907444321651,-2718.4927657568214,-241.90650381733454,933.6038230563177,0.0,2549.1779718703074,-4.121056474964043,10.211875684166696,-53.414553556077294,14.438794585932085,9.636762469672727,18.568759425770285,11.01206208930544,17.35931968688965,93.835186918838,33.72,60.11518691883801,12.281633377075195,True,0.4080349330083912,0.07981662625020476,True,False,151709.03122944498,131.83223805563154
351.44200000001,77.2,True,False,-1082.9511047658607,-1471.8289070329063,-2720.572446312028,-241.90650381733454,933.6038230563177,0.0,2548.2273524489847,-4.092432978383322,10.171126370584906,-53.166298541831225,14.453994430935017,9.64690717358117,18.55383452054108,10.963567819326292,17.377593994140625,93.22387138792848,33.72,59.50387138792848,11.832910537719727,True,-0.4785076280471987,0.11107772267997792,True,False,151938.4472682068,132.53716876187613
351.54400000000896,77.3,True,False,-1083.1502360644517,-1470.8016007150338,-2726.58985801669,-101.86472745217496,1000.5865773129607,0.0,2659.0751730458815,-3.9374508291898893,10.170769414796123,-53.170397191670716,16.102612832154616,6.5844722516088225,20.35843016770757,10.906331625310154,17.396821975708008,94.30437396747755,22.239999999999995,72.06437396747756,11.386221885681152,True,-0.12580663968156003,0.007694660711716471,True,False,152196.82571306085,133.32018002219462
351.64300000001094,77.4,True,False,-1083.9389567423757,-1469.7889385883122,-2731.342257104001,-101.86472745217496,1000.5865773129607,0.0,2658.425282267761,-3.899956895894615,10.175341876272823,-53.204781490524844,16.09288694365377,6.5804952670272785,20.313461717210387,10.897121000010383,17.386314392089844,95.0414995337933,22.239999999999995,72.8014995337933,11.412792205810547,True,0.17825939623544862,0.01538315125590365,True,False,152495.21482673328,134.19492440669305
351.7430000000022,77.5,True,False,-1083.969741936878,-1468.9643680981305,-2735.651503044458,-101.86472745217496,1000.5865773129607,0.0,2657.670433190845,-3.758601561055988,10.051491472326308,-53.23641460902349,16.09726173975199,6.58228415208683,20.156654158147777,10.731242542828905,17.391040802001953,94.75729720901059,22.239999999999995,72.51729720901061,11.351136207580566,True,0.3479468374504133,0.059150919709908024,True,False,152807.07762905315,135.37509106937347
351.84300000000803,77.6,True,False,-1083.89615566053,-1468.1330006193805,-2741.2276621863757,-101.86472745217496,1000.5865773129607,0.0,2656.870730851499,-3.6111259461749423,10.141374244214242,-53.28863002697162,16.12281669274704,6.592733753070284,20.050469855134306,10.765115055602047,17.418649673461914,94.40321122988924,22.239999999999995,72.16321122988924,11.559162139892578,True,0.2897638434133789,0.04103297068544748,True,False,153134.59713901236,136.53586954941107
351.9429999999993,77.7,True,False,-1085.37280383089,-1467.0109430895006,-2747.161632497746,-101.86472745217496,1000.5865773129607,0.0,2656.374532892253,-3.7388804150678734,10.18436596448194,-53.23948341077057,16.142658635179604,6.600847263636989,20.201910832538115,10.848987826367779,17.440086364746094,96.7134880499962,22.239999999999995,74.4734880499962,11.382736206054688,True,0.1633378367331879,0.012346902162574844,True,False,153340.02897265414,135.86331769295643
352.0430000000051,77.8,True,False,-1090.8226346093704,-1465.4013847397075,-2749.7190345719932,-101.86472745217496,1000.5865773129607,0.0,2656.903154260127,-4.492626930790069,10.530716327333138,-53.4066157615188,16.155590588940484,6.606135230974039,21.017878663747368,11.449003585728363,17.454057693481445,100.02685736880227,22.239999999999995,77.78685736880229,10.985224723815918,True,0.5326789983326847,0.1159587706608026,True,False,153385.2925891589,131.90161799958642
352.14300000001094,77.9,True,False,-1091.800067012928,-1464.234813720729,-2755.4259028299493,-101.86472745217496,1000.5865773129607,0.0,2656.18456930397,-4.5567657721247405,10.605034907869221,-53.6298010220475,16.1585653796691,6.607351643938262,21.097545264963742,11.542568158738867,17.457271575927734,97.50110507382877,22.239999999999995,75.26110507382879,11.174227714538574,True,-0.13586771527531205,0.008606859488666217,True,False,153669.14432833935,132.47275712102683
352.2430000000022,78.0,True,False,-1091.9372321338678,-1463.2636366502172,-2760.4182467519704,-101.86472745217496,1000.5865773129607,0.0,2655.3345253231423,-4.338716513834545,10.599292055152413,-53.55266618111861,16.147928516678068,6.6030021554460125,20.872780302794414,11.452923341131628,17.44577980041504,97.59471600053239,22.239999999999995,75.35471600053239,11.255669593811035,True,0.1285283062160687,0.007963417973699543,True,False,153973.34103416378,133.40549761822547
352.34300000000803,78.1,True,False,-1093.3268404269668,-1462.4122613624404,-2763.3848358505375,-101.86472745217496,1000.5865773129607,0.0,2655.0631632375175,-4.3537206880344,10.625072347154108,-53.30889628421707,16.214477321731497,6.630214432411217,20.952557341000684,11.482466904445126,17.517677307128906,98.5052822943239,22.239999999999995,76.26528229432391,11.58631420135498,True,0.8800087635321159,0.3742001863451768,True,False,154292.04259567003,134.40002150625537
352.4429999999993,78.2,True,False,-1094.4381852957217,-1461.3402544721462,-2770.4862090164634,-101.86472745217496,1000.5865773129607,0.0,2654.4840919242574,-4.275946052857175,10.514198598946063,-53.476000104908856,16.23689329673517,6.639380483097705,20.875602832327758,11.350422319236593,17.541894912719727,99.17600852164387,22.239999999999995,76.93600852164387,11.496318817138672,True,0.25920744385858185,0.03254015878340176,True,False,154520.5685936379,134.94721465347902
352.5430000000051,78.3,True,False,-1094.86947357209,-1460.2905423148409,-2775.86106843982,-101.86472745217496,1000.5865773129607,0.0,2653.6719133540796,-4.214580521987496,10.488012942549116,-53.577381937341414,16.19377207207858,6.621747909417506,20.771347113515283,11.303145777145145,17.495307922363278,99.58640219558634,22.239999999999995,77.34640219558635,11.496448516845703,True,0.003782589650631607,6.92509775982811e-06,True,False,154782.42579214546,135.74131601449253
352.64300000001094,78.4,True,False,-1099.8784011166126,-1459.7390287557364,-2783.438443732642,-101.86472745217496,1000.5865773129607,0.0,2655.039242779377,-5.421167645914426,11.358534342342919,-54.046327913593,16.220792352257458,6.632796693048026,22.1519080192302,12.585919157983371,17.524499893188477,99.6696453919622,22.239999999999995,77.42964539196223,10.955639839172363,True,-0.17884129040662877,0.010788589943150033,True,False,153498.17287314773,129.58326190883028
352.7430000000022,78.5,True,False,-1101.9113042266451,-1458.206717620464,-2794.3815944989587,-101.86472745217496,1000.5865773129607,0.0,2654.3846034303133,-5.61273023803914,11.168815711432842,-54.45498392142929,16.23072303347315,6.636857418818798,22.30863278622727,12.49980740335418,17.535228729248047,98.72016086998315,22.239999999999995,76.48016086998315,10.287142753601074,True,-0.6020253709012078,0.1679065508175495,True,False,153626.76213085256,130.03237296608617
352.84300000000803,78.6,True,False,-1102.722260252617,-1457.0430715635393,-2800.2898827063555,-101.86472745217496,1000.5865773129607,0.0,2653.612498463221,-5.662555060019575,11.043616616839566,-54.61239451227003,16.176790165836138,6.6148038878727835,22.28388166550803,12.410721082495098,17.476961135864258,98.39491022348344,22.239999999999995,76.15491022348344,10.20619010925293,True,-0.04846711704927387,0.0010820578924611425,True,False,153700.2267739955,129.82177718086902
352.9429999999993,78.7,True,False,-1101.4147181350172,-1459.6330227483156,-2762.4897980165806,-101.86472745217496,1000.5865773129607,0.0,2655.518906805172,-5.210859567317918,12.858970095185143,-52.05675837235705,16.24758665426823,6.643753072607673,22.340408162843435,13.874659251281614,17.553447723388672,96.33152245551334,22.239999999999995,74.09152245551334,9.833832740783691,True,0.6890356295075897,0.20932400101409482,True,False,150897.83329528954,115.69150817544462
353.0430000000051,78.8,True,False,-1101.7257714813072,-1458.4769251018154,-2765.440939213816,-101.86472745217496,1000.5865773129607,0.0,2654.5650145128207,-5.279619289002594,12.83301330350103,-51.95526787558866,16.23872936935105,6.640131266173546,22.39176448855077,13.8766209966491,17.54387855529785,97.14683896170358,22.239999999999995,74.9068389617036,9.306154251098633,True,0.19678690605173088,0.018683894303320563,True,False,150907.46394345036,115.43341774599116
353.14400000000023,78.9,True,False,-1104.0147066063114,-1457.3968399700948,-2764.026807728515,-101.86472745217496,1000.5865773129607,0.0,2654.427821651424,-5.563840123687255,12.800580849880948,-51.53803114645611,16.159322759623148,6.607661341957046,22.588671003103727,13.957477817152032,17.45808982849121,98.16001437660273,22.239999999999995,75.92001437660274,9.21345329284668,True,0.8048153716127864,0.31044185330114954,True,False,151040.70271918827,115.50958257833673
353.24400000000605,79.0,True,False,-1107.5650973668132,-1456.0984031105666,-2769.0706294876936,-101.86472745217496,1000.5865773129607,0.0,2654.5685764517343,-5.91996420139159,12.810090372706835,-51.63487025519645,16.13210827945605,6.5965331485781205,22.910744075173117,14.111852872768845,17.428688049316406,99.35238474396132,22.239999999999995,77.11238474396133,9.571529388427734,True,0.9064322660244493,0.4020656570986839,True,False,151302.51675702486,116.25068700948825
353.34300000000803,79.1,True,False,-1106.4320983112702,-1456.288661421709,-2748.9252702111266,-101.86472745217496,1000.5865773129607,0.0,2654.3156446252383,-5.822510657716015,13.306481517921998,-50.098506198349476,16.141048540731834,6.600188884632021,22.96458781574454,14.524602601999694,17.43834686279297,98.84604525565595,22.239999999999995,76.60604525565597,9.340696334838867,True,1.043095775904444,0.5906691102511823,True,False,150771.4876708549,113.65492846917668
353.4429999999993,79.2,True,False,-1107.0591367695806,-1454.9466830531135,-2753.9199354235425,-101.86472745217496,1000.5865773129607,0.0,2653.3110246043543,-5.808715851279138,13.302708749539542,-50.13071622434663,16.12356347997446,6.593039119648246,22.935660949848806,14.515620548773565,17.419456481933594,98.08215853206636,22.239999999999995,75.84215853206636,9.116758346557617,True,-0.021659502426055965,0.0002393405118708042,True,False,151038.98564343085,114.59330183093692
353.5430000000051,79.3,True,False,-1108.1597646783646,-1452.9732854029944,-2764.811831114304,-101.86472745217496,1000.5865773129607,0.0,2651.902279850597,-5.8291083888615685,12.925739523354393,-50.49541889228695,16.114225991450052,6.5892209545635145,22.839907865374535,14.179324625478541,17.40936851501465,97.76688244824443,22.239999999999995,75.52688244824444,8.910780906677246,True,-0.40163988974300935,0.08986829170861882,True,False,151094.11910419192,114.56388376550207
353.64300000001094,79.4,True,False,-1108.5447322836408,-1451.6356608363158,-2770.0644688126267,-101.86472745217496,1000.5865773129607,0.0,2650.810920718663,-5.802830308037349,12.679583511291709,-50.4778770460052,16.14524679138622,6.601905579011203,22.774025937694258,13.944342135923709,17.442882537841797,98.60981894795485,22.239999999999995,76.36981894795485,8.549055099487305,True,-0.14617568882388454,0.010851153048276265,True,False,151366.0759248488,115.62392654151012
353.7430000000022,79.5,True,False,-1108.6055946540203,-1450.643521795936,-2774.785701781866,-101.86472745217496,1000.5865773129607,0.0,2649.916257633765,-5.6362054448751095,12.644693934093626,-50.46793935878414,16.14918375478373,6.603515431183438,22.60749920457007,13.843955233376912,17.44713592529297,98.27845283790911,22.239999999999995,76.03845283790913,8.991561889648438,True,0.49935704616112453,0.12508367119427397,True,False,151644.4390372779,116.73075186666328
353.84300000000803,79.6,True,False,-1108.4330404935195,-1449.6790761605127,-2782.780117648916,-101.86472745217496,1000.5865773129607,0.0,2648.9585767638355,-5.382270233254986,12.601125083722678,-50.721530611508115,16.106706920997137,6.586146353486586,22.31493016482826,13.702451833135834,17.4012451171875,97.88896921065215,22.239999999999995,75.64896921065215,9.459303855895996,True,0.6453765892659149,0.20788575970686318,True,False,151883.99640015507,117.5858806672617
353.9429999999993,79.7,True,False,-1109.9663576918176,-1448.555689999359,-2790.5873289053193,-101.86472745217496,1000.5865773129607,0.0,2648.502735967542,-5.474555104902936,12.479408395379712,-50.90119594469099,16.1179528657694,6.5907448998261104,22.381080363275895,13.62741308889154,17.413394927978516,98.42924355272244,22.239999999999995,76.18924355272244,9.46562385559082,True,0.5070487847986094,0.12758207259385185,True,False,152103.4745620586,118.42493370895505
354.0430000000051,79.8,True,False,-1112.9940717149968,-1447.4803029559357,-2798.332696775533,-101.86472745217496,1000.5865773129607,0.0,2648.6626816374433,-5.7390267725067075,12.448568284113934,-51.04095886594197,16.119896631106016,6.591539719216976,22.630009190785298,13.707781754164168,17.415494918823242,99.19648750546062,22.239999999999995,76.95648750546063,9.80394172668457,True,0.8406230189668715,0.3494965385397307,True,False,152353.07751504434,119.28190978959205
354.14300000001094,79.9,True,False,-1114.306749934955,-1446.2520209556346,-2804.961756733051,-101.86472745217496,1000.5865773129607,0.0,2648.0290736444053,-5.723582141472098,12.373043225841698,-51.13109742659225,16.075829122870477,6.5735202034899975,22.557677157870963,13.632739680589719,17.36788558959961,99.95765665922684,22.239999999999995,77.71765665922686,9.733132362365723,True,0.2203652081893992,0.023923171675888196,True,False,152521.95126118307,119.77736171238291
354.2430000000022,80.0,True,False,-1102.0376359672987,-1442.7753544179848,-2778.7876096954506,-101.86472745217496,1000.5865773129607,0.0,2640.1445748972874,-4.4991235117042985,10.37426991694195,-48.84804118677583,16.065275236238048,6.569204644617521,20.913464982900898,11.307855176077254,17.356483459472656,100.6572865465131,22.239999999999995,78.41728654651311,9.751005172729492,True,-0.9256808525864049,0.4096394207249368,True,False,150571.302897216,110.0685752435246
354.34300000000803,80.1,True,False,-1101.109510593605,-1441.8281907536311,-2780.416399297226,-101.86472745217496,1000.5865773129607,0.0,2638.9164511035865,-4.237398075043267,10.265180098815991,-48.60641507969594,16.094136885396118,6.581006377044293,20.662634146201253,11.105379998339016,17.387664794921875,100.91028613643039,22.239999999999995,78.67028613643039,9.74771499633789,True,-0.3187525764873822,0.052469859129733794,True,False,150595.51886225675,109.89400852805998
354.4429999999993,80.2,True,False,-1104.4548589503206,-1440.8859358321429,-2785.771500171237,-101.86472745217496,1000.5865773129607,0.0,2639.313358474233,-4.550717984977024,10.434171885784924,-48.69126156665458,16.065513572587225,6.56930210203602,20.97537179838401,11.383364051144891,17.356740951538086,101.16299476053665,22.239999999999995,78.92299476053667,10.436967849731445,True,0.7462700461268383,0.28572769519519686,True,False,150825.60910430667,110.45386447779333
354.5430000000051,80.3,True,False,-1104.1922756317229,-1442.1898834305525,-2774.3103077222245,-101.86472745217496,1000.5865773129607,0.0,2640.419919445055,-4.644135222874468,11.502050797800926,-47.77994455857201,16.07661651554998,6.573842173924445,21.29875096915005,12.404239780153244,17.368736267089844,105.4000738939073,22.239999999999995,83.16007389390731,10.67951774597168,True,1.9663924090974447,1.7301721278010582,True,False,150176.2882668574,107.28888877277151
354.64300000001094,80.4,True,False,-1116.570079353809,-1440.4609830892598,-2780.7358464376593,-101.86472745217496,1000.5865773129607,0.0,2643.546886916033,-6.233116036434805,11.417492660018874,-47.867751254454426,16.075227102907,6.573274033269938,22.828241888642232,13.008108016358321,17.36723518371582,104.32436986231848,22.239999999999995,82.08436986231848,10.562189102172852,True,0.8700750712351706,0.33894600696173505,True,False,150001.65140330268,101.89726559539426
354.74400000000605,80.5,True,False,-1118.1653537949117,-1439.2416736796454,-2787.741707222688,-101.86472745217496,1000.5865773129607,0.0,2643.0340250262157,-6.250900083826767,11.529748219490557,-48.05729933554882,16.014393073870494,6.548398568628288,22.81572097792104,13.115214289626806,17.301511764526367,104.23958300958411,22.239999999999995,81.99958300958411,10.927399635314941,True,0.4843808103054421,0.11908094570429749,True,False,150196.584664515,102.70782048121974
354.8440000000119,80.6,True,False,-1119.3153567030795,-1438.0957563032287,-2793.0566196438353,-101.86472745217496,1000.5865773129607,0.0,2642.418836455486,-6.228926023642859,11.525411227971484,-48.11785056499659,16.021025886195357,6.551110772489762,22.79921106116435,13.100939790025233,17.308677673339844,104.85284849932293,22.239999999999995,82.61284849932294,10.836520195007324,True,0.135102873757047,0.009436868614415365,True,False,150385.07965896418,103.29411341208677
354.9429999999993,80.7,True,False,-1122.7711747415958,-1437.1777487226918,-2797.0574211123503,-101.86472745217496,1000.5865773129607,0.0,2642.9046300253,-6.641968154074071,11.545926995145807,-48.00036433947808,16.04948324628705,6.562747188258488,23.232176988881612,13.320066483954605,17.33942222595215,105.93413291307205,22.239999999999995,83.69413291307207,11.239012718200684,True,0.7482851714725065,0.2885528650075694,True,False,150601.26489417735,103.90833035571873
355.0430000000051,80.8,True,False,-1125.0272566671858,-1436.1117005928793,-2802.41826965697,-101.86472745217496,1000.5865773129607,0.0,2642.7939871921426,-7.021914060078502,11.464860074248014,-48.16497910823127,16.023954775108574,6.552308415877088,23.56364220923433,13.444340578444683,17.31184196472168,106.91809177297938,22.239999999999995,84.67809177297939,11.174301147460938,True,0.41932776984990916,0.09084991033320271,True,False,150817.82567042304,104.59072744126954
355.14300000001094,80.9,True,False,-1126.7596264021117,-1435.0679669791987,-2808.7000428260726,-101.86472745217496,1000.5865773129607,0.0,2642.503096123947,-7.082953365969448,11.413455707553569,-48.45083571249596,16.034619885370617,6.556669454878198,23.62224726259655,13.43261700387475,17.3233642578125,107.32790434730622,22.239999999999995,85.08790434730622,11.459640502929688,True,0.453558813983852,0.10667209883590355,True,False,151036.6705375412,105.41975405477146
355.24400000000605,81.0,True,False,-1127.3040459668434,-1433.881528572817,-2811.595157427819,-101.86472745217496,1000.5865773129607,0.0,2641.620857453036,-7.043543248213111,11.36938911674332,-48.255997015231976,15.995375598660637,6.540622188538908,23.53951511139843,13.374397570633601,17.28096580505371,107.08936155615078,22.239999999999995,84.84936155615078,11.373652458190918,True,-0.2845472224817467,0.04189668684856389,True,False,151195.80225698522,106.05028981522543
355.3420000000042,81.1,True,False,-1127.1735414426123,-1432.5886613272826,-2817.1355640713273,-101.86472745217496,1000.5865773129607,0.0,2640.3787429038434,-6.904154384062914,11.270099895830047,-48.32603933373387,16.000308278361373,6.542639196148426,23.387246407420914,13.216750713430422,17.28629493713379,108.35246610386517,22.239999999999995,86.11246610386517,10.791032791137695,True,-0.3475673574772866,0.062475183485547404,True,False,151427.11543453054,106.84581661366431
355.4429999999993,81.2,True,False,-1130.2724086856888,-1431.9608870301154,-2818.068238429254,-101.86472745217496,1000.5865773129607,0.0,2641.0054004303024,-7.260959375639593,11.179117763926387,-48.017652977888055,16.01500215565172,6.548647626475562,23.73208037446311,13.330198987052782,17.302169799804688,109.18548430091853,22.239999999999995,86.94548430091854,11.384231567382812,True,0.8147767497462226,0.33770917229746344,True,False,151616.74046750762,107.22488707291157
355.5420000000013,81.3,True,False,-1129.9394706103528,-1431.0651756268965,-2823.304204241265,-101.86472745217496,1000.5865773129607,0.0,2640.0507429015893,-6.986959008735686,11.181277151993166,-47.98021594511733,16.010922190444706,6.546979299852228,23.460163175774653,13.184784978885213,17.297761917114258,108.92143553256392,22.239999999999995,86.68143553256392,11.440129280090332,True,0.626627925054347,0.2047745435352238,True,False,151863.5325796325,108.20559066807412
355.64300000001094,81.4,True,False,-1130.6635561510627,-1430.1482995637125,-2829.3745507182985,-101.86472745217496,1000.5865773129607,0.0,2639.488410960893,-6.8431061140001095,11.111767442160259,-48.05645441921012,15.98255663398381,6.535380423237294,23.279909751364315,13.049884174816205,17.26711654663086,109.04921363372719,22.239999999999995,86.8092136337272,11.457487106323242,True,0.5529432253135163,0.1600926313318481,True,False,152108.4507423638,109.21547661138737
355.7430000000022,81.5,True,False,-1122.3396181048631,-1429.1321258306375,-2832.0516445307608,-101.86472745217496,1000.5865773129607,0.0,2635.3181930951764,-5.109658538720775,10.931915163205854,-47.86143994284519,15.931632100709736,6.514557021484772,21.499975923828742,12.067119768936257,17.212099075317383,108.56527541106215,22.239999999999995,86.32527541106215,11.253440856933594,True,0.1828725833002096,0.012435710332618831,True,False,151958.79836348433,106.37277764676479
355.84300000000803,81.6,True,False,-1122.9529434374872,-1427.9356525911594,-2836.9178933690027,-101.86472745217496,1000.5865773129607,0.0,2634.452764040864,-5.047945388364439,11.025950370825047,-47.79924055188588,15.950852603180003,6.522416420856576,21.476297053454292,12.126554919836334,17.232864379882812,109.69710310999758,22.239999999999995,87.45710310999759,10.836297988891602,True,-0.13030813998523527,0.008624781703862185,True,False,152208.3529367331,107.45539351154032
355.9429999999993,81.7,True,False,-1123.1647421238724,-1427.1077925538998,-2840.6640703371468,-101.86472745217496,1000.5865773129607,0.0,2633.771758040484,-4.848358120962012,11.086130585180095,-47.73389443654248,15.985369002904095,6.536530420775576,21.32470509825784,12.099953215643598,17.27015495300293,109.47564272649502,22.239999999999995,87.23564272649503,11.076831817626953,True,0.4165575371343895,0.09085228323548634,True,False,152449.7706634109,108.49149287571964
356.0430000000051,81.8,True,False,-1123.3809006673541,-1426.0341509066616,-2845.989512979324,-101.86472745217496,1000.5865773129607,0.0,2632.8660145866356,-4.661584945018643,11.110761348158869,-47.823263688088595,15.963570936953845,6.52761703747038,21.128233880953246,12.04904112099239,17.246604919433594,109.08302889862203,22.239999999999995,86.84302889862204,11.338802337646484,True,0.11822509026546335,0.007336160000542159,True,False,152656.05398682808,109.23302186291662
356.14300000001094,81.9,True,False,-1124.2788220572775,-1424.770769522091,-2848.4322381176385,-101.86472745217496,1000.5865773129607,0.0,2632.050311201124,-4.585158950193153,10.953481301846805,-47.61507508918572,15.95046067229469,6.522256157546157,21.008270503756133,11.874444628210785,17.232440948486328,109.2760756980825,22.239999999999995,87.0360756980825,10.89041519165039,True,-0.5383827194363153,0.15270376944897301,True,False,152877.09961676685,110.14227773223207
356.2430000000022,82.0,True,False,-1125.072372516295,-1423.5732955763947,-2853.7209271572247,-101.86472745217496,1000.5865773129607,0.0,2631.2553989007984,-4.57509837320221,10.89766026731943,-47.68629682388403,15.965463504111751,6.528390921563939,21.00012373419553,11.819074601100972,17.24864959716797,109.10051617941266,22.239999999999995,86.86051617941267,10.745484352111816,True,-0.1819845213622422,0.01748955935891836,True,False,153114.08679613014,111.15565394113318
356.34300000000803,82.1,True,False,-1126.0948987117895,-1422.3159654689473,-2857.7811992414904,-101.86472745217496,1000.5865773129607,0.0,2630.4950438154287,-4.447649562172178,10.919007106381375,-47.54623017931919,15.945505041686255,6.520229765148191,20.86216663711176,11.79009341850595,17.227087020874023,109.0115989852153,22.239999999999995,86.77159898521532,10.767569541931152,True,-0.44080967845781416,0.10279478122400124,True,False,153367.59897076045,112.26370627714755
356.4429999999993,82.2,True,False,-1126.7459631350175,-1421.5117666548426,-2861.5891370800587,-101.86472745217496,1000.5865773129607,0.0,2630.007972441598,-4.195516939105844,10.980269259353246,-47.50002208746399,15.92679475554867,6.512578996842653,20.612318749198543,11.754517233566931,17.206872940063477,109.48740603066068,22.239999999999995,87.24740603066068,11.376955032348633,True,0.5256788054617498,0.14615549824575919,True,False,153624.48356780983,113.37050993826887
356.5450000000128,82.3,True,False,-1127.303467912726,-1420.256046951637,-2866.887080728617,-101.86472745217496,1000.5865773129607,0.0,2629.0689648416655,-3.963296124442498,10.973819499195331,-47.65041893688798,15.948020814260898,6.521258482343453,20.403084125746428,11.667580322026526,17.22980499267578,109.6016468206372,22.239999999999995,87.3616468206372,10.482400894165039,True,-0.29457257662027025,0.04590735393873162,True,False,153883.17541374866,114.50806635182869
356.64300000001094,82.4,True,False,-1131.3028779495914,-1419.0966095432796,-2867.8418867849964,-101.86472745217496,1000.5865773129607,0.0,2629.5645324757315,-4.089875450763387,10.835846635398939,-47.51016603014585,15.932924413358606,6.515085457265075,20.48368842657866,11.581996956856944,17.2134952545166,108.16446258546087,22.239999999999995,85.92446258546087,10.549688339233398,True,-0.7632354346431054,0.3007948509659617,True,False,154059.55872807515,114.6850451740757
356.7430000000022,82.5,True,False,-1127.002549237009,-1419.1999320320915,-2864.8092737222696,-101.86472745217496,1000.5865773129607,0.0,2627.97912938099,-3.5151572362347037,11.195732178816577,-47.10501638475161,15.945596845317048,6.520267304301982,20.01451776125153,11.734596261279814,17.22718620300293,109.19040924869645,22.239999999999995,86.95040924869646,13.028817176818848,True,2.422988915928622,3.0922340520175218,True,False,154301.27640736292,115.6815995281202
356.84300000000803,82.6,True,False,-1151.3509834731815,-1418.9670027851946,-2890.5398304024247,-101.86472745217496,1000.5865773129607,0.0,2637.358703047955,-6.139521769890306,10.746131308170606,-48.403088310703055,15.890124501409797,6.497584270623148,22.435584832334097,12.37631066414388,17.167255401611328,108.85495032718777,22.239999999999995,86.61495032718778,14.719913482666016,True,3.271378024185122,5.412654537808063,True,False,154383.8377437414,114.89007150625741
356.9429999999993,82.7,True,False,-1159.2659094555427,-1417.0615245518966,-2929.2345241157777,-101.86472745217496,1000.5865773129607,0.0,2638.7723668692734,-6.250989880485198,11.113127197521466,-50.92489662409862,15.892250108553565,6.498453446414794,22.618980769285745,12.750547854669605,17.169551849365234,115.15787119133954,22.239999999999995,92.91787119133954,15.504246711730957,True,2.15752122820553,2.0188669363148177,True,False,154058.77271951508,112.7736107873732
357.0430000000051,82.8,True,False,-1166.499296149137,-1416.1157801118877,-2939.8737799393675,-101.86472745217496,1000.5865773129607,0.0,2640.813709682564,-6.736976739725644,11.083864559374291,-51.38209688985871,15.925234093825173,6.511940831228189,23.11878643960996,12.970694243646244,17.20518684387207,115.1056655501825,22.239999999999995,92.86566555018251,15.46802043914795,True,0.48397096108407567,0.0970809139766965,True,False,153553.4202297483,106.50509121953195
357.14300000001094,82.9,True,False,-1164.6572388851855,-1414.9450959125093,-2939.6132502714704,-101.86472745217496,1000.5865773129607,0.0,2639.0000353758096,-6.305620597857324,11.138521631001383,-51.12831115920343,15.897866019121942,6.500749831957341,22.6826750012071,12.799512305100077,17.17561912536621,114.23666826486117,22.239999999999995,91.99666826486117,14.918066024780273,True,-0.7005768922496429,0.2416088385577985,True,False,153657.10337132786,106.70521607816679
357.24400000000605,83.0,True,False,-1166.2189565878716,-1413.6490638819641,-2945.60526024225,-101.86472745217496,1000.5865773129607,0.0,2638.443415405173,-6.2297102365646895,11.136104309977615,-51.23803755410339,15.864135246622913,6.486957080565984,22.577700905887543,12.760176677235346,17.139177322387695,113.96500172233057,22.239999999999995,91.72500172233057,14.62453556060791,True,-0.4131318451556343,0.08653414809544487,True,False,153888.0608475911,107.69035214439799
357.34300000000803,83.1,True,False,-1167.0144077397492,-1412.7538356813675,-2948.545199549589,-101.86472745217496,1000.5865773129607,0.0,2637.9453729007273,-6.020994186588792,11.173785288814297,-51.09905333772588,15.881562047383822,6.4940830226252375,22.396910119088027,12.692747877250964,17.158004760742188,115.25762283524475,22.239999999999995,93.01762283524475,14.07751750946045,True,0.18646452355088883,0.016976883655325733,True,False,153854.18581905373,107.1529422845451
357.4429999999993,83.2,True,False,-1167.6187652496635,-1411.5884887738782,-2954.0981119950397,-101.86472745217496,1000.5865773129607,0.0,2637.123474267501,-5.886161193642046,11.156875867029598,-51.1585987200792,15.878636689379483,6.492886823051518,22.258913286392172,12.61438752813013,17.154844284057617,115.5980850661466,22.239999999999995,93.35808506614661,13.41141414642334,True,-0.056259961083279464,0.0015815716359673367,True,False,153979.36438762594,107.59458057750987
357.5430000000051,83.3,True,False,-1133.1610956250768,-1406.957064630536,-2939.544790734695,-101.86472745217496,1000.5865773129607,0.0,2619.129356650636,-2.9278683098222116,10.189712443408776,-49.636030059106076,15.885336588973004,6.4956264593715325,19.172452890058505,10.602011720377451,17.16208267211914,111.71017829006479,22.239999999999995,89.47017829006481,14.334120750427246,True,0.30858076546005364,0.04225433541222752,True,False,152384.76045809762,94.50840706262045
357.64300000001094,83.4,True,False,-1133.4803578116669,-1405.9198044109226,-2943.3979569570847,-101.86472745217496,1000.5865773129607,0.0,2618.3016965353304,-2.8316556791277527,10.080107199951613,-49.573347084924066,15.838933384515533,6.476651860943268,19.015146235663398,10.470283427283752,17.111949920654297,112.38343701019842,22.239999999999995,90.14343701019843,13.750449180603027,True,-0.15996364204435132,0.01339241649962083,True,False,152514.69581809102,94.9778197518547
357.7420000000129,83.5,True,False,-1133.4193137692332,-1404.4956047342296,-2949.3921903954742,-101.86472745217496,1000.5865773129607,0.0,2616.9686981224345,-2.567138860643407,10.070107093461306,-49.60392493442943,15.82990838142671,6.47296147336279,18.74542087655419,10.392172958703355,17.10219955444336,112.99381474327426,22.239999999999995,90.75381474327426,12.796782493591309,True,-0.6433944773678686,0.2162627913873399,True,False,152731.04630968033,95.98800823797501
357.84300000000803,83.6,True,False,-1133.8167285685429,-1403.2511280562612,-2955.853563350894,-101.86472745217496,1000.5865773129607,0.0,2615.98177485296,-2.472428356608937,10.03360083999831,-49.76867297249915,15.88672776707042,6.496195321932842,18.69684067891881,10.33373348770805,17.163585662841797,113.18932838126146,22.239999999999995,90.94932838126147,12.540719032287598,True,-0.30021488775394367,0.04660256605124695,True,False,152905.58865786102,96.8124814719642
357.9429999999993,83.7,True,False,-1133.8034658946617,-1402.807438069249,-2957.6106240441795,-101.86472745217496,1000.5865773129607,0.0,2615.568839291616,-2.39447809943109,10.121376625847331,-49.59790242188582,15.81800215669451,6.468092933878685,18.57527708578714,10.40075911512731,17.089336395263672,113.34169547556665,22.239999999999995,91.10169547556666,13.245643615722656,True,0.7614210034970945,0.2989241166866137,True,False,153095.10181733628,97.71312702864236
358.0430000000051,83.8,True,False,-1134.0368198453375,-1401.7991742063998,-2962.56906576645,-101.86472745217496,1000.5865773129607,0.0,2614.734504193212,-2.171484982051653,10.202828706676828,-49.66599307865324,15.736201590748212,6.434644104036377,18.29984845809421,10.43134989563022,17.000961303710938,113.73151290390459,22.239999999999995,91.4915129039046,12.723005294799805,True,0.01653875858682241,0.00014220617190254754,True,False,153321.21660763473,98.7893273469724
358.14400000000023,83.9,True,False,-1134.07750429236,-1400.9053064373497,-2967.2457684491865,-101.86472745217496,1000.5865773129607,0.0,2613.9293189355253,-1.9966302919901489,10.216187362816488,-49.74246385813967,15.71293290125082,6.425129372363705,18.11079095960116,10.409467649935994,16.97582244873047,113.72656412486454,22.239999999999995,91.48656412486456,12.815003395080566,True,0.26887684528263023,0.0374726761837108,True,False,153546.46993114412,99.85682042113106
358.2430000000022,84.0,True,False,-1132.5072464311665,-1399.5017235751313,-2964.9505820642225,-101.86472745217496,1000.5865773129607,0.0,2612.019880090358,-1.5665051769986018,10.256855877033404,-49.214704687173736,15.760236487471847,6.444472143261853,17.741201944649127,10.37579061815523,17.026927947998047,114.5965762948156,22.239999999999995,92.35657629481561,11.66127872467041,True,-1.535881132582313,1.219995116723461,True,False,153731.09065027715,100.7036704775876
358.3440000000119,84.1,True,False,-1132.6539984343306,-1398.4734320090938,-2969.8719781762265,-101.86472745217496,1000.5865773129607,0.0,2611.1329819640096,-1.3687675820138883,10.310860474463752,-49.22363642003909,15.746676031930916,6.438927177102688,17.547942260029732,10.401315706074449,17.012277603149414,114.62290913802093,22.239999999999995,92.38290913802093,12.297844886779785,True,0.00013348066199192488,9.264563262447193e-09,True,False,153932.41740270832,101.65228548776616
358.44400000000314,84.2,True,False,-1131.9315240997398,-1397.1098752857636,-2975.778870089063,-101.86472745217496,1000.5865773129607,0.0,2609.5949655761297,-0.9738321774427492,10.303557651201213,-49.37185010434623,15.713734417565828,6.425457118052582,17.132266125882293,10.349475802254428,16.976688385009766,115.75847854412116,22.239999999999995,93.51847854412118,11.591233253479004,True,-0.39892898596113113,0.08197755990521073,True,False,154143.8844330145,102.45828255723782
358.5430000000051,84.3,True,False,-1132.0192188201625,-1396.073342048747,-2980.732352778006,-101.86472745217496,1000.5865773129607,0.0,2608.677259677882,-0.8447161273499317,10.352932796895828,-49.34366486533096,15.710749034110586,6.424236373647537,17.01523089171513,10.387336657336487,16.97346305847168,116.11522134361697,22.239999999999995,93.87522134361697,11.504744529724121,True,-0.0042703077658661215,9.376959371141409e-06,True,False,154342.34253450623,103.33886282752798
358.64300000001094,84.4,True,False,-1130.960434374809,-1394.5328772912471,-2986.7769906678423,-101.86472745217496,1000.5865773129607,0.0,2606.843910906473,-0.30524339317931365,10.402008524990576,-49.475191749804864,15.679179177844093,6.411327236183901,16.475050897580687,10.406486192901822,16.939355850219727,117.0942344829548,22.239999999999995,94.85423448295481,10.648831367492676,True,-0.6385513525132804,0.2096022334194928,True,False,154565.38221551245,104.2763309423703
358.7430000000022,84.5,True,False,-1132.9966229657502,-1394.2232086387612,-2989.447866844692,-101.86472745217496,1000.5865773129607,0.0,2607.3639747521925,-0.3576018367562571,10.420883879940936,-49.40041793370069,15.615774647145354,6.385400675236073,16.475250559306104,10.427017786158432,16.8708553314209,117.87707422159444,22.239999999999995,95.63707422159445,11.32141399383545,True,0.6743767802305705,0.2285848086449073,True,False,154760.2298435803,104.81687969562775
358.84300000000803,84.6,True,False,-1132.2460511287175,-1392.9749880687007,-2990.7522030465834,-101.86472745217496,1000.5865773129607,0.0,2605.920689402065,0.08961641249273791,10.592961208534822,-49.19673260399013,15.589917801441347,6.374827628189187,16.06399682675148,10.593340279010752,16.842920303344727,118.00035639374707,22.239999999999995,95.76035639374707,10.48760986328125,True,-0.9471817158285596,0.46389636924738803,True,False,154969.20439374426,105.86858283187362
358.94200000001,84.7,True,False,-1134.928931393685,-1391.6255104751806,-2997.6841942128385,-101.86472745217496,1000.5865773129607,0.0,2605.7437177176507,0.10636535671584968,10.475272655839792,-49.455955448566044,15.60650777679848,6.381611386423489,16.031608703794017,10.475812655984935,16.860843658447266,117.74044656523394,22.239999999999995,95.50044656523396,9.967326164245605,True,-1.0414573776451945,0.561110355570775,True,False,155189.35300742125,106.92016809847405
359.0430000000051,84.8,True,False,-1135.673178716797,-1390.1516181904958,-3006.391934508869,-101.86472745217496,1000.5865773129607,0.0,2604.6859759566564,0.2978137280431809,10.423766229280771,-49.79747445333714,15.620654363212942,6.387396025641481,15.845558669596878,10.428019726645383,16.876127243041992,117.75201462164173,22.239999999999995,95.51201462164174,9.657294273376465,True,-0.6793929225513686,0.236372071578454,True,False,155368.63977893098,107.81286221419901
359.14300000001094,84.9,True,False,-1135.748612524393,-1389.047783759344,-3011.9470232128606,-101.86472745217496,1000.5865773129607,0.0,2603.7027993665993,0.48674345147705184,10.489567402139413,-49.745219731366376,15.556040496223938,6.360974958533124,15.624627643186258,10.500854416264497,16.806320190429688,117.99539706991325,22.239999999999995,95.75539706991326,9.42652702331543,True,-0.07021568808260703,0.0024919402063205793,True,False,155470.56365160382,108.36385195866535
359.2430000000022,85.0,True,False,-1139.4448555441215,-1389.6632507917386,-3007.785468519994,-101.86472745217496,1000.5865773129607,0.0,2605.7372781932263,0.11067673884111817,10.355592079296402,-48.992828549726774,15.48040666263078,6.330047749156116,15.88815927299824,10.35618349843739,16.724607467651367,119.4403447447347,22.239999999999995,97.2003447447347,9.72500228881836,True,1.1973546351965272,0.7084428520493115,True,False,155572.7135887359,108.32047433020718
359.34300000000803,85.1,True,False,-1139.4302337309832,-1388.6677421864408,-3013.3738728456515,-101.86472745217496,1000.5865773129607,0.0,2604.8183013535026,0.285161313889836,10.655726274739212,-49.13916079026149,15.475334512029415,6.327973710909106,15.794644790029817,10.659541238585598,16.719127655029297,119.78311170642256,22.239999999999995,97.54311170642256,10.223648071289062,True,0.9609253847689541,0.4752539970714795,True,False,155815.034700247,109.54707834239696
359.4429999999993,85.2,True,False,-1139.3439276975269,-1387.5347726336315,-3019.9739381022355,-101.86472745217496,1000.5865773129607,0.0,2603.744740371542,0.45761750577751836,10.612625190373546,-49.378423230526714,15.507702353702038,6.3412091502480115,15.64448941057422,10.622486865745948,16.75409698486328,118.99770142562149,22.239999999999995,96.7577014256215,10.56312084197998,True,0.16537794737488198,0.013917968894032292,True,False,155856.9927704048,109.59562037316053
359.5430000000051,85.3,True,False,-1139.2771195905266,-1386.4715203142407,-3024.9564151808136,-101.86472745217496,1000.5865773129607,0.0,2602.742944051489,0.6112879731198921,10.632023023497645,-49.4516182413514,15.471565266803546,6.326432439883222,15.471456024527207,10.649581520335202,16.715055465698242,118.8223012770587,22.239999999999995,96.58230127705872,10.566664695739746,True,0.008353088877164794,3.579478665955486e-05,True,False,156049.0788152765,110.5137402336681
359.64300000001094,85.4,True,False,-1142.9251413369855,-1386.5264933023448,-3027.703321605454,-101.86472745217496,1000.5865773129607,0.0,2604.2495266891083,0.23393714430314816,10.43735008398942,-49.24210722432536,15.385748292010012,6.291341272062513,15.70881186227493,10.43997142540336,16.62234115600586,120.55227990590885,22.239999999999995,98.31227990590887,10.460456848144531,True,0.842202434738633,0.3516084593528687,True,False,156238.16519945208,110.67290351647802
359.7420000000129,85.5,True,False,-1145.190792026361,-1385.9143856861062,-3032.538792325874,-101.86472745217496,1000.5865773129607,0.0,2604.595193771065,0.09009802726837657,10.580630042334178,-49.24848041388634,15.347761008860134,6.275808003367453,15.85332054955709,10.581013644602402,16.581300735473633,122.01535206384199,22.239999999999995,99.77535206384199,10.34493637084961,True,0.5001338157865458,0.1258748943036518,True,False,156440.89279282035,111.203934857316
359.8440000000119,85.6,True,False,-1150.5442847789755,-1386.4449609059045,-3024.978926005638,-101.86472745217496,1000.5865773129607,0.0,2607.230020233477,-0.8594755957872278,10.229827788917984,-48.3752864745437,15.337034107692748,6.271421697628215,16.673209209941586,10.265869417183934,16.569711685180664,118.44452263642482,22.239999999999995,96.20452263642483,11.193083763122559,True,-1.0067602909193916,0.47650287944830017,True,False,156295.32007319696,108.85615420811232
359.9429999999993,85.7,True,False,-1150.7917926598589,-1385.4659452030203,-3029.329909024262,-101.86472745217496,1000.5865773129607,0.0,2606.4333155348672,-0.6088444135152702,10.289706825579719,-48.30516551544658,15.285270983560459,6.250255390143939,16.399392432489805,10.307703821717551,16.5137882232666,120.47999689767103,22.239999999999995,98.23999689767103,10.920988082885742,True,0.08688384210092437,0.003847401080598633,True,False,156467.94911379268,109.62020341629938
360.0430000000051,85.8,True,False,-1152.7504162075966,-1385.184058611385,-3029.991906664354,-101.86472745217496,1000.5865773129607,0.0,2606.964184270627,-0.9252889748302601,10.18629865434454,-47.78988620181613,15.231313399561307,6.228191752502672,16.63437436546994,10.228237382972875,16.455493927001953,122.15668564779594,22.239999999999995,99.91668564779596,10.267484664916992,True,0.49439385529978175,0.12278289879507498,True,False,156536.44891909335,109.1719237004265
360.14400000000023,85.9,True,False,-1153.2893831623571,-1384.3063854508541,-3034.3108598019294,-101.86472745217496,1000.5865773129607,0.0,2606.3783782243977,-0.6805481906940539,10.288600229079716,-47.832597447383485,15.194037594550082,6.2129494122495,16.389429625029784,10.311083382151272,16.41522216796875,122.53272863143279,22.239999999999995,100.2927286314328,10.00551700592041,True,0.1931303630152268,0.019500599702380175,True,False,156755.360792152,110.11597961155523
360.24400000000605,86.0,True,False,-1155.8029530287656,-1383.747658160177,-3035.8614360257407,-101.86472745217496,1000.5865773129607,0.0,2606.882339074935,-0.8838777157860793,10.13558888615601,-47.73449747245698,15.156541107734062,6.197616833645866,16.51673877980427,10.17405533136283,16.374711990356445,120.8329946341386,22.239999999999995,98.59299463413862,10.214820861816406,True,-0.6448528683542047,0.2141220952998378,True,False,156920.76800795435,110.46305776773643
360.34300000000803,86.1,True,False,-1177.7399671182995,-1390.4331201849484,-3034.8528980374213,-101.86472745217496,1000.5865773129607,0.0,2621.923478126246,-4.076886474129005,11.64794603052616,-47.59769609143339,15.122356613444381,6.18363855220596,19.961703117553885,12.340812374109987,16.337779998779297,120.5367626350322,22.239999999999995,98.29676263503221,10.247394561767578,True,0.3378749999529589,0.04259894871581938,True,False,154954.170523511,96.81110069768135
360.4429999999993,86.2,True,False,-1179.4169071636995,-1389.779663580492,-3036.347798338413,-101.86472745217496,1000.5865773129607,0.0,2622.0162977380887,-4.090525721686899,11.635329686952357,-47.361537129864146,15.08440463938327,6.168119721646974,19.939115806791058,12.3334219746126,16.296777725219727,121.77655253491885,22.239999999999995,99.53655253491887,9.95671272277832,True,0.31227387235697,0.04974836055002308,True,False,154917.1021271283,96.0420432524381
360.5460000000021,86.3,True,False,-1179.7431301168797,-1388.7031194859799,-3040.5056531880023,25.380835749263326,1056.5569990080587,0.0,2726.099928506367,-3.918975068597192,11.532391988907074,-47.38936670608283,14.45795529439657,7.315912266113996,18.854449629173672,12.180083356615194,16.203550338745117,121.20725267514415,26.840000000000003,94.36725267514413,9.798702239990234,True,0.19170489322598883,0.019413404157420523,True,False,155111.95162150657,96.9356769732552
360.6420000000071,86.4,True,False,-1180.4040891029308,-1387.6304053342408,-3042.8644752409746,25.380835749263326,1056.5569990080587,0.0,2725.4301224845885,-3.7699798848561024,11.418160485911026,-47.12236554183444,14.416256037778984,7.294811903250468,18.64781972692442,12.024439164228806,16.156816482543945,120.85145158999256,26.840000000000003,94.01145158999256,10.093668937683105,True,-0.3814802160472919,0.07663640841606296,True,False,155251.60601655237,97.54628740329679
360.7430000000022,86.5,True,False,-1181.326114355145,-1386.5193836256437,-3047.4386079714145,25.380835749263326,1056.5569990080587,0.0,2724.8419907974226,-3.677960747279458,11.346060916383243,-47.20281342457031,14.422462763306873,7.297952586597268,18.547574297257015,11.927300347388249,16.163772583007812,120.33839354604267,26.840000000000003,93.49839354604266,10.01253890991211,True,-0.18555036774139744,0.01820116295868232,True,False,155448.7241599847,98.4218768776592
360.84300000000803,86.6,True,False,-1181.5538708365839,-1385.334221799128,-3052.222623416453,25.380835749263326,1056.5569990080587,0.0,2723.8803424924304,-3.3638657962118543,11.306985630941218,-47.15848075748953,14.418395290312178,7.295894392684778,18.229033497992273,11.796758756253142,16.15921401977539,121.90041892296162,26.840000000000003,95.06041892296162,9.513123512268066,True,-0.04237663147191739,0.0009401430162651287,True,False,155640.91555879056,99.09578748050137
360.9429999999993,86.7,True,False,-1183.3125008734205,-1384.723197962072,-3056.6151960607904,25.380835749263326,1056.5569990080587,0.0,2724.1124393303953,-3.1850515852541412,11.134674924244333,-47.12480390997252,14.391463173098346,7.28226639324329,17.99374676214802,11.5812581039076,16.129030227661133,123.15491005454746,26.840000000000003,96.31491005454744,9.351144790649414,True,0.3337312995585364,0.05752215409380518,True,False,155816.03300176686,99.3656530138233
361.0430000000051,86.8,True,False,-1183.8599509297337,-1383.6463268051164,-3060.9803250206883,25.380835749263326,1056.5569990080587,0.0,2723.3904515287045,-3.166646446485502,11.209898997863453,-46.98268111213354,14.2893849177754,7.230613476560799,17.903847191319223,11.648582972161863,16.01462745666504,121.86649780759478,26.840000000000003,95.02649780759478,9.733198165893555,True,-0.08371725326168722,0.0036874504626332157,True,False,155987.77712189913,100.11184999794324
361.14300000001094,86.9,True,False,-1186.193916773917,-1382.9033445465611,-3064.2455785892425,25.380835749263326,1056.5569990080587,0.0,2723.762131451135,-3.073265727313221,10.929695632392265,-46.76636958832223,14.244677603200442,7.207990997487929,17.71333527567158,11.353554899123562,15.964522361755373,120.60929035065828,26.840000000000003,93.76929035065828,9.616106986999512,True,-0.38440208675113574,0.07669923701716105,True,False,156124.91507200705,100.18378008039736
361.2430000000022,87.0,True,False,-1186.033324801058,-1381.625026305271,-3068.959854542692,25.380835749263326,1056.5569990080587,0.0,2722.545841109539,-2.9598200750370323,10.996639929528754,-46.70695462681039,14.222630708259109,7.1968349836639325,17.597588827649453,11.38800353952783,15.939813613891602,122.04256524756919,26.840000000000003,95.20256524756918,9.376429557800293,True,-0.20887138045819142,0.023193499388832948,True,False,156333.61287087807,101.13790754112368
361.34300000000803,87.1,True,False,-1209.6626916605321,-1388.5906754828468,-3055.2299172199964,25.380835749263326,1056.5569990080587,0.0,2739.3575277179707,-5.8885764732602155,9.469720775611174,-45.401731772004744,14.139664470396596,7.154852994863142,20.161573553160885,11.151275462900001,15.846830368041994,125.2025872302187,26.840000000000003,98.3625872302187,10.075779914855957,True,2.3477623330880917,2.4146049837232813,True,False,156161.84499162773,96.50448594648546
361.4429999999993,87.2,True,False,-1215.06717120736,-1387.4839552267163,-3063.060688519216,25.380835749263326,1056.5569990080587,0.0,2740.8114572037766,-6.305265771066809,9.482999845104986,-45.82166262134271,14.070637411430758,7.1199244107653845,20.51247318123521,11.387873484810408,15.769469261169435,127.74310607050889,26.840000000000003,100.90310607050888,9.801129341125488,True,0.5447754945703132,0.1206062959582748,True,False,156093.6101269835,95.34927327878688
361.5450000000128,87.3,True,False,-1210.9648699514057,-1386.3396083025018,-3060.9830558382496,25.380835749263326,1056.5569990080587,0.0,2737.9361822390842,-5.869150182320026,9.374764822024344,-45.314086104197386,14.059945403443656,7.114514116516339,20.05685877993498,11.060431245249541,15.75748634338379,126.21000349014741,26.840000000000003,99.37000349014741,9.625027656555176,True,-0.6351903273110846,0.20348531617361115,True,False,155975.60908443137,93.9139196583726
361.64300000001094,87.4,True,False,-1210.924825207367,-1385.3622121823648,-3065.4927866842163,25.380835749263326,1056.5569990080587,0.0,2737.0460575763555,-5.689416840952243,9.455492306515712,-45.35687557370625,13.999972301101993,7.084166951504124,19.831672363332448,11.035207236327228,15.690272331237793,126.0172453285206,26.840000000000003,99.1772453285206,9.924747467041016,True,0.24053767383511548,0.031560469213118024,True,False,156169.72609216458,94.80147800591382
361.7430000000022,87.5,True,False,-1210.308097153212,-1383.8727445235572,-3067.106514030666,25.380835749263326,1056.5569990080587,0.0,2735.4386251589426,-5.49680505358878,9.476275273445744,-45.1248146204349,13.944279405698264,7.055985626529529,19.591160428318226,10.955120211813211,15.627855300903322,127.30714586690524,26.840000000000003,100.46714586690523,9.198183059692383,True,-0.8357169812106999,0.37912273841166916,True,False,156350.50897661,95.57383061812124
361.84300000000803,87.6,True,False,-1211.1884053114022,-1383.3397285138808,-3070.4816887377033,25.380835749263326,1056.5569990080587,0.0,2735.3609503883795,-5.5172514554317065,9.577709947340178,-44.94725262926133,13.867321625328541,7.017043994886917,19.55297122289572,11.053171104160212,15.541605949401857,127.876940073188,26.840000000000003,101.03694007318799,9.616471290588379,True,0.31507884604381786,0.05343945464981646,True,False,156530.01157395722,96.30845723511536
361.94400000000314,87.7,True,False,-1212.7178898556208,-1383.1349105919167,-3073.5210794003847,25.380835749263326,1056.5569990080587,0.0,2735.870075151964,-5.581422841073478,9.44320513227433,-44.818887617568414,13.83733635056137,7.00187105825756,19.57162028559869,10.969339273678655,15.508000373840334,128.74955848655264,26.840000000000003,101.90955848655264,9.550987243652344,True,0.6042450441360163,0.19756450986501342,True,False,156721.5563923859,97.02513532833703
362.0430000000051,87.8,True,False,-1213.0397074005814,-1382.0989697708098,-3077.4064243053645,25.380835749263326,1056.5569990080587,0.0,2735.092023270215,-5.433894923383755,9.4252334098868,-44.87487301740463,13.78426348640255,6.975015502960069,19.37372396972416,10.879441110150012,15.448519706726074,129.1587997487295,26.840000000000003,102.3187997487295,9.174057960510254,True,-0.19588499947744253,0.021004796107621484,True,False,156912.57191511116,97.8902694145199
362.14400000000023,87.9,True,False,-1213.3275731302128,-1380.8583572178327,-3082.155529769199,25.380835749263326,1056.5569990080587,0.0,2734.1163364046,-5.456021669567845,9.300055228902076,-44.93071007627064,13.715095172098403,6.940015441835225,19.315835699067172,10.782355944756358,15.371000289916994,128.99269995488146,26.840000000000003,102.15269995488146,8.994906425476074,True,-0.2611452278424231,0.03975620681010291,True,False,156865.19565661318,94.78455737282808
362.2430000000022,88.0,True,False,-1210.2658700797522,-1378.7555445743908,-3085.1378735041685,25.380835749263326,1056.5569990080587,0.0,2730.8551712890444,-5.04928325523397,9.115575090231891,-44.77292039301378,13.628737955180688,6.896317573799858,18.80940137965427,10.420603179146699,15.274216651916504,128.4619721702544,26.840000000000003,101.62197217025438,8.769160270690918,True,-0.6385125728257393,0.23861720007397802,True,False,157009.90368816757,94.85861018636012
362.34300000000803,88.1,True,False,-1211.020441146629,-1377.6987882878332,-3089.8840596421282,25.380835749263326,1056.5569990080587,0.0,2730.2544488551493,-4.889964973448281,8.820879175700098,-44.78052380410635,13.578565080136077,6.870929450480143,18.571184837565806,10.085616831599873,15.21798610687256,128.8837640371862,26.840000000000003,102.0437640371862,8.344372749328613,True,-0.38103944445850146,0.08112285154240811,True,False,157216.7674513177,95.8247937833994
362.4429999999993,88.2,True,False,-1202.8327854092126,-1373.410296619898,-3083.401679045666,25.380835749263326,1056.5569990080587,0.0,2722.728366367211,-3.3994414890067026,8.384692551621939,-43.82066901929838,13.50152475899638,6.83194605214098,16.972144290212412,9.047611376623363,15.131644248962404,130.01334214355026,26.840000000000003,103.17334214355024,8.826939582824707,True,-0.6424941972828115,0.23510526377721558,True,False,156788.52226233954,92.48688683556759
362.5430000000051,88.3,True,False,-1203.4309737758642,-1372.5858836341301,-3086.445625966485,25.380835749263326,1056.5569990080587,0.0,2722.262589743984,-3.388947367919325,8.290767304676464,-43.67096386632213,13.366370630178913,6.76355631592324,16.82477502439671,8.956661585815308,14.9801721572876,129.42433952126927,26.840000000000003,102.58433952126926,8.846329689025879,True,-0.2670006193139205,0.0404966506432855,True,False,156944.51606199035,93.21531207915888
362.64300000001094,88.4,True,False,-1204.4333276082045,-1372.0413427916303,-3090.823567897126,25.380835749263326,1056.5569990080587,0.0,2722.2293772176563,-3.3813118101309327,8.16851292101714,-43.55305560629216,13.281151114389631,6.72043413936507,16.725268394524893,8.840694141194733,14.884663581848146,131.48886295273712,26.840000000000003,104.64886295273712,8.618425369262695,True,0.12905759113707482,0.009089624793756426,True,False,157089.2708494224,93.19312829337903
362.7430000000022,88.5,True,False,-1211.6869086372083,-1374.017298111797,-3093.52596340943,25.380835749263326,1056.5569990080587,0.0,2727.2748336060877,-4.159834653645656,7.555243598947024,-43.3116480526466,13.194660300555563,6.676668669563121,17.376719742861063,8.624727832523254,14.787730216979982,133.55402252170504,26.840000000000003,106.71402252170503,8.814027786254883,True,0.9381023342319681,0.4619030085940869,True,False,157165.4346508829,92.01407560122914
362.84300000000803,88.6,True,False,-1213.5939034395942,-1373.5712636283179,-3098.735338111685,25.380835749263326,1056.5569990080587,0.0,2727.7429822496456,-4.238721082028655,7.455634234421289,-43.31935926616563,13.165959087869771,6.66214548494505,17.42275857067419,8.57631845541599,14.755563735961914,134.4910429269049,26.840000000000003,107.65104292690489,8.696619987487793,True,0.34470791922802313,0.06553720427848138,True,False,157318.76233430736,92.55113326736799
362.9429999999993,88.7,True,False,-1214.0878318017262,-1372.8456383880487,-3102.984919297857,25.380835749263326,1056.5569990080587,0.0,2727.3209844878525,-4.244833964609161,7.513539089480499,-43.413683811872374,13.10529928035934,6.631450838240915,17.372541647701873,8.629709441009643,14.68758010864258,133.02169529037008,26.840000000000003,106.18169529037006,8.799503326416016,True,-0.034840889001348074,0.0006745081417172683,True,False,157500.64858833596,93.32149633188516
363.0430000000051,88.8,True,False,-1214.0433487416462,-1371.987517678127,-3107.7528305985256,25.380835749263326,1056.5569990080587,0.0,2726.5364069873513,-4.22986929917883,7.52849810999035,-43.55115427298984,13.017441012738143,6.586993419146629,17.272988857706075,8.635396810816738,14.589114189147951,132.66167499010666,26.840000000000003,105.82167499010666,9.238982200622559,True,0.1761612522588667,0.017338404478480327,True,False,157679.49174645508,94.06465050442297
363.14300000001094,88.9,True,False,-1216.1737131518653,-1372.067771706052,-3112.51685897035,25.380835749263326,1056.5569990080587,0.0,2727.576942053744,-4.47021737999543,7.282745064527432,-43.562989295832075,12.98677413841684,6.571475584332355,17.471475528625934,8.545245408957655,14.554744720458986,134.57575913050934,26.840000000000003,107.73575913050934,9.24683666229248,True,0.45524429293493895,0.11412453092147959,True,False,157850.09670558278,94.4337010683314
363.2430000000022,89.0,True,False,-1216.6288254746119,-1371.337191613095,-3116.741731919166,25.380835749263326,1056.5569990080587,0.0,2727.1336966539416,-4.628367172558327,7.391544917823882,-43.590183168730356,12.914254839038819,6.53477988144446,17.56353134678032,8.721050335608872,14.473469734191895,134.15655111913938,26.840000000000003,107.31655111913938,9.67565631866455,True,-0.02609727050295163,0.00038166288084049414,True,False,158007.73090563403,95.1532772313611
363.34300000000803,89.1,True,False,-1214.4889503871593,-1369.9586800092532,-3124.435181307737,25.380835749263326,1056.5569990080587,0.0,2724.9321876132667,-4.6282043284118775,7.743520389238919,-43.95121431208414,12.851989315724833,6.503272721787842,17.52413718598252,9.021218505506297,14.403686523437502,133.75921041166333,26.840000000000003,106.91921041166334,11.159704208374023,True,1.0979517356209918,0.6748901417548382,True,False,158185.66795089573,95.92494192919095
363.4429999999993,89.2,True,False,-1212.6457088190273,-1368.4730244676568,-3133.500576315725,25.380835749263326,1056.5569990080587,0.0,2722.7707101065876,-4.537879662285827,7.91733534177516,-44.439336601475425,12.776410902243061,6.4650290676205735,17.37509284196441,9.125598651239782,14.318983078002931,132.65668790465438,26.840000000000003,105.81668790465437,11.708212852478027,True,0.6574867236381774,0.23694638565563753,True,False,158275.3442169258,96.01184153770708
363.5430000000051,89.3,True,False,-1212.8047674863526,-1368.2438890997603,-3138.742606385749,25.380835749263326,1056.5569990080587,0.0,2722.638965237296,-4.7610775314018605,8.049712072234017,-44.5149537074165,12.67250143313673,6.412449533092961,17.51029137778344,9.35231114248717,14.202527999877931,133.3259602162574,26.840000000000003,106.48596021625741,11.823904037475586,True,0.6786445249482327,0.2539910542873992,True,False,158477.0365458193,97.05478740952131
363.6420000000071,89.4,True,False,-1215.7635277296945,-1368.3756771425797,-3148.436426709681,25.380835749263326,1056.5569990080587,0.0,2724.10312118662,-5.1078695328635835,7.911368268555405,-45.06997604718515,12.610755831580015,6.381205460566162,17.78457429978175,9.41701009054686,14.133327484130861,134.61228466950575,26.840000000000003,107.77228466950575,12.668144226074219,True,0.8147204367572645,0.36278476014568534,True,False,158589.53413792758,97.25628856553861
363.7430000000022,89.5,True,False,-1218.3034268010963,-1368.0811328464026,-3157.2973770555527,25.380835749263326,1056.5569990080587,0.0,2724.999195478436,-5.2603615711104394,7.928874592450878,-45.42720832051738,12.556506123247207,6.35375440690445,17.88635731604289,9.515169791529134,14.072527885437013,135.74745611102745,26.840000000000003,108.90745611102743,13.199092864990234,True,0.6456767518443218,0.22732802405703026,True,False,158694.22072639625,97.51901785553225
363.8440000000119,89.6,True,False,-1218.1047803556269,-1367.0061759263376,-3162.9494145881376,25.380835749263326,1056.5569990080587,0.0,2723.9520811420034,-5.358428542699301,8.062079981337996,-45.75856811120896,12.523199646158215,6.33690089896956,17.96465612113923,9.680386876189681,14.035200119018555,135.0364515515298,26.840000000000003,108.1964515515298,13.487869262695312,True,0.43186102878334687,0.1015854584642519,True,False,158883.50091853377,98.3506642120082
363.9429999999993,89.7,True,False,-1218.5988672029403,-1366.1761880080583,-3167.556009682488,25.380835749263326,1056.5569990080587,0.0,2723.4392956014867,-5.363521314715011,8.243483241199145,-45.83680326939461,12.461979922909183,6.305922927664082,17.93049453699278,9.834753522144489,13.966588973999025,133.4393997416804,26.840000000000003,106.59939974168039,13.797469139099121,True,0.008566380384245065,3.922413367601305e-05,True,False,159022.43055081222,98.48037150322963
364.0430000000051,89.8,True,False,-1223.6297444515283,-1366.406135500638,-3173.4785440527003,25.380835749263326,1056.5569990080587,0.0,2725.9453003759495,-5.88893972138093,7.760389905516883,-46.006973662784304,12.3884497118329,6.268715690389568,18.338158480540848,9.741830553222862,13.884181022644045,132.7458138842416,26.840000000000003,105.90581388424161,12.798612594604492,True,-1.0300549296649333,0.5756819150145173,True,False,159191.2034176219,99.04515546391644
364.14300000001094,89.9,True,False,-1224.2881218878185,-1365.5760174969976,-3178.7489668900776,25.380835749263326,1056.5569990080587,0.0,2725.509283294708,-5.841985336824486,7.711148570751567,-46.132259160480466,12.353202250245811,6.2508800192089895,18.253691012266568,9.674223739188392,13.844677925109863,133.49583108252625,26.840000000000003,106.65583108252625,12.838950157165527,True,-0.08852812429123347,0.004211224278734612,True,False,159293.5879601314,99.52048150486176
364.2430000000022,90.0,False,True,-1224.8832414165945,-1364.8141216300376,-3183.3716168238957,25.380835749263326,1056.5569990080587,0.0,2725.1052028337517,-6.060405238696379,7.5267687684486715,-46.320739515877065,12.347397166402754,6.247942571746436,18.452170219964515,9.663372069361339,13.83817195892334,135.09378303684966,26.840000000000003,108.25378303684965,0.0,False,0.0,0.0,False,False,159503.32212076575,100.59385364718203
364.34300000000803,90.1,False,True,-1225.4834506773059,-1364.0565634309833,-3187.9958652459172,25.380835749263326,1056.5569990080587,0.0,2724.7075956368744,-5.943779975527935,7.624395212636592,-46.16422892455082,12.349913383483365,6.249215810114476,18.34530825858904,9.667467235836005,13.840991973876955,136.06366667386467,26.840000000000003,109.22366667386467,0.0,False,0.0,0.0,False,False,159714.7163571147,101.77772895323133
364.4429999999993,90.2,False,True,-1228.9006613624194,-1363.2098723626352,-3191.871465707323,25.380835749263326,1056.5569990080587,0.0,2725.5263318815764,-5.482622823799731,7.940731804271699,-46.02657893391318,12.319871096019405,6.234014024323585,17.88411796386918,9.649578986433648,13.80732250213623,137.3963260806589,26.840000000000003,110.55632608065889,0.0,False,0.0,0.0,False,False,159596.72914387367,99.86297474018413
364.5430000000051,90.3,False,True,-1229.452809298611,-1362.4160201631425,-3196.4774351275787,25.380835749263326,1056.5569990080587,0.0,2725.0757685287163,-5.560335900034503,7.936312185583263,-46.0928094712061,12.299388221028753,6.223649424811546,17.941654310921912,9.690324371673524,13.784366607666017,139.1565633012096,26.840000000000003,112.31656330120958,0.0,False,0.0,0.0,False,False,159806.3005638232,101.01256543015023
364.64300000001094,90.4,False,True,-1229.9978781966006,-1361.6201584428322,-3201.083910650595,25.380835749263326,1056.5569990080587,0.0,2724.620428655273,-5.341042059757035,7.980922220620291,-46.03670098911735,12.289188904854187,6.2184884389883015,17.71810420728397,9.603220802193626,13.77293586730957,140.95073031620052,26.840000000000003,114.1107303162005,0.0,False,0.0,0.0,False,False,160017.61176469648,102.1864564833053
364.7420000000129,90.5,False,True,-1227.830438905616,-1361.4575426692136,-3200.9027965158552,25.380835749263326,1056.5569990080587,0.0,2723.478074573918,-4.7207978907891075,8.425282266553607,-45.657651039578575,12.258784969686726,6.203103654784689,17.124377708353897,9.657707491779899,13.738861083984377,139.4784715087565,26.840000000000003,112.6384715087565,0.0,False,0.0,0.0,False,False,160172.3652978668,102.976203259187
364.84300000000803,90.6,False,True,-1228.29627407719,-1360.6082740635932,-3205.4645536484627,25.380835749263326,1056.5569990080587,0.0,2722.9385327337745,-4.595905540695393,8.56008984585785,-45.577491612567584,12.213162899155845,6.18001829737376,16.97673473879787,9.71583686092728,13.68773078918457,139.68162231002344,26.840000000000003,112.84162231002342,0.0,False,0.0,0.0,False,False,160386.39808812249,104.20049458422514
364.9429999999993,90.7,False,True,-1228.754485497327,-1359.747127598806,-3210.032443754096,25.380835749263326,1056.5569990080587,0.0,2722.385174117662,-4.568322862045553,8.662839449886935,-45.78031050010183,12.122327207265101,6.134054263112151,16.88113012381077,9.793587754567039,13.585927963256838,141.17027583898496,26.840000000000003,114.33027583898496,0.0,False,0.0,0.0,False,False,160602.3008524249,105.3950436950665
365.0430000000051,90.8,False,True,-1229.2090253724837,-1358.8730618845727,-3214.613274115986,25.380835749263326,1056.5569990080587,0.0,2721.818895278168,-4.5224746410853305,8.818474834777643,-45.83629673769087,12.111671789516235,6.128662483996628,16.850220115983912,9.910513371711199,13.573986053466797,141.92997333816376,26.840000000000003,115.08997333816376,0.0,False,0.0,0.0,False,False,160820.105452115,106.63071680104423
365.14300000001094,90.9,False,True,-1229.6548669646922,-1357.9801110353806,-3219.198780602651,25.380835749263326,1056.5569990080587,0.0,2721.232086916446,-4.394357203088157,9.040542149065413,-45.87383299561864,12.23572716304713,6.191436106574073,16.872377167018815,10.051953918386268,13.713019371032715,141.61021173044537,26.840000000000003,114.77021173044535,0.0,False,0.0,0.0,False,False,161039.87590368293,107.89955656400986
365.2430000000022,91.0,False,True,-1230.0958114678026,-1357.063366839586,-3223.786342725808,25.380835749263326,1056.5569990080587,0.0,2720.622149829322,-4.424532859118321,9.29434176682214,-45.877409467528395,12.18996383717794,6.168279272136057,16.90602754025683,10.293749554944117,13.661730766296387,141.7502015469863,26.840000000000003,114.91020154698629,0.0,False,0.0,0.0,False,False,161261.66500778723,109.20788679527215
365.3440000000119,91.1,False,True,-1230.5320834427132,-1356.129295523597,-3228.3756996784277,25.380835749263326,1056.5569990080587,0.0,2719.994929483179,-4.3009066390928705,9.38708455295756,-45.909729584859456,12.065544263136223,6.105321359392389,16.692234266080575,10.325461458093173,13.522289276123045,142.45180693644554,26.840000000000003,115.61180693644552,0.0,False,0.0,0.0,False,False,161485.46599377322,110.47830788162884
365.4429999999993,91.2,False,True,-1230.9494360065662,-1355.1867239154817,-3232.9685552540777,25.380835749263326,1056.5569990080587,0.0,2719.351675821127,-4.046144637964668,9.464347609348993,-45.94738192813812,12.035880642091227,6.090311183704229,16.432153203702022,10.29296663270217,13.489044189453127,142.3433970145986,26.840000000000003,115.50339701459858,0.0,False,0.0,0.0,False,False,161711.28039763312,111.75750439820348
365.5420000000013,91.3,False,True,-1231.3528444073904,-1354.2336220106429,-3237.5689822268046,25.380835749263326,1056.5569990080587,0.0,2718.6928773276,-4.022023378520601,9.597690487427094,-46.061157526397835,12.007952930023045,6.076179400397132,16.41222656401457,10.40636030270982,13.457744598388672,143.55220296924355,26.840000000000003,116.71220296924355,0.0,False,0.0,0.0,False,False,161939.14683071064,113.06245617020407
365.64300000001094,91.4,False,True,-1231.7501563065262,-1353.2637041618266,-3242.177055918137,25.380835749263326,1056.5569990080587,0.0,2718.016584315367,-3.924214604193816,9.800666488900752,-46.10031630025066,12.00996539312607,6.077197732740864,16.36344437351403,10.557107742484693,13.460000038146973,144.5191665989223,26.840000000000003,117.67916659892231,0.0,False,0.0,0.0,False,False,162169.12408867377,114.4210520296642
365.7430000000022,91.5,False,True,-1237.1235247260145,-1351.320737913579,-3250.0021023061317,25.380835749263326,1056.5569990080587,0.0,2718.7851066573758,-4.288764356540948,9.117073040384883,-46.23353219947997,11.972770139554703,6.058376453638593,16.546695409582004,10.075441455819638,13.41831398010254,146.63567362897197,26.840000000000003,119.79567362897195,0.0,False,0.0,0.0,False,False,162378.21234010858,115.63062842560784
365.84300000000803,91.6,False,True,-1237.5497469007487,-1350.40657590737,-3254.6302094436874,25.380835749263326,1056.5569990080587,0.0,2718.173524181699,-4.23567913814494,9.166167083792212,-46.328610551635684,11.882432245091133,6.0126643113097895,16.423705254858252,10.09750448226254,13.317069053649904,146.2132000657541,26.840000000000003,119.37320006575412,0.0,False,0.0,0.0,False,False,162612.43255682974,116.95774057493755
365.9429999999993,91.7,False,True,-1237.97224407605,-1349.4882403170154,-3259.2664399579908,25.380835749263326,1056.5569990080587,0.0,2717.5567515661855,-4.214264367884432,9.200544723298481,-46.39599973443349,11.847224777485373,5.994848877600736,16.378275837888303,10.119784946718775,13.277610778808594,146.95744252473946,26.840000000000003,120.11744252473946,0.0,False,0.0,0.0,False,False,162848.86462994042,118.30041246576087
366.0430000000051,91.8,False,True,-1238.3898127071025,-1348.568972942762,-3263.9021018518033,25.380835749263326,1056.5569990080587,0.0,2716.937097698841,-4.137108253166158,9.184802761768712,-46.3172381418245,11.815422754842956,5.978756643062767,16.271508143892554,10.073542895675269,13.241969108581545,146.9621193137312,26.840000000000003,120.12211931373118,0.0,False,0.0,0.0,False,False,163087.52160694424,119.66799678939887
366.14400000000023,91.9,False,True,-1235.1783926339367,-1348.4752856942437,-3269.0170716246844,25.380835749263326,1056.5569990080587,0.0,2715.3618283246205,-3.7841394408167086,8.960972137502816,-46.323692459716526,11.736395498673422,5.938767829914888,15.812043627714191,9.72721609488791,13.153400421142578,142.40335426109453,26.840000000000003,115.56335426109453,0.0,False,0.0,0.0,False,False,163311.60112137604,120.84539056231836
366.24400000000605,92.0,False,True,-1235.5472645641348,-1347.5886802284283,-3273.6459410348175,25.380835749263326,1056.5569990080587,0.0,2714.747892742791,-3.5932991631485134,8.771137178804654,-46.253695742940984,11.653850474018519,5.896998980441855,15.515677311720907,9.47864158438819,13.06088924407959,144.630583682587,26.840000000000003,117.790583682587,0.0,False,0.0,0.0,False,False,163554.4421045031,122.16717006260241
366.34300000000803,92.1,False,True,-1235.8939449232694,-1346.7183429061567,-3278.2696192339317,25.380835749263326,1056.5569990080587,0.0,2714.138250239555,-3.3403080195436976,8.63560926662286,-46.21986823935064,11.597292176933701,5.86837975103023,15.191756278382318,9.25912550250889,12.997502326965334,146.8912655788552,26.840000000000003,120.05126557885521,0.0,False,0.0,0.0,False,False,163799.529510337,123.51208008776752
366.44400000000314,92.2,False,True,-1236.2168923778015,-1345.8629156898864,-3282.890746594488,25.380835749263326,1056.5569990080587,0.0,2713.5309606032974,-3.118641071098231,8.47293505878233,-46.20267897177592,11.632871503472238,5.886383350166011,14.976560786076911,9.028651651308929,13.03737735748291,146.42426309951856,26.840000000000003,119.58426309951854,0.0,False,0.0,0.0,False,False,164046.90678486216,124.87273667234523
366.5430000000051,92.3,False,True,-1236.5188353164099,-1345.0225336160486,-3287.5111731187494,25.380835749263326,1056.5569990080587,0.0,2712.927391463819,-2.920217701069208,8.334706417974411,-46.20585151344667,11.597299835355656,5.868383626290735,14.725524219299693,8.831477933815028,12.99751091003418,144.87993487441025,26.840000000000003,118.03993487441024,0.0,False,0.0,0.0,False,False,164296.60106199433,126.25435159787192
366.64300000001094,92.4,False,True,-1236.80596079828,-1344.194085152088,-3292.131644355261,25.380835749263326,1056.5569990080587,0.0,2712.3276493585854,-2.8222919363357457,8.23426286123322,-46.20357321678966,11.558352505027788,5.848675773701892,14.577172575678594,8.7045055368924,12.953861236572267,144.44791162574708,26.840000000000003,117.60791162574708,0.0,False,0.0,0.0,False,False,164548.65348197107,127.6626697758051
366.7430000000022,92.5,False,True,-1237.0792394453765,-1343.364207830545,-3296.747573735458,25.380835749263326,1056.5569990080587,0.0,2711.7203470295594,-2.643281005593054,8.36328356962894,-46.115014387153806,11.520953877806686,5.829751584903997,14.389035205660674,8.771057321700413,12.911947250366213,145.60739742536157,26.840000000000003,118.76739742536157,0.0,False,0.0,0.0,False,False,164803.18185027887,129.18121812384788
366.84300000000803,92.6,False,True,-1237.3390962710127,-1342.5340227942718,-3301.3650443186566,25.380835749263326,1056.5569990080587,0.0,2711.1066665872518,-2.553855507131031,8.24041715583648,-46.234397276814136,11.474729344748559,5.806361373666699,14.238181783398455,8.627088318401967,12.860141754150392,146.10799158300188,26.840000000000003,119.26799158300186,0.0,False,0.0,0.0,False,False,165060.21564400336,130.58768595532217
366.9429999999993,92.7,False,True,-1240.3424859068027,-1340.7087289361632,-3306.1850012374753,25.380835749263326,1056.5569990080587,0.0,2710.8925647026304,-2.9964739497276702,8.61094171779817,-46.24232183325445,11.404043811961243,5.770593580377426,14.677959304565038,9.117410454658353,12.780921936035158,148.9967225727925,26.840000000000003,122.15672257279248,0.0,False,0.0,0.0,False,False,165311.6390239377,131.82373843819465
367.04400000000896,92.8,False,True,-1240.6444125395471,-1339.8516160079796,-3310.811411581101,25.380835749263326,1056.5569990080587,0.0,2710.2756648407244,-3.0420587051623547,8.5313168458767,-46.28588503925468,11.40312224851914,5.770127257363362,14.706713457748371,9.057454846169184,12.77988910675049,148.51622501800077,26.840000000000003,121.67622501800076,0.0,False,0.0,0.0,False,False,165573.43242377625,133.2157140619288
367.14400000000023,92.9,False,True,-1240.945953278353,-1338.9987190256197,-3315.4403218876823,25.380835749263326,1056.5569990080587,0.0,2709.6624761790617,-2.988756070956045,8.52662280132064,-46.29232109237486,11.431753684471548,5.784615134052389,14.678886458234503,9.035261991092325,12.81197738647461,149.2521600734299,26.840000000000003,122.41216007342989,0.0,False,0.0,0.0,False,False,165837.7318066812,134.65937613939764
367.24400000000605,93.0,False,True,-1241.242955904213,-1338.1498350061863,-3320.072110175894,25.380835749263326,1056.5569990080587,0.0,2709.0508763139087,-2.9512964462410736,8.451057587345588,-46.34344467186438,11.44324472114945,5.790429747147424,14.638365889802662,8.95156550879379,12.82485580444336,150.01511897576793,26.840000000000003,123.17511897576793,0.0,False,0.0,0.0,False,False,166104.57552481364,136.08376294592563
367.34300000000803,93.1,False,True,-1241.5222271011696,-1336.8973999780856,-3324.745839459758,25.380835749263326,1056.5569990080587,0.0,2708.074469191335,-2.5995495591268263,8.33297883627819,-46.44643327660518,11.356587974839657,5.746580313367874,14.193774416493337,8.72904314322118,12.727736473083496,150.49418370302914,26.840000000000003,123.65418370302912,0.0,False,0.0,0.0,False,False,166369.9450410387,137.43713867702965
367.4429999999993,93.2,False,True,-1241.771063143724,-1336.0624723915637,-3329.390102370679,25.380835749263326,1056.5569990080587,0.0,2707.4530226374586,-2.3771712919606207,8.365572894157335,-46.43882494181113,11.258480185833292,5.696936503964814,13.894337386393175,8.696766824445833,12.617783546447756,151.53899700118436,26.840000000000003,124.69899700118434,0.0,False,0.0,0.0,False,False,166641.95705545,138.93200406775648
367.5420000000013,93.3,False,True,-1245.3405861224091,-1335.0418164834682,-3334.5976707145905,25.380835749263326,1056.5569990080587,0.0,2708.2241093129714,-2.5092330248324006,8.13735655797792,-46.57235440250348,11.267224401836115,5.701361190292166,13.990169858161,8.515446090756246,12.627583503723146,154.65801388338195,26.840000000000003,127.81801388338194,0.0,False,0.0,0.0,False,False,166912.47873611987,140.33967802211725
367.64300000001094,93.4,False,True,-1245.589357748252,-1334.2353721409982,-3339.26128090729,25.380835749263326,1056.5569990080587,0.0,2707.628740190139,-2.4661994920250194,7.991530291423109,-46.699849451486685,11.277740266118217,5.7066823535496045,13.932566532217788,8.363414155307483,12.639369010925295,154.75334650597918,26.840000000000003,127.91334650597916,0.0,False,0.0,0.0,False,False,167189.82616843865,141.7530792431163
367.7430000000022,93.5,False,True,-1244.8733824915564,-1333.3692335628118,-3343.765150486282,25.380835749263326,1056.5569990080587,0.0,2706.5278820084213,-2.399683344982372,8.078033762702518,-46.70277921897583,11.341428554044574,5.738909450491094,13.93878254258809,8.426927650546643,12.71074676513672,154.26297530153187,26.840000000000003,127.42297530153185,0.0,False,0.0,0.0,False,False,167466.35637183557,143.17945661794482
367.8440000000119,93.6,False,True,-1245.113572021802,-1332.5685427370731,-3348.4400836426944,25.380835749263326,1056.5569990080587,0.0,2705.933645601185,-2.4041072599295523,7.935782752074561,-46.79588390927101,11.35236137685542,5.744441600153786,13.929910459114593,8.291946671642918,12.722999572753906,154.51453958429337,26.840000000000003,127.67453958429337,0.0,False,0.0,0.0,False,False,167749.0605274278,144.60929119239296
367.9429999999993,93.7,False,True,-1245.3470002581153,-1331.7835921568947,-3353.1197149896393,25.380835749263326,1056.5569990080587,0.0,2705.3502569187144,-2.2644574663387194,7.763228851497186,-46.79674302963007,11.196543974663436,5.665595980509897,13.623458571747062,8.086747789907603,12.548369407653809,156.1378197935513,26.840000000000003,129.2978197935513,0.0,False,0.0,0.0,False,False,168034.48436691746,146.09238678050707
368.0430000000051,93.8,False,True,-1245.5711391034356,-1331.011302017846,-3357.8010378961103,25.380835749263326,1056.5569990080587,0.0,2704.773800975915,-2.218319440072341,7.68257392947366,-46.82971509978575,11.042617351758945,5.587707119626165,13.42538310618901,7.996429410682697,12.375858306884767,156.06342666154922,26.840000000000003,129.2234266615492,0.0,False,0.0,0.0,False,False,168322.68752547132,147.58619621701956
368.14400000000023,93.9,False,True,-1245.7909123469797,-1330.2390483862457,-3362.482312319738,25.380835749263326,1056.5569990080587,0.0,2704.1954413494477,-2.1771454308125895,7.762498702532094,-46.79577337276879,10.929505012268173,5.530470813725419,13.295346341239853,8.062031278388876,12.249089241027834,155.52369355532562,26.840000000000003,128.68369355532562,0.0,False,0.0,0.0,False,False,168613.77924339398,149.1405913193715
368.2430000000022,94.0,False,True,-1246.0014008573621,-1329.4665385657179,-3367.164231414376,25.380835749263326,1056.5569990080587,0.0,2703.6126041677912,-2.0326247768366783,7.687697708026108,-46.84260851998844,10.803307833396765,5.466613409960162,13.02667960124795,7.951871448495645,12.10765552520752,156.72316500373043,26.840000000000003,129.88316500373043,0.0,False,0.0,0.0,False,False,168907.8103782945,150.68099585057485
368.34300000000803,94.1,False,True,-1246.2049742160432,-1328.6954543082288,-3371.8520666280474,25.380835749263326,1056.5569990080587,0.0,2703.0278833479492,-2.0388423967860376,7.733987441751594,-46.91409575344316,10.72533318477837,5.427157229839427,12.970953854809437,7.998214805073918,12.02026653289795,156.16148979114462,26.840000000000003,129.32148979114461,0.0,False,0.0,0.0,False,False,169204.80430085817,152.22534617229647
368.4429999999993,94.2,False,True,-1246.4080977655915,-1327.9193593174166,-3376.5487790420916,25.380835749263326,1056.5569990080587,0.0,2702.4386384937534,-2.0236285941767718,7.787912374492692,-47.020152527446825,10.804271943627517,5.467101262199252,13.036149601272006,8.046530422483114,12.10873603820801,155.97251644076186,26.840000000000003,129.13251644076186,0.0,False,0.0,0.0,False,False,169504.8311782193,153.78354049669568
368.5430000000051,94.3,False,True,-1246.6052238686693,-1327.1345607005453,-3381.247566703093,25.380835749263326,1056.5569990080587,0.0,2701.8390010673083,-1.9188934673808626,7.908059962934672,-46.95560069257806,10.776396138641484,5.452995744546687,12.930495678711935,8.137540446383495,12.077494621276855,157.55077664590166,26.840000000000003,130.71077664590166,0.0,False,0.0,0.0,False,False,169807.96525386494,155.43376019223712
368.6420000000071,94.4,False,True,-1245.8502978468675,-1326.4008693253923,-3385.9368709035093,25.380835749263326,1056.5569990080587,0.0,2700.836314417519,-2.1869833879946103,8.000378363872167,-46.893937471258965,10.617140104991014,5.372410132936192,13.071028859521164,8.293910435040777,11.89901065826416,156.39953170145102,26.840000000000003,129.55953170145102,0.0,False,0.0,0.0,False,False,170113.7463039109,156.94107574443143
368.7430000000022,94.5,False,True,-1246.0659121615606,-1325.6033345977985,-3390.6246193827465,25.380835749263326,1056.5569990080587,0.0,2700.2341912838187,-2.1253029058691193,7.950316188003007,-46.86103211348404,10.56239515203835,5.344708479095178,12.952485226447815,8.229486006484146,11.837656021118166,155.3213525366093,26.840000000000003,128.4813525366093,0.0,False,0.0,0.0,False,False,170423.14151761256,158.55514162575054
368.84300000000803,94.6,False,True,-1246.2849087856603,-1324.8108101337039,-3395.3011495052874,25.380835749263326,1056.5569990080587,0.0,2699.638199507519,-2.2546295761243806,7.900173093887816,-46.66957033733497,10.66778439845384,5.398036800069196,13.162426408653491,8.215600369962246,11.955769538879396,156.40299193258073,26.840000000000003,129.56299193258073,0.0,False,0.0,0.0,False,False,170735.64493475622,160.18142259790187
368.94200000001,94.7,False,True,-1246.5160365040854,-1324.0162566843553,-3399.9810571337753,25.380835749263326,1056.5569990080587,0.0,2699.046253654396,-2.367924792376183,7.990895893083114,-46.92858223242338,10.724331633373609,5.426650431882313,13.341009448421646,8.334355703738733,12.019144058227539,157.01547279310373,26.840000000000003,130.1754727931037,0.0,False,0.0,0.0,False,False,171051.324445387,161.71084178490452
369.0430000000051,94.8,False,True,-1246.7544695142715,-1323.2173536701905,-3404.670586246196,25.380835749263326,1056.5569990080587,0.0,2698.4540397351825,-2.4007354113422563,7.987164390212194,-46.86200001599452,10.809740056904486,5.4698681981996,13.448176166881145,8.340163398372145,12.114864349365236,153.37139767059216,26.840000000000003,126.53139767059214,0.0,False,0.0,0.0,False,False,171370.24698290628,163.3850355829943
369.14300000001094,94.9,False,True,-1247.0126067671358,-1322.4261703190148,-3409.3662442820314,25.380835749263326,1056.5569990080587,0.0,2697.8780536748172,-2.7620096459415917,7.836502633301712,-47.05116070071467,10.860470294880377,5.495538354367157,13.822158785564014,8.308999386569905,12.171719551086426,152.07803638822205,26.840000000000003,125.23803638822203,0.0,False,0.0,0.0,False,False,171692.33976334054,164.9042350449904
