timestamp,relative_t_s,is_blackout,gnss_available,gnss_trust_status,pos_est_e,pos_est_n,pos_est_u,pos_ref_e,pos_ref_n,pos_ref_u,pos_err_2d,pos_err_3d,vel_est_e,vel_est_n,vel_est_u,vel_ref_e,vel_ref_n,vel_ref_u,vel_err_2d,speed_est,speed_ref,speed_err,heading_est_deg,heading_ref_deg,heading_err_deg,ai_speed,ai_accepted,ai_innovation,ai_nis,nhc_active,zupt_active,zaru_active,pos_cov_trace,vel_cov_trace
274.2430000000022,0.0,False,True,NORMAL,-0.4889876625644989,0.010508107622007531,0.0009514603323215404,0.0,0.0,0.0,0.4891005565996505,0.48910148204933085,-18.510721968391504,0.40456900475894125,0.07189075747158412,-18.436371107204234,0.38940609948508226,0.0,0.07588125101520593,18.515142556045944,18.44048309326172,0.07465946278422564,178.49338636973567,178.79000000000002,0.29661363026428944,0.0,False,0.0,0.0,False,False,False,19.853467697975184,0.7585886502258115
274.34300000000803,0.1,False,True,NORMAL,-1.3445185475753783,0.030636848851602904,0.006040233705915819,0.0,0.0,0.0,1.34486755529374,1.3448811195436505,-18.379552114032833,0.4487142862755269,0.1187380773069846,-18.363004139426558,0.38785646997354634,0.0,0.06306749771963019,18.385028703354166,18.36709976196289,0.017928941391275544,177.8440048489989,178.79000000000002,0.9459951510011138,0.0,False,0.0,0.0,False,False,False,11.444719613854476,0.7777160458744576
274.4429999999993,0.2,False,True,NORMAL,-2.226384972785419,0.054959269575703906,0.013666153026261885,0.0,0.0,0.0,2.227063216066626,2.2271051461697002,-18.15272595350808,0.5041649540817716,0.1497619893848424,-18.4477706948056,0.3896468772887929,0.0,0.31648979332623534,18.159725819628726,18.451885223388672,0.2921594037599462,178.0012499473309,178.79000000000002,0.7887500526691156,0.0,False,0.0,0.0,False,False,False,8.04713401115966,0.8072573956943145
274.5430000000051,0.3,False,True,NORMAL,-3.108631835499801,0.08148084939754274,0.02863644115777217,0.0,0.0,0.0,3.1096995059814714,3.109831356080839,-18.06625151151184,0.5131329304472885,0.32095390151512204,-18.51449203481634,0.3910561403490188,0.0,0.46456679757919395,18.073537259803718,18.51862144470215,0.4450841848984304,179.28338663889778,178.79000000000002,-0.49338663889773215,0.0,False,0.0,0.0,False,False,False,6.215757609448961,0.8525172693384822
274.64300000001094,0.4,False,True,NORMAL,-3.9856112610248373,0.11106512295266971,0.053045011070655304,0.0,0.0,0.0,3.987158460049523,3.9875112988860573,-17.903722613008412,0.5921985016141817,0.41330675259357613,-18.456548262843253,0.389832273781011,0.0,0.5887005089880086,17.913513962058445,18.460664749145508,0.5471507870870624,180.27824228929404,178.79000000000002,1.4882422892940217,0.0,False,0.0,0.0,False,False,False,5.076916457229071,0.9068991501817905
274.7430000000022,0.5,False,True,NORMAL,-4.851545042142897,0.14248705138866805,0.08094154088189114,0.0,0.0,0.0,4.853636971978308,4.854311834729522,-17.790978793563383,0.5760133663683069,0.45346573674279805,-18.498927726686137,0.3907273968839994,0.0,0.7317940846969082,17.80030106012977,18.503053665161133,0.7027526050313639,179.33633299260663,178.79000000000002,-0.5463329926066081,0.0,False,0.0,0.0,False,False,False,4.306804242586412,0.9684722148589382
274.84300000000803,0.6,False,True,NORMAL,-5.700273884957293,0.17539349697184603,0.10986806336608015,0.0,0.0,0.0,5.702971615071052,5.70402982405018,-17.571321841683556,0.6480130947587984,0.4844205644214465,-18.48754911524128,0.3904870621307807,0.0,0.9517310934776408,17.58326682488224,18.49167251586914,0.9084056909868998,178.10831533625856,178.79000000000002,0.6816846637414642,0.0,False,0.0,0.0,False,False,False,3.7579824944129387,1.0395516908020226
274.9429999999993,0.7,False,True,NORMAL,-6.52653167899228,0.20991053390541303,0.13556774199292407,0.0,0.0,0.0,6.529906445664764,6.531313558680466,-17.42163330167423,0.6366604924403467,0.42322427992847544,-18.454589852594573,0.3897909089759908,0.0,1.0620469986441818,17.433262559849172,18.45870590209961,1.025443342250437,179.14201372177618,178.79000000000002,-0.3520137217761885,0.0,False,0.0,0.0,False,False,False,3.3538543485026358,1.1109206926846737
275.0430000000051,0.8,False,True,NORMAL,-7.33206114991069,0.23876002456551162,0.15534961909215486,0.0,0.0,0.0,7.335947590826981,7.337592286268859,-17.33315380266309,0.5480095229472128,0.3853600405880465,-18.480892045934425,0.39034645401556595,0.0,1.1585166025450448,17.341814645071455,18.485013961791992,1.143199316720537,178.81103608598613,178.79000000000002,-0.02103608598616802,0.0,False,0.0,0.0,False,False,False,3.050783378250793,1.1899659051704212
275.14300000001094,0.9,False,True,NORMAL,-8.103561229576151,0.26190876477136105,0.17303539705153592,0.0,0.0,0.0,8.10779259740614,8.109638836050998,-17.006310093756415,0.5268439579831293,0.39986404050896324,-18.498641688188275,0.390721355286382,0.0,1.4985269269200585,17.01446877105085,18.50276756286621,1.4882987918153603,178.50738847114744,178.79000000000002,0.28261152885261254,0.0,False,0.0,0.0,False,False,False,2.8223545348912253,1.281825394815288
275.24400000000605,1.0,False,True,NORMAL,-8.820903222725324,0.2842615367354672,0.19161681828507537,0.0,0.0,0.0,8.825482325966847,8.827562250757731,-16.592211051557808,0.5416171341392116,0.4323929289740527,-18.40840607673016,0.3888154326246915,0.0,1.822611513583334,16.60104866264268,18.412511825561523,1.8114631629188445,178.41710142897122,178.79000000000002,0.3728985710287702,0.0,False,0.0,0.0,False,False,False,2.6517361397996257,1.3822109827515945
275.34300000000803,1.1,False,True,NORMAL,-9.469274288268585,0.30354705639898844,0.208423760969162,0.0,0.0,0.0,9.474138291259687,9.47643059522147,-16.049597549038182,0.476068575605536,0.4010559763948747,-18.373341570739207,0.3880748133114378,0.0,2.325409465146713,16.056656649962083,18.377439498901367,2.3207828489392845,177.922472674367,178.79000000000002,0.8675273256330343,0.0,False,0.0,0.0,False,False,False,2.5274919089455157,1.4809032946406453
275.4429999999993,1.2,False,True,NORMAL,-11.068908265002628,0.34825945613185677,0.2501891180746096,0.0,0.0,0.0,11.074385528228136,11.077211265595313,-15.943081985642698,0.4181794190518311,0.43425116571407657,-18.39058778523682,0.3884390813704473,0.0,2.4476864845670643,15.948565365807774,18.394689559936523,2.4461241941287497,178.5168416403152,178.79000000000002,0.273158359684885,0.0,False,0.0,0.0,False,False,False,2.6847433691588214,1.6144142736792526
275.5430000000051,1.3,False,True,NORMAL,-12.653973975197498,0.39257076771474775,0.2917390884571572,0.0,0.0,0.0,12.660061973491272,12.663422952281644,-15.758232218254728,0.4680468126059887,0.3967482419368754,-18.441975554838965,0.38952447452106514,0.0,2.684891814252228,15.765181586750973,18.446088790893555,2.6809072041425814,179.01863578338506,178.79000000000002,-0.2286357833850161,0.0,False,0.0,0.0,False,False,False,2.8800899717237263,1.750327430340622
275.64300000001094,1.4,False,True,NORMAL,-14.217872106918866,0.4414598935404203,0.33030744105074966,0.0,0.0,0.0,14.224724042536158,14.228558503654533,-15.519730416172623,0.5097357039074618,0.37461880993497343,-18.384043224405794,0.38830084961696204,0.0,2.866885816917924,15.528099132814411,18.38814353942871,2.8600444066143,178.9342419700577,178.79000000000002,-0.14424197005769201,0.0,False,0.0,0.0,False,False,False,3.1175327956526537,1.8995028562398197
275.7430000000022,1.5,False,True,NORMAL,-15.75017173771801,0.495422399245628,0.36682568391968057,0.0,0.0,0.0,15.757961578874516,15.762230622715446,-15.126262199810235,0.5695144101966914,0.35574604744364435,-18.30103675925025,0.386547618265721,0.0,3.1800425076116583,15.13697971197787,18.305118560791016,3.168138848813145,179.24257027158845,178.79000000000002,-0.45257027158839946,0.0,False,0.0,0.0,False,False,False,3.4016832128383467,2.063255378881243
275.84300000000803,1.6,False,True,NORMAL,-17.247161995506577,0.5508513486259244,0.41026545591582925,0.0,0.0,0.0,17.255956481966724,17.260832884071593,-14.813542955961166,0.539064577409238,0.5130493924793293,-18.326047965503093,0.3870758955613831,0.0,3.515791802918225,14.823347986427494,18.330135345458984,3.50678735903149,179.73659883827142,178.79000000000002,-0.9465988382713704,0.0,False,0.0,0.0,False,False,False,3.738484555875121,2.2669639014066254
275.9429999999993,1.7,False,True,NORMAL,-18.716130722340573,0.6037021829079006,0.4603329041871182,0.0,0.0,0.0,18.72586461398748,18.731521879550144,-14.565831580718783,0.5179521082302826,0.4882995729464495,-18.317861543694352,0.3869029850375742,0.0,3.7543178762267897,14.575037702328073,18.32194709777832,3.7469093954502473,177.53776516901803,178.79000000000002,1.2522348309819904,0.0,False,0.0,0.0,False,False,False,4.133441788943043,2.4501769565899516
276.0430000000051,1.8,False,True,NORMAL,-20.16062971003867,0.6561006161755903,0.5062509336352716,0.0,0.0,0.0,20.171302841508275,20.17765467866983,-14.324148173243106,0.5300165571235114,0.43006101601661884,-18.29186255116223,0.38635384409147344,0.0,3.9703143905567297,14.33395055244188,18.295942306518555,3.9619917540766743,176.08923431438893,178.79000000000002,2.7007656856110884,0.0,False,0.0,0.0,False,False,False,4.590799498083114,2.6376680744701084
276.14300000001094,1.9,False,True,NORMAL,-21.58560047600947,0.7040373735524071,0.5461489971394916,0.0,0.0,0.0,21.597078888897425,21.603983319294045,-14.175267146172924,0.428718590412824,0.36790025406778226,-18.225356693486546,0.3849491323681193,0.0,4.050326049433131,14.181748774221571,18.229421615600586,4.047672841379015,178.01609990286207,178.79000000000002,0.7739000971379824,0.0,False,0.0,0.0,False,False,False,5.115814863999461,2.8313063132113663
276.24400000000605,2.0,False,True,NORMAL,-22.99025798491658,0.7410168218535474,0.5810037767847911,0.0,0.0,0.0,23.002197028616425,23.009533535730977,-13.91788303196919,0.3108703756099811,0.3291953388382083,-18.212570772632223,0.38467907295462317,0.0,4.295321933639556,13.921354405445175,18.216632843017578,4.295278437572403,178.0439877753858,178.79000000000002,0.7460122246142191,0.0,False,0.0,0.0,False,False,False,5.714533902244562,3.0437361936567853
276.34300000000803,2.1,False,True,NORMAL,-24.369246655093814,0.7712203166795802,0.6140746631247864,0.0,0.0,0.0,24.381447112787633,24.389178973584826,-13.661890371575561,0.2931995209106755,0.3322223879616988,-18.21563138455932,0.38474371804912894,0.0,4.554661079966332,13.665036205001845,18.219694137573242,4.554657932571397,177.0367602545329,178.79000000000002,1.7532397454671127,0.0,False,0.0,0.0,False,False,False,6.394061130821632,3.276441801481573
276.44200000001,2.2,False,True,NORMAL,-25.7218781284316,0.8010471657526023,0.6432559395064519,0.0,0.0,0.0,25.734348466896307,25.742386626328152,-13.390739095180164,0.3033374605497661,0.251403139671609,-18.183389125080584,0.3840627091656999,0.0,4.793329831637773,13.39417437284431,18.18744468688965,4.793270314045339,176.62186054539106,178.79000000000002,2.1681394546089336,0.0,False,0.0,0.0,False,False,False,7.160751435764665,3.5017785058052797
276.54400000000896,2.3,False,True,NORMAL,-27.043432375156392,0.8324668220262973,0.6697076207663835,0.0,0.0,0.0,27.056242082732616,27.06452925762323,-13.040345839315652,0.32505566492413385,0.277630485527022,-18.156095331614818,0.3834862199210512,0.0,5.116083169546447,13.044396528558012,18.160144805908203,5.115748277350191,177.6819738679532,178.79000000000002,1.1080261320468026,0.0,False,0.0,0.0,False,False,False,8.022129223459599,3.7675060158731055
276.64300000001094,2.4,False,True,NORMAL,-28.331705846386924,0.8647210958405219,0.6956595738571384,0.0,0.0,0.0,28.344898989761575,28.35343437720527,-12.725123585295028,0.32002981136035735,0.24140857628807788,-18.119745559306814,0.3827184536958368,0.0,5.394986200943306,12.729147235427483,18.12378692626953,5.394639690842048,177.5318742206507,178.79000000000002,1.2581257793493137,0.0,False,0.0,0.0,False,False,False,8.986460175341003,4.02858571287769
276.7430000000022,2.5,False,True,NORMAL,-29.58865953608863,0.895650004739807,0.7203164423534952,0.0,0.0,0.0,29.602212114528857,29.61097461838573,-12.413950208739086,0.2985483666253453,0.25172879363905876,-18.0904761932825,0.38210023715031083,0.0,5.677140844497763,12.41753964810533,18.094511032104492,5.676971383999161,177.0675521140273,178.79000000000002,1.7224478859727128,0.0,False,0.0,0.0,False,False,False,10.061477108805132,4.3137237155833
276.84300000000803,2.6,False,True,NORMAL,-30.81123207919177,0.9253768935607178,0.7478046630062519,0.0,0.0,0.0,30.82512521682519,30.834194597021114,-12.037500653323704,0.2959894097928697,0.29803561941607587,-18.055528009614008,0.38136207475342154,0.0,6.018632880728059,12.041139136704556,18.059555053710938,6.018415917006381,177.9624848175875,178.79000000000002,0.827515182412526,0.0,False,0.0,0.0,False,False,False,11.257139305076983,4.62558573660597
276.9429999999993,2.7,False,True,NORMAL,-32.00123106602744,0.9545272748819611,0.7792873007402652,0.0,0.0,0.0,32.01546363961911,32.024946537923654,-11.76247908338961,0.28701821663199667,0.33161713526418946,-18.05303947468263,0.3813095128541505,0.0,6.291267033360438,11.765980352008782,18.057065963745117,6.291085611736335,178.73648629227142,178.79000000000002,0.05351370772859809,0.0,False,0.0,0.0,False,False,False,12.58292843255007,4.941829810975423
277.04400000000896,2.8,False,True,NORMAL,-33.158804988869974,0.9854687903374438,0.8090965685437145,0.0,0.0,0.0,33.17344566105001,33.183311080780754,-11.388999373461226,0.3318120924776585,0.2645682208047956,-17.978646582159296,0.3797382141458269,0.0,6.589821488344006,11.393831927556883,17.982656478881836,6.588824551324953,178.661293173687,178.79000000000002,0.12870682631307773,0.0,False,0.0,0.0,False,False,False,14.046168408499927,5.246982764206945
277.14300000001094,2.9,False,True,NORMAL,-34.27840191840815,1.018904642815334,0.8338057009646013,0.0,0.0,0.0,34.2935417353046,34.30367672273687,-11.002939217302224,0.3369049570801474,0.22961442761293888,-17.9659235897745,0.37946948388380664,0.0,6.963114469131982,11.008095946609135,17.96993064880371,6.961834702194576,178.54852765306444,178.79000000000002,0.2414723469355522,0.0,False,0.0,0.0,False,False,False,15.655286731775307,5.57525496764608
277.2430000000022,3.0,False,True,NORMAL,-35.36295009229292,1.0502890977741142,0.8561524001903227,0.0,0.0,0.0,35.37854358815387,35.388901414868116,-10.688024260393256,0.2907841420954557,0.21731955690149088,-17.95531156150391,0.3792453406122025,0.0,7.2678256790134395,10.69197914364076,17.95931625366211,7.26733711002135,178.53069999659678,178.79000000000002,0.2593000034032116,0.0,False,0.0,0.0,False,False,False,17.421024964028703,5.918658370754848
277.34300000000803,3.1,False,True,NORMAL,-36.40714387589531,1.0818317051883044,0.877352772219028,0.0,0.0,0.0,36.42321354628792,36.433778735198636,-10.195851411654507,0.3400680061883509,0.20668788367261445,-17.96012272903791,0.37934696028412657,0.0,7.7643706716112835,10.201521075671517,17.964128494262695,7.762607418591179,180.1561121997538,178.79000000000002,1.3661121997537817,0.0,False,0.0,0.0,False,False,False,19.35475097354733,6.2896142423605035
277.44400000000314,3.2,False,True,NORMAL,-37.40474110953757,1.1111054700078755,0.884604432915785,0.0,0.0,0.0,37.42124012959767,37.43169429560657,-9.756093261190735,0.24540729020307248,-0.061654669737474604,-18.00871685597762,0.38037334716468146,0.0,8.253727160123782,9.759179292293798,18.012733459472656,8.253554167178859,179.05108643820947,178.79000000000002,-0.26108643820947464,0.0,False,0.0,0.0,False,False,False,21.46108182184385,6.580369507671515
277.5430000000051,3.3,False,True,NORMAL,-38.36196490723486,1.1387389600543638,0.8702428222095773,0.0,0.0,0.0,38.378862384951745,38.38872751906048,-9.38838269275511,0.30726251072669214,-0.2255775443866826,-17.837724948880453,0.3767617203863398,0.0,8.449628080648793,9.393409382972818,17.841703414916992,8.448294031944174,179.47938751595848,178.79000000000002,-0.6893875159584582,0.0,False,0.0,0.0,False,False,False,23.74509924407411,6.911241941851748
277.64300000001094,3.4,False,True,NORMAL,-39.281440670479085,1.1661657537478407,0.8514812766784526,0.0,0.0,0.0,39.298747101066496,39.30797049045036,-9.001132572129459,0.24127336314284809,-0.14965336623581005,-17.42610792276717,0.3680677003056858,0.0,8.425929412402501,9.004365631004339,17.429994583129883,8.425628952125544,181.60471773921506,178.79000000000002,2.8147177392150318,0.0,False,0.0,0.0,False,False,False,26.226542426528834,7.343863827867422
277.7430000000022,3.5,False,True,NORMAL,-40.15175503062177,1.189983517565167,0.8351349319365281,0.0,0.0,0.0,40.16938501908061,40.17806544827262,-8.405154630724352,0.23508191320367575,-0.1772735286026814,-17.264080462192922,0.36464541719667226,0.0,8.859873226464813,8.408441465117216,17.26793098449707,8.859489519379855,181.21011559857956,178.79000000000002,2.4201155985795504,0.0,False,0.0,0.0,False,False,False,28.92292029869785,7.774025666349678
277.84300000000803,3.6,False,True,NORMAL,-40.97044719745746,1.2147892125134134,0.8149523148096411,0.0,0.0,0.0,40.98845272013191,40.99655355838954,-7.968688705989378,0.261031985761251,-0.22637881393505757,-17.312127302140066,0.3656602444871193,0.0,9.344024393833864,7.972962899108031,17.315988540649414,9.343025641541384,181.99084796395965,178.79000000000002,3.2008479639596326,0.0,False,0.0,0.0,False,False,False,31.84348839357542,8.194804878240252
277.94200000001,3.7,False,True,NORMAL,-41.74507087323098,1.2486303980166793,0.7816813753041824,0.0,0.0,0.0,41.76374049438016,41.77105512019569,-7.523784809481089,0.41579172430406713,-0.4390399761741177,-17.364783175749384,0.3667724220538408,0.0,9.841120451294575,7.535265132520431,17.368656158447266,9.833391025926835,181.51833682834916,178.79000000000002,2.7283368283491254,0.0,False,0.0,0.0,False,False,False,34.99336434219666,8.563036143134678
278.0430000000051,3.8,False,True,NORMAL,-42.47726916762314,1.2859438793562525,0.7349418936024219,0.0,0.0,0.0,42.49672984594887,42.50308444320875,-7.120181078362144,0.3304779024873975,-0.49574965786109004,-17.488571103006436,0.3693870241160479,0.0,10.368463030887904,7.1278463951391915,17.49247169494629,10.364625299807098,180.24214900582626,178.79000000000002,1.4521490058262267,0.0,False,0.0,0.0,False,False,False,38.38407491387892,9.003131738351696
278.1420000000071,3.9,False,True,NORMAL,-43.15794951311007,1.3187830565911987,0.6768525223718794,0.0,0.0,0.0,43.178093924193895,43.18339871135146,-6.493425831376409,0.3263056422115214,-0.6660377667497602,-17.569537160210583,0.37109715873761845,0.0,11.076201896348831,6.501619367490339,17.573455810546875,11.071836443056537,179.88049159891682,178.79000000000002,-1.090491598916799,0.0,False,0.0,0.0,False,False,False,42.031312335510556,9.436299395993906
278.2430000000022,4.0,False,True,NORMAL,-43.78157366506293,1.3502446685783196,0.6022992767218156,0.0,0.0,0.0,43.80238981213646,43.80653053681718,-5.9790572076808814,0.3029265975308977,-0.8250271462515185,-17.573865876144858,0.37118858824822787,0.0,11.595009605759888,5.986726118356538,17.57778549194336,11.591059373586821,180.7542374431726,178.79000000000002,1.9642374431725766,0.0,False,0.0,0.0,False,False,False,45.9449487654414,9.87286330074996
278.34300000000803,4.1,False,True,NORMAL,-44.357108516406555,1.3821303488758134,0.5238162978647292,0.0,0.0,0.0,44.37863630439257,44.3817275886311,-5.531639819191553,0.33478700841898024,-0.7446324308902108,-17.375519154035715,0.3669991833510791,0.0,11.843923139000962,5.541761581868322,17.37939453125,11.837632949381678,181.77630580244855,178.79000000000002,2.9863058024485136,0.0,False,0.0,0.0,False,False,False,50.14795280901005,10.42339271290343
278.4429999999993,4.2,False,True,NORMAL,-44.88199332091384,1.417873502376542,0.44193809978950294,0.0,0.0,0.0,44.904383858675715,44.90655853003369,-4.96605627095419,0.38007606159559293,-0.8929315306143133,-16.98227152025498,0.3586931546694121,0.0,12.016234274773334,4.980579554517873,16.986059188842773,12.0054796343249,181.97722723087702,178.79000000000002,3.1872272308769802,0.0,False,0.0,0.0,False,False,False,54.656579089056684,10.901988441842429
278.5430000000051,4.3,False,True,NORMAL,-45.35156286044447,1.4465095320835413,0.33954873556119874,0.0,0.0,0.0,45.374625548992185,45.3758959917606,-4.425334519658215,0.19264453254439173,-1.154855753951771,-16.40890353744871,0.34658269169077466,0.0,11.98455770402019,4.42952565483008,16.41256332397461,11.98303766914453,179.74156590548915,178.79000000000002,-0.9515659054890762,0.0,False,0.0,0.0,False,False,False,59.47043421542084,11.336761704708495
278.64300000001094,4.4,False,True,NORMAL,-45.76994986359094,1.4581640361156158,0.21785019809996814,0.0,0.0,0.0,45.79317146553457,45.79368964803624,-3.9424055432711507,0.040445548097097495,-1.2791149952728404,-15.406633222103505,0.32541311488746605,0.0,11.46776886696921,3.9426130053526647,15.410069465637207,11.467456460284541,179.62108074477558,178.79000000000002,-0.8310807447755906,0.0,False,0.0,0.0,False,False,False,64.60383512164734,11.842360812713947
278.7430000000022,4.5,False,True,NORMAL,-46.140931204937786,1.4553060078829563,0.0835712694326122,0.0,0.0,0.0,46.163876007495105,46.16395165269603,-3.4772212836659135,-0.0976061127502861,-1.406463578074278,-14.144592277618777,0.29875676051465627,0.0,10.67473219570073,3.4785909228918315,14.147747039794922,10.66915611690309,180.5915019833532,178.79000000000002,1.8015019833531805,0.0,False,0.0,0.0,False,False,False,70.07769715210769,12.357610598974127
278.8420000000042,4.6,False,True,NORMAL,-46.45789306922832,1.4467306609320876,-0.06561325755412281,0.0,0.0,0.0,46.48041370337762,46.48046001425438,-2.862016002144777,-0.07390082626708985,-1.577226961660422,-12.403605611932907,0.2619842946753591,0.0,9.54749973009098,2.862969948961346,12.4063720703125,9.543402121351154,182.81532274308577,178.79000000000002,4.025322743085743,0.0,False,0.0,0.0,False,False,False,75.90670650934695,12.889644742057358
278.9429999999993,4.7,False,True,NORMAL,-46.71829979369835,1.4426416201197807,-0.2338195174851309,0.0,0.0,0.0,46.74056857225826,46.7411534092253,-2.3461184872558287,-0.007879989979047153,-1.78689823695974,-10.374813683932295,0.21913291428408313,0.0,8.03190397227443,2.3461317206170773,10.377127647399902,8.030995926782825,182.0585810622149,178.79000000000002,3.268581062214868,0.0,False,0.0,0.0,False,False,False,82.1026324668325,13.398371659182082
279.0430000000051,4.8,False,True,NORMAL,-46.9275187219811,1.436579735411469,-0.426954738416148,0.0,0.0,0.0,46.949502390739795,46.95144369544708,-1.838260078399168,-0.11335770418718501,-2.0758061816606013,-9.67716102034436,0.2043973570020431,0.0,7.845338504904718,1.841751906456107,9.679319381713867,7.83756747525776,181.54433063688722,178.79000000000002,2.754330636887199,0.0,False,0.0,0.0,False,False,False,88.67237649492743,13.877080714256143
279.14300000001094,4.9,False,True,NORMAL,-47.088992357127864,1.4263120374258262,-0.6472421485278783,0.0,0.0,0.0,47.110588695512526,47.11503464539301,-1.3912126245360716,-0.09199625552567192,-2.3299420205740033,-9.17406220838395,0.19377109303274556,0.0,7.788094158541176,1.39425100957442,9.176108360290527,7.781857350716107,182.87206583265834,178.79000000000002,4.082065832658324,0.0,False,0.0,0.0,False,False,False,95.62691501660746,14.372876248810089
279.2430000000022,5.0,False,True,NORMAL,-47.196264373745144,1.4214631741379775,-0.878699637650541,0.0,0.0,0.0,47.217665427166935,47.22584082306088,-0.7542277078094869,-0.004981010231300487,-2.2992077618792526,-8.635210491114405,0.18238966963859524,0.0,7.883209841328813,0.7542441552246044,8.637136459350586,7.882892304125981,184.9041297610317,178.79000000000002,6.114129761031666,0.0,False,0.0,0.0,False,False,False,103.00550118028784,15.080594883461647
279.34300000000803,5.1,False,True,NORMAL,-47.24272839797707,1.4305685275586748,-1.1126316650899593,0.0,0.0,0.0,47.26438313145608,47.27747732292017,-0.1750527768290947,0.1870880786452439,-2.379432786909113,-8.107950007239793,0.17125307191855912,0.0,7.9329130346736925,0.256213629314964,8.109758377075195,7.853544747760231,184.22285268396672,178.79000000000002,5.432852683966705,0.0,False,0.0,0.0,False,False,False,110.84160033524364,15.732897619989597
279.44400000000314,5.2,False,True,NORMAL,-47.231746081897015,1.4548773757821998,-1.3591308618960436,-167.97031719662033,33.38536576494577,0.0,124.88938563222901,124.89678090445472,0.3946990984300611,0.29908888582525595,-2.550551149212575,-6.191970466498049,4.832478545319883,0.0,7.995988854567211,0.49521867889417914,7.854511260986328,7.359292582092149,182.32173283352728,142.02999999999997,40.29173283352732,0.0,False,0.0,0.0,False,False,False,119.1394754194033,16.34681752548949
279.5430000000051,5.3,False,True,NORMAL,-47.15090595937642,1.4979719725314025,-1.6209104674778263,-167.97031719662033,33.38536576494577,0.0,124.95653650204446,124.96704911827896,1.2221033519817635,0.5628030491587954,-2.6850409624230753,-6.1837584137565695,4.826069508180423,0.0,8.545304523177842,1.3454679019090345,7.844094276428223,6.498626374519188,184.12399763466567,142.02999999999997,42.0939976346657,0.0,False,0.0,0.0,False,False,False,127.91968037530606,17.062019185786923
279.6420000000071,5.4,False,True,NORMAL,-46.99419568087665,1.558308266913243,-1.896374908589164,-167.97031719662033,33.38536576494577,0.0,125.09269989082115,125.10707335626141,1.9121022180137324,0.6439228384780166,-2.824247859803676,-6.149334778775297,4.799203831349602,0.0,9.069350946066582,2.0176153037798414,7.8004279136657715,5.78281260988593,185.42799562201898,142.02999999999997,43.397995622019,0.0,False,0.0,0.0,False,False,False,137.20842603530423,17.76377211628956
279.7430000000022,5.5,False,True,NORMAL,-46.77022958268948,1.6283756224469295,-2.1911147585446256,-167.97031719662033,33.38536576494577,0.0,125.2915306815879,125.31068846838403,2.5672197457297043,0.7574242721957082,-3.070549139305562,-6.072899084904841,4.739550147159063,0.0,9.51362075613372,2.6766226388820082,7.703469276428223,5.026846637546214,185.83092771881593,142.02999999999997,43.80092771881597,0.0,False,0.0,0.0,False,False,False,147.01391663380397,18.406139302077428
279.84300000000803,5.6,False,True,NORMAL,-46.482604539605006,1.7078865359787576,-2.5085195351272973,-167.97031719662033,33.38536576494577,0.0,125.54969939006288,125.57475736466017,3.185281115959845,0.8327939984408571,-3.2775463923478725,-5.935819152058041,4.632567105482718,0.0,9.88092838574567,3.292348953487389,7.52958345413208,4.237234500644691,186.0767066084304,142.02999999999997,44.046706608430455,0.0,False,0.0,0.0,False,False,False,157.34866692296913,19.07969143264397
279.9429999999993,5.7,False,True,NORMAL,-46.13408632792094,1.7947648282101598,-2.847881046381884,-167.97031719662033,33.38536576494577,0.0,125.86513901726363,125.89735361114403,3.7850831177215594,0.9047718461871869,-3.5096838327438626,-5.7612669827590635,4.496339128017345,0.0,10.199615472205767,3.8917176544186414,7.308164119720459,3.4164464653018176,185.67328732327715,142.02999999999997,43.64328732327718,0.0,False,0.0,0.0,False,False,False,168.2327263096471,19.748389912440707
280.0430000000051,5.8,False,True,NORMAL,-45.72733712213922,1.8900540007341464,-3.2081347298888923,-167.97031719662033,33.38536576494577,0.0,126.23510145999357,126.27586059520637,4.3499009979127745,1.0010116042925445,-3.695389837396293,-5.60272654954556,4.3726073941185435,0.0,10.508208851578793,4.463593050847141,7.1070556640625,2.643462613215359,186.2961357594293,142.02999999999997,44.26613575942932,0.0,False,0.0,0.0,False,False,False,179.68714742526774,20.45344750457428
280.14300000001094,5.9,False,True,NORMAL,-45.26301357430542,1.9874989339622473,-3.59071535016165,-167.97031719662033,33.38536576494577,0.0,126.66060320318687,126.7114897731103,4.93656995876315,0.9478870602694721,-3.956222568058866,-5.433195362965063,4.240298006283847,0.0,10.87988982780397,5.026749728879399,6.892005443572998,1.8652557146935989,183.93830153829606,142.02999999999997,41.908301538296094,0.0,False,0.0,0.0,False,False,False,191.72972053757462,21.12886514658798
280.2430000000022,6.0,False,True,NORMAL,-44.745473683621015,2.084757449196301,-3.995175423660139,-167.97031719662033,33.38536576494577,0.0,127.13807509845009,127.20083162623172,5.414227854924883,0.9972832444115993,-4.132978901910914,-5.240121905987545,4.0896152238702745,0.0,11.094038304379408,5.505309903595676,6.647091865539551,1.1417819619438747,182.0715343544536,142.02999999999997,40.041534354453646,0.0,False,0.0,0.0,False,False,False,204.37982561577343,21.844867800851254
280.34300000000803,6.1,False,True,NORMAL,-44.173311878864375,2.1841286462528426,-4.416153096690148,-167.97031719662033,33.38536576494577,0.0,127.66838184680417,127.74473817560863,6.029008240207901,0.9901406967192402,-4.286574558689276,-5.090266039948187,3.972661297580782,0.0,11.512327725178093,6.1097724147299,6.456999778747559,0.34722736401765886,181.70221628254936,142.02999999999997,39.67221628254939,0.0,False,0.0,0.0,False,False,False,217.67114896562873,22.636950766494095
280.4429999999993,6.2,False,True,NORMAL,-43.53055430134331,2.2955561981032537,-4.846019436555333,-167.97031719662033,33.38536576494577,0.0,128.26469057513566,128.3562026265765,6.826143310213334,1.2384103402889748,-4.31075223861442,-5.041564725427098,3.93465270906677,0.0,12.170136274109547,6.937571092428884,6.395222187042236,0.5423489053866479,184.93654780732282,142.02999999999997,42.90654780732285,0.0,False,0.0,0.0,False,False,False,231.65467557637123,23.605305064550375
280.5430000000051,6.3,False,True,NORMAL,-42.81137561874281,2.430654878648235,-5.292028063776601,-167.97031719662033,33.38536576494577,0.0,128.930038326795,129.03860020930412,7.557430341796719,1.4635632706106518,-4.6094203058109375,-5.027155854529285,3.923407410037535,0.0,12.822739290925,7.697841958509555,6.376944541931152,1.3208974165784024,187.28689929965353,142.02999999999997,45.256899299653554,0.0,False,0.0,0.0,False,False,False,246.34530533141708,24.375016103176947
280.6420000000071,6.4,False,True,NORMAL,-42.02563876054791,2.582856290697923,-5.778379274177966,-167.97031719662033,33.38536576494577,0.0,129.65668751081378,129.78538547661313,8.157306822101123,1.5804649703831077,-5.11760390221636,-4.980828013459157,3.8872511817038102,0.0,13.339109774722669,8.309002594325364,6.318177700042725,1.990824894282639,183.84925082262205,142.02999999999997,41.81925082262208,0.0,False,0.0,0.0,False,False,False,261.70598951046725,24.95810509457208
280.7420000000129,6.5,False,True,NORMAL,-41.187632584654885,2.7491009653373943,-6.310053377634478,-167.97031719662033,33.38536576494577,0.0,130.43170564816216,130.58425101028615,8.60281669575945,1.744428522406317,-5.5158781669138905,-4.936112059331969,3.8523529388710473,0.0,13.70204135087066,8.777897582600417,6.261455535888672,2.516442046711745,182.8166651846657,142.02999999999997,40.78666518466573,0.0,False,0.0,0.0,False,False,False,277.7342239981974,25.580001497280833
280.8440000000119,6.6,False,True,NORMAL,-40.29245636061314,2.920617644262549,-6.881681109144484,-167.97031719662033,33.38536576494577,0.0,131.26209287420147,131.44236212349293,9.300707785075518,1.6859050560967714,-5.91667646328623,-4.941314980781883,3.856413521268158,0.0,14.406467973121696,9.452271746069144,6.268055438995361,3.1842163070737826,183.76864311958775,142.02999999999997,41.73864311958779,0.0,False,0.0,0.0,False,False,False,294.4659437161094,26.301311211927324
280.9429999999993,6.7,False,True,NORMAL,-39.330720867701125,3.0923688316842863,-7.483293305236558,-167.97031719662033,33.38536576494577,0.0,132.1582816431338,132.36997803715943,9.93400207316482,1.74911869233797,-6.11556745855525,-4.9396726454148805,3.8551317725149623,0.0,15.022033508416678,10.086813837358605,6.265972137451172,3.820841699907433,184.53216971584428,142.02999999999997,42.50216971584429,0.0,False,0.0,0.0,False,False,False,311.95562419615953,27.173683112542474
281.0430000000051,6.8,False,True,NORMAL,-38.28173202277742,3.254666893778832,-8.093678346813807,-167.97031719662033,33.38536576494577,0.0,133.14273595978884,133.3885143782617,11.045774825309229,1.4968425495529416,-6.092133372989731,-4.940494001051617,3.855772793578302,0.0,16.15937322066837,11.146734010892486,6.267014026641846,4.87971998425064,186.94817636681876,142.02999999999997,44.918176366818784,0.0,False,0.0,0.0,False,False,False,330.30397057120445,28.43447116348607
281.14300000001094,6.9,False,True,NORMAL,-37.12833271990912,3.408387056729996,-8.719970488982101,-167.97031719662033,33.38536576494577,0.0,134.23205337875436,134.51498815970464,12.022211232056815,1.5775607094703359,-6.433709470376136,-4.979045464978882,3.8858600046409464,0.0,17.157242637282547,12.125273634036372,6.315916538238525,5.809357095797846,183.29011816881604,142.02999999999997,41.26011816881607,0.0,False,0.0,0.0,False,False,False,349.5404638451575,29.381062939255145
281.2430000000022,7.0,False,True,NORMAL,-35.90534397446865,3.559375852697047,-9.372647194754803,-167.97031719662033,33.38536576494577,0.0,135.39108843056547,135.71511832456451,12.43756367675255,1.4422152098706778,-6.619824645077916,-5.031298719734075,3.926640679208733,0.0,17.64464574141629,12.52090152204931,6.382199764251709,6.138701757797602,185.62825459013558,142.02999999999997,43.59825459013561,0.0,False,0.0,0.0,False,False,False,369.63322226066526,30.231792253737733
281.34300000000803,7.1,False,True,NORMAL,-34.63668706577147,3.6937730184587982,-10.057078253362194,-167.97031719662033,33.38536576494577,0.0,136.59958859269398,136.96931198880827,12.935574497191048,1.245728105364349,-7.068796527069901,-5.064150313858217,3.952279468127935,0.0,18.20207442993188,12.995419427047135,6.423871994018555,6.571547433028581,187.66378049271881,142.02999999999997,45.63378049271883,0.0,False,0.0,0.0,False,False,False,390.56939417716984,30.915805498406623
281.4429999999993,7.2,False,True,NORMAL,-33.306348151318694,3.8250489364186477,-10.78058344913577,-167.97031719662033,33.38536576494577,0.0,137.87021755998234,138.29106214625963,13.671203791864455,1.3797902538326388,-7.401307388401627,-5.131706345096649,4.005003083870779,0.0,18.98528830493842,13.740656253005552,6.509566783905029,7.231089469100523,186.18412644095108,142.02999999999997,44.15412644095112,0.0,False,0.0,0.0,False,False,False,412.36928634280054,31.824190665470596
281.5430000000051,7.3,False,True,NORMAL,-31.908323630704306,3.965172993515615,-11.536442112173553,-167.97031719662033,33.38536576494577,0.0,139.20637139096573,139.6835829023834,14.289286620423303,1.4226908881067009,-7.715865872354034,-5.217807722027694,4.072200280464822,0.0,19.686204045104216,14.359935984666166,6.618786334991455,7.7411496496747105,184.15385171082838,142.02999999999997,42.12385171082841,0.0,False,0.0,0.0,False,False,False,435.0851071314495,32.70991403105802
281.6420000000071,7.4,False,True,NORMAL,-30.441539945946165,4.118620422995583,-12.320778676100295,-167.97031719662033,33.38536576494577,0.0,140.60834596486836,141.14711666258563,15.046387074739531,1.6462577014926731,-7.970865406180785,-5.262788690216164,4.1073053516040625,0.0,20.457746107232403,15.13617945264302,6.675844669342041,8.46033478330098,185.90005281593434,142.02999999999997,43.87005281593438,0.0,False,0.0,0.0,False,False,False,458.7580951364903,33.736942468079164
281.7430000000022,7.5,False,True,NORMAL,-28.897929155740915,4.296242527535527,-13.126650586696618,-167.97031719662033,33.38536576494577,0.0,142.08204040664035,142.6871233214105,15.82582872936544,1.906184389306199,-8.146572805745675,-5.387412962182762,4.204567462875938,0.0,21.337389433033056,15.940213107020972,6.833930492401123,9.106282614619849,186.46200744233414,142.02999999999997,44.432007442334175,0.0,False,0.0,0.0,False,False,False,483.45163519975125,34.87428784480821
281.84300000000803,7.6,False,True,NORMAL,-27.28658457704499,4.480322415978582,-13.959940729335163,-167.97031719662033,33.38536576494577,0.0,143.62247092562444,144.2993212040458,16.40106284455304,1.7754133795549152,-8.519230047025243,-5.573172782881867,4.3495423707776855,0.0,22.124492569853057,16.496877131726503,7.06956672668457,9.427310405041933,184.3592763682904,142.02999999999997,42.329276368290444,0.0,False,0.0,0.0,False,False,False,509.1666487706184,35.73828959022099
281.94400000000314,7.7,False,True,NORMAL,-25.61530695152996,4.657792504477519,-14.828268596185175,-167.97031719662033,33.38536576494577,0.0,145.224730701473,145.97979297449345,17.024489665747602,1.7739883904238203,-8.847327289975034,-5.672327511980258,4.4269269616163385,0.0,22.85133678938113,17.116666824721026,7.1953444480896,9.921322376631426,187.2614764178251,142.02999999999997,45.231476417825114,0.0,False,0.0,0.0,False,False,False,535.8958281544672,36.688031273850385
282.04400000000896,7.8,False,True,NORMAL,-23.880700448838965,4.8389657102547465,-15.728003112484759,-167.97031719662033,33.38536576494577,0.0,146.89014470210373,147.72976914796592,17.66764038807225,1.8494757251207188,-9.147363036016625,-5.765998893402189,4.500032113438545,0.0,23.583063820078902,17.76417961348209,7.31416654586792,10.450013067614169,188.791004209686,142.02999999999997,46.76100420968602,0.0,False,0.0,0.0,False,False,False,563.6856762625803,37.69570194120757
282.14300000001094,7.9,False,True,NORMAL,-22.07712287063281,5.029439101791452,-16.66301003253743,-167.97031719662033,33.38536576494577,0.0,148.62329133607068,149.55446710450002,18.403911176050904,1.9599921056133887,-9.552775365036776,-5.879856076351386,4.588891127997724,0.0,24.425651721883273,18.50798518559052,7.45859432220459,11.04939086338593,187.76730175789663,142.02999999999997,45.73730175789666,0.0,False,0.0,0.0,False,False,False,592.5614480978771,38.67689206905176
282.2430000000022,8.0,False,True,NORMAL,-20.202052935725447,5.232077626245355,-17.633728211672526,-167.97031719662033,33.38536576494577,0.0,150.42628611947563,151.45631689150997,19.097487522096312,2.0927783834646894,-9.861588217665147,-6.0044017838657755,4.686091924211366,0.0,25.235493295146696,19.211812798872504,7.616580486297607,11.595232312574897,187.60502323101622,142.02999999999997,45.57502323101623,0.0,False,0.0,0.0,False,False,False,622.556646955556,39.74732452000957
282.34300000000803,8.1,False,True,NORMAL,-18.260000611150073,5.44126314075925,-18.638039709166303,-167.97031719662033,33.38536576494577,0.0,152.2959348229387,153.4321618429241,19.74355896941124,2.090931906813191,-10.224641732210397,-6.122275151539404,4.778085341077512,0.0,26.005041210346374,19.853969804992364,7.7661027908325195,12.087867014159844,187.11644371634685,142.02999999999997,45.086443716346864,0.0,False,0.0,0.0,False,False,False,653.7033785949561,40.75221880619941
282.445000000007,8.2,False,True,NORMAL,-16.24863531445879,5.656947038554173,-19.68005871086689,-167.97031719662033,33.38536576494577,0.0,154.23467171235504,155.48517186240332,20.483746964414376,2.2227460490852744,-10.615738301801395,-6.242371254169564,4.8718134753567135,0.0,26.85708385626885,20.603992081654454,7.918444633483887,12.685547448170567,186.74254234331715,142.02999999999997,44.71254234331718,0.0,False,0.0,0.0,False,False,False,686.0213559315863,41.8102702381463
282.5430000000051,8.3,False,True,NORMAL,-14.16263022991659,5.88847038077479,-20.75395473625052,-167.97031719662033,33.38536576494577,0.0,156.24622819708503,157.61856002073455,21.236354726429614,2.4077207953270774,-10.862182205871123,-6.382840735655471,4.981441865741586,0.0,27.73885358339737,21.372409351661776,8.096630096435547,13.27577925522623,187.06217710646763,142.02999999999997,45.03217710646765,0.0,False,0.0,0.0,False,False,False,719.5765364759864,43.04561019664603
282.64300000001094,8.4,False,True,NORMAL,-12.002321343969033,6.140595479728261,-21.852389721568006,-167.97031719662033,33.38536576494577,0.0,158.32969790341585,159.8305983681792,21.969822992521543,2.6347811837423234,-11.106517500478528,-6.528306014126374,5.094969189733684,0.0,28.60412351225555,22.127250037203694,8.281152725219727,13.846097311983968,188.88227155162056,142.02999999999997,46.85227155162058,0.0,False,0.0,0.0,False,False,False,754.4345507339178,44.29731417730105
282.7430000000022,8.5,False,True,NORMAL,-9.773557327434903,6.409522957964043,-22.97537151628483,-167.97031719662033,33.38536576494577,0.0,160.48025089790863,162.11655876117965,22.605457338161074,2.743768380973327,-11.353118393857926,-6.664839003059467,5.201525372990275,0.0,29.373301096994133,22.771362857673875,8.454344749450684,14.317018108223191,186.5558137234741,142.02999999999997,44.52581372347412,0.0,False,0.0,0.0,False,False,False,790.6224754930695,45.5037962389217
282.84300000000803,8.6,False,True,NORMAL,-7.474017881411936,6.691185602975373,-24.126258660631116,-167.97031719662033,33.38536576494577,0.0,162.7010797394925,164.4801438026985,23.385331582298267,2.889484519253265,-11.66462449306776,-6.771804692695951,5.2850059714605715,0.0,30.252130360299546,23.563167316832452,8.590030670166016,14.973136646666436,184.59879016615832,142.02999999999997,42.56879016615836,0.0,False,0.0,0.0,False,False,False,828.1683068193098,46.763812859808674
282.9429999999993,8.7,False,True,NORMAL,-5.102049569142276,6.977089744292799,-25.307909876972886,-167.97031719662033,33.38536576494577,0.0,164.99536248743118,166.92501293904337,24.054034663094953,2.8285983070952514,-11.968399833767588,-6.823046007234168,5.324996884608445,0.0,30.977832664339545,24.21977605091087,8.655030250549316,15.564745800361553,185.30849843639743,142.02999999999997,43.27849843639746,0.0,False,0.0,0.0,False,False,False,867.1001322972064,47.97031870151065
283.0430000000051,8.8,False,True,NORMAL,-2.659841269622668,7.2669959529310955,-26.522760064912646,-167.97031719662033,33.38536576494577,0.0,167.36105488687514,169.44963704389738,24.790131327297196,2.969525865670672,-12.328603925027652,-6.8593578204137575,5.3533361764512355,0.0,31.739135383763323,24.96735258475614,8.701091766357422,16.266260818398717,188.55143165213943,142.02999999999997,46.52143165213945,0.0,False,0.0,0.0,False,False,False,907.4398399344971,49.193288827254065
283.14400000000023,8.9,False,True,NORMAL,-0.15042562301363516,7.559615708134489,-27.78071001063305,-167.97031719662033,33.38536576494577,0.0,169.79542212254722,172.05305351102862,25.398181604883455,2.8828692383972063,-12.830394989380421,-6.890346046166596,5.377520713008435,0.0,32.38475418854378,25.561270779840683,8.740400314331055,16.82087046550963,185.8623950428988,142.02999999999997,43.83239504289884,0.0,False,0.0,0.0,False,False,False,949.1705333485836,50.17752376631214
283.2430000000022,9.0,False,True,NORMAL,2.414163293825816,7.851074654338902,-29.077954694113217,-167.97031719662033,33.38536576494577,0.0,172.2871765817771,174.72377818635144,25.89359673190556,2.946309685691059,-13.114498680222928,-6.914271741162916,5.396193348541365,0.0,32.89921220497021,26.060680967283783,8.770750045776367,17.289930921507416,181.97017408779575,142.02999999999997,39.94017408779579,0.0,False,0.0,0.0,False,False,False,992.3171604927568,51.344881967373816
283.34300000000803,9.1,False,True,NORMAL,5.042035964209462,8.14301581273348,-30.411919135235696,-167.97031719662033,33.38536576494577,0.0,174.8440750421862,177.46925199269242,26.66385667576735,2.8925134822005107,-13.564790142226627,-6.906861121015269,5.390409783670573,0.0,33.663520007927204,26.820288720865303,8.76134967803955,18.058939042825752,182.47702507040344,142.02999999999997,40.447025070403484,0.0,False,0.0,0.0,False,False,False,1036.9463046264837,52.548003323292235
283.4429999999993,9.2,False,True,NORMAL,7.748623592861764,8.444884814581776,-31.7791062598308,-167.97031719662033,33.38536576494577,0.0,177.48006576011005,180.30276020318325,27.467895897278698,3.1448665547654078,-13.778952349675484,-6.864821245047312,5.357600066673012,0.0,34.40394826135054,27.64734147564684,8.708022117614746,18.939319358032094,184.3796887682705,142.02999999999997,42.34968876827054,0.0,False,0.0,0.0,False,False,False,1083.1523271865778,54.087437992856835
283.5430000000051,9.3,False,True,NORMAL,10.530195919119494,8.775560591289162,-33.173073755577484,-167.97031719662033,33.38536576494577,0.0,180.18899992304677,183.21716217554712,28.163550627875907,3.468648979382314,-14.10039756525818,-6.826317897148194,5.327550407416367,0.0,35.03921251851445,28.37634771620723,8.659180641174316,19.717167075032915,186.8309542515053,142.02999999999997,44.80095425150533,0.0,False,0.0,0.0,False,False,False,1131.0033296249505,55.44914897836186
283.64300000001094,9.4,False,True,NORMAL,13.380353090268176,9.124137783880887,-34.602902536374486,-167.97031719662033,33.38536576494577,0.0,182.96631601650878,186.20964975154965,28.839592795097715,3.5028948724522095,-14.496178050681815,-6.789809108978376,5.299057387867768,0.0,35.674647578132635,29.05154703409965,8.612869262695312,20.438677771404336,185.56679583811723,142.02999999999997,43.536795838117264,0.0,False,0.0,0.0,False,False,False,1180.4775635959008,56.715720017930714
283.7430000000022,9.5,False,True,NORMAL,16.297934570705507,9.483530134732018,-36.06945838988177,-167.97031719662033,33.38536576494577,0.0,185.81196505037113,189.28045906648617,29.512036813648894,3.684952144570417,-14.834939019463864,-7.1134420251757735,5.551634355497871,0.0,36.67301736494812,29.741203560009833,9.023397445678711,20.717806114331122,186.47297995305746,142.02999999999997,44.442979953057495,0.0,False,0.0,0.0,False,False,False,1231.6076449823609,58.07905424919237
283.84300000000803,9.6,False,True,NORMAL,19.278017883122477,9.859990443678223,-37.569503142808536,-167.97031719662033,33.38536576494577,0.0,188.72038118375596,192.42362079677133,30.089629434690554,3.8442540343536837,-15.165956039071403,-7.975772970756762,6.224634302127518,0.0,38.13975708506599,30.334206576036248,10.117263793945312,20.216942782090936,185.14122240145565,142.02999999999997,43.11122240145568,0.0,False,0.0,0.0,False,False,False,1284.4389224261513,59.391440589863265
283.9429999999993,9.7,False,True,NORMAL,22.32805922654271,10.253325923514206,-39.10582524712801,-167.97031719662033,33.38536576494577,0.0,191.69914798067683,195.64720520563628,30.91119743371416,4.022455562365959,-15.560486047318077,-10.705682440104697,8.355172393784555,0.0,41.84181073487532,31.171818611323687,13.58015251159668,17.591666099727007,187.4488291839494,142.02999999999997,45.41882918394944,0.0,False,0.0,0.0,False,False,False,1339.019380199405,60.86464913627721
284.0430000000051,9.8,False,True,NORMAL,25.451836087815824,10.65728564871054,-40.675181681151024,-167.97031719662033,33.38536576494577,0.0,194.75290756997165,198.95518443044546,31.564339791748186,4.056738941560743,-15.826642633142292,-14.231405453371528,11.106797407265697,0.0,46.33523073133188,31.823963884609242,18.05253028869629,13.771433595912953,185.83213230827036,142.02999999999997,43.80213230827038,0.0,False,0.0,0.0,False,False,False,1395.422538243864,62.36375980929671
284.14300000001094,9.9,False,True,NORMAL,28.645814482810003,11.067129051932868,-42.271913943866835,-167.97031719662033,33.38536576494577,0.0,197.87876825612486,202.34357324866747,32.31522810813542,4.140129122885857,-16.108002621173945,-15.447634296854662,12.055994407498726,0.0,48.414377495968644,32.57935906114473,19.59531593322754,12.98404312791719,185.2690285509512,142.02999999999997,43.23902855095121,0.0,False,0.0,0.0,False,False,False,1453.7167515472847,63.96321149337989
284.24400000000605,10.0,False,True,NORMAL,31.917374633370557,11.48436319861008,-43.89828794020813,-167.97031719662033,33.38536576494577,0.0,201.0839209348476,205.81983126660433,33.11597490307558,4.204553810658387,-16.419477305651974,-15.722942180907344,12.27085645347267,0.0,49.50055616113452,33.38182239674541,19.944543838500977,13.437278558244437,186.11335209739295,142.02999999999997,44.08335209739296,0.0,False,0.0,0.0,False,False,False,1513.960861872202,65.59921338703614
284.34300000000803,10.1,False,True,NORMAL,35.26370039008559,11.909470903193522,-45.55968194173052,-167.97031719662033,33.38536576494577,0.0,204.36555474087734,209.38234066696785,33.81054023122511,4.297600281010454,-16.808402724795776,-15.003327885689336,11.709238683917436,0.0,49.37333394000209,34.08257617761065,19.031713485717773,15.050862691892874,184.7501094218224,142.02999999999997,42.72010942182243,0.0,False,0.0,0.0,False,False,False,1576.1620999106015,67.06406547967399
284.4429999999993,10.2,False,True,NORMAL,38.67499656665222,12.339255391900823,-47.25711837190549,-167.97031719662033,33.38536576494577,0.0,207.7142856477516,213.02220470873934,34.41538330010752,4.298089493135561,-17.140325878703646,-13.995435429581148,10.922636309683693,0.0,48.861968754885574,34.682736065430625,17.753202438354492,16.929533627076133,181.89524075147622,142.02999999999997,39.865240751476264,0.0,False,0.0,0.0,False,False,False,1640.3275490143142,68.53253777975294
284.5430000000051,10.3,False,True,NORMAL,42.15282411063168,12.773319910012125,-48.98675714503997,-167.97031719662033,33.38536576494577,0.0,211.13169100623733,216.74015161649308,35.141167579481625,4.383200869090498,-17.452449583985874,-13.635515510031173,10.641739412860765,0.0,49.17656065564795,35.41347354762035,17.29664421081543,18.11682933680492,183.41106688992053,142.02999999999997,41.38106688992056,0.0,False,0.0,0.0,False,False,False,1706.533570616115,70.17896726453645
284.64300000001094,10.4,False,True,NORMAL,45.701342706560894,13.22000991052657,-50.74983240337397,-167.97031719662033,33.38536576494577,0.0,214.62110758850375,220.53971368324267,35.82920433910261,4.550599141198412,-17.809055582694242,-13.884758039460852,10.836258941428767,0.0,50.10975528279354,36.117029724453324,17.612808227539062,18.504221496914262,182.37452844636806,142.02999999999997,40.3445284463681,0.0,False,0.0,0.0,False,False,False,1774.8380382488924,71.76471093540309
284.7430000000022,10.5,False,True,NORMAL,49.323913250649554,13.67933178968068,-52.54576035580377,-167.97031719662033,33.38536576494577,0.0,218.18595362833403,224.42407912716294,36.62220654267061,4.6358384418837435,-18.109503465901735,-13.680837801294313,10.677110867123812,0.0,50.664516604689595,36.91445530023805,17.354135513305664,19.56031978693239,180.85296610485042,142.02999999999997,38.822966104850444,0.0,False,0.0,0.0,False,False,False,1845.3093351027437,73.5569242926872
284.84300000000803,10.6,False,True,NORMAL,53.027693802600446,14.151082665827177,-54.37713373489339,-167.97031719662033,33.38536576494577,0.0,221.83344768530455,228.40085635822655,37.453404496347275,4.799179081046198,-18.517964115890663,-13.681739976822078,10.67781496348629,0.0,51.471947312397404,37.75962960913358,17.35527992248535,20.40434968664823,182.070595773564,142.02999999999997,40.04059577356404,0.0,False,0.0,0.0,False,False,False,1918.00950609543,75.27696408153403
284.9429999999993,10.7,False,True,NORMAL,56.807766841896154,14.63741665072083,-56.2510767115336,-167.97031719662033,33.38536576494577,0.0,225.55857922060056,232.46689289277901,38.14805628956688,4.927500616826872,-18.960895416913598,-13.753990703963115,10.734202520675382,0.0,52.2258582420505,38.46497707006716,17.446929931640625,21.01804713842653,182.06490200314244,142.02999999999997,40.03490200314246,0.0,False,0.0,0.0,False,False,False,1992.921903597863,76.82593787575408
285.04400000000896,10.8,False,True,NORMAL,60.65771637785205,15.134515584871158,-58.16640619576615,-167.97031719662033,33.38536576494577,0.0,229.35533843454698,236.61614923364053,38.85093442955097,5.014478066179713,-19.345694267737354,-13.721566515495251,10.708897297407903,0.0,52.879998732960146,39.17320635747687,17.405799865722656,21.767406491754215,181.3017638930611,142.02999999999997,39.27176389306113,0.0,False,0.0,0.0,False,False,False,2070.0786201434807,78.48847242302477
285.14300000001094,10.9,False,True,NORMAL,64.58041753588779,15.641849233033447,-60.12079932048918,-167.97031719662033,33.38536576494577,0.0,233.2266635776184,240.85096452885992,39.6030887311637,5.132194897066065,-19.742168226723315,-13.79139941222188,10.763397876345552,0.0,53.690611945553286,39.934246725209384,17.494382858276367,22.439863866933017,181.33623875815636,142.02999999999997,39.30623875815638,0.0,False,0.0,0.0,False,False,False,2149.5598599389473,80.22074160734631
285.24400000000605,11.0,False,True,NORMAL,68.57712468606158,16.161437777180453,-62.10852991951893,-167.97031719662033,33.38536576494577,0.0,237.17368310284448,245.17101265307093,40.33105427231215,5.259575985874057,-20.012443753871548,-13.858823500289375,10.816018517995385,0.0,54.47400211681037,40.672559278552555,17.579910278320312,23.092649000232242,180.32383021260844,142.02999999999997,38.29383021260847,0.0,False,0.0,0.0,False,False,False,2231.4695535174606,82.14286913185789
285.34300000000803,11.1,False,True,NORMAL,72.64774570266185,16.696661660520174,-64.1300071771148,-167.97031719662033,33.38536576494577,0.0,241.19611323171853,249.57608631161918,41.081366059693025,5.444901680920336,-20.417101398045787,-13.831412400504124,10.794625723515413,0.0,55.17275401455515,41.44062730757568,17.54513931274414,23.89548799483154,180.24076525330702,142.02999999999997,38.210765253307045,0.0,False,0.0,0.0,False,False,False,2315.862089185289,83.92810490039918
285.44200000001,11.2,False,True,NORMAL,76.78864728741156,17.245881797191448,-66.18998549254022,-167.97031719662033,33.38536576494577,0.0,245.29050865869428,254.06406242824596,41.73666563530118,5.5395010525051465,-20.782464910462455,-13.787568173480638,10.760407813792893,0.0,55.769152830774914,42.102676046346936,17.48952293395996,24.613153112386975,179.35279194806884,142.02999999999997,-37.32279194806887,0.0,False,0.0,0.0,False,False,False,2402.739290924122,85.67736032735004
285.5430000000051,11.3,False,True,NORMAL,80.99977081113633,17.81129661820581,-68.28483973779541,-167.97031719662033,33.38536576494577,0.0,249.4567224036617,258.6338641601172,42.485804839194074,5.768795367782062,-21.114619994641455,-13.800819628357623,10.770749815863766,0.0,56.50843868177454,42.875664575950665,17.506332397460938,25.369332178489728,180.12358796589356,142.02999999999997,38.0935879658936,0.0,False,0.0,0.0,False,False,False,2492.1869018909892,87.63734769861877
285.64300000001094,11.4,False,True,NORMAL,85.28638897463348,18.394600633286863,-70.41349576960731,-167.97031719662033,33.38536576494577,0.0,253.69998474565455,263.2902251251304,43.24655843074878,5.897284933839004,-21.458500641596636,-13.813812459583314,10.780889976977393,0.0,57.26897523406216,43.64679582392106,17.52281379699707,26.12398202692399,181.82858963380608,142.02999999999997,39.79858963380612,0.0,False,0.0,0.0,False,False,False,2584.299269377223,89.6148225491242
285.7430000000022,11.5,False,True,NORMAL,89.64930769777052,18.994447061619113,-72.57976601477176,-167.97031719662033,33.38536576494577,0.0,258.02125817818273,268.0350576074172,44.011816031992026,6.0996436328059165,-21.866904261692675,-13.854884000484804,10.812943963879228,0.0,58.058334222224715,44.43248364520197,17.574913024902344,26.857570620299626,182.10315754279006,142.02999999999997,40.07315754279009,0.0,False,0.0,0.0,False,False,False,2679.110128478129,91.5408202312038
285.84300000000803,11.6,False,True,NORMAL,94.0915769430633,19.611068483945488,-74.78697832641662,-167.97031719662033,33.38536576494577,0.0,262.42364151437295,272.8722407150644,44.83356887386341,6.232784813721531,-22.27734197120442,-13.841474664890459,10.802478744944922,0.0,58.85272157597915,45.26473798114391,17.557903289794922,27.706834691348988,180.7709976829295,142.02999999999997,38.740997682929525,0.0,False,0.0,0.0,False,False,False,2776.667558189636,93.55741430385314
285.9429999999993,11.7,False,True,NORMAL,98.61258573669546,20.241149380916717,-77.03250691839982,-167.97031719662033,33.38536576494577,0.0,266.9067525573376,277.80068697329955,45.586606998779814,6.368833125703044,-22.633229868459676,-13.834756464460371,10.797235574032333,0.0,59.586149263691006,46.02934686745243,17.549381256103516,28.479965611348916,179.38579223252282,142.02999999999997,-37.355792232522845,0.0,False,0.0,0.0,False,False,False,2877.051894569744,95.60706505360992
286.04400000000896,11.8,False,True,NORMAL,103.21199089268565,20.887807766102863,-79.32117747936908,-167.97031719662033,33.38536576494577,0.0,271.4701331207131,282.8212905233467,46.40149612102402,6.564334578019906,-23.140181350925577,-13.82644141334614,10.790746152558155,0.0,60.37604669437528,46.863518121472644,17.538833618164062,29.324684503308582,181.28896694578333,142.02999999999997,39.258966945783364,0.0,False,0.0,0.0,False,False,False,2980.283872107124,97.53798168195253
286.14300000001094,11.9,False,True,NORMAL,107.8862100209327,21.54399486930396,-81.6475291589084,-167.97031719662033,33.38536576494577,0.0,276.1105605970491,287.92943699971266,47.082886443916884,6.559407486001972,-23.38685223986087,-13.620695773361758,10.63017345661312,0.0,60.83992134772524,47.537606402281035,17.27784538269043,30.259761019590606,180.6480738430839,142.02999999999997,38.618073843083934,0.0,False,0.0,0.0,False,False,False,3086.452834218028,99.71438535295226
286.2430000000022,12.0,False,True,NORMAL,112.63257535561048,22.20369786526344,-84.0008763149293,-167.97031719662033,33.38536576494577,0.0,280.8255917926598,293.1197028986172,47.844420249638844,6.634652433187639,-23.680090880557128,-13.633814909161336,10.640412191217495,0.0,61.60859931437969,48.302248000825536,17.29448699951172,31.007761001313817,179.7742069779713,142.02999999999997,-37.74420697797126,0.0,False,0.0,0.0,False,False,False,3195.7047991465615,101.97223441512106
286.34300000000803,12.1,False,True,NORMAL,117.45666742333252,22.868648131413114,-86.38280614240144,-167.97031719662033,33.38536576494577,0.0,285.620666092323,298.3976442535329,48.63742110480203,6.664352889805845,-23.958505668885472,-13.872536568311398,10.826720782705058,0.0,62.64838477383332,49.09187642742641,17.597305297851562,31.49457112957485,180.38560266336006,142.02999999999997,38.35560266336009,0.0,False,0.0,0.0,False,False,False,3308.129144327976,104.33161050859377
286.4429999999993,12.2,False,True,NORMAL,122.36002755130274,23.54295705243949,-88.79405011464067,-167.97031719662033,33.38536576494577,0.0,290.49712922972554,303.7646546694878,49.42978145460241,6.821825530721707,-24.266373775899442,-13.860602289704952,10.817406761323404,0.0,63.416380721955605,49.89830255851759,17.58216667175293,32.31613588676466,180.38233155210057,142.02999999999997,38.352331552100594,0.0,False,0.0,0.0,False,False,False,3423.8035654108767,106.70021969268741
286.5430000000051,12.3,False,True,NORMAL,127.33989796819583,24.22771618438796,-91.24303076705516,-167.97031719662033,33.38536576494577,0.0,295.4521716395571,309.22043333209416,50.16762688325941,6.873357108247623,-24.713239272390474,-13.740113740720215,10.723372345126524,0.0,64.02360446730609,50.636289605730695,17.4293270111084,33.2069625946223,179.6349306797104,142.02999999999997,-37.604930679710435,0.0,False,0.0,0.0,False,False,False,3542.701416420439,108.76531977904028
286.64300000001094,12.4,False,True,NORMAL,132.39376337669998,24.916996388930478,-93.73220229234747,-167.97031719662033,33.38536576494577,0.0,300.4834341166659,314.7634348604015,50.90968128682366,6.912246982602815,-25.070191233455866,-13.57371197550165,10.593505291549176,0.0,64.58838648983954,51.37679249500172,17.218246459960938,34.158546035040786,180.7328282917432,142.02999999999997,38.702828291743245,0.0,False,0.0,0.0,False,False,False,3664.8473788660085,111.02365156487485
286.7420000000129,12.5,False,True,NORMAL,137.51994890656107,25.607931573081284,-96.26255509749052,-167.97031719662033,33.38536576494577,0.0,305.5892523738382,320.3923698846444,51.61402931039806,6.906456700413303,-25.536864869405107,-13.615908228561086,10.626437051916232,0.0,65.33592430778093,52.0740546319308,17.271772384643555,34.802282247287245,180.68267022709819,142.02999999999997,38.652670227098206,0.0,False,0.0,0.0,False,False,False,3790.2852711963224,113.05331853238032
286.84300000000803,12.6,False,True,NORMAL,142.7198285955209,26.300542047499963,-98.83552300592137,-167.97031719662033,33.38536576494577,0.0,310.77091469352354,326.1089112969826,52.383564468798475,6.945752787960293,-25.922493299212096,-13.743414199525953,10.725948164319258,0.0,66.23493930611305,52.84204110600029,17.433513641357422,35.408527464642866,179.48606800010003,142.02999999999997,-37.45606800010006,0.0,False,0.0,0.0,False,False,False,3919.0773407253364,115.37136694951171
286.94400000000314,12.7,False,True,NORMAL,147.99991019430843,26.990241814959628,-101.44489982326779,-167.97031719662033,33.38536576494577,0.0,316.0349382707724,331.9173841605223,53.21806750695173,6.84824256123296,-26.265043047716087,-13.730869448812385,10.716157704398995,0.0,67.06057654883091,53.65688339208637,17.417600631713867,36.239282760372504,179.14633633008808,142.02999999999997,-37.11633633008813,0.0,False,0.0,0.0,False,False,False,4051.4038008445355,117.88713037098276
287.0430000000051,12.8,False,True,NORMAL,153.36870537097005,27.682633700516224,-104.09251488858284,-167.97031719662033,33.38536576494577,0.0,321.38962114183624,337.8261982640229,54.15783602628061,6.999595149898972,-26.687258258584713,-13.708546619003727,10.698736013403401,0.0,67.96712099599482,54.60829181829429,17.389284133911133,37.21900768438316,181.0633092781098,142.02999999999997,39.03330927810983,0.0,False,0.0,0.0,False,False,False,4187.387528577892,120.51466311223245
287.14400000000023,12.9,False,True,NORMAL,158.82447956793743,28.389356734666112,-106.77228027196055,-167.97031719662033,33.38536576494577,0.0,326.8329837984827,343.831527252946,54.957647913066964,7.134865533098822,-26.908049408969397,-13.754632752213707,10.734703602586679,0.0,68.80651385116701,55.418853924562846,17.447744369506836,37.97110955505601,182.77513731464856,142.02999999999997,40.74513731464858,0.0,False,0.0,0.0,False,False,False,4327.171896190946,123.3268612965998
287.2430000000022,13.0,False,True,NORMAL,164.35584592213135,29.10484134815666,-109.48628844764919,-167.97031719662033,33.38536576494577,0.0,332.3537296052413,349.92320434711917,55.66967917081121,7.174826736712208,-27.372114104803256,-13.730209357051237,10.715642540560449,0.0,69.49015688740754,56.130128431020815,17.416763305664062,38.71336512535675,179.9562293249892,142.02999999999997,-37.92622932498921,0.0,False,0.0,0.0,False,False,False,4470.725332946115,125.5507721817258
287.34300000000803,13.1,False,True,NORMAL,169.963965205434,29.83049605633471,-112.23571427337373,-167.97031719662033,33.38536576494577,0.0,337.9529794531136,356.1026142556258,56.49270649524155,7.33826742684878,-27.61640240968764,-13.719598269218844,10.707361193843763,0.0,70.29309022335177,56.96732445872332,17.403303146362305,39.564021312361014,180.0467733580523,142.02999999999997,38.01677335805233,0.0,False,0.0,0.0,False,False,False,4618.124126043994,128.4502423487933
287.44200000001,13.2,False,True,NORMAL,175.6528576612179,30.57151363432425,-115.01429069507303,-167.97031719662033,33.38536576494577,0.0,343.6346956626956,362.3714822213307,57.285142620437,7.482084132942001,-27.955126024298455,-13.77556322445785,10.75103863819618,0.0,71.13585578828791,57.771698503819586,17.474294662475586,40.297403841344,181.7253838413246,142.02999999999997,39.695383841324634,0.0,False,0.0,0.0,False,False,False,4769.560487287123,131.1545201451736
287.5430000000051,13.3,False,True,NORMAL,181.41604452439975,31.32565397827905,-117.8352666644932,-167.97031719662033,33.38536576494577,0.0,349.3924329021675,368.72784304848454,57.97859464320033,7.600722746153949,-28.46439336410481,-13.750169990603032,10.731220672580285,0.0,71.79704515618258,58.47468189793289,17.44208335876465,41.03259853916824,181.1150037587221,142.02999999999997,39.08500375872213,0.0,False,0.0,0.0,False,False,False,4924.9074855274,133.379444258838
287.64300000001094,13.4,False,True,NORMAL,187.25505072040423,32.08889571270284,-120.7013909925828,-167.97031719662033,33.38536576494577,0.0,355.2277337798695,375.1740511201783,58.80152927688907,7.6641119423218305,-28.858093197687147,-13.767616561684122,10.744836722736682,0.0,72.63450827886678,59.29889085948642,17.464214324951172,41.83467653453525,178.16448498605195,142.02999999999997,-36.13448498605203,0.0,False,0.0,0.0,False,False,False,5084.218417803111,136.09019507468486
287.7430000000022,13.5,False,True,NORMAL,193.1675246445351,32.85492918137886,-123.60359424656689,-167.97031719662033,33.38536576494577,0.0,361.1382313916052,381.70495239559904,59.44794920572856,7.65655743119839,-29.185971881994487,-13.785860054481404,10.759074724679936,0.0,73.29949817234198,59.93898177700488,17.487356185913086,42.45162559109179,179.34198750118236,142.02999999999997,-37.31198750118233,0.0,False,0.0,0.0,False,False,False,5247.658596948949,138.6346526519562
287.84300000000803,13.6,False,True,NORMAL,199.1399088651756,33.63073694331244,-126.53411721107533,-167.97031719662033,33.38536576494577,0.0,367.1103080630645,388.30511341539693,59.99973520708177,7.859597807473355,-29.42448740817424,-13.771332021232633,10.747736426256155,0.0,73.82758092126403,60.51232521243228,17.46892738342285,43.04339782900943,180.76661691258118,142.02999999999997,38.73661691258122,0.0,False,0.0,0.0,False,False,False,5415.293816180817,141.26159783968802
287.9429999999993,13.7,False,True,NORMAL,205.1837444236096,34.42093075183774,-129.50559554209167,-167.97031719662033,33.38536576494577,0.0,373.15549855055923,394.9895256525523,60.876975961597786,7.944278363032634,-30.00507921215253,-13.720413234445592,10.707997227557868,0.0,74.64856741309978,61.39314099260848,17.40433692932129,43.98880406328719,181.91342935014328,142.02999999999997,39.8834293501433,0.0,False,0.0,0.0,False,False,False,5587.1537575596285,143.82046899306155
288.0430000000051,13.8,False,True,NORMAL,211.3169041975145,35.21925132180516,-132.5303054640948,-167.97031719662033,33.38536576494577,0.0,379.2916548635352,401.77909516987734,61.78621951650039,8.022133036315871,-30.48911922791011,-13.694435090123607,10.6877227728003,0.0,75.5277074224269,62.304827586580515,17.371383666992188,44.93344391958833,183.61057680009353,142.02999999999997,41.58057680009357,0.0,False,0.0,0.0,False,False,False,5763.3273289506615,146.68973048948342
288.14300000001094,13.9,False,True,NORMAL,217.54160034697568,36.03296060725254,-135.59710773749893,-167.97031719662033,33.38536576494577,0.0,385.52100893023896,408.6722696163324,62.70770347272338,8.25205267263174,-30.84692624017253,-13.738031218876957,10.721747056023137,0.0,76.48561788261831,63.24833948915096,17.426685333251953,45.821654155899004,184.86852469952728,142.02999999999997,42.838524699527326,0.0,False,0.0,0.0,False,False,False,5944.0742223178095,149.91679597644932
288.2430000000022,14.0,False,True,NORMAL,223.84884829112926,36.861671478728084,-138.70954383165264,-167.97031719662033,33.38536576494577,0.0,391.83458645828114,415.66173831003175,63.43725541034824,8.322164756879204,-31.40179564290143,-13.744681756142462,10.726937419708541,0.0,77.21939106423989,63.98080806178052,17.435121536254883,46.54568652552564,183.91030015063373,142.02999999999997,41.88030015063375,0.0,False,0.0,0.0,False,False,False,6129.347482781581,152.3477773683819
288.34300000000803,14.1,False,True,NORMAL,230.23250611646213,37.69827502180989,-141.86940696253959,-167.97031719662033,33.38536576494577,0.0,398.22617905000664,422.74225990864767,64.23590109630935,8.40990610475691,-31.795466974837392,-13.675696904411934,10.67309869135162,0.0,77.94446191815051,64.78408377329778,17.347614288330078,47.4364694849677,181.9175894872612,142.02999999999997,39.887589487261224,0.0,False,0.0,0.0,False,False,False,6319.144972838032,155.3086194862109
288.4429999999993,14.2,False,True,NORMAL,236.6936964649765,38.54392655459002,-145.06418651431503,-167.97031719662033,33.38536576494577,0.0,404.69689238012876,429.91068015483575,64.9879058739781,8.503124550845714,-32.100124060671384,-13.69967522631404,10.691812399172363,0.0,78.71801429096433,65.54182662248765,17.37803077697754,48.16379584551011,181.2752574857911,142.02999999999997,39.24525748579113,0.0,False,0.0,0.0,False,False,False,6513.742313392013,158.4123427989768
288.5430000000051,14.3,False,True,NORMAL,243.2377147383654,39.400779759052625,-148.29481205672343,-272.8430755904019,152.4543243879702,0.0,528.3185460491877,548.7365828723894,65.89245959379969,8.633939538406342,-32.51238678749691,-11.07678101173911,13.389528154152629,0.0,77.11601404686019,66.45570813160732,17.37741470336914,49.07829342823818,184.84660503796485,129.60000000000002,55.24660503796481,0.0,False,0.0,0.0,False,False,False,6713.280749814101,161.65824164581375
288.64300000001094,14.4,False,True,NORMAL,249.86476987175914,40.284156042004035,-151.56411749973307,-272.8430755904019,152.4543243879702,0.0,534.607929584342,555.677352505867,66.64864307407458,9.033586120621854,-32.87372207269581,-11.016751391580263,13.31696480850662,0.0,77.78342259433944,67.25806495740181,17.283239364624023,49.97482559277779,187.42968754287185,129.60000000000002,57.8296875428718,0.0,False,0.0,0.0,False,False,False,6917.834628369939,164.8097918479324
288.7430000000022,14.5,False,True,NORMAL,256.56854447021556,41.19589383529687,-154.8700243270564,-272.8430755904019,152.4543243879702,0.0,540.976064003068,562.7075850380147,67.426848895054,9.20116974523484,-33.24441447377094,-11.028989531459127,13.331758178375434,0.0,78.56449798739331,68.05175586711242,17.302438735961914,50.749317131150505,184.46275688796842,129.60000000000002,54.8627568879684,0.0,False,0.0,0.0,False,False,False,7127.467668503686,167.97943126584607
288.8440000000119,14.6,False,True,NORMAL,263.3523720323577,42.1248923931431,-158.21255452519765,-272.8430755904019,152.4543243879702,0.0,547.4286634947724,569.8327421490111,68.24970234778829,9.378801411689736,-33.60618948905385,-10.991285458945383,13.286181783941531,0.0,79.33726595970127,68.89110092371591,17.243288040161133,51.64781288355478,183.55166527031173,129.60000000000002,53.9516652703117,0.0,False,0.0,0.0,False,False,False,7342.307734143118,171.3197357500887
288.9429999999993,14.7,False,True,NORMAL,270.213798247688,43.06324759393694,-161.59409366899885,-272.8430755904019,152.4543243879702,0.0,553.9649590948484,577.0527073098801,68.9788219588159,9.388302604187107,-34.02459338697024,-10.998811197654916,13.295278839324798,0.0,80.07300586722688,69.61478366420317,17.255094528198242,52.35968913600493,184.32572360686527,129.60000000000002,54.725723606865245,0.0,False,0.0,0.0,False,False,False,7562.383876725404,174.31767161763833
289.04400000000896,14.8,False,True,NORMAL,277.1512926239067,44.008294502581364,-165.0130937619612,-272.8430755904019,152.4543243879702,0.0,560.5839334705903,584.3660390356827,69.77106556555825,9.512635568701294,-34.355408472276935,-11.010458463702951,13.309357965426848,0.0,80.87069756993506,70.41655931395931,17.273366928100586,53.143192385858725,185.51532451614412,129.60000000000002,55.915324516144096,0.0,False,0.0,0.0,False,False,False,7787.800040673275,177.74094396619589
289.14300000001094,14.9,False,True,NORMAL,284.1700422690999,44.96706058543374,-168.46498196094586,-272.8430755904019,152.4543243879702,0.0,567.2892783645036,591.7749365209895,70.6039273383052,9.66268608834629,-34.682355507416716,-10.98002846141524,13.272574411438516,0.0,81.66378106379803,71.2620660522455,17.225627899169922,54.03643815307558,185.77913866602864,129.60000000000002,56.1791386660286,0.0,False,0.0,0.0,False,False,False,8018.801940624084,181.32681266546706
289.24400000000605,15.0,False,True,NORMAL,291.272723278753,45.93665471609126,-171.95388123364185,-272.8430755904019,152.4543243879702,0.0,574.0841824036893,599.2835603930962,71.44969285475702,9.729196524803989,-35.09562994650298,-10.99392737012726,13.289375305968646,0.0,82.52045436580438,72.10905542341665,17.247432708740234,54.861622714676415,185.5352685742065,129.60000000000002,55.935268574206475,0.0,False,0.0,0.0,False,False,False,8255.465332440328,184.76836375433615
289.3440000000119,15.1,False,True,NORMAL,298.45414598772425,46.91573958043521,-175.48561241084258,-272.8430755904019,152.4543243879702,0.0,580.9637753475373,606.8888765081069,72.17876132466765,9.85250076207487,-35.538993597511364,-10.961156972521962,13.24976270002348,0.0,83.20929877807166,72.84809783124075,17.196022033691406,55.652075797549344,185.7164931854846,129.60000000000002,56.11649318548458,0.0,False,0.0,0.0,False,False,False,8497.738632440343,187.91507275314083
289.4429999999993,15.2,False,True,NORMAL,305.7060421216697,47.905295469086866,-179.0576257673986,-272.8430755904019,152.4543243879702,0.0,587.9197062978055,614.5821461763722,72.85916135424199,9.938617010958325,-35.901273533609334,-10.969718564120111,13.260111886454654,0.0,83.89465678203304,73.5338935548362,17.209453582763672,56.324439972072526,188.09692648109322,129.60000000000002,58.496926481093205,0.0,False,0.0,0.0,False,False,False,8745.660813863527,191.16942674892658
289.5420000000013,15.3,False,True,NORMAL,313.03069532681747,48.90600584693829,-182.6712221658209,-272.8430755904019,152.4543243879702,0.0,594.9540568156818,622.3657326114543,73.63390274871293,10.07559054607021,-36.37065443483636,-10.963083999315922,13.252092075271053,0.0,84.65660239350021,74.32004547131933,17.199045181274414,57.12100029004492,190.32794227165496,129.60000000000002,60.72794227165493,0.0,False,0.0,0.0,False,False,False,8999.342037462582,194.4531446479918
289.64400000000023,15.4,False,True,NORMAL,320.43293403107805,49.917328597741324,-186.32306186589054,-272.8430755904019,152.4543243879702,0.0,602.0716395065223,630.2432407262709,74.41087133649926,10.150864469990383,-36.666139566556645,-10.962984304554341,13.25197156500588,0.0,85.43015914906289,75.10005208084186,17.198888778686523,57.90116330215534,190.2703192707036,129.60000000000002,60.67031927070355,0.0,False,0.0,0.0,False,False,False,9259.00925990051,198.20786052836405
289.7430000000022,15.5,False,True,NORMAL,327.91330547665285,50.93698532693356,-190.00797558201143,-272.8430755904019,152.4543243879702,0.0,609.2733372820591,638.2139377258945,75.19655757499618,10.242270113854342,-37.032134755861186,-10.950075048719473,13.23636695530321,0.0,86.19864806539255,75.89088461873975,17.17863655090332,58.71224806783643,189.39240950250203,129.60000000000002,59.792409502502,0.0,False,0.0,0.0,False,False,False,9524.87024158891,201.86387901894602
289.84300000000803,15.6,False,True,NORMAL,335.4721331654074,51.968867876892276,-193.732280321212,-272.8430755904019,152.4543243879702,0.0,616.5587726842134,646.2792868507548,75.97999620009453,10.395380885319959,-37.453960028149766,-10.948582058875319,13.234562240600358,0.0,86.97493126696921,76.6878332352483,17.176294326782227,59.51153890846608,189.71607732627018,129.60000000000002,60.11607732627014,0.0,False,0.0,0.0,False,False,False,9796.939552835242,205.4386057693456
289.9429999999993,15.7,False,True,NORMAL,343.1098459739731,53.0190344443943,-197.49818762397365,-272.8430755904019,152.4543243879702,0.0,623.9273823690157,654.4393880143572,76.77425997121954,10.607950464720561,-37.864186027083775,-10.939425946077016,13.22349440149028,0.0,87.7526738469166,77.50364899274335,17.161930084228516,60.341718908514835,190.98713202283335,129.60000000000002,61.38713202283331,0.0,False,0.0,0.0,False,False,False,10075.305579641978,209.13991288626937
290.04400000000896,15.8,False,True,NORMAL,350.82275402709956,54.08386727586461,-201.30162259361626,-272.8430755904019,152.4543243879702,0.0,631.376127094564,662.690091312488,77.48390109130992,10.688706164685577,-38.204513365768584,-10.9258723216612,13.207110883976119,0.0,88.44563526405948,78.21766659651057,17.140666961669922,61.07699963484065,191.36816804965883,129.60000000000002,61.7681680496588,0.0,False,0.0,0.0,False,False,False,10360.099379918625,212.80470749666057
290.14300000001094,15.9,False,True,NORMAL,358.60986744384354,55.15599779093284,-205.13888104016823,-272.8430755904019,152.4543243879702,0.0,638.9051444660574,671.03036007293,78.25836724356967,10.753904136678822,-38.54065556527059,-10.980432103620663,13.273062331048733,0.0,89.27434943440561,78.99378771656855,17.226261138916016,61.76752657765253,190.88125246998382,129.60000000000002,61.28125246998379,0.0,False,0.0,0.0,False,False,False,10651.482831807745,216.70346357253067
290.2430000000022,16.0,False,True,NORMAL,366.4717691825323,56.23678681512313,-209.01286755231575,-272.8430755904019,152.4543243879702,0.0,646.5147216294639,679.4613043331202,78.97966753020526,10.861876347127088,-38.9390746776801,-10.971148332895945,13.261840180013737,0.0,89.98282669952475,79.7230721997217,17.21169662475586,62.51137557496584,190.62629165213536,129.60000000000002,61.02629165213534,0.0,False,0.0,0.0,False,False,False,10949.53121242236,220.35164351051225
290.34300000000803,16.1,False,True,NORMAL,374.40754102340276,57.332371007300374,-212.92945562934784,-272.8430755904019,152.4543243879702,0.0,654.2029858705206,687.9829211517645,79.73576928720422,11.04980749641783,-39.39268686296187,-10.93263576018158,13.215286476722017,0.0,90.69426097086273,80.49777108423656,17.151277542114258,63.3464935421223,189.75282748907551,129.60000000000002,60.15282748907548,0.0,False,0.0,0.0,False,False,False,11254.246273765742,224.02478753746138
290.4520000000048,16.2,False,True,NORMAL,382.42343365132734,58.444277489996615,-216.88936500921267,-272.8430755904019,152.4543243879702,0.0,661.9758961258335,696.6010936724833,80.58208327128692,11.18832215750695,-39.805500734334665,-10.982885567387358,13.27602805928192,0.0,91.58876587420369,81.35509017290055,17.23011016845703,64.12498000444351,190.41447435651878,129.60000000000002,60.814474356518744,0.0,False,0.0,0.0,False,False,False,11565.834644668685,228.099833839256
290.5430000000051,16.3,False,True,NORMAL,390.52627424620283,59.56879345716275,-220.88816731900246,-272.8430755904019,152.4543243879702,0.0,669.8407393992527,705.321344225797,81.47472862622317,11.301997185815681,-40.17054546146079,-10.97418172838549,13.265506925277267,0.0,92.46975936083876,82.25488766696417,17.216455459594727,65.03843220736944,190.9401433389705,129.60000000000002,61.34014333897047,0.0,False,0.0,0.0,False,False,False,11884.614297678412,232.49250140862816
290.64300000001094,16.4,False,True,NORMAL,398.7210783226976,60.70486430784057,-224.91898379195405,-272.8430755904019,152.4543243879702,0.0,677.8026086155264,714.1462913969502,82.42135290367281,11.419419827740937,-40.44578399757104,-10.968692437549699,13.258871512505788,0.0,93.40815891203604,83.20866880123715,17.207843780517578,66.00082502071957,189.88840196628473,129.60000000000002,60.2884019662847,0.0,False,0.0,0.0,False,False,False,12210.944137847117,237.36777325387058
290.7430000000022,16.5,False,True,NORMAL,407.00059802005387,61.85726700965828,-228.98981772529368,-272.8430755904019,152.4543243879702,0.0,685.853663221076,723.0709397947288,83.1690410434523,11.628634208613262,-40.97089466922142,-11.024410867165088,13.326223524001707,0.0,94.2087479606937,83.97805976351908,17.295255661010742,66.68280410250834,188.4973116043146,129.60000000000002,58.89731160431458,0.0,False,0.0,0.0,False,False,False,12544.689517063358,241.03253560942173
290.84300000000803,16.6,False,True,NORMAL,415.356859412048,63.02663684388251,-233.107276086199,-272.8430755904019,152.4543243879702,0.0,693.9859233708269,732.0897923077378,83.95618679643064,11.758762475871263,-41.37827254888488,-11.031220505696929,13.334454962968051,0.0,95.00047553983175,84.77564388644366,17.305938720703125,67.46970516574054,188.83913290868105,129.60000000000002,59.23913290868102,0.0,False,0.0,0.0,False,False,False,12885.708993062399,245.1742295603946
290.94200000001,16.7,False,True,NORMAL,423.7974451177029,64.20503998863887,-237.26172993768793,-272.8430755904019,152.4543243879702,0.0,702.2079117251908,741.2078519433518,84.85552731666832,11.809300419256228,-41.71080448089369,-11.021585371727129,13.322808086730186,0.0,95.88905799371886,85.67333361427048,17.290822982788086,68.38251063148239,189.97339252074983,129.60000000000002,60.37339252074979,0.0,False,0.0,0.0,False,False,False,13234.453959809194,249.9070281886416
291.0430000000051,16.8,False,True,NORMAL,432.31294504673787,65.40773633730086,-241.46451491180378,-272.8430755904019,152.4543243879702,0.0,710.5083545828784,750.4180394244677,85.45447126403103,12.244626553983688,-42.344895001423474,-11.023837014391113,13.325529855158264,0.0,96.48436308652686,86.32726995834878,17.294355392456055,69.03291456589272,191.828150702941,129.60000000000002,62.228150702940965,0.0,False,0.0,0.0,False,False,False,13590.673827271607,253.02139983390373
291.14300000001094,16.9,False,True,NORMAL,440.8926127321979,66.63299384367598,-245.7102277095356,-272.8430755904019,152.4543243879702,0.0,718.8768556308711,759.7087926059564,86.13888244517035,12.260523573518492,-42.569360953212666,-11.030009579080662,13.3329912041374,0.0,97.17481033703787,87.00705435307921,17.304039001464844,69.70301535161437,187.457370300948,129.60000000000002,57.85737030094797,0.0,False,0.0,0.0,False,False,False,13954.407507457965,257.48608370388683
291.24400000000605,17.0,False,True,NORMAL,449.54512312461867,67.84397454633073,-249.99403449703655,-272.8430755904019,152.4543243879702,0.0,727.3263510578016,769.0907867262239,86.91132540324479,11.959090479576517,-43.106774796806675,-11.093713315940674,13.409995793946289,0.0,98.01577801854306,87.73025891018105,17.40397834777832,70.32628056240273,184.9353766370537,129.60000000000002,55.335376637053685,0.0,False,0.0,0.0,False,False,False,14325.973757609092,261.2205272647095
291.34300000000803,17.1,False,True,NORMAL,458.273994589264,69.04919456475835,-254.31978168208443,-272.8430755904019,152.4543243879702,0.0,735.8590802517323,778.5673621105295,87.66610388966276,12.145309888975977,-43.408168904150685,-11.110094867373997,13.429797688006731,0.0,98.78455015737781,88.50341419116215,17.429677963256836,71.07373622790531,187.3502345176546,129.60000000000002,57.75023451765457,0.0,False,0.0,0.0,False,False,False,14705.502574614717,265.8631190298909
291.4429999999993,17.2,False,True,NORMAL,467.0808086170739,70.28212194179898,-258.67934332900757,-272.8430755904019,152.4543243879702,0.0,744.4727162734256,788.1336358389096,88.47017666653413,12.5132376518366,-43.78306403431152,-11.080475796866455,13.393994382150973,0.0,99.55454855659163,89.35073181535282,17.383211135864258,71.96752067948856,187.99564711524718,129.60000000000002,58.39564711524714,0.0,False,0.0,0.0,False,False,False,15093.416624977319,270.5815451740767
291.5420000000013,17.3,False,True,NORMAL,475.969073453748,71.54935174758296,-263.0743552578025,-272.8430755904019,152.4543243879702,0.0,753.1701329407983,797.792808659221,89.29512006694843,12.83135846384315,-44.11717454158684,-11.085861745571341,13.400504875745137,0.0,100.38259529063593,90.21231749488744,17.391660690307617,72.82065680457983,188.3819489866847,129.60000000000002,58.781948986684675,0.0,False,0.0,0.0,False,False,False,15489.914646795301,275.5503916961743
291.64300000001094,17.4,False,True,NORMAL,484.93859508917774,72.83791976421374,-267.5028522981005,-272.8430755904019,152.4543243879702,0.0,761.9526443967161,807.5454218127721,90.0953126416456,12.94000186877258,-44.45276626437244,-11.112996957567802,13.433305712433201,0.0,101.20951180898169,91.01982755619626,17.43423080444336,73.5855967517529,188.23186847166582,129.60000000000002,58.631868471665776,0.0,False,0.0,0.0,False,False,False,15895.167679438244,280.4019902179045
291.7430000000022,17.5,False,True,NORMAL,493.98497405349474,74.13437850071894,-271.96731985473406,-272.8430755904019,152.4543243879702,0.0,770.8172751336365,817.3894388315839,90.83226664469538,12.989172861331609,-44.8365848682984,-11.140547969667441,13.466609165105288,0.0,101.97393228565508,91.75630373677112,17.477453231811523,74.27885050495959,187.94668472071686,129.60000000000002,58.34668472071682,0.0,False,0.0,0.0,False,False,False,16309.148939810942,284.91558298604843
291.84300000000803,17.6,False,True,NORMAL,503.1053562614993,75.44412472954261,-276.47213318696924,-272.8430755904019,152.4543243879702,0.0,779.760565651313,827.3230204544104,91.57537751539623,13.205751715141892,-45.25968177640577,-11.16867891348993,13.500613634807715,0.0,102.7444795354661,92.52265476870684,17.52158546447754,75.0010693042293,187.59650692472025,129.60000000000002,57.99650692472022,0.0,False,0.0,0.0,False,False,False,16731.852032045957,289.45857966320443
291.9429999999993,17.7,False,True,NORMAL,512.3029338454,76.77397231568177,-281.0186279968082,-272.8430755904019,152.4543243879702,0.0,788.784997209474,837.3489362887842,92.37617416261931,13.391200007641359,-45.6702144203748,-11.16426559660534,13.495278851117689,0.0,103.54049206923487,93.34174730830374,17.51466178894043,75.82708551936331,187.06287588864527,129.60000000000002,57.46287588864523,0.0,False,0.0,0.0,False,False,False,17163.47451893232,294.2893539223991
292.0430000000051,17.8,False,True,NORMAL,521.5833617747963,78.11860472135706,-285.6023178690128,-272.8430755904019,152.4543243879702,0.0,797.8967123651498,847.4714435161029,93.23238442530484,13.501448105864267,-46.00358302371645,-11.17876267388684,13.512802807238863,0.0,104.41114771660297,94.2049181655776,17.537405014038086,76.66751315153951,186.8582126527403,129.60000000000002,57.258212652740255,0.0,False,0.0,0.0,False,False,False,17604.393487752597,299.602992661827
292.1420000000071,17.9,False,True,NORMAL,530.9466453679992,79.47745240749808,-290.2232618838691,-272.8430755904019,152.4543243879702,0.0,807.0957436156124,857.6905508987209,94.03328743875154,13.67550561695611,-46.41529727340939,-11.187282928632627,13.523102025999112,0.0,105.22068073953989,95.02251628123867,17.550771713256836,77.47174456798183,187.18095133028902,129.60000000000002,57.580951330289004,0.0,False,0.0,0.0,False,False,False,18054.768922607516,304.55545620702884
292.2430000000022,18.0,False,True,NORMAL,540.3850896430225,80.85364187527381,-294.88253541165653,-272.8430755904019,152.4543243879702,0.0,816.3741216288067,867.9990876469932,94.73559806171585,13.848283738558498,-46.77017328233965,-11.194587393603044,13.531931607379187,0.0,105.9306578345908,95.74240702329665,17.562231063842773,78.18017595945388,187.56695167223853,129.60000000000002,57.96695167223849,0.0,False,0.0,0.0,False,False,False,18514.565101595377,309.39126061943597
292.34300000000803,18.1,False,True,NORMAL,549.895739147171,82.2474678974952,-299.5778244494392,-272.8430755904019,152.4543243879702,0.0,825.7288658961005,878.3934385432984,95.47739202125196,14.028236705869112,-47.1356074733142,-11.2357066195958,13.581636213213995,0.0,106.71403316120774,96.50245495455398,17.626739501953125,78.87571545260086,187.38043383208017,129.60000000000002,57.78043383208013,0.0,False,0.0,0.0,False,False,False,18983.929734979425,314.40460009540703
292.4429999999993,18.2,False,True,NORMAL,559.4856554730897,83.65891733261276,-304.31247207577843,-272.8430755904019,152.4543243879702,0.0,835.1670040091827,888.881322363422,96.32093449712245,14.200751996481962,-47.557345053469824,-11.239980120656224,13.5868019886053,0.0,107.56266679487473,97.36212702927428,17.63344383239746,79.72868319687682,186.51916983525214,129.60000000000002,56.91916983525213,0.0,False,0.0,0.0,False,False,False,19463.102566065394,319.672381925831
292.5420000000013,18.3,False,True,NORMAL,569.1554826663811,85.0932608494609,-309.0906407161097,-272.8430755904019,152.4543243879702,0.0,844.6887503616585,899.4643456890526,97.07560936870794,14.486118340480898,-48.006027753155614,-11.209458934135359,13.549908211813454,0.0,108.28911536602587,98.1505046287608,17.585561752319336,80.56494287644146,185.24680618644723,129.60000000000002,55.64680618644721,0.0,False,0.0,0.0,False,False,False,19952.164586986095,324.62866985328844
292.64300000001094,18.4,False,True,NORMAL,578.899748760641,86.55227459553358,-313.90764034354686,-272.8430755904019,152.4543243879702,0.0,854.2885455162889,910.1356633306872,97.80971251649085,14.694156580972486,-48.33396479558743,-11.178390642215579,13.512353098200531,0.0,108.99451036453499,98.90732076133052,17.536821365356445,81.37049939597408,185.34705614411237,129.60000000000002,55.747056144112335,0.0,False,0.0,0.0,False,False,False,20451.274138107918,329.94423380622106
292.7430000000022,18.5,False,True,NORMAL,588.718527884411,88.0347511441624,-318.7640956339003,-272.8430755904019,152.4543243879702,0.0,863.9665954184832,920.8956654606989,98.56586995890645,14.955374391603998,-48.79514101148142,-11.173295267267006,13.506193847940228,0.0,109.7487335179114,99.69400154447159,17.528827667236328,82.16517387723526,185.83253118282215,129.60000000000002,56.23253118282212,0.0,False,0.0,0.0,False,False,False,20960.575703947296,334.97172621187997
292.84300000000803,18.6,False,True,NORMAL,598.6143863193485,89.54428817790465,-323.66462877174354,-272.8430755904019,152.4543243879702,0.0,873.7252317371497,931.7481271739086,99.35129873984376,15.235366283241028,-49.215521745383484,-11.134631936620496,13.459457909613368,0.0,110.50020238893676,100.51267057977415,17.468172073364258,83.0444985064099,186.58276119300064,129.60000000000002,56.982761193000606,0.0,False,0.0,0.0,False,False,False,21480.18229691781,340.33671482182183
292.9429999999993,18.7,False,True,NORMAL,608.5894522902845,91.08246967821229,-328.6041418423965,-272.8430755904019,152.4543243879702,0.0,883.5665259371548,942.6932097944858,100.15002067887792,15.528263722911793,-49.57473966767527,-11.11891785377385,13.440462846474642,0.0,111.28852409248086,101.34670007567081,17.443519592285156,83.90318048338565,187.01128646157335,129.60000000000002,57.411286461573326,0.0,False,0.0,0.0,False,False,False,22010.467726210914,346.05280777310804
293.0430000000051,18.8,False,True,NORMAL,618.6480332458175,92.64926297355332,-333.58074573455065,-272.8430755904019,152.4543243879702,0.0,893.4948474976305,953.7343217215332,101.02159843178374,15.807602183908854,-49.95733817540841,-11.029017494623961,13.33179198003518,0.0,112.0779646748322,102.25088574930436,17.30248260498047,84.94840314432389,185.42761841268347,129.60000000000002,55.82761841268344,0.0,False,0.0,0.0,False,False,False,22551.78164994292,352.05148593474496
293.14300000001094,18.9,False,True,NORMAL,628.794060308098,94.24122789268999,-338.5924593383103,-272.8430755904019,152.4543243879702,0.0,903.5144101976563,964.8746773315092,101.89894281382627,16.03169619882432,-50.276933899784254,-10.972479622699973,13.263449432945025,0.0,112.90536388055955,103.15236221040618,17.21378517150879,85.93857703889739,183.7511385973988,129.60000000000002,54.15113859739879,0.0,False,0.0,0.0,False,False,False,23104.469564585437,358.3550351934965
293.2430000000022,19.0,False,True,NORMAL,639.0242481746543,95.8620353009171,-343.6451229705278,-272.8430755904019,152.4543243879702,0.0,913.621750690382,976.1130435948428,102.70481451729918,16.384451965717876,-50.776338744565265,-10.979520261289135,13.271960103013603,0.0,113.72693427524347,104.0035056680771,17.224830627441406,86.77867504063569,183.33625150342186,129.60000000000002,53.73625150342183,0.0,False,0.0,0.0,False,False,False,23668.474033651863,363.8495043591842
293.3420000000042,19.1,False,True,NORMAL,649.3344239929444,97.50902808728031,-348.7412076246284,-272.8430755904019,152.4543243879702,0.0,923.8129282075258,987.4465839825704,103.49870184850221,16.55540376154638,-51.14535433744663,-10.966277879055816,13.255952812668767,0.0,114.51252316054483,104.81442018173348,17.204055786132812,87.61036439560067,184.795166643314,129.60000000000002,55.19516664331395,0.0,False,0.0,0.0,False,False,False,24243.78050838392,369.72867610602856
293.4429999999993,19.2,False,True,NORMAL,659.7279546826585,99.18091296229764,-353.8795664265033,-272.8430755904019,152.4543243879702,0.0,934.091421044796,998.8781359123325,104.37191194578031,16.88229373880028,-51.62182170005124,-10.924505773953687,13.205459011560805,0.0,115.35503046081183,105.72846279550674,17.13852310180664,88.5899396937001,185.88344562381604,129.60000000000002,56.283445623816,0.0,False,0.0,0.0,False,False,False,24830.69787932554,375.7223316954949
293.5430000000051,19.3,False,True,NORMAL,670.2015604814995,100.87776368696153,-359.06570612840017,-272.8430755904019,152.4543243879702,0.0,944.4539836528457,1010.4066055579884,105.10020403104015,17.05472075447725,-52.10097233788623,-10.837729994526494,13.100565113188386,0.0,116.00534424306572,106.47495662069774,17.00238800048828,89.47256862020946,185.13513918420318,129.60000000000002,55.535139184203146,0.0,False,0.0,0.0,False,False,False,25429.14611331046,381.0321901945491
293.64300000001094,19.4,False,True,NORMAL,680.7451028029132,102.58700798885734,-364.29210217078844,-272.8430755904019,152.4543243879702,0.0,954.8911787299796,1022.0204982877507,105.77064239723087,17.130165283438885,-52.42694850987891,-10.7916223830854,13.04483058518273,0.0,116.63383527224565,107.14882806527017,16.9300537109375,90.21877435433267,184.6023107934811,129.60000000000002,55.00231079348108,0.0,False,0.0,0.0,False,False,False,26039.19608977982,386.6690979396969
293.7430000000022,19.5,False,True,NORMAL,691.3571974764413,104.30789712745806,-369.56007573170183,-272.8430755904019,152.4543243879702,0.0,965.4015978027625,1033.7189630721437,106.47125107333218,17.287617488575638,-52.932522708388184,-10.727477314536928,12.967292517004838,0.0,117.27833194411275,107.86560630503054,16.829421997070312,91.03618430796023,184.9435423205728,129.60000000000002,55.343542320572766,0.0,False,0.0,0.0,False,False,False,26660.93697208215,391.8620127719999
293.8420000000042,19.6,False,True,NORMAL,702.037886106816,106.04890555911203,-374.8785462941211,-272.8430755904019,152.4543243879702,0.0,975.9848115500437,1045.5047952295424,107.14252153416255,17.532551144503792,-53.43688853999767,-10.673030601026575,12.901477746208581,0.0,117.90653572105266,108.56753782937665,16.74400520324707,91.82353262612958,183.9028323534518,129.60000000000002,54.30283235345177,0.0,False,0.0,0.0,False,False,False,27294.282894172407,397.0410545626736
293.9429999999993,19.7,False,True,NORMAL,712.7977239200521,107.8156960430536,-380.23851699838053,-272.8430755904019,152.4543243879702,0.0,986.6510998322166,1057.384377891621,108.05423473056014,17.803258534327693,-53.762525545190805,-10.668016683992954,12.89541696165275,0.0,118.823650380902,109.51106637069653,16.73613929748535,92.77492707321117,185.922435395377,129.60000000000002,56.32243539537696,0.0,False,0.0,0.0,False,False,False,27940.057112482977,404.135286897253
294.0430000000051,19.8,False,True,NORMAL,723.6460682829703,109.60517228742893,-385.6236120726759,-272.8430755904019,152.4543243879702,0.0,997.4099777389545,1069.3606659500804,108.9126525278014,17.98626635317876,-53.9393759407171,-10.65415303318442,12.878658686606645,0.0,119.67584822400138,110.38782386644415,16.71438980102539,93.67343406541876,189.37814697479212,129.60000000000002,59.778146974792094,0.0,False,0.0,0.0,False,False,False,28599.29695853667,411.60580780233175
294.14300000001094,19.9,False,True,NORMAL,734.5811649677659,111.41471900727956,-391.04711050950135,-272.8430755904019,152.4543243879702,0.0,1008.259812585032,1081.4368646905996,109.78928116810953,18.204668043834026,-54.53059279579203,-10.550087507361706,12.752865075050796,0.0,120.46279844342577,111.2883470898746,16.551130294799805,94.7372167950748,188.98333056025345,129.60000000000002,59.38333056025342,0.0,False,0.0,0.0,False,False,False,29271.71597392489,417.5968157767434
294.2430000000022,20.0,False,True,NORMAL,745.5984706340091,113.23674859098506,-396.511838454046,-272.8430755904019,152.4543243879702,0.0,1019.1963507231378,1093.6100033199994,110.55683215675488,18.235923630276144,-54.76396609510221,-10.459184121647137,12.64298175777269,0.0,121.14519055531535,112.05071194412882,16.408519744873047,95.64219219925577,187.8637577377817,129.60000000000002,58.263757737781674,0.0,False,0.0,0.0,False,False,False,29957.251845417177,424.45734407162706
294.34300000000803,20.1,False,True,NORMAL,756.6909393494522,115.0682476452719,-402.0162768556405,-272.8430755904019,152.4543243879702,0.0,1030.212602646845,1105.8730006240576,111.29254215210699,18.394057455460622,-55.32480193678711,-10.41915424329311,12.594593947030516,0.0,121.84978792115997,112.80235497698308,16.345720291137695,96.45663468584539,188.2135082929259,129.60000000000002,58.61350829292588,0.0,False,0.0,0.0,False,False,False,30655.903829800063,429.970453818551
294.4429999999993,20.2,False,True,NORMAL,767.8592763857207,116.90808299352668,-407.56773910065846,-272.8430755904019,152.4543243879702,0.0,1041.3092339386535,1118.2291279704386,112.07419857326305,18.40264950963492,-55.70444296357153,-10.41448439476592,12.588949069853275,0.0,122.62657366185286,113.57501263400178,16.338394165039062,97.23661846896272,188.2951913509237,129.60000000000002,58.69519135092366,0.0,False,0.0,0.0,False,False,False,31367.63184270854,436.42213275106377
294.5430000000051,20.3,False,True,NORMAL,779.1063560148076,118.75457527699324,-413.1546244747339,-272.8430755904019,152.4543243879702,0.0,1052.489087708118,1130.6767988552365,112.86739400847635,18.527196159696278,-56.03326451793726,-10.380190612572084,12.547495008270754,0.0,123.39256031375172,114.37790707914054,16.28459358215332,98.09331349698722,187.12344080243412,129.60000000000002,57.523440802434095,0.0,False,0.0,0.0,False,False,False,32093.14425847935,443.31922008622297
294.64300000001094,20.4,False,True,NORMAL,790.4323225984178,120.61664278453576,-418.77663480923184,-272.8430755904019,152.4543243879702,0.0,1063.7519496402697,1143.215675288622,113.65193766372799,18.714153991154003,-56.406942172020955,-10.279314103330163,12.425556255563095,0.0,124.09069919228449,115.18238795199784,16.1263370513916,99.05605090060624,186.03086817369248,129.60000000000002,56.43086817369245,0.0,False,0.0,0.0,False,False,False,32832.71247738912,450.1121612419691
294.7420000000129,20.5,False,True,NORMAL,801.8352087316171,122.49847250655714,-424.4410226601773,-272.8430755904019,152.4543243879702,0.0,1075.0957017192745,1155.8464212740707,114.40578500025634,18.92244044927334,-56.88081484688746,-10.233572444611454,12.370264088408872,0.0,124.8114595673546,115.96008966054302,16.054576873779297,99.90551278676372,185.3382359123277,129.60000000000002,55.73823591232767,0.0,False,0.0,0.0,False,False,False,33586.23395515334,456.40401999679074
294.84300000000803,20.6,False,True,NORMAL,813.3149019637953,124.39004566375779,-430.1492523797023,-272.8430755904019,152.4543243879702,0.0,1086.5204811437907,1168.5696963672092,115.18807964330739,18.909022694739665,-57.2837795436137,-10.208761822665497,12.340273198391696,0.0,125.56877127529802,116.72979410237605,16.015653610229492,100.71414049214656,186.62413652937252,129.60000000000002,57.0241365293725,0.0,False,0.0,0.0,False,False,False,34353.811684978515,463.0386782554962
294.9429999999993,20.7,False,True,NORMAL,824.8744184878353,126.29111482820035,-435.8984768312791,-272.8430755904019,152.4543243879702,0.0,1098.0292392918657,1181.387189893179,116.00225083749221,19.11236059411159,-57.70070948792175,-10.153390501030977,12.273340768367817,0.0,126.3408802949822,117.56617084367345,15.928786277770996,101.63738456590245,187.64373567969565,129.60000000000002,58.043735679695615,0.0,False,0.0,0.0,False,False,False,35135.87598647604,470.04044401878707
295.0430000000051,20.8,False,True,NORMAL,836.5173996596385,128.2107940997577,-441.68798707592396,-272.8430755904019,152.4543243879702,0.0,1109.6253479475995,1194.301758658595,116.8573725985716,19.28122483703489,-58.08949540497569,-10.150337652905025,12.269650508906205,0.0,127.20110313154487,118.43737231911929,15.923996925354004,102.51337539376529,189.12457397757834,129.60000000000002,59.52457397757829,0.0,False,0.0,0.0,False,False,False,35932.85787681817,477.43779217509444
295.14300000001094,20.9,False,True,NORMAL,848.2378116629699,130.14367174015848,-447.5206752477095,-272.8430755904019,152.4543243879702,0.0,1121.3028676438753,1207.3089396507194,117.55086746805466,19.376327970981126,-58.56426803073571,-10.131539111398268,12.24692697573398,0.0,127.88129381763291,119.13709971344433,15.894505500793457,103.24259421265087,188.12182261338174,129.60000000000002,58.5218226133817,0.0,False,0.0,0.0,False,False,False,36744.61006879027,483.5928968423143
295.2430000000022,21.0,False,True,NORMAL,860.0281902335955,132.09381742179093,-453.3948713036017,-272.8430755904019,152.4543243879702,0.0,1133.054215460843,1220.4010670668868,118.25670394445929,19.626585661668127,-58.919653087107335,-10.088489819137113,12.194889320558147,0.0,128.56017607611454,119.8743128970602,15.826969146728516,104.04734375033168,185.97718587678193,129.60000000000002,56.3771858767819,0.0,False,0.0,0.0,False,False,False,37571.141076307795,490.5638002404791
295.34300000000803,21.1,False,True,NORMAL,871.8954625500546,134.06428207035958,-459.3105309534095,-272.8430755904019,152.4543243879702,0.0,1144.8862451616724,1233.5844836107076,119.08874238472065,19.78270730970481,-59.393539909049714,-10.015140006199323,12.10622462777497,0.0,129.33190184472843,120.72068617795298,15.711896896362305,105.00878928159068,186.28504231315398,129.60000000000002,56.68504231315395,0.0,False,0.0,0.0,False,False,False,38412.960525435075,497.6782418035838
295.44200000001,21.2,False,True,NORMAL,883.8397337319855,136.0503463081335,-465.268278645362,-272.8430755904019,152.4543243879702,0.0,1156.7991233912542,1246.8595682723826,119.7966812538951,19.93857744577379,-59.76141392999971,-10.001270884336801,12.089459739360656,0.0,130.03506076457944,121.44460346186018,15.690138816833496,105.75446464502669,187.03863922462168,129.60000000000002,57.43863922462164,0.0,False,0.0,0.0,False,False,False,39270.24873907423,504.6716123887486
295.5430000000051,21.3,False,True,NORMAL,895.8577978295583,138.04939699776958,-471.26566118923,-272.8430755904019,152.4543243879702,0.0,1168.789644660533,1260.2224235752262,120.56460069756136,20.042436346947845,-60.18623694736042,-9.993450316606738,12.080006296912696,0.0,130.80063064419767,122.21915642027591,15.67786979675293,106.54128662352298,186.16721380070743,129.60000000000002,56.56721380070741,0.0,False,0.0,0.0,False,False,False,40143.186355997226,511.76574522454325
295.64300000001094,21.4,False,True,NORMAL,907.9550854963521,140.0632367877588,-477.3105430168654,-272.8430755904019,152.4543243879702,0.0,1180.8631742406808,1273.6809611330584,121.38115263831595,20.234359452836788,-60.711399605347324,-9.988389591666765,12.073888931317729,0.0,131.6227560296767,123.0561397016531,15.669930458068848,107.38620924358425,186.35635061547524,129.60000000000002,56.75635061547522,0.0,False,0.0,0.0,False,False,False,41031.91451572583,518.8241845503169
295.7430000000022,21.5,False,True,NORMAL,920.1257968909409,142.09482553951113,-483.40097574819066,-272.8430755904019,152.4543243879702,0.0,1193.0138515230228,1287.2290213012213,122.03307525345927,20.397415582210247,-61.09725502115909,-9.965178341170308,12.04583134927417,0.0,132.26219380923624,123.72601189018357,15.633516311645508,108.09249557853806,185.86624516677793,129.60000000000002,56.26624516677791,0.0,False,0.0,0.0,False,False,False,41936.50755491776,525.6418023571498
295.84300000000803,21.6,False,True,NORMAL,932.3687294550567,144.13751082377905,-489.53646633781295,-272.8430755904019,152.4543243879702,0.0,1205.2405006507183,1300.8653336465336,122.82557602885636,20.456290103147555,-61.612556771287096,-9.92939096123743,12.002571838170107,0.0,133.02385730779463,124.51739610032209,15.577372550964355,108.94002354935773,185.60391816231422,129.60000000000002,56.003918162314186,0.0,False,0.0,0.0,False,False,False,42857.11809875291,532.6286337067882
295.9429999999993,21.7,False,True,NORMAL,944.6911571866633,146.184669932416,-495.71528261582665,-272.8430755904019,152.4543243879702,0.0,1217.5503753648259,1314.5959675770794,123.62297860327492,20.48689206959099,-61.96376878898582,-9.91186717531015,11.981389219790993,0.0,133.8054506208116,125.3090323377243,15.549880981445312,109.75915135627899,187.36512860930208,129.60000000000002,57.76512860930203,0.0,False,0.0,0.0,False,False,False,43794.33066284514,540.4903909773691
296.0430000000051,21.8,False,True,NORMAL,957.0945588987718,148.24440844008757,-501.93256768368514,-272.8430755904019,152.4543243879702,0.0,1229.9448394644014,1328.4203441029686,124.4450556388934,20.707878083840217,-62.381932568183394,-9.898128750848478,11.964782317395047,0.0,134.62738545911608,126.15620510978627,15.528327941894531,110.62787716789174,189.18594199710543,129.60000000000002,59.58594199710541,0.0,False,0.0,0.0,False,False,False,44748.710185278076,548.4420465039124
296.14400000000023,21.9,False,True,NORMAL,969.579880465131,150.3250050810998,-508.1905321076123,-272.8430755904019,152.4543243879702,0.0,1242.4247807149047,1342.3401031997432,125.26137568829265,20.904054736404124,-62.77735591035878,-9.85912864643419,11.917639289513877,0.0,135.4190029288912,126.99366812462019,15.467144012451172,111.52652411216901,190.07684815616471,129.60000000000002,60.476848156164685,0.0,False,0.0,0.0,False,False,False,45720.507966290315,556.542587134076
296.2430000000022,22.0,False,True,NORMAL,982.140178620403,152.430944130331,-514.4952143976354,-272.8430755904019,152.4543243879702,0.0,1254.9832544285912,1356.3510955996044,125.9445874171459,21.214726248220188,-63.31628989010442,-9.779259768720872,11.821094401098218,0.0,136.0485318340914,127.71884633624761,15.34184455871582,112.37700177753179,189.96548821859278,129.60000000000002,60.36548821859276,0.0,False,0.0,0.0,False,False,False,46709.41429589176,563.3123146987621
296.34300000000803,22.1,False,True,NORMAL,994.7682817652485,154.55914921387307,-520.8524784459269,-272.8430755904019,152.4543243879702,0.0,1267.613104848866,1370.4489366218088,126.61747547976282,21.34937542262132,-63.82899107572264,-9.758775534690566,11.796333215698384,0.0,136.71043287241997,128.40475430374207,15.309708595275879,113.09504570846619,187.20152057090698,129.60000000000002,57.601520570906956,0.0,False,0.0,0.0,False,False,False,47715.038556368934,570.032886048282
296.44200000001,22.2,False,True,NORMAL,1007.4581342960859,156.6874211411096,-527.2582075523611,-272.8430755904019,152.4543243879702,0.0,1280.3082078722007,1384.6264205829148,127.17957513698587,21.216063122109595,-64.28559105296306,-9.752247351491722,11.788441997785549,0.0,137.2559800157346,128.93706087244882,15.299467086791992,113.63759378565683,185.6172847198628,129.60000000000002,56.01728471986275,0.0,False,0.0,0.0,False,False,False,48737.34900668804,576.1322939393856
296.5430000000051,22.3,False,True,NORMAL,1020.2101683953266,158.81588964935492,-533.7171691885491,-272.8430755904019,152.4543243879702,0.0,1293.0688927101257,1398.8856915349547,127.86110684782903,21.353307042796438,-64.89364167079432,-9.752521512086068,11.788773401014778,0.0,137.94560889773044,129.63188792120516,15.299897193908691,114.33199072729647,186.97793531303037,129.60000000000002,57.37793531303034,0.0,False,0.0,0.0,False,False,False,49776.346792743585,582.5377264069537
296.64300000001094,22.4,False,True,NORMAL,1033.0389691955268,160.95678316866315,-540.2183016482285,-272.8430755904019,152.4543243879702,0.0,1305.9097237939518,1413.2360100617632,128.71490915617207,21.4645633433679,-65.12900752279309,-9.756287420915273,11.793325602799861,0.0,138.80851962658832,130.49235731874523,15.305805206298828,115.1865521124464,186.4699154762623,129.60000000000002,56.86991547626226,0.0,False,0.0,0.0,False,False,False,50833.57817784209,592.0298818275819
296.7430000000022,22.5,False,True,NORMAL,1045.9551599541273,163.10781317561276,-546.7502717855411,-272.8430755904019,152.4543243879702,0.0,1318.8412652395707,1427.6827878055667,129.6089060158393,21.55603679562441,-65.51039522346163,-9.742742307027887,11.776952372747362,0.0,139.69435343796044,131.38923563578933,15.284555435180664,116.10468020060867,185.47237094077417,129.60000000000002,55.872370940774125,0.0,False,0.0,0.0,False,False,False,51910.37553535114,601.1038439201748
296.84300000000803,22.6,False,True,NORMAL,1058.9548515235447,165.27163454483943,-553.3179025412022,-272.8430755904019,152.4543243879702,0.0,1331.8596030005049,1442.2242209092376,130.38492537250855,21.720390588909325,-65.84221988976007,-9.793266882722898,11.838026093355182,0.0,140.52610686974722,132.18170876384298,15.363819122314453,116.81788964152852,187.11412891555844,129.60000000000002,57.51412891555841,0.0,False,0.0,0.0,False,False,False,53006.61685094598,609.8483459635764
296.9429999999993,22.7,False,True,NORMAL,1072.0353659983914,167.44901104992363,-559.9229662328072,-272.8430755904019,152.4543243879702,0.0,1344.962030422566,1456.8584664933435,131.2253641244233,21.827139512774657,-66.25905394234114,-9.78735692862483,11.830882186050165,0.0,141.36658961482678,133.02826845786427,15.354547500610352,117.67372095725392,186.85571953704087,129.60000000000002,57.255719537040825,0.0,False,0.0,0.0,False,False,False,54122.36722210652,618.600203668996
297.0430000000051,22.8,False,True,NORMAL,1085.1979425096938,169.63753193218568,-566.5660388572288,-272.8430755904019,152.4543243879702,0.0,1358.1497227713342,1471.586812203148,132.026166101625,21.9432781324665,-66.60239854609105,-9.758295297729296,11.795752708933216,0.0,142.14712718351447,133.83727429491626,15.308955192565918,118.52831910235034,186.54634535885413,129.60000000000002,56.94634535885409,0.0,False,0.0,0.0,False,False,False,55257.93086721664,627.5916656885794
297.14300000001094,22.9,False,True,NORMAL,1098.4370263057044,171.84012959786023,-573.2515284837104,-272.8430755904019,152.4543243879702,0.0,1371.4171237445707,1486.405813433445,132.7555098185865,22.108675181024463,-67.10739398354045,-9.797001181017944,11.842540084568382,0.0,142.92169856991987,134.58387312547094,15.369677543640137,119.21419558183081,185.87071458710184,129.60000000000002,56.27071458710181,0.0,False,0.0,0.0,False,False,False,56413.08811554768,635.3618911019983
297.2430000000022,23.0,False,True,NORMAL,1111.7477492066764,174.05476669944167,-579.9859129980389,-272.8430755904019,152.4543243879702,0.0,1384.759304435361,1501.3134218065438,133.4589482008523,22.184066850604484,-67.58029630303022,-9.804655793443668,11.851792921513947,0.0,143.63570626407702,135.29014626686552,15.381686210632324,119.9084600562332,184.12513780246556,129.60000000000002,54.52513780246552,0.0,False,0.0,0.0,False,False,False,57587.49268426194,643.1075756851232
297.34300000000803,23.1,False,True,NORMAL,1125.1267204913966,176.27963827617432,-586.766792555554,-272.8430755904019,152.4543243879702,0.0,1398.1728063221858,1516.305531607924,134.12047749354912,22.31336468404888,-68.03729484727354,-9.809228986683719,11.857320962519465,0.0,144.3090061562081,135.96392435723888,15.388860702514648,120.57506365472423,182.95512175938785,129.60000000000002,53.35512175938782,0.0,False,0.0,0.0,False,False,False,58781.31691320767,650.7880101155605
297.4429999999993,23.2,False,True,NORMAL,1138.5805538407521,178.5151704021565,-593.5914344115187,-272.8430755904019,152.4543243879702,0.0,1411.6642056139224,1531.3871556266597,134.9561894935631,22.3972778355951,-68.45554227201946,-9.793475998564261,11.838278870984572,0.0,145.13427616940598,136.80208747335456,15.364147186279297,121.43794028707526,182.20780767702402,129.60000000000002,52.60780767702398,0.0,False,0.0,0.0,False,False,False,59995.334535787166,659.9281733625834
297.5430000000051,23.3,False,True,NORMAL,1152.1140898144677,180.76938841815186,-600.4613743035742,-364.7125594623092,264.84805647126643,0.0,1519.1551291352046,1633.519564746115,135.71452998074355,22.687082484311762,-68.94325556909061,-9.893117091489609,11.844632623533107,0.0,146.01077222210526,137.5977374797424,15.432727813720703,122.16500966602169,182.37457987803256,129.87,52.50457987803256,0.0,False,0.0,0.0,False,False,False,61230.07628112278,668.4627452173861
297.64300000001094,23.4,False,True,NORMAL,1165.7250991144354,183.05096402463528,-607.3779034416731,-364.7125594623092,264.84805647126643,0.0,1532.6219987728844,1648.5867003927315,136.50565601860893,22.944429645356564,-69.38732719288846,-9.919822120487211,11.876605484538613,0.0,146.8431727385298,138.42052223865326,15.474386215209961,122.9461360234433,182.34619296495362,129.87,52.4761929649536,0.0,False,0.0,0.0,False,False,False,62485.69979714733,677.5368181482966
297.7430000000022,23.5,False,True,NORMAL,1179.4179442056256,185.35632149222664,-614.3333487208008,-364.7125594623092,264.84805647126643,0.0,1546.1752644146677,1663.7498043991714,137.35124580519306,23.162719706471123,-69.72157838966669,-9.904595204200335,11.858374907892301,0.0,147.6891022476232,139.29061816374823,15.45063304901123,123.839985114737,182.69515951752004,129.87,52.82515951752003,0.0,False,0.0,0.0,False,False,False,63763.14275831413,687.6890459565589
297.84300000000803,23.6,False,True,NORMAL,1193.1979268001612,187.68689899164198,-621.3241010914126,-364.7125594623092,264.84805647126643,0.0,1559.820158681815,1679.0123781637865,138.248406085516,23.448830281835786,-70.09346902256671,-9.911080414300756,11.866139390048485,0.0,148.61154789646758,140.22292760733558,15.460749626159668,124.76217798117591,181.3759188466315,129.87,51.50591884663149,0.0,False,0.0,0.0,False,False,False,65063.249075660206,698.2005841606857
297.9429999999993,23.7,False,True,NORMAL,1207.0626312173326,190.04197718772872,-628.3504615978496,-364.7125594623092,264.84805647126643,0.0,1573.5543204903347,1694.3723032804892,139.0456822579125,23.652733639899058,-70.43374110617549,-9.95551400737284,11.919337950341998,0.0,149.46246707081278,141.04309115730686,15.53006362915039,125.51302752815647,180.0858176275334,129.87,50.21581762753339,0.0,False,0.0,0.0,False,False,False,66386.17981261047,708.171134528613
298.0430000000051,23.8,False,True,NORMAL,1221.0032320113608,192.41685542076448,-635.4145223505204,-364.7125594623092,264.84805647126643,0.0,1587.369160030075,1709.8223490844086,139.7663336226499,23.844831020816013,-70.8474739472416,-9.987680233752327,11.957849284113452,0.0,150.22504784792784,141.7857679061236,15.580241203308105,126.20552670281549,182.21682003523523,129.87,52.346820035235226,0.0,False,0.0,0.0,False,False,False,67731.55078599829,717.21558470234
298.14400000000023,23.9,False,True,NORMAL,1235.0178240407863,194.8109899183665,-642.5199603783707,-364.7125594623092,264.84805647126643,0.0,1601.2627799940572,1725.362104046255,140.52550696586488,24.037858931224346,-71.26128660976401,-9.978714773144988,11.947115297422236,0.0,150.98909511247285,142.56660468009602,15.566255569458008,127.00034911063801,181.60493726044422,129.87,51.73493726044419,0.0,False,0.0,0.0,False,False,False,69099.3348427699,726.6508319735449
298.2430000000022,24.0,False,True,NORMAL,1249.1077184814346,197.22393654647803,-649.6734401069272,-364.7125594623092,264.84805647126643,0.0,1615.2364876692282,1740.9952584307614,141.27238184710188,24.22107363100669,-71.80830796136476,-10.00744459624634,11.981512363263835,0.0,151.77415046297043,143.33368857526835,15.611072540283203,127.72261603498515,180.33119151923822,129.87,50.46119151923821,0.0,False,0.0,0.0,False,False,False,70489.52099290151,735.2575493363761
298.34300000000803,24.1,False,True,NORMAL,1263.2755784423287,199.6499556569462,-656.8723895467854,-364.7125594623092,264.84805647126643,0.0,1629.293150267319,1756.7235142892885,142.08481737077926,24.29930857835621,-72.17068083580088,-9.982694667352542,11.951880265261297,0.0,152.567975681053,144.1476733238309,15.572463989257812,128.5752093345731,181.19458593838323,129.87,51.32458593838322,0.0,False,0.0,0.0,False,False,False,71902.67266237078,745.4506213867339
298.44200000001,24.2,False,True,NORMAL,1277.5277145367666,202.08932576415785,-664.1112852154905,-364.7125594623092,264.84805647126643,0.0,1643.439008854459,1772.5505846026222,142.95790451797913,24.488093565877076,-72.60723253830062,-10.027188784161421,12.005151288199366,0.0,153.49352631486605,145.040095113947,15.64187240600586,129.39822270794113,181.59636463326802,129.87,51.72636463326802,0.0,False,0.0,0.0,False,False,False,73339.84675986049,755.9182351855152
298.5420000000013,24.3,False,True,NORMAL,1291.8622839455002,204.5475071597522,-671.3904242103125,-364.7125594623092,264.84805647126643,0.0,1657.6719723934764,1788.4746209494228,143.733483656691,24.67553434600988,-72.97554735814047,-10.12218476284487,12.118886166480182,0.0,154.36721192768448,145.83619687632205,15.790060997009277,130.04613587931277,181.97229277792843,129.87,52.10229277792843,0.0,False,0.0,0.0,False,False,False,74801.28907520787,766.152753315044
298.64300000001094,24.4,False,True,NORMAL,1306.2736921783057,207.01962911894591,-678.7122757801541,-364.7125594623092,264.84805647126643,0.0,1671.9865968906554,1804.4914888900616,144.49468099942305,24.766904837864036,-73.46148403869073,-10.058028379138392,12.0420742993578,0.0,155.07566310832843,146.6018840682917,15.689980506896973,130.91190356139472,180.69239615701915,129.87,50.82239615701913,0.0,False,0.0,0.0,False,False,False,76286.75708604355,775.504036251973
298.7430000000022,24.5,False,True,NORMAL,1320.7557383223025,209.49902545107207,-686.0825409288705,-364.7125594623092,264.84805647126643,0.0,1686.3768552941633,1820.5977455328364,145.14624188051036,24.82102180465946,-73.94381893563767,-10.049422392846573,12.0317706968585,0.0,155.72173628991845,147.2532330900174,15.676555633544922,131.57667745647248,177.70549466848522,129.87,-47.83549466848524,0.0,False,0.0,0.0,False,False,False,77795.71963012202,784.0297056839695
298.84300000000803,24.6,False,True,NORMAL,1335.3043470303628,211.99044897288948,-693.4988289739414,-364.7125594623092,264.84805647126643,0.0,1700.8384429543469,1836.7885111845608,145.82593228069615,25.007448631688558,-74.38194196578186,-10.09753815224924,12.089377767335524,0.0,156.45767858021554,147.95463836122448,15.75161361694336,132.20302474428112,179.3787643012638,129.87,-49.508764301263795,0.0,False,0.0,0.0,False,False,False,79328.37578977419,793.3231053581859
298.9429999999993,24.7,False,True,NORMAL,1349.9199839228081,214.48874005005447,-700.9539394317501,-364.7125594623092,264.84805647126643,0.0,1715.3719187353302,1853.0615868855027,146.48680556821023,24.958372911611228,-74.72026719039268,-10.126886051086974,12.12451483048669,0.0,157.13865315660172,148.59779468072088,15.797394752502441,132.80039992821844,179.57566912477802,129.87,-49.70566912477801,0.0,False,0.0,0.0,False,False,False,80885.44718589206,802.8567492377093
299.0430000000051,24.8,False,True,NORMAL,1364.612057151538,216.99463406372502,-708.4440512304886,-364.7125594623092,264.84805647126643,0.0,1729.9865836655335,1869.4241234633223,147.3546590063855,25.159507361799616,-75.0819687843793,-10.093471446217189,12.084508863178007,0.0,157.9900926284897,149.48711095467928,15.745269775390625,133.74184117928866,178.2344383338438,129.87,-48.36443833384379,0.0,False,0.0,0.0,False,False,False,82468.17565773851,814.4189848340272
299.14300000001094,24.9,False,True,NORMAL,1379.3916105194028,219.51826301576645,-715.9709633116836,-364.7125594623092,264.84805647126643,0.0,1744.6931380395565,1885.8866790525285,148.23640835091246,25.313071679028642,-75.45627283951903,-10.14236178718068,12.143043309116182,0.0,158.92540538793426,150.38212778986107,15.82153606414795,134.56059172571312,177.94279101136868,129.87,-48.07279101136868,0.0,False,0.0,0.0,False,False,False,84077.70425909906,826.0709152276454
299.24400000000605,25.0,False,True,NORMAL,1394.260311744401,222.05960514076497,-723.5394554851965,-364.7125594623092,264.84805647126643,0.0,1759.4932262468192,1902.4525636273445,149.13761614904888,25.513770820941712,-75.91357063073816,-10.165936088338515,12.17126787514414,0.0,159.8613278448188,151.30426647032985,15.85831069946289,135.44595577086696,180.15565408442257,129.87,50.285654084422546,0.0,False,0.0,0.0,False,False,False,85714.21387053862,837.5261319799516
299.34300000000803,25.1,False,True,NORMAL,1409.2176843702402,224.624148756465,-731.1516964718578,-364.7125594623092,264.84805647126643,0.0,1774.3862242295666,1919.1220065408381,150.0098363677377,25.77710149305843,-76.3312491024882,-10.215055074529907,12.230076068850643,0.0,160.79657252420083,152.2084425006014,15.93493366241455,136.27350883818684,181.3742149093311,129.87,51.50421490933109,0.0,False,0.0,0.0,False,False,False,87377.95828045346,849.2171737171235
299.4429999999993,25.2,False,True,NORMAL,1424.2569179714046,227.20378793722062,-738.8033660579442,-364.7125594623092,264.84805647126643,0.0,1789.365497080716,1935.8872115496467,150.77483565554843,25.815682122054675,-76.70214261923994,-10.226878600485989,12.244231902645947,0.0,161.5726965004906,152.96895276618918,15.953377723693848,137.01557504249533,180.72090757945918,129.87,50.85090757945917,0.0,False,0.0,0.0,False,False,False,89068.99547153909,860.0769292986123
299.5430000000051,25.3,False,True,NORMAL,1439.3690206317158,229.79317469468714,-746.4980846182638,-364.7125594623092,264.84805647126643,0.0,1804.4221214480062,1952.741299483795,151.46721755067782,25.972053027275614,-77.19222858715116,-10.255321700026153,12.27828568585828,0.0,162.30125990175293,153.6777977815793,15.997747421264648,137.68005036031465,179.38371574489184,129.87,-49.51371574489184,0.0,False,0.0,0.0,False,False,False,90786.68702780135,869.7683555467798
299.64300000001094,25.4,False,True,NORMAL,1454.5522340402122,232.39900904430937,-754.2380174051308,-364.7125594623092,264.84805647126643,0.0,1819.5541568078397,1969.6833035937302,152.19705061924978,26.144633965169064,-77.60642715018766,-10.253147124957602,12.275682154275556,0.0,163.04114379954822,154.4263063806525,15.994355201721191,138.4319511789313,176.94481299016073,129.87,-47.074812990160694,0.0,False,0.0,0.0,False,False,False,92531.15879555992,880.4292229248974
299.7430000000022,25.5,False,True,NORMAL,1469.808658950988,235.01308828926517,-762.0154235143253,-364.7125594623092,264.84805647126643,0.0,1834.763806634257,1986.712292157258,152.93144759626875,26.136950933947357,-77.94169503370367,-10.224090229137195,12.240893497374985,0.0,163.74623640065133,155.14885712764328,15.949028015136719,139.19982911250656,174.76340227643934,129.87,-44.8934022764393,0.0,False,0.0,0.0,False,False,False,94303.35503448258,891.5094694717764
299.8420000000042,25.6,False,True,NORMAL,1485.1392651248095,237.63489699418471,-769.8328597350871,-364.7125594623092,264.84805647126643,0.0,1850.0519800743484,2003.8300728616985,153.6806758801622,26.299223164443486,-78.40702938153302,-10.264988380089111,12.289859214502094,0.0,164.5431344906768,155.91471796477927,16.012826919555664,139.9018910452236,174.77459976335516,129.87,-44.90459976335518,0.0,False,0.0,0.0,False,False,False,96103.5156484197,902.1738394995058
299.945000000007,25.7,False,True,NORMAL,1500.5472244755788,240.2697775704063,-777.6962579777887,-364.7125594623092,264.84805647126643,0.0,1865.4217092576532,2021.0417172939306,154.47851113522344,26.398388359987816,-78.86093547249958,-10.321351262818952,12.35734023523241,0.0,165.396933704514,156.7178525585394,16.100749969482422,140.61710258905697,174.07441479832096,129.87,-44.204414798320954,0.0,False,0.0,0.0,False,False,False,97931.89026081005,913.3652857330351
300.0430000000051,25.8,False,True,NORMAL,1516.033666853653,242.91669583500047,-785.6028107909406,-364.7125594623092,264.84805647126643,0.0,1880.8740926444518,2038.3471560810528,155.2503364262589,26.5399769318959,-79.27012079053743,-10.343556749363774,12.383925974379931,0.0,166.19786772329942,157.50249945957094,16.13538932800293,141.367110131568,173.9372075051338,129.87,-44.06720750513381,0.0,False,0.0,0.0,False,False,False,99789.11873507792,924.8120576505517
300.14300000001094,25.9,False,True,NORMAL,1531.5963536213862,245.5757387204355,-793.5457512463246,-364.7125594623092,264.84805647126643,0.0,1896.4068434996102,2055.741660664892,156.00339892840887,26.64088077680517,-79.58868831714436,-10.36381691741882,12.408182661658959,0.0,166.97490890528766,158.26179894649317,16.166994094848633,142.09480485164454,174.24465196267548,129.87,-44.37465196267544,0.0,False,0.0,0.0,False,False,False,101675.87782622714,936.7855547474023
300.2430000000022,26.0,False,True,NORMAL,1547.2362323322866,248.24979944469771,-801.5258617196333,-364.7125594623092,264.84805647126643,0.0,1912.0208379045282,2073.226324255636,156.79417528959786,26.84033370843892,-80.01352114903158,-10.381310111405757,12.429126561773687,0.0,167.79548805163165,159.0748783382389,16.19428253173828,142.88059580650062,173.60244072667118,129.87,-43.73244072667114,0.0,False,0.0,0.0,False,False,False,103592.60739847635,948.6173136742937
300.34300000000803,26.1,False,True,NORMAL,1562.956020788948,250.94559137456093,-809.5535613324171,-364.7125594623092,264.84805647126643,0.0,1927.7187123186989,2090.8075957604665,157.6015938436354,27.07550488882495,-80.54047110664251,-10.404064591037889,12.456369588343554,0.0,168.6405063530168,159.9104291378114,16.229778289794922,143.68065084801648,173.17075350078494,129.87,-43.300753500784936,0.0,False,0.0,0.0,False,False,False,105539.23372274249,960.0319032920213
300.4429999999993,26.2,False,True,NORMAL,1578.7549307348993,253.65758736672257,-817.6288439777,-364.7125594623092,264.84805647126643,0.0,1943.4997072426372,2108.4847731384084,158.37660507538908,27.16441495440747,-80.96518179901584,-10.428798624808891,12.485982655752574,0.0,169.44238163202562,160.68931039437874,16.268362045288086,144.42094834909065,172.97930938005481,129.87,-43.10930938005481,0.0,False,0.0,0.0,False,False,False,107515.99086938222,971.7523419743943
300.5420000000013,26.3,False,True,NORMAL,1594.6340057801037,256.3858574055408,-825.7447548450274,-364.7125594623092,264.84805647126643,0.0,1959.364838803705,2126.2560926883534,159.2048958287024,27.400985821957278,-81.35303554753177,-10.46697259625407,12.531686821928705,0.0,170.32216234996545,161.54569904470713,16.327911376953125,145.217787667754,172.808184778653,129.87,-42.93818477865295,0.0,False,0.0,0.0,False,False,False,109523.88220933497,984.6288996116122
300.64400000000023,26.4,False,True,NORMAL,1610.5903396323913,259.130945269211,-833.9008454797397,-364.7125594623092,264.84805647126643,0.0,1975.3111725833035,2144.1186647721365,159.92178121704833,27.500771451446894,-81.7687771467161,-10.467114429657473,12.531856633378577,0.0,171.0451524321417,162.26912379765346,16.32813262939453,145.94099116825893,172.59338878682493,129.87,-42.7233887868249,0.0,False,0.0,0.0,False,False,False,111563.0865196899,996.0982570710011
300.7430000000022,26.5,False,True,NORMAL,1626.6177165081333,261.8905299741336,-842.0981977479975,-364.7125594623092,264.84805647126643,0.0,1991.332472230466,2162.0671565911002,160.62575629778937,27.690922647004946,-82.17826821843978,-10.473176584951192,12.539114608968765,0.0,171.76851318106606,162.99515570494492,16.337589263916016,146.6575664410289,174.77658838420695,129.87,-44.90658838420694,0.0,False,0.0,0.0,False,False,False,113633.31076636887,1007.7411273550658
300.84300000000803,26.6,False,True,NORMAL,1642.7167792054586,264.6700390240887,-850.3406348483774,-364.7125594623092,264.84805647126643,0.0,2007.4293465609999,2180.1036160487106,161.3554976487168,27.89925835209754,-82.67047378915669,-10.510503224081214,12.583804298121098,0.0,172.54705268096606,163.7497030167143,16.395816802978516,147.3538862137358,175.78403989030957,129.87,-45.914039890309596,0.0,False,0.0,0.0,False,False,False,115734.76140254983,1019.1526741804289
300.94400000000314,26.7,False,True,NORMAL,1658.8817249701494,267.4639256730732,-858.6275280544615,-364.7125594623092,264.84805647126643,0.0,2023.5959751786904,2198.222441585999,161.94341764509915,27.978474627593318,-83.06739033252826,-10.546006814896806,12.626311324585862,0.0,173.1712749523513,164.3425251146577,16.451200485229492,147.8913246294282,172.7903704524612,129.87,-42.92037045246121,0.0,False,0.0,0.0,False,False,False,117867.2432801902,1029.7456489580336
301.0430000000051,26.8,False,True,NORMAL,1675.114077906324,270.2725790824806,-866.9608726112804,-364.7125594623092,264.84805647126643,0.0,2039.833850087841,2216.425791810567,162.70364107839,28.194593560554765,-83.5995008038484,-10.567467676073763,12.652005553621557,0.0,173.96680479607159,165.12846491810683,16.484678268432617,148.6437866496742,171.7627409507999,129.87,-41.89274095079986,0.0,False,0.0,0.0,False,False,False,120031.1047027918,1041.37089160214
301.14400000000023,26.9,False,True,NORMAL,1691.4222608903176,273.10144270954146,-875.3488558258211,-364.7125594623092,264.84805647126643,0.0,2056.1513849546504,2234.724622240177,163.4600186014857,28.38267898066259,-84.16016348696807,-10.549004879596323,12.629900787302105,0.0,174.72060632234815,165.90585929170012,16.45587730407715,149.44998198762298,173.61696748311655,129.87,-43.74696748311652,0.0,False,0.0,0.0,False,False,False,122226.92113566761,1052.7834922905618
301.2430000000022,27.0,False,True,NORMAL,1707.8131747066325,275.9482345153495,-883.7854740617553,-364.7125594623092,264.84805647126643,0.0,2072.5554595101,2253.122920949428,164.3582577248107,28.553157135498672,-84.57220123171459,-10.579080897328248,12.665909598025673,0.0,175.65727163574485,166.82002177418565,16.50279426574707,150.31722750843858,176.5599968409313,129.87,-46.689996840931315,0.0,False,0.0,0.0,False,False,False,124456.20177229862,1066.9056650070017
301.34300000000803,27.1,False,True,NORMAL,1724.2880833067545,278.8124728848574,-892.2629901913235,-364.7125594623092,264.84805647126643,0.0,2089.0473164615814,2271.6187915406263,165.13991427762986,28.731610254659465,-84.97812135964884,-10.628725033922757,12.725346533264242,0.0,176.49593492132766,167.62069298105348,16.580236434936523,151.04045654611696,174.07705924633493,129.87,-44.20705924633489,0.0,False,0.0,0.0,False,False,False,126720.13065591492,1080.01877113572
301.4429999999993,27.2,False,True,NORMAL,1740.8505429642205,281.6967069083258,-900.775253013744,-364.7125594623092,264.84805647126643,0.0,2105.630512535754,2290.213071258558,166.10927887169217,28.953070214708106,-85.26713508875943,-10.668042231507432,12.772419438282009,0.0,177.51629422667767,168.6136791667017,16.641569137573242,151.97211002912846,170.82778390218726,129.87,-40.95778390218726,0.0,False,0.0,0.0,False,False,False,129020.07599414789,1096.2617241360008
301.5430000000051,27.3,False,True,NORMAL,1757.5110238534469,284.6076973645381,-909.3245761276917,-364.7125594623092,264.84805647126643,0.0,2122.315570547839,2308.9163184792137,167.10033891283626,29.266738909539843,-85.71932719019586,-10.688411220018537,12.796806411932058,0.0,178.54998837938476,169.6439367356933,16.673343658447266,152.97059307724604,172.44811200674823,129.87,-42.578112006748256,0.0,False,0.0,0.0,False,False,False,131357.48674921753,1111.7782241404534
301.64300000001094,27.4,False,True,NORMAL,1774.2635874175378,287.54679099716805,-917.9204967723871,-364.7125594623092,264.84805647126643,0.0,2139.096582548351,2327.726837037563,167.9509323689801,29.515133743058755,-86.19908570371075,-10.667627735613005,12.771923178958678,0.0,179.40157500376614,170.52465746477947,16.64092254638672,153.88373491839275,174.2795216613393,129.87,-44.40952166133923,0.0,False,0.0,0.0,False,False,False,133731.4566248336,1125.5758011105286
301.7430000000022,27.5,False,True,NORMAL,1791.0971630987724,290.50650270534896,-926.5630494774815,-364.7125594623092,264.84805647126643,0.0,2155.9624105610087,2346.6343985395433,168.72058125570948,29.67910042056018,-86.65196839817699,-10.691340813419858,12.800313896706987,0.0,180.20413761913778,171.31107244144542,16.677913665771484,154.63315877567393,174.5525357336721,129.87,-44.68253573367207,0.0,False,0.0,0.0,False,False,False,136141.17923073596,1138.6800785784296
301.84300000000803,27.6,False,True,NORMAL,1808.0101707255644,293.4811825315242,-935.2462024218528,-364.7125594623092,264.84805647126643,0.0,2172.911392160994,2365.6350896381987,169.53957128013357,29.814496102945288,-87.01109048924808,-10.723867125465745,12.839256346616262,0.0,181.06094551447077,172.14113514126726,16.728652954101562,155.4124821871657,172.9132648622276,129.87,-43.043264862227545,0.0,False,0.0,0.0,False,False,False,138587.374849352,1153.174329595645
301.94400000000314,27.7,False,True,NORMAL,1825.0047177319916,296.4835896837955,-943.9758932207835,-364.7125594623092,264.84805647126643,0.0,2189.945789512805,2384.733328484935,170.35136884840998,30.23364694248055,-87.58272548936696,-10.745243620221713,12.86484956711712,0.0,181.92761794153245,173.01347426131176,16.761999130249023,156.25147513106273,170.54578954158885,129.87,-40.67578954158887,0.0,False,0.0,0.0,False,False,False,141070.3860544558,1166.4920085260787
302.0430000000051,27.8,False,True,NORMAL,1842.0754799711392,299.50147649708236,-952.7566357811843,-364.7125594623092,264.84805647126643,0.0,2207.060105775556,2403.925855248262,171.06387593454292,30.124089323256424,-88.03212571864758,-10.80673084600036,12.938465758419941,0.0,182.68076874163646,173.69602876089087,16.8579158782959,156.83811288259497,170.17650451700084,129.87,-40.30650451700086,0.0,False,0.0,0.0,False,False,False,143589.47023851293,1178.8029070537953
302.14300000001094,27.9,False,True,NORMAL,1859.2210359284163,302.53099403807096,-961.5766020440927,-364.7125594623092,264.84805647126643,0.0,2224.252827466155,2423.2065950079136,171.8472432109999,30.4662614965155,-88.36719953952333,-10.821794531603146,12.956500905509719,0.0,183.50631887148432,174.52698384145248,16.88141441345215,157.64556942800033,171.89684992857005,129.87,-42.026849928570016,0.0,False,0.0,0.0,False,False,False,146145.92456202445,1193.9218842586963
302.2420000000129,28.0,False,True,NORMAL,1876.4458203991649,305.5897690427833,-970.4314847037889,-364.7125594623092,264.84805647126643,0.0,2241.528668290139,2442.578153769284,172.64844620397025,30.709238597731037,-88.7304536543995,-10.860304746030529,13.002607641933391,0.0,184.36102206007163,175.35832832203204,16.94148826599121,158.41684005604083,170.23597759633589,129.87,-40.36597759633588,0.0,False,0.0,0.0,False,False,False,148741.39636439361,1208.943857995358
302.34300000000803,28.1,False,True,NORMAL,1893.7500990610329,308.6791452350548,-979.327980900125,-364.7125594623092,264.84805647126643,0.0,2258.887944163353,2462.0434680282265,173.43712703339062,31.07828524769877,-89.19947027232239,-10.86475538041317,13.007936208119007,0.0,185.18564030637958,176.19959377800453,16.94843101501465,159.25116276298988,167.7374885510416,129.87,-37.86748855104162,0.0,False,0.0,0.0,False,False,False,151375.7959566464,1223.302358545359
302.4429999999993,28.2,False,True,NORMAL,1911.1397515322994,311.79627181394363,-988.2676643048435,-364.7125594623092,264.84805647126643,0.0,2276.3365033279597,2481.6085212405915,174.35592239194327,31.264246330077217,-89.59419782204748,-10.858976891926257,13.001017855428561,0.0,186.11314953826113,177.1367854843626,16.939416885375977,160.19736859898663,167.83434153762104,129.87,-37.96434153762101,0.0,False,0.0,0.0,False,False,False,154050.06991123297,1239.5798858743526
302.5430000000051,28.3,False,True,NORMAL,1928.6122225705203,314.9321225795942,-997.2463755132568,-364.7125594623092,264.84805647126643,0.0,2293.8716113949945,2501.2691384651507,175.09349837247353,31.452768982934252,-89.98002634621852,-10.886490126782904,13.033958348919972,0.0,186.88983040110887,177.8960647372651,16.982336044311523,160.91372869295358,168.4487215599429,129.87,-38.578721559942835,0.0,False,0.0,0.0,False,False,False,156764.6538997888,1253.962819725702
302.64300000001094,28.4,False,True,NORMAL,1946.1589995362335,318.08490587011204,-1006.2629401063074,-364.7125594623092,264.84805647126643,0.0,2311.4847012953105,2521.016983075215,175.84204094179088,31.60289682742248,-90.35126551479466,-10.922009612721293,13.076484405978256,0.0,187.6806823749792,178.6593586982198,17.037744522094727,161.62161417612506,167.7141567020421,129.87,-37.844156702042085,0.0,False,0.0,0.0,False,False,False,159519.13115793897,1268.6503878437456
302.7430000000022,28.5,False,True,NORMAL,1963.7820754352633,321.25022892622076,-1015.3192109454525,-364.7125594623092,264.84805647126643,0.0,2329.1776380955616,2540.854496014936,176.6194770388074,31.703564294751576,-90.77415126810646,-10.958864288974475,13.120609032892224,0.0,188.49657917730525,179.44234633567757,17.09523582458496,162.3471105110926,167.86500526394133,129.87,-37.99500526394132,0.0,False,0.0,0.0,False,False,False,162313.9463827383,1283.244101095417
302.84300000000803,28.6,False,True,NORMAL,1981.4820782922907,324.43179142572444,-1024.417767207859,-364.7125594623092,264.84805647126643,0.0,2346.9511072239156,2560.7833296611993,177.38058010174038,31.92768569532239,-91.19697398002151,-10.97505775099747,13.139996816013735,0.0,189.2903155587666,180.23109418490813,17.12049674987793,163.1105974350302,167.52232882140248,129.87,-37.65232882140248,0.0,False,0.0,0.0,False,False,False,165149.46453134326,1298.045087541153
302.9429999999993,28.7,False,True,NORMAL,1999.2586924559266,327.63564303838325,-1033.5616240406555,-364.7125594623092,264.84805647126643,0.0,2364.804930839496,2580.8045240994816,178.1517031709779,32.14934655785348,-91.6801626759061,-11.014085168266572,13.186722778672713,0.0,190.11385162212298,181.02930654128127,17.181377410888672,163.8479291303926,166.04645524794768,129.87,-36.176455247947615,0.0,False,0.0,0.0,False,False,False,168025.93834157538,1312.5421742802794
303.0430000000051,28.8,False,True,NORMAL,2017.1112661822235,330.8553549810827,-1042.7525373904748,-364.7125594623092,264.84805647126643,0.0,2382.7382776680533,2600.91802141067,178.89977135496278,32.244892296135866,-92.13810432047866,-11.079876304217443,13.265491869144041,0.0,190.92533662475066,181.78245589178118,17.284008026123047,164.49844786565814,166.18509178125927,129.87,-36.3150917812593,0.0,False,0.0,0.0,False,False,False,170943.45777827536,1326.825834935019
303.1420000000071,28.9,False,True,NORMAL,2035.0415336024105,334.08624852099484,-1051.9866250863547,-364.7125594623092,264.84805647126643,0.0,2400.752722464184,2621.123708217483,179.70557704877638,32.3729785021066,-92.5436495971167,-11.084444317968417,13.270960968943344,0.0,191.7438899338391,182.5982041519893,17.291133880615234,165.30707027137407,166.01336111892132,129.87,-36.14336111892129,0.0,False,0.0,0.0,False,False,False,173903.01430623737,1342.513394248018
303.2430000000022,29.0,False,True,NORMAL,2053.052817472353,337.330912730784,-1061.2621530798156,-364.7125594623092,264.84805647126643,0.0,2418.851624708624,2641.423960653639,180.5201003500774,32.520305693676555,-92.96691027209886,-11.063117953984344,13.245427768006664,0.0,192.55038419798402,183.42594394690244,17.25786590576172,166.16807804114072,165.3956601368533,129.87,-35.525660136853276,0.0,False,0.0,0.0,False,False,False,176905.74739642505,1358.330130283413
303.34300000000803,29.1,False,True,NORMAL,2071.143282409788,340.5900771087895,-1070.5808440622657,-364.7125594623092,264.84805647126643,0.0,2437.0331421777337,2661.817777336711,181.28919839862147,32.66298186643345,-93.40690937690495,-11.095178416662156,13.283812475136621,0.0,193.35795987986015,184.20815356661524,17.307878494262695,166.90027507235254,165.52572458703884,129.87,-35.655724587038776,0.0,False,0.0,0.0,False,False,False,179951.76758307245,1373.5427375917006
303.4429999999993,29.2,False,True,NORMAL,2089.3140851658513,343.87027197838694,-1079.943460980578,-364.7125594623092,264.84805647126643,0.0,2455.2986138326637,2682.306686790925,182.12685672264888,32.94091552551591,-93.84542898934242,-11.149717028375816,13.349109369287557,0.0,194.26701425975156,185.08186257797237,17.392955780029297,167.68890679794308,166.48393731671547,129.87,-36.613937316715464,0.0,False,0.0,0.0,False,False,False,183041.78333165785,1390.0997423070557
303.5420000000013,29.3,False,True,NORMAL,2107.571082504933,347.16934632080824,-1089.3536957175315,-364.7125594623092,264.84805647126643,0.0,2473.6538159373276,2702.8974592971053,183.01309005898582,33.04057132290991,-94.35926574972736,-11.140496634452877,13.338070161154114,0.0,195.1507206698341,185.97169270155808,17.378572463989258,168.59312023756883,167.75182196631545,129.87,-37.88182196631544,0.0,False,0.0,0.0,False,False,False,186176.6370117227,1406.2893302159428
303.64300000001094,29.4,False,True,NORMAL,2125.9113893019453,350.4795905596698,-1098.8107288952299,-364.7125594623092,264.84805647126643,0.0,2492.095586808094,2723.586868767664,183.7930458812604,33.164313454321444,-94.78139780423926,-11.182146746983179,13.387936171743902,0.0,195.97558735425068,186.76122563639268,17.443544387817383,169.3176812485753,167.54184718698883,129.87,-37.67184718698883,0.0,False,0.0,0.0,False,False,False,189356.40486682404,1422.1833220897374
303.7430000000022,29.5,False,True,NORMAL,2144.334397123305,353.8066014337963,-1108.3061208563208,-364.7125594623092,264.84805647126643,0.0,2510.6234789536607,2744.3710956430377,184.66711054593094,33.375904028208176,-95.12644141758138,-11.249731586406394,13.468852791499378,0.0,196.9256197655555,187.65897976671206,17.548973083496094,170.11000668321597,167.68293723552623,129.87,-37.81293723552619,0.0,False,0.0,0.0,False,False,False,192582.57663851802,1440.4210821861852
303.84300000000803,29.6,False,True,NORMAL,2162.837268413731,357.1480846722103,-1117.83930557526,-364.7125594623092,264.84805647126643,0.0,2529.2345536944763,2765.247211496845,185.3903152626005,33.453760740072795,-95.53725296120186,-11.27981738575235,13.50487331335742,0.0,197.6792836528008,188.38450865403036,17.595905303955078,170.78860335007528,169.3445666888036,129.87,-39.47456668880358,0.0,False,0.0,0.0,False,False,False,195855.32595139433,1455.8402329827586
303.9429999999993,29.7,False,True,NORMAL,2181.4166779753546,360.49825511475655,-1127.4103401476536,-364.7125594623092,264.84805647126643,0.0,2547.9252450249473,2786.2119677632722,186.19787596986188,33.549648110852154,-95.88343848667677,-11.284346273047213,13.510295568618828,0.0,198.49635702528562,189.19626820857243,17.602970123291016,171.59329808528142,169.69725092854708,129.87,-39.82725092854707,0.0,False,0.0,0.0,False,False,False,199174.61037124047,1473.2152412603175
304.0430000000051,29.8,False,True,NORMAL,2200.0766706887325,363.85869612610657,-1137.018509102682,-364.7125594623092,264.84805647126643,0.0,2566.6996127057087,2807.268777995032,187.00197829769928,33.65917211614883,-96.27994061389076,-11.295756525810623,13.52395660698261,0.0,199.31738142905553,190.0070518554449,17.620769500732422,172.38628235471248,169.6303777845482,129.87,-39.76037778454821,0.0,False,0.0,0.0,False,False,False,202541.64802543365,1490.2302294271385
304.14300000001094,29.9,False,True,NORMAL,2218.821088533089,367.2298061579352,-1146.6641810195115,-364.7125594623092,264.84805647126643,0.0,2585.561473450847,2828.421269370329,187.886378589432,33.76302852042289,-96.6334977227033,-11.317402014952354,13.549871883681503,0.0,200.22666632669373,190.8958704485832,17.6545352935791,173.2413351550041,169.76369279032977,129.87,-39.89369279032974,0.0,False,0.0,0.0,False,False,False,205957.5098405684,1508.9129415610457
304.2430000000022,30.0,True,False,BLACKOUT,2237.641840093752,370.6107414475431,-1156.3488023987306,-364.7125594623092,264.84805647126643,0.0,2604.502671609722,2849.6625623450855,188.52865262381857,33.85567727173605,-97.05892986168159,-11.364509045408406,13.606271243415907,0.0,200.91618781626204,191.5444067146843,17.72801971435547,173.81638700032883,166.54086394484617,129.87,-36.67086394484613,11.765530586242676,False,[192.82374146],190.06709460544502,True,False,False,209421.42202469497,1523.6537307637316
304.34300000000803,30.1,True,False,BLACKOUT,2256.5305716098774,373.9974248451916,-1166.0725155354546,-364.7125594623092,264.84805647126643,0.0,2623.5146534390747,2870.984891687299,189.24597769869715,33.87799068123378,-97.41533287279475,-11.397556228401271,13.645837311235915,0.0,201.6610218578241,192.25441042465982,17.779571533203125,174.4748388914567,167.51806516796032,129.87,-37.64806516796028,12.160231590270996,False,0.0,0.0,True,False,False,212932.5998796016,1540.0783950693046
304.4429999999993,30.2,True,False,BLACKOUT,2275.4854125569123,377.3892356266812,-1175.8405550817333,-364.7125594623092,264.84805647126643,0.0,2642.5954757510845,2892.388607956237,189.85084124199975,33.95822494855858,-97.9454580527792,-11.414950383546177,13.666662636114097,0.0,202.28610031274388,192.86394935796554,17.806705474853516,175.05724388311202,171.40887572690662,129.87,-41.538875726906554,11.498504638671875,False,0.0,0.0,True,False,False,216490.63762508155,1553.4240035825444
304.5430000000051,30.3,True,False,BLACKOUT,2294.510071134187,380.7919690861113,-1185.6665399515766,-364.7125594623092,264.84805647126643,0.0,2661.7490471396786,2913.882827759162,190.64233030349396,34.09644424004318,-98.57423934408389,-11.459014109337835,13.719418369135315,0.0,203.1260116204168,193.6674097863677,17.875442504882812,175.7919672814849,170.41299588065598,129.87,-40.54299588065601,11.752431869506836,False,0.0,0.0,True,False,False,220095.10157264856,1568.6460349535141
304.64300000001094,30.4,True,False,BLACKOUT,2313.6186466996537,384.2045435596508,-1195.5420547291021,-364.7125594623092,264.84805647126643,0.0,2680.9893735169994,2935.4769332319675,191.52918100584273,34.155045230746765,-98.93605620642641,-11.485576082230281,13.75121995479914,0.0,204.03751537749298,194.55074991241548,17.91687774658203,176.63387216583345,170.52024329210283,129.87,-40.6502432921028,12.042320251464844,False,0.0,0.0,True,False,False,223749.57281199697,1587.9305694116965
304.7430000000022,30.5,True,False,BLACKOUT,2332.8153896018916,387.6274449802846,-1205.4610531630328,-364.7125594623092,264.84805647126643,0.0,2700.320687293485,2957.172325874515,192.405677038912,34.302983181929676,-99.44391247219129,-11.476453504447619,13.740297858010438,0.0,204.91643951286596,195.43960502411443,17.902647018432617,177.5369580056818,171.22851126530108,129.87,-41.35851126530105,11.694881439208984,False,0.0,0.0,True,False,False,227456.00211209577,1605.9384558130514
304.84300000000803,30.6,True,False,BLACKOUT,2352.097637104471,391.0682139757537,-1215.425635990159,-364.7125594623092,264.84805647126643,0.0,2719.7406443132927,2978.967715325523,193.2392730126753,34.51239672745177,-99.84774407033407,-11.50023260814916,13.768767625916443,0.0,205.78766559286706,196.29702535275538,17.939741134643555,178.35728421811183,170.9753492894511,129.87,-41.105349289451055,11.784919738769531,False,0.0,0.0,True,False,False,231214.5225408256,1624.7507199203433
304.9429999999993,30.7,True,False,BLACKOUT,2371.463584824371,394.5287028680393,-1225.435398346939,-364.7125594623092,264.84805647126643,0.0,2739.2475175882532,3000.8613560334857,194.0796813853257,34.69738111825993,-100.34750306526772,-11.547218591131617,13.825022060361734,0.0,206.68351982335167,197.1568689726415,18.013036727905273,179.14383224473622,169.54159433969747,129.87,-39.671594339697435,12.051908493041992,False,0.0,0.0,True,False,False,235025.55031944497,1642.7334511427534
305.0430000000051,30.8,True,False,BLACKOUT,2390.9179633543404,398.00669357978285,-1235.4895880150727,-364.7125594623092,264.84805647126643,0.0,2758.8459182990555,3022.857145650289,195.00788921406746,34.86243311660997,-100.73629029740479,-11.58352427429749,13.868489399853356,0.0,207.65538230419872,198.0996367955684,18.069671630859375,180.029965164709,167.90062463332015,129.87,-38.030624633320144,11.773648262023926,False,0.0,0.0,True,False,False,238890.46777344868,1663.3141714970102
305.14300000001094,30.9,True,False,BLACKOUT,2410.470370662414,401.5010072536816,-1245.5909556990075,-364.7125594623092,264.84805647126643,0.0,2778.5453612660685,3044.964885435028,196.04025694740872,35.02384036136626,-101.29106338129002,-11.617920097324436,13.909670140338951,0.0,208.72883528076386,199.14429878272816,18.123327255249023,181.02097152747913,170.30043698839725,129.87,-40.43043698839722,11.616897583007812,False,0.0,0.0,True,False,False,242811.0609320416,1683.847267083635
305.24400000000605,31.0,True,False,BLACKOUT,2430.116669114084,405.0127279190172,-1255.7501758592487,-364.7125594623092,264.84805647126643,0.0,2798.3417503991486,3067.185200831131,196.8857120859837,35.21057294534555,-101.89333982353047,-11.6348765252416,13.929971391949426,0.0,209.60367333910506,200.00941995502203,18.149778366088867,181.85964158893316,173.67651941651212,129.87,-43.80651941651206,11.809029579162598,False,[197.33253721],273.93146275860465,True,False,False,246785.99074526053,1701.2910470983197
305.34300000000803,31.1,True,False,BLACKOUT,2449.84986942661,408.54705873256785,-1265.964109216808,-364.7125594623092,264.84805647126643,0.0,2818.2283564970367,3089.510672451075,197.77829416453878,35.47604332566774,-102.3853273276611,-11.643355961901934,13.940123481646472,0.0,210.52606343445805,200.93482349428504,18.163005828857422,182.77181766542762,172.90253100446736,129.87,-43.03253100446733,12.165184020996094,False,0.0,0.0,True,False,False,250815.28411546722,1721.0397004585473
305.44200000001,31.2,True,False,BLACKOUT,2469.6657722374957,412.0935557170384,-1276.2300922315462,-364.7125594623092,264.84805647126643,0.0,2838.200444693346,3111.9358946763105,198.53976205317528,35.45389636374331,-102.93433296710072,-11.614391380063914,13.905445348577498,0.0,211.25601517209978,201.68047967887847,18.117822647094727,183.56265703178374,167.8515993019019,129.87,-37.981599301901895,11.182687759399414,False,0.0,0.0,True,False,False,254898.89632943092,1737.4648792557869
305.5420000000013,31.3,True,False,BLACKOUT,2489.562305108444,415.6411163140971,-1286.5451468305168,-364.7125594623092,264.84805647126643,0.0,2858.2553331389336,3134.4572040865883,199.3908953657922,35.49731557743061,-103.36675901231492,-11.624854038968381,13.917971870789124,0.0,212.11627606495,202.5260194838579,18.134143829345703,184.3918756545122,166.52860148812434,129.87,-36.65860148812436,11.125475883483887,False,0.0,0.0,True,False,False,259037.1563462986,1756.9280482095965
305.64300000001094,31.4,True,False,BLACKOUT,2509.5376528626934,419.1946022884678,-1296.905547557728,-364.7125594623092,264.84805647126643,0.0,2878.3914152276134,3157.071608079556,200.11605971919525,35.57240390998328,-103.84125553190515,-11.70084006213971,14.008946891165856,0.0,212.91167584606177,203.25312611980044,18.25267791748047,185.00044820231997,171.46995790495816,129.87,-41.59995790495816,10.765275955200195,False,0.0,0.0,True,False,False,263230.9763057023,1774.1776752744597
305.7430000000022,31.5,True,False,BLACKOUT,2529.585046158668,422.75224061341703,-1307.3090587296542,-364.7125594623092,264.84805647126643,0.0,2898.601794188522,3179.771900044016,200.83180620029196,35.58036258900078,-104.22896790662493,-11.697332130808997,14.00474698556516,0.0,213.62149196283474,203.95925226288804,18.24720573425293,185.7120465286351,169.0335222383265,129.87,-39.16352223832649,11.989595413208008,False,0.0,0.0,True,False,False,267480.05094002414,1792.2347106480197
305.8440000000119,31.6,True,False,BLACKOUT,2549.7104325001314,426.3174434018602,-1317.7788774690673,-364.7125594623092,264.84805647126643,0.0,2918.892553520092,3202.5731699523553,201.67592062898143,35.723693179862906,-105.16740688163833,-11.677314057701137,13.98078014886436,0.0,214.45828736223788,204.8154271922801,18.215978622436523,186.5994485698436,166.48388568248163,129.87,-36.61388568248162,12.11465072631836,False,0.0,0.0,True,False,False,271782.98408400104,1806.6715144088564
305.9429999999993,31.7,True,False,BLACKOUT,2569.9212299725723,429.90135233834854,-1328.3166618122457,-364.7125594623092,264.84805647126643,0.0,2939.2716901588938,3225.483409136923,202.54002881983422,35.95448554990452,-105.58827998193141,-11.685853406747393,13.99100396926006,0.0,215.34884057942017,205.70655873233008,18.229299545288086,187.477259187042,165.05916932224508,129.87,-35.18916932224511,11.736495018005371,False,0.0,0.0,True,False,False,276141.71392937156,1827.6454799081903
306.0430000000051,31.8,True,False,BLACKOUT,2590.22324483909,433.4988164484035,-1338.9086993082003,-364.7125594623092,264.84805647126643,0.0,2959.7446995278533,3248.5019919135652,203.50026851051857,35.994796651193475,-106.2524699371573,-11.647087647653533,13.944591279448257,0.0,216.27435451016262,206.65910255736117,18.168827056884766,188.4902755004764,167.84567367826742,129.87,-37.97567367826741,11.877952575683594,False,0.0,0.0,True,False,False,280559.5573775615,1847.005839162081
306.14300000001094,31.9,True,False,BLACKOUT,2610.616815964719,437.1061286906917,-1349.5568588954989,-364.7125594623092,264.84805647126643,0.0,2980.311684324937,3271.6297851553477,204.37115400206005,36.15144819457045,-106.71072180881463,-11.629984495525953,13.924114360820676,0.0,217.14176521712787,207.54396111353964,18.142147064208984,189.40181404933065,169.01646074740253,129.87,-39.1464607474025,11.80173397064209,False,0.0,0.0,True,False,False,285036.85174517735,1867.782643463432
306.2430000000022,32.0,True,False,BLACKOUT,2631.1034678510873,440.7334957379605,-1360.2612634726186,-364.7125594623092,264.84805647126643,0.0,3000.974734524411,3294.8687473339487,205.3618837253077,36.39589275080452,-107.37736973357813,-11.648466855231451,13.946242549409074,0.0,218.1684648459844,208.5621353370138,18.170978546142578,190.39115679087124,167.47037514718534,129.87,-37.60037514718533,12.388876914978027,False,[194.02812949],299.522258330446,True,False,False,289574.82568971993,1888.5727429627582
306.34300000000803,32.1,True,False,BLACKOUT,2651.6826353493525,444.3826400599174,-1371.0266302691703,-364.7125594623092,264.84805647126643,0.0,3021.7333830083744,3318.2204054122853,206.22146623999416,36.586993688334154,-107.92996619745345,-11.604519286106374,13.893625886109733,0.0,219.0049061382507,209.441880351861,18.1024227142334,191.3394576376276,164.00196924632093,129.87,-34.13196924632092,12.657758712768555,False,0.0,0.0,True,False,False,294173.42681946553,1908.506868462451
306.4429999999993,32.2,True,False,BLACKOUT,2672.358708194652,448.0551555681006,-1381.8556121821002,-364.7125594623092,264.84805647126643,0.0,3042.5921064097533,3341.6899405699064,207.2999906659982,36.8633164753298,-108.64967206114873,-11.617559400307162,13.909238292255226,0.0,220.11765815642326,210.55210811502994,18.122764587402344,192.4293435276276,168.0068805328664,129.87,-38.13688053286643,12.499871253967285,False,0.0,0.0,True,False,False,298833.8210729512,1930.6505211852163
306.5430000000051,32.3,True,False,BLACKOUT,2693.13476836815,451.74104491267997,-1392.7535669656913,-468.2137422528006,392.26674941573657,0.0,3161.9079046408297,3455.057755772806,208.2212128039619,36.85447041625791,-109.30942361067075,-9.751109294413085,15.300282037604186,0.0,219.03542233533878,211.45762093435084,18.143394470214844,193.314226464136,171.65236031618323,122.50999999999996,-49.14236031618327,11.796369552612305,False,0.0,0.0,True,False,False,303556.18238434265,1950.1080134330405
306.64300000001094,32.4,True,False,BLACKOUT,2713.9992296886694,455.4322335736149,-1403.7133113203813,-468.2137422528006,392.26674941573657,0.0,3182.8398133084647,3478.6319635108703,209.06801360642382,36.96930280244064,-109.88546348312651,-9.736089552382426,15.276714843117624,0.0,219.87679261691648,212.31147793521282,18.115447998046875,194.19602993716595,171.48945346402684,122.50999999999996,-48.9794534640269,11.999639511108398,False,0.0,0.0,True,False,False,308339.7591870205,1969.8254687836256
306.7430000000022,32.5,True,False,BLACKOUT,2734.948839224564,459.1303006709616,-1414.7333376718664,-468.2137422528006,392.26674941573657,0.0,3203.8603680346614,3502.3123325288075,209.9241771114655,36.99203914449287,-110.51506354657516,-9.722073381703662,15.254722333547956,0.0,220.71924768322177,213.1585585802119,18.08936882019043,195.06918976002146,167.75371881817574,122.50999999999996,-45.24371881817581,11.710626602172852,False,0.0,0.0,True,False,False,313184.8246857163,1988.9191358518515
306.84300000000803,32.6,True,False,BLACKOUT,2755.988908734384,462.8333145092047,-1425.8227112085435,-468.2137422528006,392.26674941573657,0.0,3224.974786683127,3526.107312397052,210.87721308493212,37.0682376203678,-111.27240718696893,-9.7206987247242,15.252565385158215,0.0,221.67399994102828,214.1103762986463,18.086811065673828,196.02356523297246,164.3760793023413,122.50999999999996,-41.86607930234135,12.230460166931152,False,0.0,0.0,True,False,False,318091.63250975235,2008.5250006485937
306.9429999999993,32.7,True,False,BLACKOUT,2777.1163256254176,466.5505722546791,-1436.9848892597363,-468.2137422528006,392.26674941573657,0.0,3246.1801145053564,3550.015620778425,211.67112473573988,37.276917289120334,-111.97115383688627,-9.69914705556964,15.218749066779463,0.0,222.46653685056395,214.92843834512237,18.046710968017578,196.8817273771048,164.0301482390525,122.50999999999996,-41.52014823905256,11.566229820251465,False,0.0,0.0,True,False,False,323060.00263593986,2026.6122767119055
307.0430000000051,32.8,True,False,BLACKOUT,2798.3239894792,470.2850804310917,-1448.2193995956766,-468.2137422528006,392.26674941573657,0.0,3267.4692979128763,3574.0306437086583,212.48215233991152,37.41324623913307,-112.71905288191658,-9.670017858904115,15.173042992623705,0.0,223.2626555528031,215.7508193661182,17.992511749267578,197.75830761685063,166.31014230270185,122.50999999999996,-43.800142302701886,11.362870216369629,False,0.0,0.0,True,False,False,328089.3071316989,2044.312809610943
307.14300000001094,32.9,True,False,BLACKOUT,2819.6193436935114,474.0395652924482,-1459.525530122726,-468.2137422528006,392.26674941573657,0.0,3288.849828505348,3598.158969186837,213.4249319463144,37.67645098799491,-113.40355765906965,-9.672171590681787,15.176422372613894,0.0,224.22883154110704,216.72497902950576,17.996519088745117,198.72845994076064,164.8555172833999,122.50999999999996,-42.34551728339994,12.731972694396973,False,0.0,0.0,True,False,False,333181.84200392605,2065.7079780768668
307.2430000000022,33.0,True,False,BLACKOUT,2841.00687805216,477.81540310862937,-1470.9020253687636,-468.2137422528006,392.26674941573657,0.0,3310.326220480425,3622.404236723746,214.32575522665817,37.84030533562861,-114.12634726168397,-9.686615227401141,15.199085611101177,0.0,225.1536518625915,217.64057080740025,18.023393630981445,199.6171771764188,161.30513506475222,122.50999999999996,-38.79513506475229,12.699464797973633,False,[186.41776366],287.6422814792686,True,False,False,338339.40720812435,2085.7298354380887
307.34300000000803,33.1,True,False,BLACKOUT,2862.489772763458,481.6147955756828,-1482.3479174348477,-468.2137422528006,392.26674941573657,0.0,3331.9017059772727,3646.7690256743285,215.33213899929348,38.14754400543955,-114.79149405999809,-9.682416424278184,15.192497348159806,0.0,226.18241381571977,218.6850822522149,18.015581130981445,200.66950112123345,160.75463686040348,122.50999999999996,-38.244636860403546,12.442363739013672,False,0.0,0.0,True,False,False,343563.5557743029,2109.017100282633
307.4429999999993,33.2,True,False,BLACKOUT,2884.071635088965,485.4338912016334,-1493.868397850759,-468.2137422528006,392.26674941573657,0.0,3353.57978396936,3671.2586612148666,216.30510751085635,38.234368513572505,-115.61811425822913,-9.675893723040053,15.182262700431306,0.0,227.15371998075344,219.65829479196725,18.00344467163086,201.6548501203364,161.49227130919573,122.50999999999996,-38.98227130919577,11.42166519165039,False,0.0,0.0,True,False,False,348854.78075548477,2129.1816300211253
307.5430000000051,33.3,True,False,BLACKOUT,2905.7515416104907,489.2719108682189,-1505.4702338558093,-468.2137422528006,392.26674941573657,0.0,3375.359497603644,3695.875047006999,217.29302291964856,38.526024818138204,-116.41860584277312,-9.675511361329882,15.181662743869506,0.0,228.16589314424328,220.68192585222454,18.00273323059082,202.67919262163372,165.73424146286524,122.50999999999996,-43.22424146286528,11.958333969116211,False,0.0,0.0,True,False,False,354212.51235320687,2150.84178983256
307.64300000001094,33.4,True,False,BLACKOUT,2927.5279168482125,493.1302542002202,-1517.1495710318843,-468.2137422528006,392.26674941573657,0.0,3397.2393000716793,3720.6152290762,218.23448183478553,38.64084182188685,-117.16813767872564,-9.660203566643569,15.157643571383304,0.0,229.10139291215316,221.62897761439368,17.97425079345703,203.65472682093665,164.74637564695522,122.50999999999996,-42.236375646955196,11.732745170593262,False,0.0,0.0,True,False,False,359637.77250275086,2171.822680271136
307.7430000000022,33.5,True,False,BLACKOUT,2949.404072063453,497.001855077689,-1528.9005297642025,-468.2137422528006,392.26674941573657,0.0,3419.2222751803997,3745.479648456668,219.28862247002834,38.791175727490746,-117.85103696763966,-9.651388745341245,15.143812401209269,0.0,230.15804684515967,222.69318637785864,17.957849502563477,204.73533687529516,161.02421240095268,122.50999999999996,-38.514212400952715,12.065549850463867,False,0.0,0.0,True,False,False,365132.64991399716,2196.0556681859125
307.84300000000803,33.6,True,False,BLACKOUT,2971.377534595926,500.8862854499281,-1540.7296811908718,-468.2137422528006,392.26674941573657,0.0,3441.3059084280985,3770.4687116968184,220.18062817942834,38.897431717290495,-118.73199156574579,-9.646647665154799,15.13637326153548,0.0,231.05229845444066,223.5900695909569,17.94902801513672,205.64104157582017,157.42114050650758,122.50999999999996,-34.91114050650759,11.38520622253418,False,0.0,0.0,True,False,False,370696.25852700433,2214.805942814207
307.9429999999993,33.7,True,False,BLACKOUT,2993.4470304452448,504.7892478130813,-1552.639015431251,-468.2137422528006,392.26674941573657,0.0,3463.4890815306476,3795.582238619173,221.2092888069438,39.161815545774445,-119.45469324183667,-9.631992858161192,15.11337867974597,0.0,232.09055266530711,224.64905352864304,17.92176055908203,206.727292969561,157.11381338179817,122.50999999999996,-34.60381338179826,12.017762184143066,False,0.0,0.0,True,False,False,376328.9209448687,2238.868423371212
308.0430000000051,33.8,True,False,BLACKOUT,3015.6186339354704,508.7167024920978,-1564.6203512728084,-468.2137422528006,392.26674941573657,0.0,3485.7780504428424,3820.8226156897354,222.22278099756736,39.38727803455486,-120.17202358931208,-9.617693760318872,15.090942234489823,0.0,233.1100977419717,225.68633557498362,17.89515495300293,207.7911806219807,158.70417380620793,122.50999999999996,-36.194173806207914,11.711149215698242,False,0.0,0.0,True,False,False,382034.27240189526,2262.78634453592
308.14400000000023,33.9,True,False,BLACKOUT,3037.8836624434725,512.6681728975145,-1576.674112731525,-468.2137422528006,392.26674941573657,0.0,3508.1641230128303,3846.1821033008982,223.07778916247355,39.642130073780045,-120.9032055850176,-9.62108581098632,15.096264637339676,0.0,233.98988423420735,226.57272230876228,17.901466369628906,208.67125593913337,152.57880033685905,122.50999999999996,-30.068800336859056,12.450301170349121,False,0.0,0.0,True,False,False,387811.0455573352,2283.7031533173567
308.2430000000022,34.0,True,False,BLACKOUT,3060.2426765146047,516.652266416572,-1588.8069188679308,-468.2137422528006,392.26674941573657,0.0,3530.6481637201505,3871.6642263273657,224.10249226016825,40.03974030736937,-121.75291714309994,-9.621647564919764,15.097146074862106,0.0,235.05128492315202,227.65128561266758,17.902511596679688,209.7487740159879,147.57183182305286,122.50999999999996,-25.0618318230529,12.22413158416748,False,[175.22463408],175.97971797947224,True,False,False,393659.34764681966,2307.238953058464
308.34300000000803,34.1,True,False,BLACKOUT,3082.6940405888554,520.658605070619,-1601.0171680162466,-468.2137422528006,392.26674941573657,0.0,3553.2281872747703,3897.2665450449645,224.92478922484662,40.087032773571764,-122.45206582321654,-9.62521388231839,15.102741916359427,0.0,235.87691440072913,228.46910295361843,17.909147262573242,210.5599556910452,147.7657102025073,122.50999999999996,-25.255710202507316,12.149937629699707,False,0.0,0.0,True,False,False,399579.388513775,2327.495634351095
308.4429999999993,34.2,True,False,BLACKOUT,3105.2384743050416,524.6813535352954,-1613.2994620682591,-468.2137422528006,392.26674941573657,0.0,3575.904692718515,3922.9873216359024,225.9638850988752,40.367936519954824,-123.19381521703403,-9.63478932664738,15.117766565806532,0.0,236.94789822612222,229.54138552308333,17.926963806152344,211.614421716931,150.62282600777905,122.50999999999996,-28.112826007779063,12.276302337646484,False,0.0,0.0,True,False,False,405572.71850718674,2352.6106697620257
308.5430000000051,34.3,True,False,BLACKOUT,3127.8851473461377,528.7354480484559,-1625.6610004832305,-468.2137422528006,392.26674941573657,0.0,3598.6873897966225,3948.838388434422,226.96957572304183,40.71395374325296,-124.03695308239482,-9.629551073727871,15.109547321756141,0.0,237.9805295169987,230.59231195619978,17.917217254638672,212.6750947015611,153.69553970766995,122.50999999999996,-31.18553970766999,12.264050483703613,False,0.0,0.0,True,False,False,411641.56992895785,2376.1983893063816
308.6420000000071,34.4,True,False,BLACKOUT,3150.632717316551,532.8140751500134,-1638.0972742895594,-468.2137422528006,392.26674941573657,0.0,3621.5746918583204,3974.81646478722,227.9818236852267,40.85858828789697,-124.6885230441833,-9.631745809442288,15.112991040251618,0.0,239.00427650072675,231.61419681816065,17.921300888061523,213.69289593009913,151.87329248501814,122.50999999999996,-29.363292485018178,12.338655471801758,False,0.0,0.0,True,False,False,417786.9274603869,2401.828335807232
308.7459999999992,34.5,True,False,BLACKOUT,3173.477113206418,536.9075886306666,-1650.6056629496884,-468.2137422528006,392.26674941573657,0.0,3644.5621491619668,4000.916434226748,228.9060941121148,41.01168132516606,-125.47925015839472,-9.638138323181245,15.123021413225834,0.0,239.94493855920496,232.55097919979036,17.933195114135742,214.61778408565462,149.7718761089115,122.50999999999996,-27.26187610891151,12.374732971191406,False,0.0,0.0,True,False,False,424008.6893048118,2424.09207736402
308.8440000000119,34.6,True,False,BLACKOUT,3196.4144389703424,541.0121133565108,-1663.1937413292746,-468.2137422528006,392.26674941573657,0.0,3667.6456876187913,4027.1377318271084,229.84042116636823,41.07881319171687,-126.28231743333372,-9.638511459005649,15.123606893623943,0.0,240.88136479471578,233.48252203360641,17.933889389038086,215.54863264456833,153.4347124437639,122.50999999999996,-30.92471244376395,12.253911018371582,False,0.0,0.0,True,False,False,430305.18680714717,2446.2605088981786
308.9429999999993,34.7,True,False,BLACKOUT,3219.4456817924415,545.1307777629007,-1675.8674161714787,-468.2137422528006,392.26674941573657,0.0,3690.8263897008496,4053.483814633713,230.7844352756157,41.29447493608124,-127.19117941074796,-9.634559704601594,15.117406270176925,0.0,241.83988933018725,234.44975842540654,17.926536560058594,216.52322186534795,155.16214948248526,122.50999999999996,-32.6521494824853,12.25467586517334,False,0.0,0.0,True,False,False,436676.4622392558,2468.020109983598
309.0430000000051,34.8,True,False,BLACKOUT,3242.5685978566316,549.2756943879765,-1688.6276883603905,-468.2137422528006,392.26674941573657,0.0,3714.1025005335177,4079.953535809775,231.6738860081927,41.6038575654336,-128.01426436748972,-9.650387224186185,15.14224093321764,0.0,242.77071900442655,235.3798428550371,17.95598602294922,217.4238568320879,153.9229582107002,122.50999999999996,-31.412958210700197,11.9130220413208,False,0.0,0.0,True,False,False,443123.01412689156,2490.2832328738123
309.14300000001094,34.9,True,False,BLACKOUT,3265.773892367362,553.4370320308321,-1701.4725267121266,-468.2137422528006,392.26674941573657,0.0,3737.4643162837697,4106.537260837975,232.43200420641548,41.62289529167905,-128.88250266723284,-9.66699996915949,15.168307678634594,0.0,243.54008505496856,236.1294178874653,17.986896514892578,218.14252137257273,148.7000810789751,122.50999999999996,-26.19008107897514,12.076151847839355,False,0.0,0.0,True,False,False,449643.1539848052,2508.1343928405413
309.24400000000605,35.0,True,False,BLACKOUT,3289.06060565504,557.6093796916253,-1714.4032379048695,-468.2137422528006,392.26674941573657,0.0,3760.9106225531123,4133.234468666342,233.30226154714927,41.824057924186384,-129.73172118762193,-9.64859740234715,15.13943255746187,0.0,244.4119250267068,237.02151181751447,17.952655792236328,219.06885602527814,139.39923489406257,122.50999999999996,-16.88923489406261,12.405747413635254,False,[169.74942698],122.35751402785299,True,False,False,456236.82130390324,2529.532642110973
309.34300000000803,35.1,True,False,BLACKOUT,3312.430054961442,561.7884689327038,-1727.4167691231141,-468.2137422528006,392.26674941573657,0.0,3784.4425130793725,4160.044931133588,234.08672458088182,41.75772689738289,-130.53890317727246,-9.644033664187138,15.132271681823445,0.0,245.18074430948286,237.78204806217403,17.944164276123047,219.83788378605098,131.64963579637293,122.50999999999996,-9.139635796373,11.928848266601562,False,0.0,0.0,True,False,False,462905.35424626723,2548.6583283189757
309.4429999999993,35.2,True,False,BLACKOUT,3335.8891481233504,565.9609593523392,-1740.5110252557981,-468.2137422528006,392.26674941573657,0.0,3808.066238805949,4186.973502205463,235.095138657285,41.692081495322434,-131.34621947640548,-9.656825867353982,15.152343687010301,0.0,246.18668083713237,238.76338471319397,17.967966079711914,220.79541863348206,135.87232676266098,122.50999999999996,-13.362326762660985,11.592016220092773,False,0.0,0.0,True,False,False,469651.02359224635,2572.9109562986737
309.54400000000896,35.3,True,False,BLACKOUT,3359.463990607376,570.1327698451878,-1753.6854506975515,-468.2137422528006,392.26674941573657,0.0,3831.808078160627,4214.043878253442,236.40171102322805,41.74412836165134,-132.14228935866092,-9.658826859467267,15.1554834060683,0.0,247.49291776472188,240.05903696254353,17.971689224243164,222.08734773830037,141.7303993246571,122.50999999999996,-19.220399324657137,11.466514587402344,False,0.0,0.0,True,False,False,476481.8327778907,2604.640615006901
309.64300000001094,35.4,True,False,BLACKOUT,3383.1540149470693,574.3184239280256,-1766.94029862903,-468.2137422528006,392.26674941573657,0.0,3855.668089111339,4241.256232805409,237.3987757706366,41.96895329510274,-132.95466927090982,-9.653141663637207,15.14656287231028,0.0,248.50370326404382,241.08001115414675,17.961111068725586,223.11890008542116,138.72444640030886,122.50999999999996,-16.214446400308873,11.434069633483887,False,0.0,0.0,True,False,False,483399.1621436377,2630.210641616612
309.7430000000022,35.5,True,False,BLACKOUT,3406.93996465348,578.5225945606036,-1780.2847530026775,-468.2137422528006,392.26674941573657,0.0,3879.6272362174327,4268.597110734851,238.32021835757575,42.114459356457125,-133.9344182020397,-9.636258292681365,15.120071492758433,0.0,249.42155337689906,242.01271488268807,17.929697036743164,224.0830178459449,130.87098489274263,122.50999999999996,-8.360984892742636,11.528008460998535,False,0.0,0.0,True,False,False,490397.21131334174,2651.7193176126
309.84300000000803,35.6,True,False,BLACKOUT,3430.806302092994,582.7405200647739,-1793.725872340837,-468.2137422528006,392.26674941573657,0.0,3903.669755949592,4296.055175229997,239.00653043270498,42.24405072695144,-134.8879685611509,-9.630055422149866,15.110338685371168,0.0,250.11275488210114,242.71110689727567,17.918155670166016,224.79295122710965,123.60267603388561,122.50999999999996,-1.0926760338856525,11.448562622070312,False,0.0,0.0,True,False,False,497470.92965692404,2668.3203645871154
309.94400000000314,35.7,True,False,BLACKOUT,3454.7606218786286,586.974104851396,-1807.261573884571,-468.2137422528006,392.26674941573657,0.0,3927.8033066706816,4323.636572647252,240.07986527998412,42.42764500548817,-135.82606231352375,-9.65005406720011,15.141718182862183,0.0,251.2161507939345,243.80001389164656,17.955366134643555,225.844647757003,130.8220586937059,122.50999999999996,-8.312058693705922,12.140815734863281,False,0.0,0.0,True,False,False,504623.51068639103,2694.3293291940404
310.04400000000896,35.8,True,False,BLACKOUT,3478.8200061675066,591.2282139237295,-1820.890857759466,-468.2137422528006,392.26674941573657,0.0,3952.0451763015094,4351.356638038306,241.1078204975679,42.65453644118473,-136.75961518437586,-9.663586391425248,15.162951498069466,0.0,252.27383089763686,244.85177267910433,17.980545043945312,226.87122763515902,133.4634046537777,122.50999999999996,-10.953404653777739,11.529516220092773,False,0.0,0.0,True,False,False,511860.7798459433,2719.7550367205695
310.14400000000023,35.9,True,False,BLACKOUT,3502.9812062133656,595.4953527988355,-1834.6113115417538,-468.2137422528006,392.26674941573657,0.0,3976.39172918819,4379.211098861666,242.11618041960878,42.68824106093457,-137.6494604613834,-9.676054663491787,15.182515229064556,0.0,253.29013917182283,245.8506268974253,18.00374412536621,227.84688277205908,124.0441677764968,122.50999999999996,-1.5341677764968153,11.770282745361328,False,0.0,0.0,True,False,False,519182.7777375513,2744.706451974239
310.2430000000022,36.0,True,False,BLACKOUT,3527.2427649515384,599.7746971160371,-1848.41733200911,-468.2137422528006,392.26674941573657,0.0,4000.841442661817,4407.196260956842,243.11499434384757,42.898645283098375,-138.47094888573758,-9.642567773448409,15.129971580259442,0.0,254.27836016203477,246.87080475814497,17.941436767578125,228.92936799056685,123.90983143692819,122.50999999999996,-1.3998314369281957,12.09033203125,False,[162.38984593],77.68881078327192,True,False,False,526591.0190051519,2771.3293852449287
310.34300000000803,36.1,True,False,BLACKOUT,3551.606801604965,604.0706103892327,-1862.3113850778882,-468.2137422528006,392.26674941573657,0.0,4025.3966364004705,4435.315296045474,244.16573872468226,43.019620180811906,-139.41011248982534,-9.62215088824334,15.097935830014501,0.0,255.31923815327366,247.92659334462516,17.9034481048584,230.02314523976676,120.57912571239049,122.50999999999996,1.9308742876094698,12.005939483642578,False,0.0,0.0,True,False,False,534086.71991565,2797.4869148230055
310.4429999999993,36.2,True,False,BLACKOUT,3576.0694105185985,608.3866511377339,-1876.2944662394536,-468.2137422528006,392.26674941573657,0.0,4050.0535838073665,4463.565274055224,245.08643954798578,43.3011947892129,-140.25151074148386,-9.630424457580595,15.11091773191875,0.0,256.2720673998577,248.88221374875675,17.918842315673828,230.96337143308293,119.46399161615443,122.50999999999996,3.0460083838455034,11.278155326843262,False,0.0,0.0,True,False,False,541669.5873964761,2822.70890131065
310.5430000000051,36.3,True,False,BLACKOUT,3600.6269535841616,612.7276262808468,-1890.3683886826213,-468.2137422528006,392.26674941573657,0.0,4074.808904271113,4491.943927884417,246.06442176327874,43.51830807304767,-141.22693812187046,-9.61984851719496,15.094323222942647,0.0,257.25934187822475,249.88305823972425,17.8991641998291,231.98389403989515,117.59871081157347,122.50999999999996,4.911289188426451,11.563232421875,False,0.0,0.0,True,False,False,549339.2601949981,2847.459131059696
310.64300000001094,36.4,True,False,BLACKOUT,3625.2820965920014,617.0885296879638,-1904.5417384206833,-468.2137422528006,392.26674941573657,0.0,4099.66498820629,4520.45708406915,247.03843839351032,43.69976006929209,-142.24005663937004,-9.626891968429787,15.10537496968829,0.0,258.2532297359092,250.87379112617143,17.912269592285156,232.96152153388627,113.05015527902623,122.50999999999996,9.459844720973763,11.473190307617188,False,0.0,0.0,True,False,False,557095.3379532997,2871.663969284402
310.7430000000022,36.5,True,False,BLACKOUT,3650.0375295557615,621.4639119789086,-1918.8125191654167,-468.2137422528006,392.26674941573657,0.0,4124.624210407518,4549.106105685575,248.0702208816931,43.80788574960399,-143.17555825529877,-9.643438082005877,15.131337165034155,0.0,259.3042121817171,251.9086448340794,17.943056106567383,233.96558872751203,109.0033399077523,122.50999999999996,13.506660092247614,10.970582008361816,False,0.0,0.0,True,False,False,564939.5395719404,2898.1798553449416
310.84300000000803,36.6,True,False,BLACKOUT,3674.8874691951946,625.8552725227631,-1933.176269527208,-468.2137422528006,392.26674941573657,0.0,4149.6808607926905,4577.8839801257855,248.92857190697595,44.01932512748536,-144.09944898052788,-9.623765418252779,15.10046915866017,0.0,260.16458515117796,252.7906938483412,17.906452178955078,234.8842416693861,106.1306671592555,122.50999999999996,16.379332840744496,10.316234588623047,False,0.0,0.0,True,False,False,572871.9510190861,2921.24679687135
310.94400000000314,36.7,True,False,BLACKOUT,3699.8282897774284,630.2661589687302,-1947.6372696775938,-468.2137422528006,392.26674941573657,0.0,4174.831505548249,4606.789449709575,249.887839737695,44.19840379185692,-145.12055402718758,-9.610056777099624,15.078959187880153,0.0,261.1265983189899,253.7664898021801,17.880945205688477,235.88554459649163,100.1312693071476,122.50999999999996,22.3787306928524,10.648805618286133,False,0.0,0.0,True,False,False,580891.620249973,2945.6052165959827
311.0430000000051,36.8,True,False,BLACKOUT,3724.8702805357198,634.6936947671428,-1962.1978629435932,-468.2137422528006,392.26674941573657,0.0,4200.086242685592,4635.832708299252,250.95197542813588,44.35231217639671,-146.0913112927992,-9.66165920639811,15.159927588320986,0.0,262.2435163647721,254.84116929310355,17.976959228515625,236.86421006458792,96.25319980347787,122.50999999999996,26.256800196522136,10.517723083496094,False,0.0,0.0,True,False,False,589001.8539368217,2973.3475232308197
311.14300000001094,36.9,True,False,BLACKOUT,3750.0160939862158,639.1355295431016,-1976.8547516806345,-468.2137422528006,392.26674941573657,0.0,4225.4475675292215,4665.014668270714,251.9642935817909,44.48438334277961,-147.04646344803024,-9.656206707909092,15.151372175580471,0.0,263.25977990564365,255.86102790686644,17.966814041137695,237.89421386572874,92.02455887334804,122.50999999999996,30.48544112665195,10.85865592956543,False,0.0,0.0,True,False,False,597204.8790750353,3000.1140884358933
311.2430000000022,37.0,True,False,BLACKOUT,3775.261153213448,643.5965744966248,-1991.6071663756836,-468.2137422528006,392.26674941573657,0.0,4250.91118107959,4694.331153059662,252.9368909628528,44.73651572768624,-148.00183045295054,-9.626212328178195,15.104308558963162,0.0,264.2299205455482,256.8626610650283,17.9110050201416,238.9516560448867,87.57796769751987,122.50999999999996,34.93203230248014,11.568087577819824,False,[152.25338965],45.070811996370026,True,False,False,605500.5955061554,3026.6518701160326
311.34300000000803,37.1,True,False,BLACKOUT,3800.5995472260383,648.0756046518316,-2006.4541657603204,-468.2137422528006,392.26674941573657,0.0,4276.471100200298,4723.776390785797,253.83098928896158,44.84408737644724,-148.93815723978608,-9.644969579043401,15.133740208206618,0.0,265.1457818451428,257.76183444420036,17.945905685424805,239.81592875877556,84.04130885083364,122.50999999999996,38.46869114916632,11.291292190551758,False,0.0,0.0,True,False,False,613888.1342242564,3050.9339554718367
311.4429999999993,37.2,True,False,BLACKOUT,3826.0336190182984,652.5694173543953,-2021.3966606052916,-468.2137422528006,392.26674941573657,0.0,4302.129458619275,4753.352747085577,254.8504465562347,45.032166674829725,-149.91173965963878,-9.656148277299227,15.151280493210438,0.0,266.18904197849724,258.79846627316374,17.966705322265625,240.83176095089811,80.14190262641327,122.50999999999996,42.36809737358669,11.841076850891113,False,0.0,0.0,True,False,False,622368.6966454976,3078.5540218701776
311.5430000000051,37.3,True,False,BLACKOUT,3851.570567496539,657.0782037060285,-2036.4390465549711,-468.2137422528006,392.26674941573657,0.0,4327.89343550415,4783.06863628504,255.88852300857374,45.14356035783322,-150.93597933394912,-9.666770347113703,15.167947383004988,0.0,267.24174674335956,259.84009938670107,17.986469268798828,241.85363011790224,73.74449362456897,122.50999999999996,48.765506375431016,10.818985939025879,False,0.0,0.0,True,False,False,630944.552695794,3105.8958177064624
311.6420000000071,37.4,True,False,BLACKOUT,3877.2046682335113,661.6016986087569,-2051.582968753503,-468.2137422528006,392.26674941573657,0.0,4353.757282744434,4812.919608172323,256.7934917308711,45.3263376967365,-151.9424646366838,-9.641335605149143,15.128038208175573,0.0,268.14073638590565,260.7630615795334,17.939144134521484,242.82391744501194,73.13982539755018,122.50999999999996,49.370174602449765,11.599347114562988,False,0.0,0.0,True,False,False,639614.3369615828,3130.456087222222
311.7430000000022,37.5,True,False,BLACKOUT,3902.9314202256032,666.1444537868392,-2066.8311545725915,-468.2137422528006,392.26674941573657,0.0,4379.716774907932,4842.90306014087,257.7415481109612,45.5287658649079,-153.0212517450851,-9.628908337019352,15.108538815685769,0.0,269.09543138992103,261.7318745277627,17.9160213470459,243.81585318071683,68.59986560844477,122.50999999999996,53.91013439155523,11.134629249572754,False,0.0,0.0,True,False,False,648377.0078049761,3155.4627948500865
311.84300000000803,37.6,True,False,BLACKOUT,3928.7527554294384,670.7020819787307,-2082.1793304388098,-468.2137422528006,392.26674941573657,0.0,4405.773554798235,4873.018713309655,258.6851559657384,45.62379797292107,-153.94226557927905,-9.657302538118673,15.15309162213426,0.0,270.06691574757934,262.67763676889643,17.968852996826172,244.70878377207026,61.44103430009593,122.50999999999996,61.06896569990403,11.288789749145508,False,0.0,0.0,True,False,False,657234.7543841843,3182.2113934372437
311.9429999999993,37.7,True,False,BLACKOUT,3954.6739933367317,675.2696535318241,-2097.6276388356778,-468.2137422528006,392.26674941573657,0.0,4431.932599370893,4903.271181219103,259.7396021801337,45.72763308894824,-155.0239023580794,-9.65338973745453,15.146952120267265,0.0,271.123149404137,263.73410353727786,17.961572647094727,245.77253089018313,59.82589577360242,122.50999999999996,62.68410422639755,10.081771850585938,False,0.0,0.0,True,False,False,666189.9338629021,3210.0424364570363
312.0430000000051,37.8,True,False,BLACKOUT,3980.691532744966,679.846262325183,-2113.182924451057,-468.2137422528006,392.26674941573657,0.0,4458.19022947072,4933.660121485844,260.6111859845494,45.80454277822836,-156.08180994950192,-9.640997322670975,15.127507415506956,0.0,271.9877259748408,264.60583213413105,17.938514709472656,246.6673174246584,59.46235194562792,122.50999999999996,63.04764805437202,9.560816764831543,False,0.0,0.0,True,False,False,675240.5561890532,3233.2517934807274
312.14300000001094,37.9,True,False,BLACKOUT,4006.7959478106573,684.4375905555771,-2128.852629059032,-468.2137422528006,392.26674941573657,0.0,4484.537381556118,4964.180601350616,261.4771153292723,46.02202182965443,-157.31228221000427,-9.654864854079026,15.14926669799496,0.0,272.88400042429134,265.4963433537395,17.964317321777344,247.53202603196218,61.92167572929109,122.50999999999996,60.58832427070888,10.707479476928711,False,0.0,0.0,True,False,False,684382.8838590102,3254.9362724523853
312.24400000000605,38.0,True,False,BLACKOUT,4032.992048290808,689.0468357821505,-2144.635891481466,-468.2137422528006,392.26674941573657,0.0,4510.979049883403,4994.836843733484,262.44489427374526,46.16288270181375,-158.3529662386709,-9.642578024432595,15.129987664885764,0.0,273.85148010552126,266.4738904089831,17.941455841064453,248.53243456791864,59.538785515461115,122.50999999999996,62.97121448453885,10.77780818939209,False,[137.23857872],23.894730819197285,True,False,False,693619.7644243315,3281.7739799679503
312.34300000000803,38.1,True,False,BLACKOUT,4059.28526109383,693.6693336786864,-2160.526678647598,-468.2137422528006,392.26674941573657,0.0,4537.520329773202,5025.630932753929,263.4193617866927,46.28707522890251,-159.46277708397528,-9.64638011446752,15.135953452788485,0.0,274.8368457611558,267.45514296299217,17.948530197143555,249.50661276584862,52.15750713888247,122.50999999999996,70.35249286111753,10.888690948486328,False,0.0,0.0,True,False,False,702954.9900253325,3308.0079493961634
312.4429999999993,38.2,True,False,BLACKOUT,4085.669381995768,698.303547911104,-2176.5300383455206,-468.2137422528006,392.26674941573657,0.0,4564.154908780945,5056.559407261972,264.2630562520728,46.39720941944951,-160.60441687446718,-9.670169573470082,15.173281045093265,0.0,275.70699286437184,268.3051694276471,17.992794036865234,250.31237539078188,44.06834224144152,122.50999999999996,78.44165775855845,11.307693481445312,False,0.0,0.0,True,False,False,712385.9453454823,3330.258995742989
312.5420000000013,38.3,True,False,BLACKOUT,4112.147484881459,702.9609024026545,-2192.639665844538,-468.2137422528006,392.26674941573657,0.0,4590.886605845881,5087.623072906439,265.299001461729,46.74988041156112,-161.58813310587684,-9.670886117264747,15.174405360473152,0.0,276.77689516992984,269.3865466111583,17.99412727355957,251.3924193375987,42.66869497605582,122.50999999999996,79.84130502394413,11.478595733642578,False,0.0,0.0,True,False,False,721916.7243488219,3361.50323251551
312.64300000001094,38.4,True,False,BLACKOUT,4138.729581762585,707.6504404714357,-2208.854011534296,-468.2137422528006,392.26674941573657,0.0,4617.726027307581,5118.8308926497075,266.34293616081476,47.04088096406321,-162.69878068928787,-9.642988063800072,15.130631049938632,0.0,277.82457490239545,270.46516249720406,17.942218780517578,252.52294371668648,49.272147579646486,122.50999999999996,73.23785242035348,11.484542846679688,False,0.0,0.0,True,False,False,731552.8056677381,3391.2578167277497
312.74400000000605,38.5,True,False,BLACKOUT,4165.412423538422,712.3695374191012,-2225.1816048013934,-468.2137422528006,392.26674941573657,0.0,4644.6697664303965,5150.183532024767,267.3138993559105,47.34105798924947,-163.85308465265928,-9.638845641090143,15.12413125244203,0.0,278.8202885905875,271.47356512265304,17.934511184692383,253.53905393796066,51.91383120366259,122.50999999999996,70.59616879633734,11.222110748291016,False,0.0,0.0,True,False,False,741291.829000594,3418.6186614971507
312.84300000000803,38.6,True,False,BLACKOUT,4192.188837324396,717.1131326719725,-2241.6235886025256,-468.2137422528006,392.26674941573657,0.0,4671.710326683842,5181.674795799493,268.21437636357126,47.53084706817561,-164.9865913699837,-9.660201516446731,15.157640354458039,0.0,279.7540089881238,272.3933426336219,17.974246978759766,254.41909565486213,51.005318670883696,122.50999999999996,71.50468132911624,10.60155200958252,False,0.0,0.0,True,False,False,751131.4523223201,3443.8465153729926
312.9429999999993,38.7,True,False,BLACKOUT,4219.057194143643,721.8681272315865,-2258.1863829260233,-468.2137422528006,392.26674941573657,0.0,4698.8451665749635,5213.3052509398885,269.1527600213658,47.56904412410354,-166.2692950999691,-9.661178435239744,15.159173219346497,0.0,280.6913108910691,273.32402416545796,17.976064682006836,255.34795948345112,51.74836337707928,122.50999999999996,70.76163662292066,11.207087516784668,False,0.0,0.0,True,False,False,761069.5338832475,3467.6154184487236
313.0430000000051,38.8,True,False,BLACKOUT,4246.018458165508,726.626996862005,-2274.8763844658233,-468.2137422528006,392.26674941573657,0.0,4726.074694133935,5245.078128982776,270.07252041592596,47.608348484265385,-167.53073569603208,-9.631393175586258,15.112437729106151,0.0,281.58526860298537,274.2366152234417,17.920644760131836,256.31597046330984,54.04550743688687,122.50999999999996,68.46449256311308,10.56353759765625,False,0.0,0.0,True,False,False,771105.1367032554,3491.2492912812786
313.14300000001094,38.9,True,False,BLACKOUT,4273.071871440931,731.4031831431992,-2291.68526674102,-468.2137422528006,392.26674941573657,0.0,4753.399077639129,5276.990065662279,270.9957450925452,47.91537713961862,-168.64690980790277,-9.64878499535777,15.139726906123556,0.0,282.55193419350053,275.1991592005608,17.953004837036133,257.2461543635247,50.8864342713301,122.50999999999996,71.62356572866986,10.604399681091309,False,0.0,0.0,True,False,False,781241.6521132779,3518.6179785376225
313.2430000000022,39.0,True,False,BLACKOUT,4300.217668076621,736.202544201217,-2308.6018485547747,-468.2137422528006,392.26674941573657,0.0,4780.81896184649,5309.0368656754945,271.92018762124246,48.07184402074121,-169.68472646719817,-9.647279125780713,15.137364074516897,0.0,283.48706901667356,276.1367245107506,17.95020294189453,258.18652156885605,44.449511454355125,122.50999999999996,78.06048854564483,10.825901985168457,False,[124.10521753],13.849188837753255,True,False,False,791483.2437534896,3546.5144220968004
313.34300000000803,39.1,True,False,BLACKOUT,4327.451524175032,741.0216481455113,-2325.6329996910126,-468.2137422528006,392.26674941573657,0.0,4808.329785591911,5341.217480711881,272.7569343469961,48.31023486514629,-170.93829625755825,-9.656111373756154,15.15122258855568,0.0,284.35303495554746,277.0022094263819,17.966636657714844,259.03557276866707,39.369589253913205,122.50999999999996,83.14041074608673,10.783262252807617,False,0.0,0.0,True,False,False,801827.2506642862,3569.568537968472
313.4429999999993,39.2,True,False,BLACKOUT,4354.773797532742,745.8589651854934,-2342.785111164149,-468.2137422528006,392.26674941573657,0.0,4835.931788598715,5373.534994868088,273.68853280718446,48.43610593449642,-172.10393320516158,-9.655215437738219,15.149816792215162,0.0,285.2922303785115,277.94148547535514,17.964969635009766,259.97651584034537,42.648152469321815,122.50999999999996,79.86184753067818,10.653679847717285,False,0.0,0.0,True,False,False,812272.8836733038,3596.1482057845765
313.5430000000051,39.3,True,False,BLACKOUT,4382.190184209766,750.715373220348,-2360.05784114049,-468.2137422528006,392.26674941573657,0.0,4863.6307082005005,5405.9945134341015,274.63920073330826,48.69205476259765,-173.35066632166144,-9.651002283237398,15.143206010796941,0.0,286.2628945283687,278.9222235255452,17.957130432128906,260.9650930934163,45.15635137006638,122.50999999999996,77.35364862993356,10.780959129333496,False,0.0,0.0,True,False,False,822823.3471703375,3623.2512526043984
313.64300000001094,39.4,True,False,BLACKOUT,4409.7025545887345,755.5955799136706,-2377.4508289064906,-468.2137422528006,392.26674941573657,0.0,4891.428752221914,5438.597951855919,275.6082068460572,48.91207910385269,-174.50908899835346,-9.670005557723092,15.173023691072117,0.0,287.2663961072423,279.91476410357603,17.992488861083984,261.92227524249205,42.30238912778532,122.50999999999996,80.20761087221467,10.578866004943848,False,0.0,0.0,True,False,False,833480.7348629208,3652.0964062046723
313.7430000000022,39.5,True,False,BLACKOUT,4437.311480695039,760.5039081027817,-2394.9680918159816,-468.2137422528006,392.26674941573657,0.0,4919.32681553232,5471.347958120745,276.57031528004046,49.25448467836989,-175.8361691914696,-9.643136703070782,15.130864277020297,0.0,288.2404578912963,280.9219527823213,17.942495346069336,262.97945743625195,40.40516697317676,122.50999999999996,82.1048330268232,10.669676780700684,False,0.0,0.0,True,False,False,844245.4779645228,3679.463854839547
313.84300000000803,39.6,True,False,BLACKOUT,4465.017222316562,765.4467872903641,-2412.6132134905297,-468.2137422528006,392.26674941573657,0.0,4947.3256503341345,5504.246870223315,277.5445171504141,49.60309907327859,-177.0662642994924,-9.637272115017451,15.12166226230165,0.0,289.2444460490886,281.94223954194945,17.931583404541016,264.01065613740843,43.631183239609925,122.50999999999996,78.87881676039007,10.954825401306152,False,0.0,0.0,True,False,False,855118.2006544688,3708.8104168306972
313.9429999999993,39.7,True,False,BLACKOUT,4492.813466336936,770.4207587122365,-2430.386629093971,-468.2137422528006,392.26674941573657,0.0,4975.418717968839,5537.289100813993,278.38036325705735,49.87632936416841,-178.40204776933032,-9.682599916895128,15.192785262970965,0.0,290.1434455299268,282.81314481115305,18.01592254638672,264.79722226476633,45.04716151403817,122.50999999999996,77.46283848596175,11.199831008911133,False,0.0,0.0,True,False,False,866096.8703400812,3732.205775858497
314.04400000000896,39.8,True,False,BLACKOUT,4520.695509092885,775.4234795681374,-2448.2863313054504,-468.2137422528006,392.26674941573657,0.0,5003.601162964895,5570.469509662606,279.2604918619332,50.17808775384905,-179.5919964602577,-9.663126122235257,15.162229298347622,0.0,291.03774217863463,283.7327312905612,17.97968864440918,265.75304264615204,42.280777344368936,122.50999999999996,80.22922265563102,11.142562866210938,False,0.0,0.0,True,False,False,877180.6857829303,3759.235113506735
314.14300000001094,39.9,True,False,BLACKOUT,4548.670299955543,780.4510041079607,-2466.3109471329713,-468.2137422528006,392.26674941573657,0.0,5031.8796198394575,5603.793554058145,280.2353253912221,50.3724030426181,-180.90032009016033,-9.6438122429287,15.131924253894898,0.0,292.0133657570786,284.7265645938434,17.94375228881836,266.78281230502506,39.865118264654534,122.50999999999996,82.64488173534545,10.905229568481445,False,0.0,0.0,True,False,False,888373.5681008287,3787.5158017167423
314.2430000000022,40.0,True,False,BLACKOUT,5463.693599933712,1038.4778739178178,-3746.40150792687,-468.2137422528006,392.26674941573657,0.0,5967.0020557828275,7045.611243342427,326.58200388206905,61.5143019997431,-284.0768416768218,-9.649396979113728,15.140687158314963,0.0,339.41430005015184,332.32486306345385,17.954143524169922,314.3707195392839,25.136197520841613,122.50999999999996,97.37380247915837,10.332425117492676,True,[111.35268901],8.300262171277298,True,False,False,605331.2248684985,2305.9159865296774
314.34300000000803,40.1,True,False,BLACKOUT,5496.383484831445,1044.634956995296,-3774.8904634056503,-468.2137422528006,392.26674941573657,0.0,6000.16702764195,7088.850567638773,327.21569407258505,61.62735954982039,-285.7022678987868,-9.646180220275875,15.135639802575211,0.0,340.0549990180348,332.9685298830603,17.948158264160156,315.0203716189001,24.70971369272547,122.50999999999996,97.80028630727452,11.013596534729004,False,0.0,0.0,True,False,False,612590.5007924179,2318.300273194521
314.4429999999993,40.2,True,False,BLACKOUT,5529.135589755618,1050.8032913928832,-3803.5501494822765,-468.2137422528006,392.26674941573657,0.0,6033.396173570988,7132.241101287006,327.8264044108771,61.73932840192331,-287.49145363373697,-9.639538607621176,15.125218573181378,0.0,340.6701306726058,333.58941245262037,17.935800552368164,315.6536119002522,23.17237908971062,122.50999999999996,99.33762091028933,11.714990615844727,False,0.0,0.0,True,False,False,619910.5059670112,2330.2900147831624
314.5430000000051,40.3,True,False,BLACKOUT,5561.947517789505,1056.979785977491,-3832.389990228128,-468.2137422528006,392.26674941573657,0.0,6066.686759928367,7175.785760478841,328.41215626684675,61.790563290233145,-289.30536128329516,-9.65746962916092,15.153353801543306,0.0,341.27130155106585,334.17453238624284,17.96916389465332,316.2053684915895,23.197743716241604,122.50999999999996,99.31225628375836,12.443269729614258,False,0.0,0.0,True,False,False,627290.4022499424,2341.792065420706
314.64300000001094,40.4,True,False,BLACKOUT,5594.82020404222,1063.1628327356468,-3861.405642223758,-468.2137422528006,392.26674941573657,0.0,6100.039523522759,7219.48306475867,329.04156878746153,61.8703718728841,-291.00767862930326,-9.668172681750473,15.170147759885797,0.0,341.9140241323025,334.8078507230718,17.989078521728516,316.8187722013433,23.637662085689676,122.50999999999996,98.87233791431032,11.980314254760742,False,0.0,0.0,True,False,False,634730.9577302571,2354.285197386642
314.7430000000022,40.5,True,False,BLACKOUT,5627.750512811253,1069.358725002635,-3890.593481756277,-468.2137422528006,392.26674941573657,0.0,6133.452024954855,7263.329221693537,329.564606593207,62.047473466878074,-292.7491120210753,-9.698876429587104,15.218324432644568,0.0,342.4801893716309,335.3546166113689,18.046207427978516,317.3084091833904,23.96700648026221,122.50999999999996,98.5429935197377,11.385894775390625,False,0.0,0.0,True,False,False,642231.8984871802,2364.8615658550743
314.84300000000803,40.6,True,False,BLACKOUT,5660.738310805196,1075.567061297634,-3919.9541377120368,-468.2137422528006,392.26674941573657,0.0,6166.924078088016,7307.324614841429,330.19135328565,62.119252433098076,-294.4640070941193,-9.733848687239167,15.273198743803698,0.0,343.13801258760265,335.98382596109576,18.111278533935547,317.8725474271602,23.90868843365262,122.50999999999996,98.6013115663473,11.267561912536621,False,0.0,0.0,True,False,False,649793.5702074002,2377.568162115417
314.9429999999993,40.7,True,False,BLACKOUT,5693.786044419579,1081.780114925835,-3949.485559706876,-468.2137422528006,392.26674941573657,0.0,6200.457245410818,7351.469665209852,330.763319002006,62.14182013092391,-296.16443280266066,-9.733567810272445,15.272758025042483,0.0,343.70749033376995,336.55011366274545,18.110755920410156,318.4393577423353,24.704498651496735,122.50999999999996,97.80550134850324,10.656638145446777,False,0.0,0.0,True,False,False,657417.1326629913,2389.2903848978503
315.0430000000051,40.8,True,False,BLACKOUT,5726.894815482562,1087.9999544074888,-3979.195089100229,-468.2137422528006,392.26674941573657,0.0,6234.0528338035465,7395.769621329034,331.412102257644,62.25496950215251,-298.0261550643994,-9.682315964633151,15.192339718821854,0.0,344.32585331995705,337.20863386121215,18.01539421081543,319.1932396503967,24.495563413668666,122.50999999999996,98.01443658633127,10.883376121520996,False,0.0,0.0,True,False,False,665103.0012555572,2402.748492235545
315.14300000001094,40.9,True,False,BLACKOUT,5760.065170571093,1094.2332959233909,-4009.086299562419,-468.2137422528006,392.26674941573657,0.0,6267.712122325232,7440.227698510426,331.99499951297287,62.411860815887586,-299.79805417940014,-9.65489253173633,15.149310126486029,0.0,344.9034610319672,337.81047951791044,17.96436882019043,319.84611069772,23.224151044159505,122.50999999999996,99.28584895584044,10.58228874206543,False,0.0,0.0,True,False,False,672851.5895083135,2414.9526742358244
315.2430000000022,41.0,True,False,BLACKOUT,5793.29597198167,1100.4809949668058,-4039.150621138411,-468.2137422528006,392.26674941573657,0.0,6301.434068452522,7484.838612775624,332.621028698563,62.542120052412336,-301.4883773404503,-9.666906685203388,15.168161308535067,0.0,345.5507526780227,338.44979762608904,17.986722946166992,320.46307467992204,22.665101057893644,122.50999999999996,99.84489894210634,11.110109329223633,False,[-83.21909987],20.80020026781449,True,False,False,680663.3848901892,2428.1522020083335
315.34300000000803,41.1,True,False,BLACKOUT,5826.586580549965,1106.7392221557768,-4069.389553877176,-468.2137422528006,392.26674941573657,0.0,6335.217598335598,7529.602470214862,333.1911426673532,62.62242372700732,-303.29027743483556,-9.650858769458782,15.142980826028436,0.0,346.1140497688389,339.0249334568497,17.956863403320312,321.06807005352937,23.631543746156982,122.50999999999996,98.87845625384296,11.070895195007324,False,0.0,0.0,True,False,False,688538.5018783098,2440.3036592480366
315.4429999999993,41.2,True,False,BLACKOUT,5859.934658652976,1113.0062333607716,-4099.806354066525,-468.2137422528006,392.26674941573657,0.0,6369.060180874702,7574.519108725513,333.7704193928588,62.71780037288855,-305.0457263521551,-9.69973341186513,15.219669107405064,0.0,346.73883304500737,339.61185984193537,18.047801971435547,321.5640578704998,23.858048862823157,122.50999999999996,98.65195113717681,11.350587844848633,False,0.0,0.0,True,False,False,696476.5166253194,2452.855303584274
315.5430000000051,41.3,True,False,BLACKOUT,5893.348959878646,1119.281981786356,-4130.396245499195,-489.6351871438053,549.7230667565766,0.0,6408.344870466151,7624.110251279403,334.51560512054107,62.797168138800515,-306.75210230124054,2.9366234766443875,17.93289072668265,0.0,334.600395181648,340.3588905778936,18.17174530029297,322.1871452776006,23.58909558208497,80.7,57.11090441791504,10.934770584106445,False,0.0,0.0,True,False,False,704480.752914737,2468.7651778907484
315.64300000001094,41.4,True,False,BLACKOUT,5926.832167876299,1125.5650482101332,-4161.159000426105,-489.6351871438053,549.7230667565766,0.0,6442.254830852553,7669.282334903979,335.1485548325038,62.86416033674363,-308.5029962369495,2.927626410272115,17.877948917016592,0.0,335.2528963329474,340.99333785450943,18.116071701049805,322.87726615345963,23.438542927450406,80.7,57.2614570725496,10.673083305358887,False,0.0,0.0,True,False,False,712552.5234880105,2482.6654516126773
315.7430000000022,41.5,True,False,BLACKOUT,5960.378841366658,1131.8570696751965,-4192.100091920711,-489.6351871438053,549.7230667565766,0.0,6476.230459560239,7714.613674450423,335.78491497467616,62.976268964520756,-310.31883365516313,2.930980621662127,17.898431865140406,0.0,335.89247239531704,341.6394584605855,18.13682746887207,323.50263099171343,23.248031743705496,80.7,57.45196825629451,11.104571342468262,False,0.0,0.0,True,False,False,720690.4723187551,2496.820435382996
315.84300000000803,41.6,True,False,BLACKOUT,5993.978954788756,1138.1575473343364,-4223.218717959334,-489.6351871438053,549.7230667565766,0.0,6510.261705907123,7760.095606313288,336.21735346728553,63.03328421827798,-312.053687117294,2.93025472864398,17.893999100682443,0.0,336.3299648359459,342.0749971744322,18.132335662841797,323.9426615115904,23.131135820587243,80.7,57.56886417941277,10.742477416992188,False,0.0,0.0,True,False,False,728891.82747782,2506.681168348954
315.9429999999993,41.7,True,False,BLACKOUT,6027.627329337887,1144.4558557045264,-4254.510450762522,-489.6351871438053,549.7230667565766,0.0,6544.342426782625,7805.720785080299,336.7501375153564,62.932883185522776,-313.78096894646796,2.926072290273177,17.86845847183737,0.0,336.85205788027486,342.58021382247705,18.106454849243164,324.4737589732339,24.654871592043154,80.7,56.04512840795685,11.240317344665527,False,0.0,0.0,True,False,False,737155.3194061078,2518.585865229927
316.0430000000051,41.8,True,False,BLACKOUT,6061.33132529032,1150.7449215927743,-4285.9718564421655,-489.6351871438053,549.7230667565766,0.0,6578.479270851591,7851.493123682805,337.32978153330686,62.84843457943996,-315.44714464641424,2.927653534936912,17.87811455747192,0.0,337.4123780964718,343.1345322732684,18.116239547729492,325.0182927255389,26.67429765378158,80.7,54.02570234621843,11.455852508544922,False,0.0,0.0,True,False,False,745483.6942384881,2531.499365114381
316.14300000001094,41.9,True,False,BLACKOUT,6095.098412953931,1157.0353142348977,-4317.600894625246,-489.6351871438053,549.7230667565766,0.0,6612.680602463215,7897.418707113229,338.01197173891563,62.959418263029406,-317.13361901519687,2.9343505530283287,17.919010809437196,0.0,338.0911866984684,343.8255100873822,18.15768051147461,325.6678295759076,24.80980736001077,80.7,55.89019263998923,12.033260345458984,False,0.0,0.0,True,False,False,753880.0117016585,2546.860945652752
316.2430000000022,42.0,True,False,BLACKOUT,6128.929091102935,1163.3315459911614,-4349.400361015138,-489.6351871438053,549.7230667565766,0.0,6646.947304670947,7943.499982468117,338.60159124116166,62.965216862249115,-318.85570878263417,2.928920071842036,17.885848837369068,0.0,338.68612547824983,344.40623705960496,18.12407684326172,326.28216021634324,23.545771523483083,80.7,57.15422847651692,12.054054260253906,False,[-84.67133186],19.238939649112915,True,False,False,762344.9337265751,2560.4624925455664
316.34300000000803,42.1,True,False,BLACKOUT,6162.819193816448,1169.638070925587,-4381.379486432285,-489.6351871438053,549.7230667565766,0.0,6681.275619457047,7989.739051263237,339.20046302910697,63.16528182626492,-320.7267995603287,2.9294665721907305,17.88918611608838,0.0,339.30533137704225,345.0316028240776,18.127458572387695,326.9041442516899,24.455097951872737,80.7,56.24490204812727,12.373455047607422,False,0.0,0.0,True,False,False,770877.4945337974,2574.94003192639
316.4429999999993,42.2,True,False,BLACKOUT,6196.769417322515,1175.9591778158897,-4413.5392667531905,-489.6351871438053,549.7230667565766,0.0,6715.666623755465,8036.137571034695,339.80400709223164,63.25685597978611,-322.46880685777785,2.927907828669384,17.879667436740636,0.0,339.91851302202497,345.64171198566993,18.117813110351562,327.52389887531837,25.389923241730752,80.7,55.31007675826925,12.723661422729492,False,0.0,0.0,True,False,False,779478.4196173858,2589.1884873875515
316.5430000000051,42.3,True,False,BLACKOUT,6230.778282137086,1182.288414177738,-4445.873857040074,-489.6351871438053,549.7230667565766,0.0,6750.118229842355,8082.690793885565,340.3732891991652,63.3278712571786,-324.22299887988834,2.93314258074038,17.91163416234133,0.0,340.4827266422168,346.21437763071646,18.150205612182617,328.06417201853384,25.22369778921998,80.7,55.47630221078003,12.63832950592041,False,0.0,0.0,True,False,False,788147.6641768798,2602.818150149813
316.64300000001094,42.4,True,False,BLACKOUT,6264.838569753935,1188.6224901756393,-4478.387318208868,-489.6351871438053,549.7230667565766,0.0,6784.6229228944985,8129.394883861867,340.832463137818,63.353648700842314,-326.0462244959971,2.9205351598366596,17.834645231615333,0.0,340.96400212724507,346.6705247526848,18.07219123840332,328.5983335142815,24.810977902196605,80.7,55.889022097803405,12.558221817016602,False,0.0,0.0,True,False,False,796883.1543762053,2614.451979881533
316.7420000000129,42.5,True,False,BLACKOUT,6298.949552308465,1194.963935007014,-4511.080867455308,-489.6351871438053,549.7230667565766,0.0,6819.180195799553,8176.250310228165,341.3871879527728,63.47524792664867,-327.8247604328014,2.897575364025298,17.69443811529051,0.0,341.5715157583608,347.2381303913085,17.930116653442383,329.30801373786613,24.087211754959274,80.7,56.61278824504073,12.59797477722168,False,0.0,0.0,True,False,False,805685.170324058,2628.223899392842
316.84300000000803,42.6,True,False,BLACKOUT,6333.115656058676,1201.3121337502225,-4543.957063949843,-489.6351871438053,549.7230667565766,0.0,6853.794378345897,8223.262319764919,341.9348870514609,63.488726937521584,-329.69916945789214,2.854003288846825,17.428359311138465,0.0,342.19497833707754,347.7790756084134,17.660493850708008,330.1185817577054,24.00371815880026,80.7,56.69628184119974,12.479085922241211,False,0.0,0.0,True,False,False,814555.491132757,2642.0535115387747
316.94400000000314,42.7,True,False,BLACKOUT,6367.337926922093,1207.6653188962432,-4577.018726859904,-489.6351871438053,549.7230667565766,0.0,6888.466323803377,8270.433405825808,342.5105302168958,63.57497598289051,-331.5340887433125,2.803582235807107,17.12045629201572,0.0,342.8685358943512,348.360791250514,17.34848976135254,331.0123014891615,23.747800101240305,80.7,56.9521998987597,11.847672462463379,False,0.0,0.0,True,False,False,823494.8214457125,2656.659801614546
317.0430000000051,42.8,True,False,BLACKOUT,6401.620644447514,1214.0250092128272,-4610.265332997873,-489.6351871438053,549.7230667565766,0.0,6923.200416512042,8317.767155182602,343.14382029152506,63.61883034878895,-333.3980340160677,2.832175947790739,17.295067683823646,0.0,343.4500054787834,348.9914568857101,17.525426864624023,331.46603002108606,22.788127014292233,80.7,57.91187298570777,11.566115379333496,False,0.0,0.0,True,False,False,832505.1945322846,2672.6656545811834
317.14300000001094,42.9,True,False,BLACKOUT,6435.962018278038,1220.3957351767217,-4643.698097283539,-489.6351871438053,549.7230667565766,0.0,6957.9952917426335,8365.263325121774,343.6836563189605,63.79568892909929,-335.25725169726974,2.890939684664502,17.653916436627625,0.0,343.9022228479057,349.55449581818823,17.889055252075195,331.66544056611303,21.62063777786516,80.7,59.07936222213485,12.109973907470703,False,0.0,0.0,True,False,False,841586.5556522849,2686.943813858296
317.24400000000605,43.0,True,False,BLACKOUT,6470.361089199081,1226.7845863089103,-4677.319833172659,-489.6351871438053,549.7230667565766,0.0,6992.850668215742,8412.9234686734,344.2977621018909,63.9813337146752,-337.17746608513687,2.9120793538210186,17.78300870194426,0.0,344.4974159835568,350.19217588672495,18.019866943359375,332.1723089433656,21.333630046019028,80.7,59.36636995398098,12.765909194946289,False,[-98.56460117],21.16055604549424,True,False,False,850739.1232199499,2703.1273694443607
317.34300000000803,43.1,True,False,BLACKOUT,6504.811223881266,1233.1819943602936,-4711.126576171172,-489.6351871438053,549.7230667565766,0.0,7027.759009984814,8460.7393482561,344.70493154183055,63.966827312989054,-338.9573938851099,2.916025067844502,17.807103741361,0.0,344.8918332881953,350.58985271360586,18.044282913208008,332.54556980039786,22.49963869006614,80.7,58.20036130993387,12.89064884185791,False,0.0,0.0,True,False,False,859961.0069782429,2714.381114018727
317.4429999999993,43.2,True,False,BLACKOUT,6539.308639754067,1239.5824564846962,-4745.115771833929,-489.6351871438053,549.7230667565766,0.0,7062.716000185889,8508.706187628579,345.24338591419473,64.04241517506297,-340.82651937002265,2.924675986505785,17.859931752943705,0.0,345.4199197232139,351.1330609027762,18.097814559936523,333.0352463428397,22.262609939062973,80.7,58.437390060937034,12.857721328735352,False,0.0,0.0,True,False,False,869251.2899033629,2728.9291169547737
317.5430000000051,43.3,True,False,BLACKOUT,6573.862020520639,1245.9696099795535,-4779.303023117319,-489.6351871438053,549.7230667565766,0.0,7097.72865441004,8556.838752624224,345.82422941724485,63.70065472208372,-342.91850629778264,2.9289259283037534,17.8858846006492,0.0,345.9424552090317,351.6421065004209,18.124113082885742,333.51799341753514,21.02516004248811,80.7,59.67483995751189,12.561808586120605,False,0.0,0.0,True,False,False,878612.4879923903,2744.694027935994
317.64300000001094,43.4,True,False,BLACKOUT,6608.483616582151,1252.3476497221793,-4813.687924783795,-489.6351871438053,549.7230667565766,0.0,7132.809534565997,8605.14748819594,346.6076918129885,63.86014013043133,-344.77952703174265,2.9150911163179685,17.80140043931954,0.0,346.76506640025696,352.4414980126573,18.038503646850586,334.4029943658067,18.603966848895062,80.7,62.09603315110494,12.422636985778809,False,0.0,0.0,True,False,False,888049.4340709134,2764.8311372792186
317.7420000000129,43.5,True,False,BLACKOUT,6643.165354058583,1258.719993029423,-4848.249632065561,-489.6351871438053,549.7230667565766,0.0,7167.950906782316,8653.614545198167,347.027057715664,63.5867260144399,-346.45461860357113,2.9037721169921062,17.732279430221695,0.0,347.16489736545947,352.80455001604815,17.968461990356445,334.8360880256917,17.761500732943606,80.7,62.9384992670564,12.7291259765625,False,0.0,0.0,True,False,False,897560.4092537451,2775.975394623811
317.8440000000119,43.6,True,False,BLACKOUT,6677.888038543403,1265.0834866714258,-4882.983960611918,-489.6351871438053,549.7230667565766,0.0,7203.133326625734,8702.22167499424,347.4266319807384,63.68314682561631,-348.23195232354703,2.915338320649414,17.80291002619652,0.0,347.5529133644529,353.21495976118064,18.0400333404541,335.17492642072654,20.70465070303682,80.7,59.99534929696319,12.708999633789062,False,0.0,0.0,True,False,False,907139.2961353663,2787.843393229928
317.9429999999993,43.7,True,False,BLACKOUT,6712.654685532661,1271.4561323206367,-4917.896919639408,-489.6351871438053,549.7230667565766,0.0,7238.361556870897,8750.976410674712,347.9063078044151,63.769766158600405,-350.0272282262567,2.911348529045635,17.77854582103987,0.0,348.04700009273444,353.70239197102273,18.015344619750977,335.68704735127176,21.84716899193071,80.7,58.852831008069295,12.381673812866211,False,0.0,0.0,True,False,False,916788.1261663109,2801.6329382968574
318.0430000000051,43.8,True,False,BLACKOUT,6747.478489382619,1277.83456651964,-4952.987727833927,-489.6351871438053,549.7230667565766,0.0,7273.648377743664,8799.889099024289,348.5697691947486,63.79891782146503,-351.78893566412813,2.9004299267603564,17.711869890936036,0.0,348.7281292022747,354.3602487747043,17.94778060913086,336.41246816557344,20.88588783979262,80.7,59.81411216020739,12.395718574523926,False,0.0,0.0,True,False,False,926512.1357944695,2819.48393644714
318.14300000001094,43.9,True,False,BLACKOUT,6782.360087134168,1284.2101247453193,-4988.244338400305,-489.6351871438053,549.7230667565766,0.0,7308.993535875794,8848.952937328622,349.06218583622666,63.712246692119706,-353.3432756634403,2.9068630958396566,17.751154913017654,0.0,349.19325511674555,354.8290573773827,17.98758888244629,336.8414684949364,18.439697507836673,80.7,62.26030249216334,12.8257474899292,False,0.0,0.0,True,False,False,936312.0860572369,2832.602448201252
318.24400000000605,44.0,True,False,BLACKOUT,6817.294168312064,1290.5828260328751,-5023.659462492695,-489.6351871438053,549.7230667565766,0.0,7344.391723521946,8898.159595311272,349.61943772170173,63.74177905899824,-354.9592061843449,2.9130993028643517,17.78923715952023,0.0,349.7383610741331,355.3825623612462,18.02617835998535,337.35638400126084,15.585422280274688,80.7,65.11457771972532,12.738544464111328,False,[-96.83773254],14.763877694025163,True,False,False,946186.6439628629,2847.691531509791
318.34300000000803,44.1,True,False,BLACKOUT,6852.285564075154,1296.9571421735134,-5059.2389406524935,-489.6351871438053,549.7230667565766,0.0,7379.848174633661,8947.516847665522,350.20847754009327,63.74454375376634,-356.6303570116151,2.9004089667921042,17.71174189603874,0.0,350.3454200399795,355.96256067081805,17.947650909423828,338.0149097613942,19.775736173785457,80.7,60.92426382621455,11.659769058227539,False,0.0,0.0,True,False,False,956138.0365101462,2863.6794267616215
318.4429999999993,44.2,True,False,BLACKOUT,6887.339065900221,1303.3379276705214,-5095.000262531847,-489.6351871438053,549.7230667565766,0.0,7415.3681290051145,8997.039077600164,350.8615589612389,63.87116618639383,-358.5960805754386,2.891144352589788,17.6551662691542,0.0,351.0261074211796,356.62776031419776,17.890321731567383,338.7374385826304,21.46277255580777,80.7,59.23722744419223,11.535216331481934,False,0.0,0.0,True,False,False,966168.2341675803,2882.62612498997
318.5430000000051,44.3,True,False,BLACKOUT,6922.460740801758,1309.7278934126618,-5130.954569440972,-489.6351871438053,549.7230667565766,0.0,7450.957883494427,9046.737985333439,351.5719390695127,63.928148656417655,-360.49005760707644,2.9051970865984313,17.7409812009602,0.0,351.71259773078725,357.336867020091,17.977279663085938,339.35958735700507,19.655369940367937,80.7,61.04463005963208,11.032397270202637,False,0.0,0.0,True,False,False,976279.9411337399,2902.6570299428267
318.64300000001094,44.4,True,False,BLACKOUT,6957.653020960504,1316.1229811962257,-5167.0894928993575,-489.6351871438053,549.7230667565766,0.0,7486.619429583862,9096.608396048141,352.2736641054254,63.97360701486018,-362.2084115606377,2.9058637985297486,17.745052568061084,0.0,352.4130235072472,358.0354127970498,17.98140525817871,340.0540075388711,18.779525180173323,80.7,61.92047481982668,10.536553382873535,False,0.0,0.0,True,False,False,986474.8262555631,2921.833842219633
318.7430000000022,44.5,True,False,BLACKOUT,6992.918629876151,1322.5192714692578,-5203.397864051322,-489.6351871438053,549.7230667565766,0.0,7522.355056670633,9146.648289413566,353.038514207509,63.95219844578108,-363.9590114786571,2.894636036712749,17.676488713222074,0.0,353.188585222877,358.78416380868055,17.911928176879883,340.87223563180066,17.991464501902286,80.7,62.70853549809771,11.168109893798828,False,0.0,0.0,True,False,False,996754.6349737549,2942.72151915215
318.84300000000803,44.6,True,False,BLACKOUT,7028.24608928417,1328.9277777306281,-5239.886552420883,-489.6351871438053,549.7230667565766,0.0,7558.154461776398,9196.853263497884,353.5106739528835,64.21792678162711,-365.81475591257106,2.8967292594245277,17.68927126245097,0.0,353.6877917004347,359.29617131101236,17.924880981445312,341.37129032956705,15.892895181268397,80.7,64.8071048187316,11.486876487731934,False,0.0,0.0,True,False,False,1007115.8451829299,2957.9073702418837
318.9429999999993,44.7,True,False,BLACKOUT,7063.615738314157,1335.3598364995485,-5276.558110305737,-489.6351871438053,549.7230667565766,0.0,7593.999254470845,9247.209858564744,353.88230664684573,64.4232485967786,-367.61640178449125,2.8937393816003114,17.67101316680669,0.0,354.08861301743275,359.69854311277726,17.90637969970703,341.7921634130702,19.30936437846997,80.7,61.390635621530045,11.10004997253418,False,0.0,0.0,True,False,False,1017551.677637259,2970.567416838915
319.0430000000051,44.8,True,False,BLACKOUT,7099.03799296202,1341.801805785346,-5313.413881869497,-489.6351871438053,549.7230667565766,0.0,7629.898384859321,9297.726412587239,354.56278631041727,64.41613711917067,-369.4990294907301,2.887643113187183,17.633785474471384,0.0,354.77315959384606,360.3667689418135,17.868656158447266,342.49811278336625,22.815156102655266,80.7,57.884843897344744,10.006974220275879,False,0.0,0.0,True,False,False,1028066.4253010073,2990.7579749990246
319.14300000001094,44.9,True,False,BLACKOUT,7134.515536295615,1348.250247080495,-5350.4591075322805,-489.6351871438053,549.7230667565766,0.0,7665.854154067758,9348.408023445118,354.98808036146477,64.55268878380592,-371.40548376493416,2.88131628512328,17.595149838265776,0.0,355.22413174238926,360.80962685041635,17.829505920410156,342.9801209300062,22.812590281508278,80.7,57.887409718491725,9.829366683959961,False,0.0,0.0,True,False,False,1038661.7985858219,3005.675410536953
319.2430000000022,45.0,True,False,BLACKOUT,7170.051023602732,1354.7148267275854,-5387.694685831511,-489.6351871438053,549.7230667565766,0.0,7701.870200199552,9399.258407366986,355.72166578088485,64.73890415800255,-373.3060822196832,2.8866549123310556,17.627750891519266,0.0,355.966298484436,361.5646957565224,17.86254119873047,343.7021545577919,19.031438452612203,80.7,61.6685615473878,9.921339988708496,False,[-92.60364307],14.01720137180023,True,False,False,1049339.641163259,3027.681975710166
319.3440000000119,45.1,True,False,BLACKOUT,7205.649659360697,1361.1920509109614,-5425.114765874613,-489.6351871438053,549.7230667565766,0.0,7737.951329718117,9450.278355900271,356.2510493784117,64.80557950951808,-375.0955186423436,2.895179146478344,17.679805286884466,0.0,356.48451526461787,362.0974638392045,17.9152889251709,344.1821749140336,16.670994096426508,80.7,64.02900590357349,10.049139976501465,False,0.0,0.0,True,False,False,1060102.5087366705,3044.482415345916
319.44200000001,45.2,True,False,BLACKOUT,7241.301491184186,1367.6733374467244,-5462.716538739037,-489.6351871438053,549.7230667565766,0.0,7774.086735407518,9501.45760145527,356.78558709134325,64.82015120574091,-376.93993864613066,2.8991445875307704,17.7040207920869,0.0,357.0091650548493,362.6259879799703,17.93982696533203,344.6861610146383,18.893223918753158,80.7,61.806776081246845,10.061354637145996,False,0.0,0.0,True,False,False,1070946.8687103519,3061.7453073312618
319.5430000000051,45.3,True,False,BLACKOUT,7277.008669417867,1374.1624920661732,-5500.505922976214,-489.6351871438053,549.7230667565766,0.0,7810.278942564855,9552.80181775841,357.3579775822803,64.96294118323752,-378.8477460974116,2.9021976534945706,17.72266475470098,0.0,357.58990987158506,363.2146856459335,17.95871925354004,345.2559663923935,21.324206439869055,80.7,59.375793560130944,9.32489013671875,False,0.0,0.0,True,False,False,1081874.26979541,3080.614554805971
319.64300000001094,45.4,True,False,BLACKOUT,7312.775288050643,1380.6607976519,-5538.4805749539355,-489.6351871438053,549.7230667565766,0.0,7846.5321471366915,9604.313292224053,357.97439507324555,65.00317053130073,-380.6452934570368,2.9121835371926252,17.78364491187496,0.0,358.18829916762553,363.82836572644726,18.020511627197266,345.80785409925,19.075907548479606,80.7,61.624092451520404,9.178144454956055,False,0.0,0.0,True,False,False,1092887.0018273992,3099.814264451243
319.7430000000022,45.5,True,False,BLACKOUT,7348.596435263656,1387.1667376297523,-5576.634028263996,-489.6351871438053,549.7230667565766,0.0,7882.841294127,9655.984359638625,358.44854918700423,65.11562902574377,-382.42377274417504,2.918510365256528,17.822280548080567,0.0,358.6617756533628,364.3149839873272,18.059661865234375,346.2553221220928,20.03189106624833,80.7,60.668108933751675,9.282637596130371,False,0.0,0.0,True,False,False,1103983.6507749972,3115.881525852212
319.84300000000803,45.6,True,False,BLACKOUT,7384.47138826797,1393.6861259522336,-5614.96884679422,-489.6351871438053,549.7230667565766,0.0,7919.206273751799,9707.816600899476,359.05051089928025,65.27213742388481,-384.2725978602898,2.9132293779614464,17.79003148079465,0.0,359.28862168761475,364.9352289118121,18.0269832611084,346.9082456507037,20.6521252566431,80.7,60.04787474335691,9.518464088439941,False,0.0,0.0,True,False,False,1115164.7813470617,3135.5679178472888
319.94400000000314,45.7,True,False,BLACKOUT,7420.39567539913,1400.2114575434882,-5653.482728646824,-489.6351871438053,549.7230667565766,0.0,7955.621832971012,9759.8045939636,359.4352317239142,65.23449440120498,-386.0050391918104,2.9008713190329622,17.714565312890944,0.0,359.68721663394734,365.30702849001517,17.950511932373047,347.3565165576421,19.441544893911466,80.7,61.25845510608854,9.417856216430664,False,0.0,0.0,True,False,False,1126428.8732349481,3149.3028361700344
320.04400000000896,45.8,True,False,BLACKOUT,7456.365067876031,1406.738072624033,-5692.1763138307515,-489.6351871438053,549.7230667565766,0.0,7992.083256138997,9811.945065112888,359.95261781412444,65.29780720969325,-387.8666644867175,2.894565142702484,17.676055789304733,0.0,360.2197720640182,365.82740561313256,17.911489486694336,347.9159161264382,17.453325901511704,80.7,63.246674098488306,9.27621841430664,False,0.0,0.0,True,False,False,1137774.5775826313,3167.255567275766
320.14300000001094,45.9,True,False,BLACKOUT,7492.388996269566,1413.276557416207,-5731.053395012759,-489.6351871438053,549.7230667565766,0.0,8028.601042262987,9864.24896848785,360.52595005657173,65.47188863378462,-389.67495915342874,2.894922695102081,17.678239231670442,0.0,360.8104553013846,366.42260965375533,17.9137020111084,348.50890764264693,17.6885538365543,80.7,63.011446163445704,9.350662231445312,False,0.0,0.0,True,False,False,1149206.7084516485,3186.422255856343
320.2430000000022,46.0,True,False,BLACKOUT,7528.465316407506,1419.8213654077927,-5770.108013885133,-489.6351871438053,549.7230667565766,0.0,8065.172455339411,9916.71080682839,361.00045270222955,65.42427119792835,-391.4174182940594,2.889980766116962,17.648060670076145,0.0,361.2833741022509,366.88099175753814,17.883121490478516,348.9978702670596,19.65381025379744,80.7,61.046189746202565,9.5794038772583,False,[-105.63070096],16.432237089613213,True,False,False,1160724.7174658282,3202.6416955678383
320.34300000000803,46.1,True,False,BLACKOUT,7564.589222657037,1426.365100157347,-5809.3444070826035,-489.6351871438053,549.7230667565766,0.0,8101.791906618977,9969.328690451464,361.47767228839047,65.45042379315846,-393.31044565534984,2.889779797009602,17.646833424884388,0.0,361.7602243109486,367.3552307205344,17.881877899169922,349.4733528213645,17.660083664287207,80.7,63.039916335712796,9.819732666015625,False,0.0,0.0,True,False,False,1172327.0292793852,3220.2977117147857
320.4429999999993,46.2,True,False,BLACKOUT,7600.763019649431,1432.9085675545782,-5848.769079638087,-489.6351871438053,549.7230667565766,0.0,8138.461757193618,10022.108536642058,361.99826755949186,65.41892415146673,-395.1830054542996,2.8947679612188075,17.677294328163903,0.0,362.2631455750256,367.8619052758913,17.912744522094727,349.94916075379655,16.442341279677443,80.7,64.25765872032255,9.886150360107422,False,0.0,0.0,True,False,False,1184015.3965224097,3238.9482193400304
320.5430000000051,46.3,True,False,BLACKOUT,7636.987356491619,1439.4550225231571,-5888.378369823592,-489.6351871438053,549.7230667565766,0.0,8175.182989990849,10075.04921804564,362.4884692842552,65.5101752201091,-397.0027982558115,2.8933457657259276,17.668609497926514,0.0,362.76365345642915,368.360520986454,17.90394401550293,350.45657697095106,16.2285201027278,80.7,64.4714798972722,10.06251049041748,False,0.0,0.0,True,False,False,1195790.765748676,3256.743578961453
320.64300000001094,46.4,True,False,BLACKOUT,7673.257421220173,1446.0090148911768,-5928.170715052576,-489.6351871438053,549.7230667565766,0.0,8211.951305049659,10128.146536425793,362.9128252868191,65.56967214028548,-398.84410632387204,2.886354075139671,17.62591378828743,0.0,363.204713540517,368.788693783101,17.860679626464844,350.92801415663615,15.921517874955875,80.7,64.77848212504414,10.127967834472656,False,0.0,0.0,True,False,False,1207651.8863897792,3273.3522577489584
320.7430000000022,46.5,True,False,BLACKOUT,7709.573253119592,1452.5663001416087,-5968.1472739619,-489.6351871438053,549.7230667565766,0.0,8248.766268415882,10181.401025136694,363.40381270155837,65.57603286835254,-400.6870718626129,2.8842395842248125,17.613001361883335,0.0,363.69604753419435,369.2729981636629,17.84759521484375,351.42540294881917,16.174997040325803,80.7,64.5250029596742,9.917448997497559,False,0.0,0.0,True,False,False,1219599.2649455941,3291.5518323341125
320.84300000000803,46.6,True,False,BLACKOUT,7745.938168790599,1459.1242620412042,-6008.307730802419,-489.6351871438053,549.7230667565766,0.0,8285.63087730571,10234.81513379611,363.8945007185792,65.58320512355573,-402.5220649477796,2.8831527482239685,17.606364450002744,0.0,364.18535199042316,369.75716956876227,17.840869903564453,351.9162996651978,15.830735079274369,80.7,64.86926492072564,9.172298431396484,False,0.0,0.0,True,False,False,1231634.8228824453,3309.8930944870335
320.9429999999993,46.7,True,False,BLACKOUT,7782.354065402022,1465.6851709062125,-6048.650429971796,-489.6351871438053,549.7230667565766,0.0,8322.547252522625,10288.389805721295,364.42343150987233,65.63497217661276,-404.33191843975527,2.8935905041787553,17.670104026580283,0.0,364.6977577587393,370.2868982371039,17.905458450317383,352.38143978678653,16.021593037487563,80.7,64.67840696251244,8.854178428649902,False,0.0,0.0,True,False,False,1243760.1445169349,3329.1731427966142
321.0430000000051,46.8,True,False,BLACKOUT,7818.817442002272,1472.248602676673,-6089.173035040642,-489.6351871438053,549.7230667565766,0.0,8359.511855077964,10342.120996481093,364.84410049512593,65.63366323259872,-406.12018293715846,2.8890055111235786,17.642105142795888,0.0,365.12282924074344,370.70068170348395,17.877086639404297,352.82359506407965,15.656005953056166,80.7,65.04399404694384,8.962126731872559,False,0.0,0.0,True,False,False,1255974.0480151558,3345.536077090037
321.14400000000023,46.9,True,False,BLACKOUT,7855.318088060658,1478.820180738099,-6129.873922226385,-489.6351871438053,549.7230667565766,0.0,8396.515146925805,10396.000236386375,365.1688206725707,65.79789799591656,-407.8975607776938,2.8670043256249294,17.50775191074464,0.0,365.5058745591147,371.0493646027131,17.740943908691406,353.3084206940217,14.621317897115441,80.7,66.07868210288456,9.196621894836426,False,0.0,0.0,True,False,False,1268272.7175211052,3359.9838614627397
321.2430000000022,47.0,True,False,BLACKOUT,7891.847333517972,1485.3993531676376,-6170.757717448774,-489.6351871438053,549.7230667565766,0.0,8433.548443989095,10450.023452823658,365.4160884737199,65.78555059485305,-409.7783436700926,2.8581589107876586,17.453736181806107,0.0,365.7652479028282,371.2905282693076,17.686208724975586,353.604319544332,16.046108243765776,80.7,64.65389175623423,9.661885261535645,False,[-136.85176146],21.3785300162987,True,False,False,1280653.0591791691,3373.3288197222546
321.3420000000042,47.1,True,False,BLACKOUT,7928.418116194543,1491.9788618082114,-6211.828448641249,-489.6351871438053,549.7230667565766,0.0,8470.623790557225,10504.20297197759,365.9995650576859,65.80462221662287,-411.6362801793998,2.8689714802923674,17.519764608311835,0.0,366.3267059144406,371.86816202451064,17.753116607666016,354.1150454168446,17.191287871847265,80.7,63.508712128152744,9.629918098449707,False,0.0,0.0,True,False,False,1293121.0140627169,3394.616501025575
321.44200000001,47.2,True,False,BLACKOUT,7965.042857303025,1498.5647778622897,-6253.085069366226,-489.6351871438053,549.7230667565766,0.0,8507.754194144616,10558.54887343503,366.49525711197015,65.9136988649466,-413.4961343201326,2.883466531278098,17.608280608906444,0.0,366.8064171769464,372.37533374758857,17.842811584472656,354.5325221631159,16.39603461776228,80.7,64.30396538223772,9.626214981079102,False,0.0,0.0,True,False,False,1305682.9341890458,3414.1848637989356
321.5430000000051,47.3,True,False,BLACKOUT,8001.713567053869,1505.1539312433822,-6294.529852756715,-489.6351871438053,549.7230667565766,0.0,8544.93135152228,10613.056009909391,366.9189379049065,65.86936875690392,-415.3995334896444,2.8941234421950512,17.673358485071926,0.0,367.2014718798578,372.78449636981634,17.908756256103516,354.8757401137128,16.529441106427527,80.7,64.17055889357248,9.569954872131348,False,0.0,0.0,True,False,False,1318335.9367306305,3432.328036250957
321.64300000001094,47.4,True,False,BLACKOUT,8038.4305393488075,1511.7446441853056,-6336.163840355245,-489.6351871438053,549.7230667565766,0.0,8582.155355784258,10667.7252853006,367.4205079938618,65.94489008156341,-417.2802184809676,2.8898627121781297,17.647339757639884,0.0,367.71625571461027,373.29151908707615,17.88239097595215,355.409128111124,17.259202542989765,80.7,63.440797457010234,9.77066421508789,False,0.0,0.0,True,False,False,1331080.8742184588,3452.5817859279096
321.7420000000129,47.5,True,False,BLACKOUT,8075.1904318657525,1518.3432758782283,-6377.988313818582,-489.6351871438053,549.7230667565766,0.0,8619.423588243086,10722.555568742357,367.77734234503237,66.02774377689073,-419.20925078578995,2.882985376712778,17.605342373102246,0.0,368.09322284583436,373.657378477452,17.839834213256836,355.8175442641952,17.25638795663095,80.7,63.44361204336906,9.805904388427734,False,0.0,0.0,True,False,False,1343917.1510726362,3469.8106796940233
321.84300000000803,47.6,True,False,BLACKOUT,8111.989895929979,1524.9498646298662,-6420.002419941348,-489.6351871438053,549.7230667565766,0.0,8656.732719511114,10777.543896876832,368.2119389394998,66.10403125586791,-421.07287166953444,2.8807201589674003,17.59150951280433,0.0,368.53814481209463,374.0986165783866,17.825817108154297,356.2727994702323,16.595042902292057,80.7,64.10495709770795,9.553007125854492,False,0.0,0.0,True,False,False,1356843.7609683953,3488.5205855258737
321.9429999999993,47.7,True,False,BLACKOUT,8148.837184018408,1531.5576185577083,-6462.204338788723,-489.6351871438053,549.7230667565766,0.0,8694.090176346426,10832.695366837528,368.73382282908113,66.05104730097604,-422.96550527797973,2.8859487463418514,17.623438592846995,0.0,369.0391581608211,374.60295373595756,17.858171463012695,356.74478227294486,15.983577425333324,80.7,64.71642257466668,9.483190536499023,False,0.0,0.0,True,False,False,1369864.9904076215,3509.7374906923937
322.0430000000051,47.8,True,False,BLACKOUT,8185.727272679654,1538.1646931927482,-6504.58962980574,-489.6351871438053,549.7230667565766,0.0,8731.490746612855,10888.003348197606,369.06795039583363,66.09044539982122,-424.74031506234695,2.8805666580234353,17.590572138409396,0.0,369.3852158859573,374.9387936484144,17.824867248535156,357.11392639987923,16.71505016717691,80.7,63.9849498328231,9.43552303314209,False,0.0,0.0,True,False,False,1382978.827446657,3525.286309942854
322.14400000000023,47.9,True,False,BLACKOUT,8222.659019413646,1544.7795869586541,-6547.159343427871,-489.6351871438053,549.7230667565766,0.0,8768.934246532539,10943.468521828263,369.5669842840105,66.20742991830016,-426.6539573802845,2.8546847960498503,17.43252102757862,0.0,369.94175532514026,375.4506354358249,17.664710998535156,357.78592443728974,15.635581141450642,80.7,65.06441885854936,9.105923652648926,False,0.0,0.0,True,False,False,1396185.498135709,3546.4364070054426
322.2430000000022,48.0,True,False,BLACKOUT,8259.635077342276,1551.4137202307454,-6589.920995330222,-489.6351871438053,549.7230667565766,0.0,8806.424605154913,10999.09873812268,369.95417428860236,66.4752355235283,-428.5790806667251,2.8294708789468914,17.27854881296033,0.0,370.40634691771317,375.8790337481862,17.50868797302246,358.37034577516374,15.827298400066566,80.7,64.87270159993344,8.984346389770508,False,[-157.80860907],25.27737937594005,True,False,False,1409487.5503547096,3565.2623881860063
322.34300000000803,48.1,True,False,BLACKOUT,8296.653382873696,1558.07269041731,-6632.870622722712,-489.6351871438053,549.7230667565766,0.0,8843.960413703631,11054.890704884192,370.4119363398083,66.70416820776192,-430.4134671830933,2.834024740284517,17.306357586676675,0.0,370.88227888377725,376.37009530420397,17.536867141723633,358.83322816248034,17.882602979552715,80.7,62.81739702044729,9.439083099365234,False,0.0,0.0,True,False,False,1422885.0642208909,3585.3478688535392
322.4429999999993,48.2,True,False,BLACKOUT,8333.714277351397,1564.7393546147723,-6676.008347163806,-489.6351871438053,549.7230667565766,0.0,8881.540059991015,11110.84341031886,370.8059532142334,66.62911574148539,-432.3410216388067,2.857155606424996,17.447609367236815,0.0,371.22114464328695,376.7446004969527,17.68000030517578,359.06460019177695,19.924616380588773,80.7,60.77538361941123,9.5828857421875,False,0.0,0.0,True,False,False,1436378.207532831,3604.2450149175716
322.54400000000896,48.3,True,False,BLACKOUT,8370.811114781101,1571.3970468936407,-6719.338037712855,-489.6351871438053,549.7230667565766,0.0,8919.155026737895,11166.952585913434,371.13079537983043,66.52472983588542,-434.2527893421676,2.8120824276378706,17.172363869704608,0.0,371.61045509675785,377.0458950300389,17.40108871459961,359.64480631543927,20.00114386936047,80.7,60.698856130639534,9.569928169250488,False,0.0,0.0,True,False,False,1449963.7633731726,3621.550323792153
322.6420000000071,48.4,True,False,BLACKOUT,8407.944184411786,1578.0440406231257,-6762.861013399716,-489.6351871438053,549.7230667565766,0.0,8956.805384646104,11223.219314661335,371.53059723386866,66.41514475381857,-436.2067243950432,2.765293613802334,16.886641613372806,0.0,372.0764998993256,377.4201321254946,17.111560821533203,360.3085713039614,18.41944902557049,80.7,62.280550974429524,9.469207763671875,False,0.0,0.0,True,False,False,1463642.6423513184,3641.29389470385
322.7430000000022,48.5,True,False,BLACKOUT,8445.11812734281,1584.6887733768358,-6806.575323234784,-489.6351871438053,549.7230667565766,0.0,8994.49669545826,11279.647088250511,371.948261386613,66.47951032038308,-438.07947230632533,2.733341991610763,16.691524686106245,0.0,372.5567073847644,377.8426053808148,16.91384506225586,360.92876031855894,17.40914148515796,80.7,63.29085851484205,9.027115821838379,False,0.0,0.0,True,False,False,1477418.1281724607,3661.1479622304823
322.84300000000803,48.6,True,False,BLACKOUT,8482.330029520865,1591.3319466006153,-6850.4771669596785,-489.6351871438053,549.7230667565766,0.0,9032.226132444353,11336.231575027328,372.28978217448025,66.38395415520957,-439.9574021915535,2.6445244343767382,16.14914819107507,0.0,373.0430971080979,378.1620172370606,16.36424446105957,361.797772776001,17.294623640326613,80.7,63.40537635967339,9.16602897644043,False,0.0,0.0,True,False,False,1491289.3339610521,3678.9947852090645
322.9429999999993,48.7,True,False,BLACKOUT,8519.577485884909,1597.9709526077866,-6894.565517688234,-489.6351871438053,549.7230667565766,0.0,9069.990993272966,11392.970213941067,372.6593451064088,66.3961659882125,-441.809612379549,2.687200470912428,16.409755213367536,0.0,373.333669883042,378.52798886353406,16.62832260131836,361.8996662622157,16.892820115380832,80.7,63.80717988461918,9.077653884887695,False,0.0,0.0,True,False,False,1505255.4552067975,3697.561660021084
323.0430000000051,48.8,True,False,BLACKOUT,8556.86274004768,1604.6095755363585,-6938.837850497432,-489.6351871438053,549.7230667565766,0.0,9107.793931193515,11449.863798691285,373.04573814902267,66.37629258322863,-443.63704380440834,2.8200949919719425,17.221293683753363,0.0,373.4745517004596,378.90491547120837,17.45067024230957,361.4542452288988,16.684248058020664,80.7,64.01575194197933,9.676590919494629,False,0.0,0.0,True,False,False,1519318.2416815562,3716.348921722518
323.14300000001094,48.9,True,False,BLACKOUT,8594.183369103133,1611.2495477418836,-6983.297714889526,-489.6351871438053,549.7230667565766,0.0,9145.632730032912,11506.91292256227,373.3668429600329,66.42315152726903,-445.5602440374851,2.8609228524835086,17.470614567748605,0.0,373.7258188960391,379.22926374523945,17.703311920166016,361.52595182507343,16.959580950992336,80.7,63.74041904900767,9.10969066619873,False,0.0,0.0,True,False,False,1533477.1962045347,3734.641827433389
323.2490000000107,49.0,True,False,BLACKOUT,8631.540088775515,1617.8942110412759,-7027.948185609644,-489.6351871438053,549.7230667565766,0.0,9183.50848028815,11564.120533232877,373.76755048756974,66.4701144605768,-447.4491703648526,2.877189020786553,17.56994613716507,0.0,374.1001025006797,379.6320032793339,17.803966522216797,361.8280367571171,17.876623579164196,80.7,62.82337642083581,9.60781192779541,False,[-182.07235916],32.42971991013614,True,False,False,1547733.367422018,3754.611036661895
323.3440000000119,49.1,True,False,BLACKOUT,8668.93702820246,1624.5353427850928,-7072.787131458918,-489.6351871438053,549.7230667565766,0.0,9221.42431798983,11621.48803980562,374.17123805132394,66.3525204157651,-449.32974662063504,2.882324521243178,17.60130676928149,0.0,374.47581783387943,380.00891088287,17.835744857788086,362.1731660250819,18.46658210261588,80.7,62.23341789738412,9.653209686279297,False,0.0,0.0,True,False,False,1562089.2852868212,3774.8466415380162
323.4429999999993,49.2,True,False,BLACKOUT,8706.370398931322,1631.1723381742875,-7117.813712127223,-489.6351871438053,549.7230667565766,0.0,9259.37639724052,11679.012086059383,374.4961765259161,66.38738736813045,-451.201866745461,2.880937772755431,17.59283840100277,0.0,374.80500754722317,380.3349463750292,17.827163696289062,362.5077826787401,17.74196888526219,80.7,62.958031114737814,9.57658863067627,False,0.0,0.0,True,False,False,1576543.8021916864,3793.1450650870656
323.5430000000051,49.3,True,False,BLACKOUT,8743.841202596328,1637.8155508873394,-7163.031897017048,-489.6351871438053,549.7230667565766,0.0,9297.366911868668,11736.697041825439,374.91989677420287,66.47686689290644,-453.1618310510573,2.88191241127916,17.598790163727223,0.0,375.23503060558,380.7677807129644,17.833194732666016,362.9345859802984,17.238232820120302,80.7,63.4617671798797,9.994502067565918,False,0.0,0.0,True,False,False,1591098.5757802771,3815.1851726170835
323.6420000000071,49.4,True,False,BLACKOUT,8781.34734869379,1644.4699586924728,-7208.442564020224,-489.6351871438053,549.7230667565766,0.0,9335.394364310969,11794.542472516154,375.2030251749985,66.61128920975975,-455.05150901247384,2.8625413935613393,17.480498409009233,0.0,375.56793056290337,381.0700381172165,17.713327407836914,363.35671070937957,18.4538082727298,80.7,62.24619172727021,9.815902709960938,False,0.0,0.0,True,False,False,1605753.5357814943,3833.079059266228
323.7430000000022,49.5,True,False,BLACKOUT,8818.883943149442,1651.130918746581,-7254.036692900424,-489.6351871438053,549.7230667565766,0.0,9373.453347377399,11852.538799658338,375.5288639380713,66.60791187240497,-456.8310685915155,2.8591051917072816,17.459514774963626,0.0,375.896679981775,381.3902746198709,17.69206428527832,363.6982103345926,18.779251911543124,80.7,61.92074808845688,10.04008674621582,False,0.0,0.0,True,False,False,1620506.1449544316,3850.7710182509386
323.84300000000803,49.6,True,False,BLACKOUT,8856.450873291074,1657.7968301983267,-7299.818753294674,-489.6351871438053,549.7230667565766,0.0,9411.543556414279,11910.688726737666,375.8097388945975,66.71031716251082,-458.8101392934775,2.85451958218245,17.43151212662343,0.0,376.1967520302862,381.6847210250213,17.66368865966797,364.02103236535334,16.592028019083564,80.7,64.10797198091645,9.658239364624023,False,0.0,0.0,True,False,False,1635356.9775421428,3869.7516038572417
323.9429999999993,49.7,True,False,BLACKOUT,8894.053209239306,1664.467836340867,-7345.801455448751,-489.6351871438053,549.7230667565766,0.0,9449.67003771722,11969.004254515225,376.23698007000377,66.70980568829785,-460.8439037880736,2.864285077979029,17.49114645509786,0.0,376.60276921754223,382.10530400292384,17.724117279052734,364.3811867238711,16.283271501337165,80.7,64.41672849866283,10.155332565307617,False,0.0,0.0,True,False,False,1650310.0698912716,3893.3076495842356
324.0430000000051,49.8,True,False,BLACKOUT,8931.694273738161,1671.139454219668,-7391.983344430443,-489.6351871438053,549.7230667565766,0.0,9487.835555307292,12027.486906618953,376.5843099071024,66.72255188772614,-462.79387584577,2.8866804958217163,17.62790712058509,0.0,376.9087454178036,382.44952791004835,17.862699508666992,364.58682840138135,18.005185759118785,80.7,62.69481424088123,10.358600616455078,False,0.0,0.0,True,False,False,1665367.611225589,3913.8756275562355
324.14300000001094,49.9,True,False,BLACKOUT,8969.369162382109,1677.8037999907044,-7438.352443390621,-489.6351871438053,549.7230667565766,0.0,9526.034296864787,12086.124957865504,376.9134629718327,66.56436353299807,-464.58810335778145,2.87141362482858,17.534677896125196,0.0,377.24178553463196,382.74609477037416,17.76822853088379,364.97786623949037,18.915708382270765,80.7,61.784291617729245,9.851109504699707,False,0.0,0.0,True,False,False,1680526.5669026729,3932.1188616750383
324.2430000000022,50.0,True,False,BLACKOUT,9007.078331991825,1684.4629903270902,-7484.915531534941,-489.6351871438053,549.7230667565766,0.0,9564.266953545277,12144.923337464557,377.269929222488,66.61944319472013,-466.6736595286019,2.8402859143302184,17.344592297689267,0.0,377.6580049711629,383.1067079902355,17.575611114501953,365.53109687573357,18.979520532969666,80.7,61.72047946703034,10.117754936218262,False,[-193.31131875],34.21590087027552,True,False,False,1695788.8904125362,3955.381942055114
324.3440000000119,50.1,True,False,BLACKOUT,9044.821775479793,1691.1259830930007,-7531.679408011201,-489.6351871438053,549.7230667565766,0.0,9602.534571119384,12203.887286213476,377.5989405368878,66.64041212348907,-468.60386999659676,2.8164997409470294,17.1993387943106,0.0,378.0294931098684,383.43435477610586,17.428422927856445,366.0059318482494,17.81112815375306,80.7,62.88887184624695,9.880300521850586,False,0.0,0.0,True,False,False,1711156.541213842,3976.154186356501
324.4429999999993,50.2,True,False,BLACKOUT,9082.592299800706,1697.791810005094,-7578.635667584909,-489.6351871438053,549.7230667565766,0.0,9640.829886531568,12263.006135651667,377.8115458814,66.67612611838015,-470.5213214775663,2.832200298342091,17.295216383777863,0.0,378.21684766825933,383.649931572322,17.525577545166016,366.12435402715596,16.860165202313933,80.7,63.839834797686066,10.280369758605957,False,0.0,0.0,True,False,False,1726625.727326615,3993.9141293364987
324.5430000000051,50.3,True,False,BLACKOUT,9120.388234933589,1704.4544415314347,-7625.779985884019,-444.8431342238583,701.7206035542182,0.0,9617.64660898591,12274.023247837176,378.1071567762503,66.57650440843305,-472.3650445046359,7.112629012702759,16.12648874320847,0.0,374.40905933366383,383.9237592864839,17.625354766845703,366.2984045196382,16.458822354296125,66.2,49.74117764570388,10.36781120300293,False,0.0,0.0,True,False,False,1742195.3826499856,4012.6978849845373
324.64300000001094,50.4,True,False,BLACKOUT,9158.218246214588,1711.1162552064993,-7673.110980565934,-444.8431342238583,701.7206035542182,0.0,9655.96538198242,12333.462594832175,378.49306884372703,66.65976909286155,-474.2548491336883,7.092263478881295,16.080313896842277,0.0,374.8290804000967,384.31826391450085,17.574888229370117,366.74337568513073,16.96360610941588,66.2,49.236393890584125,9.7427396774292,False,0.0,0.0,True,False,False,1757870.5140824467,4034.6296158932973
324.7430000000022,50.5,True,False,BLACKOUT,9196.079376240892,1717.7787633917458,-7720.634072920427,-444.8431342238583,701.7206035542182,0.0,9694.315913820756,12393.060619754033,378.729531682341,66.59039461206532,-476.2069979561594,7.060420924960361,16.008117162492173,0.0,375.0953141311788,384.5391252173385,17.495981216430664,367.04314400090783,17.38364557750604,66.2,48.816354422493966,9.07657527923584,False,0.0,0.0,True,False,False,1773650.7193113796,4053.638003309861
324.8440000000119,50.6,True,False,BLACKOUT,9233.977575679783,1724.4389152264043,-7768.356121221811,-444.8431342238583,701.7206035542182,0.0,9732.703790801877,12452.826181458311,379.2344570954642,66.61264208110885,-478.23396807152767,7.075601749011184,16.042536698184392,0.0,375.57895198110106,385.0402804039045,17.533599853515625,367.50668055038886,16.289913984312143,66.2,49.91008601568786,9.687173843383789,False,0.0,0.0,True,False,False,1789540.3173588759,4080.690034910711
324.9429999999993,50.7,True,False,BLACKOUT,9271.919830729503,1731.0978137839509,-7816.2815108024715,-444.8431342238583,701.7206035542182,0.0,9771.136062814272,12512.767743954259,379.61064389893784,66.56532906982387,-480.27382354168407,7.054590435573099,15.994897673425166,0.0,375.97258078723684,385.4026258285485,17.48153305053711,367.92109277801137,15.014704769775628,66.2,51.185295230224376,9.48108196258545,False,0.0,0.0,True,False,False,1805544.3366388911,4104.864095906474
325.0430000000051,50.8,True,False,BLACKOUT,9309.901175517187,1737.7599420111435,-7864.407609756062,-444.8431342238583,701.7206035542182,0.0,9809.608252078957,12572.880382459885,380.0162518547488,66.67723547402663,-482.2481555301299,7.106988639603107,16.113700305468136,0.0,376.3216572035217,385.8214683039173,17.611377716064453,368.21009058785285,15.623536762679514,66.2,50.57646323732049,10.025324821472168,False,0.0,0.0,True,False,False,1821660.9068644356,4129.13429765317
325.14300000001094,50.9,True,False,BLACKOUT,9347.925598316864,1744.4381785122089,-7912.731751812372,-444.8431342238583,701.7206035542182,0.0,9848.12567903931,12633.166790883954,380.4722041388031,66.88749454728344,-484.2346855960655,7.112323441179757,16.125795919821062,0.0,376.7948388209277,386.3069181998323,17.624597549438477,368.6823206503938,16.97321878179839,66.2,49.226781218201616,10.64709186553955,False,0.0,0.0,True,False,False,1837893.4366140694,4155.287722683491
325.2430000000022,51.0,True,False,BLACKOUT,9385.984991414856,1751.1249383188988,-7961.253324445439,-444.8431342238583,701.7206035542182,0.0,9886.679477644257,12693.619877311028,380.71565782104284,66.84770158651408,-486.196767065275,7.079417929391654,16.051189137365146,0.0,377.07336877240226,386.53981336662986,17.54305648803711,368.99675687859275,16.257428742235952,66.2,49.94257125776405,10.447221755981445,False,[-219.70874222],37.34424885739786,True,False,False,1854238.1289795453,4175.600821176844
325.34300000000803,51.1,True,False,BLACKOUT,9424.066318418438,1757.8121848043288,-8009.977947944876,-444.8431342238583,701.7206035542182,0.0,9925.25582604498,12754.232628386666,380.91088225058826,66.8972281220857,-488.2957029234664,7.082164994292398,16.057417567263517,0.0,377.2699248319932,386.7406616162049,17.549863815307617,369.19079780089726,14.294246661850336,66.2,51.905753338149665,10.209961891174316,False,0.0,0.0,True,False,False,1870688.8699315253,4196.979515780314
325.4429999999993,51.2,True,False,BLACKOUT,9462.170004571106,1764.5001627810734,-8058.900318576336,-444.8431342238583,701.7206035542182,0.0,9963.855163728871,12815.002304662932,381.1628408027526,66.86233141280428,-490.15170970572336,7.06864749533278,16.02676929439292,0.0,377.532408995869,386.98279363659077,17.516366958618164,369.4664266779726,14.258683436437906,66.2,51.9413165635621,10.381017684936523,False,0.0,0.0,True,False,False,1887246.0498851691,4216.2655932937805
325.5430000000051,51.3,True,False,BLACKOUT,9500.30067825208,1771.1832393645955,-8108.013093490726,-444.8431342238583,701.7206035542182,0.0,10002.481481123717,12875.927621124622,381.4506328167528,66.79920025763597,-492.1037885820686,7.0455633755686335,15.974430588570005,0.0,377.8390043856927,387.25536591680805,17.459163665771484,369.79620225103656,14.548989003893467,66.2,51.65101099610654,10.814946174621582,False,0.0,0.0,True,False,False,1903911.7354817633,4237.94543723678
325.64300000001094,51.4,True,False,BLACKOUT,9538.461611530342,1777.8610733200371,-8157.324250035961,-444.8431342238583,701.7206035542182,0.0,10041.137981188493,12937.016305063964,381.7680327484623,66.75747885119758,-494.11934232263786,7.065408591129268,16.01942571551583,0.0,378.12221117833167,387.56082336995706,17.50834083557129,370.0524825343858,14.489880673828461,66.2,51.710119326171544,10.654404640197754,False,0.0,0.0,True,False,False,1920689.2971842424,4261.59297251391
325.7430000000022,51.5,True,False,BLACKOUT,9576.655230860575,1784.5350115816514,-8206.837186757344,-444.8431342238583,701.7206035542182,0.0,10079.827207031962,12998.272698076655,382.1043538562026,66.72128638108502,-496.1393921050215,7.077559100101853,16.046974607187348,0.0,378.43491205066255,387.88589468065584,17.538450241088867,370.34744443956697,14.181052504702905,66.2,52.0189474952971,10.654868125915527,False,0.0,0.0,True,False,False,1937581.5595276952,4286.126557299228
325.84300000000803,51.6,True,False,BLACKOUT,9614.87488683768,1791.2078932464108,-8256.547246825214,-444.8431342238583,701.7206035542182,0.0,10118.542840630322,13059.689186834737,382.28876568592915,66.73634691410476,-498.0618092523719,7.051596296468616,15.98810905131683,0.0,378.65329384225987,388.0701487735316,17.47411346435547,370.59603530917616,13.642235086009613,66.2,52.55776491399039,10.646200180053711,False,0.0,0.0,True,False,False,1954585.1591683945,4305.306410055057
325.9429999999993,51.7,True,False,BLACKOUT,9653.11128748033,1797.876119489455,-8306.451519409735,-444.8431342238583,701.7206035542182,0.0,10157.27524575023,13121.256695234442,382.43924716703395,66.62817794678138,-500.023642438054,7.047773958475593,15.979442650959504,0.0,378.79288871988877,388.19980920937564,17.464641571044922,370.7351676383307,12.908753224582986,66.2,53.29124677541702,11.250141143798828,False,0.0,0.0,True,False,False,1971694.945544321,4324.3295881077565
326.0430000000051,51.8,True,False,BLACKOUT,9691.365665499123,1804.5428798797363,-8356.551142090211,-444.8431342238583,701.7206035542182,0.0,10196.025980976185,13182.977387339728,382.6483132088388,66.70702985884523,-501.96881117150247,7.0571050505999215,16.000599068907928,0.0,378.998545866894,388.41930878132,17.487764358520508,370.9315444227995,13.558720114396401,66.2,52.6412798856036,10.801812171936035,False,0.0,0.0,True,False,False,1988912.7361294741,4344.996928346531
326.14300000001094,51.9,True,False,BLACKOUT,9729.642173147913,1811.2133667123946,-8406.840704052347,-444.8431342238583,701.7206035542182,0.0,10234.799727470216,13244.85168224755,382.8818397669644,66.70270679432099,-503.822428071236,7.04564111542713,15.974606848424232,0.0,379.24423310178184,388.648625775294,17.4593563079834,371.1892694673106,14.113272259611591,66.2,52.08672774038841,9.755772590637207,False,0.0,0.0,True,False,False,2006241.2832893545,4364.930106366787
326.2430000000022,52.0,True,False,BLACKOUT,9767.941371023851,1817.8862938833681,-8457.325730740127,-444.8431342238583,701.7206035542182,0.0,10273.596896846579,13306.883621447008,383.10211775180414,66.75583662514586,-505.8781056843523,7.046436986849761,15.976411330496218,0.0,379.46860880558773,388.8747540654193,17.461328506469727,371.4134255589496,12.59543643180876,66.2,53.60456356819124,9.255606651306152,False,[-256.70725864],41.61761780276561,True,False,False,2023682.0551104373,4387.811928182519
326.34300000000803,52.1,True,False,BLACKOUT,9806.264079847842,1824.5648644656615,-8508.009829109726,-444.8431342238583,701.7206035542182,0.0,10312.418646886608,13369.076617361512,383.3520587280146,66.8155750207223,-507.80386170761346,7.0579186251586465,16.002443689362558,0.0,379.7094338984032,389.13124006735427,17.48978042602539,371.6414596413289,12.761457098619951,66.2,53.43854290138005,9.206803321838379,False,0.0,0.0,True,False,False,2041236.7252146131,4409.57033728361
326.4429999999993,52.2,True,False,BLACKOUT,9844.607706396664,1831.244133875919,-8558.885642080577,-444.8431342238583,701.7206035542182,0.0,10351.261855788249,13431.423805438864,383.52047224840146,66.76981318442924,-509.7123977093893,7.071129013192124,16.032395648551603,0.0,379.8531210355266,389.28930191609487,17.52251625061035,371.7667856654845,13.175076799454596,66.2,53.02492320054541,9.550713539123535,False,0.0,0.0,True,False,False,2058903.478702275,4429.0628858589525
326.5430000000051,52.3,True,False,BLACKOUT,9882.973495817527,1837.9203999206236,-8609.95729006455,-444.8431342238583,701.7206035542182,0.0,10390.127348643156,13493.928666543268,383.7953161688463,66.755507709664,-511.7205619700893,7.110055900356671,16.120654716548273,0.0,380.0732477315053,389.5576241363012,17.61897850036621,371.93864563593496,11.29915393772967,66.2,54.90084606227033,8.978598594665527,False,0.0,0.0,True,False,False,2076684.0976306128,4453.0590922741285
326.64300000001094,52.4,True,False,BLACKOUT,9921.359757686052,1844.5942729025528,-8661.226574876691,-444.8431342238583,701.7206035542182,0.0,10429.013501781033,13556.59132679308,383.92992120165223,66.72195192892188,-513.6651342727333,7.085603251202353,16.06521313923214,0.0,380.23380327943835,389.68449194587186,17.55838394165039,372.12610800422146,12.122310341229147,66.2,54.07768965877086,9.982416152954102,False,0.0,0.0,True,False,False,2094578.7395562115,4472.707459074604
326.7430000000022,52.5,True,False,BLACKOUT,9959.761234728954,1851.2581733810553,-8712.68735098332,-444.8431342238583,701.7206035542182,0.0,10467.914247779992,13619.40342213491,384.0996196563754,66.55605764112718,-515.5503878598244,7.070023721738644,16.029889617356854,0.0,380.40006554389777,389.82332745604293,17.519777297973633,372.3035501580693,12.605180495810028,66.2,53.59481950418997,9.734484672546387,False,0.0,0.0,True,False,False,2112584.0844400246,4492.323038836663
326.84300000000803,52.6,True,False,BLACKOUT,9998.179287468687,1857.9042512589683,-8764.334977623608,-444.8431342238583,701.7206035542182,0.0,10506.83006083153,13682.362571105536,384.2614351382754,66.36549991713096,-517.4021449459376,7.085931144070864,16.06595657188462,0.0,380.51465789641077,389.950291849843,17.55919647216797,372.391095377675,13.01294816154029,66.2,53.187051838459716,9.740214347839355,False,0.0,0.0,True,False,False,2130700.302117891,4511.045222168133
326.9429999999993,52.7,True,False,BLACKOUT,10036.612343191326,1864.5402380968567,-8816.171504814503,-444.8431342238583,701.7206035542182,0.0,10545.760210981218,13745.469742057485,384.3996793144924,66.35423684063456,-519.3283988719517,7.081602342445258,16.05614186475421,0.0,380.6557888277629,390.0846039050857,17.54846954345703,372.5361343616287,12.134627869838864,66.2,54.06537213016114,9.426166534423828,False,0.0,0.0,True,False,False,2148927.6309088687,4530.826197410446
327.04400000000896,52.8,True,False,BLACKOUT,10075.058219716226,1871.1706730809324,-8868.200698450617,-444.8431342238583,701.7206035542182,0.0,10584.703017172775,13808.726284119997,384.5178511835105,66.25446284087812,-521.2554738503312,7.080072175725538,16.052672512375967,0.0,380.76173228741936,390.18409978511124,17.544677734375,372.63942205073624,10.08934206763155,66.2,56.110657932368454,9.4014310836792,False,0.0,0.0,True,False,False,2167266.315255315,4550.169346976519
327.14300000001094,52.9,True,False,BLACKOUT,10113.521976010757,1877.7954497990922,-8920.418262813231,-444.8431342238583,701.7206035542182,0.0,10623.663485116118,13872.13349952059,384.7572747070926,66.24107152231892,-523.0958134019642,7.101068864833808,16.100278379340832,0.0,380.9702205529685,390.41777623009705,17.596708297729492,372.82106793236755,8.652479122583129,66.2,57.54752087741687,8.51727294921875,False,0.0,0.0,True,False,False,2185719.3602208393,4571.32469490046
327.24400000000605,53.0,True,False,BLACKOUT,10152.00371634647,1884.412093863927,-8972.823924819942,-444.8431342238583,701.7206035542182,0.0,10662.641433326606,13935.6912825132,384.8775320071372,66.09180977437518,-525.0174267322568,7.074574967117771,16.040208671990943,0.0,381.1039715367644,390.5110010782758,17.531055450439453,372.97994562783634,10.4928981962972,66.2,55.707101803702805,9.805187225341797,False,[-282.14509593],43.376657625395474,True,False,False,2204287.460021375,4590.969192408831
327.3440000000119,53.1,True,False,BLACKOUT,10190.497983175223,1891.0129135929824,-9025.419906761574,-444.8431342238583,701.7206035542182,0.0,10701.630571186657,13999.396464688216,385.0078045679171,65.9245848067295,-526.9022121003559,7.074955969394563,16.04107251979136,0.0,381.2107066280732,390.61113714299944,17.531999588012695,373.07913755498674,11.827280433241485,66.2,54.37271956675852,11.626446723937988,False,0.0,0.0,True,False,False,2222968.061236254,4610.318424255126
327.4429999999993,53.2,True,False,BLACKOUT,10229.01098973225,1897.6111189771482,-9078.21221670799,-444.8431342238583,701.7206035542182,0.0,10740.638527777264,14063.258976352514,385.2523265726524,66.0395228765839,-528.9439868279621,7.110913347904844,16.12259881038598,0.0,381.4218500608478,390.87155653924026,17.621103286743164,373.2504532524971,10.547175039807474,66.2,55.65282496019253,12.042633056640625,False,0.0,0.0,True,False,False,2241766.9944526646,4635.673347789849
327.5430000000051,53.3,True,False,BLACKOUT,10267.541878421767,1904.2073654739897,-9131.197984995517,-444.8431342238583,701.7206035542182,0.0,10779.66451573271,14127.276585136044,385.365447217702,65.88540706024715,-530.7713789225706,7.15573768849318,16.22422919524488,0.0,381.4561796184562,390.95704978014396,17.732179641723633,373.22487013842033,10.015200739074007,66.2,56.184799260926,10.73957633972168,False,0.0,0.0,True,False,False,2260684.225391135,4653.9811925892745
327.6420000000071,53.4,True,False,BLACKOUT,10306.086551827633,1910.7976066157505,-9184.380052117082,-444.8431342238583,701.7206035542182,0.0,10818.704003426448,14191.447891440874,385.5280208996339,65.9194157749691,-532.8699635087377,7.160368982835512,16.23472974517441,0.0,381.61583830196406,391.1230295890307,17.743656158447266,373.3793734305834,11.368408093990864,66.2,54.831591906009145,10.87153434753418,False,0.0,0.0,True,False,False,2279718.4326165738,4678.661485200714
327.7430000000022,53.5,True,False,BLACKOUT,10344.64722997455,1917.392851517853,-9237.762537811945,-444.8431342238583,701.7206035542182,0.0,10857.760419791884,14255.778408722585,385.68554203869246,65.98548226707744,-534.7797503885299,7.144879508455409,16.199610405506498,0.0,381.8005581790676,391.2894340608992,17.705272674560547,373.5841613863387,12.548574812676044,66.2,53.65142518732396,11.444979667663574,False,0.0,0.0,True,False,False,2298872.7642795634,4699.916750402912
327.84300000000803,53.6,True,False,BLACKOUT,10383.219699807407,1923.9919035191945,-9291.343143338137,-444.8431342238583,701.7206035542182,0.0,10896.82944110108,14320.263589602808,385.76385461844154,65.99555775975341,-536.8323601353193,7.149024351405958,16.209008022486803,0.0,381.87418115509917,391.36832418336957,17.715543746948242,373.6527804364213,11.120398064594797,66.2,55.07960193540521,11.243071556091309,False,0.0,0.0,True,False,False,2318145.000304421,4721.9453850550535
327.9429999999993,53.7,True,False,BLACKOUT,10421.806992694888,1930.5946780844665,-9345.127752498465,-444.8431342238583,701.7206035542182,0.0,10935.914066593417,14384.90977317664,385.98200313121544,66.05993354568716,-538.8598230712149,7.149645500572364,16.210416356173546,0.0,382.0980627430857,391.5942052191863,17.717082977294922,373.87712224189136,10.069887843810704,66.2,56.1301121561893,10.986437797546387,False,0.0,0.0,True,False,False,2337538.78232512,4747.331390131216
328.04400000000896,53.8,True,False,BLACKOUT,10460.409663144697,1937.2011381113562,-9399.106300871645,-444.8431342238583,701.7206035542182,0.0,10975.014839433443,14449.711069113782,386.0714058649803,66.06926699210618,-540.711144392384,7.163493971206771,16.24181504228491,0.0,382.17009388950277,391.68390121044877,17.751399993896484,373.9325012165523,11.343002606129712,66.2,54.856997393870294,11.285933494567871,False,0.0,0.0,True,False,False,2357053.368594552,4766.058792901547
328.14300000001094,53.9,True,False,BLACKOUT,10499.014772179346,1943.8005992115868,-9453.276000754047,-444.8431342238583,701.7206035542182,0.0,11014.117694629747,14514.655205604731,386.0307748279535,65.91995501250824,-542.6828532556442,7.173052125294036,16.26348627861944,0.0,382.09807502598716,391.61869156504935,17.77508544921875,373.8436061158306,9.42252865280655,66.2,56.77747134719345,13.10556697845459,False,0.0,0.0,True,False,False,2376680.5862993053,4784.00626525578
328.24400000000605,54.0,True,False,BLACKOUT,10537.621184942162,1950.3880147803504,-9507.644123070419,-444.8431342238583,701.7206035542182,0.0,11053.220925396041,14579.745868723789,386.0974804283464,65.82835636276515,-544.6795930717677,7.162076950617735,16.238602226526183,0.0,382.1664345859296,391.66904000002415,17.747888565063477,373.9211514349607,7.899349445403895,66.2,58.3006505545961,13.240670204162598,False,[-303.56677491],42.74083789894491,True,False,False,2396421.505082934,4805.254775586739
328.34300000000803,54.1,True,False,BLACKOUT,10576.24027593647,1956.9757277805415,-9562.211892577838,-444.8431342238583,701.7206035542182,0.0,11092.337218125298,14644.99372615655,386.2843394578218,65.92590364105935,-546.6757970766304,7.171535813202563,16.260048338888485,0.0,382.3522133716238,391.8696411834628,17.77132797241211,374.0983132110507,7.455971421011505,66.2,58.7440285789885,12.546954154968262,False,0.0,0.0,True,False,False,2416284.6611855575,4829.922991728373
328.4429999999993,54.2,True,False,BLACKOUT,10614.86831003783,1963.5696912896674,-9616.978077921276,-444.8431342238583,701.7206035542182,0.0,11131.463531384888,14710.395905677391,386.2763425693748,65.95336654145703,-548.6479097921358,7.190654430481801,16.303396046998763,0.0,382.3232644266349,391.86637950572486,17.81870460510254,374.0476749006223,8.734780971646865,66.2,57.46521902835313,12.425810813903809,False,0.0,0.0,True,False,False,2436268.7537641674,4849.311136474312
328.5430000000051,54.3,True,False,BLACKOUT,10653.500872243714,1970.1646970986137,-9671.938012974439,-444.8431342238583,701.7206035542182,0.0,11170.594885875253,14775.945825264867,386.3749015482969,65.9467496374699,-550.5507912711033,7.191417204736953,16.30512548774667,0.0,382.4191491637744,391.9624195432558,17.820594787597656,374.14182475565815,8.980673118376252,66.2,57.21932688162375,12.409605026245117,False,0.0,0.0,True,False,False,2456370.4942072355,4870.035213269063
328.64300000001094,54.4,True,False,BLACKOUT,10692.14581962261,1976.7598023586968,-9727.091769568073,-444.8431342238583,701.7206035542182,0.0,11209.738976291384,14841.649578472912,386.5240460296437,65.95535556419101,-552.5243406015638,7.20702983136814,16.34052405094603,0.0,382.54807578087565,392.11088621297546,17.859283447265625,374.25160276570983,8.060155527950434,66.2,58.13984447204957,12.552542686462402,False,0.0,0.0,True,False,False,2476595.4782282547,4893.7753103572395
328.7430000000022,54.5,True,False,BLACKOUT,10730.806584226155,1983.359173192551,-9782.43858830421,-444.8431342238583,701.7206035542182,0.0,11248.89968186562,14907.509811723074,386.69124604124386,66.03206111289676,-554.4120341212168,7.2209675873845836,16.37212517411769,0.0,382.70589421551,392.28860913840856,17.893821716308594,374.39478742209997,8.8445375579562,66.2,57.35546244204381,12.130206108093262,False,0.0,0.0,True,False,False,2496946.6678476976,4916.2837071385975
328.84300000000803,54.6,True,False,BLACKOUT,10769.484333647217,1989.9679487331855,-9837.98519556844,-444.8431342238583,701.7206035542182,0.0,11288.078746137819,14973.532465227841,386.86374237998234,66.14344969979537,-556.5201111633829,7.221277007415432,16.372826723240454,0.0,382.8909980995048,392.47740203282365,17.894588470458984,374.58281356236466,9.0943944100763,66.2,57.105605589923705,12.41430950164795,False,0.0,0.0,True,False,False,2517426.938093562,4943.536766629915
328.9429999999993,54.7,True,False,BLACKOUT,10808.171091856795,1996.5841554113606,-9893.739144163941,-444.8431342238583,701.7206035542182,0.0,11327.26801970809,15039.716587857083,386.87142181159805,66.18068386370597,-558.5588607465934,7.2101563591425375,16.347612838350674,0.0,382.9177606912194,392.4912482224224,17.86703109741211,374.6242171250103,8.749807187773824,66.2,57.450192812226184,12.086363792419434,False,0.0,0.0,True,False,False,2538033.6189407557,4965.472070873447
329.0430000000051,54.8,True,False,BLACKOUT,10846.863840424148,2003.2029534405012,-9949.695171104717,-444.8431342238583,701.7206035542182,0.0,11366.463949196335,15106.0562923049,386.98354953546516,66.19527671910778,-560.5616780689182,7.221359365483345,16.373013453977112,0.0,383.0164213184096,392.6042310915498,17.894792556762695,374.7094385347871,7.528442434593976,66.2,58.671557565406026,12.357992172241211,False,0.0,0.0,True,False,False,2558764.546472919,4989.526655739259
329.14400000000023,54.9,True,False,BLACKOUT,10885.568631088485,2009.8256891074996,-10005.856968060762,-444.8431342238583,701.7206035542182,0.0,11405.672697670168,15172.558892674262,387.1122637512609,66.25943662085882,-562.6742610519996,7.242633916858123,16.421249319034807,0.0,383.12501952242417,392.74192249865484,17.947511672973633,374.7944108256812,6.902992027816207,66.2,59.2970079721838,12.912065505981445,False,0.0,0.0,True,False,False,2579625.21971686,5016.464024136004
329.24400000000605,55.0,True,False,BLACKOUT,10924.281415693753,2016.4548602063767,-10062.227502800946,-444.8431342238583,701.7206035542182,0.0,11444.89052796723,15239.22378322721,387.14342835411287,66.32398535668362,-564.7364337517031,7.238925494697353,16.41284120044407,0.0,383.16909270431063,392.7835347253875,17.938322067260742,374.84521265812674,7.391634912334212,66.2,58.808365087665784,13.26955795288086,False,[-338.12160388],49.40821499671684,True,False,False,2600614.737016326,5040.158626290269
329.34300000000803,55.1,True,False,BLACKOUT,10962.999718970861,2023.0948281923497,-10118.800970610479,-444.8431342238583,701.7206035542182,0.0,11484.115482035344,15306.04591289179,387.222637188022,66.47537436277656,-566.7329224389496,7.245436400271856,16.42760339952233,0.0,383.2589888011559,392.88719264887965,17.954456329345703,374.93273631953394,8.227345712705123,66.2,57.97265428729488,13.344870567321777,False,0.0,0.0,True,False,False,2621731.1200804324,5063.625776181522
329.4429999999993,55.2,True,False,BLACKOUT,11001.725377613398,2029.738396568279,-10175.573462389815,-444.8431342238583,701.7206035542182,0.0,11523.348556506748,15373.023685769756,387.29053566271364,66.39599315581364,-568.7169131477666,7.253319683744377,16.445477195829163,0.0,383.3058042525763,392.94069135310804,17.97399139404297,374.96669995906507,9.212448857224812,66.2,56.98755114277519,13.051372528076172,False,0.0,0.0,True,False,False,2642975.108592913,5086.842892064202
329.5430000000051,55.3,True,False,BLACKOUT,11040.454150830874,2036.379728117629,-10232.543449296767,-444.8431342238583,701.7206035542182,0.0,11562.5848626017,15440.152659433525,387.2849286868225,66.43063783118433,-570.6828249912887,7.275941982566958,16.496768813409147,0.0,383.2756465666445,392.9410205496688,18.03005027770996,374.91097027195883,8.467543634778115,66.2,57.732456365221886,13.43459415435791,False,0.0,0.0,True,False,False,2664344.573436118,5108.1284428332365
329.64300000001094,55.4,True,False,BLACKOUT,11079.18518597338,2043.0199114988204,-10289.711626752403,-444.8431342238583,701.7206035542182,0.0,11601.82367381097,15507.432989373974,387.33577416329393,66.37302979264723,-572.680724121428,7.277582216611084,16.500487721818622,0.0,383.31644853617775,392.9814003620704,18.034114837646484,374.94728552442393,7.654482779320916,66.2,58.54551722067909,13.505233764648438,False,0.0,0.0,True,False,False,2685839.9630461987,5131.582958879024
329.7430000000022,55.5,True,False,BLACKOUT,11117.917803419696,2049.662232131079,-10347.082926196503,-444.8431342238583,701.7206035542182,0.0,11641.064690789502,15574.867967874825,387.3165747630278,66.47338285251377,-574.745264760569,7.27062642352954,16.48471682773301,0.0,383.31943543238924,392.97943930188126,18.016878128051758,374.9625611738295,7.568777251774679,66.2,58.631222748225326,13.1763334274292,False,0.0,0.0,True,False,False,2707462.536199078,5154.776116269681
329.84300000000803,55.6,True,False,BLACKOUT,11156.65117565173,2056.314187817556,-10404.65690306834,-444.8431342238583,701.7206035542182,0.0,11680.307958294725,15642.457584125672,387.3508698776596,66.56573087702789,-576.7342726761757,7.276671659654631,16.49842321283298,0.0,383.35770691066125,393.0288703418268,18.031858444213867,374.99701189761294,8.431499548086245,66.2,57.76850045191376,12.485230445861816,False,0.0,0.0,True,False,False,2729212.619261615,5177.867423893294
329.9429999999993,55.7,True,False,BLACKOUT,11195.387416567655,2062.9766419178377,-10462.4306837768,-444.8431342238583,701.7206035542182,0.0,11719.555677480334,15710.201815711847,387.37394844081774,66.6833511286024,-578.7413414930481,7.304870446346614,16.562358420946353,0.0,383.3596457082674,393.07155232650683,18.101736068725586,374.96981625778125,8.417650059612352,66.2,57.782349940387654,12.227669715881348,False,0.0,0.0,True,False,False,2751091.904025561,5201.317691991041
330.0430000000051,55.8,True,False,BLACKOUT,11234.126432855892,2069.64730369994,-10520.403214851489,-444.8431342238583,701.7206035542182,0.0,11758.807490802224,15778.099930245215,387.4063773239053,66.72988451343835,-580.7092800007358,7.328472575266882,16.615871610748425,0.0,383.3674842332433,393.11140746410416,18.16022300720215,374.951184456902,6.760400749853567,66.2,59.439599250146436,12.390204429626465,False,0.0,0.0,True,False,False,2773100.99090917,5224.38099840523
330.14300000001094,55.9,True,False,BLACKOUT,11272.86139039417,2076.332167694501,-10578.575658424415,-444.8431342238583,701.7206035542182,0.0,11798.05730951168,15846.148403934994,387.29277344164603,66.96739537778478,-582.739591457807,7.329408532375122,16.61799370958743,0.0,383.2847778369515,393.0398509105746,18.16254234313965,374.87730856743497,6.562094917184826,66.2,59.63790508281517,14.296062469482422,False,0.0,0.0,True,False,False,2795237.134315355,5245.63022015935
330.2430000000022,56.0,True,False,BLACKOUT,11311.592876999637,2083.0376234889577,-10636.950835870124,-444.8431342238583,701.7206035542182,0.0,11837.306467079155,15914.350363124224,387.33695866769835,67.14172051135242,-584.7639574563417,7.342169414692142,16.64692650288669,0.0,383.3350545950552,393.113126444751,18.194164276123047,374.91896216862796,8.5765246587763,66.2,57.6234753412237,14.230926513671875,False,[-369.70254116],58.822538907053705,True,False,False,2817502.0979776275,5270.372820664615
330.34300000000803,56.1,True,False,BLACKOUT,11350.323770066401,2089.758767639888,-10695.529120345851,-444.8431342238583,701.7206035542182,0.0,11876.557255578007,15982.708012386032,387.28090266759347,67.281162507247,-586.8017320582011,7.366015539009871,16.70099290431044,0.0,383.2671066227654,393.0817375551204,18.25325584411621,374.8284817110042,10.044460887261852,66.2,56.155539112738154,13.97001838684082,False,0.0,0.0,True,False,False,2839897.909603299,5293.15107019676
330.4429999999993,56.2,True,False,BLACKOUT,11389.047802125704,2096.4908394733507,-10754.311260229626,-444.8431342238583,701.7206035542182,0.0,11915.802898018339,16051.217068693699,387.19973851845924,67.36027416200932,-588.841065617325,7.390072561557582,16.755537476031797,0.0,383.1660498130678,393.01532291240795,18.312870025634766,374.7024528867732,10.325160140577747,66.2,55.87483985942226,13.471694946289062,False,0.0,0.0,True,False,False,2862421.5159106622,5315.698246243679
330.5430000000051,56.3,True,False,BLACKOUT,11427.764676963825,2103.2313321238553,-10813.293993818972,-444.8431342238583,701.7206035542182,0.0,11955.042808813801,16119.875171890508,387.13775824395043,67.44957884807792,-590.8136061695993,7.380286575805811,16.733349676164085,0.0,383.12905552724624,392.9695783962602,18.288619995117188,374.680958401143,10.233016133049198,66.2,55.966983866950805,13.149325370788574,False,0.0,0.0,True,False,False,2885072.8101444924,5337.360241671016
330.6420000000071,56.4,True,False,BLACKOUT,11466.48126138231,2109.983394111321,-10872.471264612748,-444.8431342238583,701.7206035542182,0.0,11994.284178083755,16188.683836076985,387.1939301257681,67.59166090124174,-592.7318097059153,7.3721646848468145,16.71493488426507,0.0,383.21405865764467,393.0493253392335,18.26849365234375,374.78083168688977,9.272603353828991,66.2,56.92739664617101,13.449533462524414,False,0.0,0.0,True,False,False,2907855.5680142306,5360.718578675193
330.7430000000022,56.5,True,False,BLACKOUT,11505.200526916522,2116.7468095559198,-10931.844467326664,-444.8431342238583,701.7206035542182,0.0,12033.529933765609,16257.646389457901,387.1913805584515,67.67664799072806,-594.7322445724175,7.375726094007852,16.72300967976514,0.0,383.21822064377113,393.06143777025557,18.277318954467773,374.7841188157878,8.276081940033162,66.2,57.923918059966844,13.612959861755371,False,0.0,0.0,True,False,False,2930772.8865170833,5384.817720522847
330.84300000000803,56.6,True,False,BLACKOUT,11543.928166261534,2123.529071195558,-10991.419662937757,-444.8431342238583,701.7206035542182,0.0,12072.786613454196,16326.771965725913,387.3614063417887,67.96858480204075,-596.7716676494234,7.4005659030515165,16.779329066058263,0.0,383.39350564363417,393.2792743624822,18.3388729095459,374.9404014529363,10.34605069439103,66.2,55.85394930560898,13.10996150970459,False,0.0,0.0,True,False,False,2953831.3691855674,5414.298700489011
330.9429999999993,56.7,True,False,BLACKOUT,11582.66162705114,2130.3456414985576,-11051.198085706237,-444.8431342238583,701.7206035542182,0.0,12112.05351216441,16396.0610943925,387.3078094503264,68.36282125794581,-598.7967877201708,7.399210458588022,16.776255862065263,0.0,383.3949886438383,393.2948189228485,18.335514068603516,374.959304854245,13.144106385832359,66.2,53.055893614167644,12.699511528015137,False,0.0,0.0,True,False,False,2977030.996415373,5438.012875872149
331.0430000000051,56.8,True,False,BLACKOUT,11621.388232675588,2137.1886847543733,-11111.179981450681,-444.8431342238583,701.7206035542182,0.0,12151.317130734944,16465.504200961564,387.2243030386419,68.49804385836421,-600.8411271687272,7.381414958306369,16.73590806177098,0.0,383.3535422132359,393.2361159356861,18.29141616821289,374.9446997674732,12.641841162921086,66.2,53.55815883707891,11.285796165466309,False,0.0,0.0,True,False,False,3000364.192445709,5461.937189545264
331.14300000001094,56.9,True,False,BLACKOUT,11660.10814119836,2144.0446306922445,-11171.36547315909,-444.8431342238583,701.7206035542182,0.0,12190.576031492754,16535.100559551993,387.1738674167746,68.62087489906732,-602.8687069994295,7.353367802823533,16.672316647630698,0.0,383.35657635078377,393.2078687950886,18.221914291381836,374.98595450370675,10.942530120992933,66.2,55.25746987900707,11.857691764831543,False,0.0,0.0,True,False,False,3023831.832762252,5486.456414845561
331.2430000000022,57.0,True,False,BLACKOUT,11698.82928422719,2150.9075462785245,-11231.754885774248,-444.8431342238583,701.7206035542182,0.0,12229.837390644707,16604.85592878556,387.2489931598369,68.63743682653276,-604.9195453037034,7.339669423995135,16.64125826519829,0.0,383.4510357873699,393.2847320166697,18.187969207763672,375.096762808906,10.670134763151378,66.2,55.52986523684862,12.23099422454834,False,[-401.67754719],71.15439001388911,True,False,False,3047439.75124921,5514.585328806887
331.34300000000803,57.1,True,False,BLACKOUT,11737.549741535497,2157.774990296399,-11292.3415477705,-444.8431342238583,701.7206035542182,0.0,12269.099011602419,16674.76441176928,387.1601530063279,68.71144353096294,-606.8136946213335,7.333693461011279,16.62770894333476,0.0,383.3808221329342,393.21018113471064,18.173160552978516,375.0370205817321,11.625849047254981,66.2,54.57415095274503,12.212163925170898,False,0.0,0.0,True,False,False,3071185.2757985443,5535.005520809613
331.4429999999993,57.2,True,False,BLACKOUT,11776.263764431524,2164.651349533365,-11353.125788002337,-444.8431342238583,701.7206035542182,0.0,12308.355706425342,16744.822643255942,387.1203049141837,68.81574120835147,-608.8711100153841,7.314741868972574,16.58473993213901,0.0,383.380154956416,393.18918692520697,18.126197814941406,375.06298911026556,10.874758327977021,66.2,55.32524167202298,11.389806747436523,False,0.0,0.0,True,False,False,3095065.7438285453,5560.98302465023
331.5430000000051,57.3,True,False,BLACKOUT,11814.974871166503,2171.5393240144394,-11414.120067265205,-444.8431342238583,701.7206035542182,0.0,12347.611291108456,16815.042120264083,387.101829785404,68.94374841313882,-611.0144752419648,7.298159418364099,16.547142483629493,0.0,383.4008768080837,393.1934219547195,18.085105895996094,375.1083160587234,10.30922077766368,66.2,55.89077922233632,11.346240043640137,False,0.0,0.0,True,False,False,3119088.1979827476,5589.803791668864
331.64300000001094,57.4,True,False,BLACKOUT,11853.683274577803,2178.4363161402266,-11475.316101643859,-444.8431342238583,701.7206035542182,0.0,12386.865669885594,16885.417399532565,387.06623844056793,68.99609410260712,-612.9062123310964,7.300222988271328,16.551821222928325,0.0,383.37009305681653,393.16756471248544,18.090219497680664,375.0773452148048,12.151141555270959,66.2,54.04885844472904,11.553775787353516,False,0.0,0.0,True,False,False,3143250.7534804805,5611.746264545828
331.7430000000022,57.5,True,False,BLACKOUT,11892.38510194851,2185.3404712015986,-11536.70417610132,-444.8431342238583,701.7206035542182,0.0,12426.114777479193,16955.939127926842,386.97030897359053,69.08700712482671,-614.8552768181563,7.351553616224751,16.66820333598305,0.0,383.22073327226025,393.0890924212754,18.217418670654297,374.8716737506211,12.461833288471215,66.2,53.738166711528784,11.457942962646484,False,0.0,0.0,True,False,False,3167548.384423645,5633.9224510130325
331.84300000000803,57.6,True,False,BLACKOUT,11931.08056989544,2192.251031346504,-11598.280575626544,-444.8431342238583,701.7206035542182,0.0,12465.358738775092,17026.60508725426,386.93904996496224,69.12419577328336,-616.6727136862934,7.406183954805659,16.792066894533523,0.0,383.1238025689157,393.0648582983357,18.352794647216797,374.7120636511189,11.84955148668104,66.2,54.350448513318966,11.283404350280762,False,0.0,0.0,True,False,False,3191981.1933305846,5654.610266085871
331.9429999999993,57.7,True,False,BLACKOUT,11969.765561651564,2199.1695106031048,-11660.045486597588,-444.8431342238583,701.7206035542182,0.0,12504.593647973034,17097.41275896597,386.76078515753414,69.2453893587329,-618.6255057345634,7.408947953140928,16.798333717667465,0.0,382.9601938005639,392.9107136273009,18.359643936157227,374.55106969114365,11.114633134829797,66.2,55.08536686517021,11.957937240600586,False,0.0,0.0,True,False,False,3216547.727131608,5675.604200528402
332.0430000000051,57.8,True,False,BLACKOUT,12008.436321602001,2206.0952187466073,-11722.002575503084,-444.8431342238583,701.7206035542182,0.0,12543.81569490439,17168.362081684747,386.6544138511998,69.26877351131911,-620.5162723753664,7.411409458759471,16.803914698002288,0.0,382.8548259992367,392.81013064122635,18.36574363708496,374.4443870041414,11.67841639077499,66.2,54.52158360922501,11.603166580200195,False,0.0,0.0,True,False,False,3241247.051419507,5696.5358241188005
332.14300000001094,57.9,True,False,BLACKOUT,12047.098401447043,2213.023845906904,-11784.145947676066,-444.8431342238583,701.7206035542182,0.0,12583.029874436666,17239.452907128343,386.5871830496688,69.3037696946116,-622.3511710842818,7.42237693642008,16.828781298624833,0.0,382.7787541152936,392.75012742475576,18.392921447753906,374.35720597700185,11.922932762932806,66.2,54.2770672370672,12.13675308227539,False,0.0,0.0,True,False,False,3266081.416673913,5717.164212806564
332.2430000000022,58.0,True,False,BLACKOUT,12085.751171431632,2219.958862949613,-11846.482380149972,-444.8431342238583,701.7206035542182,0.0,12622.235977243403,17310.68992987921,386.4682166420855,69.3965711595679,-624.3774783938015,7.386201732365694,16.746761131408963,0.0,382.7207552825092,392.6494194102659,18.30327796936035,374.34614144090557,11.38524685436912,66.2,54.81475314563088,12.62808895111084,False,[-425.23023593],77.46725094307611,True,False,False,3291053.531745721,5741.77789521675
332.34300000000803,58.1,True,False,BLACKOUT,12124.388266274007,2226.8956208792965,-11909.017734995967,-444.8431342238583,701.7206035542182,0.0,12661.427124646498,17382.07238062201,386.27368020544276,69.33858743410423,-626.3296185261203,7.413337561190507,16.808286291416525,0.0,382.4847601756986,392.44769807811787,18.370521545410156,374.0771765327077,12.122247746760623,66.2,54.07775225323938,12.582335472106934,False,0.0,0.0,True,False,False,3316161.3716451917,5762.6830259583985
332.4429999999993,58.2,True,False,BLACKOUT,12163.018645042244,2233.83029582713,-11971.745528619771,-444.8431342238583,701.7206035542182,0.0,12700.611747244131,17453.602200011985,386.33389515928803,69.35491152256694,-628.2262539499562,7.449226436261123,16.889657263921777,0.0,382.4999282323882,392.5098499416936,18.459455490112305,374.05039445158127,12.898747949461463,66.2,53.301252050538544,13.37946605682373,False,0.0,0.0,True,False,False,3341409.8222268703,5788.4844811236935
332.5420000000013,58.3,True,False,BLACKOUT,12201.646391461802,2240.7788152657577,-12034.661928011545,-444.8431342238583,701.7206035542182,0.0,12739.795818705803,17525.281316539385,386.22103323185536,69.6154772499815,-630.1017338855175,7.453759978504157,16.89993618017322,0.0,382.41806384905703,392.444902098912,18.47068977355957,373.9742123253524,11.786606131303442,66.2,54.41339386869656,13.366943359375,False,0.0,0.0,True,False,False,3366801.815909574,5809.641628707573
332.64300000001094,58.4,True,False,BLACKOUT,12240.266333219717,2247.74307440905,-12097.765408606341,-444.8431342238583,701.7206035542182,0.0,12778.974437779218,17597.105317724472,386.17780192646273,69.66970561587422,-631.9678780104188,7.451092962566616,16.893889245570293,0.0,382.38620121047217,392.41198068019895,18.464080810546875,373.9478998696521,12.482507178580354,66.2,53.71749282141965,13.834572792053223,False,0.0,0.0,True,False,False,3392334.0537315165,5832.438501392519
332.7430000000022,58.5,True,False,BLACKOUT,12278.880443851855,2254.719486006299,-12161.064788993155,-444.8431342238583,701.7206035542182,0.0,12818.14913394977,17669.08158400618,386.10441071629697,69.85852632910397,-634.0197297258696,7.426885848212897,16.839004370169985,0.0,382.37120386997276,392.37332946500464,18.404094696044922,373.9692347689597,14.019824957208256,66.2,52.180175042791745,12.79626178741455,False,0.0,0.0,True,False,False,3418011.7780942456,5859.743651467853
332.84300000000803,58.6,True,False,BLACKOUT,12317.48636351412,2261.7085132967904,-12224.569798859704,-444.8431342238583,701.7206035542182,0.0,12857.31762411491,17741.21538267795,386.0139825289958,69.92201948072106,-636.080467605072,7.397497872596383,16.77237290983106,0.0,382.3288210221407,392.29565829379027,18.331270217895508,373.96438807589476,14.229179114976482,66.2,51.97082088502352,13.166757583618164,False,0.0,0.0,True,False,False,3443837.3842731705,5886.968626809998
332.9429999999993,58.7,True,False,BLACKOUT,12356.081702179663,2268.711074694501,-12288.27563740473,-444.8431342238583,701.7206035542182,0.0,12896.47765104476,17813.502012370605,385.8927907818736,70.12920847348494,-638.03630329544,7.370884671137109,16.71203270468508,0.0,382.2724526732473,392.2134009165678,18.265321731567383,373.94807918500044,13.711277567253074,66.2,52.48872243274693,13.693557739257812,False,0.0,0.0,True,False,False,3469808.65797486,5911.034426608455
333.0430000000051,58.8,True,False,BLACKOUT,12394.66471022604,2275.7372939535508,-12352.183848250515,-444.8431342238583,701.7206035542182,0.0,12935.628714111508,17885.942414374676,385.7673701456705,70.39517670751448,-640.1279136202807,7.4153487913910245,16.81284636071449,0.0,382.1273585969248,392.1376604877284,18.375505447387695,373.7621550403407,13.56441345180663,66.2,52.63558654819337,13.667305946350098,False,0.0,0.0,True,False,False,3495926.2481322717,5938.817571318714
333.14300000001094,58.9,True,False,BLACKOUT,12433.232114010472,2282.786425606154,-12416.290969227164,-444.8431342238583,701.7206035542182,0.0,12974.76748280471,17958.532029800168,385.5807055429888,70.58745634454098,-642.0145059127175,7.454198708398644,16.900930914004004,0.0,381.9187062500776,391.9886088653872,18.471776962280273,373.51683190310695,14.963900116929212,66.2,51.23609988307079,13.728296279907227,False,0.0,0.0,True,False,False,3522186.864296184,5959.352331338063
333.2430000000022,59.0,True,False,BLACKOUT,12471.78213046127,2289.852481248633,-12480.589601219599,-444.8431342238583,701.7206035542182,0.0,13013.891466016279,18031.264178734727,385.4196234729556,70.73365650503844,-643.9581339359668,7.4380696120144725,16.864361357119634,0.0,381.8009376872523,391.8565251729358,18.431808471679688,373.4247167012561,16.145694215343074,66.2,50.054305784656925,12.81213665008545,False,[-438.74290754],87.39552636156702,True,False,False,3548587.0646188436,5982.382827188338
333.34300000000803,59.1,True,False,BLACKOUT,12510.31841588785,2296.9287782046313,-12545.083307514538,-444.8431342238583,701.7206035542182,0.0,13053.003482339393,18104.143589312484,385.3060850586509,70.79228261492437,-645.9159919628022,7.426453275930964,16.83802359751577,0.0,381.71203567920367,391.75544215882394,18.40302276611328,373.35241939271066,16.52288722862708,66.2,49.677112771372926,12.882412910461426,False,0.0,0.0,True,False,False,3575131.9065779764,6007.340987099659
333.4429999999993,59.2,True,False,BLACKOUT,12548.838835051012,2304.019518052843,-12609.772285791843,-444.8431342238583,701.7206035542182,0.0,13092.10192941005,18177.169472433998,385.1022982045779,71.02251434930689,-647.8635735832752,7.431711107350686,16.849944697161543,0.0,381.53602668828125,391.59670277843907,18.416051864624023,373.18065091381504,16.059916158208154,66.2,50.14008384179185,13.20684814453125,False,0.0,0.0,True,False,False,3601821.2129493845,6030.0889329232305
333.5430000000051,59.3,True,False,BLACKOUT,12587.337942060682,2311.1312893943086,-12674.659408966736,-354.3268248483146,837.1350823595859,0.0,13025.334995976358,18174.331979214956,384.87984198881696,71.21291248000867,-649.8788899145952,12.432412252531861,13.663042667084214,0.0,376.86745074714213,391.4125338734339,18.472780227661133,372.9397536457728,15.50389635549292,47.7,32.19610364450708,12.394867897033691,False,0.0,0.0,True,False,False,3628653.208659008,6054.587319168788
333.64300000001094,59.4,True,False,BLACKOUT,12625.822247893984,2318.2538043057566,-12739.741647234361,-354.3268248483146,837.1350823595859,0.0,13064.37838624985,18247.712181459625,384.80627467720745,71.23738574894733,-651.7658754378854,12.425119726116515,13.655028285197591,0.0,376.8069166745635,391.3446488190362,18.461944580078125,372.88270423895807,16.026357210462884,47.7,31.673642789537116,12.137800216674805,False,0.0,0.0,True,False,False,3655631.612771465,6078.647872199119
333.7430000000022,59.5,True,False,BLACKOUT,12664.298709254328,2325.3803176318293,-12805.016905088536,-354.3268248483146,837.1350823595859,0.0,13103.415000582858,18321.242933193782,384.72295252965466,71.29288077251178,-653.7392816456231,12.40079804014722,13.628299101320486,0.0,376.76118523943273,391.2728268765651,18.425806045532227,372.84702083103286,16.266941424209428,47.7,31.433058575790575,12.395771026611328,False,0.0,0.0,True,False,False,3682761.022996076,6105.25971246637
333.84300000000803,59.6,True,False,BLACKOUT,12702.77169501609,2332.5121384437894,-12870.487812690695,-354.3268248483146,837.1350823595859,0.0,13142.44932641204,18394.929487060504,384.73676270559713,71.34353546669325,-655.6788703975274,12.36451512180014,13.588424694697466,0.0,376.82455279731187,391.29563839898634,18.37189483642578,372.92374356256056,15.31321949476224,47.7,32.386780505237766,11.912552833557129,False,0.0,0.0,True,False,False,3710046.8206388215,6133.362033940392
333.94400000000314,59.7,True,False,BLACKOUT,12741.23157982952,2339.651525467163,-12936.151984457281,-354.3268248483146,837.1350823595859,0.0,13181.472057101093,18468.763731151987,384.4609335630206,71.44420500078307,-657.6045649341952,12.339198591970277,13.560602191693071,0.0,376.59673008674025,391.0428158966013,18.334278106689453,372.7085377899119,14.550966314528202,47.7,33.1490336854718,12.242462158203125,False,0.0,0.0,True,False,False,3737482.707249513,6154.959470830014
334.0430000000051,59.8,True,False,BLACKOUT,12779.677253287196,2346.812620173401,-13002.011502428511,-354.3268248483146,837.1350823595859,0.0,13220.483704942866,18542.747706366044,384.45253559048444,71.77768912396476,-659.5857944904074,12.31391415387785,13.532814957047622,0.0,376.6691106680477,391.0956261298881,18.296709060668945,372.79891706921916,14.276734851036453,47.7,33.423265148963544,12.002705574035645,False,0.0,0.0,True,False,False,3765069.791219065,6184.07182868304
334.14300000001094,59.9,True,False,BLACKOUT,12818.110895433474,2354.0067469572095,-13068.067567677897,-354.3268248483146,837.1350823595859,0.0,13259.487740541173,18616.884946063252,384.22030733507125,72.10484655220822,-661.5355104972979,12.375647103682535,13.600658583048247,0.0,376.4189040849672,390.9275552643662,18.38843536376953,372.5391199005967,12.253652633699554,47.7,35.44634736630045,11.749640464782715,False,0.0,0.0,True,False,False,3792811.0597628835,6207.586339350763
334.24400000000605,60.0,True,False,BLACKOUT,12856.518672745955,2361.2151676434282,-13134.307616462587,-354.3268248483146,837.1350823595859,0.0,13298.468290283117,18691.155540295862,383.93523891453015,72.06356717216953,-663.2654651964676,12.560761230909753,13.804096352582512,0.0,375.9164383409698,390.6397642252196,18.663488388061523,371.9762758371581,14.536783559155273,47.7,33.16321644084473,12.471712112426758,False,[-468.62497214],92.25321763440508,True,False,False,3820691.5079944152,6222.98542767254
334.34300000000803,60.1,True,False,BLACKOUT,12894.898943048069,2368.408003309126,-13200.729378376414,-354.3268248483146,837.1350823595859,0.0,13337.420298060748,18765.554516940156,383.67016712776524,71.79314614178482,-665.169773080071,12.540780915181033,13.782138272303463,0.0,375.6358587043608,390.3294159767913,18.633800506591797,371.6956154701995,13.233911847290193,47.7,34.466088152709816,12.673391342163086,False,0.0,0.0,True,False,False,3848708.840208022,6244.544689258433
334.4429999999993,60.2,True,False,BLACKOUT,12933.259299818239,2375.5938480066516,-13267.34619445183,-354.3268248483146,837.1350823595859,0.0,13376.352282817144,18840.09754320457,383.5369682756471,71.92374780872632,-667.1665484282271,12.50553006710995,13.743398096104107,0.0,375.56528225034134,390.2225410364296,18.581422805786133,371.6411182306435,13.134085461964037,47.7,34.56591453803596,12.435652732849121,False,0.0,0.0,True,False,False,3876875.3547991766,6271.9759645744
334.5430000000051,60.3,True,False,BLACKOUT,12971.604733481965,2382.7962980799293,-13334.160934676698,-354.3268248483146,837.1350823595859,0.0,13415.271912677916,18914.79231508882,383.37170499889737,72.12525365682649,-669.12825606913,12.579043251893271,13.8241880313062,0.0,375.34812142662895,390.09731658757045,18.69065284729004,371.4066637402804,12.528390854652741,47.7,35.17160914534726,11.83315372467041,False,0.0,0.0,True,False,False,3905197.4609180223,6297.980150314506
334.64300000001094,60.4,True,False,BLACKOUT,13009.938390351104,2390.0118315775735,-13401.172404004268,-354.3268248483146,837.1350823595859,0.0,13454.181912715874,18989.64014251709,383.30143238387893,72.18541629605626,-671.1011304822845,12.49477676772932,13.731580374388875,0.0,375.3857040207991,390.03938569504527,18.565444946289062,371.4739407487562,12.303300826299113,47.7,35.396699173700895,11.212071418762207,False,0.0,0.0,True,False,False,3933677.6639994103,6326.337681138761
334.7430000000022,60.5,True,False,BLACKOUT,13048.25621268099,2397.23462313548,-13468.3725990514,-354.3268248483146,837.1350823595859,0.0,13493.077582782862,19064.632257714176,383.05501421382667,72.27041486207465,-672.9027704603274,12.418279051364292,13.647510481804913,0.0,375.2442329601716,389.8129766679033,18.451780319213867,371.3611963486894,12.704886827118468,47.7,34.99511317288154,11.67422103881836,False,0.0,0.0,True,False,False,3962310.115403166,6345.784822815322
334.84300000000803,60.6,True,False,BLACKOUT,13086.560483053718,2404.468108430303,-13535.76217828492,-354.3268248483146,837.1350823595859,0.0,13531.961588710408,19139.771215597706,383.03039324074103,72.39929103438543,-674.888814210066,12.369553524577862,13.593961827051803,0.0,375.29658250811997,389.8126979569013,18.37938117980957,371.4333167770917,13.221468465183511,47.7,34.47853153481649,13.185188293457031,False,0.0,0.0,True,False,False,3991097.879688749,6375.999828426699
334.9429999999993,60.7,True,False,BLACKOUT,13124.848524250441,2411.717534222699,-13603.34989981564,-354.3268248483146,837.1350823595859,0.0,13570.831882735369,19215.061969358336,382.7304306937316,72.58922481354216,-676.8656164043086,12.400451449382894,13.627918203043883,0.0,374.994305562547,389.5533059005407,18.425291061401367,371.1280148391393,13.73000460028006,47.7,33.96999539971994,12.975051879882812,False,0.0,0.0,True,False,False,4020043.3929594425,6399.766480012155
335.0430000000051,60.8,True,False,BLACKOUT,13163.105397305593,2418.991329886975,-13671.137179187202,-354.3268248483146,837.1350823595859,0.0,13609.674612876172,19290.495971864508,382.40703040929327,72.88668847197869,-678.8799710269797,12.292800357982829,13.50961119833064,0.0,374.84687619351337,389.29115872681393,18.265336990356445,371.0258217364575,14.392571584942122,47.7,33.30742841505788,11.209280014038086,False,0.0,0.0,True,False,False,4049137.596627925,6424.873661344301
335.14300000001094,60.9,True,False,BLACKOUT,13201.336191319499,2426.2913850842183,-13739.126682869446,-354.3268248483146,837.1350823595859,0.0,13648.49506584478,19366.07909645947,382.2088498688281,73.1144154728814,-680.9101026178818,12.180743712867317,13.386462553301453,0.0,374.8175925771502,389.13920731274754,18.09883689880371,371.04037041394383,14.841284528004804,47.7,32.8587154719952,11.811739921569824,False,0.0,0.0,True,False,False,4078386.655226875,6453.162579541208
335.2430000000022,61.0,True,False,BLACKOUT,13239.549687499657,2433.6081637899165,-13807.316639697528,-354.3268248483146,837.1350823595859,0.0,13687.300863672775,19441.815700226296,382.0610737343538,73.22115864107901,-682.8890339437394,12.15734498526673,13.360747687427601,0.0,374.7159422042492,389.01414130567207,18.064069747924805,370.95007155774726,14.392099167613614,47.7,33.307900832386395,12.143911361694336,False,[-491.09085243],96.0552506994635,True,False,False,4107796.8247442287,6481.216173409822
335.34300000000803,61.1,True,False,BLACKOUT,13277.745699971669,2440.937265807282,-13875.698818148312,-354.3268248483146,837.1350823595859,0.0,13726.091314193689,19517.699671261107,381.8591757059081,73.36088170622477,-684.7545350719491,12.171412719289927,13.376207925254656,0.0,374.5226337494963,388.8421904005664,18.084972381591797,370.7572180189746,14.547760220600432,47.7,33.15223977939957,12.162923812866211,False,0.0,0.0,True,False,False,4137365.0374709396,6504.510539836532
335.4429999999993,61.2,True,False,BLACKOUT,13315.925322775001,2448.276027855799,-13944.272674580347,-354.3268248483146,837.1350823595859,0.0,13764.867196084904,19593.731378910514,381.7332803607532,73.41435926411411,-686.7225935687349,12.256571353754644,13.469796042550646,0.0,374.30788017147904,388.72865276583593,18.211505889892578,370.51714687594335,15.441491315070328,47.7,32.25850868492967,13.675971031188965,False,0.0,0.0,True,False,False,4167092.7018422205,6533.002657185952
335.54400000000896,61.3,True,False,BLACKOUT,13354.091803561636,2455.6311505515937,-14013.044243947596,-354.3268248483146,837.1350823595859,0.0,13803.632522437345,19669.918144143936,381.5963353719395,73.68809465177996,-688.7087937762354,12.20438633767243,13.412445458703285,0.0,374.27739164553,388.645980890969,18.13396644592285,370.51201444504613,15.870303498040304,47.7,31.8296965019597,13.969196319580078,False,0.0,0.0,True,False,False,4196986.56488434,6562.232319916548
335.64300000001094,61.4,True,False,BLACKOUT,13392.238619241865,2463.0077516287834,-14082.010575013424,-354.3268248483146,837.1350823595859,0.0,13842.381422476798,19746.253955627144,381.33997823262706,73.84392689200997,-690.6178275403249,12.194824283585488,13.401936898472085,0.0,374.06066197669134,388.4238722546453,18.11975860595703,370.30411364868826,16.273411623047,47.7,31.426588376953003,12.859284400939941,False,0.0,0.0,True,False,False,4227041.284245953,6586.301125314217
335.7430000000022,61.5,True,False,BLACKOUT,13430.357956789754,2470.397794482803,-14151.171487115378,-354.3268248483146,837.1350823595859,0.0,13881.105201529748,19822.732810429632,381.04677272513095,73.95693018838176,-692.6004144987634,12.182780896359862,13.38870138872727,0.0,373.80363134643704,388.1575331320091,18.101863861083984,370.05566927092514,16.462273842464633,47.7,31.237726157535374,13.219913482666016,False,0.0,0.0,True,False,False,4257251.471010534,6612.271229326553
335.84300000000803,61.6,True,False,BLACKOUT,13468.448645306087,2477.794123317551,-14220.527758986877,-354.3268248483146,837.1350823595859,0.0,13919.801858754288,19899.354098339365,380.76699760152013,73.96964650657428,-694.5250229312161,12.129145333745461,13.329756675055602,0.0,373.59210693398813,387.8853117440561,18.02216911315918,369.8631426308969,16.686809114813247,47.7,31.013190885186756,12.751084327697754,False,0.0,0.0,True,False,False,4287617.316915887,6636.635250765531
335.9429999999993,61.7,True,False,BLACKOUT,13506.517265953062,2485.18877817272,-14290.073873286881,-354.3268248483146,837.1350823595859,0.0,13958.476990480973,19976.11802122182,380.605415337968,73.92345059680342,-696.3972630688846,12.104844186488126,13.303050062928223,0.0,373.45348291300525,387.71788549501446,17.986061096191406,369.73182439882305,16.463296107919405,47.7,31.236703892080598,13.495983123779297,False,0.0,0.0,True,False,False,4318141.738185651,6662.02799859296
336.04400000000896,61.8,True,False,BLACKOUT,13544.568070786125,2492.5877289200457,-14359.806655110817,-354.3268248483146,837.1350823595859,0.0,13997.13552070198,20053.025955128618,380.4106813233146,74.05556434971207,-698.2583734098248,12.09701123521433,13.29444176187697,0.0,373.29194150409927,387.5519488739836,17.974422454833984,369.5775264191496,16.00084195512919,47.7,31.69915804487081,13.745240211486816,False,0.0,0.0,True,False,False,4348827.472599538,6686.5256428982875
336.14300000001094,61.9,True,False,BLACKOUT,13582.592507512407,2499.9873969854348,-14429.732065040283,-354.3268248483146,837.1350823595859,0.0,14035.768532466847,20130.07614903228,380.07805320233257,73.9377969580728,-700.249825179516,12.052923606322398,13.245990090358566,0.0,372.9959670492806,387.20294981454924,17.90891456604004,369.2940352485092,15.538898005379831,47.7,32.16110199462017,13.623992919921875,False,0.0,0.0,True,False,False,4379672.195706961,6712.846007524455
336.2430000000022,62.0,True,False,BLACKOUT,13620.581415174003,2507.382340687736,-14499.849560434808,-354.3268248483146,837.1350823595859,0.0,14074.366281328492,20207.26165259009,379.700100029631,73.96107708794916,-702.1000827110008,11.9729060681952,13.158051964165535,0.0,372.7201323284736,386.8364084293532,17.790019989013672,369.0463884403395,14.951998355124797,47.7,32.7480016448752,13.44713306427002,False,[-521.21362374],106.75088773810457,True,False,False,4410670.169151894,6733.8978145813935
336.34300000000803,62.1,True,False,BLACKOUT,13658.543253983697,2514.7692145601704,-14570.160609576815,-354.3268248483146,837.1350823595859,0.0,14112.93676481794,20284.589330736122,379.5366761642392,73.77640036074513,-704.1209001291329,12.02104495802127,13.210955913317134,0.0,372.47269999560945,386.6407192782306,17.861547470092773,368.77917180813785,15.743612175499583,47.7,31.956387824500418,13.59423828125,False,0.0,0.0,True,False,False,4441828.04637893,6764.228265441214
336.4429999999993,62.2,True,False,BLACKOUT,13696.479714974794,2522.155684935363,-14640.664171003917,-354.3268248483146,837.1350823595859,0.0,14151.482567230922,20362.060461032877,379.19254365769444,73.95300714310832,-705.9503284129315,12.043081712285,13.235173990037367,0.0,372.13624208024646,386.33668274071664,17.894290924072266,368.4423918166444,16.311650446444553,47.7,31.388349553555447,12.885673522949219,False,0.0,0.0,True,False,False,4473147.305553576,6785.416973584798
336.5430000000051,62.3,True,False,BLACKOUT,13734.388502046404,2529.5560170657163,-14711.357422039304,-354.3268248483146,837.1350823595859,0.0,14190.00310720578,20439.67282961008,378.9831977744903,74.05363546396364,-707.9146922948078,11.929930097088112,13.110821988600982,0.0,372.07812059694066,386.1504954299658,17.726163864135742,368.4243315658301,16.31943398496243,47.7,31.380566015037573,13.511122703552246,False,0.0,0.0,True,False,False,4504626.846917108,6813.901905459867
336.64300000001094,62.4,True,False,BLACKOUT,13772.270200720044,2536.959844535099,-14782.24514153365,-354.3268248483146,837.1350823595859,0.0,14228.497733243023,20517.429643337324,378.65077569830294,74.02291392368298,-709.8396975921206,11.93157961239241,13.112634782250746,0.0,371.7432324642692,385.8183532735055,17.728614807128906,368.0897384663766,16.50102885571268,47.7,31.19897114428732,13.035629272460938,False,0.0,0.0,True,False,False,4536270.130708832,6838.792065840088
336.7430000000022,62.5,True,False,BLACKOUT,13810.120298552198,2544.360089213592,-14853.32421913979,-354.3268248483146,837.1350823595859,0.0,14266.961117758636,20595.325195163132,378.35118094476667,73.9819796461795,-711.7418545306441,11.943964455704373,13.126245547334733,0.0,371.4265319924949,385.5164710290175,17.74701690673828,367.7694541222792,14.504755005040453,47.7,33.19524499495955,12.58829402923584,False,0.0,0.0,True,False,False,4568073.305287583,6863.909012036864
336.84300000000803,62.6,True,False,BLACKOUT,13847.941961628501,2551.759841726865,-14924.59586515785,-354.3268248483146,837.1350823595859,0.0,14305.396770057409,20673.36301831552,378.08208058129725,74.0130706192892,-713.6910658305429,11.849375985110957,13.022294175446394,0.0,371.27653942453765,385.25834744905717,17.60647201538086,367.6518754336763,12.797605543005478,47.7,34.90239445699453,12.745667457580566,False,0.0,0.0,True,False,False,4600040.478023699,6891.358517221715
336.94400000000314,62.7,True,False,BLACKOUT,13885.73482346057,2559.1606068740152,-14996.057326705606,-354.3268248483146,837.1350823595859,0.0,14343.804504200298,20751.54121988431,377.7751560600691,74.00223232371653,-715.5381651245951,11.847503111314092,13.020235914018373,0.0,370.97419193078235,384.9550609163398,17.603689193725586,367.3513717226142,13.630259707200967,47.7,34.06974029279903,13.115079879760742,False,0.0,0.0,True,False,False,4632170.411068158,6914.466412365043
337.04400000000896,62.8,True,False,BLACKOUT,13923.503241231512,2566.5674468791735,-15067.702572998105,-354.3268248483146,837.1350823595859,0.0,14382.189252659029,20829.859061636365,377.59319935875243,74.13456777945134,-717.3667607253598,11.894463592541447,13.071844809029518,0.0,370.76167746622286,384.8019728923237,17.673465728759766,367.12850716356394,14.759991444388815,47.7,32.94000855561119,13.079463005065918,False,0.0,0.0,True,False,False,4664463.938985587,6939.677660864141
337.14300000001094,62.9,True,False,BLACKOUT,13961.24544221817,2573.985827613223,-15139.524163330994,-354.3268248483146,837.1350823595859,0.0,14420.549914787965,20908.310590216854,377.2508203744505,74.23304690154161,-719.0650459324094,11.783539143922736,12.949940431703903,0.0,370.56976777474324,384.4850149556968,17.508647918701172,366.9763670369956,14.778291335950616,47.7,32.92170866404938,12.691987037658691,False,0.0,0.0,True,False,False,4696917.221146348,6957.616827087031
337.2430000000022,63.0,True,False,BLACKOUT,13998.959900889105,2581.4200114918276,-15211.528684441533,-354.3268248483146,837.1350823595859,0.0,14458.88549457488,20986.900072731452,377.03835304424007,74.45063067055122,-721.0253762783982,11.721795924762072,12.882085519828415,0.0,370.4684502863981,384.31863872775654,17.416906356811523,366.901732370945,12.908557893928103,47.7,34.7914421060719,13.278061866760254,False,[-551.94598153],111.7715463120839,True,False,False,4729534.044280644,6987.44713391528
337.34300000000803,63.1,True,False,BLACKOUT,14036.643730401636,2588.8702471820934,-15283.726765235733,-354.3268248483146,837.1350823595859,0.0,14497.193163152198,21065.633468854667,376.63823720636213,74.55408313475832,-722.9362396055933,11.715570127699156,12.875243458193118,0.0,370.0984088207515,383.9461850806443,17.407655715942383,366.5385293647019,12.327134783160234,47.7,35.37286521683977,13.804298400878906,False,0.0,0.0,True,False,False,4762318.602025945,7011.818981594968
337.4429999999993,63.2,True,False,BLACKOUT,14074.29158172401,2596.338002536237,-15356.122446303118,-354.3268248483146,837.1350823595859,0.0,14535.467795596938,21144.51041340731,376.3187892410925,74.80102394811459,-724.9773817420921,11.65968557612512,12.813827137926598,0.0,369.89008428737634,383.6808886556225,17.32461929321289,366.3562693624096,13.494908549197039,47.7,34.20509145080297,13.926475524902344,False,0.0,0.0,True,False,False,4795269.268691568,7042.309392370365
337.5430000000051,63.3,True,False,BLACKOUT,14111.906166778519,2603.825946479915,-15428.711326269402,-354.3268248483146,837.1350823595859,0.0,14573.712415764176,21223.530026052515,375.9729118490828,74.95785492543672,-726.8002175835832,11.70741112437299,12.866276830614986,0.0,369.51957876211225,383.37228702568075,17.395532608032227,365.9767544176485,14.279523876820182,47.7,33.420476123179824,13.829803466796875,False,0.0,0.0,True,False,False,4828386.7985178735,7065.091101677864
337.64300000001094,63.4,True,False,BLACKOUT,14149.491000869686,2611.328730267258,-15501.487678757503,-354.3268248483146,837.1350823595859,0.0,14611.929873288167,21302.6903201582,375.7237699742805,75.09782082142142,-728.7268321784506,11.648298144012722,12.801312513438615,0.0,369.36676100564154,383.15536537521217,17.30769920349121,365.84766617172096,13.551394155050627,47.7,34.14860584494937,14.521435737609863,False,0.0,0.0,True,False,False,4861671.909980318,7093.506048146504
337.7430000000022,63.5,True,False,BLACKOUT,14187.04505763114,2618.8457260872297,-15574.450780617643,-354.3268248483146,837.1350823595859,0.0,14650.119079466092,21381.990229172257,375.35736525477824,75.24209557801187,-730.5352050243431,11.60610136029062,12.754938853629241,0.0,369.07943147828587,382.8244043918565,17.2450008392334,365.5794035526231,12.527018359977593,47.7,35.172981640022414,14.2745943069458,False,0.0,0.0,True,False,False,4895124.5245682895,7115.866520013708
337.84300000000803,63.6,True,False,BLACKOUT,14224.56028270169,2626.379738619236,-15647.603581274725,-354.3268248483146,837.1350823595859,0.0,14688.272387678595,21461.426876406964,374.94713615620486,75.43815506212142,-732.5208081173175,11.632147014395068,12.783562653748863,0.0,368.67788011348426,382.4608086469989,17.283700942993164,365.1771077040057,11.548744532202544,47.7,36.15125546779746,14.046313285827637,False,0.0,0.0,True,False,False,4928741.452492222,7143.912078781194
337.9429999999993,63.7,True,False,BLACKOUT,14262.038880266855,2633.9301537726255,-15720.953700755006,-354.3268248483146,837.1350823595859,0.0,14726.391919079197,21541.007502333858,374.62481514709987,75.57014800567345,-734.4815814883252,11.61112435903437,12.760459057171285,0.0,368.4073787607692,382.1709033843342,17.252464294433594,364.91843908990063,12.394796566461716,47.7,35.30520343353829,14.007845878601074,False,0.0,0.0,True,False,False,4962529.116380266,7172.572493486304
338.0430000000051,63.8,True,False,BLACKOUT,14299.484940357892,2641.4972019632064,-15794.495569275989,-354.3268248483146,837.1350823595859,0.0,14764.48176905496,21620.73107451816,374.29638667362883,75.77081580595059,-736.3557889313064,11.543519904948083,12.686162732218113,0.0,368.19738701181655,381.88872935036187,17.152013778686523,364.73671557167535,13.29248880417578,47.7,34.40751119582422,13.98981761932373,False,0.0,0.0,True,False,False,4996487.812285681,7198.160469699429
338.14300000001094,63.9,True,False,BLACKOUT,14336.898720130845,2649.0823317775776,-15868.224557315503,-354.3268248483146,837.1350823595859,0.0,14802.542377852584,21700.594725709994,373.97920878540094,75.931780481477,-738.2239718589894,11.58278222019888,12.729311453285572,0.0,367.86644598072195,381.60985822020075,17.210351943969727,364.399506276231,13.751050937280263,47.7,33.94894906271974,14.007560729980469,False,0.0,0.0,True,False,False,5030616.186263645,7224.064899301215
338.2430000000022,64.0,True,False,BLACKOUT,14374.279648925289,2656.6816568162017,-15942.145006824028,-354.3268248483146,837.1350823595859,0.0,14840.572711182764,21780.60113528795,373.6393671034919,76.0547202909996,-740.1850183115312,11.587497138263227,12.734493080581746,0.0,367.5472863718324,381.3013206481721,17.217357635498047,364.0839630126741,13.821972350826632,47.7,33.878027649173376,14.067075729370117,False,[-576.62793917],121.23101643776967,True,False,False,5064917.36203921,7253.015607760233
338.34300000000803,64.1,True,False,BLACKOUT,14411.626529647461,2664.296255138537,-16016.259089862153,-354.3268248483146,837.1350823595859,0.0,14878.5717197067,21860.751397242686,373.2982473399372,76.23724615571102,-742.0966424509583,11.448202310080081,12.581410063214548,0.0,367.40647865374444,381.00354219938083,17.010385513305664,363.99315668607517,13.656072009534576,47.7,34.04392799046543,13.971755981445312,False,0.0,0.0,True,False,False,5099392.842647849,7280.528098271789
338.4429999999993,64.2,True,False,BLACKOUT,14448.938652366938,2671.927737434621,-16090.567166573011,-354.3268248483146,837.1350823595859,0.0,14916.538904049767,21941.045659175583,372.9442070495908,76.39239976596501,-744.0648917662206,11.039035225088218,12.131741308136725,0.0,367.5660289237246,380.6877727401434,16.402421951293945,364.2853507888494,14.019766226765107,47.7,33.680233773234896,13.994403839111328,False,0.0,0.0,True,False,False,5134043.107062684,7309.755166925501
338.5430000000051,64.3,True,False,BLACKOUT,14486.216171681473,2679.5725581649704,-16165.074006199027,-354.3268248483146,837.1350823595859,0.0,14954.473988880432,22021.487459070355,372.6061792411382,76.50401484102353,-746.0719007540631,10.858983890359173,11.933867474909595,0.0,367.46474290064396,380.37905974892305,16.134891510009766,364.2441682389133,14.306291720950105,47.7,33.393708279049896,13.94001579284668,False,0.0,0.0,True,False,False,5168871.9798325505,7341.105170692469
338.64300000001094,64.4,True,False,BLACKOUT,14523.46021877071,2687.228613408436,-16239.777226258318,-354.3268248483146,837.1350823595859,0.0,14992.377843054348,22102.075869641867,372.2747625435695,76.61709002828363,-747.9925004317616,11.27328051866308,12.38917352448116,0.0,366.67055415263206,380.077199146796,16.750476837158203,363.3267223096378,13.894996280694093,47.7,33.80500371930591,14.39676570892334,False,0.0,0.0,True,False,False,5203880.419784779,7369.672480852918
338.7430000000022,64.5,True,False,BLACKOUT,14560.670736682936,2694.8943869282975,-16314.672501800658,-354.3268248483146,837.1350823595859,0.0,15030.25022726484,22182.807773931716,371.93559570097835,76.69838036893806,-749.9130104150541,11.483682934991217,12.620402760863948,0.0,366.1032212791901,379.7614104943523,17.0631046295166,362.6983058648357,12.870443129901103,47.7,34.829556870098905,14.38718032836914,False,0.0,0.0,True,False,False,5239066.790005663,7398.20247786634
338.84300000000803,64.6,True,False,BLACKOUT,14597.838380039399,2702.56274856441,-16389.765289460647,-354.3268248483146,837.1350823595859,0.0,15068.08098903431,22263.680534352497,371.41727142828654,76.6688523533076,-751.9427427847611,11.427619953357029,12.558790348521693,0.0,365.65372857294744,379.24781137985065,16.97980308532715,362.2680082945235,12.68788154915865,47.7,35.01211845084135,14.467148780822754,False,0.0,0.0,True,False,False,5274427.692888179,7427.522494898856
338.94400000000314,64.7,True,False,BLACKOUT,14634.962020538795,2710.2426044432805,-16465.053994788115,-354.3268248483146,837.1350823595859,0.0,15105.870113294795,22344.693216310243,371.0555385596144,76.92826522409527,-753.8313637645709,11.412602303905675,12.542286167269873,0.0,365.36091183613735,378.9461316416282,16.957489013671875,361.9886426279563,12.642691988314207,47.7,35.0573080116858,14.647217750549316,False,0.0,0.0,True,False,False,5309962.613003509,7455.0605510775495
339.0430000000051,64.8,True,False,BLACKOUT,14672.052842955149,2717.9332232253437,-16540.520538412646,-354.3268248483146,837.1350823595859,0.0,15143.628612973227,22425.840168192404,370.76090976747463,76.88411041716355,-755.4995087259986,11.470503500260296,12.605918751212487,0.0,364.99490675830623,378.64867442821463,17.043521881103516,361.6051525471111,13.636569075938421,47.7,34.063430924061585,14.84846019744873,False,0.0,0.0,True,False,False,5345669.959013324,7475.2001814076375
339.14400000000023,64.9,True,False,BLACKOUT,14709.117886194887,2725.6146423980954,-16616.15847653571,-354.3268248483146,837.1350823595859,0.0,15181.360993380622,22507.11985414145,370.5399550272885,76.74427303787523,-757.2592537353304,11.393107215247012,12.52086134457807,0.0,364.8439459588886,378.4039398787187,16.92852210998535,361.47541776873334,11.750894085012375,47.7,35.949105914987626,16.037439346313477,False,0.0,0.0,True,False,False,5381551.682446353,7500.447310090974
339.2430000000022,65.0,True,False,BLACKOUT,14746.155103869818,2733.3023538169136,-16691.97495037669,-354.3268248483146,837.1350823595859,0.0,15219.06714621132,22588.53763626348,370.20439847135026,77.00995533849405,-759.0702230842641,11.387245980321389,12.514419931500386,0.0,364.56744644743725,378.12938244570614,16.91981315612793,361.2095692895782,12.458432953377452,47.7,35.24156704662255,15.432559967041016,False,[-606.63376009],129.36402032004452,True,False,False,5417611.926788838,7525.782086294617
339.34300000000803,65.1,True,False,BLACKOUT,14783.157723922186,2741.004291601894,-16767.972506513423,-354.3268248483146,837.1350823595859,0.0,15256.741343752492,22670.091715944967,369.8480025760372,77.02880036110771,-760.880899650341,11.378446425915968,12.504749347477714,0.0,364.2303884160058,377.7843049870598,16.90673828125,360.8775667058098,13.282869263369909,47.7,34.41713073663009,15.547411918640137,False,0.0,0.0,True,False,False,5453847.692288602,7550.724514672555
339.4429999999993,65.2,True,False,BLACKOUT,14820.127831204534,2748.7127952417773,-16844.1575525947,-354.3268248483146,837.1350823595859,0.0,15294.384703576405,22751.787778493912,369.5541430709209,77.14127243655963,-762.8200219752392,11.35426080891341,12.478169701442535,0.0,363.989659891388,377.5195896559729,16.87080192565918,360.6487877303137,13.128851347334523,47.7,34.57114865266548,15.988752365112305,False,0.0,0.0,True,False,False,5490265.416596045,7581.83468880923
339.5420000000013,65.3,True,False,BLACKOUT,14857.063007874396,2756.434774757543,-16920.53228989412,-354.3268248483146,837.1350823595859,0.0,15331.995693721634,22833.626626658504,369.1493903263214,77.29831787874929,-764.6747240131238,11.336914582993575,12.459106448065679,0.0,363.6397821148319,377.1555412892391,16.845027923583984,360.31051336565514,13.066590727425254,47.7,34.633409272574745,16.539749145507812,False,0.0,0.0,True,False,False,5526866.112242795,7608.2783972425905
339.64300000001094,65.4,True,False,BLACKOUT,14893.959008670496,2764.1689010520627,-16997.089662770453,-354.3268248483146,837.1350823595859,0.0,15369.56994190387,22915.600302050418,368.7706255956378,77.38420801164355,-766.4727335135423,11.371406782391631,12.497012880259577,0.0,363.2417235125075,376.80245481125434,16.896278381347656,359.9061764299067,12.812470423119176,47.7,34.88752957688083,17.096996307373047,False,0.0,0.0,True,False,False,5563642.988990714,7632.9578704371515
339.7430000000022,65.5,True,False,BLACKOUT,14930.817976948261,2771.9092342778235,-17073.824053556687,-354.3268248483146,837.1350823595859,0.0,15407.108834262834,22997.70576476338,368.4087399596763,77.4224565035707,-768.215082211127,11.395090484620663,12.52304092916086,0.0,362.8645478045463,376.4561547507541,16.931468963623047,359.52468578713103,10.992039879285388,47.7,36.70796012071461,16.74684715270996,False,0.0,0.0,True,False,False,5600594.958513295,7656.1560698148605
339.84300000000803,65.6,True,False,BLACKOUT,14967.638240725615,2779.6545193162424,-17150.74539107956,-354.3268248483146,837.1350823595859,0.0,15444.610556230362,23079.949365266362,367.9965355874229,77.48324426479896,-770.2116682462606,11.355458472554584,12.479485916598357,0.0,362.5166844229997,376.0652913340234,16.872581481933594,359.1927098520898,12.937403580938339,47.7,34.762596419061666,17.113401412963867,False,0.0,0.0,True,False,False,5637727.765754614,7687.95626487561
339.9429999999993,65.7,True,False,BLACKOUT,15004.420151836019,2787.4100907101333,-17227.861303262413,-354.3268248483146,837.1350823595859,0.0,15482.076130222551,23162.337671022186,367.6416866206312,77.62818361302135,-772.1065754108166,11.327980243290915,12.449287736935439,0.0,362.2260976517058,375.7479802105653,16.83175277709961,358.9162274334657,13.130905492675275,47.7,34.56909450732473,15.694583892822266,False,0.0,0.0,True,False,False,5675047.264281861,7717.210328500767
340.04400000000896,65.8,True,False,BLACKOUT,15041.170478840857,2795.179839889603,-17305.166019773864,-354.3268248483146,837.1350823595859,0.0,15519.512766204722,23244.8714230113,367.364853476147,77.76679997637466,-773.9877548182145,11.296941114841157,12.415176180164002,0.0,362.01545954025227,375.5058065438089,16.785633087158203,358.7201734566507,13.26950550347577,47.7,34.43049449652423,15.957012176513672,False,0.0,0.0,True,False,False,5712556.204123704,7747.393483512054
340.14400000000023,65.9,True,False,BLACKOUT,15077.8902909261,2802.9604357995345,-17382.656610088583,-354.3268248483146,837.1350823595859,0.0,15556.921110188483,23327.549062275797,367.0313882287031,77.84511822225548,-775.824051476127,11.183928135950001,12.290976538038258,0.0,361.83526686382845,375.1958187082126,16.617712020874023,358.57810668733856,14.042822398930218,47.7,33.65717760106978,16.306367874145508,False,0.0,0.0,True,False,False,5750254.3314984245,7774.954462961715
340.2430000000022,66.0,True,False,BLACKOUT,15114.569113943864,2810.7534116401216,-17460.324728559972,-354.3268248483146,837.1350823595859,0.0,15594.290970571674,23410.357761076957,366.54507212658444,78.01439858949162,-777.5383179516766,11.141309024963219,12.244138746625172,0.0,361.4381854571975,374.7553018805245,16.554386138916016,358.20091574160847,12.176104579454796,47.7,35.52389542054521,16.432600021362305,False,[-634.26838707],139.798607513289,True,False,False,5788129.879808372,7796.20511754626
340.34300000000803,66.1,True,False,BLACKOUT,15151.197901008534,2818.5458929428482,-17538.163444716658,-354.3268248483146,837.1350823595859,0.0,15631.611747495981,23493.285484113327,366.0306691668145,77.83522746503547,-779.2360051819907,11.131396529103458,12.233245055914294,0.0,360.91150413194504,374.21487598068546,16.539657592773438,357.675218387912,10.186643051078372,47.7,37.51335694892163,16.852638244628906,False,0.0,0.0,True,False,False,5826172.131045551,7815.811368594025
340.4429999999993,66.2,True,False,BLACKOUT,15187.776909238635,2826.347742583959,-17616.185679296377,-354.3268248483146,837.1350823595859,0.0,15668.884947204011,23576.343087429042,365.5494954351977,78.20176535718498,-781.2086864123723,11.12545955767748,12.2267204095095,0.0,360.51227962935957,373.82074543543973,16.53083610534668,357.28990933009305,12.412929235819671,47.7,35.287070764180335,16.664865493774414,False,0.0,0.0,True,False,False,5864389.810924284,7846.935459276656
340.5430000000051,66.3,True,False,BLACKOUT,15224.308875606697,2834.1711431087633,-17694.403489090135,-354.3268248483146,837.1350823595859,0.0,15706.114838349553,23659.542644568366,365.08983192606615,78.26624513890044,-783.1475094628054,11.140433562365919,12.243176625793156,0.0,360.05447112612256,373.3847754046028,16.553085327148438,356.83169007745437,13.49880500642021,47.7,34.2011949935798,17.139928817749023,False,0.0,0.0,True,False,False,5902794.076436091,7877.150005415785
340.64300000001094,66.4,True,False,BLACKOUT,15260.788381851153,2842.0107552536447,-17772.805290396354,-354.3268248483146,837.1350823595859,0.0,15743.295378740098,23742.871714950572,364.5002929630272,78.52599775871921,-784.888516661583,11.194022912878408,12.302070553027944,0.0,359.4592174243045,372.86297200732474,16.63271141052246,356.2302605968023,13.770053695094282,47.7,33.92994630490573,16.558406829833984,False,0.0,0.0,True,False,False,5941374.90985687,7898.590956752407
340.7430000000022,66.5,True,False,BLACKOUT,15297.220042172454,2849.864405837258,-17851.390962710597,-354.3268248483146,837.1350823595859,0.0,15780.430876884653,23826.3332882691,364.1329134630168,78.54701391354422,-786.8249296232477,11.215698956013338,12.325892213393637,0.0,359.0763111855312,372.50827113206407,16.664918899536133,355.84335223252793,12.444651389496874,47.7,35.25534861050313,17.11071014404297,False,0.0,0.0,True,False,False,5980137.132297416,7930.7630173574635
340.8440000000119,66.6,True,False,BLACKOUT,15333.611545724209,2857.732121594592,-17930.16582278734,-354.3268248483146,837.1350823595859,0.0,15817.52896990699,23909.93661945799,363.69715757206194,78.80730123314582,-788.6722719116044,11.204140795857771,12.313189961236068,0.0,358.70990188428095,372.1373579118993,16.64774513244629,355.489612779453,12.820759425257076,47.7,34.87924057474292,16.256425857543945,False,0.0,0.0,True,False,False,6019090.752890068,7958.743877819067
340.9429999999993,66.7,True,False,BLACKOUT,15369.958988920589,2865.626933950366,-18009.130052811102,-354.3268248483146,837.1350823595859,0.0,15854.58746057633,23993.680601444375,363.2517063555603,79.08894588233427,-790.6123285636024,11.265008552421135,12.380082752279542,0.0,358.25229636453525,371.76183710946583,16.73818588256836,355.02365122689747,14.364172992550008,47.7,33.33582700744999,16.031618118286133,False,0.0,0.0,True,False,False,6058233.814823274,7990.271701974966
341.0430000000051,66.8,True,False,BLACKOUT,15406.26219398335,2873.544211015899,-18088.28426094676,-354.3268248483146,837.1350823595859,0.0,15891.60559414284,24077.56540567601,362.8123948996263,79.25659542831605,-792.4718341494622,11.300835768096599,12.419456348205546,0.0,357.8094176562335,371.3683371151749,16.791419982910156,354.5769171322647,15.294564810822697,47.7,32.405435189177304,14.232348442077637,False,0.0,0.0,True,False,False,6097567.2888409635,8018.804933832311
341.14300000001094,66.9,True,False,BLACKOUT,15442.520514034353,2881.4787797698395,-18167.627881293047,-354.3268248483146,837.1350823595859,0.0,15928.582077545554,24161.589969086097,362.3540061204332,79.43477965050496,-794.4005727762443,11.262246095662496,12.377046851941572,0.0,357.4383352207409,370.9586364672633,16.734081268310547,354.22455519895277,15.337111365527853,47.7,32.36288863447216,13.807903289794922,False,0.0,0.0,True,False,False,6137091.472593087,8050.15226514424
341.2430000000022,67.0,True,False,BLACKOUT,15478.733397938244,2889.4472361931316,-18247.168012777365,-354.3268248483146,837.1350823595859,0.0,15965.518506931081,24245.760901272704,361.9036719573605,79.93434881533163,-796.4020569101157,11.22243693720576,12.333297158037693,0.0,357.13755162462695,370.626183501317,16.674930572509766,353.9512529288072,11.157083156781221,47.7,36.54291684321878,14.4675931930542,False,[-660.20686694],145.98461645216057,True,False,False,6176813.619149421,8085.69421752636
341.3440000000119,67.1,True,False,BLACKOUT,15514.894554401362,2897.4527998415647,-18326.90899729744,-354.3268248483146,837.1350823595859,0.0,16002.409077404725,24330.077880595185,361.31945730504196,80.17692415332624,-798.417633491353,11.208521959852767,12.318004797599215,0.0,356.62655535505246,370.1082130862517,16.654254913330078,353.4539581729216,7.392617491824344,47.7,40.30738250817566,12.532519340515137,False,0.0,0.0,True,False,False,6216734.094257593,8119.757253561375
341.4429999999993,67.2,True,False,BLACKOUT,15551.010153368536,2905.4788388728607,-18406.83608090201,-354.3268248483146,837.1350823595859,0.0,16039.257784752379,24414.532655673258,360.99252203844037,80.34385647259474,-800.1240386000578,11.193749491275439,12.301770066609734,0.0,356.3550291464718,369.82527799024604,16.632305145263672,353.19297284498236,11.844218517476687,47.7,35.85578148252332,12.103937149047852,False,0.0,0.0,True,False,False,6256846.30039254,8144.274408643886
341.5420000000013,67.3,True,False,BLACKOUT,15587.082470177073,2913.5241335005144,-18486.937097355047,-354.3268248483146,837.1350823595859,0.0,16076.066739200225,24499.11763808611,360.45381413233144,80.56203608047748,-801.8962904607607,11.17371654509732,12.279754146222015,0.0,355.8919170151199,369.3469829035801,16.6025390625,352.7444438410801,13.63129795892401,47.7,34.068702041075994,11.554157257080078,False,0.0,0.0,True,False,False,6297143.059825872,8168.896604947095
341.64300000001094,67.4,True,False,BLACKOUT,15623.104510253102,2921.5854397822072,-18567.21869165068,-354.3268248483146,837.1350823595859,0.0,16112.82859588719,24583.833210140812,359.98698738827323,80.6640895533804,-803.7355954519023,11.143057382818826,12.246060166820484,0.0,355.48996363721795,368.9137113639998,16.556983947753906,352.3567274162459,12.495050475077347,47.7,35.204949524922654,11.508066177368164,False,0.0,0.0,True,False,False,6337625.429763041,8197.584970696875
341.74400000000605,67.5,True,False,BLACKOUT,15659.074534052053,2929.663613682553,-18647.6873439265,-354.3268248483146,837.1350823595859,0.0,16149.541750019807,24668.68342681606,359.41348859073076,80.89938845354551,-805.6374500644666,11.14407019805236,12.247173236228784,0.0,354.9714276414642,368.4057095555347,16.558488845825195,351.8472207097095,11.612595683893288,47.7,36.08740431610671,11.32913875579834,False,0.0,0.0,True,False,False,6378298.545314902,8227.84302316595
341.84300000000803,67.6,True,False,BLACKOUT,15694.991955561203,2937.7617326614272,-18728.341283899557,-354.3268248483146,837.1350823595859,0.0,16186.206029800931,24753.66705935467,358.9349415922827,81.06299112393344,-807.441349396684,11.151854369885251,12.25572792937444,0.0,354.5243506816803,367.974864394043,16.57005500793457,351.4048093861084,13.407146723953815,47.7,34.29285327604619,11.739974975585938,False,0.0,0.0,True,False,False,6419161.137981056,8255.006575426427
341.9429999999993,67.7,True,False,BLACKOUT,15730.861731484283,2945.8734348300286,-18809.180194196993,-354.3268248483146,837.1350823595859,0.0,16222.825534781323,24838.78676404557,358.4605768692966,81.17105224809033,-809.3368565520008,11.124792049538776,12.225986827643448,0.0,354.11236841176105,367.53601849686936,16.529844284057617,351.00617421281174,14.52721265193494,47.7,33.172787348065064,11.859322547912598,False,0.0,0.0,True,False,False,6460217.077008605,8286.218576928979
342.0430000000051,67.8,True,False,BLACKOUT,15766.68520842488,2954.0054575682307,-18890.20799978195,-354.3268248483146,837.1350823595859,0.0,16259.402484789382,24924.047172106722,358.00896194264607,81.46940251594609,-811.2192551470873,11.134889393806178,12.237083664101847,0.0,353.7156148379956,367.16165428535186,16.54484748840332,350.61680679694854,13.934533207280264,47.7,33.76546679271974,11.114449501037598,False,0.0,0.0,True,False,False,6501472.299365799,8318.00934582158
342.14300000001094,67.9,True,False,BLACKOUT,15802.464232210472,2962.159021156855,-18971.418454773626,-354.3268248483146,837.1350823595859,0.0,16295.938880651101,25009.44505957782,357.5715137691725,81.60186925654381,-812.9898446864573,11.127770162772997,12.229259731353528,0.0,353.3211378283943,366.7645737054488,16.534269332885742,350.23030437256307,14.250995269376482,47.7,33.44900473062352,11.147150993347168,False,0.0,0.0,True,False,False,6542924.838925648,8345.12063124498
342.2430000000022,68.0,True,False,BLACKOUT,15838.197045596133,2970.3231228898817,-19052.809028677013,-354.3268248483146,837.1350823595859,0.0,16332.431555380072,25094.976636658,357.084753944039,81.68016540399194,-814.8216333812994,11.109887363003205,12.209606791015112,0.0,352.88066937672363,366.307481386469,16.50769805908203,349.799783327387,15.12079501167479,47.7,32.57920498832521,11.259961128234863,False,[-687.32352957],169.13986788981052,True,False,False,6584571.5441070795,8373.996836385624
342.34300000000803,68.1,True,False,BLACKOUT,15873.883036694497,2978.493801564635,-19134.384585158285,-354.3268248483146,837.1350823595859,0.0,16368.879389701387,25180.645065751072,356.63506802323894,81.73340809106892,-816.6894962441244,11.088067548884554,12.185627128401347,0.0,352.4764153438562,365.8810212926075,16.475276947021484,349.405744345586,15.46966635995929,47.7,32.23033364004071,10.97738265991211,False,0.0,0.0,True,False,False,6626416.4413332185,8405.092004656319
342.4429999999993,68.2,True,False,BLACKOUT,15909.519796700233,2986.6721759050747,-19216.143504908934,-354.3268248483146,837.1350823595859,0.0,16405.280145300294,25266.4478676176,356.10013209147587,81.83407871773436,-818.488898768928,11.065702175229461,12.161047903685517,0.0,351.9987060351849,365.38215681002663,16.442045211791992,348.94011159823464,14.814299354772112,47.7,32.88570064522789,10.878925323486328,False,0.0,0.0,True,False,False,6668457.802537814,8432.592095192134
342.5430000000051,68.3,True,False,BLACKOUT,15945.105846752049,2994.8584973475126,-19298.083983809134,-241.90650381733454,933.6038230563177,0.0,16317.724708726184,25272.20182564083,355.6208689448435,81.89235013102795,-820.3206792350863,13.692238040548045,9.138494552968998,0.0,349.5830547002514,364.92815654463885,16.46175765991211,348.46639888472674,14.13531392875588,33.72,19.58468607124412,10.680547714233398,False,0.0,0.0,True,False,False,6710694.380106092,8462.339536244179
342.64300000001094,68.4,True,False,BLACKOUT,15980.642978207725,3003.053437841767,-19380.208704816614,-241.90650381733454,933.6038230563177,0.0,16354.012761548376,25358.35607540711,355.1217601686943,82.00645975405779,-822.1737409145337,13.667100628579414,9.121717302845916,0.0,349.14677458604035,364.46745257526845,16.431535720825195,348.03591685444326,14.324657596514333,33.72,19.395342403485667,11.044808387756348,False,0.0,0.0,True,False,False,6753130.66770333,8492.892334658276
342.7430000000022,68.5,True,False,BLACKOUT,16016.132130987444,3011.259394363374,-19462.51662927614,-241.90650381733454,933.6038230563177,0.0,16390.255425825068,25444.646322333472,354.661295425691,82.1126706780892,-823.9847482759436,13.676892241496446,9.128252436185118,0.0,348.70774083893025,364.0427518285697,16.443307876586914,347.5994439519828,14.975854184046652,33.72,18.744145815953352,10.10474681854248,False,0.0,0.0,True,False,False,6795767.2411247585,8522.183201718346
342.84300000000803,68.6,True,False,BLACKOUT,16051.573911081496,3019.475074739484,-19545.00204421021,-241.90650381733454,933.6038230563177,0.0,16426.45314452545,25531.06867754406,354.1743064553592,82.20093684411475,-825.7235504054881,13.665925063904831,9.120932705664394,0.0,348.2623218246615,363.58827452378716,16.43012237548828,347.1581521482989,15.58081532258445,33.72,18.139184677415553,10.215121269226074,False,0.0,0.0,True,False,False,6838601.101748579,8548.422602173116
342.94400000000314,68.7,True,False,BLACKOUT,16086.967544676025,3027.71927043024,-19627.66404214017,-241.90650381733454,933.6038230563177,0.0,16462.607545540588,25617.623678819473,353.6983654352271,82.68297697100338,-827.516408193763,13.64617526008044,9.107751261247717,0.0,347.92068906743043,363.2340958560181,16.4063777923584,346.8277180636597,14.813142868923943,33.72,18.90685713107606,10.008588790893555,False,0.0,0.0,True,False,False,6881633.152912466,8578.213363515031
343.0430000000051,68.8,True,False,BLACKOUT,16122.311732453985,3035.998962154775,-19710.494869545364,-241.90650381733454,933.6038230563177,0.0,16498.718247343328,25704.305316572823,353.1853901239845,82.91085751969726,-829.1001399100813,13.626368343802222,9.094531698749345,0.0,347.4898260813094,362.7866178508831,16.382564544677734,346.40405330620536,16.1363841841278,33.72,17.5836158158722,10.314116477966309,False,0.0,0.0,True,False,False,6924856.8908531265,8597.92701232644
343.14300000001094,68.9,True,False,BLACKOUT,16157.607544587618,3044.3017421199447,-19793.496662749458,-241.90650381733454,933.6038230563177,0.0,16534.78475001628,25791.11507608085,352.73085254867635,83.14474178369451,-830.9357241717781,13.57958055246244,9.063304519157677,0.0,347.14787143784906,362.3977130529293,16.326313018798828,346.0714000341305,20.270628360335145,33.72,13.449371639664855,10.34496021270752,False,0.0,0.0,True,False,False,6968274.266779443,8628.932175338425
343.2430000000022,69.0,True,False,BLACKOUT,16192.855790427724,3052.6306597507883,-19876.688308941935,-241.90650381733454,933.6038230563177,0.0,16570.808260400892,25878.068408090265,352.2340642534365,83.43361083317245,-832.8971996777314,13.606716900314975,9.081415902140028,0.0,346.69399946707165,361.9806672146391,16.358938217163086,345.621728997476,18.341471059633726,33.72,15.378528940366277,10.45413875579834,False,[-708.74458839],183.06179483477726,True,False,False,7011903.550444977,8666.078357730199
343.34300000000803,69.1,True,False,BLACKOUT,16228.052617129388,3060.985468717713,-19960.06619331638,-241.90650381733454,933.6038230563177,0.0,16606.78494206368,25965.16028360935,351.702469779814,83.66256850532488,-834.6604878111489,13.628378384885483,9.09587324345783,0.0,346.19977370700667,361.51632413783085,16.384981155395508,345.13134298243534,16.553898072858058,33.72,17.166101927141945,10.685978889465332,False,0.0,0.0,True,False,False,7055741.387341758,8694.376974923873
343.4429999999993,69.2,True,False,BLACKOUT,16263.195864545516,3069.359607054036,-20043.625729085394,-241.90650381733454,933.6038230563177,0.0,16642.71182707364,26052.38548245958,351.16247854274434,83.82019822113696,-836.5302275690866,13.637180048602866,9.101747663381015,0.0,345.69665022575947,361.02757784705875,16.39556312561035,344.6320147214484,16.51582659100185,33.72,17.20417340899815,10.785821914672852,False,0.0,0.0,True,False,False,7099782.738068944,8726.933418341863
343.5430000000051,69.3,True,False,BLACKOUT,16298.286451060107,3077.7449645421793,-20127.36527825103,-241.90650381733454,933.6038230563177,0.0,16678.588795794134,26139.742869112826,350.64925174909456,83.88695154173008,-838.260755743622,13.61818857124872,9.089072342382376,0.0,345.23131416415475,360.5439201971994,16.372730255126953,344.17118994207243,17.953624719421367,33.72,15.766375280578636,10.579848289489746,False,0.0,0.0,True,False,False,7144026.646905372,8753.388177476843
343.64300000001094,69.4,True,False,BLACKOUT,16333.323687099866,3086.1372774081183,-20211.285096056494,-241.90650381733454,933.6038230563177,0.0,16714.414621936263,26227.23205731158,350.09546904608715,83.95930577704851,-840.1356003656867,13.580703764054348,9.064054174764314,0.0,344.74843866998305,360.02222497113104,16.32766342163086,343.6945615495002,17.670601850596285,33.72,16.049398149403718,10.114585876464844,False,0.0,0.0,True,False,False,7188473.658055392,8786.166989487792
343.7430000000022,69.5,True,False,BLACKOUT,16368.306997141435,3094.535436999109,-20295.389169451486,-241.90650381733454,933.6038230563177,0.0,16750.18859558215,26314.85587129557,349.57073178529936,84.00388604276954,-841.9458675341807,13.559311977182464,9.049776835498951,0.0,344.2699416570114,359.5223906673913,16.301944732666016,343.22044593472526,16.948351740232695,33.72,16.771648259767307,10.0309419631958,False,0.0,0.0,True,False,False,7233128.353351248,8816.628510418823
343.8440000000119,69.6,True,False,BLACKOUT,16403.238457695774,3102.943172587026,-20379.670462451377,-241.90650381733454,933.6038230563177,0.0,16785.913260922312,26402.61070730167,349.0584793014639,84.15082571556043,-843.6799924636168,13.533333742976952,9.032438402506495,0.0,343.8312019211721,359.05874650377353,16.27071189880371,342.7880346049698,16.676207861820767,33.72,17.043792138179235,10.249885559082031,False,0.0,0.0,True,False,False,7277987.659106308,8844.355372568967
343.94400000000314,69.7,True,False,BLACKOUT,16438.11790244218,3111.3663031364745,-20464.125844689424,-241.90650381733454,933.6038230563177,0.0,16821.58921187466,26490.494714148765,348.5304156266693,84.31178527341672,-845.4276522973435,13.557592257739485,9.04862905770574,0.0,343.3239506345323,358.5832229105115,16.299877166748047,342.28334574376345,17.010251762174683,33.72,16.709748237825316,10.016409873962402,False,0.0,0.0,True,False,False,7323049.824659876,8872.5641007438
344.0430000000051,69.8,True,False,BLACKOUT,16472.943359411438,3119.801448220723,-20548.762521646953,-241.90650381733454,933.6038230563177,0.0,16857.214064208634,26578.51213250275,347.9787237585011,84.39111641155505,-847.3058868532912,13.591731227013891,9.071414141037936,0.0,342.7648148867853,358.06571005582737,16.34092140197754,341.7247886538498,19.231726195909474,33.72,14.488273804090529,9.661770820617676,False,0.0,0.0,True,False,False,7368319.608160161,8905.827384209908
344.14300000001094,69.9,True,False,BLACKOUT,16507.70673135643,3128.2640951011485,-20633.586977971223,-241.90650381733454,933.6038230563177,0.0,16892.781808737127,26666.66437361643,347.2887151413707,84.86182119695012,-849.1832396321151,13.546398216789617,9.041157913693846,0.0,342.246558911701,357.5066158288644,16.286418914794922,341.2201969140695,20.593487240322837,33.72,13.126512759677166,9.401420593261719,False,0.0,0.0,True,False,False,7413797.81846678,8939.026147904478
344.24400000000605,70.0,True,False,BLACKOUT,16542.409553678823,3136.7467281827926,-20718.590204825538,-241.90650381733454,933.6038230563177,0.0,16928.293008402605,26754.945042997664,346.7677313064725,84.79084043593035,-850.8812974541784,13.517031310323771,9.02155780785425,0.0,341.7557801089784,356.98367763424324,16.25111198425293,340.7325656499903,18.253944135486773,33.72,15.466055864513228,9.128216743469238,False,[-743.25579838],208.86948270443537,True,False,False,7459480.058355631,8965.61337455859
344.34300000000803,70.1,True,False,BLACKOUT,16577.058535768447,3145.2320072088855,-20803.7694931597,-241.90650381733454,933.6038230563177,0.0,16963.75206809351,26843.35503159523,346.21191048602634,84.9147400859311,-852.7044692290681,13.510176229407618,9.016982579215448,0.0,341.2490491882871,356.4732809710225,16.242870330810547,340.23041064021197,17.91713069394051,33.72,15.80286930605949,9.28555965423584,False,0.0,0.0,True,False,False,7505370.143904188,8997.707481574322
344.4429999999993,70.2,True,False,BLACKOUT,16611.650997987883,3153.7265579606023,-20889.124854084068,-241.90650381733454,933.6038230563177,0.0,16999.157197481698,26931.893409008706,345.63733390271983,84.97627494839938,-854.4027492583092,13.526819750326704,9.028090823522248,0.0,340.68390082660665,355.92995644014877,16.262880325317383,339.6670761148314,19.365429428882134,33.72,14.354570571117868,9.391061782836914,False,0.0,0.0,True,False,False,7551466.221908555,9023.75433221072
344.54400000000896,70.3,True,False,BLACKOUT,16646.189687760165,3162.2246448878545,-20974.651333037895,-241.90650381733454,933.6038230563177,0.0,17034.510375806978,27020.55777155579,345.13646154295145,84.98546359664186,-856.1268298182208,13.532058231508175,9.03158709868201,0.0,340.1918159665303,355.44578504903575,16.26917839050293,339.1766066585328,20.140488620932132,33.72,13.579511379067869,9.160313606262207,False,0.0,0.0,True,False,False,7597766.148489373,9051.686273070907
344.64300000001094,70.4,True,False,BLACKOUT,16680.67416976352,3170.7301893608737,-21060.353162797364,-241.90650381733454,933.6038230563177,0.0,17069.811687088622,27109.351640613175,344.55317852413225,85.12542586374435,-857.9097653712244,13.442061695935031,8.971521472618125,0.0,339.7557782308181,354.9129906886565,16.160978317260742,338.7520123713958,19.078340806127287,33.72,14.641659193872714,9.010564804077148,False,0.0,0.0,True,False,False,7644275.194022257,9082.351535390195
344.74400000000605,70.5,True,False,BLACKOUT,16715.097486605246,3179.246586336043,-21146.232049559352,-241.90650381733454,933.6038230563177,0.0,17105.054684258626,27198.27247538507,343.9131583103376,85.2025136396438,-859.667969868557,13.451174305234357,8.977603424319419,0.0,339.1391452043297,354.31021547438485,16.171934127807617,338.13828134657723,18.59201277840219,33.72,15.127987221597811,8.965794563293457,False,0.0,0.0,True,False,False,7690991.502999722,9111.433502320548
344.84300000000803,70.6,True,False,BLACKOUT,16749.45909505383,3187.769915710398,-21232.28675000199,-241.90650381733454,933.6038230563177,0.0,17140.238320623605,27287.31885550656,343.31901066133366,85.26407384745394,-861.4260389841312,13.493299499302077,9.005718686075065,0.0,338.5267145668993,353.7483644775492,16.222579956054688,337.52578452149453,18.665760919595467,33.72,15.054239080404535,9.42923641204834,False,0.0,0.0,True,False,False,7737914.10759969,9140.860196950529
344.9429999999993,70.7,True,False,BLACKOUT,16783.758466168594,3196.300375660216,-21318.52012375361,-241.90650381733454,933.6038230563177,0.0,17175.362102714796,27376.49290223748,342.6684116339652,85.34512514891352,-863.241436048254,13.442198131241392,8.971612532479948,0.0,337.96865695906416,353.1365610049862,16.161142349243164,336.97541865574306,19.558850435091017,33.72,14.161149564908984,9.119194030761719,False,0.0,0.0,True,False,False,7785045.690616707,9172.459124757695
345.0430000000051,70.8,True,False,BLACKOUT,16817.996407710776,3204.8434440738156,-21404.93104578494,-241.90650381733454,933.6038230563177,0.0,17210.427559094664,27465.794906422296,342.090419209662,85.51624312307106,-864.9770045782799,13.526562744284487,9.027919292154628,0.0,337.34947970593396,352.6171900984501,16.262571334838867,336.35461876361126,19.696400117744375,33.72,14.023599882255628,9.1624174118042,False,0.0,0.0,True,False,False,7832387.040403656,9201.63784671426
345.14300000001094,70.9,True,False,BLACKOUT,16852.178220519287,3213.3968712493906,-21491.51753272872,-241.90650381733454,933.6038230563177,0.0,17245.43965532303,27555.22663243716,341.54583696054044,85.55230038843175,-866.752734297364,13.594412339429605,9.073203573206317,0.0,336.7509304525954,352.09764959003707,16.344144821166992,335.7535047688701,19.102854357709116,33.72,14.617145642290884,9.212104797363281,False,0.0,0.0,True,False,False,7879941.927989474,9232.971836853947
345.24400000000605,71.0,True,False,BLACKOUT,16886.303366997166,3221.958149935636,-21578.282758686306,-241.90650381733454,933.6038230563177,0.0,17280.3975331592,27644.790209329374,340.95709259702863,85.67327333647683,-868.5517848542904,13.560660465675575,9.050676845761156,0.0,336.24313534304116,351.55603928307846,16.303565979003906,335.25247330407456,18.408688437125097,33.72,15.311311562874907,9.17255973815918,False,[-771.32569059],231.73766830185716,True,False,False,7927714.125486384,9265.2930353532
345.34300000000803,71.1,True,False,BLACKOUT,16920.370331501545,3230.5307650452487,-21665.22507414169,-241.90650381733454,933.6038230563177,0.0,17315.30015763393,27734.48389752684,340.38219749053866,85.77902885577907,-870.2945242534149,13.492049371146111,9.004884323620223,0.0,335.78480937374644,351.02433271773145,16.22107696533203,334.8032557523994,18.58108929741712,33.72,15.138910702582884,9.180732727050781,False,0.0,0.0,True,False,False,7975701.762227805,9295.196439791467
345.4429999999993,71.2,True,False,BLACKOUT,16954.377863836995,3239.112205269611,-21752.3406642944,-241.90650381733454,933.6038230563177,0.0,17350.145963469255,27824.303932519215,339.7684492184916,85.84977563146826,-872.0172788007759,13.48997269886672,9.003498307816429,0.0,335.205898782332,350.4465480787507,16.21858024597168,334.22796783277903,19.068421086817523,33.72,14.651578913182478,9.085880279541016,False,0.0,0.0,True,False,False,8023900.953733028,9323.879720723122
345.5430000000051,71.3,True,False,BLACKOUT,16988.324724142523,3247.6983932268313,-21839.63061136595,-241.90650381733454,933.6038230563177,0.0,17384.933185050086,27914.250251252826,339.16875689205284,85.87398351293378,-873.7816626302057,13.567326758202693,9.055126072963251,0.0,334.54062259102557,349.8711001155712,16.311580657958984,333.5595194576122,20.041765541212357,33.72,13.678234458787646,9.09841251373291,False,0.0,0.0,True,False,False,8072312.435783987,9354.55611091433
345.64300000001094,71.4,True,False,BLACKOUT,17022.217628409726,3256.303186281338,-21927.102512241378,-241.90650381733454,933.6038230563177,0.0,17419.6703293969,28004.334288949147,338.689328451937,86.22187757720567,-875.6563548783868,13.694221111861442,9.13981809747224,0.0,334.0111729996833,349.4920219120355,16.464141845703125,333.0278800663324,20.716233592053424,33.72,13.003766407946577,9.131871223449707,False,0.0,0.0,True,False,False,8120950.035394393,9392.311711016775
345.7430000000022,71.5,True,False,BLACKOUT,17056.05371520892,3264.937063138026,-22014.756613096848,-241.90650381733454,933.6038230563177,0.0,17454.355972516565,28094.555542831004,338.032407531902,86.45565955655508,-877.4256622310702,13.756651369721306,9.181485396105472,0.0,333.3557619522026,348.9132981288802,16.539199829101562,332.3740982997786,22.44563738370689,33.72,11.27436261629311,9.153921127319336,False,0.0,0.0,True,False,False,8169813.254655383,9423.598506571801
345.84300000000803,71.6,True,False,BLACKOUT,17089.827708306748,3273.5866011499616,-22102.585897797173,-241.90650381733454,933.6038230563177,0.0,17488.983109417404,28184.904356250525,337.4474544246723,86.53510068214997,-879.1600317754503,13.737544081002456,9.168732780107844,0.0,332.82677316745554,348.36634186982116,16.51622772216797,331.8501141476532,24.007083400990954,33.72,9.712916599009048,9.176984786987305,False,0.0,0.0,True,False,False,8218892.147310661,9453.811672880962
345.94400000000314,71.7,True,False,BLACKOUT,17123.540488040173,3282.2465037772995,-22190.594401583032,-241.90650381733454,933.6038230563177,0.0,17523.55191360237,28275.384198349726,336.8081402438441,86.66295186460638,-881.0100439417093,13.771069091398234,9.191108094061835,0.0,332.1969836045445,347.778939213409,16.556533813476562,331.2224053999324,22.361231716025053,33.72,11.358768283974948,8.95457935333252,False,0.0,0.0,True,False,False,8268193.13959364,9489.61108681166
346.0430000000051,71.8,True,False,BLACKOUT,17157.187714694275,3290.9170739281035,-22278.783248541957,-241.90650381733454,933.6038230563177,0.0,17558.058132589147,28365.993520814558,336.13639283821027,86.74845115147934,-882.7668952367952,13.771951161518432,9.191696806656877,0.0,331.5627895316789,347.1497780029021,16.557594299316406,330.5921837035857,21.319090833864077,33.72,12.400909166135925,9.063289642333984,False,0.0,0.0,True,False,False,8317716.171949885,9521.170697514863
346.14300000001094,71.9,True,False,BLACKOUT,17190.771054711473,3299.593194975329,-22367.14802994229,-241.90650381733454,933.6038230563177,0.0,17592.502737463696,28456.729670870805,335.5304075057856,86.77396979303028,-884.5287327699485,13.72165095426836,9.15812536504107,0.0,331.03639543032654,346.56943921044206,16.497119903564453,330.0723193068776,22.09532446364725,33.72,11.624675536352754,9.311393737792969,False,0.0,0.0,True,False,False,8367458.737708918,9552.981610553117
346.2430000000022,72.0,True,False,BLACKOUT,17224.290577133514,3308.275554244106,-22455.686044588838,-241.90650381733454,933.6038230563177,0.0,17626.885893473027,28547.59082715493,334.86004093497667,86.87321558251058,-886.2315601609828,13.651732619129106,9.1114603623636,0.0,330.48701624427946,345.94537516871014,16.41305923461914,329.532315934091,22.469043122106328,33.72,11.250956877893673,9.4511079788208,False,[-785.83192175],234.73070971078096,True,False,False,8417418.411432464,9581.919914531254
346.34300000000803,72.1,True,False,BLACKOUT,17257.74497189194,3316.9635437249826,-22544.394327991282,-241.90650381733454,933.6038230563177,0.0,17661.20622521009,28638.574003350186,334.2278542335733,86.88657403502525,-887.9341078878497,13.54249553244485,9.038553178111469,0.0,329.99911156942517,345.3368432315362,16.281726837158203,329.055116394378,22.09841824257876,33.72,11.621581757421243,9.393163681030273,False,0.0,0.0,True,False,False,8467592.350771707,9611.156275519259
346.4429999999993,72.2,True,False,BLACKOUT,17291.135770556288,3325.657689272497,-22633.27321649843,-241.90650381733454,933.6038230563177,0.0,17695.465325722646,28729.680638435882,333.5881190533412,86.99633691526154,-889.6436622551067,13.482965318073699,8.998821430959776,0.0,329.4706692098754,344.7454072358613,16.210155487060547,328.53525174880076,21.940334465159562,33.72,11.779665534840442,9.182671546936035,False,0.0,0.0,True,False,False,8517983.750835575,9641.371158259206
346.5430000000051,72.3,True,False,BLACKOUT,17324.461810385117,3334.3621102230973,-22722.324923232245,-241.90650381733454,933.6038230563177,0.0,17729.662605464775,28820.91230375189,332.932677523241,87.0920820967437,-891.3904724211532,13.510226996033241,9.01701646195473,0.0,328.8258167703429,344.1354363135833,16.242931365966797,327.8925049476165,22.002541416291233,33.72,11.717458583708769,9.505702018737793,False,0.0,0.0,True,False,False,8568595.291013831,9673.182064568808
346.64300000001094,72.4,True,False,BLACKOUT,17357.723287891076,3343.0574798623943,-22811.551319886847,-241.90650381733454,933.6038230563177,0.0,17763.795645342423,28912.269183675602,332.29687259591446,86.81531068920174,-893.1374606708831,13.532757859067543,9.032054045182754,0.0,328.11704597310245,343.45030165525844,16.27001953125,327.18028212400844,22.471182604510467,33.72,11.248817395489533,8.739882469177246,False,0.0,0.0,True,False,False,8619428.637324315,9704.032638606306
346.7420000000129,72.5,True,False,BLACKOUT,17390.922972098382,3351.7389329709567,-22900.94889409587,-241.90650381733454,933.6038230563177,0.0,17797.866522044827,29003.74998145093,331.6968115502205,86.81375148204843,-894.814023509602,13.563817515206503,9.052783928610316,0.0,327.4986564377465,342.869366142514,16.307361602783203,326.5620045397308,22.30020112172151,33.72,11.419798878278492,8.75649356842041,False,0.0,0.0,True,False,False,8670483.411434965,9733.08401240729
346.84300000000803,72.6,True,False,BLACKOUT,17424.05867747358,3360.4231336797257,-22990.5165912486,-241.90650381733454,933.6038230563177,0.0,17831.875329112125,29095.35411170441,331.0172959537024,86.87026269332415,-896.5399195450511,13.650265146357192,9.1104809394312,0.0,326.75436630882757,342.2263764833274,16.41129493713379,325.8150815461936,20.795039266273022,33.72,12.92496073372698,9.466020584106445,False,0.0,0.0,True,False,False,8721759.702441601,9764.610906218604
346.9429999999993,72.7,True,False,BLACKOUT,17457.1282680114,3369.1127909399124,-23080.257110920866,-241.90650381733454,933.6038230563177,0.0,17865.820322253443,29187.08282945141,330.37451480272557,86.92288251041269,-898.2704739001845,13.701304642592898,9.144545798437816,0.0,326.08494552003606,341.6180726118795,16.472658157348633,325.14541445453085,20.257287512399415,33.72,13.462712487600585,9.58777904510498,False,0.0,0.0,True,False,False,8773259.88862776,9796.440368410918
347.0430000000051,72.8,True,False,BLACKOUT,17490.136298571953,3377.8033184049286,-23170.17339757998,-241.90650381733454,933.6038230563177,0.0,17899.705391956264,29278.94103946984,329.7860964083547,86.88766678991182,-900.0552592820685,13.785388452738017,9.200665144210838,0.0,325.4100761395536,341.0400797918851,16.573749542236328,324.46633024964876,21.490041714179824,33.72,12.229958285820176,9.060067176818848,False,0.0,0.0,True,False,False,8824989.99973124,9830.612646967887
347.14300000001094,72.9,True,False,BLACKOUT,17523.080804218458,3386.498964523337,-23260.265784573177,-241.90650381733454,933.6038230563177,0.0,17933.52917386049,29370.928364603853,329.1040165217803,87.02525557825072,-901.7924805819475,13.824980074895741,9.227089445509144,0.0,324.7359319146768,340.41569998933375,16.621349334716797,323.79435065461695,20.521910514194857,33.72,13.198089485805145,9.742768287658691,False,0.0,0.0,True,False,False,8876950.399942564,9863.23697653554
347.24400000000605,73.0,True,False,BLACKOUT,17555.958246283153,3395.2073551051585,-23350.53240176328,-241.90650381733454,933.6038230563177,0.0,17967.28921156068,29463.042019751825,328.44482477213484,87.14255605818272,-903.5398632201462,13.820457085844144,9.224070705206152,0.0,324.12926912221343,339.8085166618869,16.61591148376465,323.1926051781223,19.2341858120374,33.72,14.485814187962603,9.677733421325684,False,[-817.68617312],271.1011575561034,True,False,False,8929139.129658956,9896.680560964674
347.3440000000119,73.1,True,False,BLACKOUT,17588.772464230617,3403.925570575017,-23440.972334622944,-241.90650381733454,933.6038230563177,0.0,18000.98891721928,29555.283554559406,327.83953417713434,87.2217533389875,-905.2587939731559,13.85967906350905,9.250248297809055,0.0,323.51646792019665,339.2438568714364,16.663066864013672,322.5807900074227,20.822506619477505,33.72,12.897493380522498,9.69339656829834,False,0.0,0.0,True,False,False,8981558.502870325,9928.688774794142
347.4429999999993,73.2,True,False,BLACKOUT,17621.524258587324,3412.6467147851004,-23531.58593664204,-241.90650381733454,933.6038230563177,0.0,18034.628143165475,29647.653346526866,327.19635295697947,87.20113086267968,-907.0132464087872,13.889688485080436,9.2702772320677,0.0,322.85334743518297,338.61702646511804,16.699146270751953,321.9178801943661,21.854121808338796,33.72,11.865878191661206,9.693957328796387,False,0.0,0.0,True,False,False,9034209.43838956,9961.996203538944
347.5430000000051,73.3,True,False,BLACKOUT,17654.21235708575,3421.370103554136,-23622.369163229152,-241.90650381733454,933.6038230563177,0.0,18068.205537627502,29740.147548958674,326.56561701157955,87.26664451803616,-908.6512853334121,13.90957472421119,9.2835497363462,0.0,322.23464098468787,338.02451014621846,16.723054885864258,321.3014552603542,22.200686634368513,33.72,11.519313365631488,9.614888191223145,False,0.0,0.0,True,False,False,9087088.098980566,9990.521544309675
347.64300000001094,73.4,True,False,BLACKOUT,17686.835766097123,3430.1058957468254,-23713.32416693506,-241.90650381733454,933.6038230563177,0.0,18101.72151978826,29832.7683097984,325.9025632158248,87.44919933574842,-910.4487887847596,13.92855033699483,9.296214468988813,0.0,321.6141690835532,337.4312421443932,16.745868682861328,320.68537346153187,21.210094511164097,33.72,12.509905488835903,8.812031745910645,False,0.0,0.0,True,False,False,9140198.45245215,10027.22597790781
347.7430000000022,73.5,True,False,BLACKOUT,17719.39314690555,3438.8574998855347,-23804.455125515244,-241.90650381733454,933.6038230563177,0.0,18135.175243937523,29925.518624595185,325.24505295273184,87.58288343843829,-912.1703828189444,13.987682350646251,9.335680448404256,0.0,320.94201272174956,336.8309753297882,16.81696128845215,320.01401404133605,22.069059225126562,33.72,11.65094077487344,9.356559753417969,False,0.0,0.0,True,False,False,9193545.050887266,10060.039245599994
347.84300000000803,73.6,True,False,BLACKOUT,17751.88628824513,3447.6216660490363,-23895.759702501142,-241.90650381733454,933.6038230563177,0.0,18168.568043700223,30018.39763408837,324.61777383879405,87.70043983159123,-913.9211568990056,14.02407884830383,9.35997225479894,0.0,320.3212016523354,336.2559534621045,16.860719680786133,319.3952337813184,23.910705173048164,33.72,9.809294826951836,9.474296569824219,False,0.0,0.0,True,False,False,9247126.806122504,10094.340613009177
347.9429999999993,73.7,True,False,BLACKOUT,17784.315860582086,3456.396174743996,-23987.238313124522,-241.90650381733454,933.6038230563177,0.0,18201.90028487432,30111.406075956278,323.9736729003226,87.78973406760214,-915.6510555685562,14.055938078796354,9.381235791370209,0.0,319.68249085434707,335.6575310345137,16.899023056030273,318.7585079784834,24.041910788277875,33.72,9.678089211722128,8.914753913879395,False,0.0,0.0,True,False,False,9300946.110945506,10128.053328634873
348.0430000000051,73.8,True,False,BLACKOUT,17816.677521846992,3465.1791478564924,-24078.886657512317,-241.90650381733454,933.6038230563177,0.0,18235.167414562333,30204.53795876442,323.2595523977726,87.86972818232604,-917.3158321873043,14.103718992249885,9.4131258020491,0.0,318.9557458107946,334.9892943770654,16.95646858215332,318.03282579491207,23.022842617552072,33.72,10.69715738244793,9.527259826660156,False,0.0,0.0,True,False,False,9354997.714056045,10158.92061952132
348.14300000001094,73.9,True,False,BLACKOUT,17848.96826071169,3473.9705547137005,-24170.70623615355,-241.90650381733454,933.6038230563177,0.0,18268.366453440347,30297.79287063031,322.5552248961745,87.95840896183714,-919.0757406373199,14.100184365940885,9.410766716326522,0.0,318.2989854379633,334.33299988921146,16.952219009399414,317.38078087981205,22.426664895388967,33.72,11.293335104611037,9.271981239318848,False,0.0,0.0,True,False,False,9409282.778647583,10194.510426811792
348.24400000000605,74.0,True,False,BLACKOUT,17881.18701466681,3482.765712388202,-24262.700176200153,-241.90650381733454,933.6038230563177,0.0,18301.495704388322,30391.17248244837,321.8198542063057,87.94474452819463,-920.8030602947259,14.145369835659443,9.44092447195957,0.0,317.53179068585365,333.6199883872327,17.00654411315918,316.6134442740735,22.936511805226548,33.72,10.783488194773454,9.390477180480957,False,[-838.93662466],287.83451040090176,True,False,False,9463804.120631248,10227.985109352183
348.34300000000803,74.1,True,False,BLACKOUT,17913.331053262693,3491.5606559260555,-24354.86280970402,-241.90650381733454,933.6038230563177,0.0,18334.55191470013,30484.67051474131,321.0609177113716,87.95412622887898,-922.4496097826669,14.169806033611655,9.457233716746307,0.0,316.77107911056623,332.89043423077464,17.03592300415039,315.85451122662425,24.52267679095926,33.72,9.197323209040741,9.509893417358398,False,0.0,0.0,True,False,False,9518553.426687313,10257.443251374463
348.4429999999993,74.2,True,False,BLACKOUT,17945.407536238243,3500.3671570509455,-24447.199892416957,-241.90650381733454,933.6038230563177,0.0,18367.543820672974,30578.297019031874,320.4687417996451,88.17589626892044,-924.292044476075,14.173053511194475,9.459401153224816,0.0,316.2488502230404,332.3781026985307,17.039827346801758,315.33827535172895,27.699101201411096,33.72,6.020898798588906,9.543461799621582,False,0.0,0.0,True,False,False,9573542.594051015,10297.369112717173
348.5430000000051,74.3,True,False,BLACKOUT,17977.41779621489,3509.1918491487645,-24539.717262648275,-241.90650381733454,933.6038230563177,0.0,18400.473679497914,30672.05821200484,319.7364577333318,88.31794568745799,-926.055360150344,14.196261791389432,9.474890859255146,0.0,315.5487896203748,331.70990629511124,17.067729949951172,314.64217634516007,26.800917157084246,33.72,6.919082842915755,9.55438232421875,False,0.0,0.0,True,False,False,9628781.971182046,10334.139517324707
348.64300000001094,74.4,True,False,BLACKOUT,18009.357055596007,3518.0248190558364,-24632.406621459773,-241.90650381733454,933.6038230563177,0.0,18433.335384561648,30765.943986243423,319.0487298889849,88.34145245397903,-927.731816079636,14.181385583624849,9.464962157809634,0.0,314.90569754331955,331.0533254106551,17.04984474182129,314.0034806688338,25.83727520783785,33.72,7.882724792162152,10.355128288269043,False,0.0,0.0,True,False,False,9684261.408230389,10366.427308106677
348.7420000000129,74.5,True,False,BLACKOUT,18041.229923506122,3526.8639597296037,-24725.26815453614,-241.90650381733454,933.6038230563177,0.0,18466.133210734202,30859.957243494355,318.40862831328235,88.44136102136767,-929.4988454476909,14.19291912638357,9.472659892640483,0.0,314.29803288287695,330.46320358499503,17.063711166381836,313.3994924186132,25.88377735282964,33.72,7.836222647170361,10.39059066772461,False,0.0,0.0,True,False,False,9739984.730981112,10403.454122840214
348.8440000000119,74.6,True,False,BLACKOUT,18073.035707093226,3535.7059496825154,-24818.29998499457,-241.90650381733454,933.6038230563177,0.0,18498.866010282523,30954.095977940746,317.70704342878594,88.39843803686578,-931.1377637208233,14.2245721174595,9.493785780583414,0.0,313.5722477211829,329.7757560701181,17.10176658630371,312.6739894838144,26.720873646417395,33.72,6.999126353582606,10.715389251708984,False,0.0,0.0,True,False,False,9795950.013998551,10433.805856331062
348.94400000000314,74.7,True,False,BLACKOUT,18104.771198214356,3544.544220684355,-24911.50045807376,-241.90650381733454,933.6038230563177,0.0,18531.529684896304,31048.356599581915,317.00277899384787,88.36698199992138,-932.8716978629162,14.217464789872283,9.4890421970838,0.0,312.8908370105144,329.0888715796947,17.09322166442871,311.995649915266,26.208567648760386,33.72,7.511432351239614,10.347972869873047,False,0.0,0.0,True,False,False,9852154.521829493,10469.304690202527
349.04400000000896,74.8,True,False,BLACKOUT,18136.43805142681,3553.3802158772937,-25004.87045442024,-241.90650381733454,933.6038230563177,0.0,18564.126075300563,31142.74110257465,316.3342852551896,88.35292185885385,-934.5282290667766,14.21322260371866,9.486210870682466,0.0,312.2452475214728,328.4411953895376,17.08812141418457,311.353073975353,24.895403250553574,33.72,8.824596749446428,9.906698226928711,False,0.0,0.0,True,False,False,9908602.114802748,10501.304427683812
349.14300000001094,74.9,True,False,BLACKOUT,18168.04458945387,3562.214070454686,-25098.407204823237,-241.90650381733454,933.6038230563177,0.0,18596.663439697066,31237.252364900607,315.79647528607165,88.3241696889928,-936.2067789931672,14.233992499426664,9.50007314639161,0.0,311.6940314157505,327.9154963620299,17.11309242248535,310.80240393954455,25.15299620499744,33.72,8.567003795002563,10.574686050415039,False,0.0,0.0,True,False,False,9965295.765910082,10534.308561860686
349.2430000000022,75.0,True,False,BLACKOUT,18199.590989619912,3571.0373410018224,-25192.119904863077,-241.90650381733454,933.6038230563177,0.0,18629.14075748086,31331.897335830672,315.13152803472997,88.1412412537292,-938.0472218035588,14.223655145284186,9.493173773605116,0.0,311.0161836387441,327.225852235504,17.100664138793945,310.1251880967101,24.95880086331334,33.72,8.761199136686663,10.6497163772583,False,[-850.5847182],281.6056904100343,True,False,False,10022245.953406442,10574.625944599782
349.34300000000803,75.1,True,False,BLACKOUT,18231.064870572125,3579.861189067377,-25286.014271772943,-241.90650381733454,933.6038230563177,0.0,18661.54734865735,31426.67445337615,314.34609100953264,88.3357200573583,-939.840116393758,14.24067624298134,9.504534020785334,0.0,310.28634495274935,326.5220733289334,17.12112808227539,309.400945246658,24.634493955371124,33.72,9.085506044628877,10.459589958190918,False,0.0,0.0,True,False,False,10079453.124351574,10614.237862044283
349.4429999999993,75.2,True,False,BLACKOUT,18262.467712394973,3588.6817707053774,-25380.08756783689,-241.90650381733454,933.6038230563177,0.0,18693.884134703392,31521.582272988515,313.71074544738656,88.07591270265465,-941.6258048851735,14.240885655312036,9.504673787084876,0.0,309.6056144655848,325.84014210585013,17.121379852294922,308.7187622535552,27.412040060824737,33.72,6.307959939175265,10.04604434967041,False,0.0,0.0,True,False,False,10136915.929911358,10651.773577953216
349.5430000000051,75.3,True,False,BLACKOUT,18293.802736864567,3597.485554918354,-25474.331864871117,-241.90650381733454,933.6038230563177,0.0,18726.152379398412,31616.61536119951,312.9897439444901,87.99977155687326,-943.2601357993449,14.274935782991601,9.527399575623326,0.0,308.85020605355686,325.12542135074483,17.162317276000977,307.96310407474385,26.38693026697925,33.72,7.333069733020752,10.090276718139648,False,0.0,0.0,True,False,False,10194628.347613903,10683.439758667782
349.64300000001094,75.4,True,False,BLACKOUT,18325.07204790438,3606.2811275938766,-25568.737347959934,-241.90650381733454,933.6038230563177,0.0,18758.35537871816,31711.767943198083,312.3964768518223,87.91168195357312,-944.8495259769854,14.312339680876384,9.552363742625657,0.0,308.21151111441606,324.5304647846444,17.207286834716797,307.3231779499276,23.81862971713875,33.72,9.901370282861249,10.394729614257812,False,0.0,0.0,True,False,False,10252583.806171924,10713.255195743644
349.7430000000022,75.5,True,False,BLACKOUT,18356.28428958747,3615.066920523195,-25663.303687246324,-241.90650381733454,933.6038230563177,0.0,18790.501460337986,31807.04483718654,311.84835680999095,87.80417663279484,-946.4772597508505,14.33110270841523,9.564886591297523,0.0,307.63274044603753,323.9737197354971,17.22984504699707,306.74387468850006,24.28800224946216,33.72,9.431997750537843,10.292051315307617,False,0.0,0.0,True,False,False,10310788.16840834,10744.51720348193
349.84300000000803,75.6,True,False,BLACKOUT,18387.434713169692,3623.8463078886275,-25758.03343647458,-241.90650381733454,933.6038230563177,0.0,18822.586400548902,31902.44575766364,311.1601148343804,87.78357067585542,-948.1177248142357,14.328535820907168,9.563173395292527,0.0,306.9648462778122,323.3056948838788,17.22675895690918,306.0789359269696,25.87467754759621,33.72,7.845322452403793,10.084752082824707,False,0.0,0.0,True,False,False,10369241.446482465,10776.716119192779
349.94400000000314,75.7,True,False,BLACKOUT,18418.517105647912,3632.621691501613,-25852.92940445232,-241.90650381733454,933.6038230563177,0.0,18854.60439094056,31997.96970950611,310.4877347300166,87.72410158385257,-949.801634740575,14.319799201928863,9.557342387629049,0.0,306.3094648851223,322.6424513551669,17.21625518798828,305.4261961671786,26.043102473425698,33.72,7.676897526574304,9.586166381835938,False,0.0,0.0,True,False,False,10427944.407682272,10811.363822560957
350.0430000000051,75.8,True,False,BLACKOUT,18449.53025893579,3641.3950314631484,-25947.994981768894,-241.90650381733454,933.6038230563177,0.0,18886.554515959873,32093.619070747194,309.7753310275227,87.74269764685752,-951.5099115908824,14.34813491131174,9.576254250326958,0.0,305.59322812907556,321.96201127393766,17.250322341918945,304.7116889320187,25.327170867459564,33.72,8.392829132540436,9.51840877532959,False,0.0,0.0,True,False,False,10486902.117529279,10847.729139133937
350.14300000001094,75.9,True,False,BLACKOUT,18480.47310013198,3650.168660196489,-26043.227694183675,-241.90650381733454,933.6038230563177,0.0,18918.436049228905,32189.391595366622,309.08149289633684,87.72987701994863,-953.1443367047344,14.387920081229653,9.60280772956878,0.0,304.87397529870714,321.29099049454163,17.298154830932617,303.992835663609,25.06942085771838,33.72,8.65057914228162,9.661723136901855,False,0.0,0.0,True,False,False,10546112.009621559,10880.307899763076
350.2430000000022,76.0,True,False,BLACKOUT,18511.348607629385,3658.940203713285,-26138.627094163032,-241.90650381733454,933.6038230563177,0.0,18950.25159892963,32285.28863167323,308.4286570517617,87.70099331597469,-954.8436628824327,14.38464722033402,9.600623351720632,0.0,304.2392931662478,320.6551117935934,17.294219970703125,303.36089182289027,24.841417185610865,33.72,8.878582814389139,9.431032180786133,False,[-875.22746822],309.44315108508334,True,False,False,10605576.336936472,10916.273779826024
350.3440000000119,76.1,True,False,BLACKOUT,18542.156449730974,3667.7122328376176,-26234.192821573375,-241.90650381733454,933.6038230563177,0.0,18982.0012074413,32381.310085275967,307.7281849799855,87.73958917068096,-956.4708853243766,14.369964560329624,9.590823828218635,0.0,303.58899026865026,319.9919863667152,17.276567459106445,302.71541890760875,24.764847517518014,33.72,8.955152482481987,9.46290397644043,False,0.0,0.0,True,False,False,10665296.145518942,10949.171207410742
350.4429999999993,76.2,True,False,BLACKOUT,18572.894427309966,3676.4860854141066,-26329.919866156546,-241.90650381733454,933.6038230563177,0.0,19013.682893724344,32477.450905841288,307.0313665998849,87.73746235909235,-958.0700063390302,14.379110485227015,9.596928015467583,0.0,302.9047475965118,319.3213465733321,17.28756332397461,302.0337832493575,25.150123353474783,33.72,8.569876646525218,9.420807838439941,False,0.0,0.0,True,False,False,10725265.288894914,10980.60650963759
350.5420000000013,76.3,True,False,BLACKOUT,18603.5621567119,3685.2602009156835,-26425.810274370564,-241.90650381733454,933.6038230563177,0.0,19045.296055897998,32573.712568785166,306.3232214388463,87.74484767244489,-959.7381579413046,14.350574882255746,9.577882739483746,0.0,302.255026003027,318.6425493962365,17.25325584411621,301.3892935521203,25.897805673605824,33.72,7.822194326394178,9.317303657531738,False,0.0,0.0,True,False,False,10785486.451490847,11015.478670636801
350.64300000001094,76.4,True,False,BLACKOUT,18634.157384842798,3694.036229484929,-26521.86356416394,-241.90650381733454,933.6038230563177,0.0,19076.838705593764,32670.093693091352,305.58134117912243,87.77572371247247,-961.3276379262223,14.42577294645979,9.628071547046645,0.0,301.4608108060699,317.93794009221284,17.343664169311523,300.5942759229013,25.028251694068512,33.72,8.69174830593149,9.697458267211914,False,0.0,0.0,True,False,False,10845959.117290027,11047.09172303556
350.7430000000022,76.5,True,False,BLACKOUT,18664.68306247824,3702.8120860332497,-26618.077674392935,-241.90650381733454,933.6038230563177,0.0,19108.31346383287,32766.594307497264,304.93221152976616,87.7414072539444,-962.954566653641,14.448774987238155,9.643423604448639,0.0,300.79880643990896,317.3045984150507,17.371318817138672,299.933279597912,24.567321750606,33.72,9.152678249394004,10.27764892578125,False,0.0,0.0,True,False,False,10906684.433898622,11080.403093730867
350.84300000000803,76.6,True,False,BLACKOUT,18695.140898581867,3711.589470759764,-26714.457053447684,-241.90650381733454,933.6038230563177,0.0,19139.722270178343,32863.21932252015,304.2245105426905,87.80628727634455,-964.6330144413586,14.415130992563572,9.620968877824453,0.0,300.1706522768465,316.64253804597314,17.330869674682617,299.3116683712905,24.934930898862092,33.72,8.78506910113791,10.201309204101562,False,0.0,0.0,True,False,False,10967669.65442119,11116.592237437837
350.9429999999993,76.7,True,False,BLACKOUT,18725.52955196478,3720.359875041429,-26810.99950379643,-241.90650381733454,933.6038230563177,0.0,19171.06256375632,32959.965628259255,303.548557115565,87.60179835695614,-966.215992533547,14.432689899200922,9.63268807027395,0.0,299.44476424737684,315.93638853781033,17.351980209350586,298.58440832845974,26.801067234906604,33.72,6.918932765093398,9.040343284606934,False,0.0,0.0,True,False,False,11028911.288683739,11147.132584570047
351.04400000000896,76.8,True,False,BLACKOUT,18755.850117743837,3729.1244704637447,-26907.704367195605,-241.90650381733454,933.6038230563177,0.0,19202.335596019373,33056.833584821004,302.8627584655276,87.69011008936624,-967.8812754499703,14.420923147255744,9.62483468660952,0.0,298.8191419328442,315.30208669279955,17.337833404541016,297.96425328825853,29.49445705140338,33.72,4.225542948596621,9.506998062133789,False,0.0,0.0,True,False,False,11090409.609243255,11182.545586281682
351.14300000001094,76.9,True,False,BLACKOUT,18786.096091220745,3737.892782620522,-27004.57425955596,-241.90650381733454,933.6038230563177,0.0,19233.53631877169,33153.822558875196,302.05671107264425,87.67613304618455,-969.5165717571103,14.421307069862019,9.625090924825347,0.0,298.03706281614365,314.5240229457126,17.338294982910156,297.18572796280245,27.127944219614136,33.72,6.592055780385865,10.082796096801758,False,0.0,0.0,True,False,False,11152166.752335174,11217.6892774127
351.24400000000605,77.0,True,False,BLACKOUT,18816.263401305783,3746.6638464408525,-27101.610645224526,-241.90650381733454,933.6038230563177,0.0,19264.66056871246,33250.93151165922,301.2894906281089,87.7451433604173,-971.2111416141628,14.415054842625137,9.620918053715528,0.0,297.32194080997783,313.8065763273382,17.330778121948242,296.47579820538994,25.629757465446367,33.72,8.090242534553635,10.936589241027832,False,[-892.0219452],321.53266525754344,True,False,False,11214185.11827716,11256.133119335223
351.34300000000803,77.1,True,False,BLACKOUT,18846.355240074427,3755.4382060440707,-27198.81428042833,-241.90650381733454,933.6038230563177,0.0,19295.71158802737,33348.16312706842,300.5472847447572,87.74204870394585,-972.8615624619335,14.438794585932085,9.636762469672727,0.0,296.5779895385027,313.0931769908309,17.35931968688965,295.73385730394125,27.455327332943384,33.72,6.264672667056619,10.771587371826172,False,0.0,0.0,True,False,False,11276467.386110332,11291.44047338995
351.44200000001,77.2,True,False,BLACKOUT,18876.371842283384,3764.2101887459357,-27296.18556494614,-241.90650381733454,933.6038230563177,0.0,19326.68878303954,33445.5175727995,299.784759434397,87.69760533335716,-974.564127894248,14.453994430935017,9.64690717358117,0.0,295.8133819499877,312.34879857355713,17.377593994140625,294.9712045794165,28.73788470487651,33.72,4.98211529512349,11.241347312927246,False,0.0,0.0,True,False,False,11339013.9562985,11329.639152251888
351.54400000000896,77.3,True,False,BLACKOUT,18906.311263749078,3772.9768991400606,-27393.728224099537,-101.86472745217496,1000.5865773129607,0.0,19209.292090262992,33457.63363755524,299.00366987941777,87.6366025491409,-976.2890551736904,16.102612832154616,6.5844722516088225,0.0,294.28295211280414,311.5820416964301,17.396821975708008,294.1852197207221,27.665357399392565,22.239999999999995,5.4253573993925714,10.966540336608887,False,0.0,0.0,True,False,False,11401830.463992096,11369.56337928989
351.64300000001094,77.4,True,False,BLACKOUT,18936.17690463743,3781.738663782019,-27491.439112926197,-101.86472745217496,1000.5865773129607,0.0,19240.110085788183,33555.34324981606,298.30914788756905,87.59869029002982,-977.9287213595155,16.09288694365377,6.5804952670272785,0.0,293.6153365646103,310.90493443162995,17.386314392089844,293.5186200395401,27.13212155905078,22.239999999999995,4.892121559050785,10.562126159667969,False,0.0,0.0,True,False,False,11464917.038889717,11405.116770087954
351.7430000000022,77.5,True,False,BLACKOUT,18965.973757572232,3790.5040761582236,-27589.313260667546,-101.86472745217496,1000.5865773129607,0.0,19270.861530853803,33653.17682383919,297.62791080851474,87.7095572340629,-979.5542334674163,16.09726173975199,6.58228415208683,0.0,292.9865880937152,310.28267712271105,17.391040802001953,292.8916363207091,28.052115137949173,22.239999999999995,5.8121151379491796,10.389533042907715,False,0.0,0.0,True,False,False,11528271.704503322,11440.290538821551
351.84300000000803,77.6,True,False,BLACKOUT,18995.699415967018,3799.2697728792937,-27687.351284435164,-101.86472745217496,1000.5865773129607,0.0,19301.54356110298,33751.13338821186,296.88525708722005,87.60437718733922,-981.2062418849658,16.12281669274704,6.592733753070284,0.0,292.2164169039466,309.5405995634924,17.418649673461914,292.12194989003046,28.970551973216637,22.239999999999995,6.7305519732166434,10.643027305603027,False,0.0,0.0,True,False,False,11591894.346546039,11476.496975428841
351.9429999999993,77.7,True,False,BLACKOUT,19025.344318638516,3808.0261352115726,-27785.55424189912,-101.86472745217496,1000.5865773129607,0.0,19332.14532234091,33849.20777940934,296.01279634271003,87.52286945823651,-982.8529073941289,16.142658635179604,6.600847263636989,0.0,291.3342885011912,308.6807870225069,17.440086364746094,291.2407006577608,26.129855453495054,22.239999999999995,3.8898554534950596,9.927157402038574,False,0.0,0.0,True,False,False,11655782.245087044,11513.81199969976
352.0430000000051,77.8,True,False,BLACKOUT,19054.921716483368,3816.7590861881217,-27883.908378035412,-101.86472745217496,1000.5865773129607,0.0,19362.677874155135,33947.39520041222,295.5351605543904,87.13615007275077,-984.2298153317458,16.155590588940484,6.606135230974039,0.0,290.7542388418379,308.1131931180654,17.454057693481445,290.65913542458395,21.295722977683255,22.239999999999995,0.9442770223167395,9.633177757263184,False,0.0,0.0,True,False,False,11719927.706323735,11535.228214383405
352.14300000001094,77.9,True,False,BLACKOUT,19084.44364766474,3825.4654715921347,-27982.40561761202,-101.86472745217496,1000.5865773129607,0.0,19393.15265325433,34045.69567479845,294.9034630729894,86.99155800750304,-985.7149762003986,16.1585653796691,6.607351643938262,0.0,290.104013455105,307.4663944189914,17.457271575927734,290.00912284306366,25.198966412190096,22.239999999999995,2.9589664121901023,9.719199180603027,False,0.0,0.0,True,False,False,11784327.122101603,11562.671374332178
352.2430000000022,78.0,True,False,BLACKOUT,19113.895072765772,3834.163337648804,-28081.065263528715,-101.86472745217496,1000.5865773129607,0.0,19423.55739704721,34144.11820930432,294.1250389476737,86.96576312587904,-987.4779421334873,16.147928516678068,6.6030021554460125,0.0,289.3604106894323,306.7125404870774,17.44577980041504,289.26676068666234,25.5385960481474,22.239999999999995,3.2985960481474055,9.979670524597168,False,[-896.87838261],297.16335271301756,True,False,False,11848996.744472174,11605.550368156008
352.34300000000803,78.1,True,False,BLACKOUT,19143.267540432196,3842.860286385158,-28179.90088561583,-101.86472745217496,1000.5865773129607,0.0,19453.884852276864,34242.67001518397,293.3243143808382,86.9732116012088,-989.2344996088042,16.214477321731497,6.630214432411217,0.0,288.52185183966577,305.94687928334463,17.517677307128906,288.4292019762157,24.63936821156192,22.239999999999995,2.399368211561927,10.988129615783691,False,0.0,0.0,True,False,False,11913951.810709586,11648.937756046324
352.4429999999993,78.2,True,False,BLACKOUT,19172.56491032183,3851.562125267254,-28278.908114836413,-101.86472745217496,1000.5865773129607,0.0,19484.139689412368,34341.35034625015,292.6230834118156,87.06356604071667,-990.9100848028944,16.23689329673517,6.639380483097705,0.0,287.84957131970117,305.3003987504187,17.541894912719727,287.758503837699,24.309753341360267,22.239999999999995,2.0697533413602716,10.664749145507812,False,0.0,0.0,True,False,False,11979191.265894363,11688.033597981048
352.5430000000051,78.3,True,False,BLACKOUT,19201.791774199395,3860.267352425092,-28378.077671667746,-101.86472745217496,1000.5865773129607,0.0,19514.32623662167,34440.15419257742,291.9141941394376,87.04097711604915,-992.4810518237514,16.19377207207858,6.621747909417506,0.0,287.20898936347965,304.61455716592707,17.49530792236328,287.1192492435638,24.256367892792,22.239999999999995,2.016367892792004,10.488205909729004,False,0.0,0.0,True,False,False,12044706.587669207,11721.604842709798
352.64300000001094,78.4,True,False,BLACKOUT,19230.950385008644,3868.9691063415407,-28477.404853475702,-101.86472745217496,1000.5865773129607,0.0,19544.44572008707,34539.0785298941,291.25802204558306,86.99410121291959,-994.0625843354043,16.220792352257458,6.632796693048026,0.0,286.536938249704,303.9723820542732,17.524499893188477,286.44788216108475,24.672669222550148,22.239999999999995,2.4326692225501554,10.963890075683594,False,0.0,0.0,True,False,False,12110493.697816163,11755.520054065533
352.7430000000022,78.5,True,False,BLACKOUT,19260.041094135962,3877.6695435062643,-28576.89049381941,-101.86472745217496,1000.5865773129607,0.0,19574.498804271036,34638.12457010562,290.5561605007443,87.01464208155845,-995.6502225387629,16.23072303347315,6.636857418818798,0.0,285.8584158441018,303.30583631297964,17.535228729248047,285.7706075837316,25.40674141656607,22.239999999999995,3.166741416566077,10.734002113342285,False,0.0,0.0,True,False,False,12176555.236527475,11790.337366045364
352.84300000000803,78.6,True,False,BLACKOUT,19289.06256387277,3886.372342304357,-28676.533663470425,-101.86472745217496,1000.5865773129607,0.0,19604.48470883327,34737.29125379568,289.8732342353714,87.04133388030158,-997.213170481592,16.176790165836138,6.6148038878727835,0.0,285.26859312397374,302.659355926323,17.476961135864258,285.1823947904587,26.38643864665371,22.239999999999995,4.1464386466537135,10.782195091247559,False,0.0,0.0,True,False,False,12242890.684659079,11823.988993470204
352.9429999999993,78.7,True,False,BLACKOUT,19318.01459528519,3895.0708857427758,-28776.3371838292,-101.86472745217496,1000.5865773129607,0.0,19634.402265447978,34836.58040105056,289.1673940130125,86.9295348880704,-998.8572366939247,16.24758665426823,6.643753072607673,0.0,284.48379217532613,301.95119770607477,17.553447723388672,284.3977499826861,27.38707933490364,22.239999999999995,5.147079334903645,11.100150108337402,False,0.0,0.0,True,False,False,12309504.359369976,11861.574264137384
353.0430000000051,78.8,True,False,BLACKOUT,19346.892384107883,3903.7609235244095,-28876.300109034335,-101.86472745217496,1000.5865773129607,0.0,19664.24609459916,34935.98835664986,288.3883824408699,86.87122074459916,-1000.4012674087976,16.23872936935105,6.640131266173546,0.0,283.729556771661,301.18842627252184,17.54387855529785,283.644547717224,26.763869080339628,22.239999999999995,4.523869080339633,10.950361251831055,False,0.0,0.0,True,False,False,12376394.38655942,11895.463479155194
353.14400000000023,78.9,True,False,BLACKOUT,19375.694807059765,3912.4481783467554,-28976.420979997478,-101.86472745217496,1000.5865773129607,0.0,19694.01592880518,35035.5139282139,287.660076596756,86.87387570232116,-1002.0161518540056,16.159322759623148,6.607661341957046,0.0,283.1171568483185,300.49191328086334,17.45808982849121,283.03382345237213,25.169388237094182,22.239999999999995,2.9293882370941877,11.088119506835938,False,0.0,0.0,True,False,False,12443560.254695129,11932.618522686003
353.24400000000605,79.0,True,False,BLACKOUT,19404.4277306473,3921.1336995353718,-29076.701979159083,-101.86472745217496,1000.5865773129607,0.0,19723.71772648428,35135.162429379256,286.9983951539406,86.8365480700003,-1003.6038313780801,16.13210827945605,6.5965331485781205,0.0,282.5013369167668,299.8477361956413,17.428688049316406,282.4190481463249,24.1722171992663,22.239999999999995,1.9322171992663066,11.032622337341309,False,[-918.48521177],329.1716238823128,True,False,False,12511009.167362735,11968.257254439755
353.34300000000803,79.1,True,False,BLACKOUT,19433.092246158063,3929.815840494455,-29177.139910742197,-101.86472745217496,1000.5865773129607,0.0,19753.35232402546,35234.93183487244,286.2919150613187,86.80627111166368,-1005.1548002841307,16.141048540731834,6.600188884632021,0.0,281.80579537694626,299.162814089233,17.43834686279297,281.72446722644,24.724409477719725,22.239999999999995,2.484409477719732,11.043187141418457,False,0.0,0.0,True,False,False,12578738.295588586,12002.019294694039
353.4429999999993,79.2,True,False,BLACKOUT,19461.68377214466,3938.490567020706,-29277.73583430761,-101.86472745217496,1000.5865773129607,0.0,19782.91459185977,35334.82029574111,285.5386046706707,86.68825941334917,-1006.7636710240456,16.12356347997446,6.593039119648246,0.0,281.0688683110974,298.40768937376544,17.419456481933594,280.98823289183184,26.30189502736064,22.239999999999995,4.061895027360647,10.564411163330078,False,0.0,0.0,True,False,False,12646746.441675577,12038.895740441085
353.5430000000051,79.3,True,False,BLACKOUT,19490.20003397107,3947.1566702537493,-29378.49457174269,-101.86472745217496,1000.5865773129607,0.0,19812.40209889794,35434.83060817887,284.7866318575143,86.63380524751932,-1008.4110776775802,16.114225991450052,6.5892209545635145,0.0,280.3426424012074,297.67237341818014,17.40936851501465,280.2630049031655,27.052669373164786,22.239999999999995,4.812669373164793,10.678106307983398,False,0.0,0.0,True,False,False,12715039.864534011,12078.151808023884
353.64300000001094,79.4,True,False,BLACKOUT,19518.636517547962,3955.824941026051,-29479.41673838973,-101.86472745217496,1000.5865773129607,0.0,19841.811986091732,35534.96185627707,283.94303968034484,86.73161019850765,-1010.0322552632257,16.14524679138622,6.601905579011203,0.0,279.52893846363264,296.8939574840481,17.442882537841797,279.4510749462063,26.357572463578958,22.239999999999995,4.117572463578965,10.524441719055176,False,0.0,0.0,True,False,False,12783619.424142543,12117.581836880561
353.7430000000022,79.5,True,False,BLACKOUT,19546.99388122051,3964.4980865474913,-29580.50467444081,-101.86472745217496,1000.5865773129607,0.0,19871.145313196812,35635.21675046749,283.20423377062565,86.73130023030187,-1011.726465758425,16.14918375478373,6.603515431183438,0.0,278.8168962523212,296.18736716012376,17.44713592529297,278.7402312348308,27.380633425361818,22.239999999999995,5.140633425361825,11.294662475585938,False,0.0,0.0,True,False,False,12852490.320135072,12159.73696765242
353.84300000000803,79.6,True,False,BLACKOUT,19575.279561028714,3973.173985968218,-29681.762089463286,-101.86472745217496,1000.5865773129607,0.0,19900.409122723882,35735.602471307124,282.5093623933963,86.78668818423115,-1013.4218346910847,16.106706920997137,6.586146353486586,0.0,278.2130510107153,295.5392851820385,17.4012451171875,278.138040064851,28.490379872576607,22.239999999999995,6.250379872576614,11.159967422485352,False,0.0,0.0,True,False,False,12921662.56103989,12201.950243954738
353.9429999999993,79.7,True,False,BLACKOUT,19603.49043946648,3981.8565451787404,-29783.18475166548,-101.86472745217496,1000.5865773129607,0.0,19929.60092113503,35836.11428192997,281.70820636193895,86.86449602621788,-1015.0314093528782,16.1179528657694,6.5907448998261104,0.0,277.4564071562621,294.7964623287559,17.413394927978516,277.3830674007774,28.156336960573036,22.239999999999995,5.916336960573041,11.369390487670898,False,0.0,0.0,True,False,False,12991131.007582452,12241.144615246047
354.0430000000051,79.8,True,False,BLACKOUT,19631.621124866764,3990.543264511636,-29884.769978531946,-101.86472745217496,1000.5865773129607,0.0,19958.715010616186,35936.74695273294,280.9055016437071,86.86989063169649,-1016.6731279763736,16.119896631106016,6.591539719216976,0.0,276.6876040720227,294.0310846697431,17.415494918823242,276.61558975091987,27.28439940822881,22.239999999999995,5.044399408228818,11.314607620239258,False,0.0,0.0,True,False,False,13060890.81959222,12281.90610709623
354.14300000001094,79.9,True,False,BLACKOUT,19659.67322429767,3999.230304478543,-29986.5214480234,-101.86472745217496,1000.5865773129607,0.0,19987.75241043672,36037.50428336688,280.13648697435366,86.87090870644526,-1018.3562618526611,16.075829122870477,6.5735202034899975,0.0,275.9994594656892,293.29678844783786,17.36788558959961,275.92890285823825,26.729820424465,22.239999999999995,4.489820424465007,11.528013229370117,False,0.0,0.0,True,False,False,13130948.74341271,12324.675084347788
354.2430000000022,80.0,True,False,BLACKOUT,19687.64769258236,4007.9174616980486,-30088.438259991704,-101.86472745217496,1000.5865773129607,0.0,20016.714037795453,36138.386209074284,279.3528787194568,86.87223568366149,-1019.9799775134128,16.065275236238048,6.569204644617521,0.0,275.26158275719166,292.548827004186,17.356483459472656,275.19234354471337,27.393862063012545,22.239999999999995,5.153862063012553,11.037479400634766,False,[-918.39609412],280.22185670132154,True,False,False,13201304.72160249,12364.347063968431
354.34300000000803,80.1,True,False,BLACKOUT,19715.543354592588,4016.60392765644,-30190.520507836736,-101.86472745217496,1000.5865773129607,0.0,20045.598612859285,36239.392272525445,278.5603614850754,86.85708348416935,-1021.6649793872003,16.094136885396118,6.581006377044293,0.0,274.46815409318145,291.78764185974677,17.387664794921875,274.3999770648249,27.95865035575047,22.239999999999995,5.718650355750476,11.544347763061523,False,0.0,0.0,True,False,False,13271959.678269068,12407.728986474223
354.4429999999993,80.2,True,False,BLACKOUT,19743.365638958825,4025.282694025136,-30292.767932323146,-101.86472745217496,1000.5865773129607,0.0,20074.410449484563,36340.52481591261,277.88532583970834,86.71824388975125,-1023.283510340966,16.065513572587225,6.56930210203602,0.0,273.81283199529037,291.1018861848258,17.356740951538086,273.7451452332877,27.546603913814344,22.239999999999995,5.306603913814351,12.059035301208496,False,0.0,0.0,True,False,False,13342918.427634226,12446.796988815528
354.5430000000051,80.3,True,False,BLACKOUT,19771.108864874946,4033.954580229335,-30395.17338777115,-101.86472745217496,1000.5865773129607,0.0,20103.144053666034,36441.77501323336,276.97919248268795,86.71948019423385,-1024.8255986190793,16.07661651554998,6.573842173924445,0.0,272.93493261209835,290.2373878629699,17.368736267089844,272.86865159588007,26.669322043445458,22.239999999999995,4.429322043445466,12.25927734375,False,0.0,0.0,True,False,False,13414170.550550466,12484.674559414538
354.64300000001094,80.4,True,False,BLACKOUT,19798.76829269274,4042.6245599115678,-30497.730182776333,-101.86472745217496,1000.5865773129607,0.0,20131.7954909654,36543.13527861945,276.2093638731996,86.68011345042068,-1026.3103014846577,16.075227102907,6.573274033269938,0.0,272.1890424587854,289.49102707858736,17.36723518371582,272.12379189487154,27.805257198694065,22.239999999999995,5.565257198694072,11.668405532836914,False,0.0,0.0,True,False,False,13485705.238776697,12517.946125760158
354.74400000000605,80.5,True,False,BLACKOUT,19826.352689983814,4051.2859645147523,-30600.444980451048,-101.86472745217496,1000.5865773129607,0.0,20160.372421849566,36644.61555521199,275.4785819482924,86.54797861326965,-1027.9856520096428,16.014393073870494,6.548398568628288,0.0,271.51721513668457,288.7542237167883,17.301511764526367,271.45271195226195,29.285245866242413,22.239999999999995,7.045245866242419,12.13503360748291,False,0.0,0.0,True,False,False,13557535.73397902,12560.430986383228
354.8440000000119,80.6,True,False,BLACKOUT,19853.864723159368,4059.938437692103,-30703.327375177665,-101.86472745217496,1000.5865773129607,0.0,20188.877425741386,36746.225433627114,274.7620815627359,86.5014849337428,-1029.6622425227104,16.021025886195357,6.551110772489762,0.0,270.81173575222886,288.05677975085064,17.308677673339844,270.7481020775108,28.992167788813077,22.239999999999995,6.752167788813084,11.802888870239258,False,0.0,0.0,True,False,False,13629678.295144157,12603.577714550396
354.9429999999993,80.7,True,False,BLACKOUT,19881.29892788289,4068.5847468365037,-30806.374692919322,-101.86472745217496,1000.5865773129607,0.0,20217.30551888911,36847.960108595486,273.9220129076937,86.42469795427218,-1031.2841123103958,16.04948324628705,6.562747188258488,0.0,269.9558718274642,287.23248000859843,17.33942222595215,269.8930577826463,27.8612585319116,22.239999999999995,5.621258531911605,12.006327629089355,False,0.0,0.0,True,False,False,13702128.890343178,12645.283482835213
355.0430000000051,80.8,True,False,BLACKOUT,19908.65171883437,4077.226241687038,-30909.57241174751,-101.86472745217496,1000.5865773129607,0.0,20245.653362425826,36949.805774165674,273.13380612193316,86.40519905641732,-1032.6702642533667,16.023954775108574,6.552308415877088,0.0,269.22473846813614,286.4750154387514,17.31184196472168,269.16317347402975,26.990336495704756,22.239999999999995,4.750336495704764,11.763718605041504,False,0.0,0.0,True,False,False,13774866.567323307,12674.375275986222
355.14300000001094,80.9,True,False,BLACKOUT,19935.93466118701,4085.8683812609993,-31012.917170138044,-101.86472745217496,1000.5865773129607,0.0,20273.933218522787,37051.76648354252,272.5250409307917,86.43759242281074,-1034.2249035572895,16.034619885370617,6.556669454878198,0.0,268.6415789528236,285.9044513787458,17.3233642578125,268.5810871209333,26.94836908157996,22.239999999999995,4.708369081579966,12.399667739868164,False,0.0,0.0,True,False,False,13847893.116110355,12710.596227224996
355.24400000000605,81.0,True,False,BLACKOUT,19963.146358634323,4094.509352310755,-31116.4233657182,-101.86472745217496,1000.5865773129607,0.0,20302.143434190002,37153.85351611644,271.7089080155351,86.38182857230015,-1035.8990080458466,15.995375598660637,6.540622188538908,0.0,267.8880902502578,285.1097174816894,17.28096580505371,267.8287516766357,28.085542673774142,22.239999999999995,5.845542673774148,11.977240562438965,False,[-932.10519433],281.3551773291874,True,False,False,13921230.04854509,12755.474875617238
355.3420000000042,81.1,True,False,BLACKOUT,19990.278099176656,4103.147853175565,-31220.093293600596,-101.86472745217496,1000.5865773129607,0.0,20330.27520315784,37256.06413857024,270.9259028311359,86.38818872390064,-1037.4995496020313,16.000308278361373,6.542639196148426,0.0,267.13736267597295,284.36554639383155,17.28629493713379,267.07925145669776,27.032951495013684,22.239999999999995,4.79295149501369,11.4365816116333,False,0.0,0.0,True,False,False,13994878.902625134,12796.66989941915
355.4429999999993,81.2,True,False,BLACKOUT,20017.33085454875,4111.7885475523135,-31323.924866012174,-101.86472745217496,1000.5865773129607,0.0,20358.33020083982,37358.397684831216,270.12920461068774,86.42569881106479,-1039.1318986295616,16.01500215565172,6.548647626475562,0.0,266.37261720249046,283.6180329220688,17.302169799804688,266.3158631222641,26.059421989667275,22.239999999999995,3.8194219896672803,11.248442649841309,False,0.0,0.0,True,False,False,14068839.233928561,12839.962184521624
355.5420000000013,81.3,True,False,BLACKOUT,20044.3040856044,4120.434267117063,-31427.926675037877,-101.86472745217496,1000.5865773129607,0.0,20386.308333088396,37460.86147625688,269.335416502331,86.4886924839418,-1040.9042818844662,16.010922190444706,6.546979299852228,0.0,265.63880914727076,282.88135412229974,17.297761917114258,265.5835922051855,27.449088697161503,22.239999999999995,5.209088697161509,11.971918106079102,False,0.0,0.0,True,False,False,14143123.888952589,12890.314653763477
355.64300000001094,81.4,True,False,BLACKOUT,20071.20086505324,4129.089010358556,-31532.103471643753,-101.86472745217496,1000.5865773129607,0.0,20414.213256285388,37563.46166448915,268.60017247454005,86.60617234590758,-1042.631650233057,15.98255663398381,6.535380423237294,0.0,265.00375761881264,282.217436990987,17.26711654663086,264.9503204443561,27.759994427341635,22.239999999999995,5.519994427341641,11.996393203735352,False,0.0,0.0,True,False,False,14217742.205680158,12938.121233735958
355.7430000000022,81.5,True,False,BLACKOUT,20098.01830495426,4137.7525700491005,-31636.443194990126,-101.86472745217496,1000.5865773129607,0.0,20442.042094391683,37666.18673317912,267.7486255458485,86.66502146497784,-1044.1628166944465,15.931632100709736,6.514557021484772,0.0,264.2648200919992,281.42521640253926,17.212099075317383,264.2131173272219,28.81616155214647,22.239999999999995,6.576161552146473,12.07471752166748,False,0.0,0.0,True,False,False,14292677.092581946,12976.950508850674
355.84300000000803,81.6,True,False,BLACKOUT,20124.748491131522,4146.412306917721,-31740.9394461778,-101.86472745217496,1000.5865773129607,0.0,20469.78509450522,37769.02618206027,266.85509799931606,86.529715907442,-1045.7622070589841,15.950852603180003,6.522416420856576,0.0,263.3516818418683,280.53348296281354,17.232864379882812,263.3006185829307,27.71566748280095,22.239999999999995,5.475667482800956,11.720244407653809,False,0.0,0.0,True,False,False,14367916.6450894,13019.74210220273
355.9429999999993,81.7,True,False,BLACKOUT,20151.39586515804,4155.066587012734,-31845.59910607176,-101.86472745217496,1000.5865773129607,0.0,20497.446396167827,37871.988212772936,266.092382531,86.55588599281229,-1047.4309908202747,15.985369002904095,6.536530420775576,0.0,262.59591672778765,279.8161493570819,17.27015495300293,262.54599440407895,28.1598245448039,22.239999999999995,5.919824544803908,11.685590744018555,False,0.0,0.0,True,False,False,14443474.342924949,13065.110868571284
356.0430000000051,81.8,True,False,BLACKOUT,20177.96735039481,4163.722842547079,-31950.422195802177,-101.86472745217496,1000.5865773129607,0.0,20525.03398628394,37975.07733538036,265.337322204474,86.56922469409108,-1049.030803788019,15.963570936953845,6.52761703747038,0.0,261.90442298191795,279.10235616844386,17.246604919433594,261.85575124901027,29.236645454491416,22.239999999999995,6.9966454544914205,11.93181037902832,False,0.0,0.0,True,False,False,14519354.549286654,13106.720380436052
356.14300000001094,81.9,True,False,BLACKOUT,20204.457779196124,4172.382838377837,-32055.403916097897,-101.86472745217496,1000.5865773129607,0.0,20552.54303646428,38078.28706086844,264.47125382180343,86.6306919210653,-1050.6036021263772,15.95046067229469,6.522256157546157,0.0,261.112899160763,278.2982588533376,17.232440948486328,261.06581790485126,29.56899569963508,22.239999999999995,7.328995699635087,11.626293182373047,False,0.0,0.0,True,False,False,14595549.191650925,13148.670702093315
356.2430000000022,82.0,True,False,BLACKOUT,20230.863713165316,4181.045427369457,-32160.538320199987,-101.86472745217496,1000.5865773129607,0.0,20579.96997900624,38181.610617964376,263.64742556206784,86.62108791133093,-1052.0844799153522,15.965463504111751,6.528390921563939,0.0,260.3098047326943,277.5124823795294,17.24864959716797,260.2638327823614,30.067246415735088,22.239999999999995,7.827246415735093,11.377243995666504,False,[-937.11019941],252.82922151843715,True,False,False,14672049.362359002,13185.15498641726
356.34300000000803,82.1,True,False,BLACKOUT,20257.185077990667,4189.7033940488045,-32265.830937471444,-101.86472745217496,1000.5865773129607,0.0,20607.313630148146,38285.05218929157,262.7798709449487,86.5382456756084,-1053.7678655138097,15.945505041686255,6.520229765148191,0.0,259.4804174906313,276.6624812627398,17.227087020874023,259.43539424186577,30.765980421410635,22.239999999999995,8.525980421410642,11.352062225341797,False,0.0,0.0,True,False,False,14748864.272885565,13233.006372841804
356.4429999999993,82.2,True,False,BLACKOUT,20283.42698812207,4198.359163398572,-32371.295041332727,-101.86472745217496,1000.5865773129607,0.0,20634.579420026486,38388.62605635155,262.0583316831281,86.57714131973253,-1055.5142117118858,15.92679475554867,6.512578996842653,0.0,258.82632711972775,275.9894392973059,17.206872940063477,258.78256635724244,30.38243478654353,22.239999999999995,8.142434786543538,11.90939998626709,False,0.0,0.0,True,False,False,14826017.717485424,13282.876457083205
356.5450000000128,82.3,True,False,BLACKOUT,20309.598968344162,4207.016670634535,-32476.927534186747,-101.86472745217496,1000.5865773129607,0.0,20661.777371469525,38492.33516180835,261.38127275871227,86.57300339954901,-1057.1356453685084,15.948020814260898,6.521258482343453,0.0,258.1584068441659,275.3453371070276,17.22980499267578,258.1155321143518,30.174997979839052,22.239999999999995,7.93499797983906,12.045619010925293,False,0.0,0.0,True,False,False,14903510.806421166,13325.470222832557
356.64300000001094,82.4,True,False,BLACKOUT,20335.7067208565,4215.6719204340925,-32582.725366001447,-101.86472745217496,1000.5865773129607,0.0,20688.9125008608,38596.179768787326,260.77377748802985,86.53199259157776,-1058.8209909254615,15.932924413358606,6.515085457265075,0.0,257.5844497668172,274.75579842333696,17.2134952545166,257.54230316882035,32.56431411450691,22.239999999999995,10.32431411450691,12.2026948928833,False,0.0,0.0,True,False,False,14981342.061187733,13370.376220560282
356.7430000000022,82.5,True,False,BLACKOUT,20361.748619569527,4224.329144122842,-32688.686105331333,-101.86472745217496,1000.5865773129607,0.0,20715.9838615854,38700.15744989093,260.0641967725817,86.612481183416,-1060.393795672324,15.945596845317048,6.520267304301982,0.0,256.9214929788974,274.10784071185503,17.22718620300293,256.8806545088521,32.594078692522146,22.239999999999995,10.354078692522151,12.770953178405762,False,0.0,0.0,True,False,False,15059509.024611276,13411.43816674599
356.84300000000803,82.6,True,False,BLACKOUT,20387.71659960238,4232.996546376375,-32794.81394528774,-101.86472745217496,1000.5865773129607,0.0,20742.984769942905,38804.26830739271,259.2954038844533,86.73556388723478,-1062.1630034557475,15.890124501409797,6.497584270623148,0.0,256.2894133679604,273.41756439270387,17.167255401611328,256.25030899109254,30.719001213922954,22.239999999999995,8.47900121392296,13.342203140258789,False,0.0,0.0,True,False,False,15138018.13435276,13464.469720887206
356.9429999999993,82.7,True,False,BLACKOUT,20413.606480636172,4241.671145322331,-32901.115567090994,-101.86472745217496,1000.5865773129607,0.0,20769.910641764698,38908.51569548712,258.50221679141055,86.75641503189269,-1063.869432609488,15.892250108553565,6.498453446414794,0.0,255.54047885161566,272.6720954466361,17.169551849365234,255.50254359727086,29.70891912279397,22.239999999999995,7.468919122793975,13.390626907348633,False,0.0,0.0,True,False,False,15216879.906144127,13514.317962811629
357.0430000000051,82.8,True,False,BLACKOUT,20439.42299965825,4250.344548089855,-33007.588236708005,-101.86472745217496,1000.5865773129607,0.0,20796.764853134377,39012.89927140291,257.8281636501629,86.71164031858837,-1065.583959730647,15.925234093825173,6.511940831228189,0.0,254.85097434736514,272.01887901018085,17.20518684387207,254.81369216630878,30.075238355044167,22.239999999999995,7.835238355044173,13.680177688598633,False,0.0,0.0,True,False,False,15296092.223030688,13562.570393738075
357.14300000001094,82.9,True,False,BLACKOUT,20465.17278572126,4259.017000584178,-33114.225694002926,-101.86472745217496,1000.5865773129607,0.0,20823.55399281263,39117.41740203393,257.1675576100289,86.73740956786371,-1067.1651861677362,15.897866019121942,6.500749831957341,0.0,254.261648004466,271.4010517769798,17.17561912536621,254.22543265161357,30.833225260239498,22.239999999999995,8.593225260239505,13.382180213928223,False,0.0,0.0,True,False,False,15375648.679018069,13603.71504951296
357.24400000000605,83.0,True,False,BLACKOUT,20490.851890364724,4267.690756397488,-33221.021757135444,-101.86472745217496,1000.5865773129607,0.0,20850.274516626967,39222.06310237607,256.41453525922293,86.7377066983347,-1068.7560764825078,15.864135246622913,6.486957080565984,0.0,253.58367013756165,270.6877235034674,17.139177322387695,253.5485461810797,31.671082750019767,22.239999999999995,9.431082750019772,13.43255615234375,False,[-902.64927641],171.27126485329728,True,False,False,15455540.657549666,13647.241264132192
357.34300000000803,83.1,True,False,BLACKOUT,20516.455987101002,4276.367944357646,-33327.98230624055,-101.86472745217496,1000.5865773129607,0.0,20876.922489985198,39326.839400820565,255.6673994663668,86.80605250482303,-1070.454905619527,15.881562047383822,6.4940830226252375,0.0,252.8779552844265,270.0020553650747,17.158004760742188,252.8440506043325,30.16895868665305,22.239999999999995,7.928958686653056,13.325689315795898,False,0.0,0.0,True,False,False,15535778.845507061,13697.112903304722
357.4429999999993,83.2,True,False,BLACKOUT,20541.98268914835,4285.051440284774,-33435.10505732321,-101.86472745217496,1000.5865773129607,0.0,20903.496013728913,39431.743504316684,254.86664148060882,86.86386603773244,-1072.0001160337717,15.878636689379483,6.492886823051518,0.0,252.1403591930878,269.26257846686815,17.154844284057617,252.10773418281053,29.9991562089676,22.239999999999995,7.759156208967608,13.036677360534668,False,0.0,0.0,True,False,False,15616360.65948549,13739.486352015032
357.5430000000051,83.3,True,False,BLACKOUT,20567.433744874666,4293.73719408817,-33542.384575759614,-101.86472745217496,1000.5865773129607,0.0,20929.996185448763,39536.771534244624,254.15447304572956,86.85121003020105,-1073.590252694348,15.885336588973004,6.4956264593715325,0.0,251.4541731585639,268.58449108774425,17.16208267211914,251.4224084156251,31.150115172052917,22.239999999999995,8.910115172052926,13.191238403320312,False,0.0,0.0,True,False,False,15697279.286233036,13782.962692043495
357.64300000001094,83.4,True,False,BLACKOUT,20592.81054242525,4302.429410493378,-33649.82249824013,-101.86472745217496,1000.5865773129607,0.0,20956.425043902436,39641.9260983087,253.3814779659342,86.99311807394609,-1075.1681969160593,15.838933384515533,6.476651860943268,0.0,250.8173873909959,267.89918993611894,17.111949920654297,250.78724001546465,30.781055898290038,22.239999999999995,8.541055898290043,12.22215461730957,False,0.0,0.0,True,False,False,15778539.706462132,13827.338115848337
357.7420000000129,83.5,True,False,BLACKOUT,20618.10969366412,4311.130755593628,-33757.42453383167,-101.86472745217496,1000.5865773129607,0.0,20982.779672104018,39747.210643331964,252.6015468114842,87.03378393107326,-1076.872514914787,15.82990838142671,6.47296147336279,0.0,250.10168907849587,267.17488841003603,17.10219955444336,250.07268885559267,30.549180716604265,22.239999999999995,8.30918071660427,12.149840354919434,False,0.0,0.0,True,False,False,15860151.613158071,13878.647929470859
357.84300000000803,83.6,True,False,BLACKOUT,20643.332528204653,4319.836581554022,-33865.18984950706,-101.86472745217496,1000.5865773129607,0.0,21009.060658838745,39852.62492371014,251.85514399921448,87.08273527680072,-1078.4337985930492,15.88672776707042,6.496195321932842,0.0,249.3497220391551,266.48530230043536,17.163585662841797,249.32171663759357,30.79100662022958,22.239999999999995,8.551006620229588,12.277848243713379,False,0.0,0.0,True,False,False,15942115.38653363,13921.761929344812
357.9429999999993,83.7,True,False,BLACKOUT,20668.481748404072,4328.548653441401,-33973.11459117881,-101.86472745217496,1000.5865773129607,0.0,21035.270958731744,39958.16736704312,251.12925998920542,87.15870247079283,-1080.0610348419611,15.81800215669451,6.468092933878685,0.0,248.76165807888717,265.82427398399517,17.089336395263672,248.7349375887315,31.056418162376044,22.239999999999995,8.81641816237605,12.73144817352295,False,0.0,0.0,True,False,False,16024427.311344473,13968.39506839846
358.0430000000051,83.8,True,False,BLACKOUT,20693.561450324116,4337.2667827016185,-34081.206081240256,-101.86472745217496,1000.5865773129607,0.0,21061.414594190388,40063.84645363378,250.46477841162906,87.20388273353961,-1081.7687663869522,15.736201590748212,6.434644104036377,0.0,248.23612687347867,265.21146730221034,17.000961303710938,248.2105059984994,30.608877409374152,22.239999999999995,8.368877409374159,12.68995189666748,False,0.0,0.0,True,False,False,16107101.486639457,14018.271700800931
358.14400000000023,83.9,True,False,BLACKOUT,20718.57419700516,4345.993013868773,-34189.46386910082,-101.86472745217496,1000.5865773129607,0.0,21087.49442757027,40169.66344008072,249.79015520925816,87.32074060956265,-1083.3869908243958,15.71293290125082,6.425129372363705,0.0,247.66155519351872,264.6129879277807,16.97582244873047,247.63716547905022,30.749766411573507,22.239999999999995,8.509766411573514,12.278847694396973,False,0.0,0.0,True,False,False,16190139.064390711,14063.742564711916
358.2430000000022,84.0,True,False,BLACKOUT,20743.515938251927,4354.72430628493,-34297.88697452266,-101.86472745217496,1000.5865773129607,0.0,21113.50598557766,40275.61527674226,249.04466972608668,87.30510771356849,-1085.0751176125277,15.760236487471847,6.444472143261853,0.0,246.90092988139125,263.9042048771739,17.026927947998047,246.87727692917588,30.51994505649085,22.239999999999995,8.279945056490858,12.10049057006836,False,[-915.75872251],171.40919035704545,True,False,False,16273538.70632929,14114.191917684073
358.3440000000119,84.1,True,False,BLACKOUT,20768.383543357253,4363.457378076793,-34406.47905485508,-101.86472745217496,1000.5865773129607,0.0,21139.445662264985,40381.70333034548,248.30743238038335,87.35632812370658,-1086.7664890359076,15.746676031930916,6.438927177102688,0.0,246.23592582991967,263.2255858357909,17.012277603149414,246.2133082326415,30.72407042113798,22.239999999999995,8.484070421137986,12.14926528930664,False,0.0,0.0,True,False,False,16357306.51769578,14164.819980876222
358.44400000000314,84.2,True,False,BLACKOUT,20793.180849900997,4372.199312630572,-34515.23904013745,-101.86472745217496,1000.5865773129607,0.0,21165.318379760374,40487.92941253542,247.6386984944656,87.48236295188599,-1088.4332166115285,15.713734417565828,6.425457118052582,0.0,245.68152341074853,262.63680020073036,16.976688385009766,245.6601118157206,29.847396428276873,22.239999999999995,7.607396428276881,12.35275936126709,False,0.0,0.0,True,False,False,16441444.566640187,14213.66765505829
358.5430000000051,84.3,True,False,BLACKOUT,20817.90434044108,4380.948611927738,-34624.164567379354,-101.86472745217496,1000.5865773129607,0.0,21191.12043614137,40594.289713308404,246.83111230721943,87.5036229914189,-1090.0773282266052,15.710749034110586,6.424236373647537,0.0,244.92955977955754,261.88257299683676,16.97346305847168,244.90910993836508,29.730625827828398,22.239999999999995,7.490625827828404,12.259861946105957,False,0.0,0.0,True,False,False,16525950.28331427,14263.53783975882
358.64300000001094,84.4,True,False,BLACKOUT,20842.554652846255,4389.704649614879,-34733.26028477212,-101.86472745217496,1000.5865773129607,0.0,21216.852369892757,40700.788622526125,246.17513579624173,87.61713075139846,-1091.837019628744,15.679179177844093,6.411327236183901,0.0,244.38242273531432,261.30242839553887,16.939355850219727,244.36307254531914,28.844269998999806,22.239999999999995,6.604269998999812,12.093080520629883,False,0.0,0.0,True,False,False,16610832.318603903,14317.325590917419
358.7430000000022,84.5,True,False,BLACKOUT,20867.140992292025,4398.468533663983,-34842.530043970444,-101.86472745217496,1000.5865773129607,0.0,21242.523453299065,40807.43440267893,245.55165311914712,87.66055023069485,-1093.5581643376856,15.615774647145354,6.385400675236073,0.0,243.87734241612804,260.7297190891252,16.8708553314209,243.85886375770428,27.87648135202491,22.239999999999995,5.6364813520249175,12.28705883026123,False,0.0,0.0,True,False,False,16696101.963054512,14368.742182461403
358.84300000000803,84.6,True,False,BLACKOUT,20891.66522306309,4407.230853162014,-34951.97650658395,-101.86472745217496,1000.5865773129607,0.0,21268.134027350792,40914.22963618102,244.932962302162,87.5858397299197,-1095.3710879325542,15.589917801441347,6.374827628189187,0.0,243.29706234857616,260.12196243936705,16.842920303344727,243.27904213602233,28.017957779992695,22.239999999999995,5.7779577799927,11.915336608886719,False,0.0,0.0,True,False,False,16781765.663625907,14424.726737266128
358.94200000001,84.7,True,False,BLACKOUT,20916.1267692721,4415.989163670101,-35061.59577822612,-101.86472745217496,1000.5865773129607,0.0,21293.683133344242,41021.17063052922,244.29796187809052,87.58037043182993,-1097.0143449107513,15.60650777679848,6.381611386423489,0.0,242.67884054749672,259.5222831719186,16.860843658447266,242.66143951347135,29.169053913550812,22.239999999999995,6.929053913550817,11.532734870910645,False,0.0,0.0,True,False,False,16867818.380033832,14472.166857956414
359.0430000000051,84.8,True,False,BLACKOUT,20940.52174097938,4424.748347369345,-35171.37858163316,-101.86472745217496,1000.5865773129607,0.0,21319.16771626761,41128.24799875276,243.6014722675156,87.60330355302975,-1098.641723229957,15.620654363212942,6.387396025641481,0.0,242.01503459044045,258.87451802814707,16.876127243041992,241.99839078510507,29.571627384618125,22.239999999999995,7.33162738461813,11.514134407043457,False,0.0,0.0,True,False,False,16954246.239762936,14520.155195715513
359.14300000001094,84.9,True,False,BLACKOUT,20964.839487858964,4433.508258170042,-35281.328554854466,-101.86472745217496,1000.5865773129607,0.0,21344.57724487198,41235.45952645485,242.75346532415136,87.5949124609086,-1100.3577411962342,15.556040496223938,6.360974958533124,0.0,241.2832825758585,258.07385302645093,16.806320190429688,241.26753283602125,29.650513391193698,22.239999999999995,7.410513391193703,11.773767471313477,False,0.0,0.0,True,False,False,17041053.991969593,14575.987328418452
359.2430000000022,85.0,True,False,BLACKOUT,20989.075011661287,4442.27191372932,-35391.45201385312,-101.86472745217496,1000.5865773129607,0.0,21369.90727714603,41342.80847599359,241.95701072226467,87.67819872465444,-1102.1114387769435,15.48040666263078,6.330047749156116,0.0,240.6432501723592,257.35318449409965,16.724607467651367,240.62857702644828,27.978554901187255,22.239999999999995,5.738554901187263,11.547061920166016,False,[-923.34945312],167.27544806865652,True,False,False,17128253.508693133,14633.700029973841
359.34300000000803,85.1,True,False,BLACKOUT,21013.237095649114,4451.038148894709,-35501.748108530264,-101.86472745217496,1000.5865773129607,0.0,21395.166301007484,41450.2986697237,241.28466903428324,87.64650458312248,-1103.8104547660098,15.475334512029415,6.327973710909106,0.0,240.00533123370042,256.71034509077134,16.719127655029297,239.99121743574204,28.857274734785236,22.239999999999995,6.6172747347852425,12.289590835571289,False,0.0,0.0,True,False,False,17215847.332158923,14685.480047799876
359.4429999999993,85.2,True,False,BLACKOUT,21037.330819099934,4459.80865105968,-35612.206213698424,-101.86472745217496,1000.5865773129607,0.0,21420.35960741241,41557.923878820584,240.5897999820892,87.76353871631109,-1105.3516485971875,15.507702353702038,6.3412091502480115,0.0,239.35652576180038,256.09742400780044,16.75409698486328,239.34332702293716,30.80362425067827,22.239999999999995,8.563624250678275,12.38681411743164,False,0.0,0.0,True,False,False,17303820.01455342,14729.537977320477
359.5430000000051,85.3,True,False,BLACKOUT,21061.353473820556,4468.587127584778,-35722.82072347811,-101.86472745217496,1000.5865773129607,0.0,21445.485129774217,41665.678356329736,239.86329443037076,87.8059917856473,-1106.9385469965096,15.471565266803546,6.326432439883222,0.0,238.72697105311664,255.42962280920332,16.715055465698242,238.71456734350508,31.572671101956896,22.239999999999995,9.332671101956901,12.638738632202148,False,0.0,0.0,True,False,False,17392163.401595835,14776.779944245027
359.64300000001094,85.4,True,False,BLACKOUT,21085.299712177653,4477.37222405485,-35833.59673229844,-101.86472745217496,1000.5865773129607,0.0,21470.53738091586,41773.56377181979,239.06147271160415,87.8959376158174,-1108.581629410103,15.385748292010012,6.291341272062513,0.0,238.09691270375052,254.7078396602757,16.62234115600586,238.08549850426985,29.24110242409288,22.239999999999995,7.001102424092884,12.610749244689941,False,0.0,0.0,True,False,False,17480886.980308108,14829.282060138667
359.7420000000129,85.5,True,False,BLACKOUT,21109.16918407045,4486.156701177963,-35944.54071572139,-101.86472745217496,1000.5865773129607,0.0,21495.514850408752,41881.58504579663,238.32796514434682,87.79360484643206,-1110.298039048791,15.347761008860134,6.275808003367453,0.0,237.41382149835016,253.98412553105845,16.581300735473633,237.40282479558482,28.03789508086332,22.239999999999995,5.7978950808633245,12.438394546508789,False,0.0,0.0,True,False,False,17570003.59403508,14884.186245750368
359.8440000000119,85.6,True,False,BLACKOUT,21132.96121419526,4494.923622813541,-36055.637332990525,-101.86472745217496,1000.5865773129607,0.0,21520.414126118034,41989.727406209255,237.51263735186006,87.5448278651304,-1111.6343063338807,15.337034107692748,6.271421697628215,0.0,236.5742277319688,253.13306735346035,16.569711685180664,236.56335566827968,32.85492891838967,22.239999999999995,10.614928918389674,13.039262771606445,False,0.0,0.0,True,False,False,17659486.568169806,14918.862021132209
359.9429999999993,85.7,True,False,BLACKOUT,21156.67433977614,4503.682100888045,-36166.888412765744,-101.86472745217496,1000.5865773129607,0.0,21545.235239378664,42097.99257662547,236.74987426565667,87.62473362494747,-1113.3872891704516,15.285270983560459,6.250255390143939,0.0,235.94146777301097,252.4452354623617,16.5137882232666,235.9314472390951,31.34883991488415,22.239999999999995,9.108839914884154,12.946206092834473,False,0.0,0.0,True,False,False,17749341.85102198,14977.540316390841
360.0430000000051,85.8,True,False,BLACKOUT,21180.29759601961,4512.445067294676,-36278.30586579092,-101.86472745217496,1000.5865773129607,0.0,21569.969476479528,42206.386480106754,235.71525060375043,87.63459450768212,-1114.9617713330945,15.231313399561307,6.228191752502672,0.0,235.03227219809474,251.47863034801733,16.455493927001953,235.02313642101538,29.766886359373128,22.239999999999995,7.526886359373133,12.533181190490723,False,0.0,0.0,True,False,False,17839592.14118132,15032.112090247705
360.14400000000023,85.9,True,False,BLACKOUT,21203.83731065776,4521.211257993367,-36389.89021074517,-101.86472745217496,1000.5865773129607,0.0,21594.622883461936,42314.91282076598,235.07904215929884,87.68921946615016,-1116.7251277518974,15.194037594550082,6.2129494122495,0.0,234.49477140084753,250.90148519511806,16.41522216796875,234.4862630271493,29.891726744228013,22.239999999999995,7.651726744228019,12.101773262023926,False,0.0,0.0,True,False,False,17930240.066336196,15088.493578549185
360.24400000000605,86.0,True,False,BLACKOUT,21227.312377513266,4529.977860736186,-36501.638531110635,-101.86472745217496,1000.5865773129607,0.0,21619.21364912438,42423.57851787549,234.42229495078735,87.6428353902254,-1118.2412795573064,15.156541107734062,6.197616833645866,0.0,233.9033869658399,250.2700121173771,16.374711990356445,233.89530012702065,32.72829074105491,22.239999999999995,10.488290741054916,12.417999267578125,False,[-946.09088955],167.538035518938,True,False,False,18021284.460936412,15131.237647334945
360.34300000000803,86.1,True,False,BLACKOUT,21250.715172523243,4538.73923015051,-36613.5433782889,-101.86472745217496,1000.5865773129607,0.0,21643.733332759755,42532.37297980749,233.63360524875873,87.58455289624638,-1119.8556640080278,15.122356613444381,6.18363855220596,0.0,233.18077672957943,249.51095248018314,16.337779998779297,233.17317248140384,34.10930178753062,22.239999999999995,11.869301787530624,12.074003219604492,False,0.0,0.0,True,False,False,18112712.05026446,15182.58789039239
360.4429999999993,86.2,True,False,BLACKOUT,21274.03989787711,4547.498458774153,-36725.6116255241,-101.86472745217496,1000.5865773129607,0.0,21668.176721773907,42641.29960161692,232.86090182862677,87.60001957661494,-1121.509280695825,15.08440463938327,6.168119721646974,0.0,232.50324092796234,248.7930124225049,16.296777725219727,232.49623469728516,33.19536954997498,22.239999999999995,10.95536954997498,11.657154083251953,False,0.0,0.0,True,False,False,18204536.299847882,15236.440284614251
360.5460000000021,86.3,True,False,BLACKOUT,21297.28851526231,4556.265223297786,-36837.840699837914,25.380835749263326,1056.5569990080587,0.0,21557.87591533283,42682.18037316653,232.11144587530333,87.73527089606068,-1123.0722055805,14.45795529439657,7.315912266113996,0.0,232.03515941448364,248.1394790546821,16.203550338745117,231.935928715937,34.537008806906144,26.840000000000003,7.697008806906143,11.386988639831543,False,0.0,0.0,True,False,False,18296755.185894012,15284.763999814777
360.6420000000071,86.4,True,False,BLACKOUT,21320.456131437746,4565.040355950121,-36950.230616423956,25.380835749263326,1056.5569990080587,0.0,21582.1613216791,42791.46211479453,231.240877633447,87.76738215062166,-1124.7261261404692,14.416256037778984,7.294811903250468,0.0,231.27635221164033,247.33672767759356,16.156816482543945,231.1799111950496,35.682938576767924,26.840000000000003,8.842938576767922,11.968944549560547,False,0.0,0.0,True,False,False,18389368.059783306,15340.640946386788
360.7430000000022,86.5,True,False,BLACKOUT,21343.54448189757,4573.817498322236,-37062.7814500591,25.380835749263326,1056.5569990080587,0.0,21606.369955732847,42900.87401765656,230.5261315630361,87.77546529167141,-1126.2905465623448,14.422462763306873,7.297952586597268,0.0,230.60231074275566,246.67150147633117,16.163772583007812,230.50772889332336,36.85049660639725,26.840000000000003,10.010496606397249,10.986525535583496,False,0.0,0.0,True,False,False,18482377.080979656,15388.477268178127
360.84300000000803,86.6,True,False,BLACKOUT,21366.55711844407,4582.600303873447,-37175.49720587481,25.380835749263326,1056.5569990080587,0.0,21630.50592373746,43010.421748930195,229.7265993670314,87.88064573255816,-1128.0245697518494,14.418395290312178,7.295894392684778,0.0,229.89459517624897,245.962026238019,16.15921401977539,229.80281221824362,35.570452045366224,26.840000000000003,8.73045204536622,11.110666275024414,False,0.0,0.0,True,False,False,18575793.67191996,15448.497792055496
360.9429999999993,86.7,True,False,BLACKOUT,21389.49250014663,4591.39847058856,-37288.38703812615,25.380835749263326,1056.5569990080587,0.0,21654.56929698776,43120.113396686924,228.98103468412384,88.0826885697023,-1129.7720752749408,14.391463173098346,7.28226639324329,0.0,229.29760667128545,245.33828537486582,16.129030227661133,229.2092551472047,34.241866579879776,26.840000000000003,7.40186657987977,11.024242401123047,False,0.0,0.0,True,False,False,18669635.974295992,15508.18448907962
361.0430000000051,86.8,True,False,BLACKOUT,21412.34548570795,4600.198647900996,-37401.44608707306,25.380835749263326,1056.5569990080587,0.0,21678.552836256185,43229.94127313365,228.0786765422711,87.92085767902674,-1131.4089036631608,14.2893849177754,7.230613476560799,0.0,228.50990508675386,244.4380492237033,16.01462745666504,228.42342176703826,36.734561386776704,26.840000000000003,9.894561386776697,11.666199684143066,False,0.0,0.0,True,False,False,18763894.787049502,15564.449250637384
361.14300000001094,86.9,True,False,BLACKOUT,21435.10968193593,4608.998561858268,-37514.67260652356,25.380835749263326,1056.5569990080587,0.0,21702.449869189953,43339.90068169691,227.20524801736727,88.07742146642094,-1133.1214853468562,14.244677603200442,7.207990997487929,0.0,227.79830845617994,243.6798245624921,15.964522361755371,227.71530220073672,39.26205514602494,26.840000000000003,12.422055146024938,11.483391761779785,False,0.0,0.0,True,False,False,18858567.153260514,15625.034775807164
361.2430000000022,87.0,True,False,BLACKOUT,21457.78675238023,4617.799598329054,-37628.06446138702,25.380835749263326,1056.5569990080587,0.0,21726.262270037536,43449.990878442695,226.33616086863134,87.94330794929242,-1134.7156119222402,14.222630708259109,7.1968349836639325,0.0,226.9628660673021,242.8210928437129,15.939813613891602,226.8812792298213,38.231027006264064,26.840000000000003,11.391027006264057,11.78127670288086,False,[-962.32365631],154.2741841810307,True,False,False,18953653.591327157,15679.57585866956
361.34300000000803,87.1,True,False,BLACKOUT,21480.38981628609,4626.591548794681,-37741.611461502784,25.380835749263326,1056.5569990080587,0.0,21750.001311300788,43560.208823565394,225.7251172485835,87.89570136325747,-1136.2243903931562,14.139664470396596,7.154852994863142,0.0,226.4674113920111,242.23435527403151,15.846830368041992,226.38752490598952,33.17225414756154,26.840000000000003,6.332254147561536,11.319511413574219,False,0.0,0.0,True,False,False,19049143.469469026,15724.169822365258
361.4429999999993,87.2,True,False,BLACKOUT,21502.92764783164,4635.377376630458,-37855.307688303605,25.380835749263326,1056.5569990080587,0.0,21773.676133360557,43670.55406720429,225.03151366237392,87.82085535226818,-1137.700145623274,14.070637411430758,7.1199244107653845,0.0,225.8697225468499,241.56093387794144,15.769469261169434,225.791464616772,33.163994282614496,26.840000000000003,6.323994282614495,11.314247131347656,False,0.0,0.0,True,False,False,19145028.753292687,15768.05166484999
361.5450000000128,87.3,True,False,BLACKOUT,21525.38577451586,4644.16206383469,-37969.14747742997,25.380835749263326,1056.5569990080587,0.0,21797.27328057704,43781.01509365657,224.13102002205977,87.87288873239491,-1139.095636904165,14.059945403443656,7.114514116516339,0.0,225.05948427475516,240.74126922965414,15.757486343383789,224.98378288627035,34.81465773940971,26.840000000000003,7.974657739409709,11.487606048583984,False,0.0,0.0,True,False,False,19241295.273434523,15812.270225329123
361.64300000001094,87.4,True,False,BLACKOUT,21547.761767029755,4652.947934688109,-38083.13793209946,25.380835749263326,1056.5569990080587,0.0,21820.790744457172,43891.59718520961,223.38883025580574,87.84452833598378,-1140.7134564856533,13.999972301101993,7.084166951504124,0.0,224.42355002656663,240.04006049330317,15.690272331237793,224.34978816206538,35.536581154247024,26.840000000000003,8.69658115424702,10.990835189819336,False,0.0,0.0,True,False,False,19337956.118713893,15865.334809295227
361.7430000000022,87.5,True,False,BLACKOUT,21570.057392147373,4661.7261805364515,-38197.284018019316,25.380835749263326,1056.5569990080587,0.0,21844.228820154134,44002.304929406666,222.5236720966112,87.72038863086397,-1142.208261911349,13.944279405698264,7.055985626529529,0.0,223.6338725849815,239.1895717311061,15.62785530090332,223.56171643020278,34.90033617645678,26.840000000000003,8.06033617645678,10.130282402038574,False,0.0,0.0,True,False,False,19435023.441081334,15915.063330250594
361.84300000000803,87.6,True,False,BLACKOUT,21592.267430765547,4670.489546702187,-38311.588835689596,25.380835749263326,1056.5569990080587,0.0,21867.58116165517,44113.13800872152,221.677100266823,87.54693468385753,-1143.8880914942295,13.867321625328541,7.017043994886917,0.0,222.8676005914823,238.33842022478606,15.541605949401855,222.7968142753842,34.50296302071957,26.840000000000003,7.662963020719563,10.000499725341797,False,0.0,0.0,True,False,False,19532504.68055958,15974.73648350361
361.94400000000314,87.7,True,False,BLACKOUT,21614.394175764337,4679.246057612602,-38426.05710041196,25.380835749263326,1056.5569990080587,0.0,21890.8513541772,44224.10244758849,220.85779970897562,87.5832835244377,-1145.477202953187,13.83733635056137,7.00187105825756,0.0,222.15048117025808,237.58998136540194,15.508000373840332,222.0819809915616,33.57463307964966,26.840000000000003,6.734633079649651,10.38213062286377,False,0.0,0.0,True,False,False,19630410.475523558,16029.138873724827
362.0430000000051,87.8,True,False,BLACKOUT,21636.44386554848,4688.003036804796,-38540.68149901073,25.380835749263326,1056.5569990080587,0.0,21914.04676465267,44335.19568031219,220.1359959739208,87.5563003194336,-1147.010769022169,13.78426348640255,6.975015502960069,0.0,221.52738197178678,236.90918607993427,15.448519706726074,221.4606663732082,33.578754077880625,26.840000000000003,6.738754077880624,10.557861328125,False,0.0,0.0,True,False,False,19728729.952534493,16077.903162995597
362.14400000000023,87.9,True,False,BLACKOUT,21658.418929077518,4696.75749868623,-38655.46025702235,25.380835749263326,1056.5569990080587,0.0,21937.16929836775,44446.41722914776,219.36527460687591,87.53293730926923,-1148.564391210271,13.715095172098403,6.940015441835225,0.0,220.8782817677793,236.1845439848648,15.371000289916992,220.8135436949478,34.57315803626087,26.840000000000003,7.73315803626087,10.292213439941406,False,0.0,0.0,True,False,False,19827461.059819713,16129.019672967077
362.2430000000022,88.0,True,False,BLACKOUT,21680.317013352953,4705.504518726382,-38770.39756628412,25.380835749263326,1056.5569990080587,0.0,21960.21581992644,44557.76931473878,218.59641090182743,87.40746349376754,-1150.1817940251062,13.628737955180688,6.896317573799858,0.0,220.21305949127964,235.42399098982008,15.274216651916504,220.14977433790358,35.72193295316608,26.840000000000003,8.881932953166077,10.126633644104004,False,[-1012.13040816],210.48945958689785,True,False,False,19926612.543318346,16183.77564260218
362.34300000000803,88.1,True,False,BLACKOUT,21702.133738873086,4714.251444495413,-38885.492111642154,25.380835749263326,1056.5569990080587,0.0,21983.183233545504,44669.249398710745,217.73809950084998,87.53105188685731,-1151.7091131356397,13.578565080136077,6.870929450480143,0.0,219.51576445971713,234.6733155232221,15.217986106872559,219.45532941634954,35.70849307662318,26.840000000000003,8.868493076623173,9.525330543518066,False,0.0,0.0,True,False,False,20026183.9989715,16236.435023707756
362.4429999999993,88.2,True,False,BLACKOUT,21723.86705052815,4723.009761986105,-39000.74335534278,25.380835749263326,1056.5569990080587,0.0,22006.07143213206,44780.85709480574,216.92813360043917,87.63529792699298,-1153.3157608769031,13.50152475899638,6.83194605214098,0.0,218.88710985103833,233.96102365591327,15.131644248962402,218.82937940695086,36.42371994017452,26.840000000000003,9.583719940174515,9.820080757141113,False,0.0,0.0,True,False,False,20126175.88430811,16292.215470709258
362.5430000000051,88.3,True,False,BLACKOUT,21745.51666397939,4731.769913606037,-39116.15288484076,25.380835749263326,1056.5569990080587,0.0,22028.878554397492,44892.59300680492,216.06413542432114,87.567734471645,-1154.8748290827402,13.366370630178913,6.76355631592324,0.0,218.21021758836827,233.13476518347903,14.980172157287598,218.15459302619144,38.2049187280212,26.840000000000003,11.364918728021193,9.922741889953613,False,0.0,0.0,True,False,False,20226592.43479106,16346.771465471196
362.64300000001094,88.4,True,False,BLACKOUT,21767.077526867928,4740.527943554466,-39231.72213700325,25.380835749263326,1056.5569990080587,0.0,22051.59896535538,45004.455765667175,215.15312234648061,87.59286449694164,-1156.5102141669277,13.281151114389631,6.72043413936507,0.0,217.468716741216,232.30018503268403,14.884663581848145,217.41552145083588,35.822729710134254,26.840000000000003,8.982729710134253,9.932066917419434,False,0.0,0.0,True,False,False,20327439.317921903,16407.816529550146
362.7430000000022,88.5,True,False,BLACKOUT,21788.54797523241,4749.289335034678,-39347.4530881813,25.380835749263326,1056.5569990080587,0.0,22074.231946924352,45116.44689659463,214.25584494309933,87.6349651072891,-1158.1088093939977,13.194660300555563,6.676668669563121,0.0,216.74834654954532,231.48532178442156,14.78773021697998,216.69759156744158,32.75183914275711,26.840000000000003,5.911839142757112,9.605667114257812,False,0.0,0.0,True,False,False,20428723.572925687,16466.750871530337
362.84300000000803,88.6,True,False,BLACKOUT,21809.930458739454,4758.053308774813,-39463.34468151613,25.380835749263326,1056.5569990080587,0.0,22096.779792715024,45228.566754429514,213.39382519778425,87.6445096954013,-1159.7230573027098,13.165959087869771,6.66214548494505,0.0,215.98458667239387,230.69131910908524,14.755563735961914,215.93575537312333,32.57141815259649,26.840000000000003,5.73141815259649,9.943318367004395,False,0.0,0.0,True,False,False,20530444.63132459,16525.357079841677
362.9429999999993,88.7,True,False,BLACKOUT,21831.234729981326,4766.810964043649,-39579.3945262233,25.380835749263326,1056.5569990080587,0.0,22119.250632461713,45340.817368063545,212.6915996396632,87.5085956813176,-1161.273836840848,13.10529928035934,6.631450838240915,0.0,215.35042105619917,229.99015386619294,14.687580108642578,215.30257375755036,35.33113170077295,26.840000000000003,8.491131700772948,9.857582092285156,False,0.0,0.0,True,False,False,20632598.58858038,16575.609579649656
363.0430000000051,88.8,True,False,BLACKOUT,21852.46656503791,4775.558866416882,-39695.595819145165,25.380835749263326,1056.5569990080587,0.0,22141.6495845162,45453.19541858901,211.94510149204055,87.44945178333116,-1162.7520215963766,13.017441012738143,6.586993419146629,0.0,214.73460661120293,229.27741420313632,14.58911418914795,214.68830001398837,36.54897234000795,26.840000000000003,9.708972340007943,10.021875381469727,False,0.0,0.0,True,False,False,20735174.530641157,16623.473252695327
363.14300000001094,88.9,True,False,BLACKOUT,21873.617476181378,4784.3041923248775,-39811.945840294495,25.380835749263326,1056.5569990080587,0.0,22163.969487291797,45565.69515572152,211.07312137725555,87.45706637657428,-1164.2484013901797,12.98677413841684,6.571475584332355,0.0,213.96420205313734,228.4745084842818,14.554744720458984,213.91976376382283,34.38815428739425,26.840000000000003,7.548154287394245,9.824073791503906,False,0.0,0.0,True,False,False,20838171.09639983,16676.847665715202
363.2430000000022,89.0,True,False,BLACKOUT,21894.68489117605,4793.036212180113,-39928.44576634714,25.380835749263326,1056.5569990080587,0.0,22186.206002360414,45678.315622353,210.27517851612885,87.18333072813715,-1165.7501196626151,12.914254839038819,6.53477988144446,0.0,213.20300876944896,227.63256326115032,14.473469734191895,213.15909352695843,35.6232837824981,26.840000000000003,8.783283782498096,9.57540225982666,False,[-1042.91258468],244.11923270023163,True,False,False,20941591.906201575,16727.56253780006
363.34300000000803,89.1,True,False,BLACKOUT,21915.672890565864,4801.744973822611,-40045.09348782279,25.380835749263326,1056.5569990080587,0.0,22208.361470668257,45791.056240933445,209.48480928014425,86.99190212184106,-1167.2043098503832,12.851989315724833,6.503272721787842,0.0,212.46855143728658,226.8291787974254,14.4036865234375,212.4254922739879,37.21768628306923,26.840000000000003,10.377686283069222,10.275029182434082,False,0.0,0.0,True,False,False,21045433.265803304,16775.75631761867
363.4429999999993,89.2,True,False,BLACKOUT,21936.582544455847,4810.44081156646,-40161.88494644267,25.380835749263326,1056.5569990080587,0.0,22230.43868208215,45903.914935973735,208.70826851948593,86.92485275512789,-1168.6248625471867,12.776410902243061,6.4650290676205735,0.0,211.80905565430456,226.08642457012428,14.31898307800293,211.76744149212135,38.86521506670726,26.840000000000003,12.025215066707256,10.401317596435547,False,0.0,0.0,True,False,False,21149688.970467743,16821.61628590687
363.5430000000051,89.3,True,False,BLACKOUT,21957.41254538993,4819.1215590625925,-40278.82498373471,25.380835749263326,1056.5569990080587,0.0,22252.435978590343,46016.89525654239,207.89175016220602,86.69009716751744,-1170.1758832935438,12.67250143313673,6.412449533092961,0.0,211.08068548320344,225.2424310213746,14.20252799987793,211.03990302149668,38.235994648527715,26.840000000000003,11.39599464852771,10.339731216430664,False,0.0,0.0,True,False,False,21254371.591792118,16877.087814976392
363.6420000000071,89.4,True,False,BLACKOUT,21978.166839521677,4827.786928601685,-40395.9176550587,25.380835749263326,1056.5569990080587,0.0,22274.357196320812,46130.00272819818,207.19413247276557,86.61729361432285,-1171.6775431862902,12.610755831580015,6.381205460566162,0.0,210.4768878221618,224.57062159644067,14.13332748413086,210.43729411230981,36.67059975624001,26.840000000000003,9.830599756240005,10.364530563354492,False,0.0,0.0,True,False,False,21359492.34458125,16926.429361106482
363.7430000000022,89.5,True,False,BLACKOUT,21998.84837939402,4836.44538132196,-40513.16938221237,25.380835749263326,1056.5569990080587,0.0,22296.20667455254,46243.24518744539,206.43666497413585,86.55176079116032,-1173.3569998870307,12.556506123247207,6.35375440690445,0.0,209.81238339062583,223.84660806385662,14.072527885437012,209.7740801784196,35.99772930973491,26.840000000000003,9.157729309734906,10.725720405578613,False,0.0,0.0,True,False,False,21465063.8278244,16987.514500047946
363.8440000000119,89.6,True,False,BLACKOUT,22019.458686981816,4845.092740801841,-40630.57360600464,25.380835749263326,1056.5569990080587,0.0,22317.985204604098,46356.617382482604,205.7694867817916,86.39542880644602,-1174.7274759583718,12.523199646158215,6.33690089896956,0.0,209.17336202877232,223.17090269363433,14.035200119018555,209.13570257461578,37.76819035652645,26.840000000000003,10.928190356526454,10.930390357971191,False,0.0,0.0,True,False,False,21571074.09760717,17028.08666142874
363.9429999999993,89.7,True,False,BLACKOUT,22040.00027605734,4853.724207321434,-40748.12741723093,25.380835749263326,1056.5569990080587,0.0,22339.69444530253,46470.11766630646,205.06229472868048,86.23390158541186,-1176.348748567368,12.461979922909183,6.305922927664082,0.0,208.52664826250765,222.45635639836124,13.966588973999023,208.4897674243622,40.365569063841086,26.840000000000003,13.525569063841083,10.925698280334473,False,0.0,0.0,True,False,False,21677517.467317346,17083.84317310577
364.0430000000051,89.8,True,False,BLACKOUT,22060.4657627704,4862.339955248842,-40865.82944802274,25.380835749263326,1056.5569990080587,0.0,22361.327144224848,46583.74145692818,204.24743953250237,86.08105696274632,-1177.6918672688319,12.3884497118329,6.268715690389568,0.0,207.79769439140296,221.64603520795671,13.884181022644043,207.76185418531267,42.20541216178525,26.840000000000003,15.365412161785242,11.145605087280273,False,0.0,0.0,True,False,False,21784394.378511176,17128.05429977803
364.14300000001094,89.9,True,False,BLACKOUT,22080.852348448323,4870.948662973299,-40983.67437224216,25.380835749263326,1056.5569990080587,0.0,22382.88201759566,46697.48357742187,203.48427402590562,86.09309752639409,-1179.2066171196288,12.353202250245811,6.2508800192089895,0.0,207.13731265654934,220.94766624144066,13.844677925109863,207.1029883163308,41.544822412722624,26.840000000000003,14.70482241272262,11.282551765441895,False,0.0,0.0,True,False,False,21891698.24149928,17180.608588511615
364.2430000000022,90.0,False,True,NORMAL,22101.16114144384,4879.5540502103295,-41101.65543319656,25.380835749263326,1056.5569990080587,0.0,22404.360793354357,46811.339031350195,202.6915858844476,86.01464721420928,-1180.4146019682933,12.347397166402754,6.247942571746436,0.0,206.38226025569293,220.18718973577293,13.83817195892334,206.3490177768496,39.289126005004995,26.840000000000003,12.44912600500499,0.0,False,0.0,0.0,False,False,False,21999417.39549655,17216.70545259075
364.34300000000803,90.1,False,True,NORMAL,22121.38520385791,4888.154024644695,-41219.784395960756,25.380835749263326,1056.5569990080587,0.0,22425.75628161387,46925.31481462681,201.78966239692983,85.98484147311088,-1182.1646533156154,12.349913383483365,6.249215810114476,0.0,205.536343516535,219.3455283643205,13.840991973876953,205.50453639044355,38.875609889308635,26.840000000000003,12.035609889308628,0.0,False,0.0,0.0,False,False,False,22107576.303347178,17287.18154329134
364.4429999999993,90.2,False,True,NORMAL,22141.519655712647,4896.753686514497,-41338.077163683825,25.380835749263326,1056.5569990080587,0.0,22447.064549794184,47039.42315221675,200.89937469782384,86.0083959229291,-1183.6907011457254,12.319871096019405,6.234014024323585,0.0,204.75883664938013,218.53604490612514,13.80732250213623,204.7287224039889,39.85357447555159,26.840000000000003,13.01357447555159,0.0,False,0.0,0.0,False,False,False,22216206.914614983,17344.496407893894
364.5430000000051,90.3,False,True,NORMAL,22161.568187233162,4905.348976655463,-41456.51572840862,25.380835749263326,1056.5569990080587,0.0,22468.28854512953,47153.64976846427,200.0712557124411,85.89740689640415,-1185.0805933501292,12.299388221028753,6.223649424811546,0.0,203.97593448947518,217.73119177986285,13.784366607666016,203.94682517219684,38.20918044205485,26.840000000000003,11.369180442054844,0.0,False,0.0,0.0,False,False,False,22325277.754054792,17393.136888006888
364.64300000001094,90.4,False,True,NORMAL,22181.5325369406,4913.942559878176,-41575.10612131614,25.380835749263326,1056.5569990080587,0.0,22489.430441240904,47268.001127296586,199.21573843632905,85.97425755785811,-1186.7272648001924,12.289188904854187,6.2184884389883015,0.0,203.23020845210337,216.9757668574,13.77293586730957,203.20283099009043,35.713618712073796,26.840000000000003,8.873618712073792,0.0,False,0.0,0.0,False,False,False,22434802.448002983,17456.923236955106
364.7420000000129,90.5,False,True,NORMAL,22201.412210655373,4922.533528212633,-41693.855215476644,25.380835749263326,1056.5569990080587,0.0,22510.48960074349,47382.483100765305,198.37773585915056,85.84510913128776,-1188.2546184099601,12.258784969686726,6.203103654784689,0.0,202.44286333806386,216.15528873096216,13.738861083984375,202.41642764697778,37.89181485029178,26.840000000000003,11.051814850291775,0.0,False,0.0,0.0,False,False,False,22544793.930837847,17513.018855926774
364.84300000000803,90.6,False,True,NORMAL,22221.203624311736,4931.1161692852365,-41812.75902702031,25.380835749263326,1056.5569990080587,0.0,22531.461515517545,47497.09017905114,197.45053726810013,85.80771232078423,-1189.8216124631783,12.213162899155845,6.18001829737376,0.0,201.62701832489194,215.28975396239335,13.68773078918457,201.60202317320878,38.069902905023085,26.840000000000003,11.229902905023083,0.0,False,0.0,0.0,False,False,False,22655246.54768913,17574.65354971677
364.9429999999993,90.7,False,True,NORMAL,22240.914585546463,4939.692163378647,-41931.811229602965,25.380835749263326,1056.5569990080587,0.0,22552.354167428948,47611.820711754,196.76868742646664,85.7121695474196,-1191.2224391899313,12.122327207265101,6.134054263112151,0.0,201.06455374929132,214.6264018243332,13.585927963256836,201.04047386107635,36.18232037693226,26.840000000000003,9.34232037693226,0.0,False,0.0,0.0,False,False,False,22766151.103683278,17619.80557355004
365.0430000000051,90.8,False,True,NORMAL,22260.5509394,4948.257591620662,-42051.007836580844,25.380835749263326,1056.5569990080587,0.0,22573.172640123605,47726.67370677542,195.95838964423828,85.59639529288133,-1192.7097003676727,12.111671789516235,6.128662483996628,0.0,200.2866351600577,213.83739934608798,13.573986053466797,200.26341329262118,35.77195414482867,26.840000000000003,8.931954144828664,0.0,False,0.0,0.0,False,False,False,22877501.825428113,17673.849612958937
365.14300000001094,90.9,False,True,NORMAL,22280.106724679423,4956.812523127988,-42170.35828682484,25.380835749263326,1056.5569990080587,0.0,22593.911072340845,47841.65481653015,195.15731594420132,85.50223485364045,-1194.299304512235,12.23572716304713,6.191436106574073,0.0,199.37530047656188,213.0657413370622,13.713019371032715,199.3527219660295,36.97897051595678,26.840000000000003,10.138970515956778,0.0,False,0.0,0.0,False,False,False,22989317.735115103,17733.21500447453
365.2430000000022,91.0,False,True,NORMAL,22299.579637772393,4965.35099611546,-42289.86428728551,25.380835749263326,1056.5569990080587,0.0,22614.566163954405,47956.76411332293,194.30094591522837,85.26722489579342,-1195.8207047011322,12.18996383717794,6.168279272136057,0.0,198.5473570516775,212.18708072119355,13.661730766296387,198.52534995489717,37.65946429568501,26.840000000000003,10.81946429568501,0.0,False,0.0,0.0,False,False,False,23101604.107838966,17790.908752772317
365.3440000000119,91.1,False,True,NORMAL,22318.96793486625,4973.876965830235,-42409.52061170524,25.380835749263326,1056.5569990080587,0.0,22635.136877615278,48071.9966298783,193.4649959619105,85.25216939972232,-1197.3057836933572,12.065544263136223,6.105321359392389,0.0,197.91408396406513,211.41579186499052,13.522289276123047,197.89350258886748,36.821636184684486,26.840000000000003,9.981636184684483,0.0,False,0.0,0.0,False,False,False,23214353.687483665,17846.164415560976
365.4429999999993,91.2,False,True,NORMAL,22338.273719675897,4982.4070402286325,-42529.328632054676,25.380835749263326,1056.5569990080587,0.0,22655.628161579087,48187.356031318435,192.6507002310062,85.34931856823239,-1198.8546232953408,12.035880642091227,6.090311183704229,0.0,197.2402172649305,210.71022395593107,13.489044189453125,197.22117976647795,37.70892886360421,26.840000000000003,10.868928863604202,0.0,False,0.0,0.0,False,False,False,23327570.51327711,17904.381399946622
365.5420000000013,91.3,False,True,NORMAL,22357.500339513947,4990.935983451637,-42649.28547215949,25.380835749263326,1056.5569990080587,0.0,22676.042413165007,48302.84102213257,191.88169653004033,85.22954589186274,-1200.2821788009671,12.007952930023045,6.076179400397132,0.0,196.51925876009463,209.95871250362447,13.457744598388672,196.5009679052358,36.36946413976436,26.840000000000003,9.52946413976436,0.0,False,0.0,0.0,False,False,False,23441251.206602503,17954.809657316953
365.64300000001094,91.4,False,True,NORMAL,22376.647594022103,4999.453591830894,-42769.390673397895,25.380835749263326,1056.5569990080587,0.0,22696.37766783868,48418.45038634448,191.0633936331072,85.12262169326678,-1201.8218459670493,12.00996539312607,6.077197732740864,0.0,195.7250858055486,209.16759096603536,13.460000038146973,195.7075909278884,35.362255412687034,26.840000000000003,8.522255412687029,0.0,False,0.0,0.0,False,False,False,23555397.5491075,18013.28378752533
365.7430000000022,91.5,False,True,NORMAL,22395.710500195448,5007.966939063879,-42889.650146240405,25.380835749263326,1056.5569990080587,0.0,22716.630247692392,48534.18773892556,190.19472983375533,85.14432296644208,-1203.36761088319,11.972770139554703,6.058376453638593,0.0,194.98116281596867,208.3832790555638,13.418313980102539,194.96496507546127,36.07868078272743,26.840000000000003,9.238680782727428,0.0,False,0.0,0.0,False,False,False,23670022.371892393,18073.586864372443
365.84300000000803,91.6,False,True,NORMAL,22414.69228440251,5016.476943676249,-43010.06165422306,25.380835749263326,1056.5569990080587,0.0,22736.803493740634,48650.05279147233,189.44095430750022,85.0557692809493,-1204.8625487698048,11.882432245091133,6.0126643113097895,0.0,194.3575087312771,207.65923783186352,13.317069053649902,194.34216877821362,37.277459345585875,26.840000000000003,10.43745934558587,0.0,False,0.0,0.0,False,False,False,23785121.997126132,18127.373523982624
365.9429999999993,91.7,False,True,NORMAL,22433.59677664391,5024.977071293945,-43130.6216653933,25.380835749263326,1056.5569990080587,0.0,22756.900042050685,48766.04376784302,188.6488905204919,84.946783072975,-1206.337674635052,11.847224777485373,5.994848877600736,0.0,193.6291220934819,206.89214545037615,13.277610778808594,193.61453467156755,36.971900677828366,26.840000000000003,10.131900677828364,0.0,False,0.0,0.0,False,False,False,23900692.24352303,18181.974344488077
366.0430000000051,91.8,False,True,NORMAL,22452.41490925165,5033.469615997325,-43251.33141736847,25.380835749263326,1056.5569990080587,0.0,22776.91136430059,48882.15789705126,187.7137616342671,84.9041109946064,-1207.8573648682582,11.815422754842956,5.978756643062767,0.0,192.79376851977727,206.02224241734407,13.241969108581543,192.78027330876253,37.57132109898957,26.840000000000003,10.731321098989568,0.0,False,0.0,0.0,False,False,False,24016738.555241372,18243.613625606537
366.14400000000023,91.9,False,True,NORMAL,22471.14396697177,5041.954462120808,-43372.193642809354,25.380835749263326,1056.5569990080587,0.0,22796.834768930818,48998.39647244882,186.86739276812006,84.79281147506013,-1209.3871439494608,11.736395498673422,5.938767829914888,0.0,192.0646412117061,205.20536873532313,13.153400421142578,192.05196831418056,38.57218084149637,26.840000000000003,11.732180841496364,0.0,False,0.0,0.0,False,False,False,24133267.83857632,18303.167234787426
366.24400000000605,92.0,False,True,NORMAL,22489.782452275133,5050.437976952901,-43493.20671518399,25.380835749263326,1056.5569990080587,0.0,22816.669898443983,49114.758022658374,185.90231329916725,84.87748516681042,-1210.874303543281,11.653850474018519,5.896998980441855,0.0,191.3124250935166,204.3620747062034,13.06088924407959,191.3011854621238,35.8725020127471,26.840000000000003,9.032502012747097,0.0,False,0.0,0.0,False,False,False,24250281.368986532,18365.264350487658
366.34300000000803,92.1,False,True,NORMAL,22508.32748043972,5058.9307166605395,-43614.37131576224,25.380835749263326,1056.5569990080587,0.0,22836.415769637606,49231.24282884738,184.998249992583,84.97730898596222,-1212.4177080217062,11.597292176933701,5.86837975103023,0.0,190.59411023450346,203.58166799300454,12.997502326965332,190.5841656660392,32.40527052651023,26.840000000000003,5.5652705265102265,0.0,False,0.0,0.0,False,False,False,24367783.647988416,18428.37288909849
366.44400000000314,92.2,False,True,NORMAL,22526.781980438627,5067.433141529047,-43735.687963449425,25.380835749263326,1056.5569990080587,0.0,22856.075360937884,49347.85286657452,184.091749985588,85.07118838418963,-1213.915245721984,11.632871503472238,5.886383350166011,0.0,189.7690652229322,202.79763190396116,13.03737735748291,189.76025454647825,34.05062348921817,26.840000000000003,7.210623489218168,0.0,False,0.0,0.0,False,False,False,24485775.633601166,18488.769547923515
366.5430000000051,92.3,False,True,NORMAL,22545.147070351402,5075.943553699306,-43857.15408315441,25.380835749263326,1056.5569990080587,0.0,22875.649488859533,49464.586360452944,183.2100482698706,85.1370550209799,-1215.4071483776181,11.597299835355656,5.868383626290735,0.0,189.03559900168892,202.02534475825968,12.99751091003418,189.0278338482255,36.97343241953741,26.840000000000003,10.133432419537408,0.0,False,0.0,0.0,False,False,False,24604251.71651069,18547.588612457424
366.64300000001094,92.4,False,True,NORMAL,22563.423692645654,5084.455404931649,-43978.767809062825,25.380835749263326,1056.5569990080587,0.0,22895.13794209898,49581.441683266945,182.32239761517462,85.09996962588896,-1216.8673697905504,11.558352505027788,5.848675773701892,0.0,188.25813841538425,201.20502355178178,12.953861236572266,188.2511623152095,38.414395132274315,26.840000000000003,11.574395132274311,0.0,False,0.0,0.0,False,False,False,24723209.83508923,18605.578076515965
366.7430000000022,92.5,False,True,NORMAL,22581.612506163507,5092.959414187746,-44100.53962899988,25.380835749263326,1056.5569990080587,0.0,22914.539742850324,49698.427814123614,181.4538727418706,84.98021549603514,-1218.5690289505417,11.520953877806686,5.829751584903997,0.0,187.46197708070778,200.36752471090603,12.911947250366211,187.4555774605398,36.96800666862359,26.840000000000003,10.128006668623588,0.0,False,0.0,0.0,False,False,False,24842674.690246455,18677.104131921933
366.84300000000803,92.6,False,True,NORMAL,22599.71850025758,5101.456387019631,-44222.465897894974,25.380835749263326,1056.5569990080587,0.0,22933.859946602428,49815.5439811798,180.66600913957885,84.95924114166726,-1219.9563489512802,11.474729344748559,5.806361373666699,0.0,186.79097283910724,199.64538440392346,12.86014175415039,186.78524264977307,37.169705151107706,26.840000000000003,10.329705151107705,0.0,False,0.0,0.0,False,False,False,24962641.38468297,18728.280603013434
366.9429999999993,92.7,False,True,NORMAL,22617.744642609574,5109.946302900611,-44344.535290993445,25.380835749263326,1056.5569990080587,0.0,22953.101473013234,49932.781590900835,179.85683790035048,84.83907647793218,-1221.4315130181456,11.404043811961243,5.770593580377426,0.0,186.08645524031613,198.86214078386408,12.780921936035156,186.08121884782892,38.27864378525725,26.840000000000003,11.43864378525725,0.0,False,0.0,0.0,False,False,False,25083088.02139482,18784.830398973736
367.04400000000896,92.8,False,True,NORMAL,22635.68708901423,5118.425925374927,-44466.74692982711,25.380835749263326,1056.5569990080587,0.0,22972.259968087983,50050.13796746924,178.9920901928242,84.75337300839837,-1222.8012636550952,11.40312224851914,5.770127257363362,0.0,185.26849512533343,198.04368858384967,12.779889106750488,185.26379947709918,39.78457331905185,26.840000000000003,12.944573319051846,0.0,False,0.0,0.0,False,False,False,25204014.643376604,18837.748964512783
367.14400000000023,92.9,False,True,NORMAL,22653.54337819112,5126.8990972927395,-44589.101518578245,25.380835749263326,1056.5569990080587,0.0,22991.333689984956,50167.613049439715,178.13369334488837,84.71006534784718,-1224.290511367493,11.431753684471548,5.784615134052389,0.0,184.44176148040728,197.2496080501233,12.81197738647461,184.4376306636487,39.21390865699848,26.840000000000003,12.373908656998474,0.0,False,0.0,0.0,False,False,False,25325426.184470825,18897.664965587817
367.24400000000605,93.0,False,True,NORMAL,22671.31453396884,5135.369105424908,-44711.60088283903,25.380835749263326,1056.5569990080587,0.0,23010.324232040053,50285.20930422684,177.28942220955386,84.6900972955358,-1225.6967738482963,11.44324472114945,5.790429747147424,0.0,183.65759479738796,196.478883871333,12.82485580444336,183.65402806688965,38.33564234663906,26.840000000000003,11.49564234663906,0.0,False,0.0,0.0,False,False,False,25447328.034037948,18952.375564542486
367.34300000000803,93.1,False,True,NORMAL,22689.00109511607,5143.837374149799,-44834.23961295827,25.380835749263326,1056.5569990080587,0.0,23029.2323824699,50402.92239342831,176.44180073500925,84.67527720227723,-1227.0778285363397,11.356587974839657,5.746580313367874,0.0,182.98324148580326,195.70797535076386,12.727736473083496,182.98023887768036,38.93238356028615,26.840000000000003,12.092383560286144,0.0,False,0.0,0.0,False,False,False,25569711.37942636,19006.242304102467
367.4429999999993,93.2,False,True,NORMAL,22706.60286549016,5152.30605959762,-44957.026845839646,25.380835749263326,1056.5569990080587,0.0,23048.058337519975,50520.76064299973,175.59360674681585,84.6984317541573,-1228.6668290912255,11.258480185833292,5.696936503964814,0.0,182.33833956022616,194.95368442778673,12.617783546447754,182.33590088133897,37.78279401472436,26.840000000000003,10.942794014724358,0.0,False,0.0,0.0,False,False,False,25692596.96797286,19071.98956104759
367.5420000000013,93.3,False,True,NORMAL,22724.122636942582,5160.77389546004,-45079.964707981206,25.380835749263326,1056.5569990080587,0.0,23066.804626787016,50638.727213104336,174.80182230164786,84.65828549422503,-1230.090413739975,11.267224401836115,5.701361190292166,0.0,181.5977990114145,194.223331200962,12.627583503723145,181.59574769723886,37.164008766623056,26.840000000000003,10.324008766623054,0.0,False,0.0,0.0,False,False,False,25815990.109454624,19126.503949294238
367.64300000001094,93.4,False,True,NORMAL,22741.5628790029,5169.238103544202,-45203.04072386713,25.380835749263326,1056.5569990080587,0.0,23085.473191811503,50756.81198788433,174.00301890474964,84.6258761890197,-1231.4299039786445,11.277740266118217,5.7066823535496045,0.0,180.85285583495974,193.490541135028,12.639369010925293,180.8511721241027,38.16858441754407,26.840000000000003,11.328584417544064,0.0,False,0.0,0.0,False,False,False,25939867.25401916,19176.70431309449
367.7430000000022,93.5,False,True,NORMAL,22758.919696233523,5177.694080858259,-45326.25541332699,25.380835749263326,1056.5569990080587,0.0,23104.059382899548,50875.01341289949,173.13332570770544,84.49367009213057,-1232.8638852185384,11.341428554044574,5.738909450491094,0.0,179.9414635605221,192.65079484977014,12.710746765136719,179.94004808463342,38.960439817613484,26.840000000000003,12.120439817613477,0.0,False,0.0,0.0,False,False,False,26064231.79928354,19234.818151164112
367.8440000000119,93.6,False,True,NORMAL,22776.190975752423,5186.139567491802,-45449.60702357886,25.380835749263326,1056.5569990080587,0.0,23122.560719271456,50993.32890500623,172.2922646703004,84.41606257872036,-1234.1683198189203,11.35236137685542,5.744441600153786,0.0,179.13926543195007,191.8611375096981,12.722999572753906,179.1381379369442,39.18711174869711,26.840000000000003,12.347111748697111,0.0,False,0.0,0.0,False,False,False,26189081.92527489,19284.755914764653
367.9429999999993,93.7,False,True,NORMAL,22793.373829954806,5194.5837662835065,-45573.09256579206,25.380835749263326,1056.5569990080587,0.0,23140.976006013247,51111.75536528884,171.36481937737477,84.46791325536807,-1235.5425244450805,11.196543974663436,5.665595980509897,0.0,178.50401018847225,191.0516414217807,12.548369407653809,178.50327201412688,37.6773844388761,26.840000000000003,10.837384438876102,0.0,False,0.0,0.0,False,False,False,26314415.78544942,19342.673781721063
368.0430000000051,93.8,False,True,NORMAL,22810.466710349043,5203.0270811830205,-45696.71654718072,25.380835749263326,1056.5569990080587,0.0,23159.303799019053,51230.29626742986,170.49278850738182,84.39838473491974,-1236.9371033281916,11.042617351758945,5.587707119626165,0.0,177.86365561221092,190.23900304324127,12.375858306884766,177.8631447363565,38.24636823782442,26.840000000000003,11.406368237824417,0.0,False,0.0,0.0,False,False,False,26440244.48865808,19399.096404495293
368.14400000000023,93.9,False,True,NORMAL,22827.472194840764,5211.459492864549,-45820.48764904855,25.380835749263326,1056.5569990080587,0.0,23177.544845859113,51348.95980911805,169.61690132698592,84.24984889564175,-1238.4849340284554,10.929505012268173,5.530470813725419,0.0,177.13957839722883,189.3883054856,12.249089241027832,177.13921624457217,39.74250602257891,26.840000000000003,12.902506022578908,0.0,False,0.0,0.0,False,False,False,26566585.07498028,19464.531936912903
368.2430000000022,94.0,False,True,NORMAL,22844.391339438152,5219.885259406939,-45944.407760935595,25.380835749263326,1056.5569990080587,0.0,23195.700950204107,51467.74861089631,168.76599062073996,84.26548195216468,-1239.9173037125347,10.803307833396765,5.466613409960162,0.0,176.5261194183638,188.63358937058447,12.10765552520752,176.52593384537695,38.620146681588004,26.840000000000003,11.780146681587999,0.0,False,0.0,0.0,False,False,False,26693444.503349625,19523.16893236234
368.34300000000803,94.1,False,True,NORMAL,22861.22817515708,5228.303414833158,-46068.472436153825,25.380835749263326,1056.5569990080587,0.0,23213.775907135154,51586.660528351254,167.97072375782676,84.09762657220966,-1241.3762006521615,10.72533318477837,5.427157229839427,0.0,175.8270616344917,187.84721141078185,12.02026653289795,175.8269448778839,40.021616678678825,26.840000000000003,13.181616678678822,0.0,False,0.0,0.0,False,False,False,26820814.602402482,19580.867822542907
368.4429999999993,94.2,False,True,NORMAL,22877.98729786221,5236.705785464455,-46192.683103329815,25.380835749263326,1056.5569990080587,0.0,23231.77276897136,51705.69831530922,167.2117303448171,83.9497860537267,-1242.8371428676905,10.804271943627517,5.467101262199252,0.0,174.99378519137787,187.10245680742494,12.108736038208008,174.99372076921694,41.20627434564613,26.840000000000003,14.366274345646127,0.0,False,0.0,0.0,False,False,False,26948698.189923223,19637.66664878503
368.5430000000051,94.3,False,True,NORMAL,22894.664020180935,5245.095130040611,-46317.047383341946,25.380835749263326,1056.5569990080587,0.0,23249.687418217967,51824.86703654516,166.3227160296091,83.83710546940081,-1244.4484573748327,10.776396138641484,5.452995744546687,0.0,174.18015469329796,186.25763372531452,12.077494621276855,174.18013910403766,39.230116732062015,26.840000000000003,12.390116732062012,0.0,False,0.0,0.0,False,False,False,27077116.03400158,19708.682262442722
368.6420000000071,94.4,False,True,NORMAL,22911.251833947354,5253.47840191927,-46441.56685129418,25.380835749263326,1056.5569990080587,0.0,23267.51470631057,51944.16591121283,165.43355929876864,83.82833210376876,-1245.9409016697841,10.617140104991014,5.372410132936192,0.0,173.5610997437987,185.46010839412054,11.89901065826416,173.56109773585638,40.6061693444227,26.840000000000003,13.7661693444227,0.0,False,0.0,0.0,False,False,False,27206075.157557994,19772.498093945942
368.7430000000022,94.5,False,True,NORMAL,22927.749164362336,5261.8615205996,-46566.23325399126,25.380835749263326,1056.5569990080587,0.0,23285.254157487256,52063.58747381801,164.5130490008809,83.83404150283658,-1247.3871522718173,10.56239515203835,5.344708479095178,0.0,172.80445370128027,184.64205860601092,11.837656021118164,172.80440258489276,43.06479145503487,26.840000000000003,16.224791455034868,0.0,False,0.0,0.0,False,False,False,27335559.30497566,19834.970267310393
368.84300000000803,94.6,False,True,NORMAL,22944.145717810527,5270.236248029341,-46691.04332645291,25.380835749263326,1056.5569990080587,0.0,23302.894166451453,52183.123741738,163.4180199629331,83.66050709200354,-1248.8142969612302,10.66778439845384,5.398036800069196,0.0,171.6323067525453,183.58793450414103,11.955769538879395,171.63216496526164,42.17494027137445,26.840000000000003,15.334940271374446,0.0,False,0.0,0.0,False,False,False,27465569.22707636,19904.49732614748
368.94200000001,94.7,False,True,NORMAL,22960.456246342957,5278.591881504726,-46815.99430772497,25.380835749263326,1056.5569990080587,0.0,23320.447307859216,52302.77799180054,162.7925506857404,83.45216241570567,-1250.2053284799722,10.724331633373609,5.426650431882313,0.0,170.91730095603654,182.9362675103728,12.019144058227539,170.91712345214526,41.31699968601168,26.840000000000003,14.476999686011677,0.0,False,0.0,0.0,False,False,False,27596097.469984766,19953.025781711047
369.0430000000051,94.8,False,True,NORMAL,22976.688007851662,5286.93238037968,-46941.087720712305,25.380835749263326,1056.5569990080587,0.0,23337.921432199444,52422.555195060086,161.84267948835668,83.35781508337094,-1251.6629312667048,10.809740056904486,5.4698681981996,0.0,169.933754926124,182.0482854614248,12.114864349365234,169.93342111205956,47.40573840727145,26.840000000000003,20.565738407271443,0.0,False,0.0,0.0,False,False,False,27727142.085793372,20016.924717579655
369.14300000001094,94.9,False,True,NORMAL,22992.83245255564,5295.25148531746,-47066.30997247478,25.380835749263326,1056.5569990080587,0.0,23355.306992600454,52542.43902926177,161.04621459122464,83.02428367223345,-1252.7821039827822,10.860470294880377,5.495538354367157,0.0,169.01616532275688,181.18751312783743,12.171719551086426,169.015793576751,49.718478513140454,26.840000000000003,22.878478513140454,0.0,False,0.0,0.0,False,False,False,27858678.254559133,20056.79074058832
