timestamp,relative_t_s,is_blackout,gnss_available,pos_est_e,pos_est_n,pos_est_u,pos_ref_e,pos_ref_n,pos_ref_u,pos_err_2d,vel_est_e,vel_est_n,vel_est_u,vel_ref_e,vel_ref_n,vel_err_2d,speed_est,speed_ref,heading_est_deg,heading_ref_deg,heading_err_deg,ai_speed,ai_accepted,ai_innovation,ai_nis,nhc_active,zupt_active,pos_cov_trace,vel_cov_trace
1123.024000000005,0.0,False,True,0.0005631792677314494,0.0003454653051067052,2.0696062871350766e-09,0.0,0.0,0.0,0.0006606944563374212,0.02133539532360567,0.012860063969440182,1.5637626041290039e-07,0.021217561911478233,0.013242761892077067,0.0004004277875025429,0.024911449956046883,0.02501111105084419,32.29299217820419,31.970000000000002,0.3229921782041867,0.0,False,0.0,0.0,False,False,19.85347877961971,1.426659501002164
1123.1240000000107,0.1,False,True,0.001974741717384163,0.001494342452937106,0.0003215981421686367,0.0,0.0,0.0,0.0024764216557418973,0.01810568632130388,-0.007337150230011975,0.0064077814655728255,0.01545837467534109,0.009648213867273402,0.01719042909494121,0.01953585551398288,0.018222222104668617,32.35015084863111,31.970000000000002,0.38015084863110615,0.0,False,0.0,0.0,False,False,19.871897525324904,2.1042751672241686
1123.2230000000127,0.2,False,True,0.0041317379069379006,0.002109076728478627,0.001441311997613022,0.0,0.0,0.0,0.004638907498348905,0.04035381876845397,-0.0038708960659702193,0.015392855597008738,0.015618614004994463,0.009748225890200394,0.028236693105732447,0.0405390493913063,0.01841111108660698,32.46210169272817,31.970000000000002,0.492101692728163,0.0,False,0.0,0.0,False,False,19.925661259403586,2.7824120036070465
1123.3240000000078,0.3,False,True,0.008861201570059445,0.002247545066658942,0.0027163531351931383,0.0,0.0,0.0,0.009141791514352475,0.055478519846085504,0.005090777279036993,0.010058877199571674,0.01864430874602791,0.01163668768335013,0.037411335854055,0.055711598232479946,0.021977778524160385,32.42524997973336,31.970000000000002,0.45524997973335257,0.0,False,0.0,0.0,False,False,20.028349693526714,3.461008475853731
1123.4230000000098,0.4,False,True,0.01737927331047022,0.004695184099501987,0.0033049324209450536,0.0,0.0,0.0,0.018002330252726694,0.11553844820355208,0.04313232351634983,0.0016913302329899203,0.008136855160180539,0.005078549358599808,0.11394381034484953,0.12332692465639428,0.009591666981577873,32.46195472833291,31.970000000000002,0.4919547283329118,0.0,False,0.0,0.0,False,False,20.19355808385276,4.140180413581311
1123.524000000005,0.5,False,True,0.032140759491720496,0.010126623928639427,0.003816051147498474,0.0,0.0,0.0,0.0336983224047832,0.16957269392232394,0.08141821860305759,0.008846491218013001,0.013017082846037874,0.008124502210890948,0.17286303312751602,0.18810588732033198,0.015344444662332533,32.22459493196187,31.970000000000002,0.25459493196186533,0.0,False,0.0,0.0,False,False,20.4348987559276,4.820058123511243
1123.6230000000069,0.6,False,True,0.05220882772854189,0.016118762749144335,0.0026844937167198194,0.0,0.0,0.0,0.054640426474834254,0.1821345221485017,0.11660836285109549,-0.03049281954785726,0.024264463567512103,0.015144459801939356,0.1876642720880393,0.2162648710379839,0.028602777048945427,32.37182946290932,31.970000000000002,0.4018294629093146,0.0,False,0.0,0.0,False,False,20.76599955216102,5.500376727061817
1123.7230000000127,0.7,False,True,0.06809181107069863,0.03087467559373532,-0.0016362595882361184,0.0,0.0,0.0,0.07476456599155853,0.18965039116957289,0.09343296168997911,-0.05567841468730294,0.025704261561643345,0.01604309754780852,0.18129402771565215,0.21141662470329317,0.030300000682473183,32.38276603165701,31.970000000000002,0.41276603165701053,0.0,False,0.0,0.0,False,False,21.20050498471339,6.181410712065663
1123.823000000004,0.8,False,True,0.08783408741215913,0.04359254018397208,-0.008344984152502679,0.0,0.0,0.0,0.09805680226898097,0.23984467745175975,0.10441535880479288,-0.07866574285795787,0.009543661635178047,0.005956595726714603,0.25046493948857307,0.2615875311559638,0.011250000447034836,32.079139280034674,31.970000000000002,0.10913928003467052,0.0,False,0.0,0.0,False,False,21.75208258487283,6.863309088574218
1123.923999999999,0.9,False,True,0.11246476004256249,0.057639167649727055,-0.015763627542808658,0.0,0.0,0.0,0.12637482304155565,0.29067504901095864,0.11770180013142068,-0.07049721674731596,0.021274116318361486,0.013278059847017753,0.288931099175263,0.3136011764513968,0.025077776983380318,32.30942411476245,31.970000000000002,0.3394241147624447,0.0,False,0.0,0.0,False,False,22.434426832713704,7.546230422419869
1124.024000000005,1.0,False,True,-0.023710662751732087,0.00402076375562542,0.015430414898319256,0.0,0.0,0.0,0.024049159430319524,1.0958983219011564e-05,4.3943157810449884e-06,-2.549964666850868e-06,0.02725952434229019,0.017013801664032817,0.032121709986648206,1.1807172581872347e-05,0.03213333338499069,32.537422018729046,31.970000000000002,0.5674220187290459,0.0,False,0.0,0.0,False,True,20.78777639739166,0.00029998906449872387
1124.1240000000107,1.1,False,True,-0.028164334967000496,0.005175363829218454,0.013954121611750827,0.0,0.0,0.0,0.02863588928072934,-3.8782330638600926e-05,1.0051919527118147e-05,-1.3185673945495524e-05,0.01831440303546623,0.011430779823152423,0.021616485351028975,4.006382727525446e-05,0.02158888801932335,32.643886617809336,31.970000000000002,0.673886617809331,0.0,False,0.0,0.0,False,True,20.787925933785175,0.000299867010624715
1124.224000000002,1.2,False,True,-0.035525978989258196,0.005537783491035082,0.014673767643464465,0.0,0.0,0.0,0.03595500283880945,-5.204030471592236e-06,8.27848475218329e-06,3.5752304869286072e-06,0.014996509208761579,0.009359944440955538,0.01767781254195769,9.778304706920916e-06,0.017677778378129005,32.70738693461898,31.970000000000002,0.7373869346189758,0.0,False,0.0,0.0,False,True,20.788024516724136,0.00029986703521974937
1124.323000000004,1.3,False,True,-0.032598589610866424,0.004367290406399986,0.013371468828440598,0.0,0.0,0.0,0.032889835361575186,2.5754865601725074e-05,4.275581240630044e-06,-1.1329620407687924e-05,0.017183303836896244,0.010724813820768415,0.020231446484311178,2.6107349484544558e-05,0.0202555563300848,32.47874266082668,31.970000000000002,0.5087426608266835,0.0,False,0.0,0.0,False,True,20.78816220182995,0.0002998669989582734
1124.423999999999,1.4,False,True,-0.030605348627835864,0.003101517716711144,0.011596236720299398,0.0,0.0,0.0,0.030762099680913327,6.9142168840161805e-06,-1.10773487166059e-05,-1.5021177144254605e-05,0.015873111206163013,0.009907068166769971,0.018711114808289013,1.3058102837261806e-05,0.018711110576987267,32.36708258639559,31.970000000000002,0.39708258639558613,0.0,False,0.0,0.0,False,True,20.78831397654468,0.00029986698998938277
1124.523000000001,1.5,False,True,-0.02942626760920359,0.0030238015203184814,0.009346356896884324,0.0,0.0,0.0,0.02958122041165213,9.604588154070448e-06,-5.428731778671109e-07,-1.986682153661684e-05,0.008992249452516912,0.005612436474589523,0.010592140761797274,9.619918133568388e-06,0.01059999968856573,32.654829484717524,31.970000000000002,0.6848294847175195,0.0,False,0.0,0.0,False,True,20.788472421144007,0.00029986698695774197
1124.6240000000107,1.6,False,True,-0.030852112712100886,0.0012491141408095408,0.007608687950167902,0.0,0.0,0.0,0.030877388894415075,-0.02631381136796987,-0.03636846881660322,-0.034665013503413424,0.010198757160480026,0.006365468060601661,0.05620815796278758,0.04488966688196005,0.012022222392261028,32.96790371510463,31.970000000000002,0.9979037151046284,0.0,False,0.0,0.0,False,False,20.788636343215668,0.6763618815569556
1124.7230000000127,1.7,False,True,-0.033168512348358034,-0.002266425383275974,0.00290296874338585,0.0,0.0,0.0,0.033245855311920265,-0.017874665141943757,-0.0342938803404387,-0.0594105681131514,0.01883282448905827,0.0117543481906353,0.058888701342958295,0.03867265031958563,0.022199999541044235,32.77787710950426,31.970000000000002,0.8078771095042551,0.0,False,0.0,0.0,False,False,20.795567037869905,1.3541046898288056
1124.823000000004,1.8,False,True,-0.03419812446892694,-0.005306555926773353,-0.004013890360134153,0.0,0.0,0.0,0.03460738726047075,-0.010785626154607464,-0.011653584495849939,-0.078681080536643,0.01955861420806127,0.01220734370786646,0.03860203126689479,0.015878783427859536,0.023055555298924446,32.53947746811632,31.970000000000002,0.5694774681163174,0.0,False,0.0,0.0,False,False,20.822837678111835,2.0333265068097175
1124.9230000000098,1.9,False,True,-0.03414309628111226,-0.005430853787429215,-0.013886789909301912,0.0,0.0,0.0,0.03457231835618977,0.01858439280835286,0.000898045716508979,-0.11876759862259059,0.016035708088694756,0.010008551636395057,0.009460291323024781,0.01860607809733415,0.01890277862548828,32.6153983484392,31.970000000000002,0.6453983484391994,0.0,False,0.0,0.0,False,False,20.884062739259864,2.7138626722636
1125.023000000001,2.0,False,True,-0.030412858019519377,-0.004232338946701376,-0.02548519923527397,0.0,0.0,0.0,0.030705937957913116,0.055319874890257956,0.026752737438919632,-0.11321426194515406,0.007547740302952115,0.004710858300884992,0.05261198797767853,0.061449145790235075,0.008897222578525543,32.95325597846663,31.970000000000002,0.983255978466629,0.0,False,0.0,0.0,False,False,20.992897828851444,3.3960057436327657
1125.1240000000107,2.1,False,True,-0.026380458090439127,-0.0010291906526304238,-0.03876671614376995,0.0,0.0,0.0,0.026400526556507865,0.04664584138571792,0.0070855273312220145,-0.15239976361884308,0.020029906725895722,0.012501496948528045,0.02716138259940953,0.04718092004341426,0.023611111566424373,33.21129790428031,31.970000000000002,1.241297904280308,0.0,False,0.0,0.0,False,False,21.163040748487628,4.07922356004755
1125.224000000002,2.2,False,True,-0.026294822168114722,0.0005680140049214803,-0.05488451647885637,0.0,0.0,0.0,0.02630095649900521,0.008487542888942646,-0.05204439873763122,-0.17039831626234297,0.020039332197021382,0.012507379776647436,0.06557725173850097,0.05273194311091894,0.02362222224473953,33.397099681820904,31.970000000000002,1.4270996818208999,0.0,False,0.0,0.0,False,False,21.408226398936364,4.763972252550864
1125.3240000000078,2.3,False,True,-0.02848579798422882,-0.002647225746497858,-0.07241356437380154,0.0,0.0,0.0,0.028608538776931897,0.0026727238589031622,-0.0877451709628943,-0.18183169224982884,0.0099631109015628,0.006218391440270869,0.09424595907902521,0.08778586720044121,0.011744444258511066,33.62121286346077,31.970000000000002,1.651212863460765,0.0,False,0.0,0.0,False,False,21.742233939107827,5.450304760269044
1125.423999999999,2.4,False,True,-0.03245767243602354,-0.01297610744016773,-0.09459757606655443,0.0,0.0,0.0,0.03495539821348025,-0.06246749964272255,-0.1431293505384105,-0.2627596464059777,0.021217561911478233,0.013242761892077067,0.17735677904524377,0.15616721646094847,0.02501111105084419,33.535235682132615,31.970000000000002,1.5652356821326132,0.0,False,0.0,0.0,False,False,22.178878113367645,6.137599077340484
1125.524000000005,2.5,False,True,-0.04089034432624482,-0.030213185696559258,-0.1232725007519534,0.0,0.0,0.0,0.05084148747876713,-0.1231834247707713,-0.17211304842437453,-0.3095537823087875,0.013592058706513168,0.008483368533314509,0.22654491541060987,0.21165315394812184,0.016022222116589546,33.28009065316912,31.970000000000002,1.310090653169117,0.0,False,0.0,0.0,False,False,22.732013724730447,6.826554415002704
1125.6240000000107,2.6,False,True,3.4173351144165425,1.5250958628330267,-0.0840363834263451,7.416815455331449,3.3382611871432943,0.0,4.391288135689341,0.4358492168151278,0.08730097538023412,-0.35024936391798234,0.006816681204358622,0.005687511810960891,0.43672608583456407,0.4445064680077226,0.008877777494490147,33.30541295563349,39.84,6.534587044366507,0.0,False,0.0,0.0,False,False,12.54017297257829,7.236323413081141
1125.7250000000058,2.7,False,True,3.457995581007171,1.529881558072445,-0.11878414595121241,7.416815455331449,3.3382611871432943,0.0,4.352297287661231,0.37736011499744315,0.008412929408133929,-0.3447058865793638,0.014183645935638967,0.01183415380051123,0.36319258315189007,0.37745388297394655,0.018472222611308098,33.7874130942629,39.84,6.0525869057370985,0.0,False,0.0,0.0,False,False,13.015792006635635,7.92958110975445
1125.8240000000078,2.8,False,True,3.49284852907465,1.5352916850054168,-0.1545389571666037,7.416815455331449,3.3382611871432943,0.0,4.318357959224378,0.39309723487207093,0.009610913056467989,-0.3718207667324783,0.018905839981545637,0.01577412599586203,0.3742421478185659,0.3932147068890571,0.02462222240865231,34.32153211044189,39.84,5.518467889558113,0.0,False,0.0,0.0,False,False,13.643794696361727,8.623243841217656
1125.923999999999,2.9,False,True,3.528119797612258,1.5424924343318327,-0.1919198769487877,7.416815455331449,3.3382611871432943,0.0,4.283309390172291,0.42243980543454424,0.00394106359840754,-0.3793163180378965,0.008685083409384018,0.007246416986387406,0.41376792451703776,0.4224581886978429,0.01131111104041338,34.501713424739656,39.84,5.3382865752603506,0.0,False,0.0,0.0,False,False,14.438242575048001,9.318815713207988
1126.024000000005,3.0,False,True,3.5710435477215277,1.538798543906627,-0.23177532555669367,7.416815455331449,3.3382611871432943,0.0,4.24594245954487,0.395428878260664,0.0014468542055758905,-0.41426846033669373,0.009376136475654624,0.007822998516106253,0.3861053931972355,0.39543152523487457,0.01221111137419939,34.408127623424754,39.84,5.431872376575248,0.0,False,0.0,0.0,False,False,15.413226494209663,10.015407516797978
1126.1240000000107,3.1,False,True,3.6094310854413463,1.5392955843600604,-0.2739725113851002,7.416815455331449,3.3382611871432943,0.0,4.210991923535439,0.3962088377982491,-0.004304375792641452,-0.43009965554084223,0.01350539036025587,0.01126824988331251,0.38302015005919493,0.39623221827661054,0.017588889226317406,34.25464972581035,39.84,5.585350274189652,0.0,False,0.0,0.0,False,False,16.58288865489906,10.714056732702067
1126.224000000002,3.2,False,True,3.651549128866745,1.535002654489903,-0.31635115550355,7.416815455331449,3.3382611871432943,0.0,4.1748020126463805,0.39363872996344285,0.02166081270103435,-0.4145001083595171,0.029902965034055533,0.024949599624109677,0.3637506327254867,0.3942342457652577,0.03894444555044174,34.268955109124626,39.84,5.571044890875379,0.0,False,0.0,0.0,False,False,17.961425733474805,11.414578767188486
1126.3240000000078,3.3,False,True,3.6920047949761923,1.538019462732452,-0.35659457739607486,7.416815455331449,3.3382611871432943,0.0,4.137038158127852,0.42573285122306714,0.04042198986810898,-0.39032379705235287,0.04119016034911925,0.03436709396519754,0.3845903572230741,0.42764751592335914,0.05364444479346275,34.1744358374891,39.84,5.665564162510901,0.0,False,0.0,0.0,False,False,19.563098316487867,12.117301321842588
1126.423999999999,3.4,False,True,3.732445328626844,1.545506155129568,-0.39795608386554426,7.416815455331449,3.3382611871432943,0.0,4.097383779360172,0.4468505793348453,0.03095586147097368,-0.43719238660305076,0.025594549852546306,0.021354864664861643,0.4213654251535863,0.44792153957060044,0.03333333507180214,34.37800527292418,39.84,5.461994727075825,0.0,False,0.0,0.0,False,False,21.402197501401673,12.821093809199688
1126.524000000005,3.5,False,True,3.775922079181832,1.5499558628387438,-0.44328039690161886,7.416815455331449,3.3382611871432943,0.0,4.056370361471713,0.45430914138200806,0.02412471128765232,-0.469736073785014,0.0346208913427239,0.028886011024225784,0.4197152572830992,0.45494922534055376,0.045088887214660645,34.31410025365258,39.84,5.525899746347421,0.0,False,0.0,0.0,False,False,23.4930572280985,13.526969012666004
1126.6240000000107,3.6,False,True,3.820412759910706,1.5578764807565906,-0.4898229565959211,7.416815455331449,3.3382611871432943,0.0,4.012964247332046,0.5181743997788902,0.032956466674211496,-0.4627995558343518,0.03385305619154195,0.028245366205978163,0.4843442560017369,0.5192213759870269,0.04408888891339302,34.52387642743461,39.84,5.316123572565394,0.0,False,0.0,0.0,False,False,25.850115580245113,14.235581691484967
1126.724000000002,3.7,False,True,3.8694144876718433,1.5588333950083066,-0.5370633994473495,7.416815455331449,3.3382611871432943,0.0,3.968679489801955,0.46554472281762693,-0.0006714152300554364,-0.48189116544898214,0.024229506087717206,0.02021593762658679,0.44180923714508846,0.4655452069796791,0.03155555576086044,34.360943783031054,39.84,5.479056216968946,0.0,False,0.0,0.0,False,False,28.487864235969067,14.945692814468785
1126.8240000000078,3.8,False,True,3.9120041014236917,1.55551059550059,-0.5856801986343061,7.416815455331449,3.3382611871432943,0.0,3.9321625473119926,0.38920777173657617,-0.04853052869185347,-0.49022492087425856,0.03828944342151255,0.03194687490383547,0.36002817339333626,0.3922217507931726,0.04986666515469551,34.45244341042945,39.84,5.387556589570548,0.0,False,0.0,0.0,False,False,31.420862646632536,15.658279942444985
1126.923999999999,3.9,False,True,3.947331652342681,1.549044693689715,-0.635598520988413,7.416815455331449,3.3382611871432943,0.0,3.9036666762990566,0.3381525725702481,-0.08776793440844155,-0.5083023817436356,0.06391811800948308,0.0533302116110228,0.30840431721746436,0.3493570847230687,0.0832444429397583,34.540865360596385,39.84,5.299134639403618,0.0,False,0.0,0.0,False,False,34.66372037939324,16.372895713346413
1127.023000000001,4.0,False,True,3.9734695903154025,1.5424901271768938,-0.6841927297945564,7.416815455331449,3.3382611871432943,0.0,3.8834809702039164,0.18460618688418362,-0.043323395847983746,-0.4635817943792324,0.08181084093498552,0.06825904133302545,0.15171527093891762,0.18962162551702594,0.10654722154140472,34.366335969726,39.84,5.473664030274001,0.0,False,0.0,0.0,False,False,38.23118309232677,17.092143736587943
1127.1240000000107,4.1,False,True,3.981387733654965,1.5468293462840625,-0.7321139040435364,7.416815455331449,3.3382611871432943,0.0,3.874453725534423,0.13628707090221676,-0.09524525712707879,-0.49219705246517387,0.13263947702660878,0.11066801711456788,0.20594557885518439,0.16627033620074633,0.17274443805217743,34.96660163677875,39.84,4.8733983632212565,0.0,False,0.0,0.0,False,False,42.137947456328924,17.811977312556223
1127.224000000002,4.2,False,True,3.9918499681293627,1.538734637880174,-0.7801100113094068,7.416815455331449,3.3382611871432943,0.0,3.8689384060783722,0.10419380361067988,-0.12466758793482294,-0.46809486049779003,0.16058872801707835,0.13398753145743683,0.26473167223932154,0.1624757095456048,0.2091444432735443,34.91286118999963,39.84,4.927138810000371,0.0,False,0.0,0.0,False,False,46.39888477218491,18.534882570879976
1127.3240000000078,4.3,False,True,4.00163971456867,1.5281706036211686,-0.8311140006179343,7.416815455331449,3.3382611871432943,0.0,3.8652106360262004,0.08889132764395957,-0.14585661211656353,-0.5536522213645778,0.17474251266391086,0.1457967704309691,0.30402651450284285,0.17080930720668425,0.22757777571678162,34.47191956219832,39.84,5.368080437801679,0.0,False,0.0,0.0,False,False,51.0288087669945,19.25722562141511
1127.423999999999,4.4,False,True,4.008245280639333,1.5118953741792742,-0.8869946191078192,7.416815455331449,3.3382611871432943,0.0,3.8670353914289906,0.03697911727891812,-0.1839737705197811,-0.5643068629090229,0.22402055281449096,0.1869120033390628,0.4153802545356259,0.1876534128493086,0.2917555570602417,34.99601447076025,39.84,4.843985529239749,0.0,False,0.0,0.0,False,False,56.04263398544285,19.98401572535078
1127.524000000005,4.5,False,True,4.007393322602459,1.4976602290937941,-0.9450198907537759,7.416815455331449,3.3382611871432943,0.0,3.8745285088530492,-0.05401827801640041,-0.10072913118982155,-0.5961985700101118,0.3271495192873186,0.2729578660224102,0.5337891546171236,0.11429930984093215,0.42606666684150696,34.96049850399765,39.84,4.879501496002357,0.0,False,0.0,0.0,False,False,61.45547073682687,20.712928812328784
1127.625,4.6,False,True,3.9988584506276297,1.483755567791158,-1.0047749267327497,7.416815455331449,3.3382611871432943,0.0,3.8886528744814126,-0.124399109792126,-0.14806402814992223,-0.598526951250095,0.42364310401193533,0.3534674844643438,0.7428890403394105,0.1933858706034502,0.5517361164093018,34.879030658884076,39.84,4.960969341115926,0.0,False,0.0,0.0,False,False,67.28227400127264,21.44544199008657
1127.7230000000127,4.7,False,True,3.9819179285296866,1.4751674107003514,-1.0663347898180378,7.416815455331449,3.3382611871432943,0.0,3.907638601438123,-0.17851941638935592,-0.19611358574636356,-0.632518432421045,0.4323302948311118,0.36071565977237274,0.8265568210129863,0.26519751232297134,0.5630499720573425,34.240785523997346,39.84,5.599214476002658,0.0,False,0.0,0.0,False,False,73.53840495687575,22.17974860550499
1127.823000000004,4.8,False,True,3.9652721858374256,1.4410423646474377,-1.13295606585069,7.416815455331449,3.3382611871432943,0.0,3.9386025696459974,-0.1690275350287762,-0.1489594622207836,-0.6969423373023252,0.5815913040522585,0.48525188604013597,0.9826762823261247,0.2252980891685707,0.7574416399002075,33.69531100124264,39.84,6.144688998757368,0.0,False,0.0,0.0,False,False,80.23883018565274,22.91264621357074
1127.9230000000098,4.9,False,True,3.952861787533152,1.4161912661487188,-1.1976786332752463,7.416815455331449,3.3382611871432943,0.0,3.9614805052966457,-0.14255067255541007,-0.09744694067576959,-0.5984616948745666,0.4874588420943184,0.4067122751752056,0.8069005536475089,0.17267484035917535,0.6348472237586975,33.691486613964,39.84,6.148513386035999,0.0,False,0.0,0.0,False,False,87.39898774428673,23.65330796147766
1128.024000000005,5.0,False,True,3.9295274878026216,1.4036246566829633,-1.2529098222026385,7.416815455331449,3.3382611871432943,0.0,3.987981428425028,-0.2368968099503621,-0.19349420288333508,-0.500660264668794,0.5720381630316246,0.4772812034223411,1.050864137849376,0.30587596360962266,0.7450000047683716,34.546053178525774,39.84,5.29394682147423,0.0,False,0.0,0.0,False,False,95.03475347142219,24.40020776384168
1128.1240000000107,5.1,False,True,3.8981680224654243,1.3757644648759857,-1.301798999001596,7.416815455331449,3.3382611871432943,0.0,4.028929528016666,-0.390292496793577,-0.3637096332562151,-0.47712327131035687,0.5895448101994005,0.4918879100515708,1.300818321015494,0.5334912655111935,0.7677999734878541,34.31581398036883,39.84,5.5241860196311725,0.0,False,0.0,0.0,False,False,103.16209172832498,25.152145704425664
1128.2230000000127,5.2,False,True,3.8556900822886204,1.3384244254287545,-1.357418370424509,7.416815455331449,3.3382611871432943,0.0,4.084233220083584,-0.4592663067424965,-0.38309115568840846,-0.6352641571479041,0.7011519742249306,0.5850075740864942,1.5112199500387686,0.5980671986286936,0.9131527543067932,33.11915217382303,39.84,6.72084782617697,0.0,False,0.0,0.0,False,False,111.795980280545,25.898123268041246
1128.3240000000078,5.3,False,True,3.815913677232822,1.3370497618093415,-1.4214119297138597,7.416815455331449,3.3382611871432943,0.0,4.119628719241699,-0.4935854350042423,-0.37067504092076703,-0.6583780857370475,0.9135120620387599,0.7621906447639921,1.8064628498772624,0.6172734949841435,1.1897221803665161,32.69471044302371,39.84,7.145289556976292,0.0,False,0.0,0.0,False,False,120.95136573416269,26.648179353084707
1128.423999999999,5.4,False,True,3.759710673978714,1.3041278037513617,-1.4889722533769318,7.416815455331449,3.3382611871432943,0.0,4.184747782510022,-0.6304746300779236,-0.28776412023882975,-0.6928283875243931,0.9440805023197931,0.7876954850123323,1.9067871479236942,0.6930414475835642,1.229533314704895,32.38691487000965,39.84,7.453085129990356,0.0,False,0.0,0.0,False,False,130.64493698427827,27.40426933175891
1128.524000000005,5.5,False,True,3.699570977832254,1.2634012497284417,-1.5548581561844093,7.416815455331449,3.3382611871432943,0.0,4.257105855553445,-0.6158623396213974,-0.2881574940409494,-0.6219183824975641,0.8375986962093317,0.6988521737660234,1.75691122912416,0.6799420289523962,1.090855598449707,32.43196946252181,39.84,7.408030537478189,0.0,False,0.0,0.0,False,False,140.8917139622523,28.161844031740692
1128.6230000000069,5.6,False,True,3.6323810906857847,1.258846804217911,-1.6175189703623873,7.416815455331449,3.3382611871432943,0.0,4.318090739693642,-0.6741030166911415,-0.3214108128953267,-0.6365611698532307,0.9951203513589206,0.8302806867457044,2.027979280660875,0.7468063924191679,1.2960056066513062,32.29312056134174,39.84,7.546879438658267,0.0,False,0.0,0.0,False,False,151.70873040164156,28.922234225817554
1128.7230000000127,5.7,False,True,3.568444946529439,1.2441691620998685,-1.6817489781251975,7.416815455331449,3.3382611871432943,0.0,4.381230076401776,-0.6806635121905624,-0.3503174414151911,-0.6572399141035725,1.1148964450080612,0.9302161138072874,2.205402853436497,0.7655227799270756,1.4519972801208496,32.41300627026936,39.84,7.426993729730641,0.0,False,0.0,0.0,False,False,163.11138393726503,29.684365742276782
1128.823000000004,5.8,False,True,3.512339900352718,1.1947158051242577,-1.7498539018843322,7.416815455331449,3.3382611871432943,0.0,4.454179628641127,-0.7356679201627264,-0.3886227896629586,-0.7064616085741251,1.2779869823791679,1.0662910349816894,2.484266552460328,0.8320065873549151,1.6643999814987183,33.15993921455812,39.84,6.680060785441884,0.0,False,0.0,0.0,False,False,175.11571391662707,30.449052983405448
1128.9230000000098,5.9,False,True,3.461174589106721,1.1427227079370965,-1.8191789330788306,7.416815455331449,3.3382611871432943,0.0,4.524100338876469,-0.7419636689495197,-0.36698658415194535,-0.6847939241320989,1.5909593531605637,1.3274201683472717,2.8833217076847646,0.8277615834215462,2.07200288772583,33.58264111142896,39.84,6.2573588885710425,0.0,False,0.0,0.0,False,False,187.7382706334597,31.217231101825128
1129.023000000001,6.0,False,True,3.3805771903040163,1.1114121043473466,-1.88865742128428,7.416815455331449,3.3382611871432943,0.0,4.609780490394397,-0.8699843071045749,-0.2592254876430531,-0.7047758399768872,1.697643722327505,1.4164324884912618,3.0660305527681575,0.9077833155836287,2.210944414138794,33.53434491303261,39.84,6.305655086967392,0.0,False,0.0,0.0,False,False,200.9952835348328,31.99072333948388
1129.1240000000107,6.1,False,True,3.3297433978784055,1.0651967893412329,-1.957313382658611,7.416815455331449,3.3382611871432943,0.0,4.676641931917462,-0.8650054734243454,-0.26571744957629184,-0.6902204739930273,1.8813102909481454,1.5696750631389695,3.30316756362315,0.9048979125091433,2.4501445293426514,34.22734332160793,39.84,5.612656678392066,0.0,False,0.0,0.0,False,False,214.90234595587157,32.76594616097225
1129.224000000002,6.2,False,True,3.2378924488051304,1.052785467709745,-2.0274832928557514,7.416815455331449,3.3382611871432943,0.0,4.763065899039741,-0.863858779596872,-0.2606447848330496,-0.7183931728277733,1.9095409723215921,1.593229389493602,3.3359549814373577,0.9023234979469745,2.4869110584259033,34.25292222184678,39.84,5.58707777815322,0.0,False,0.0,0.0,False,False,229.4754035740729,33.54131319221227
1129.3240000000078,6.3,False,True,3.133591036655658,1.0488434627454124,-2.100068627469354,7.416815455331449,3.3382611871432943,0.0,4.856690739333496,-0.8218315712278772,-0.23625879590408635,-0.7257426326304687,1.9654395887190792,1.639868513643019,3.359871158348265,0.8551171557797973,2.559711217880249,34.045048608804194,39.84,5.794951391195808,0.0,False,0.0,0.0,False,False,244.73237105717578,34.318604286634184
1129.4230000000098,6.4,False,True,3.0432993611563917,1.0469374766342723,-2.173380812487504,7.416815455331449,3.3382611871432943,0.0,4.937388719996541,-0.7797182510789858,-0.21858461077398206,-0.7377677580271399,2.0675851907289498,1.7250939041889908,3.4474661795672463,0.8097776133809119,2.692741632461548,33.46059702685509,39.84,6.379402973144914,0.0,False,0.0,0.0,False,False,260.68966617447177,35.09913568390349
1129.524000000005,6.5,False,True,2.979794844026967,1.0140952090702569,-2.244128968031612,7.416815455331449,3.3382611871432943,0.0,5.008882050794667,-0.7472309291724255,-0.19154542279884285,-0.679650309495194,2.085409641300294,1.7399657707336063,3.428496476916545,0.7713907638201756,2.7159554958343506,34.02784948501733,39.84,5.812150514982677,0.0,False,0.0,0.0,False,False,277.36370707275347,35.88755927135382
1129.625,6.6,False,True,2.894078126287926,1.0073665586457157,-2.3127813320326047,7.416815455331449,3.3382611871432943,0.0,5.088047043481674,-0.7363625084021697,-0.19677051158217815,-0.6896904670636188,2.100619170318313,1.7526558721679852,3.4421981742858625,0.7621996969355521,2.7357637882232666,34.220535851943694,39.84,5.619464148056308,0.0,False,0.0,0.0,False,False,294.7715151161041,36.6765502433928
1129.7230000000127,6.7,False,True,2.8374613406481686,0.9718320860007331,-2.3803275859317012,7.416815455331449,3.3382611871432943,0.0,5.154655255048691,-0.763504947159058,-0.1998851574231319,-0.6646290363547513,2.2397064889293983,1.8687036590073667,3.646688720101267,0.7892362640517896,2.916905641555786,34.68649845199432,39.84,5.153501548005684,0.0,False,0.0,0.0,False,False,312.93020885946993,37.472636023757225
1129.823000000004,6.8,False,True,2.772933090047119,0.9398980554295594,-2.4456030366629693,7.416815455331449,3.3382611871432943,0.0,5.226642242794363,-0.7695261411949134,-0.1822788080320433,-0.6427022575476118,2.2595122679781747,1.8852286509922012,3.66737791580943,0.7908198567562124,2.942699909210205,34.58915624800615,39.84,5.250843751993853,0.0,False,0.0,0.0,False,False,331.8569090254338,38.271180946036274
1129.923999999999,6.9,False,True,2.7185824193605326,0.8998281476745765,-2.5084312167368608,7.416815455331449,3.3382611871432943,0.0,5.293330647924909,-0.7645401762598352,-0.14802993198677708,-0.6199567666008523,2.2743401033922535,1.897600285592721,3.6632494238220668,0.7787390717560213,2.9620110988616943,35.06359519154227,39.84,4.776404808457733,0.0,False,0.0,0.0,False,False,351.5683747646268,39.07312847647618
1130.024000000005,7.0,False,True,2.633567800897252,0.9077455440140826,-2.5734673502336327,7.416815455331449,3.3382611871432943,0.0,5.365339170560055,-0.7326290062079127,-0.11705329943008985,-0.682096713711152,2.1037865864983494,1.755298612292412,3.3986696067546966,0.7419209766846224,2.739888906478882,34.19151611641642,39.84,5.6484838835835784,0.0,False,0.0,0.0,False,False,372.0806343656868,39.87146725717429
1130.1230000000069,7.1,False,True,2.5614408887734688,0.9280254877746935,-2.6403657862859893,7.416815455331449,3.3382611871432943,0.0,5.420691681703447,-0.6694665034167954,-0.0853233391304753,-0.66342862444074,2.1542419042773417,1.797396109181414,3.3938122653933562,0.6748818203192942,2.805599927902222,33.228304004806375,39.84,6.611695995193625,0.0,False,0.0,0.0,False,False,393.41241883500254,40.67668481886719
1130.224000000002,7.2,False,True,2.5040814462344683,0.9161256643249513,-2.708705408461311,7.416815455331449,3.3382611871432943,0.0,5.477380389842994,-0.6062372562636947,-0.047436922001641055,-0.7037760374993776,2.12169414925012,1.7702398236536088,3.2780418705203322,0.6080903489212129,2.7632110118865967,33.829618371023265,39.84,6.010381628976736,0.0,False,0.0,0.0,False,False,415.58028597985253,41.482478912898465
1130.3240000000078,7.3,False,True,2.4725652766288295,0.9013875152894336,-2.779714306311591,7.416815455331449,3.3382611871432943,0.0,5.512165012241143,-0.548983339071795,0.009325728698655562,-0.72670811002001,2.305650695169869,1.9237243414499172,3.437129255345919,0.5490625426981687,3.0027887821197514,34.93599515460411,39.84,4.904004845395893,0.0,False,0.0,0.0,False,False,438.60111292582326,42.29354040047333
1130.4230000000098,7.4,False,True,2.433259858402263,0.9133768707704292,-2.8544512567386597,7.416815455331449,3.3382611871432943,0.0,5.542191834958017,-0.46707936598222466,0.08754012718843711,-0.7761903541893377,2.4284747541229925,2.026202844554827,3.484630079960387,0.47521196112316527,3.162750005722046,35.07895028745039,39.84,4.761049712549611,0.0,False,0.0,0.0,False,False,462.4915384249838,43.10586104894667
1130.523000000001,7.5,False,True,2.3847184819221385,0.945462233497524,-2.9317302986162175,7.416815455331449,3.3382611871432943,0.0,5.572027169923297,-0.3777204222038337,0.158781137284234,-0.7693292447218366,2.611908828318211,2.1792514370063714,3.6083491083369785,0.4097367043689363,3.4016473293304443,34.70941433517594,39.84,5.130585664824058,0.0,False,0.0,0.0,False,False,487.27002951846794,43.92570820093937
1130.6230000000069,7.6,False,True,2.3548247597846417,0.9648804604904827,-3.0082246007892435,7.416815455331449,3.3382611871432943,0.0,5.590767914647278,-0.22015402054610048,0.22958340257493925,-0.7605567987386844,2.6418927373391097,2.2042685724103412,3.477167405272446,0.31808227159101377,3.4406971931457524,34.4139283042624,39.84,5.4260716957376,0.0,False,0.0,0.0,False,False,512.955907753147,44.749446233517055
1130.724000000002,7.7,False,True,2.3247664193211026,1.0344232258507917,-3.0853817038334355,7.416815455331449,3.3382611871432943,0.0,5.588974211519167,-0.10908572321644283,0.3004339175694583,-0.7863033547158242,2.5851944865713534,2.156962271699631,3.2719785113205524,0.31962514581269486,3.366855621337891,33.4727881335514,39.84,6.367211866448609,0.0,False,0.0,0.0,False,False,539.5644105258397,45.5743675467964
1130.8240000000078,7.8,False,True,2.324901971963085,1.061002706129936,-3.165985086171908,7.416815455331449,3.3382611871432943,0.0,5.577946675207268,0.02138919432179549,0.39133851498119965,-0.8236985727094271,2.6027267630458684,2.171590362193004,3.1356977346688484,0.39192260835709153,3.3896889686584473,33.92082002276797,39.84,5.919179977232034,0.0,False,0.0,0.0,False,False,567.1139112613038,46.404043694364134
1130.923999999999,7.9,False,True,2.3506286907736142,1.1012998048244802,-3.2471605645668853,7.416815455331449,3.3382611871432943,0.0,5.538072278272167,0.11152838688199473,0.4741615406405128,-0.8053627016391176,2.669528452663249,2.227326487633059,3.1011210340617597,0.48710137312789886,3.476688861846924,34.95634407165503,39.84,4.883655928344971,0.0,False,0.0,0.0,False,False,595.6236201051645,47.24319725757019
1131.024000000005,8.0,False,True,2.373861717119597,1.1574154994065406,-3.32965101435558,7.416815455331449,3.3382611871432943,0.0,5.494312542936093,0.18802606548747042,0.5382876169723423,-0.8445310747035938,2.84254769193196,2.371685441405909,3.226117271256461,0.5701818656257507,3.7020223140716553,35.03188589165321,39.84,4.808114108346795,0.0,False,0.0,0.0,False,False,625.1115436152608,48.081960151001745
1131.1240000000107,8.1,False,True,2.3906660962360347,1.230783445646833,-3.4156170827719183,7.416815455331449,3.3382611871432943,0.0,5.450104568798499,0.28197869092273925,0.6042051169283551,-0.8680234063235743,3.0201908242694118,2.519902349754113,3.3418111219910682,0.6667651801473357,3.933377742767334,34.8398439279686,39.84,5.000156072031403,0.0,False,0.0,0.0,False,False,655.5959840352944,48.92600504234243
1131.2230000000127,8.2,False,True,2.4263712412791363,1.3141315994939793,-3.505820910632276,7.416815455331449,3.3382611871432943,0.0,5.385316521910814,0.4446114099283907,0.6904391155326184,-0.933141568719623,3.1704393398325514,2.6452625039444393,3.354321449015803,0.821209764978459,4.129055500030518,33.9855317746499,39.84,5.854468225350105,0.0,False,0.0,0.0,False,False,687.0951985069869,49.771919118274255
1131.3240000000078,8.3,False,True,2.4866255549714706,1.36379282311778,-3.6000824336779282,7.416815455331449,3.3382611871432943,0.0,5.310866009809429,0.596080322811859,0.7908287768891475,-0.9431776946242632,3.2991801073129414,2.752677624828882,3.3399999022653075,0.9903140439272157,4.296722412109375,34.014709628732795,39.84,5.825290371267206,0.0,False,0.0,0.0,False,False,719.6263609534315,50.628600030590434
1131.4230000000098,8.4,False,True,2.5531595210366858,1.4512327850494386,-3.6937877717067873,7.416815455331449,3.3382611871432943,0.0,5.216898047452101,0.7345989984924441,0.9579704617440231,-0.9309290659529137,3.373911870568445,2.815030223318868,3.227172662682691,1.2072046612568057,4.394050121307373,34.096332900423114,39.84,5.74366709957689,0.0,False,0.0,0.0,False,False,753.2113977038998,51.49617085483145
1131.524000000005,8.5,False,True,2.6414188434841077,1.5459864093032183,-3.7884722777740287,7.416815455331449,3.3382611871432943,0.0,5.100653064042365,0.8746870357036794,1.071769700272635,-0.9630237272994937,3.5108042221237774,2.9292466349362014,3.2247998981869515,1.3833899308765347,4.572333335876465,34.751488970454425,39.84,5.088511029545576,0.0,False,0.0,0.0,False,False,787.8671660557104,52.36370157134054
1131.625,8.6,False,True,2.7357852316738316,1.659478186358405,-3.8879770375733873,7.416815455331449,3.3382611871432943,0.0,4.972962529370234,1.0126407280907936,1.1980658408310947,-1.0270714686876845,3.5262356277115687,2.942121859537313,3.059393847771967,1.568694681304992,4.592430591583252,34.95294281964791,39.84,4.887057180352093,0.0,False,0.0,0.0,False,False,823.613515725231,53.23637251678126
1131.7230000000127,8.7,False,True,2.8453101827627205,1.786243417621831,-3.9923667991762017,7.416815455331449,3.3382611871432943,0.0,4.827775845462801,1.1778582936869875,1.3372387844374247,-1.0607237633686062,3.608219386375462,3.010525175128735,2.950685070644895,1.7820094631092458,4.699203014373779,34.894920188485166,39.84,4.9450798115148356,0.0,False,0.0,0.0,False,False,860.4691322800879,54.121902656677236
1131.8240000000078,8.8,False,True,2.963042724024926,1.9329110553981819,-4.098514043154944,7.416815455331449,3.3382611871432943,0.0,4.670235597368249,1.3264996694663984,1.445223275825171,-1.0564457629670936,3.6736367272959614,3.0651062664212394,2.851854356635219,1.9617012234489999,4.78439998626709,34.62931730578103,39.84,5.210682694218977,0.0,False,0.0,0.0,False,False,898.453244771109,55.01005618230248
1131.9230000000098,8.9,False,True,3.105196724269092,2.0810482649789295,-4.205687652531668,7.416815455331449,3.3382611871432943,0.0,4.491173612064538,1.5165803354169232,1.5175209157897882,-1.087026424567365,3.7439705015149842,3.123789393824113,2.746154652519966,2.1454336726249044,4.875999927520752,34.46045646119724,39.84,5.379543538802765,0.0,False,0.0,0.0,False,False,937.5879422419093,55.90625701823137
1132.024000000005,9.0,False,True,3.2625100124739204,2.2312707689342903,-4.31581013650357,7.416815455331449,3.3382611871432943,0.0,4.299265227752556,1.608616770960974,1.5712364121431674,-1.1169277829391022,3.8498806825519187,3.2121557685290667,2.7777473347232027,2.2486511020301583,5.013933181762695,34.41296975130726,39.84,5.42703024869274,0.0,False,0.0,0.0,False,False,977.8910666340098,56.7968617249544
1132.1240000000107,9.1,False,True,3.437037016928669,2.38578191692858,-4.428547314800167,7.416815455331449,3.3382611871432943,0.0,4.092169739754746,1.7441302054611956,1.6717423283826622,-1.140701579666789,3.81337429803232,3.1816965924423317,2.561587982910693,2.415928928198923,4.966388702392578,34.71808500161938,39.84,5.121914998380622,0.0,False,0.0,0.0,False,False,1019.3840543732608,57.70113895335469
1132.2230000000127,9.2,False,True,3.624910988056349,2.540724515633755,-4.5446232432788864,7.416815455331449,3.3382611871432943,0.0,3.8748682856767367,1.8835246978635336,1.7651072987523142,-1.1832014420475532,3.81318903475789,3.181542017652948,2.3937192329070367,2.5813308706112448,4.966147422790527,34.81010411450136,39.84,5.029895885498646,0.0,False,0.0,0.0,False,False,1062.0866636785718,58.60995220045679
1132.3240000000078,9.3,False,True,3.8208356295268944,2.725784518590858,-4.6620489911812575,7.416815455331449,3.3382611871432943,0.0,3.6477662448564936,2.034968131547369,1.9360927603897478,-1.1653135159998569,3.7509834121047905,3.1296406300214623,2.0902786800350257,2.8088343620169174,4.885133266448975,34.76478734488091,39.84,5.075212655119096,0.0,False,0.0,0.0,False,False,1106.0207124736585,59.54162385100044
1132.423999999999,9.4,False,True,4.035947543280952,2.927317202510105,-4.778920810415626,7.416815455331449,3.3382611871432943,0.0,3.405751429161983,2.267270143533788,2.094560917995199,-1.1721228686875165,3.6440919947526904,3.0404555588035658,1.67043559633523,3.0866971576351014,4.745922088623047,34.96598804189694,39.84,4.874011958103057,0.0,False,0.0,0.0,False,False,1151.207332946847,60.48856715048546
1132.523000000001,9.5,False,True,4.261336698490666,3.1510278926197866,-4.89960057418434,7.416815455331449,3.3382611871432943,0.0,3.161028707786688,2.406828663607817,2.2073308919149204,-1.235202617208191,3.660579327778145,3.0542117986074104,1.5129765358484024,3.265751656566388,4.767394542694092,34.87597447204125,39.84,4.9640255279587535,0.0,False,0.0,0.0,False,False,1197.6646574017718,61.414918644427395
1132.6230000000069,9.6,False,True,4.507376852104408,3.379122248786759,-5.025728383853026,7.416815455331449,3.3382611871432943,0.0,2.9097255218158193,2.5224241032500023,2.3006301538168894,-1.2818793848828935,3.6862591608651147,3.0756378195121665,1.3982663992317108,3.4140185209380607,4.800838947296143,35.011550579034946,39.84,4.828449420965055,0.0,False,0.0,0.0,False,False,1245.415582873249,62.34509908653058
1132.7230000000127,9.7,False,True,4.767268093504379,3.618876565445441,-5.155177505323811,7.416815455331449,3.3382611871432943,0.0,2.664366005845376,2.680002296833695,2.4227893794485293,-1.2996523250755645,3.670716816992437,3.062670033327689,1.1793907374836328,3.6127995638012456,4.78059720993042,35.12776561658717,39.84,4.712234383412836,0.0,False,0.0,0.0,False,False,1294.4814775612663,63.294552831040775
1132.823000000004,9.8,False,True,5.0449835807497,3.867179899169825,-5.286164551152682,7.416815455331449,3.3382611871432943,0.0,2.43009083065094,2.874307448072719,2.543277295039145,-1.3200885915018372,3.719749708247393,3.103580725756698,1.0142546769737475,3.837955537197889,4.844455718994141,35.243278292738175,39.84,4.5967217072618265,0.0,False,0.0,0.0,False,False,1344.8851088521756,64.25941378457478
1132.9230000000098,9.9,False,True,5.3412963327536955,4.128728824822474,-5.41857940245879,7.416815455331449,3.3382611871432943,0.0,2.220949957654163,3.051947592007192,2.6877012180138524,-1.3282084346203304,3.810277545512294,3.179112810686188,0.9036313804842171,4.066708981679368,4.962355613708496,35.2807142825111,39.84,4.559285717488901,0.0,False,0.0,0.0,False,False,1396.6485362829612,65.23799913122697
1133.024000000005,10.0,False,True,5.65564621986494,4.405105096825076,-5.552396769438785,7.416815455331449,3.3382611871432943,0.0,2.059095190509364,3.2350501502177007,2.8398242220381937,-1.3481389049795582,3.7776957401204045,3.1519281151674483,0.6259976648097744,4.3046661991957516,4.919922351837158,35.258849196845475,39.84,4.581150803154527,0.0,False,0.0,0.0,False,False,1449.7945541841516,66.22885467817876
1133.1240000000107,10.1,False,True,5.993485285693039,4.6885461090102,-5.689101030723898,7.416815455331449,3.3382611871432943,0.0,1.961922052993956,3.399510146948446,2.9409900054353297,-1.3885473194789242,3.8247980123119767,3.191227991658866,0.49344586144244773,4.4951186248280415,4.981266498565674,35.3570718050962,39.84,4.482928194903807,0.0,False,0.0,0.0,False,False,1504.3428583982723,67.20524252628728
1133.2230000000127,10.2,False,True,6.343172934394431,4.991060097569042,-5.828334553093268,7.416815455331449,3.3382611871432943,0.0,1.9709014437735166,3.5942428270794062,3.109289765741501,-1.396123127908463,3.771996514567469,3.1471729547493665,0.18174572739134648,4.752500851904879,4.912499904632568,35.50326571257872,39.84,4.336734287421284,0.0,False,0.0,0.0,False,False,1560.3204500884824,68.21895717609976
1133.3240000000078,10.3,False,True,6.711983830536715,5.3097126548160425,-5.968101946447786,7.416815455331449,3.3382611871432943,0.0,2.093659119508192,3.781975095766273,3.263761379198506,-1.3992247391818975,3.7808950098673884,3.1545974323801684,0.1091692899606195,4.995545412199157,4.924088954925537,35.854266374409825,39.84,3.9857336255901807,0.0,False,0.0,0.0,False,False,1617.7505317419202,69.24249463293322
1133.4230000000098,10.4,False,True,7.0928006146650056,5.64499442630757,-6.110558225866761,7.416815455331449,3.3382611871432943,0.0,2.3293784264557384,3.8943830074527757,3.3831776474726722,-1.4441472387238732,3.7989113141063244,3.1696293724220905,0.23391816946855093,5.158692664144246,4.947552680969238,36.11437044005182,39.84,3.7256295599481817,0.0,False,0.0,0.0,False,False,1676.649372387268,70.23131011508104
1133.523000000001,10.5,False,True,7.49178408728836,5.990084216931641,-6.256003982911461,7.416815455331449,3.3382611871432943,0.0,2.6528825222940684,4.08528644501431,3.518618165008738,-1.4647679021701334,3.962155718851106,3.3058326731523002,0.2458431232922003,5.391682402455389,5.160155773162842,36.3204407095927,39.84,3.5195592904073036,0.0,False,0.0,0.0,False,False,1737.0499246001318,71.26365820492524
1133.6230000000069,10.6,False,True,7.8984928645421935,6.349106181059078,-6.405063811299052,7.416815455331449,3.3382611871432943,0.0,3.049131139182392,4.21127650802955,3.6319151373427423,-1.5151604127094398,4.026918414050891,3.3598675594578116,0.3286301742818233,5.5610841921284475,5.244500160217285,36.368965586675515,39.84,3.471034413324485,0.0,False,0.0,0.0,False,False,1798.9672755489137,72.27288458201888
1133.724000000002,10.7,False,True,8.322702855630506,6.718638733629846,-6.55706399912176,7.416815455331449,3.3382611871432943,0.0,3.499654888529871,4.362953299834762,3.7383055484250316,-1.526550242374411,4.006741193120869,3.3430326541847757,0.532097477808924,5.745458194950549,5.218222141265869,36.253103934088834,39.84,3.5868960659111657,0.0,False,0.0,0.0,False,False,1862.4304809842142,73.30174388299156
1133.8240000000078,10.8,False,True,8.780898803188071,7.087258512475337,-6.710588069912855,7.416815455331449,3.3382611871432943,0.0,3.9894491255368254,4.482340361004455,3.8365023923523953,-1.549114520317583,4.074174462082899,3.3992957391340934,0.5981212742084924,5.900010654093364,5.306044578552246,36.51891917283249,39.84,3.3210808271675103,0.0,False,0.0,0.0,False,False,1927.4620646670955,74.32719703328712
1133.923999999999,10.9,False,True,9.25371645744541,7.461911409190226,-6.867819211145902,7.416815455331449,3.3382611871432943,0.0,4.514276957094567,4.622250443246015,3.9416025882274583,-1.5973469660398616,4.0620594887871855,3.3891875865532173,0.7867504302714085,6.074654732872427,5.290266513824462,36.68869971411692,39.84,3.1513002858830776,0.0,False,0.0,0.0,False,False,1994.0849537197503,75.361589868191
1134.023000000001,11.0,False,True,9.732086067993961,7.853795672408487,-7.028669820280391,7.416815455331449,3.3382611871432943,0.0,5.07449797492105,4.781507740578156,4.051964560569412,-1.6180942493322226,4.061628916433964,3.388828337635598,0.9787620607778733,6.2674742180019605,5.289705753326416,36.66650679609457,39.84,3.1734932039054318,0.0,False,0.0,0.0,False,False,2062.3214933136364,76.41263908522423
1134.1240000000107,11.1,False,True,10.206984211114031,8.267832911335947,-7.193316255543,7.416815455331449,3.3382611871432943,0.0,5.664425749332853,4.93348972004179,4.16348273316476,-1.6686632323381132,4.039382678184166,3.370267143558593,1.1952482478103241,6.455533230269915,5.260733127593994,36.45273641992079,39.84,3.38726358007921,0.0,False,0.0,0.0,False,False,2132.2001688228975,77.46569078413356
1134.224000000002,11.2,False,True,10.709119836784602,8.689810404107346,-7.360827809791175,7.416815455331449,3.3382611871432943,0.0,6.283179701530443,5.109222793369614,4.276067122263201,-1.6815678526253839,3.9796623660188817,3.3204393797815297,1.4795712694011685,6.6625001002917745,5.182955741882324,36.466659490972496,39.84,3.373340509027505,0.0,False,0.0,0.0,False,False,2203.748020441796,78.54532815348524
1134.3240000000078,11.3,False,True,11.223202714097587,9.126130796922242,-7.530872778249293,7.416815455331449,3.3382611871432943,0.0,6.9273384920545,5.239422269370593,4.385505576024826,-1.716875580837244,3.974065657692904,3.315769754820024,1.6569435964706687,6.8325840554010995,5.175666809082031,36.44027919632282,39.84,3.3997208036771855,0.0,False,0.0,0.0,False,False,2276.986543681992,79.61081934354792
1134.4230000000098,11.4,False,True,11.75307370783016,9.57111388442354,-7.703479417665913,7.416815455331449,3.3382611871432943,0.0,7.592864306594502,5.36121674415976,4.4912954201537385,-1.734053995615262,3.9746650173376525,3.31626983175722,1.817473747964452,6.993881578133342,5.17644739151001,36.55194744077425,39.84,3.288052559225753,0.0,False,0.0,0.0,False,False,2351.9398773911703,80.68337182234872
1134.523000000001,11.5,False,True,12.296255523335804,10.022668408345737,-7.878580380285625,7.416815455331449,3.3382611871432943,0.0,8.275882749055215,5.490301610619496,4.581380836160044,-1.7687007183514305,3.9830022308199786,3.3232260027632683,1.9633912002307836,7.1506966193165775,5.187305450439453,36.58300695035139,39.84,3.256993049648611,0.0,False,0.0,0.0,False,False,2428.6359975614864,81.7606930332633
1134.6230000000069,11.6,False,True,31.985135115073806,27.97040086097359,-0.09289426600149309,32.18473409795791,28.152727998797562,0.0,0.27033856394426836,8.675061610006026,7.486267640132025,-0.6312259804539373,3.5562093309530476,3.4534352111023945,6.516623823376557,11.458660354382106,4.957099914550781,36.50290803392481,44.16,7.657091966075183,0.0,False,0.0,0.0,False,False,26.711574006550723,20.69126528598197
1134.7230000000127,11.7,False,True,32.8586012884654,28.725394174663347,-0.1585221636582652,32.18473409795791,28.152727998797562,0.0,0.8843322562381201,8.794261857825946,7.6135986336631145,-0.6813319726815052,3.320933120999614,3.2249584617963696,7.015517801238302,11.63210753812606,4.629141807556152,36.6751461415184,44.16,7.484853858481602,0.0,False,0.0,0.0,False,False,27.764873250067467,21.565805821606613
1134.8240000000078,11.8,False,True,33.745249487322084,29.494015352234385,-0.22912110181956605,32.18473409795791,28.152727998797562,0.0,2.057731771862403,8.9387021193078,7.758824917757657,-0.7306467905445112,3.3618265836670203,3.264670107185274,7.162329802614477,11.836374431477523,4.6861443519592285,36.736922007553055,44.16,7.423077992446938,0.0,False,0.0,0.0,False,False,29.24636619943181,22.46174010409396
1134.923999999999,11.9,False,True,34.646672900469554,30.277185239930898,-0.3041750620376016,32.18473409795791,28.152727998797562,0.0,3.2518396695895606,9.089766143641507,7.904572836172592,-0.7704324138161993,3.371726767726793,3.274284176843893,7.357686278526633,12.046000177172878,4.699944496154785,36.52417505061149,44.16,7.635824949388502,0.0,False,0.0,0.0,False,False,31.176270385546044,23.373911232267496
1135.024000000005,12.0,False,True,35.56294080711262,31.075121430446828,-0.3833834025338714,32.18473409795791,28.152727998797562,0.0,4.466840487315913,9.235591989219843,8.054150974146049,-0.8137343961091964,3.435144594425011,3.335869234232099,7.477123280847224,12.254203658568741,4.788344383239746,36.29945086467844,44.16,7.860549135321555,0.0,False,0.0,0.0,False,False,33.57521604833371,24.298059992221013
1135.1240000000107,12.1,False,True,36.49486435777781,31.888574487425306,-0.46689037993537474,32.18473409795791,28.152727998797562,0.0,5.703838343011432,9.402879024083951,8.214910165423506,-0.856405151920871,3.3438915866016177,3.2472534298717144,7.835109585056346,12.485947419700933,4.661144256591797,36.15930502864726,44.16,8.000694971352736,0.0,False,0.0,0.0,False,False,36.46442566907177,25.246839038557393
1135.224000000002,12.2,False,True,37.44366322103569,32.71731886279043,-0.5546435314241688,32.18473409795791,28.152727998797562,0.0,6.963607202966204,9.573098241073854,8.359977341879006,-0.8986578778550085,3.524651959759997,3.422789845010094,7.807657958515994,12.709580287719248,4.913111209869385,36.2365963768673,44.16,7.9234036231327005,0.0,False,0.0,0.0,False,False,39.865714190569044,26.209446273807437
1135.323000000004,12.3,False,True,38.40895163877523,33.56118039966481,-0.6469923365221916,32.18473409795791,28.152727998797562,0.0,8.245740801642066,9.732670113716917,8.517253395608703,-0.9483182241054486,3.5161088134724197,3.4144935948579107,8.042623451576969,12.933231342067861,4.90120267868042,36.38584175525606,44.16,7.774158244743934,0.0,False,0.0,0.0,False,False,43.8011449647643,27.187530930480747
1135.423999999999,12.4,False,True,39.3890409513277,34.42072989814114,-0.7438832592164465,32.18473409795791,28.152727998797562,0.0,9.549339508452176,9.869116137332611,8.673736573917843,-0.9895002297796494,3.3883464609771985,3.2904235625007243,8.424988698915904,13.138993853635787,4.723111152648926,36.46600791003169,44.16,7.693992089968301,0.0,False,0.0,0.0,False,False,48.293014760239224,28.175422601835535
1135.523000000001,12.5,False,True,40.38320449918418,35.295966997414276,-0.8448239689132131,32.18473409795791,28.152727998797562,0.0,10.873857655457055,10.01415481979704,8.831005411544758,-1.0293139641556832,3.478306058209044,3.3777833357157014,8.512047347299045,13.351777160123557,4.848508358001709,36.36182025398022,44.16,7.798179746019773,0.0,False,0.0,0.0,False,False,53.36419429468463,29.186225731871744
1135.6240000000107,12.6,False,True,41.39230704393341,36.185881384774156,-0.9495431161757969,32.18473409795791,28.152727998797562,0.0,12.219286103454946,10.167896075187471,8.96728233565282,-1.0650689810959912,3.4348894015391886,3.3356214163970095,8.777755041972037,13.557221805485218,4.787988662719727,36.24395109072283,44.16,7.916048909277163,0.0,False,0.0,0.0,False,False,59.03825943984111,30.213445760868687
1135.7230000000127,12.7,False,True,42.43825987412559,37.0410941240341,-1.0538536894850776,32.18473409795791,28.152727998797562,0.0,13.569739983462748,10.376989114236167,8.98073979251352,-1.0916379330608716,3.3497723116688767,3.2529642025299266,9.065825345741883,13.723541463405562,4.669341564178467,36.569255973563585,44.16,7.590744026436409,0.0,False,0.0,0.0,False,False,65.30848861663145,31.09047590873109
1135.8329999999987,12.8,False,True,43.48396048744726,37.94613114051747,-1.1657085571127754,32.18473409795791,28.152727998797562,0.0,14.952700829521804,10.537023152197204,9.120000537153906,-1.145459419493085,3.316387540481102,3.220544248133271,9.324224533077691,13.93568321639192,4.622805595397949,36.603057541887445,44.16,7.55694245811255,0.0,False,0.0,0.0,False,False,72.24360366520541,32.10515393684219
1135.9230000000098,12.9,False,True,44.53259463424325,38.889010632207224,-1.2839378684848461,32.18473409795791,28.152727998797562,0.0,16.36268390601025,10.646766754938648,9.301855237165151,-1.1856447532418914,3.2909496673235465,3.1958415271507814,9.559887470746387,14.137827032017459,4.587347030639648,36.587705756630825,44.16,7.572294243369167,0.0,False,0.0,0.0,False,False,79.8337822734714,33.0785584836252
1136.024000000005,13.0,False,True,45.604581347963,39.826862417530855,-1.404047110056818,32.18473409795791,28.152727998797562,0.0,17.78700971608557,10.792967519456328,9.455180469307484,-1.2165400781975417,3.267608412392809,3.173174832322802,9.802786568796199,14.348818264345429,4.554811000823975,36.73158746641243,44.16,7.428412533587564,0.0,False,0.0,0.0,False,False,88.12588657488341,34.10596323159762
1136.1230000000069,13.1,False,True,46.692545278111574,40.780223452000655,-1.5275855077594984,32.18473409795791,28.152727998797562,0.0,19.233570304539313,10.966311083515084,9.612040220088547,-1.2542278758560705,3.1421236392994736,3.0513165575340166,10.210827789098401,14.582568222814034,4.379894256591797,36.70538969235068,44.16,7.454610307649315,0.0,False,0.0,0.0,False,False,97.13534566260051,35.16221106373474
1136.2230000000127,13.2,False,True,47.79766359253701,41.748728605631904,-1.6545240587990662,32.18473409795791,28.152727998797562,0.0,20.703014270963973,11.136055204993616,9.758062852536305,-1.284543144935283,3.155722409795591,3.064522324823989,10.415814721769987,14.806468726969113,4.398849964141846,36.685352340089395,44.16,7.474647659910597,0.0,False,0.0,0.0,False,False,106.8876136350563,36.228797667489495
1136.323000000004,13.3,False,True,48.91998669507996,42.732474391141785,-1.7847261208333858,32.18473409795791,28.152727998797562,0.0,22.195442873584543,11.310406845865392,9.916852857661276,-1.3194980957511078,3.122939360171036,3.0326867022931814,10.697026104671231,15.042249619638126,4.353152751922607,36.62012610536328,44.16,7.539873894636709,0.0,False,0.0,0.0,False,False,117.40833970412012,37.32091081636088
1136.423999999999,13.4,False,True,50.08215623944691,43.67609779144918,-1.9131683718059997,32.18473409795791,28.152727998797562,0.0,23.691617273416973,11.513492272366058,9.944211479499282,-1.3328193827203927,3.0119123245125583,2.9248683376682423,11.024882754592685,15.213410079756551,4.198389053344727,37.064022672513104,44.16,7.095977327486887,0.0,False,0.0,0.0,False,False,128.71156914553845,38.36257576354674
1136.523000000001,13.5,False,True,51.24266896369331,44.678117150997814,-2.0483993002682745,32.18473409795791,28.152727998797562,0.0,25.224856153767675,11.69676221256199,10.096175711473421,-1.3717991865251071,2.9660805716310312,2.8803611181944118,11.32664037390908,15.451440394156265,4.13450288772583,37.135923333071815,44.16,7.024076666928183,0.0,False,0.0,0.0,False,False,140.84035018013668,39.4722420024864
1136.6230000000069,13.6,False,True,52.42061984996315,45.69441589645569,-2.1869091789519612,32.18473409795791,28.152727998797562,0.0,26.780625206799307,11.862255512834857,10.229799197683953,-1.3983983871486272,2.9116321249144046,2.827486226538178,11.614985852560544,15.664031967431509,4.058605670928955,37.17190939948603,44.16,6.988090600513961,0.0,False,0.0,0.0,False,False,153.81414410352681,40.57833401904118
1136.7230000000127,13.7,False,True,53.615238677687636,46.72341303104966,-2.3279804033815115,32.18473409795791,28.152727998797562,0.0,28.357307155456933,12.030121041654787,10.350143494195446,-1.4230261014423784,2.8567093820366614,2.7741507458358954,11.897358849762172,15.869760005346697,3.9820473194122314,37.34145792655329,44.16,6.818542073446705,0.0,False,0.0,0.0,False,False,167.6579293898675,41.69598133683018
1136.823000000004,13.8,False,True,54.82700638233475,47.764626663111315,-2.4715863642134424,32.18473409795791,28.152727998797562,0.0,29.954950566127984,12.205233051287426,10.474129147037583,-1.449093115196238,2.8005749860736855,2.7196386287101717,12.189327976653166,16.083379471524673,3.903800010681153,37.49974727494263,44.16,6.660252725057365,0.0,False,0.0,0.0,False,False,182.3988745722947,42.83749592902169
1136.923999999999,13.9,False,True,56.01629377262283,48.850887696805025,-2.6158812950844554,32.18473409795791,28.152727998797562,0.0,31.565123972690742,12.309168480197494,10.635644972285265,-1.4675425233873396,2.73872731399467,2.659578348618295,12.458369993740106,16.267531240184674,3.8175888061523438,37.49369759026496,44.16,6.666302409735034,0.0,False,0.0,0.0,False,False,198.0074440517074,43.904971324160556
1137.024000000005,14.0,False,True,57.25532818339283,49.922054448766964,-2.7644438922550947,32.18473409795791,28.152727998797562,0.0,33.202985737460146,12.47151973520241,10.787690066953566,-1.5037094200254488,2.6500731002109466,2.573486233390854,12.803669732670453,16.48978658097769,3.6940112113952637,37.43748629395003,44.16,6.722513706049962,0.0,False,0.0,0.0,False,False,214.6113386469058,45.062601488693616
1137.1240000000107,14.1,False,True,58.55293371183963,50.95115452126976,-2.915335773059831,32.18473409795791,28.152727998797562,0.0,34.85757023629266,12.676854588838346,10.844080184994693,-1.5314420556534147,2.557178100628909,2.4832758906813672,13.126724674260027,16.682227588818776,3.5645222663879395,37.55440858762902,44.16,6.605591412370973,0.0,False,0.0,0.0,False,False,232.1814336938107,46.19215237202605
1137.224000000002,14.2,False,True,59.82982233915843,52.04171329087954,-3.070127614588942,32.18473409795791,28.152727998797562,0.0,36.53675576934921,12.860917957537751,10.96709520720113,-1.5643947749288054,2.546233712435124,2.472647794291366,13.362198469071537,16.90208235674915,3.5492665767669678,37.45104442650814,44.16,6.708955573491856,0.0,False,0.0,0.0,False,False,250.76469361315833,47.37019074540414
1137.3240000000078,14.3,False,True,61.12494009913101,53.144480261974856,-3.2284565199742836,32.18473409795791,28.152727998797562,0.0,38.23771965709204,13.041437241913785,11.088244214705105,-1.6021833327780322,2.454725853807524,2.3837845042913806,13.705695052250164,17.11806779691321,3.421711206436157,37.47082549262543,44.16,6.689174507374564,0.0,False,0.0,0.0,False,False,270.38229284558633,48.55699237957265
1137.4230000000098,14.4,False,True,62.43719058308597,54.25933485250956,-3.390568963243824,32.18473409795791,28.152727998797562,0.0,39.95955511262418,13.203572437185473,11.208847595989102,-1.6400655326127715,2.392449724503988,2.3233081493490353,13.994041073487463,17.31971678562079,3.334902763366699,37.49028785672809,44.16,6.669712143271907,0.0,False,0.0,0.0,False,False,291.061268013814,49.74541816162922
1137.524000000005,14.5,False,True,63.76719581691977,55.38760300543824,-3.5567151272636175,32.18473409795791,28.152727998797562,0.0,41.70360062221285,13.396532239490437,11.356515462584452,-1.6828577477831002,2.2890309260755095,2.2228781446037598,14.380539492102647,17.562389344722614,3.190744400024414,37.61410389526161,44.16,6.545896104738388,0.0,False,0.0,0.0,False,False,312.8339558096617,50.9968784546967
1137.6230000000069,14.6,False,True,65.1148567640645,56.52923661126395,-3.726976876135452,32.18473409795791,28.152727998797562,0.0,43.46975063004395,13.556686703404235,11.476156653929845,-1.7223772296535902,2.2501959395346947,2.185165485572297,14.634180888726405,17.76192348592335,3.1366112232208248,37.705579400837856,44.16,6.454420599162142,0.0,False,0.0,0.0,False,False,335.73051196385404,52.2196982940399
1137.724000000002,14.7,False,True,66.47922984193573,57.68329967427792,-3.9006409152061834,32.18473409795791,28.152727998797562,0.0,45.25668018993877,13.730774854020485,11.605104606349574,-1.7509035517610354,2.162506053827558,2.1000098294294647,14.972363532580655,17.978115335488237,3.0143778324127197,37.71430489129366,44.16,6.44569510870634,0.0,False,0.0,0.0,False,False,359.7788438238158,53.48311251303235
1137.823000000004,14.8,False,True,67.86261931643709,58.851148817274634,-4.076906568808104,32.18473409795791,28.152727998797562,0.0,47.06702172871449,13.937014636006715,11.751878253584616,-1.7744095202773822,2.129563594169768,2.0680194038005983,15.270658870131198,18.2303872545632,2.968458414077759,37.564190638772594,44.16,6.595809361227404,0.0,False,0.0,0.0,False,False,385.0169351158928,54.81228412943947
1137.9230000000098,14.9,False,True,69.26656503263683,60.03271500499381,-4.255410236581457,32.18473409795791,28.152727998797562,0.0,48.9018993187724,14.141899687988053,11.879445500798932,-1.7956638351896808,2.057287735056091,1.9978323103122195,15.610385174599216,18.46928672665971,2.867711067199707,37.39227216503189,44.16,6.767727834968101,0.0,False,0.0,0.0,False,False,411.4805684767168,56.150125776654136
1138.023000000001,15.0,False,True,70.68893811569774,61.22664953345169,-4.438064222453537,32.18473409795791,28.152727998797562,0.0,50.75882201864214,14.305561973229958,11.99924506835867,-1.857415882251931,1.9858708428811551,1.9284793596977148,15.9121058161997,18.67166263567476,2.7681610584259033,37.15856355357895,44.16,7.001436446421047,0.0,False,0.0,0.0,False,False,439.19591058656954,57.458410835179166
1138.1240000000107,15.1,False,True,72.09879739516244,62.46974070042063,-4.626375719857752,32.18473409795791,28.152727998797562,0.0,52.63829223727351,14.408970062451457,12.166101889800936,-1.9060462907523417,1.890899407887666,1.8362525903675921,16.229845330798895,18.858219784848206,2.635777711868286,36.95986867870012,44.16,7.200131321299875,0.0,False,0.0,0.0,False,False,468.08346337107344,58.57481523728458
1138.224000000002,15.2,False,True,73.55095212861954,63.69560302874618,-4.817093781501563,32.18473409795791,28.152727998797562,0.0,54.53860980585021,14.634124606690598,12.351144676710051,-1.908314942123874,1.8612311824210963,1.8074417738654829,16.56250214584741,19.149631271363173,2.5944223403930664,36.93730413778197,44.16,7.222695862218023,0.0,False,0.0,0.0,False,False,498.37178995992303,59.999725760866816
1138.3240000000078,15.3,False,True,75.02497064434174,64.94021475098857,-5.0091855472442814,32.18473409795791,28.152727998797562,0.0,56.46773458261585,14.846245707753242,12.541089768137747,-1.933520372730487,1.7806832767008272,1.7292216951502668,16.95893312880897,19.434246684332038,2.482144355773926,36.943529424866924,44.16,7.216470575133069,0.0,False,0.0,0.0,False,False,530.0284924764762,61.43436959260688
1138.4230000000098,15.4,False,True,76.51908389499754,66.20204667164283,-5.2031073831791925,32.18473409795791,28.152727998797562,0.0,58.42332773296982,15.03601930536286,12.69554864494746,-1.9449163459677343,1.6971802989374238,1.6481319456999006,17.31964323437843,19.67889305696517,2.3657472133636475,36.90639375477355,44.16,7.253606245226444,0.0,False,0.0,0.0,False,False,563.0823549128067,62.83924701816072
1138.523000000001,15.5,False,True,78.03390387115294,67.4803352030487,-5.398473014648463,32.18473409795791,28.152727998797562,0.0,60.405356197138076,15.260380217745181,12.870221983169696,-1.9623962834176651,1.6415501312769982,1.5941094847255468,17.681155109371655,19.96301125297015,2.2882027626037598,36.92215038215845,44.16,7.237849617841545,0.0,False,0.0,0.0,False,False,597.5698773364901,64.32208318679687
1138.6230000000069,15.6,False,True,79.56961861196076,68.77611481053172,-5.595541858895793,32.18473409795791,28.152727998797562,0.0,62.4146363961304,15.453914598411131,13.045370166490827,-1.9789806015289213,1.5156808584468469,1.4718778222066797,18.11684533336537,20.223875968660252,2.1127500534057617,37.333722151329326,44.16,6.826277848670669,0.0,False,0.0,0.0,False,False,633.5312518527804,65.79875674044553
1138.7230000000127,15.7,False,True,81.12975465149144,70.05362482369944,-5.790796722028882,32.18473409795791,28.152727998797562,0.0,64.43058428818485,15.567202228699566,13.09595558991745,-1.9805118831841575,1.502984841336367,1.4595487188132246,18.253990675709545,20.343102960028464,2.095052719116211,37.37395853906277,44.16,6.786041460937223,0.0,False,0.0,0.0,False,False,670.8957291247357,66.9957968469868
1138.823000000004,15.8,False,True,82.69622314912937,71.3726271992399,-5.989837837339858,32.18473409795791,28.152727998797562,0.0,66.4783439404368,15.762167724059017,13.284091920891758,-2.00031042303537,1.34760068112419,1.3086551464203704,18.74008615173966,20.613418676291168,1.8784583806991577,37.38341317814041,44.16,6.776586821859589,0.0,False,0.0,0.0,False,False,709.8446612734933,68.49536522005445
1138.923999999999,15.9,False,True,84.2817099641025,72.70765247366326,-6.190835519729369,32.18473409795791,28.152727998797562,0.0,68.55097511603054,15.947568575403777,13.416413567575399,-2.019643224754846,1.318233230918826,1.280136412802313,19.008068702497464,20.84046776066764,1.837522268295288,37.21744913873154,44.16,6.942550861268453,0.0,False,0.0,0.0,False,False,750.3646910167572,69.94455841495008
1139.023000000001,16.0,False,True,85.93298785912575,73.97225456049954,-6.389366353468972,32.18473409795791,28.152727998797562,0.0,70.62792504890263,16.14367261392084,13.446020604236217,-2.0108900102629357,1.173482421190737,1.1395688880507264,19.379250456333892,21.00984615733782,1.6357500553131104,37.46012007501992,44.16,6.699879924980071,0.0,False,0.0,0.0,False,False,792.4466305256371,71.30781253635217
1139.1240000000107,16.1,False,True,87.39174612505798,75.49504249798845,-6.587157486618096,32.18473409795791,28.152727998797562,0.0,72.72626017540482,16.141834154657374,13.713140678510078,-2.0050901941843535,1.1563006878446123,1.1228837052048173,19.572449615181718,21.180392752379998,1.611799955368042,37.24181283543002,44.16,6.918187164569974,0.0,False,0.0,0.0,False,False,835.8243049877287,72.61956941573554
1139.224000000002,16.2,False,True,89.01487615353341,76.8762698762398,-6.789263872810533,32.18473409795791,28.152727998797562,0.0,74.85752186079739,16.320766414851228,13.911406886517165,-2.037037529664381,1.029225748357515,0.999481219683573,20.013721302668007,21.445154649252892,1.434666633605957,37.385665479343906,44.16,6.774334520656088,0.0,False,0.0,0.0,False,False,881.1799952104723,74.16353490752326
1139.3240000000078,16.3,False,True,90.65471609177008,78.2779243228629,-6.994755936949273,32.18473409795791,28.152727998797562,0.0,77.01476547314037,16.47603234988207,14.121682045944693,-2.0728037531104206,0.9415678472815102,0.9143566238189988,20.390022858949536,21.69980520191638,1.3124778270721436,37.471940589609865,44.16,6.6880594103901325,0.0,False,0.0,0.0,False,False,928.2573781635562,75.71023995334558
1139.4230000000098,16.4,False,True,92.30898496058742,79.69864692880145,-7.203066684315578,32.18473409795791,28.152727998797562,0.0,79.19537423442698,16.60934502646457,14.29277007282641,-2.0934111942156917,0.9102294938433492,0.8839239458887845,20.646050057153282,21.912407867754414,1.2687944173812866,37.56917607473108,44.16,6.59082392526891,0.0,False,0.0,0.0,False,False,977.0836983072509,77.20533188867137
1139.524000000005,16.5,False,True,93.97996455155199,81.13995225203992,-7.4143590305325535,32.18473409795791,28.152727998797562,0.0,81.40206656391591,16.81024679282665,14.533336391943111,-2.132435730123825,0.7577307920653723,0.7358324424489884,21.167295178907548,22.2216620421857,1.0562222003936768,37.526075675356424,44.16,6.633924324643569,0.0,False,0.0,0.0,False,False,1027.7126126728665,78.89514737652758
1139.6230000000069,16.6,False,True,95.66918219523907,82.6041676557031,-7.629268367126416,32.18473409795791,28.152727998797562,0.0,83.63751808205461,16.974106080915043,14.75097168132045,-2.165751001753428,0.7352264398091187,0.7139784638858171,21.464817506436674,22.488028877366617,1.0248527526855469,37.475131984676864,44.16,6.684868015323134,0.0,False,0.0,0.0,False,False,1080.200095167475,80.53447624180198
1139.7230000000127,16.7,False,True,97.37578577996298,84.08738340229417,-7.848021424633776,32.18473409795791,28.152727998797562,0.0,85.89853837239473,17.157965613563196,14.913343250501114,-2.209310148393791,0.668006333184589,0.6487010121085349,21.803641330242943,22.73331456043056,0.9311527609825134,37.67811966896812,44.16,6.481880331031872,0.0,False,0.0,0.0,False,False,1134.5722583829295,82.15796067908163
1139.823000000004,16.8,False,True,99.09828930597381,85.58925226323494,-8.07123317435548,32.18473409795791,28.152727998797562,0.0,88.18377509585024,17.292104906653496,15.124033968314402,-2.254924846040267,0.5354612520902976,0.5199864715652264,22.227534947747106,22.97288174299075,0.7463944554328918,37.72806905215104,44.16,6.43193094784895,0.0,False,0.0,0.0,False,False,1190.8641378258612,83.79704469787671
1139.9230000000098,16.9,False,True,100.8345003031006,87.11242965377443,-8.296267346249369,32.18473409795791,28.152727998797562,0.0,90.49329709577741,17.432115035882145,15.339513842475261,-2.2457585918375,0.6264969525668832,0.6083912487409721,22.34803731950262,23.220235131189316,0.8732916712760925,37.680926483319965,44.16,6.479073516680029,0.0,False,0.0,0.0,False,False,1249.120601972428,85.48864927244361
1140.024000000005,17.0,False,True,102.58581223148252,88.65666062158826,-8.521741120666576,32.18473409795791,28.152727998797562,0.0,92.82800043729173,17.594123531756402,15.545105513801408,-2.2637168965066374,0.5052548467207516,0.49065302850942444,22.77423923134,23.477723234715995,0.704288899898529,37.17474856338324,44.16,6.985251436616755,0.0,False,0.0,0.0,False,False,1309.391813270263,87.22450361892201
1140.1240000000107,17.1,False,True,104.35333879680482,90.22229061706697,-8.749755628175336,32.18473409795791,28.152727998797562,0.0,95.18896001008571,17.756407774689706,15.767494395772774,-2.2965732536685497,0.4516413784695164,0.43858898451837053,23.1177481847808,23.74666074591935,0.6295555830001831,36.81509942477759,44.16,7.344900575222404,0.0,False,0.0,0.0,False,False,1371.7291194232268,89.01389329029215
1140.224000000002,17.2,False,True,106.13547518273822,91.81007404454299,-8.97905488701678,32.18473409795791,28.152727998797562,0.0,97.57545701955996,17.88631994397847,15.9881741537474,-2.2894119231603205,0.518869438491627,0.5038741598407811,23.26782936506609,23.990459643552445,0.7232666611671448,37.15578355917307,44.16,7.004216440826928,0.0,False,0.0,0.0,False,False,1436.1759362327186,90.7940750716094
1140.3240000000078,17.3,False,True,107.93077489193236,93.42092922518151,-9.210630480919534,32.18473409795791,28.152727998797562,0.0,99.98700309185284,18.019674239904468,16.228929459022975,-2.342099954894769,0.38845462790316565,0.37722832518325194,23.709414455932794,24.25050125457658,0.5414777994155884,37.31126894691313,44.16,6.848731053086862,0.0,False,0.0,0.0,False,False,1502.7772187646592,92.63503214006877
1140.4230000000098,17.4,False,True,109.74104458135031,95.05623277711783,-9.446803485105711,32.18473409795791,28.152727998797562,0.0,102.42587684476558,18.185719548454664,16.477141579703463,-2.381360128828755,0.441842920930416,0.42907370149341073,23.92458234528742,24.540101673233526,0.6158972382545471,37.16150293479471,44.16,6.998497065205285,0.0,False,0.0,0.0,False,False,1571.5973136303237,94.58227313461784
1140.524000000005,17.5,False,True,111.56731402093615,96.7180084249227,-9.687181894343263,32.18473409795791,28.152727998797562,0.0,104.89419276175974,18.339669243262076,16.758371376394013,-2.426208055922263,0.3842458694961858,0.37314119950390046,24.307879308587346,24.8432380969429,0.535611093044281,37.380714286817934,44.16,6.7792857131820625,0.0,False,0.0,0.0,False,False,1642.7015775406733,96.59012773466549
1140.6240000000107,17.6,False,True,113.40777082233069,98.40857976702297,-9.93540482195773,32.18473409795791,28.152727998797562,0.0,107.39211517801328,18.469466784628732,17.053055465611344,-2.538250496367086,0.3438882990609463,0.33394995911135306,24.65897573651339,25.138176227040038,0.4793555438518525,37.61499184057834,44.16,6.545008159421652,0.0,False,0.0,0.0,False,False,1716.1400599436172,98.59827152413934
1140.7230000000127,17.7,False,True,115.26334853037557,100.12642208897047,-10.18981742956865,32.18473409795791,28.152727998797562,0.0,109.9193741657771,18.642087376268965,17.303790973338604,-2.5500016558513354,0.31626452437469627,0.3071245089516211,24.99444846562187,25.435184367199724,0.44084998965263367,37.50454332609013,44.16,6.655456673909866,0.0,False,0.0,0.0,False,False,1791.9666443281337,100.68825374537799
1140.823000000004,17.8,False,True,117.13627134517583,101.86927463525366,-10.450012152471166,32.18473409795791,28.152727998797562,0.0,112.47618827409765,18.816368919736295,17.553259952324982,-2.6538928021989685,0.2599129921057206,0.2524015307390028,25.370489918759123,25.73271602993967,0.36230000853538513,37.10991787825826,44.16,7.0500821217417355,0.0,False,0.0,0.0,False,False,1870.240615811797,102.79636167286893
1140.9230000000098,17.9,False,True,119.02276579054511,103.63938158945462,-10.71818340798107,32.18473409795791,28.152727998797562,0.0,115.0611951031217,18.9135199876494,17.848879131694037,-2.7095323079991056,0.24316176847381507,0.2361344159164989,25.666925262981675,26.00584020140546,0.3389500081539154,37.20482147858626,44.16,6.955178521413733,0.0,False,0.0,0.0,False,False,1951.00730173199,104.91130966275105
1141.024000000005,18.0,False,True,120.92067754303054,105.43840998377117,-10.993140416046963,32.18473409795791,28.152727998797562,0.0,117.6738896228454,19.04471506205899,18.131688754636937,-2.7896078533187403,0.18633194196483133,0.18094696612305028,26.035893390896945,26.29561387170956,0.25973331928253174,37.38989140592641,44.16,6.770108594073583,0.0,False,0.0,0.0,False,False,2034.3207426220386,107.09953902942237
1141.1240000000107,18.1,False,True,122.83326341510602,107.27031488811552,-11.277103074973086,32.18473409795791,28.152727998797562,0.0,120.31936013190328,19.207002379450778,18.506409332250414,-2.889645325203726,0.22544604572451454,0.21893067591164203,26.35775704525083,26.672010175032423,0.31425556540489197,37.732111596935,44.16,6.4278884030649985,0.0,False,0.0,0.0,False,False,2120.2855856747124,109.58144040778038
1141.2230000000127,18.2,False,True,124.76137202236552,109.13862268093484,-11.570086929640581,32.18473409795791,28.152727998797562,0.0,123.00060579872401,19.355169765739255,18.85974652413615,-2.9700317681461974,0.1811407892958993,0.1759058372848068,26.771800275684324,27.02429713452789,0.25249722599983215,37.82335377102536,44.16,6.336646228974634,0.0,False,0.0,0.0,False,False,2208.9953020047096,112.05589040077726
1141.3240000000078,18.3,False,True,126.70377354871076,111.03799290945452,-11.868602221106494,32.18473409795791,28.152727998797562,0.0,125.71322904930393,19.49286076116568,19.127658046257306,-3.0002740611720724,0.19072401335799108,0.18521210706028204,27.04419976982994,27.310051684109727,0.2658555507659912,37.49512607043732,44.16,6.6648739295626696,0.0,False,0.0,0.0,False,False,2300.47541409569,114.40412146048659
1141.4230000000098,18.4,False,True,128.6600562561733,112.96520246127095,-12.171822228250745,32.18473409795791,28.152727998797562,0.0,128.4548310106675,19.632793388085183,19.416532990071186,-3.06412608171295,0.13654857984139038,0.13260233854791326,27.422136003523356,27.612466922999907,0.1903388947248459,37.00881920591389,44.16,7.151180794086107,0.0,False,0.0,0.0,False,False,2394.7693518086617,116.8511177034151
1141.523000000001,18.5,False,True,130.62908376758583,114.9226391628587,-12.480390281722723,32.18473409795791,28.152727998797562,0.0,131.22616913289448,19.74775684016546,19.732201041684046,-3.107234987726615,0.18146561717075704,0.1762212776642067,27.663624071220188,27.916548106235105,0.2529500126838684,37.186589242059405,44.16,6.9734107579405915,0.0,False,0.0,0.0,False,False,2491.9546623630454,119.38441602095608
1141.6230000000069,18.6,False,True,132.60676012939416,116.91148492181128,-12.791583067829125,32.18473409795791,28.152727998797562,0.0,134.02499857406116,19.805770396001336,20.044714137367393,-3.116620734401412,0.1333302546143476,0.12947702262145455,27.99324151385488,28.179054381364523,0.1858527809381485,37.48928430298983,44.16,6.670715697010163,0.0,False,0.0,0.0,False,False,2592.0799155272284,121.86446163017736
1141.7230000000127,18.7,False,True,134.59184975971544,118.93477565957527,-13.109545619950794,32.18473409795791,28.152727998797562,0.0,136.8524662388088,19.896022210424835,20.42110061791226,-3.242630308031954,0.17515251163043874,0.17009062028850658,28.266872971743517,28.51092861070321,0.24414999783039096,37.14011469437433,44.16,7.019885305625662,0.0,False,0.0,0.0,False,False,2695.2213797938007,124.55833176274504
1141.823000000004,18.8,False,True,136.58510585433592,120.99175327516441,-13.436981160561936,32.18473409795791,28.152727998797562,0.0,139.70870494402206,19.96909968198474,20.718451693870897,-3.3060805041909096,0.16119914146878736,0.15654050123044805,28.550746325043846,28.775322460405285,0.22470000386238098,37.31396599237112,44.16,6.84603400762887,0.0,False,0.0,0.0,False,False,2801.4476545200414,127.12263653627878
1141.923999999999,18.9,False,True,138.58448340267586,123.08202793715392,-13.769753271590384,32.18473409795791,28.152727998797562,0.0,142.59200061326462,20.018451284813874,21.087041545919213,-3.3493617163780507,0.16888325667732065,0.16400254622210345,28.840577523455856,29.075792560165738,0.23541110754013064,37.21407835910931,44.16,6.945921640890684,0.0,False,0.0,0.0,False,False,2910.8188354336553,129.90657990878947
1142.024000000005,19.0,False,True,140.59300034246425,125.20546720371554,-14.105746975182734,32.18473409795791,28.152727998797562,0.0,145.50459228944493,20.15188751095408,21.38174378531331,-3.370512355468948,0.15597807803852276,0.1514703260491005,29.164377332706756,29.381585007533737,0.217422217130661,37.09570011488158,44.16,7.064299885118414,0.0,False,0.0,0.0,False,False,3023.4403285186254,132.76662623372013
1142.1230000000069,19.1,False,True,144.56983380516283,124.96302286529618,-13.987842383562784,32.18473409795791,28.152727998797562,0.0,148.33288181767657,22.00743121220257,18.9755430942296,-2.810199327866412,0.18121452926433113,0.17597744617498978,28.806377822386597,29.058531695197413,0.2526000142097473,42.35044291816175,44.16,1.8095570818382478,0.0,False,0.0,0.0,False,False,3132.344946834993,131.37258102337768
1142.224000000002,19.2,False,True,124.90633535693888,149.12373450962204,-14.162271040459752,32.18473409795791,28.152727998797562,0.0,152.4181083607568,15.07693177915409,24.405699978669027,-2.802569391740046,0.13957359688502458,0.13553993287953592,28.49851466504241,28.68714107962088,0.19455555081367493,70.78817716256489,44.16,26.628177162564903,0.0,False,0.0,0.0,False,False,3090.41950031165,121.43414231090603
1142.323000000004,19.3,False,True,126.41644607368242,151.57660240106802,-14.442543385281418,32.18473409795791,28.152727998797562,0.0,155.28383146465487,15.125282555716518,24.65165785025034,-2.8028775046932974,0.17281898050417346,0.16782452799537145,28.688573703131617,28.921936435101845,0.24089722335338593,71.82407481572038,44.16,27.66407481572039,0.0,False,0.0,0.0,False,False,3203.013096785859,123.31001734647614
1142.423999999999,19.4,False,True,127.9232454549466,154.05430746606595,-14.72478697887849,32.18473409795791,28.152727998797562,0.0,158.16785472783383,15.010705069566926,24.902443449708866,-2.841994367248117,0.14296130596243006,0.13882973747879102,28.884015799551655,29.07667375150518,0.19927777349948883,71.74638598691149,44.16,27.586385986911502,0.0,False,0.0,0.0,False,False,3318.4843461379205,124.96494209833315
1142.524000000005,19.5,False,True,142.28604705914182,150.147289739773,-16.044282461945333,32.18473409795791,28.152727998797562,0.0,164.33189650870955,18.747780621110053,23.476463266555392,-3.037786368187694,0.17853623331900323,0.1733765527340884,29.79682344689421,30.04369494125505,0.24886666238307953,61.58200080640082,44.16,17.422000806400824,0.0,False,0.0,0.0,False,False,3403.331112381053,124.07529491520216
1142.6230000000069,19.6,False,True,144.1601011087573,152.50877739434645,-16.356047194652334,32.18473409795791,28.152727998797562,0.0,167.34069988640366,18.733300371199284,23.753289824913896,-3.1975082859523174,0.14258068671395016,0.1384601180912924,30.05453444106799,30.251534180995403,0.19874721765518188,61.09107110037686,44.16,16.93107110037686,0.0,False,0.0,0.0,False,False,3522.7379415979112,125.76662218742132
1142.7230000000127,19.7,False,True,146.02649266948683,154.8959051616688,-16.6791447200842,32.18473409795791,28.152727998797562,0.0,170.3636667602492,18.594530843391325,23.989265521532705,-3.2644422226849787,0.1892154975700402,0.1837471872386985,30.090834753185774,30.351959369181245,0.2637527883052826,61.056226392523314,44.16,16.89622639252332,0.0,False,0.0,0.0,False,False,3645.017198555597,127.27229219112537
1142.8240000000078,19.8,False,True,147.89177276121575,157.31039890872887,-17.01089189617509,32.18473409795791,28.152727998797562,0.0,173.40652453439796,18.711070991187214,24.300609419668405,-3.3705012991327497,0.21640683833297863,0.21015270077539738,30.371083402666567,30.66959073421953,0.3016555607318878,61.09386613215668,44.16,16.93386613215668,0.0,False,0.0,0.0,False,False,3770.2637076491087,129.24434005411226
1142.923999999999,19.9,False,True,149.76221621314627,159.75470728769497,-17.34778380884926,32.18473409795791,28.152727998797562,0.0,176.47533893805905,18.697798047423227,24.585558159653427,-3.367336954350656,0.2318308708137179,0.2251309801479159,30.56832275633733,30.887818340632688,0.32315555214881897,62.2031542109376,44.16,18.0431542109376,0.0,False,0.0,0.0,False,False,3898.5808628971763,131.0565954564783
1143.0250000000087,20.0,False,True,151.63035061749133,162.2276881943392,-17.69035932882637,32.18473409795791,28.152727998797562,0.0,179.56433459116406,18.664890039477434,24.874059973231336,-3.484173445191545,0.21990214276878745,0.21354699123717666,30.795429515511405,31.098182900897815,0.3065277636051178,62.771885981342145,44.16,18.611885981342148,0.0,False,0.0,0.0,False,False,4029.9614114637734,132.84117918151546
1143.1240000000107,20.1,False,True,153.49227865737447,164.73250732654893,-18.042627216521513,32.18473409795791,28.152727998797562,0.0,182.6733600946019,18.57367075818499,25.222322670963052,-3.561184308711284,0.25982531231142114,0.2523163848826269,30.96608061964317,31.32326302209961,0.3621777892112732,63.32504965732369,44.16,19.165049657323696,0.0,False,0.0,0.0,False,False,4164.441938562703,134.69681700653962
1143.224000000002,20.2,False,True,155.34339991733924,167.27259870469146,-18.404117318509538,32.18473409795791,28.152727998797562,0.0,185.80203279736926,18.448754441110456,25.579504891887325,-3.668617731049245,0.33661867987096544,0.3268904312417556,31.076421913270135,31.538351430321786,0.4692222177982331,62.433659545964844,44.16,18.273659545964847,0.0,False,0.0,0.0,False,False,4302.060436219017,136.53916861032945
1143.3240000000078,20.3,False,True,157.18400285962127,169.84749683926898,-18.77195578617104,32.18473409795791,28.152727998797562,0.0,188.95032338608257,18.363304404530115,25.918457799663432,-3.6881516221808246,0.2485860925245149,0.24140197750520212,31.423784228153377,31.764404659404043,0.3465111255645752,62.08115091164286,44.16,17.92115091164286,0.0,False,0.0,0.0,False,False,4442.86815874343,138.4697956191333
1143.423999999999,20.4,False,True,159.01767628775843,172.4592118296128,-19.146011578951615,32.18473409795791,28.152727998797562,0.0,192.1222436370516,18.31016415821289,26.315842007212883,-3.7929642334305966,0.3622217998293355,0.3517536234078416,31.563626542301797,32.05909624504868,0.5049111247062683,62.490956070612036,44.16,18.330956070612043,0.0,False,0.0,0.0,False,False,4586.953824514217,140.55415951041505
1143.523000000001,20.5,False,True,160.84134093131073,175.10918552507002,-19.528529152047305,32.18473409795791,28.152727998797562,0.0,195.3169805483974,18.163128712832982,26.68363190193184,-3.8573872284832187,0.35798317342122504,0.34763749290982215,31.790058338915852,32.27871521787589,0.4990027844905853,63.03125696055823,44.16,18.871256960558235,0.0,False,0.0,0.0,False,False,4734.354289622812,142.52168121291035
1143.6240000000107,20.6,False,True,162.65144206601315,177.79643397386883,-19.92071361591111,46.88211769386151,37.05486144308423,0.0,182.2381044239172,18.038893981215736,27.061337074044204,-3.9863020487929095,0.5191741010087387,0.1625002990877716,32.1012150007857,32.52257155116398,0.544011116027832,63.63568507975936,17.379999999999995,46.25568507975937,0.0,False,0.0,0.0,False,False,4885.085393343137,144.53918859128783
1143.724000000002,20.7,False,True,164.45182753138496,180.52224091000036,-20.324010217906018,46.88211769386151,37.05486144308423,0.0,185.4872654453226,17.968815326220415,27.45480164858628,-4.079629991105245,0.6359965104482852,0.1990654444546066,32.30018210675597,32.81226078451513,0.6664222478866577,63.85050354193657,17.379999999999995,46.47050354193657,0.0,False,0.0,0.0,False,False,5039.237014691295,146.7312526688175
1143.8240000000078,20.8,False,True,166.2425334834603,183.29171005637892,-20.74099476981115,46.88211769386151,37.05486144308423,0.0,188.76473386152819,17.845303715286416,27.93458127898496,-4.2600610469973565,0.5612924852810494,0.1756832564580372,32.70005296056874,33.14808736447749,0.5881444215774536,63.132077637333296,17.379999999999995,45.7520776373333,0.0,False,0.0,0.0,False,False,5196.9040962138615,149.05206253306
1143.923999999999,20.9,False,True,168.0155898299383,186.10693896998816,-21.172342304622195,46.88211769386151,37.05486144308423,0.0,192.06727958407666,17.615823214273615,28.369996993199692,-4.366889649223569,0.7317702511758983,0.22904240494387776,32.81744306918144,33.39422041178235,0.7667777538299559,62.290419940552695,17.379999999999995,44.9104199405527,0.0,False,0.0,0.0,False,False,5358.102191169875,151.2473682591983
1144.024000000005,21.0,False,True,169.76836796780145,188.96746424986753,-21.619966702645897,46.88211769386151,37.05486144308423,0.0,195.39311502179626,17.43973954298908,28.840508604387747,-4.585598311250498,0.7246233102780714,0.22680542888670738,33.13818220857501,33.70340415873537,0.7592889070510864,60.958232776111885,17.379999999999995,43.57823277611188,0.0,False,0.0,0.0,False,False,5522.867515383545,153.59088404868032
1144.1240000000107,21.1,False,True,171.50435751374772,191.8752031465587,-22.092725357742733,46.88211769386151,37.05486144308423,0.0,198.7461719452876,17.280051375936612,29.314269329435536,-4.869574790686182,0.7320671823890808,0.22913534373041755,33.46312597227458,34.02831999781496,0.7670888900756836,60.71658420312546,17.379999999999995,43.336584203125454,0.0,False,0.0,0.0,False,False,5691.288859664173,155.982116097733
1144.224000000002,21.2,False,True,173.2143224094001,194.8307054093295,-22.59297321650798,46.88211769386151,37.05486144308423,0.0,202.12135683185417,16.91924653711098,29.79577592598011,-5.13538238461874,0.8837125695965196,0.2766000010170778,33.59345318528935,34.26440086175093,0.9259889125823975,61.13677613184661,17.379999999999995,43.756776131846614,0.0,False,0.0,0.0,False,False,5863.343729666576,158.21069202955152
1144.3240000000078,21.3,False,True,174.8924283355633,197.83694553224254,-23.11928212630341,46.88211769386151,37.05486144308423,0.0,205.5176834110344,16.642871986152816,30.32902653228034,-5.390795811289936,1.0042674385157926,0.3143333976133369,33.84446418789342,34.59530370358432,1.0523110628128052,61.531556860906036,17.379999999999995,44.151556860906034,0.0,False,0.0,0.0,False,False,6039.070082952676,160.76114992833186
1144.4230000000098,21.4,False,True,173.78037863223057,200.15353044245344,-23.427372124442552,46.88211769386151,37.05486144308423,0.0,206.6502950845902,14.522173347038352,30.81313772444918,-5.7727522069441655,1.0566000289880795,0.3307133780231095,33.324163287611235,34.06380740826404,1.107147216796875,60.869711806746494,17.379999999999995,43.48971180674649,0.0,False,0.0,0.0,False,False,6215.679619781842,162.0252442701273
1144.524000000005,21.5,False,True,175.2107598706453,203.26126582138522,-24.01993785745649,46.88211769386151,37.05486144308423,0.0,209.98287849084343,14.085451421255705,31.34156985418613,-6.07856245333457,1.194521392042328,0.3738824473263783,33.54360953068491,34.36122731605178,1.2516666650772095,60.96538555596687,17.379999999999995,43.585385555966866,0.0,False,0.0,0.0,False,False,6398.617621169433,164.37660702391224
1144.6260000000038,21.6,False,True,176.5967994697383,206.4192857591544,-24.635537995391456,46.88211769386151,37.05486144308423,0.0,213.33121405957178,13.63534056060432,31.818828901197705,-6.233440305364711,1.3167411235568924,0.4121369420844086,33.73615555905943,34.61734225568676,1.3797333240509033,60.91304261489446,17.379999999999995,43.533042614894455,0.0,False,0.0,0.0,False,False,6585.317563276836,166.7024402512753
1144.7230000000127,21.7,False,True,177.9451024910277,209.62884856688885,-25.274737011222882,46.88211769386151,37.05486144308423,0.0,216.70091604732386,13.330719865183696,32.37242725349107,-6.550540011263782,1.4530322091073469,0.4547957382799706,34.056051820434284,35.00974347816011,1.522544503211975,60.63413475798478,17.379999999999995,43.25413475798479,0.0,False,0.0,0.0,False,False,6775.916000655581,169.3917967243238
1144.8240000000078,21.8,False,True,179.25649681741092,212.89075455580056,-25.94141004467177,46.88211769386151,37.05486144308423,0.0,220.09370176152655,12.897166662480307,32.865692524742826,-6.782920657714013,1.5352860232283019,0.4805409928483224,34.320407506385735,35.30567451629737,1.608733296394348,60.77999712457371,17.379999999999995,43.399997124573716,0.0,False,0.0,0.0,False,False,6970.479039279938,171.8503533462359
1144.9230000000098,21.9,False,True,180.5215217998209,216.2017386404969,-26.633109267928177,46.88211769386151,37.05486144308423,0.0,223.50188799958886,12.403332985719178,33.35398916918396,-7.051063807414101,1.6449959630947701,0.5148799516033209,34.55645973904967,35.58554850852619,1.723691701889038,60.86377788725358,17.379999999999995,43.48377788725358,0.0,False,0.0,0.0,False,False,7168.959536041259,174.33614630972184
1145.023000000001,22.0,False,True,181.73450494388166,219.56023437226463,-27.352552947107935,46.88211769386151,37.05486144308423,0.0,226.92152276734046,11.85632989549553,33.81592546617099,-7.337809776181093,1.81258940061881,0.5673363119454287,34.73248341070519,35.83419280135179,1.8993027210235596,60.749341108170626,17.379999999999995,43.36934110817063,0.0,False,0.0,0.0,False,False,7371.351527719141,176.75189706552723
1145.1240000000107,22.1,False,True,182.89200514312157,222.96699282599332,-28.099638072287966,46.88211769386151,37.05486144308423,0.0,230.35192658038793,11.293674089302327,34.319243608402836,-7.603892727419521,1.9479233665154316,0.6096955318915044,34.98109043604988,36.129732303025406,2.0411109924316406,60.68710248457778,17.379999999999995,43.30710248457778,0.0,False,0.0,0.0,False,False,7577.694769184487,179.39828842016652
1145.2230000000127,22.2,False,True,183.99675016091717,226.4317437725485,-28.88417197368217,46.88211769386151,37.05486144308423,0.0,233.8033917576978,10.801226266609984,34.97577532270083,-8.086785300464548,1.9940182399426705,0.6241231212180629,35.46269761589816,36.60561908077165,2.0894110202789307,59.47995176604798,17.379999999999995,42.09995176604798,0.0,False,0.0,0.0,False,False,7788.176500608157,182.61039130720667
1145.323000000004,22.3,False,True,185.05440632435767,229.9586706030182,-29.715758297604037,46.88211769386151,37.05486144308423,0.0,237.28350329047606,10.351897002199959,35.56276128669349,-8.544941177972754,2.150286880269383,0.6730348460937665,35.84075082489257,37.03878726252388,2.253155469894409,58.85782849189122,17.379999999999995,41.477828491891216,0.0,False,0.0,0.0,False,False,8002.958591560521,185.72700788854203
1145.423999999999,22.4,False,True,186.06789300603756,233.54798497631944,-30.589735330999197,46.88211769386151,37.05486144308423,0.0,240.79499090533173,9.917836631397654,36.22352617933149,-8.934599489930447,2.2264225461978016,0.6968651343546334,36.349711080484354,37.55672153305993,2.3329334259033203,58.74070931827591,17.379999999999995,41.36070931827591,0.0,False,0.0,0.0,False,False,8222.168436364538,189.22316517617358
1145.524000000005,22.5,False,True,187.03555599402313,237.2001924470747,-31.503675994179137,46.88211769386151,37.05486144308423,0.0,244.33816687135499,9.435423128313872,36.820623235773226,-9.344213773668333,2.4562498080694053,0.7688005385284841,36.721148947542254,38.01033418796898,2.5737555027008057,59.36149460697365,17.379999999999995,41.98149460697365,0.0,False,0.0,0.0,False,False,8445.886421019366,192.54986699930953
1145.6240000000107,22.6,False,True,187.95676630921,240.90986188968202,-32.46291832429199,46.88211769386151,37.05486144308423,0.0,247.90909158202814,8.988783175423345,37.37276561637335,-9.840632828588717,2.5197243725744274,0.7886679311747875,37.15164767860058,38.438546184671864,2.6402666568756104,59.17540013708952,17.379999999999995,41.795400137089516,0.0,False,0.0,0.0,False,False,8674.115958313201,195.80384404131598
1145.7230000000127,22.7,False,True,188.82196598529683,244.6698840836987,-33.47539876880897,46.88211769386151,37.05486144308423,0.0,251.49735219094956,8.315210346312908,37.82767826395989,-10.408976061751002,2.6475827254372515,0.8286873014413505,37.43056685509106,38.73081416579172,2.7742416858673096,58.2089191407322,17.379999999999995,40.8289191407322,0.0,False,0.0,0.0,False,False,8906.746067666514,198.72068533018125
1145.823000000004,22.8,False,True,189.62841547285925,248.4771676934243,-34.540923754296415,46.88211769386151,37.05486144308423,0.0,255.09977873338673,7.813779404935197,38.31799393055193,-10.901523647997847,2.7599169228878107,0.863847646782216,37.793578817485205,39.10656987579969,2.8919498920440674,57.62303020923967,17.379999999999995,40.24303020923967,0.0,False,0.0,0.0,False,False,9143.796879225625,201.91754920103705
1145.9230000000098,22.9,False,True,190.3808908863961,252.33765928220816,-35.65039465082307,46.88211769386151,37.05486144308423,0.0,258.7249136693325,7.235728865802051,38.89183784512498,-11.287894282535202,2.9257874767749024,0.9157647485100102,38.21986031654607,39.55920655411199,3.065755605697632,57.578394722251325,17.379999999999995,40.19839472225133,0.0,False,0.0,0.0,False,False,9385.503531271088,205.5696337985298
1146.023000000001,23.0,False,True,191.07892816283322,256.2626900726782,-36.80792096219984,46.88211769386151,37.05486144308423,0.0,262.3829115661422,6.725016662940856,39.60877796427517,-11.862631945000235,3.0156841410497237,0.943902197591673,38.84239649932825,40.17562869377507,3.1599528789520264,57.75401545743817,17.379999999999995,40.37401545743817,0.0,False,0.0,0.0,False,False,9632.102345239351,209.87014721834802
1146.1240000000107,23.1,False,True,191.73045496305983,260.2561179319876,-38.018403983764635,46.88211769386151,37.05486144308423,0.0,266.0823964637207,6.305519341590999,40.259779221913895,-12.347028486295827,3.064835471938019,0.959286451071173,39.43387837854768,40.75057542126771,3.2114555835723877,58.24625075292127,17.379999999999995,40.86625075292127,0.0,False,0.0,0.0,False,False,9883.819785401414,214.00881067223352
1146.2230000000127,23.2,False,True,192.32777264692305,264.3124050159541,-39.28170133188195,46.88211769386151,37.05486144308423,0.0,269.81554746808024,5.640834335673923,40.86596245741661,-12.918918476050509,3.2796557620353375,1.0265247076080657,39.90934683100539,41.253435003324284,3.4365527629852295,58.42026279774816,17.379999999999995,41.04026279774816,0.0,False,0.0,0.0,False,False,10140.611543581905,218.1309385678091
1146.3240000000078,23.3,False,True,192.8642869516436,268.4289221850928,-40.60097418217348,46.88211769386151,37.05486144308423,0.0,273.57768499176683,5.089451758737414,41.46438092535824,-13.46653852978022,3.3365798647041096,1.044341820771079,40.458029130115165,41.7755598972381,3.4962000846862797,58.13053817287945,17.379999999999995,40.750538172879445,0.0,False,0.0,0.0,False,False,10402.480965137085,222.3257649311429
1146.423999999999,23.4,False,True,193.34820865629547,272.6095927817541,-41.96839047487509,46.88211769386151,37.05486144308423,0.0,277.37762573403234,4.588982334299844,42.149031007866505,-13.881787324251961,3.448937953171821,1.0795096439453442,41.08534150098449,42.398108139003185,3.6139333248138423,57.819888592258536,17.379999999999995,40.439888592258534,0.0,False,0.0,0.0,False,False,10669.72044796242,227.10039682409462
1146.523000000001,23.5,False,True,193.77318567553954,276.85688266400035,-43.38547236105592,46.88211769386151,37.05486144308423,0.0,281.21521159858094,3.9105580505816286,42.79676663705808,-14.459850399364587,3.5182287289192704,1.101197497328452,41.69741488608868,42.97505903258047,3.686538934707641,57.573712557333685,17.379999999999995,40.19371255733369,0.0,False,0.0,0.0,False,False,10942.439554274719,231.90048576857578
1146.6230000000069,23.6,False,True,194.13034069046873,281.1661447719756,-44.86634628948629,46.88211769386151,37.05486144308423,0.0,285.0830717951117,3.2325422480024315,43.38847552244671,-15.15762816924284,3.594862465671947,1.1251836806113384,42.26484488612588,43.508724843956045,3.766838788986206,57.55433318799151,17.379999999999995,40.17433318799151,0.0,False,0.0,0.0,False,False,11220.562959948693,236.5546851922707
1146.7230000000127,23.7,False,True,194.4191009675283,285.5356498428664,-46.41525018293634,46.88211769386151,37.05486144308423,0.0,288.98073229416445,2.5426632931886854,44.00162589536962,-15.820449699758175,3.6933084735514528,1.155997054570737,42.861076690799415,44.07502941642344,3.8699944019317627,57.11727927304236,17.379999999999995,39.73727927304236,0.0,False,0.0,0.0,False,False,11504.175039967304,241.50013735758444
1146.823000000004,23.8,False,True,194.64407834363368,289.97007338462157,-48.03594992253392,46.88211769386151,37.05486144308423,0.0,292.915860694667,1.9568842289190385,44.686844939733014,-16.59354509219349,3.688730272064524,1.1545640880389618,43.56671627364091,44.729671433547715,3.86519718170166,56.61187514435331,17.379999999999995,39.23187514435332,0.0,False,0.0,0.0,False,False,11793.533420392481,246.86526765700754
1146.923999999999,23.9,False,True,194.80800830305708,294.47535345906954,-49.72497518902335,46.88211769386151,37.05486144308423,0.0,296.8962425196312,1.3217149595493443,45.41875654922652,-17.186960237594985,3.8751589324446822,1.2129158297985116,44.279526079602014,45.437983856155014,4.060544490814209,56.294947316355255,17.379999999999995,38.91494731635526,0.0,False,0.0,0.0,False,False,12088.937438792986,252.74572794005022
1147.024000000005,24.0,False,True,194.9099284611368,299.0528693140368,-51.47381890912451,46.88211769386151,37.05486144308423,0.0,300.92389218687833,0.7166882020446272,46.131560550118955,-17.789914164428296,3.766999747124915,1.179062253648618,45.055870911749324,46.13712735713226,3.947211027145386,56.40190088679184,17.379999999999995,39.02190088679185,0.0,False,0.0,0.0,False,False,12390.595079194758,258.68641427332994
1147.1240000000107,24.1,False,True,194.94471479737953,303.6990391586411,-53.2880627944597,46.88211769386151,37.05486144308423,0.0,304.99450842702754,-0.0209614771896941,46.791836341967155,-18.49496354227546,3.998152619148243,1.2514125707499635,45.71743076094091,46.79184103705436,4.189422130584717,55.93709399477214,17.379999999999995,38.55709399477214,0.0,False,0.0,0.0,False,False,12698.537785132123,264.6542096370804
1147.224000000002,24.2,False,True,194.9109161854025,308.4150514945119,-55.171952487025564,46.88211769386151,37.05486144308423,0.0,309.10981532069826,-0.6550107623509356,47.528410375448985,-19.182830309041822,4.087659746076728,1.2794280955384798,46.49151842518145,47.53292366261392,4.2832112312316895,55.59268807654913,17.379999999999995,38.21268807654913,0.0,False,0.0,0.0,False,False,13012.94013990369,271.1456324388293
1147.3240000000078,24.3,False,True,194.81347675574239,313.2017310533712,-57.12435388125111,46.88211769386151,37.05486144308423,0.0,313.2742897038567,-1.2937778308518735,48.20518080173742,-19.86519757546912,4.06311161218568,1.2717445861115046,47.238159357781434,48.222539514254095,4.25748872756958,54.777310100147645,17.379999999999995,37.397310100147656,0.0,False,0.0,0.0,False,False,13334.049372029767,277.470639137116
1147.4230000000098,24.4,False,True,194.6498271317894,318.0539802502925,-59.14564582012303,46.88211769386151,37.05486144308423,0.0,317.4835440191498,-1.9792146482080035,48.83980313668812,-20.56064120196915,4.1776410528123185,1.3075920375156158,47.929301727643434,48.87989014977562,4.37749719619751,54.46862391134237,17.379999999999995,37.08862391134237,0.0,False,0.0,0.0,False,False,13661.90811909964,283.7998042806458
1147.523000000001,24.5,False,True,194.41933412384867,322.969569851988,-61.23583206531796,46.88211769386151,37.05486144308423,0.0,321.73661699666286,-2.6306455106066977,49.471988897221635,-21.243083701929436,4.284347436755711,1.3409908901773437,48.62520022186205,49.5418810830725,4.4893083572387695,54.68395895567161,17.379999999999995,37.30395895567162,0.0,False,0.0,0.0,False,False,13996.643552633861,290.2499438263615
1147.6230000000069,24.6,False,True,194.11734867816637,327.9477394837433,-63.40728505801827,46.88211769386151,37.05486144308423,0.0,326.0320225649305,-3.409063403039554,50.0914037378843,-22.185976152076783,4.493584964978209,1.4064817550923667,49.322139853204575,50.20727478879603,4.708555698394775,54.874059169429856,17.379999999999995,37.49405916942985,0.0,False,0.0,0.0,False,False,14338.345094935159,297.0648327185851
1147.7230000000127,24.7,False,True,193.73890588511148,332.99157768949755,-65.66256486308008,46.88211769386151,37.05486144308423,0.0,330.3716940970576,-4.159792458058608,50.785360377199964,-22.91961994915931,4.519869179449012,1.4147086537463904,50.127814412162145,50.95543839411249,4.73609733581543,54.89140588343402,17.379999999999995,37.51140588343403,0.0,False,0.0,0.0,False,False,14687.230992606765,304.53919979832267
1147.823000000004,24.8,False,True,193.28432919834972,338.1000364635016,-67.98667273098587,46.88211769386151,37.05486144308423,0.0,334.7563366636674,-4.931741277176401,51.383815102882515,-23.56253740895655,4.648612637613966,1.4550050599360491,50.83964253844898,51.619943108765845,4.870999813079834,54.5321983281674,17.379999999999995,37.1521983281674,0.0,False,0.0,0.0,False,False,15043.533814720338,311.62776534670627
1147.9230000000098,24.9,False,True,192.73745624235693,343.26718684982,-70.3920403597765,46.88211769386151,37.05486144308423,0.0,339.17512882594565,-6.005717842679391,51.95919262348546,-24.54481516685595,4.693702950653312,1.4691182241725131,51.61128963861451,52.30512732887994,4.918247222900391,54.83451640849935,17.379999999999995,37.45451640849936,0.0,False,0.0,0.0,False,False,15407.14586434661,319.6076363155253
1148.023000000001,25.0,False,True,192.09107104539075,348.50397696576,-72.8822748081004,46.88211769386151,37.05486144308423,0.0,343.6367147050845,-6.92198609664427,52.776609695314434,-25.259873799622344,4.743702526417272,1.484767976346435,52.60172352664781,53.228605302540984,4.970638751983643,54.6992668256902,17.379999999999995,37.31926682569021,0.0,False,0.0,0.0,False,False,15778.511739327936,329.19716527765445
1148.1230000000069,25.1,False,True,191.36228136574456,353.8173151966534,-75.44243072328561,46.88211769386151,37.05486144308423,0.0,348.1565306046063,-7.653807496279821,53.49015492255339,-25.94324450408188,4.894775211813539,1.532053379283884,53.451952667442974,54.03496500256914,5.128938674926758,53.992701864054474,17.379999999999995,36.61270186405448,0.0,False,0.0,0.0,False,False,16158.260858192223,337.8089440205148
1148.224000000002,25.2,False,True,190.54925420354243,359.1966625563828,-78.08361104865983,46.88211769386151,37.05486144308423,0.0,352.7259362981567,-8.606735747762695,54.096792272035216,-26.88036200340244,4.875004371219025,1.5258651516670154,54.272089465311964,54.777174391853634,5.108222007751465,54.10871166237989,17.379999999999995,36.72871166237989,0.0,False,0.0,0.0,False,False,16546.327866921387,346.63912716697405
1148.323000000004,25.3,False,True,189.6469067163954,364.63605969270117,-80.81771406815137,46.88211769386151,37.05486144308423,0.0,357.33909166407113,-9.440213995178574,54.691150454332,-27.801698386428324,4.993467866003458,1.5629439529709523,55.05395079484376,55.49990611066964,5.23235273361206,54.172608071536864,17.379999999999995,36.79260807153687,0.0,False,0.0,0.0,False,False,16942.71920589743,355.2410884876254
1148.4230000000098,25.4,False,True,188.6684185668977,370.13809572211466,-83.64211205809069,46.88211769386151,37.05486144308423,0.0,362.0052431568342,-10.129548994775279,55.34957013393748,-28.68626141235805,5.080358357719992,1.5901404769585437,55.869647920093044,56.26884286040737,5.323400020599364,53.93388585459842,17.379999999999995,36.55388585459843,0.0,False,0.0,0.0,False,False,17347.847867009557,364.05654423791066
1148.523000000001,25.5,False,True,187.6171713915272,375.70657270754583,-86.5570695562134,46.88211769386151,37.05486144308423,0.0,366.73060532444396,-10.895394512634901,56.01996957468605,-29.61288855009625,5.08208124135694,1.5906797355728572,56.72589641301042,57.069664557755246,5.325205326080322,53.823990020610175,17.379999999999995,36.44399002061017,0.0,False,0.0,0.0,False,False,17762.10465367294,373.5141822391127
1148.6230000000069,25.6,False,True,186.48862273545575,381.33924470198957,-89.56589862065951,46.88211769386151,37.05486144308423,0.0,371.5127357250267,-11.675578608793998,56.63347031418892,-30.56369273882571,5.241687798080116,1.6406362206006975,57.53612521126245,57.824467967100624,5.492447376251221,53.44630836259525,17.379999999999995,36.06630836259526,0.0,False,0.0,0.0,False,False,18185.654988740047,382.8354025940403
1148.7230000000127,25.7,False,True,185.28238741572213,387.0336216033307,-92.67359684866858,46.88211769386151,37.05486144308423,0.0,376.3505908357088,-12.449127785878291,57.25406771263324,-31.59027182135578,5.288826822723672,1.6553906268555556,58.359642968282486,58.591885549723685,5.541841506958007,53.42519954020373,17.379999999999995,36.04519954020373,0.0,False,0.0,0.0,False,False,18618.678039647653,392.4833680374452
1148.823000000004,25.8,False,True,183.99750511101826,392.7883792891453,-95.87936390786578,46.88211769386151,37.05486144308423,0.0,381.2439706876567,-13.248518308198808,57.841086003659115,-32.52506936258821,5.35191731068628,1.6751378044277754,59.16578354362449,59.33897932594872,5.607950210571289,52.72547468701064,17.379999999999995,35.34547468701064,0.0,False,0.0,0.0,False,False,19061.408376458654,402.1688144594671
1148.9230000000098,25.9,False,True,182.6329413822712,398.6039678357314,-99.18186509749987,46.88211769386151,37.05486144308423,0.0,386.19430661961263,-14.042756266742147,58.470684928061935,-33.52495443009332,5.377689574789527,1.6832044637946615,60.016428202313094,60.13335180682859,5.634955406188965,52.01139435507429,17.379999999999995,34.631394355074285,0.0,False,0.0,0.0,False,False,19514.14670725247,412.5034767059602
1149.023000000001,26.0,False,True,181.19342430969937,404.4805433974529,-102.58464488759182,46.88211769386151,37.05486144308423,0.0,391.2047530954685,-14.74758518469515,59.06082630636778,-34.530641371745645,5.410893082894718,1.693597085436175,60.805947361683316,60.87423488447953,5.669747352600098,51.293157414224964,17.379999999999995,33.91315741422496,0.0,False,0.0,0.0,False,False,19977.196288026567,422.32113633796223
1149.1240000000107,26.1,False,True,179.68146308438838,410.42272359470434,-106.08681193800454,46.88211769386151,37.05486144308423,0.0,396.2817515655038,-15.49163932152474,59.78277763866123,-35.51269963650867,5.484449201571145,1.7166199813422516,61.738763794016634,61.757359003294695,5.7468223571777335,50.978965421865205,17.379999999999995,33.59896542186521,0.0,False,0.0,0.0,False,False,20451.02912243145,433.7694877789621
1149.2230000000127,26.2,False,True,178.09571755681898,416.4383779651953,-109.68710817749718,46.88211769386151,37.05486144308423,0.0,401.4335080653821,-16.223271229862952,60.53030977115774,-36.49322515334396,5.56201628072725,1.740898298649955,62.69604176662916,62.66668118218814,5.828100204467773,50.959520470211714,17.379999999999995,33.57952047021171,0.0,False,0.0,0.0,False,False,20936.250948756267,445.6826109203112
1149.3240000000078,26.3,False,True,176.43621162209152,422.5225838711834,-113.39066856496561,46.88211769386151,37.05486144308423,0.0,406.6566466780922,-16.966847464686456,61.15380834860347,-37.577982596024846,5.480027315596444,1.715235941206149,63.535864495819325,63.46386521815119,5.742188930511475,50.79353636039959,17.379999999999995,33.4135363603996,0.0,False,0.0,0.0,False,False,21433.007780378524,456.8776089294066
1149.423999999999,26.4,False,True,174.70026769664554,428.6701362312104,-117.19943689693827,46.88211769386151,37.05486144308423,0.0,411.9466020220506,-17.752031044233572,61.79723885193758,-38.597384043428356,5.612956935033527,1.756842606242366,64.426484031114,64.29644885931769,5.881477832794189,50.5024203709054,17.379999999999995,33.1224203709054,0.0,False,0.0,0.0,False,False,21941.430382520324,468.71551148618323
1149.523000000001,26.5,False,True,172.8881708898887,434.88324891176256,-121.11483557629548,46.88211769386151,37.05486144308423,0.0,417.30678321586015,-18.489905090903353,62.46501475910556,-39.7105895437159,5.616180629614651,1.757851615229106,65.3181676545063,65.14410686413537,5.8848557472228995,50.04194167032046,17.379999999999995,32.661941670320466,0.0,False,0.0,0.0,False,False,22461.944489192414,480.9095315628163
1149.6230000000069,26.6,False,True,171.002764354694,441.1605365087036,-125.1399874818808,46.88211769386151,37.05486144308423,0.0,422.73789935105555,-19.218225612991098,63.08073717971467,-40.792448567990625,5.656021744885326,1.7703217926414532,66.16415356185165,65.94330594418257,5.926602840423584,49.830680035326715,17.379999999999995,32.45068003532672,0.0,False,0.0,0.0,False,False,22994.84174367028,492.77694694445114
1149.7230000000127,26.7,False,True,169.0458345012091,447.50108671678083,-129.27606209657284,46.88211769386151,37.05486144308423,0.0,428.24067712632336,-19.92037145670702,63.730266981829345,-41.92904372585014,5.737040052119246,1.7956803363968465,67.03876332595819,66.77101263683542,6.0114970207214355,49.4543762800633,17.379999999999995,32.0743762800633,0.0,False,0.0,0.0,False,False,23540.437150126516,505.17448037102884
1149.823000000004,26.8,False,True,167.0143687797424,453.90342222636224,-133.52665053067813,46.88211769386151,37.05486144308423,0.0,433.81387757660696,-20.708942972626772,64.31644320979925,-43.082724956255596,5.756463676597809,1.8017598861683053,67.88595863772332,67.5682261584751,6.0318498611450195,48.93329469879377,17.379999999999995,31.553294698793774,0.0,False,0.0,0.0,False,False,24099.028481290512,517.7921988799995
1149.9230000000098,26.9,False,True,164.9054224556092,460.36038184830477,-137.89586823746268,46.88211769386151,37.05486144308423,0.0,439.450866505482,-21.469983510037277,64.82274922905228,-44.30162917943496,5.828225011052334,1.8242210187424082,68.65862469585375,68.28578922099291,6.107044219970702,48.289557695354944,17.379999999999995,30.909557695354952,0.0,False,0.0,0.0,False,False,24670.67218196244,529.7725912895361
1150.023000000001,27.0,False,True,162.7185362877754,466.8710416780909,-142.38406418060208,46.88211769386151,37.05486144308423,0.0,445.15168725331836,-22.267739846638435,65.3904473666706,-45.46228968335287,5.840732527365463,1.8281358425708305,69.50002637040396,69.07794760045269,6.120150089263915,48.0128458904618,17.379999999999995,30.632845890461795,0.0,False,0.0,0.0,False,False,25255.69207149333,542.8663632765023
1150.1240000000107,27.1,False,True,160.45544429467898,473.43943621889406,-146.99170155844638,46.88211769386151,37.05486144308423,0.0,450.9217200550893,-22.9941000152898,65.97744344939285,-46.690457873532694,5.85660116849172,1.8331026907324064,70.33391365592419,69.86953327188455,6.136777877807617,47.29672037375451,17.379999999999995,29.916720373754515,0.0,False,0.0,0.0,False,False,25854.64086497628,556.0746373643699
1150.224000000002,27.2,False,True,158.11695168056997,480.06951721325606,-151.72107329095533,46.88211769386151,37.05486144308423,0.0,456.76599426754007,-23.77575226689095,66.62417643784758,-47.89697677664656,5.849231358533883,1.8307959571722354,71.24480197825136,70.73943229824519,6.129055500030518,47.47130378060997,17.379999999999995,30.09130378060997,0.0,False,0.0,0.0,False,False,26468.09008269791,570.625130037533
1150.3240000000078,27.3,False,True,155.7013770720228,486.7622804197018,-156.57361116568688,46.88211769386151,37.05486144308423,0.0,462.6860640804115,-24.5357399040526,67.23108769106769,-49.153780717984496,5.880852143636088,1.8406931901553807,72.1184634111159,71.56830083747519,6.16218900680542,46.877877537569645,17.379999999999995,29.497877537569643,0.0,False,0.0,0.0,False,False,27096.507630325003,584.9958931728667
1150.423999999999,27.4,False,True,153.21447533479426,493.5167667947695,-161.55262575508425,46.88211769386151,37.05486144308423,0.0,468.68330599539183,-25.202294840518384,67.85863981028625,-50.42651106996302,5.909631035364617,1.8497009170512604,72.97350166681923,72.38750349425366,6.192344665527344,46.826867300728786,17.379999999999995,29.44686730072879,0.0,False,0.0,0.0,False,False,27740.240124325035,599.2181857279325
1150.524000000005,27.5,False,True,150.65732325402595,500.33014284934666,-166.66055276435029,46.88211769386151,37.05486144308423,0.0,474.7560211846776,-25.940746774847714,68.40888128125661,-51.732029115357996,5.846485029228817,1.8299363624185687,73.77793716465489,73.1621307876543,6.126177787780762,46.78863781217613,17.379999999999995,29.408637812176135,0.0,False,0.0,0.0,False,False,28399.562254909128,613.5034584903261
1150.6240000000107,27.6,False,True,148.02842672310007,507.20168197270425,-171.9002891816988,46.88211769386151,37.05486144308423,0.0,480.90394954122485,-26.637183843670165,69.02190118589556,-53.06269923161255,5.859729299004234,1.8340817883855471,74.63412382546571,73.9835279399206,6.1400556564331055,46.46841527300308,17.379999999999995,29.08841527300309,0.0,False,0.0,0.0,False,False,29074.875027862086,628.563168415029
1150.7230000000127,27.7,False,True,145.33388575109728,514.1353676568525,-177.27165580046727,46.88211769386151,37.05486144308423,0.0,487.1330003631258,-27.253635596385518,69.65181249706818,-54.36463314375631,6.062615002133092,1.8975845466606895,75.5023705528447,74.79395455080119,6.352647304534912,46.065865033540334,17.379999999999995,28.68586503354033,0.0,False,0.0,0.0,False,False,29766.770114588053,643.3762942902379
1150.823000000004,27.8,False,True,142.5765044026619,521.1337726107168,-182.77510991559376,46.88211769386151,37.05486144308423,0.0,493.44686429727585,-27.893991372322443,70.31628658021833,-55.70444915877334,5.932251505471695,1.8567810721490667,76.36045181661044,75.64690947494545,6.216047286987304,45.87016105412574,17.379999999999995,28.490161054125746,0.0,False,0.0,0.0,False,False,30475.79668112038,659.2165725363201
1150.9230000000098,27.9,False,True,139.75563346500152,528.1942862627576,-188.41584188074214,46.88211769386151,37.05486144308423,0.0,499.84340002033815,-28.523427380885114,70.89398646059486,-57.11019014419404,5.897420677798166,1.8458791032268387,77.1520311509268,76.41690405811815,6.179550170898437,45.52910687567298,17.379999999999995,28.149106875672985,0.0,False,0.0,0.0,False,False,31202.28547832076,674.416417701653
1151.024000000005,28.0,False,True,136.8696493339668,535.3128829259787,-194.19597268364092,46.88211769386151,37.05486144308423,0.0,506.31888353361603,-29.196255239809275,71.47794680382478,-58.49242591378136,6.102313226367843,1.9100099995075603,78.01081185945232,77.21086840153073,6.394244670867919,45.056474781114744,17.379999999999995,27.676474781114745,0.0,False,0.0,0.0,False,False,31946.511277086454,690.3619852339551
1151.1230000000069,28.1,False,True,133.9156165686133,542.490795592845,-200.11386886541442,46.88211769386151,37.05486144308423,0.0,512.8745591820896,-29.884400067260795,72.08030653350033,-59.86549772168854,6.031169417823339,1.8877421511224757,78.84747444282642,78.0297889100276,6.319697380065917,44.46138375330613,17.379999999999995,27.081383753306135,0.0,False,0.0,0.0,False,False,32709.05096718105,706.9935955876642
1151.224000000002,28.2,False,True,130.89198548818464,549.7262903864221,-206.17408260657285,46.88211769386151,37.05486144308423,0.0,519.5090489506642,-30.588221541312585,72.62958933804161,-61.338777101480574,6.010791517859652,1.8813639153197925,79.65424757895664,78.80797259461119,6.298344612121582,43.83206264926269,17.379999999999995,26.452062649262693,0.0,False,0.0,0.0,False,False,33490.32419623945,723.776281962123
1151.323000000004,28.3,False,True,127.7988241913641,557.0142018096757,-212.38204053018012,46.88211769386151,37.05486144308423,0.0,526.2178531985245,-31.275004395097977,73.12863912703043,-62.82038137066479,6.018386130912219,1.883741011731382,80.41537467664281,79.53567602330946,6.306302547454833,43.53778689252003,17.379999999999995,26.157786892520033,0.0,False,0.0,0.0,False,False,34290.52676181195,740.0825441515801
1151.423999999999,28.4,False,True,124.6368626469039,564.3514642507562,-218.73967521056332,46.88211769386151,37.05486144308423,0.0,532.9986000874903,-31.96422649410622,73.61660969457982,-64.33231223699948,6.018584995188328,1.8838032557922524,81.16827882994593,80.25656981388268,6.306510925292968,42.94974500835583,17.379999999999995,25.569745008355838,0.0,False,0.0,0.0,False,False,35109.95058420215,756.7240372105134
1151.524000000005,28.5,False,True,121.40530577140943,571.7389408588272,-225.2492803250213,46.88211769386151,37.05486144308423,0.0,539.8525449990045,-32.666911015783,74.13292246684001,-65.85979005216012,5.861595528744097,1.834665914000259,81.92364565332713,81.01121693190146,6.1420111656188965,42.52068442893745,17.379999999999995,25.14068442893745,0.0,False,0.0,0.0,False,False,35949.16403981546,774.3021114345966
1151.6240000000107,28.6,False,True,118.10526225407199,579.1800941295148,-231.91180243574155,46.88211769386151,37.05486144308423,0.0,546.7837819800083,-33.33395933096584,74.69014294691235,-67.39065216224515,6.045667397165525,1.8922799852992886,82.7664415873049,81.79101599875554,6.334888935089111,42.01021271089727,17.379999999999995,24.630212710897275,0.0,False,0.0,0.0,False,False,36808.8797852994,792.4489350233024
1151.7250000000058,28.7,False,True,114.74058099576894,586.6738215173065,-238.72648910646004,46.88211769386151,37.05486144308423,0.0,553.7921742989565,-33.95966583509517,75.18440480892026,-68.9030812521249,6.270707126733244,1.9627169028772902,83.54578677861484,82.49820379925204,6.570694446563721,41.23315108799745,17.379999999999995,23.85315108799745,0.0,False,0.0,0.0,False,False,37689.483846182986,809.5654239326806
1151.823000000004,28.8,False,True,111.3150550348773,594.2169320833525,-245.6944264998068,46.88211769386151,37.05486144308423,0.0,560.8753661684052,-34.55085338273749,75.67780651199952,-70.45566661481027,6.368060973828631,1.9931884330241287,84.2839278484603,83.19189785034995,6.67270565032959,40.92837705983449,17.379999999999995,23.548377059834493,0.0,False,0.0,0.0,False,False,38591.221225993,826.7821608183999
1151.9230000000098,28.9,False,True,107.82692877244403,601.8084907092104,-252.81946443954223,46.88211769386151,37.05486144308423,0.0,568.0325094276429,-35.21167186592796,76.15336600515857,-72.04509217989813,6.430469771435151,2.012722243083342,85.03471654331045,83.89992246426348,6.738100051879884,40.35013890014283,17.379999999999995,22.970138900142835,0.0,False,0.0,0.0,False,False,39514.605019537616,845.064470956846
1152.023000000001,29.0,False,True,104.27375037728432,609.450149121536,-260.10432812201225,46.88211769386151,37.05486144308423,0.0,575.2652995432338,-35.851896037266634,76.67980224135161,-73.65218146950224,6.441592973954409,2.0162037798793446,85.81021004494885,84.64721212916446,6.749755382537841,39.55494954326125,17.379999999999995,22.174949543261253,0.0,False,0.0,0.0,False,False,40460.36627599895,864.3163204516882
1152.1240000000107,29.1,False,True,100.65662354325794,617.1418318584662,-267.54734905642243,46.88211769386151,37.05486144308423,0.0,582.574107496242,-36.490640643261116,77.15385249725165,-75.20823721870124,6.573441354215214,2.057472019541127,86.5677856892414,85.34801585112149,6.887911319732666,39.337007430653976,17.379999999999995,21.957007430653977,0.0,False,0.0,0.0,False,False,41429.007196224076,882.8517248205906
1152.2230000000127,29.2,False,True,96.9760879740463,624.8814084017105,-275.15065623603226,46.88211769386151,37.05486144308423,0.0,589.9571638413539,-37.12007074097167,77.63767836763544,-76.85790637349533,6.628591833277277,2.0747339925960353,87.31382502021539,86.05526569670882,6.945700168609619,39.21628982463424,17.379999999999995,21.83628982463424,0.0,False,0.0,0.0,False,False,42420.922343458995,902.2723672021268
1152.3240000000078,29.3,False,True,93.23161318220743,632.6655942546863,-282.9191299307477,46.88211769386151,37.05486144308423,0.0,597.4114334128516,-37.76942509580551,78.04603869187979,-78.51156752081359,6.602018651265674,2.066416647766605,87.98708988349253,86.70474974049611,6.917855739593506,39.13644402702922,17.379999999999995,21.75644402702922,0.0,False,0.0,0.0,False,False,43436.49914322033,921.2425558107531
1152.4230000000098,29.4,False,True,89.42531675211545,640.4934270107742,-290.8525976123763,46.88211769386151,37.05486144308423,0.0,604.9363819448303,-38.35650350603412,78.51061642987891,-80.157786111758,6.62791560372511,2.0745223343020918,88.69089267354538,87.37927816941486,6.944991588592529,38.903383034767096,17.379999999999995,21.5233830347671,0.0,False,0.0,0.0,False,False,44476.18051123898,940.5926948778192
1152.524000000005,29.5,False,True,85.5605599520443,648.3646929305601,-298.94925976833457,46.88211769386151,37.05486144308423,0.0,612.5322293306416,-38.938632495388916,78.9147019658383,-81.7754570074078,6.614127983959594,2.0702068410383645,89.33157570688148,87.99856411878572,6.93054437637329,38.36387179217441,17.379999999999995,20.98387179217441,0.0,False,0.0,0.0,False,False,45540.39778183506,959.1275799882279
1152.6240000000107,29.6,False,True,81.63676813759027,656.2781587553236,-307.2129780492687,88.2533214640761,2.1150200916121857,0.0,654.1965994747147,-39.537203793691724,79.3546145294334,-83.49890861127513,-1.5163589422470338,-6.756100327885491,94.13097182360389,88.65858859094743,6.924177646636962,38.07112491791802,257.35,140.72112491791802,0.0,False,0.0,0.0,False,False,46629.683235557124,979.4599529005156
1152.7230000000127,29.7,False,True,77.65234313239361,664.2314809340005,-315.6450134275368,88.2533214640761,2.1150200916121857,0.0,662.2013201889881,-40.15129631024131,79.71182904410536,-85.1417989540871,-1.5117862820052417,-6.735726951570579,94.68997662291233,89.25302395409064,6.903297424316405,37.747266626144565,257.35,140.39726662614456,0.0,False,0.0,0.0,False,False,47744.488976851455,998.5442558759408
1152.823000000004,29.8,False,True,73.60955782400204,672.220231305687,-324.24230751343083,88.2533214640761,2.1150200916121857,0.0,670.2651967018772,-40.70440985758985,80.0631783896253,-86.80408276379396,-1.4975522336164127,-6.672307495723008,95.18519946143928,89.81626531816842,6.8383002281188965,37.51801506137925,257.35,140.16801506137926,0.0,False,0.0,0.0,False,False,48884.91922922923,1017.1973583139348
1152.923999999999,29.9,False,True,69.51023958545814,680.2465626498437,-333.00595156767486,88.2533214640761,2.1150200916121857,0.0,678.3905159498584,-41.28195491328805,80.46344849350787,-88.4687983210867,-1.4894226537565447,-6.63608635069818,95.7589400197335,90.43542638219904,6.801177978515625,37.11453634085867,257.35,139.76453634085868,0.0,False,0.0,0.0,False,False,50051.67784545079,1037.3345327969703
1153.024000000005,30.0,True,False,74.43162884714039,680.7018324434808,-320.62619361354916,88.2533214640761,2.1150200916121857,0.0,678.7275602807559,-29.65181059100373,92.3661455312215,-90.85365096209001,-1.5111274655566937,-6.732791610933187,103.01697621980344,97.00894140036553,6.900289058685303,16.547607804392147,257.35,119.19760780439215,5.33173942565918,True,-40.67115224014411,3.642125545439657,True,False,51082.484246123524,981.5721689751837
1153.1230000000069,30.1,True,False,55.73283166211732,632.8842124144966,-290.7167535236853,88.2533214640761,2.1150200916121857,0.0,631.6069634199921,-33.80048686460379,86.01769998247448,-86.69148623865614,-1.544701729191397,-6.8823809246710015,98.34053440599186,92.42033121861901,7.053599834442138,20.288162701941786,257.35,122.93816270194179,5.283909320831299,True,4.711697307282819,0.49336206782965447,True,False,42101.57433409465,798.2300862134916
1153.2250000000058,30.2,True,False,85.47463943138351,649.2352325627379,-294.200496978743,88.2533214640761,2.1150200916121857,0.0,647.1261781619669,-29.430032938108624,89.88306699101746,-87.44326124895376,-1.535138395988913,-6.83977172655513,100.6649525460651,94.57849951468827,7.009930610656738,17.01680393348366,257.35,119.66680393348365,4.954255104064941,True,1.142875458994312,0.15305363222055915,True,False,35323.61248983352,597.3656451669434
1153.3240000000078,30.3,True,False,83.57974387888925,654.8196558339538,-305.07411978736644,88.2533214640761,2.1150200916121857,0.0,652.7213676960389,-29.503485494810334,90.35172047023353,-89.15498448935385,-1.5349248471480064,-6.838820264896631,101.13476945684387,95.04677295034114,7.008955478668213,17.33067072143212,257.35,119.9806707214321,5.170816898345947,True,1.1353790134136137,0.21740416812357494,True,False,35990.99956971366,608.8041535938913
1153.4230000000098,30.4,True,False,81.33850385660479,664.1329898048057,-313.6358093321467,88.2533214640761,2.1150200916121857,0.0,662.054081571682,-29.570373526493253,91.12020025444578,-90.7799642018085,-1.549980719193528,-6.905901336026542,101.95223884790846,95.79821441397868,7.077705383300781,17.069201847392044,257.35,119.71920184739203,5.1714277267456055,True,0.707231097412401,0.08467805749068229,True,False,36744.345066473266,619.4002263152281
1153.523000000001,30.5,True,False,78.06284963168432,673.0853192293569,-322.84440326719226,88.2533214640761,2.1150200916121857,0.0,671.0476794097133,-29.746288447442993,91.8232264179616,-92.44139070281835,-1.5241071625142408,-6.790622334535338,102.57281648789667,96.52122350137674,6.959558486938476,16.84167204061559,257.35,119.4916720406156,4.9693121910095215,True,0.8077291980240648,0.10871420928610535,True,False,37522.5598478932,631.2030052824267
1153.625,30.6,True,False,74.7262593658888,682.3527785420619,-331.99548778456705,88.2533214640761,2.1150200916121857,0.0,680.3722432835576,-29.97369885058912,92.42283494320888,-94.18961908095538,-1.5396551889300278,-6.85989618747283,103.27417653857314,97.16173651044654,7.030555725097656,16.83495130844293,257.35,119.48495130844292,4.971363544464111,True,0.587618005680782,0.05663011828487994,True,False,38317.02893335497,643.0634124684865
1153.7230000000127,30.7,True,False,70.65178559405935,691.5752010974554,-341.13772786160257,88.2533214640761,2.1150200916121857,0.0,689.6848231312572,-30.270087300019963,93.01806644976776,-95.8941496728964,-1.5292851736757083,-6.813692837126199,103.88654325359956,97.81941970388212,6.983202934265136,16.883020230642803,257.35,119.5330202306428,5.294157981872559,True,1.2957018942327263,0.27026666513095465,True,False,39127.54993516322,655.021223583766
1153.823000000004,30.8,True,False,67.26200049916679,701.100346723944,-350.6358929419894,88.2533214640761,2.1150200916121857,0.0,699.3004521685649,-30.465608287865766,93.63517103072206,-97.6153083887026,-1.5126731623503864,-6.739678425343503,104.46713768314956,98.4667382535963,6.907347202301025,16.820570035190176,257.35,119.47057003519018,5.3462066650390625,True,0.8319637621156053,0.10932618775527565,True,False,39959.116551972635,666.7105164550984
1153.923999999999,30.9,True,False,22.274514969294444,635.1684078708923,-410.09194309994194,88.2533214640761,2.1150200916121857,0.0,636.4823600739454,-37.20090198622369,72.22085626214165,-117.28788716405545,-1.5174320121194824,-6.7608813645616435,86.6684770139997,81.2389019363602,6.929077625274657,25.96737650581665,257.35,128.61737650581665,5.248480319976807,True,-1.598178222622428,0.13147899394038798,True,False,26028.395572422007,299.4225981261828
1154.023000000001,31.0,True,False,18.429578616888385,642.1618893232154,-421.9372452700291,88.2533214640761,2.1150200916121857,0.0,643.8441968973294,-37.2747678583396,72.16053366069717,-119.2599159254044,-1.5170530542986265,-6.75919292722243,86.64258429155443,81.21915375753257,6.927347183227538,26.13838837936756,257.35,128.78838837936757,5.00547981262207,True,0.12434473879018526,0.0022831129599504407,True,False,26447.417115579636,300.99659877946067
1154.1240000000107,31.1,True,False,-59.984489422030435,624.3787390329167,-446.56785784158876,88.2533214640761,2.1150200916121857,0.0,639.6769375919127,-46.9566737074643,66.25390057342744,-121.70309076569347,-1.5136653029554987,-6.744098883640517,85.98706261750283,81.20657945550273,6.911877632141112,31.105154950714464,257.35,133.75515495071446,4.406835556030273,True,-1.0190492399657938,0.1499599385884953,True,False,21607.652754885963,192.08302778458835
1154.224000000002,31.2,True,False,-64.4912405657291,631.363024286924,-458.4719812018915,88.2533214640761,2.1150200916121857,0.0,647.5213911628404,-47.00297544158657,66.27108917255545,-123.60725621941782,-1.490347231476539,-6.640205784206418,85.95031273278552,81.24738125305447,6.8053998947143555,31.22996531376136,257.35,133.87996531376137,4.151280879974365,True,0.30663273834151994,0.013380755671931501,True,False,21896.143306025293,192.4229397808376
1154.323000000004,31.3,True,False,-69.22907101513866,637.9428066078855,-470.8501578435048,88.2533214640761,2.1150200916121857,0.0,655.0402110154467,-47.07245319881626,66.21648428382633,-125.58390018398362,-1.5011224151918454,-6.688214352760861,85.97581795296928,81.24308365064049,6.854602813720703,31.097619642903723,257.35,133.74761964290374,3.454019069671631,True,0.28061362618423047,0.011047644904941782,True,False,22209.399349918353,193.3551067433181
1154.4230000000098,31.4,True,False,-74.11568733678418,644.2304784789162,-483.4159591991005,88.2533214640761,2.1150200916121857,0.0,662.3261710961688,-47.08023928898704,66.12745646733643,-127.5525822523984,-1.4851467689699396,-6.617035250194248,85.85262685061424,81.17505423680204,6.781652927398681,31.0410262110921,257.35,133.6910262110921,3.6110706329345703,True,1.0002628060306105,0.1379469823962327,True,False,22526.373832802346,194.19344094932472
1154.523000000001,31.5,True,False,-79.06693446984434,650.7333178953536,-496.12069663533566,88.2533214640761,2.1150200916121857,0.0,669.8520465682071,-47.129109215050285,66.05128237309687,-129.48205843116853,-1.4793749980483764,-6.591319265456579,85.79537171025301,81.1413879505072,6.7552971839904785,31.202209107181933,257.35,133.85220910718192,3.727126359939575,True,0.9511978637344729,0.12265167365134469,True,False,22847.584954955648,195.0469537834586
1154.6240000000107,31.6,True,False,-84.11605118350072,657.0583042248085,-509.2325119910232,88.2533214640761,2.1150200916121857,0.0,677.2458239502816,-47.17026624883368,65.9642822361077,-131.44193095784266,-1.5187898485880937,-6.766931171869936,85.87133806642917,81.09451614573412,6.935277938842773,31.327137059130298,257.35,133.97713705913029,4.291449069976807,True,1.1280427421217905,0.1695875525689251,True,False,23172.322146113103,195.91214157994568
1154.7230000000127,31.7,True,False,-89.11253692728464,663.6859233189797,-522.2546220871942,88.2533214640761,2.1150200916121857,0.0,684.934090055371,-47.20048970753985,65.88507010285468,-133.35061160548383,-1.5452942358531596,-6.885020823668714,85.90624544823503,81.04769392826455,7.056305408477782,31.661656286816147,257.35,134.31165628681615,4.592848300933838,True,0.9542123011701431,0.1192912266026935,True,False,23501.04753903976,196.70638911612534
1154.823000000004,31.8,True,False,-94.16940966749428,670.0130220060639,-535.7379267555754,88.2533214640761,2.1150200916121857,0.0,692.3624728383378,-47.182235441290345,65.79640058488133,-135.33344049033386,-1.5734229518323106,-7.010347632483602,85.91266706769912,80.96499040426995,7.184750080108643,31.793572507238217,257.35,134.44357250723823,5.193997859954834,True,1.1289364995441282,0.16422734945418085,True,False,23833.631275409796,197.52041735193455
1154.923999999999,31.9,True,False,-98.78086358697574,676.6132711777768,-549.3878605964678,88.2533214640761,2.1150200916121857,0.0,699.9497675519336,-47.22852559562685,65.62106995777104,-137.26891514340858,-1.5787822445526114,-7.034225830643731,85.80612492194825,80.84960390960157,7.2092223167419425,31.852845740426876,257.35,134.5028457404269,4.344425678253174,True,-0.37417735797228424,0.01774219546716646,True,False,24170.50152750439,198.2810078967659
1155.024000000005,32.0,True,False,-103.64214702080216,683.1874963347985,-562.9639938001623,88.2533214640761,2.1150200916121857,0.0,707.5899863063754,-47.230088890085774,65.50222762228715,-139.17975314325932,-1.5355575573812847,-6.8416392899278495,85.56649620925114,80.75409042300781,7.011844635009765,32.2365112971477,257.35,134.8865112971477,5.277904033660889,True,0.7576162854189192,0.07153099434161772,True,False,24510.884272397638,199.0224752856638
1155.1230000000069,32.1,True,False,-108.25579367834057,689.7063641682838,-577.1195439181195,88.2533214640761,2.1150200916121857,0.0,715.120751190468,-47.25752578798117,65.29780929509268,-141.09038801068584,-1.5373654650011468,-6.849694378286571,85.41425727745496,80.60445175261722,7.020100116729736,32.38203346171173,257.35,135.03203346171173,4.218985557556152,True,-0.475281670393203,0.02770258989477347,True,False,24855.068377096628,199.70692902267888
1155.224000000002,32.2,True,False,-113.04411722354108,695.9782737035196,-591.0739094872537,88.2533214640761,2.1150200916121857,0.0,722.4727493373691,-47.193429753180375,65.14147876940974,-143.02224725156313,-1.5890846969218129,-7.080128156201585,85.4149682135854,80.44023911037206,7.2562665939331055,32.301980892637594,257.35,134.9519808926376,4.399760723114014,True,1.0340816629607126,0.12900346379023928,True,False,25203.29542204725,200.40192470107294
1155.3240000000078,32.3,True,False,-117.91761104554207,702.2155799217827,-605.5741869261126,88.2533214640761,2.1150200916121857,0.0,729.8268611707873,-47.13888080689215,64.98697783701466,-144.984238626277,-1.5691147997636319,-6.9911527658904395,85.19069702164262,80.28313255046181,7.1650776863098145,32.22442414832516,257.35,134.87442414832518,4.408944129943848,True,0.8336450291682542,0.08251353515874553,True,False,25555.132091986387,201.13539093658335
1155.423999999999,32.4,True,False,-122.83817089368321,708.2414362706861,-620.4939823446822,88.2533214640761,2.1150200916121857,0.0,737.0034828762539,-47.100700381506776,64.75167373520625,-146.9355747873083,-1.6045895958699745,-7.149209855757679,85.08603385856155,80.07031427401213,7.327066898345947,32.05892054092449,257.35,134.70892054092448,4.799091339111328,True,0.9835811025200041,0.11299653775178026,True,False,25908.93455374782,201.7728346336478
1155.523000000001,32.5,True,False,-127.5834876356469,714.6394049520185,-635.3226347694172,88.2533214640761,2.1150200916121857,0.0,744.4974997829413,-47.08998202558671,64.53481993235816,-148.86716345841987,-1.5756110703713617,-7.020096741330633,84.80367954061603,79.88873131344603,7.19474172592163,31.883874050381266,257.35,134.53387405038126,4.257739543914795,True,0.1995160617776559,0.0045769634508709255,True,False,26268.203179803764,202.46440181208823
1155.6240000000107,32.6,True,False,-132.3745874186131,720.9133159393693,-650.312727423245,88.2533214640761,2.1150200916121857,0.0,751.896046200263,-47.06736303913958,64.30076780311876,-150.81335883209374,-1.5736139449032243,-7.011198597458367,84.58769271333964,79.68641919128225,7.185622215270995,31.78279796053344,257.35,134.43279796053343,4.162985801696777,True,0.5801308336752449,0.03808425330755179,True,False,26631.982737611565,203.14899675928774
1155.7230000000127,32.7,True,False,-137.22141236072437,727.0930084590275,-665.5353727779864,88.2533214640761,2.1150200916121857,0.0,759.2311500528865,-47.01878003213126,64.08479682430053,-152.7651527649299,-1.585392860383223,-7.063679268438965,84.41740531559283,79.48350055025146,7.239408493041992,31.7497953441501,257.35,134.3997953441501,4.380631923675537,True,0.8895436133772865,0.08812892358646436,True,False,26999.659054531003,203.84789674818356
1155.8240000000078,32.8,True,False,-141.94950940973925,733.4828473020938,-680.9055439584413,88.2533214640761,2.1150200916121857,0.0,766.7413136259838,-46.977802078641204,63.84625710772098,-154.72047688516733,-1.5545102519676943,-6.926082558960054,84.09518120717274,79.26700722750417,7.098388671874999,31.995260894087277,257.35,134.64526089408727,4.457546234130859,True,0.13978424912836473,0.002141388997847612,True,False,27371.719395447108,204.53169443839022
1155.9230000000098,32.9,True,False,-146.66635460143658,739.843527801376,-696.4553968758995,88.2533214640761,2.1150200916121857,0.0,774.2290392967706,-46.92734364001642,63.619545149457906,-156.6524615527086,-1.5699287915557434,-6.994779486490926,83.92662226925691,79.05455145740885,7.168794631958007,32.11177593090862,257.35,134.7617759309086,4.391645431518555,True,0.14343815321264408,0.00222018135161771,True,False,27747.627973666986,205.23437876899737
1156.024000000005,33.0,True,False,-148.83120341187907,769.3115135634739,-704.4264745958413,88.2533214640761,2.1150200916121857,0.0,802.9941042941583,-47.149232428147386,67.22573258420732,-158.43742771268901,-1.5720201082485743,-7.004097297070267,87.10539551059135,82.11180938237094,7.178344249725341,33.347678385896835,257.35,135.99767838589685,4.224791526794434,True,1.4433047230977785,0.1699286423237197,True,False,25235.767040536914,162.13267843038943
1156.1240000000107,33.1,True,False,-152.74001695164463,775.0826814445741,-721.0527436434448,88.2533214640761,2.1150200916121857,0.0,809.6646186281214,-47.078437256011675,67.14479747678219,-160.45011692810436,-1.5381635842143744,-6.8532503789985055,86.88859310961712,82.0048966993211,7.023744583129883,33.239181630427574,257.35,135.88918163042757,4.433384895324707,True,0.991380884740126,0.10111891803830801,True,False,25529.60041378319,162.61842710706398
1156.224000000002,33.2,True,False,-157.42671553758385,781.9005915704075,-737.0805625461142,88.2533214640761,2.1150200916121857,0.0,817.5721485395942,-47.14706169111532,67.07040340904842,-162.38747289789038,-1.5538582231351166,-6.923177460380267,86.91254346958974,81.98344003247442,7.09541130065918,33.30093430196998,257.35,135.95093430196997,4.0491719245910645,True,-0.5067540988553807,0.02606240045271332,True,False,25845.209221854067,163.2654919478561
1156.3240000000078,33.3,True,False,-162.14349308867926,788.6062096883878,-753.4152623276277,88.2533214640761,2.1150200916121857,0.0,825.3889725768804,-47.16966772968391,67.05272201729126,-164.33830430922944,-1.4958927137241438,-6.664913545269776,86.72014481735529,81.98198023746998,6.830722332000732,33.44828495138024,257.35,136.09828495138026,3.933239698410034,True,0.0073687019824388855,5.421978683461115e-06,True,False,26164.1875477436,163.9558135587846
1156.423999999999,33.4,True,False,-166.90727945727008,795.1931393462288,-769.8594615798207,88.2533214640761,2.1150200916121857,0.0,833.1145392459445,-47.158296589027216,67.02471012269058,-166.2844615830771,-1.482142256866972,-6.603648719710962,86.6455209482912,81.95252713741876,6.767933368682861,33.41688860928752,257.35,136.0668886092875,3.759521007537842,True,0.6489190167886241,0.041372102201839206,True,False,26486.391804437917,164.6166878585136
1156.524000000005,33.5,True,False,-171.68658244107255,801.5558887928308,-786.6139982338224,88.2533214640761,2.1150200916121857,0.0,840.6393139700148,-47.16227807868018,66.99475118162334,-168.23590656584884,-1.4761247742472898,-6.576837972487988,86.60255962971011,81.93031892686847,6.740455627441406,33.31729227101839,257.35,135.96729227101838,3.8639421463012695,True,1.270316661830667,0.1560067426184313,True,False,26811.516313619635,165.31296352062134
1156.6240000000107,33.6,True,False,-176.4607592262593,808.1005633732781,-803.6517681079029,88.2533214640761,2.1150200916121857,0.0,848.3432327158457,-47.17469823603542,66.9567063160426,-170.19439618753705,-1.4414870478273571,-6.422510426217093,86.4640737838136,81.90636528593966,6.582288742065429,33.27277427125256,257.35,135.92277427125256,3.8121719360351562,True,0.6120964217865961,0.03565066297252819,True,False,27139.407944776816,165.99959190904917
1156.724000000002,33.7,True,False,-181.14433703379842,814.8778686232762,-820.6829793627857,88.2533214640761,2.1150200916121857,0.0,856.2467788887978,-47.1947055025516,66.9010929505931,-172.13816396266657,-1.4328148763893225,-6.383871777633557,86.3992863911402,81.8724402070469,6.542688846588135,33.22453257657813,257.35,135.87453257657813,3.8169047832489014,True,-0.31190061466385544,0.0091107973723155,True,False,27469.831873487503,166.67343868249708
1156.8240000000078,33.8,True,False,-185.88093039012423,821.4830235279502,-837.9792277699584,88.2533214640761,2.1150200916121857,0.0,864.010134833448,-47.2103156064187,66.84593423422996,-174.09842250748002,-1.3854901558974475,-6.173017638336927,86.20720364412118,81.83637836136603,6.326589107513427,33.11925537376283,257.35,135.76925537376283,3.6221792697906494,True,0.3619814631770337,0.012079038231454259,True,False,27804.501991103032,167.37023572562967
1156.9230000000098,33.9,True,False,-190.51543695673934,828.2513993637696,-855.4219823206439,88.2533214640761,2.1150200916121857,0.0,871.9021377588157,-47.25752933345953,66.74371803060286,-176.03319509292558,-1.3757168242993336,-6.129472797484996,86.11412579009694,81.78018082183121,6.281960964202881,33.23396023076,257.35,135.88396023076,3.452519655227661,True,-0.6211379230214202,0.03502164233578745,True,False,28142.337223618393,168.04109798417332
1157.024000000005,34.0,True,False,-195.2363617967762,834.9364561183653,-873.1350307344362,88.2533214640761,2.1150200916121857,0.0,879.7487964305502,-47.30387429335816,66.67357075022431,-177.9913144671493,-1.349382753982688,-6.012141988700893,85.99434940162106,81.74974960051559,6.1617112159729,33.249069247251974,257.35,135.89906924725196,3.2244253158569336,True,-0.10358865513466675,0.0009588839914070771,True,False,28483.473233511166,168.76242884343148
1157.1240000000107,34.1,True,False,-201.02936063424437,842.8740816820336,-890.7837628365094,88.2533214640761,2.1150200916121857,0.0,889.1345622617557,-47.33499020881861,66.84652760215529,-179.95360606959483,-1.3184826021904978,-5.874467115134634,86.05731836969458,81.90884903680836,6.020611286163329,33.80577286448336,257.35,136.45577286448335,2.9791793823242188,True,-0.1337728413548822,0.0017386587869695999,True,False,28783.844422358525,168.35595039065333
1157.224000000002,34.2,True,False,-205.7593666320245,849.582971468012,-908.8693665503635,88.2533214640761,2.1150200916121857,0.0,897.0202837013258,-47.359624030929155,66.80556232444016,-181.91172288758656,-1.300381387921327,-5.793817595913382,85.97746098639634,81.88966446283452,5.937955379486084,33.7226616880002,257.35,136.37266168800022,2.856360912322998,True,-0.1491635441720085,0.0019271028743891262,True,False,29130.449725999584,169.0024708521019
1157.3240000000078,34.3,True,False,-210.5298469504348,856.1657344354431,-927.0773602329408,88.2533214640761,2.1150200916121857,0.0,904.80605899774,-47.38151105751895,66.75284995083496,-183.85552372898874,-1.2714107987121566,-5.664739841430613,85.85131715470685,81.8593340227764,5.80566644668579,33.694278595437225,257.35,136.34427859543723,2.5879268646240234,True,0.6295042760759912,0.0337705009426553,True,False,29480.12994071869,169.6436075126698
1157.423999999999,34.4,True,False,-215.26333587646783,862.8499150795055,-945.5495395370425,88.2533214640761,2.1150200916121857,0.0,912.6811714574794,-47.43727517379125,66.67187134234032,-185.79018344802236,-1.2349870938931884,-5.502454911910182,85.6958855142584,81.8256286514413,5.639344215393066,33.716582245196264,257.35,136.36658224519627,2.532381772994995,True,-0.06922601378899707,0.0004022635192986431,True,False,29832.651803387926,170.28148230502876
1157.523000000001,34.5,True,False,-220.0339259393652,869.3578298809814,-964.1448564125491,88.2533214640761,2.1150200916121857,0.0,920.4081258023261,-47.47170992237461,66.58041458455298,-187.72598161955753,-1.1930277227635568,-5.315505955994315,85.50286437602712,81.77111255941817,5.447744369506836,33.611803577074134,257.35,136.26180357707415,2.191770553588867,True,0.837072744809932,0.05792437859805559,True,False,30188.594956300785,170.9055297086295
1157.6230000000069,34.6,True,False,-224.8275182483656,875.928608695087,-983.0778419793969,88.2533214640761,2.1150200916121857,0.0,928.2078430088437,-47.48568728988636,66.52481425361765,-189.6775371298235,-1.1783216740026503,-5.249983513987128,85.41658916664662,81.73396728943973,5.380591869354248,33.66892158927914,257.35,136.3189215892791,2.4617362022399902,True,0.48305935341386164,0.019003619635372226,True,False,30547.546568730028,171.5553320671434
1157.7230000000127,34.7,True,False,-229.61883229945667,882.3882700109002,-1002.1413486455347,88.2533214640761,2.1150200916121857,0.0,935.9079552294298,-47.50125999875458,66.4926881991104,-191.63046709967216,-1.1370623671416928,-5.066153677366406,85.26609333566226,81.71687270945577,5.192188739776611,33.582688113621955,257.35,136.23268811362195,2.326523542404175,True,0.9857620946821015,0.07793419907185331,True,False,30909.915853611128,172.25327810264497
1157.823000000004,34.8,True,False,-234.40525361335423,888.9133338407969,-1021.485945344158,88.2533214640761,2.1150200916121857,0.0,943.6735692703251,-47.508385547162206,66.45710300250636,-193.59580435830267,-1.0906373712528754,-4.859308239120938,85.09193767982393,81.69206348711943,4.980197429656982,33.52725148397202,257.35,136.17725148397201,2.297315835952759,True,0.5845323504821938,0.0269920592911483,True,False,31275.16159924698,172.94575237464832
1157.923999999999,34.9,True,False,-239.06643011672853,895.7361560384529,-1040.7180229183546,88.2533214640761,2.1150200916121857,0.0,951.6811201163138,-47.52356355562514,66.41991059066822,-195.518425589119,-1.0846350302380496,-4.832564954949545,85.04992271580774,81.67064108905906,4.952788829803467,33.52092722605468,257.35,136.1709272260547,2.079861640930176,True,-0.8953018674315594,0.06238122538323584,True,False,31643.067768757523,173.63717220843188
1158.023000000001,35.0,True,False,-243.80811953186088,902.4246990676237,-1060.4020866903297,88.2533214640761,2.1150200916121857,0.0,959.5948721487558,-47.526977475065,66.38318430622982,-197.47498902600546,-1.0306570885722428,-4.592067550788407,84.8492438720025,81.6427629771936,4.706308364868164,33.42699627455155,257.35,136.07699627455156,1.507056474685669,True,-0.3267136629601204,0.008185517656351712,True,False,32015.23350349688,174.3380377844902
1158.1240000000107,35.1,True,False,-248.46594232659714,909.1450441947806,-1080.2278798358113,88.2533214640761,2.1150200916121857,0.0,967.5139933005244,-47.578616271808464,66.33727273871204,-199.41658763584513,-1.001373224779835,-4.461594009031558,84.74620406028066,81.63552217478777,4.572588920593262,33.55634942929937,257.35,136.2063494292994,1.345692753791809,True,-0.9128846096706811,0.06296198124184879,True,False,32390.867605351646,175.08879067475888
1158.2230000000127,35.2,True,False,-253.22597085179177,915.7753510504086,-1100.265165308095,88.2533214640761,2.1150200916121857,0.0,975.3887980945257,-47.610864092870074,66.28750233478301,-201.358756872617,-0.9903182868616976,-4.41233900244136,84.68732405950034,81.61389186562303,4.522108554840088,33.62315167471927,257.35,136.27315167471926,1.3856946229934692,True,0.01118514939767401,9.314097165054122e-06,True,False,32769.71509886882,175.8189171451298
1158.3240000000078,35.3,True,False,-260.4880170823813,923.8656796686934,-1119.1928560869726,88.2533214640761,2.1150200916121857,0.0,985.5175288354636,-47.443333083262985,66.54948396711829,-203.21837307904303,-0.95061021131207,-4.2354206391394635,84.68811014637791,81.72945411746717,4.340788841247559,35.47959225509345,257.35,138.12959225509346,1.19704008102417,True,0.5138941735481971,0.021297074574391412,True,False,33074.38688375966,175.6138934151869
1158.423999999999,35.4,True,False,-265.1291371681786,930.5331899807292,-1139.6031841093313,88.2533214640761,2.1150200916121857,0.0,993.3979365034107,-47.41198492303739,66.52325409612826,-205.16722998821461,-0.9341686213600292,-4.162165535633868,84.59678455290585,81.6898993136873,4.265711307525635,35.52698936593546,257.35,138.17698936593547,1.1577749252319336,True,-0.4867036253499095,0.017140896702480316,True,False,33458.56719873053,176.26935848866214
1158.524000000005,35.5,True,False,-269.85398714100967,937.2358576347343,-1160.2121904210364,88.2533214640761,2.1150200916121857,0.0,1001.3450081184449,-47.40805356222194,66.50515994960725,-207.12265853059,-0.9076118128147016,-4.043842322097894,84.49528273473658,81.67288315274139,4.144444465637207,35.50232304528091,257.35,138.1523230452809,0.9526606202125549,True,-0.33099594017540346,0.007809707919152692,True,False,33846.3155285069,176.95425953138076
1158.6230000000069,35.6,True,False,-274.60383579308086,943.8211175997773,-1181.011361679531,88.2533214640761,2.1150200916121857,0.0,1009.1955661103564,-47.398674899854534,66.49013079874511,-209.07852113208332,-0.8587443194252442,-3.82611439573884,84.32282891768969,81.65520115642563,3.921299934387207,35.43542274392291,257.35,138.08542274392292,0.8259392976760864,True,0.3848916040611897,0.010406737347999767,True,False,34237.36561500664,177.65040155600155
1158.724000000002,35.7,True,False,-279.30187004727844,950.5520393403665,-1201.9343818878845,88.2533214640761,2.1150200916121857,0.0,1017.1674386689785,-47.42909029020517,66.46023885797882,-211.02139722257132,-0.8257564013855001,-3.67913753051568,84.21046757808502,81.64852696047879,3.770666599273681,35.48449466065801,257.35,138.13449466065802,0.719057559967041,True,-0.5399288799834023,0.020186176818810703,True,False,34631.43044108884,178.3652133946228
1158.8240000000078,35.8,True,False,-284.0520597726531,957.1755903068218,-1223.1231819129966,88.2533214640761,2.1150200916121857,0.0,1025.0619443124535,-47.43137109980648,66.43508040601064,-212.96392668013462,-0.8087794773831374,-3.603497259189892,84.13719992343212,81.62937506168142,3.693144559860229,35.49634495918363,257.35,138.14634495918364,0.6211199760437012,True,0.1738090278552913,0.0020623373054065204,True,False,35029.3425856351,179.06541000637685
1158.923999999999,35.9,True,False,-286.25305187544274,968.8995688606243,-1238.420122056718,88.2533214640761,2.1150200916121857,0.0,1036.7870501749244,-48.27452224086186,66.38862787010682,-214.44405509257166,-0.7635862249431782,-3.402139823874898,84.42772232166423,82.08458690923035,3.4867777824401855,30.581614755686996,257.35,133.231614755687,0.5301535725593567,True,-2.6221537979473766,0.5064297317688533,True,False,35116.00927008074,177.69223785598217
1159.023000000001,36.0,True,False,-290.87285692676784,976.0979469455926,-1259.752743283758,88.2533214640761,2.1150200916121857,0.0,1045.169556074177,-48.27911827343052,66.3890365275882,-216.37938028520298,-0.7496958909845909,-3.3402517792982063,84.38731918833443,82.08762045717572,3.4233500957489014,30.53778954778097,257.35,133.18778954778097,0.47933724522590637,True,-0.7417211130724368,0.03652727072228772,True,False,35505.27489775547,178.3175782316656
1159.1240000000107,36.1,True,False,-295.6728525998095,982.8053324792254,-1281.4844053817894,88.2533214640761,2.1150200916121857,0.0,1053.163233284493,-48.29984447905031,66.35967868777358,-218.33180849389703,-0.7066840738925738,-3.1486136760350627,84.24079548938136,82.07607405477553,3.2269444465637203,30.48675236268767,257.35,133.13675236268767,0.3892443776130676,True,-0.3996400173855168,0.010471583319336304,True,False,35908.22738719203,179.00843882895958
1159.224000000002,36.2,True,False,-300.524108891911,989.3959246683653,-1303.369606234067,88.2533214640761,2.1150200916121857,0.0,1061.07090945709,-48.30925105988971,66.33706180856393,-220.28437500959626,-0.677105157655187,-3.016825535297241,84.13550387890207,82.06332620215127,3.0918776988983154,30.446542851862553,257.35,133.09654285186255,0.35101813077926636,True,0.4762062036108592,0.014660164589316824,True,False,36314.80768443521,179.70627794347968
1159.3240000000078,36.3,True,False,-305.33269116030544,996.0623431936275,-1325.4625254110676,88.2533214640761,2.1150200916121857,0.0,1069.0375252699139,-48.35979306382117,66.30259324054144,-222.22906099065585,-0.6467938576546219,-2.88177427654383,84.04169799561866,82.0652390211367,2.9534666538238525,30.451407571570165,257.35,133.10140757157015,0.29099756479263306,True,-0.3167004491978176,0.006394087664540463,True,False,36724.652140702834,180.43354481930947
1159.423999999999,36.4,True,False,-310.1650875812638,1002.6977953472779,-1347.7851211069783,88.2533214640761,2.1150200916121857,0.0,1076.9879845219025,-48.401088050899894,66.25404745819391,-224.17674642313358,-0.6312330391933526,-2.8124434289593134,83.97701597047066,82.0503755573585,2.882411003112793,30.4563431505094,257.35,133.1063431505094,0.23567990958690643,True,-0.09428834439468403,0.0005589778505687034,True,False,37138.19364719404,181.1398319716837
1159.524000000005,36.5,True,False,-315.0247511708648,1009.281780555372,-1370.2879095629903,88.2533214640761,2.1150200916121857,0.0,1084.9046443126774,-48.435611797654204,66.21349086922103,-226.13026981489716,-0.5978241845385988,-2.6635910909022136,83.86004020425398,82.03800865026818,2.7298555374145503,30.41214831901077,257.35,133.06214831901076,0.23222355544567108,True,0.4026723388693352,0.01005423558146395,True,False,37555.12492077095,181.86157045904977
1159.6230000000069,36.6,True,False,-319.8579019758917,1015.9167649362148,-1392.9853598240804,88.2533214640761,2.1150200916121857,0.0,1092.862639377716,-48.44738060834443,66.17173956745965,-228.0757574386562,-0.5626749329366703,-2.5069844566439565,83.72402385934049,82.01126633087367,2.5693528652191158,30.423355739009235,257.35,133.07335573900923,0.26566174626350403,True,-0.15873231467642057,0.001541084047885041,True,False,37975.340161298096,182.56560898505742
1159.7230000000127,36.7,True,False,-324.68449201198234,1022.5781929131608,-1415.863254307432,88.2533214640761,2.1150200916121857,0.0,1100.84636752065,-48.462838488229806,66.13265622951803,-230.02287422835232,-0.5364265432185398,-2.3900353956793152,83.61997506268948,81.98887079541869,2.449494361877441,30.355436158449557,257.35,133.00543615844956,0.2590312659740448,True,-0.36805572499037353,0.008173049509919149,True,False,38398.9405599845,183.28334484880207
1159.823000000004,36.8,True,False,-329.549322792168,1029.0894587878272,-1438.8616942042802,88.2533214640761,2.1150200916121857,0.0,1108.7089551739516,-48.457100387849955,66.10385334532228,-231.962619028638,-0.5016508193446912,-2.2350930051141877,83.4861469443002,81.96224743806165,2.2906973361968994,30.254114268166205,257.35,132.9041142681662,0.33856725692749023,True,0.9957058253254001,0.059006849718298185,True,False,38826.0356798264,184.00864398227722
1159.923999999999,36.9,True,False,-334.4086410169853,1035.6544941549,-1462.1970773230905,88.2533214640761,2.1150200916121857,0.0,1116.6230245590316,-48.49104532325929,66.06972286318265,-233.91897049370115,-0.47949400453336144,-2.1363738564738943,83.40971579955057,81.95480312806654,2.1895222663879395,30.140668732371484,257.35,132.7906687323715,0.26015618443489075,True,0.29213580189240496,0.00501100511196582,True,False,39256.208851721276,184.77307125565108
1160.024000000005,37.0,True,False,-339.25331654912287,1042.2852572261716,-1485.6640148852002,88.2533214640761,2.1150200916121857,0.0,1124.5959486704164,-48.529847921256355,66.03952021711511,-235.86471788044895,-0.4552902013827289,-2.028534401153543,83.33320562343121,81.95342805378567,2.0789999961853027,30.008313998265773,257.35,132.65831399826578,0.2555961012840271,True,-0.16048598924445123,0.001491920456393518,True,False,39689.85212618859,185.55205433086334
1160.1240000000107,37.1,True,False,-344.1215489264567,1048.7546641113179,-1509.284932753334,88.2533214640761,2.1150200916121857,0.0,1132.4321493930338,-48.56329735547202,66.00441602037324,-237.80842428799696,-0.4196524502806725,-1.8697512692725688,83.21486123295514,81.94496192095338,1.916266679763794,29.853970845137077,257.35,132.50397084513708,0.2944072484970093,True,1.087202028101533,0.0675560316355036,True,False,40127.48916397526,186.34279390465457
1160.2230000000127,37.2,True,False,-349.0009518146535,1055.280229293524,-1533.2241872288141,88.2533214640761,2.1150200916121857,0.0,1140.3281358336365,-48.583897884707866,65.96009112134267,-239.7611378410788,-0.38279258892319223,-1.7055230549197986,83.07816737017093,81.92147920055857,1.7479528188705447,29.787330562839685,257.35,132.4373305628397,0.32006776332855225,True,0.638090960398273,0.02296686768423894,True,False,40568.56352426056,187.11701610606224
1160.3240000000078,37.3,True,False,-353.8732983544417,1061.861179750386,-1557.305132291653,88.2533214640761,2.1150200916121857,0.0,1148.2760429721015,-48.596291436566695,65.93123593937713,-241.69963819073894,-0.37241769180661716,-1.6592979535548131,83.03024913176006,81.90560062585183,1.7005777359008787,29.8414383960783,257.35,132.4914383960783,0.3519231975078583,True,0.22994835992742857,0.002943574762715955,True,False,41013.4396749061,187.90911936294836
1160.4230000000098,37.4,True,False,-358.75913932886607,1068.44777738529,-1581.538341243149,88.2533214640761,2.1150200916121857,0.0,1156.2377304783386,-48.61360855624419,65.88971577866813,-243.63270371479393,-0.3602111826267149,-1.6049121492607006,82.96936276256305,81.88246199433311,1.6448389291763306,29.957363776822802,257.35,132.6073637768228,0.3180571496486664,True,0.42058985341999566,0.009718815043806063,True,False,41461.82322649974,188.69864190437957
1160.523000000001,37.5,True,False,-363.65290009977014,1074.9668694961742,-1605.9706792354505,88.2533214640761,2.1150200916121857,0.0,1164.1436010470964,-48.604046056571114,65.85894445731783,-245.56989760433197,-0.31847136476750215,-1.4189414075927511,82.8118992039772,81.85202415396556,1.4542416334152222,29.90351673537447,257.35,132.55351673537447,0.260075181722641,True,0.8466549465011823,0.03887776458117461,True,False,41913.771483080985,189.49765630133402
1160.6230000000069,37.6,True,False,-370.9608211728279,1081.4418206053865,-1630.059123555063,88.2533214640761,2.1150200916121857,0.0,1172.9552297956848,-48.22192325944664,66.12772487246605,-247.46681773786582,-0.3086841185566496,-1.3753345705227293,82.77887121201755,81.84271427346802,1.4095499515533445,32.73794681912439,257.35,135.38794681912438,0.17920894920825958,True,1.7713865632842722,0.18550402704710592,True,False,42277.303522864284,189.06159098717413
1160.724000000002,37.7,True,False,-375.79518111737815,1088.0571451753142,-1654.9019885171876,88.2533214640761,2.1150200916121857,0.0,1180.9366247938103,-48.20629984155517,66.11639688570861,-249.4149516352379,-0.29128986059698425,-1.297834877916653,82.7074774476595,81.824356285659,1.3301222324371338,32.74394582385638,257.35,135.39394582385637,0.1478332281112671,True,0.04057328489052736,8.701161300110553e-05,True,False,42733.31317766514,189.78093732304836
1160.8240000000078,37.8,True,False,-380.63120156082766,1094.6134558096567,-1679.9447571483606,88.2533214640761,2.1150200916121857,0.0,1188.8673298474753,-48.219635584098086,66.10334568112167,-251.38326872881095,-0.26203458311029676,-1.1674887017485633,82.61535361140507,81.82166929427122,1.1965333223342896,32.67122760864652,257.35,135.32122760864652,0.1237587109208107,True,0.5093996205867111,0.013539032315097106,True,False,43194.74544171668,190.54549858641013
1160.923999999999,37.9,True,False,-385.47731063809255,1101.129203000724,-1705.1622750182883,88.2533214640761,2.1150200916121857,0.0,1196.7676825630372,-48.238020858516535,66.09105750819143,-253.3335736079531,-0.2470310018139607,-1.100640610777818,82.5703300437683,81.82257963971645,1.1280221939086914,32.64123786622743,257.35,135.29123786622745,0.10898911207914352,True,1.0394953420836135,0.055656536347794196,True,False,43659.888180798705,191.31834031773792
1161.024000000005,38.0,True,False,-390.2831523386071,1107.785673236843,-1730.5183023305672,88.2533214640761,2.1150200916121857,0.0,1204.7841092851895,-48.27921733984098,66.0701650239117,-255.28502954512297,-0.22630436379375482,-1.008293579990523,82.51425364237983,81.83000386920759,1.033377766609192,32.64466775936518,257.35,135.29466775936518,0.11111309379339218,True,-0.3901258821384985,0.007738279749058499,True,False,44127.78985211694,192.1039964100441
1161.1240000000107,38.1,True,False,-395.1130469012989,1114.3893913112397,-1756.1444304060408,88.2533214640761,2.1150200916121857,0.0,1212.7643311619736,-48.30626925812955,66.03762384332185,-257.24077723052113,-0.21605784399076883,-0.9626404606188954,82.47244297736354,81.81970063811639,0.9865888953208922,32.645498835163046,257.35,135.29549883516304,0.11590408533811569,True,0.02056003238719395,2.122243377956048e-05,True,False,44600.288183706645,192.8726274530072
1161.2230000000127,38.2,True,False,-399.9573092647042,1120.9583504393302,-1781.9570662533479,88.2533214640761,2.1150200916121857,0.0,1220.7211056667145,-48.32501088475771,66.0150626754071,-259.18727222169923,-0.2066763536307467,-0.9208414588578241,82.43657792704006,81.81256124245151,0.9437500238418578,32.65070261802585,257.35,135.30070261802587,0.11862276494503021,True,0.4487306781294915,0.009982033674851395,True,False,45076.474690780895,193.6520530247607
1161.3240000000078,38.3,True,False,-404.7837007315238,1127.5807730504957,-1807.9518791817836,88.2533214640761,2.1150200916121857,0.0,1228.722371546482,-48.31939863452823,65.9913757608356,-261.1296260458293,-0.18356630952816416,-0.8178752203315175,82.34400020818212,81.7901336299816,0.8382222056388855,32.60464586141568,257.35,135.2546458614157,0.09796794503927231,True,-0.18605448201192676,0.0016945603116044602,True,False,45555.90880472677,194.4142191695346
1161.423999999999,38.4,True,False,-409.6047390013588,1134.2244071739517,-1834.1315975905202,88.2533214640761,2.1150200916121857,0.0,1236.7434304213446,-48.31783450851339,65.9778813608743,-263.07404247911546,-0.160459933348827,-0.7149253241478781,82.26216134711296,81.77832206924823,0.732711136341095,32.55600007923718,257.35,135.20600007923719,0.10709632188081741,True,-0.4057929656606163,0.00796085848351465,True,False,46039.21711149389,195.200902115335
1161.523000000001,38.5,True,False,-414.42727265174466,1140.835071745895,-1860.5396658065963,88.2533214640761,2.1150200916121857,0.0,1244.737376212415,-48.31687945179145,65.95788115312152,-265.0212074232318,-0.15825842232134246,-0.7051165453948797,82.23872592405917,81.76162257543724,0.722658336162567,32.61195942579763,257.35,135.2619594257976,0.11043217033147812,True,-0.24143448640289833,0.002783327659088151,True,False,46526.526650783475,195.99265006780735
1161.6230000000069,38.6,True,False,-419.26799506699854,1147.4031067241547,-1887.1208332068934,88.2533214640761,2.1150200916121857,0.0,1252.7021545905736,-48.32338636827877,65.94184362077762,-266.9669230270986,-0.15381039315124828,-0.6852984597838399,82.21608182981542,81.75253152169074,0.7023472189903258,32.61364979181348,257.35,135.26364979181346,0.12415528297424316,True,0.41922689384772127,0.008288459915714128,True,False,47017.54053352884,196.80782339376591
1161.7230000000127,38.7,True,False,-424.07813452453496,1154.032057746541,-1913.8688164084567,82.8780380943458,-10.236618994033911,0.0,1269.8527917028944,-48.36138407621663,65.90799878389987,-268.91548340295293,-0.31472007915733247,-0.369925633727914,81.86113355161346,81.74770806246427,0.4856888949871063,32.68745284923989,229.61,163.07745284923988,0.11217672377824783,True,-0.49477246408560394,0.01140243952614792,True,False,47512.10045211469,197.642655254925
1161.823000000004,38.8,True,False,-428.91000398631326,1160.6294267156343,-1940.86241914437,82.8780380943458,-10.236618994033911,0.0,1277.8318735313146,-48.35720770350595,65.88984568576913,-270.8709420498203,-0.3777440060453669,-0.4440046888568459,81.86701803668682,81.73060198832799,0.5829499959945679,32.732083753427204,229.61,163.1220837534272,0.10208466649055481,True,-0.14507782153933935,0.0009684286177273518,True,False,48010.69587350023,198.47011380611548
1161.923999999999,38.9,True,False,-433.7493960352658,1167.1845629438324,-1968.0487228190361,82.8780380943458,-10.236618994033911,0.0,1285.777797821734,-48.365290387737254,65.86734990149904,-272.82196460995675,-0.30186113876926673,-0.3548110859530747,81.82583844372495,81.717250916417,0.4658444523811341,32.662114325130815,229.61,163.0521143251308,0.10892628133296967,True,0.3496762804210327,0.005557312086243412,True,False,48512.979073209164,199.3190694138853
1162.023000000001,39.0,True,False,-438.5779339555967,1173.7991670054016,-1995.3971276913962,82.8780380943458,-10.236618994033911,0.0,1293.7762841055062,-48.39153215334295,65.8316529148764,-274.7713467739682,-0.24348111026355576,-0.2861905228804766,81.79122226808148,81.70402015600443,0.37575000524520874,32.662674527539195,229.61,163.05267452753918,0.12745003402233124,True,-0.31422788503669263,0.004433468741912204,True,False,49018.82480550665,200.17875506337913
1162.1240000000107,39.1,True,False,-443.4008487348938,1180.412319872273,-2022.9569516348026,82.8780380943458,-10.236618994033911,0.0,1301.7735449553759,-48.42913439592544,65.79815311982215,-276.72268580796776,-0.2472286259700183,-0.2905953963360575,81.78764407938932,81.6993146379954,0.38153332471847534,32.719588915316024,229.61,163.109588915316,0.12652470171451569,True,-0.5154734273786383,0.011787218944001065,True,False,49528.807071415074,201.06803078012695
1162.224000000002,39.2,True,False,-448.24137225068046,1186.937084876818,-2050.6858349343656,82.8780380943458,-10.236618994033911,0.0,1309.6994713616948,-48.427889171266045,65.77347314883615,-278.6645595584602,-0.18788742464954228,-0.22084505958147496,81.74562865565011,81.67870113833285,0.2899555563926697,32.63010861413246,229.61,163.02010861413245,0.1280520260334015,True,0.6830694250013245,0.02044964335014528,True,False,50042.545392808854,201.94807497995578
1162.3240000000078,39.3,True,False,-453.07356390513985,1193.549366102887,-2078.602569513684,82.8780380943458,-10.236618994033911,0.0,1317.704374130093,-48.41473793479086,65.75942970863616,-280.60324960126786,-0.10177715875830903,-0.11963005364482096,81.69573241062626,81.65959493470156,0.15706667304039001,32.62867816167128,229.61,163.01867816167126,0.10245348513126373,True,-0.3751465517042991,0.006095485297763947,True,False,50559.775262149764,202.83822801402712
1162.423999999999,39.4,True,False,-457.9112809382244,1200.1279427098032,-2106.7638405744883,82.8780380943458,-10.236618994033911,0.0,1325.6830163384582,-48.40432295576608,65.73582373527239,-282.5519351297014,-0.13306052212206462,-0.15640088202178207,81.68169955353329,81.63441065482682,0.20534443855285645,32.7110043379852,229.61,163.1010043379852,0.10382571816444397,True,-0.10373323717812521,0.0004605601155028383,True,False,51081.37153918976,203.74114664733483
1162.523000000001,39.5,True,False,-462.753152299104,1206.690094825879,-2135.118310538056,82.8780380943458,-10.236618994033911,0.0,1333.6506374379705,-48.39834682578554,65.72220250018748,-284.5030534155055,-0.08294233708308978,-0.09749138564812602,81.64931361702946,81.61989878053436,0.12800000607967377,32.67158143350123,229.61,163.0615814335012,0.09015446901321411,True,0.137021992475308,0.0007941237587638114,True,False,51606.79166499055,204.6806277766113
1162.6240000000107,39.6,True,False,-467.5925645833876,1213.2700646555559,-2163.659672446622,82.8780380943458,-10.236618994033911,0.0,1341.6357513675628,-48.41799365694021,65.69171992959255,-286.4619950453267,-0.0628907353565823,-0.07392250025702307,81.62925763945043,81.60701058776463,0.09705555438995363,32.61660210592918,229.61,163.00660210592915,0.09724369645118713,True,-0.09548722462643866,0.00038109348649172683,True,False,52135.93864375855,205.6453182352556
1162.724000000002,39.7,True,False,-472.421778388812,1219.8615586907201,-2192.388646996427,82.8780380943458,-10.236618994033911,0.0,1349.6293613172402,-48.441686450352115,65.65497572884425,-288.41518013442527,-0.05215575283356358,-0.061304477207719775,81.60990237248436,81.59149970498983,0.0804888904094696,32.683240651703485,229.61,163.07324065170346,0.09717181324958801,True,-0.43192302972151353,0.007706443520233365,True,False,52669.2586287415,206.62533633537623
1162.8240000000078,39.8,True,False,-477.263186852756,1226.3683069786161,-2221.202998922986,82.8780380943458,-10.236618994033911,0.0,1357.5529215559382,-48.46400991288256,65.62264378032647,-290.35128572630964,-0.02824503173099762,-0.03319953811250463,81.58868231242371,81.57874498639704,0.04358888790011406,32.633747524397556,229.61,163.02374752439752,0.10394324362277985,True,1.1624224187992196,0.05516903980975918,True,False,53206.33504520121,207.62624269353068
1162.923999999999,39.9,True,False,-482.11478187379714,1232.8741188052672,-2250.3924279389084,82.8780380943458,-10.236618994033911,0.0,1365.4820368820226,-48.46117808930361,65.59258723765129,-292.30031686165324,-0.033205733132681756,-0.03903040411465625,81.56456179496716,81.55288641324779,0.051244445145130164,32.56599901746757,229.61,162.95599901746755,0.09439508616924286,True,0.5339335008700452,0.011506046236534692,True,False,53747.179307219914,208.62734248883464
1163.024000000005,40.0,True,False,-486.95584392014297,1239.4465141933845,-2279.702511188184,82.8780380943458,-10.236618994033911,0.0,1373.4695433335335,-48.4500278025781,65.55675367606149,-294.2445224869568,-0.022895538803157017,-0.026911682038138478,81.5254825259952,81.51744075113247,0.03533333167433739,32.588549933875775,229.61,162.97854993387577,0.08746347576379776,True,-0.201942309732428,0.0016271306701440122,True,False,54292.21580078533,209.6364386057651
1163.1230000000069,40.1,True,False,-491.80342322497114,1245.9516747211687,-2309.1117416687484,82.8780380943458,-10.236618994033911,0.0,1381.4006700632578,-48.41655200532318,65.53118229031047,-296.17968582316996,-0.04512689178072094,-0.05304267234823887,81.49285448103824,81.47698055555364,0.06964166462421417,32.5654197787835,229.61,162.9554197787835,0.08438913524150848,True,1.153003969380599,0.05244025642247864,True,False,54841.2816983878,210.6594609176962
1163.224000000002,40.2,True,False,-496.656286483248,1252.4357275200207,-2338.8816660671737,82.8780380943458,-10.236618994033911,0.0,1389.316914175782,-48.41032985974848,65.50899090144615,-298.1347061536916,-0.01702765838074425,-0.020014507286172583,81.46141569976902,81.45543521494075,0.026277778670191765,32.530127015387436,229.61,162.9201270153874,0.09397763758897781,True,0.8030650413098765,0.025150941858511255,True,False,55394.35437738437,211.74015412089733
1163.3240000000078,40.3,True,False,-501.49575907790376,1258.9936454962374,-2368.7821791779847,82.8780380943458,-10.236618994033911,0.0,1397.2967469795233,-48.41590502475849,65.48382372741854,-300.08898529497833,-0.02609227556650471,-0.030669163531562807,81.44766882274908,81.438510726376,0.04026666656136513,32.51975746450119,229.61,162.90975746450115,0.09332586079835892,True,-0.09589751530508295,0.00035455620819245575,True,False,55951.288023154586,212.8537863103691
1163.423999999999,40.4,True,False,-506.34363817892074,1265.4874295401833,-2398.8029363277305,82.8780380943458,-10.236618994033911,0.0,1405.2238369024387,-48.43636456457986,65.45156418124178,-302.0302552363104,-0.027244253409190802,-0.03202321165787613,81.434287294388,81.42474234533444,0.042044445872306824,32.49318442900836,229.61,162.88318442900834,0.09703359752893448,True,1.1295885914289272,0.04864055597753856,True,False,56512.64776149994,213.9965268147551
1163.523000000001,40.5,True,False,-510.12996019536666,1276.6595208361111,-2424.3468567280934,82.8780380943458,-10.236618994033911,0.0,1416.9545372894995,-50.023079235230405,65.23494649381117,-303.7013384792599,-0.028414229585545646,-0.03339841523447495,82.21571246539675,82.20648818812627,0.04385000094771385,25.55305011492653,229.61,155.9430501149265,0.09409957379102707,True,-1.488058183147622,0.0893203749618731,True,False,56549.12293648461,209.2645172622578
1163.6230000000069,40.6,True,False,-515.0728128102606,1283.3051588527348,-2454.7767057455317,82.8780380943458,-10.236618994033911,0.0,1425.059841246157,-50.070492585160466,65.20989443311642,-305.64256823533174,-0.02993519740783714,-0.035186178465367104,82.2251660240876,82.21547640012065,0.046197220683097846,25.545058601817246,229.61,155.93505860181722,0.09339863061904907,True,-0.3923645290951683,0.00573883288605534,True,False,57107.86587646873,210.0965724794635
1163.7230000000127,40.7,True,False,-520.1063512489172,1289.7664731844184,-2485.3303982393654,82.8780380943458,-10.236618994033911,0.0,1433.0381060757616,-50.094905262262124,65.18714778441291,-307.5743720683677,-0.03563748278055711,-0.041888710874004184,82.22382557824291,82.21230911184716,0.054997220635414124,25.426299223991567,229.61,155.81629922399156,0.09135753661394119,True,1.1104962056916925,0.0454728199136123,True,False,57673.85639168019,210.93149268462648
1163.823000000004,40.8,True,False,-524.95062052532,1303.9353161738597,-2510.7758031111957,82.8780380943458,-10.236618994033911,0.0,1447.9307833671846,-50.79701348341677,65.39729651698673,-309.22659471435185,-0.017006058449190068,-0.01998911847593189,82.81322608129375,82.80786780593442,0.026244444772601128,22.005890753179862,229.61,152.39589075317986,0.09359119087457657,True,-1.117485614156827,0.05187209153022121,True,False,58013.22471096107,210.55044846035713
1163.9230000000098,40.9,True,False,-530.0441265337776,1310.431542222899,-2541.804505198178,82.8780380943458,-10.236618994033911,0.0,1455.9663361302482,-50.85405993411179,65.37110239935595,-311.1761294842647,-0.03634847006714399,-0.042724413582478846,82.83361960433696,82.82219775331559,0.056094445288181305,21.848421279709314,229.61,152.23842127970929,0.0935579165816307,True,0.17940674566478165,0.0011616180586993161,True,False,58583.36121899671,211.38447529028792
1164.024000000005,41.0,True,False,-535.1561566483213,1316.9094563414951,-2573.0025986465585,82.8780380943458,-10.236618994033911,0.0,1463.9955502492876,-50.937219751761056,65.33917064213122,-313.1189822401324,-0.02116757566003728,-0.024880614104727423,82.85471360053864,82.84809941236274,0.03266666829586029,21.653812593144664,229.61,152.04381259314465,0.09576871246099472,True,0.8824577904227269,0.027797535524634067,True,False,59159.1562311249,212.2427576545009
1164.1240000000107,41.1,True,False,-540.2619975369741,1324.9500464947253,-2603.485106589018,82.8780380943458,-10.236618994033911,0.0,1473.4405097273507,-51.12570445493723,65.3590115586459,-315.0100079440316,-0.02586187951517957,-0.030398353338825616,82.98776319356055,82.9797448052041,0.03991110995411873,20.94427794341164,229.61,151.33427794341162,0.09959490597248077,True,0.25045997351271154,0.002588847903464226,True,False,59645.35950841235,212.62299909531006
1164.2230000000127,41.2,True,False,-545.3821732510672,1331.4783106624586,-2635.0867768932376,82.8780380943458,-10.236618994033911,0.0,1481.5228130619216,-51.2076863491739,65.32249236696508,-316.9532954607708,-0.0223231502727296,-0.026238889916250698,83.00842175759954,83.00153703557291,0.034449998289346695,20.795251610072576,229.61,151.18525161007256,0.10030319541692734,True,0.1012208771973313,0.0003579326072631378,True,False,60228.43500359876,213.46230851344873
1164.3240000000078,41.3,True,False,-550.5229056848356,1337.9710217553227,-2666.86740261686,82.8780380943458,-10.236618994033911,0.0,1489.5840352780717,-51.259381457275616,65.28487886399137,-318.895778322003,-0.015177295223160884,-0.01783956895516885,83.00851459299106,83.00385289652834,0.023422222584486008,20.61582454186519,229.61,151.00582454186517,0.09701500833034515,True,0.6820748644285217,0.016074279766088734,True,False,60815.69210596412,214.2787638200686
1164.425000000003,41.4,True,False,-555.679151889878,1344.4442725391168,-2698.8434945907843,82.8780380943458,-10.236618994033911,0.0,1497.6366724828824,-51.314954014519095,65.25820462657083,-320.8467585825953,-0.004274914135824614,-0.00502478369051495,83.0185214443073,83.0172137366438,0.0065972222946584225,20.455235390657556,229.61,150.84523539065754,0.09884088486433029,True,1.0950666604170394,0.04098655340195948,True,False,61407.12347365705,215.1220017585095
1164.524000000005,41.5,True,False,-560.8129843924835,1350.9702554768976,-2731.0236794197335,82.8780380943458,-10.236618994033911,0.0,1505.7298189041294,-51.37282712800031,65.23923057577038,-322.7909106158035,-0.006472670057141253,-0.007608051507901019,83.04006455412443,83.03809109825404,0.00998888909816742,20.29159100401752,229.61,150.6815910040175,0.1000409871339798,True,-0.01510120419206018,7.710527375057343e-06,True,False,62002.26120141873,215.9740327341479
1164.625,41.6,True,False,-565.9769415422105,1357.4580350952776,-2763.3591367853273,82.8780380943458,-10.236618994033911,0.0,1513.803637009648,-51.466656833044595,65.21215780998236,-324.7324083697086,-0.013499729104071372,-0.015867738268718012,83.07901475635157,83.07491975201913,0.020833333954215053,20.140109573208797,229.61,150.53010957320876,0.09892159700393677,True,0.8813958946250153,0.025986708938627853,True,False,62602.0694787603,216.85802450415696
1164.7230000000127,41.7,True,False,-571.16433449231,1363.973513577945,-2795.8957016383956,82.8780380943458,-10.236618994033911,0.0,1521.9148838230992,-51.55239406619721,65.20422283335637,-326.6703444092371,-0.025370490728080338,-0.029820769255340423,83.12950501052197,83.12183834142793,0.039152778685092926,20.117723250690347,229.61,150.50772325069033,0.10047600418329239,True,1.0547601137733729,0.03682328802416446,True,False,63206.209356736734,217.75914245460336
1164.8240000000078,41.8,True,False,-576.3543227499817,1370.4502474559476,-2828.689897284759,82.8780380943458,-10.236618994033911,0.0,1529.9946172362356,-51.65006079560748,65.18001720709518,-328.6253256803299,-0.029541005898792123,-0.034722841190592386,83.17235347713321,83.16347409354165,0.045588888227939606,19.98146473283897,229.61,150.37146473283894,0.10201610624790192,True,0.84402610550136,0.02332659862082257,True,False,63814.560145804215,218.66512171461414
1164.923999999999,41.9,True,False,-581.5211314315521,1376.9691190563406,-2861.6445767731007,82.8780380943458,-10.236618994033911,0.0,1538.1046830910395,-51.73930324902347,65.1459899325889,-330.5614573350631,-0.01158456735879526,-0.013616634925678524,83.19574032390558,83.19228032090108,0.01787777803838253,19.90783926261682,229.61,150.2978392626168,0.11131057888269424,True,-0.06557488226069808,0.00013932935754140696,True,False,64427.09986415805,219.55061623109174
1165.024000000005,42.0,True,False,-586.7140614360738,1383.4700206202406,-2894.777249932624,82.8780380943458,-10.236618994033911,0.0,1546.2120737655844,-51.806923437146494,65.12397291491692,-332.50458757446455,-0.009287813662224137,-0.010917003974275955,83.21988308649154,83.21712061976905,0.0143333338201046,19.809049001370465,229.61,150.19904900137044,0.12093967944383621,True,0.524935980427859,0.008835031734376516,True,False,65044.09195403553,220.44455905279682
1165.1230000000069,42.1,True,False,-591.9176177426981,1389.9063376795693,-2928.1393090556603,82.8780380943458,-10.236618994033911,0.0,1554.268148119637,-51.85811824073996,65.11052097186132,-334.454471130346,-0.024879099527041502,-0.029243182334482608,83.24586208295533,83.23847889466602,0.038394443690776825,19.54906157504138,229.61,149.93906157504134,0.13789720833301544,True,1.0034073883227812,0.03193525749265953,True,False,65665.30007756043,221.34985928131982
1165.2230000000127,42.2,True,False,-597.0869965945294,1396.464665362224,-2961.5864307888896,82.8780380943458,-10.236618994033911,0.0,1562.4215026070874,-51.92804874514837,65.08840669147098,-336.3927955591039,-0.015650685676591367,-0.01839599758836855,83.26939911322259,83.26477605874425,0.02415277808904648,19.3750683208555,229.61,149.76506832085548,0.12455867230892181,True,-0.6365495586969487,0.012719988076195402,True,False,66290.1111402472,222.25792381492892
1165.3240000000078,42.3,True,False,-602.3034825244509,1402.9542562841782,-2995.2569027496984,82.8780380943458,-10.236618994033911,0.0,1570.5356303398805,-52.01380538532291,65.06521461370642,-338.3414409471033,-0.02699225742631148,-0.03172701265489825,83.30810613800277,83.30016868764386,0.04165555536746979,19.237787158244554,229.61,149.62778715824453,0.11380764096975327,True,0.7540097891446713,0.01766474151059309,True,False,66919.92323539258,223.1994479709234
1165.4230000000098,42.4,True,False,-607.5317769739639,1409.3674553925916,-3029.2053570311705,82.8780380943458,-10.236618994033911,0.0,1578.5884329861806,-52.11722197400217,65.04358848669598,-340.299818887457,-0.03077758266875223,-0.03617632787789087,83.3569041990627,83.3479047697905,0.0474972240626812,18.97017672259642,229.61,149.3601767225964,0.11558086425065994,True,1.2850159898707076,0.05076044226258185,True,False,67554.25830722986,224.1788141578815
1165.523000000001,42.5,True,False,-612.7360380787824,1415.9011234605607,-3063.2599231585154,82.8780380943458,-10.236618994033911,0.0,1586.7412528272157,-52.227127484480114,65.02240744364654,-342.24989056703805,-0.025426288941968907,-0.029886355123547124,83.4075448397191,83.40015776392585,0.03923888877034187,18.82699174735357,229.61,149.21699174735355,0.1277284473180771,True,-0.4819859282707135,0.007068852080226077,True,False,68192.31963155436,225.16266341272026
1165.6230000000069,42.6,True,False,-617.9587507218712,1422.4029047306014,-3097.5865677550246,82.8780380943458,-10.236618994033911,0.0,1594.8756094116484,-52.308678863724154,65.00132775324435,-344.19134586194036,-0.047754841611526655,-0.05613159507973062,83.44865005800794,83.43482782479339,0.07369722425937653,18.787903867847792,229.61,149.17790386784776,0.1171845942735672,True,-0.11281525072374876,0.00038341730561623175,True,False,68835.63964162135,226.1345052086402
1165.7230000000127,42.7,True,False,-623.2122118588372,1428.892417822515,-3132.065554127363,82.8780380943458,-10.236618994033911,0.0,1603.0146055752195,-52.40065584314318,64.99592056758647,-346.13959118223374,-0.04299213394989678,-0.050533453217582534,83.5006953849221,83.48831309362733,0.06634721904993057,18.688085244469324,229.61,149.07808524446932,0.11341427266597748,True,0.6758255279307406,0.013618413761202444,True,False,69483.40776509221,227.15151092491502
1165.8240000000078,42.8,True,False,-628.4329884870277,1435.4157872000162,-3166.717924354082,82.8780380943458,-10.236618994033911,0.0,1611.1717028519631,-52.512810069343544,64.98154588027096,-348.0851849500198,-0.03111777434891179,-0.036576193127063866,83.55647326268496,83.54757043965257,0.048022221773862846,18.610998180612526,229.61,149.0009981806125,0.11116021126508713,True,-0.6324983036906673,0.011806983894323,True,False,70135.44961122719,228.1908105460525
1165.923999999999,42.9,True,False,-630.0322202377844,1463.4610364407158,-3187.193036128459,82.8780380943458,-10.236618994033911,0.0,1637.0784391925338,-53.469058790116286,65.97366137292026,-349.22187456572397,-0.043314327296387595,-0.05091216301647004,84.93264673851186,84.92034057191282,0.06684444099664688,12.49291480769438,229.61,142.88291480769436,0.10103022307157516,True,-3.7375136465059597,0.447379442180249,True,False,70228.28143080778,226.41428048066234
1166.024000000005,43.0,True,False,-635.5743580709329,1469.603814524365,-3222.2523082956136,82.8780380943458,-10.236618994033911,0.0,1645.0232685988224,-53.593204120926195,65.90709755813069,-351.1586224181691,-0.04825343118045715,-0.05671764304575358,84.96050058858091,84.94690716255782,0.07446666806936264,12.381459703564397,229.61,142.77145970356437,0.09914744645357132,True,0.6939302924789388,0.013928404438849809,True,False,70865.72671493229,227.27309637176597
1166.1240000000107,43.1,True,False,-640.9291076278521,1476.189978455584,-3257.4425602509136,82.8780380943458,-10.236618994033911,0.0,1653.2878798939294,-53.69475733562577,65.84951507440564,-353.09655317030206,-0.02430671099661409,-0.02857039021259483,84.97316879306256,84.96637923829704,0.03751111030578613,12.293092641599932,229.61,142.6830926415999,0.10151497274637222,True,-0.4384490665111045,0.00551958576674343,True,False,71524.72675184965,228.16568584912653
1166.2230000000127,43.2,True,False,-646.2765070249587,1482.7412750281749,-3292.8670686368678,82.8780380943458,-10.236618994033911,0.0,1661.5201902797119,-53.79011986234001,65.80525226620932,-355.03586035608265,-0.01406311726069461,-0.016529951246776732,84.99630164502578,84.99240095811126,0.021702777594327927,12.305902328798432,229.61,142.6959023287984,0.09858441352844238,True,-0.8566843158905684,0.02086439672386619,True,False,72188.20667839888,229.08032328421578
1166.3240000000078,43.3,True,False,-651.6505726853709,1489.312843805448,-3328.491441232535,82.8780380943458,-10.236618994033911,0.0,1669.78467816548,-53.88719111178324,65.76916573704143,-356.9943141867107,-0.008258234023546975,-0.009706824117525837,85.0282275686335,85.02595208325677,0.01274444442242384,12.20361663275508,229.61,142.59361663275504,0.09308024495840073,True,-0.5176986959164864,0.007543461434709514,True,False,72856.2094795167,230.01470445782618
1166.423999999999,43.4,True,False,-657.0485976215612,1495.8867537895314,-3364.275104307068,82.8780380943458,-10.236618994033911,0.0,1678.064075143379,-53.99838645178957,65.74047396248369,-358.93840349722404,-0.018258832753876207,-0.02146164393353827,85.07929449913149,85.07429492043298,0.0281777773052454,12.01522779659269,229.61,142.40522779659267,0.09194926917552948,True,0.2562468465988843,0.00182975014430502,True,False,73528.75977655326,230.97598290480596
1166.524000000005,43.5,True,False,-662.4450482053456,1502.4666933646226,-3400.2456499327122,82.8780380943458,-10.236618994033911,0.0,1686.3504422842095,-54.12927331716206,65.69261774444233,-360.8713925721975,-0.011159775544391886,-0.013117329696834063,85.12352104404742,85.12049257353632,0.017222221940755844,11.84600216852739,229.61,142.23600216852736,0.09162906557321548,True,-0.4237664035396449,0.004955328616252617,True,False,74205.87920103394,231.93502618944245
1166.6230000000069,43.6,True,False,-660.7813724477426,1502.272684477986,-3440.542310729257,82.8780380943458,-10.236618994033911,0.0,1685.4416964040086,-53.04304275956492,65.5810813337999,-363.03585478299567,-0.009975399614829222,-0.01172520048318917,84.3500000157018,84.34715534090945,0.015394444577395918,15.617991419251876,229.61,146.00799141925185,0.09448572248220444,True,3.23582604530014,0.33071979809549834,True,False,74607.8176732556,231.1946417564286
1166.7230000000127,43.7,True,False,-666.2038254394191,1508.785458363548,-3477.0025983019154,82.8780380943458,-10.236618994033911,0.0,1693.6799313255626,-53.14417389298895,65.54860139635831,-364.97422161952176,-0.015845081439669603,-0.01862449262447582,84.39004937245264,84.38555779152564,0.02445277757942677,15.415914976115014,229.61,145.805914976115,0.0942349061369896,True,0.47473389197159577,0.006096452691802883,True,False,75287.29751302191,232.11028995783033
1166.8240000000078,43.8,True,False,-671.5101727272521,1515.3594935081944,-3513.559283533185,82.8780380943458,-10.236618994033911,0.0,1701.9239322333192,-53.24081278430914,65.52078703261049,-366.9180739134157,-0.009187015389769388,-0.010798524514953433,84.42745221569304,84.4248641059407,0.0141777778044343,15.246049498411763,229.61,145.63604949841175,0.0934712216258049,True,-0.4757999126171413,0.0060659974648793686,True,False,75974.01138995281,233.04043933049644
1166.923999999999,43.9,True,False,-676.8099864802768,1521.924504693829,-3550.324550057286,82.8780380943458,-10.236618994033911,0.0,1710.1589410410213,-53.3073747375087,65.49776262082261,-368.86102273041195,-0.007682245705688829,-0.00902980076371233,84.45115199383346,84.4489970913735,0.011855555698275566,15.176932275123614,229.61,145.56693227512358,0.08610063791275024,True,-0.9945681573531004,0.026252079329939046,True,False,76665.60256162478,233.9598193800292
1167.024000000005,44.0,True,False,-682.1526300733259,1528.4779382192492,-3587.2062698491345,82.8780380943458,-10.236618994033911,0.0,1718.4046123707724,-53.38408645624322,65.48553316073838,-370.8024138842548,-0.014270113788492652,-0.016773257367981943,84.49194898047297,84.48796210179187,0.022022223100066185,15.073721111361639,229.61,145.46372111136162,0.08456692099571228,True,0.829366964524695,0.018078951469040608,True,False,77361.30557569495,234.90656918877437
1167.1240000000107,44.1,True,False,-687.4977504223549,1535.0246978505022,-3624.3863680336276,82.8780380943458,-10.236618994033911,0.0,1726.6474431304262,-53.479120299584686,65.46253937653495,-372.7500048416442,-0.014630105808233481,-0.017196396166104338,84.53429782368316,84.53023346496707,0.022577777504920963,15.031118016390442,229.61,145.4211180163904,0.08753319084644318,True,0.07312224979488491,0.0001392014932255332,True,False,78062.17018330681,235.86308027918574
1167.224000000002,44.2,True,False,-692.8320580951507,1541.5794276766767,-3661.7293168120195,82.8780380943458,-10.236618994033911,0.0,1734.894577787086,-53.59397140601877,65.44320291444221,-374.69427032544263,-0.03178736015739342,-0.03736323205766212,84.59676177389339,84.58798129031106,0.0490555539727211,14.974561746806511,229.61,145.3645617468065,0.09091850370168686,True,-0.7032128572207483,0.012751259670119013,True,False,78767.70717417283,236.85042064760688
1167.3240000000078,44.3,True,False,-698.2082327759125,1548.1293319012366,-3699.1814046835902,82.8780380943458,-10.236618994033911,0.0,1743.1581108584865,-53.71243317714546,65.41052360219355,-376.6448795070345,-0.038656022522522406,-0.04543673752031545,84.64843234247353,84.63782886937989,0.059655554592609406,14.885925867016091,229.61,145.27592586701607,0.08911840617656708,True,1.0184876555897802,0.026491935442353468,True,False,79477.56582621203,237.83294959440164
1167.423999999999,44.4,True,False,-703.5885020391956,1554.6633492175522,-3736.953593416014,82.8780380943458,-10.236618994033911,0.0,1751.4112964287533,-53.820444832057426,65.37245417996633,-378.58662574151396,-0.02219715469522954,-0.026090793252134384,84.6830628742778,84.67702195656348,0.034255556762218475,14.768121376184903,229.61,145.15812137618488,0.09813583642244339,True,0.17949993888989724,0.0008151463638970939,True,False,80192.45700509421,238.80527457768233
1167.523000000001,44.5,True,False,-708.9613781270563,1561.2164756805892,-3774.8715969744135,82.8780380943458,-10.236618994033911,0.0,1759.6802237464342,-53.91993461702408,65.32970101856723,-380.5296641695133,-0.027184853597416802,-0.031953392429714234,84.71466428196432,84.70731482156388,0.04195277765393257,14.65487861598838,229.61,145.04487861598838,0.09197022020816803,True,-0.654128584154698,0.010723551115009215,True,False,80912.06900069596,239.77606098073383
1167.6230000000069,44.6,True,False,-714.3681109476387,1567.7513382032894,-3812.9063959045266,82.8780380943458,-10.236618994033911,0.0,1767.9500601606526,-53.99246031723601,65.31394770657901,-382.46370462156096,-0.030588585681592735,-0.03595417862565747,84.74959160478952,84.74135670453974,0.04720555618405342,14.545452645447211,229.61,144.93545264544719,0.08542635291814804,True,1.0556796427282933,0.027670051597114574,True,False,81636.12514305775,240.7649265816543
1167.7230000000127,44.7,True,False,-719.7767014587365,1574.2333101685092,-3851.279168616443,82.8780380943458,-10.236618994033911,0.0,1776.1755508246872,-54.06387425062607,65.28639892350799,-384.40465380992964,-0.013969519166586224,-0.016419934960648825,84.76939513964821,84.76565568310632,0.021558333188295364,14.31236734921993,229.61,144.7023673492199,0.09452491998672485,True,1.094590233419538,0.02946703809150019,True,False,82365.32261865161,241.75245175132915
1167.8240000000078,44.8,True,False,-725.1894673066589,1580.748253778198,-3889.8393586966813,82.8780380943458,-10.236618994033911,0.0,1784.434352582094,-54.153302005099185,65.26653729906867,-386.35022182308256,-0.016192475108630224,-0.01903282317487289,84.81174620563223,84.80743486903846,0.024988889694213867,14.130139335977745,229.61,144.52013933597772,0.09076932817697525,True,0.3224929106879344,0.0025342812474596923,True,False,83099.16433100609,242.7753816718584
1167.923999999999,44.9,True,False,-730.7823411036552,1588.4167110785825,-3926.9005467517154,82.8780380943458,-10.236618994033911,0.0,1793.8048061115517,-53.56823852981228,65.50910476240898,-388.24401573164425,-0.017956438539996865,-0.021106206264913864,84.6276625085069,84.6226860006177,0.027711110189557076,17.964977540052832,229.61,148.3549775400528,0.09736736863851547,True,3.1530103240974015,0.27605681320892866,True,False,83682.24427566699,242.6277823890602
1168.024000000005,45.0,True,False,-736.4391126401198,1594.9828952123403,-3965.8409063966765,82.8780380943458,-10.236618994033911,0.0,1802.2237048370525,-53.6840575618125,65.50126432591654,-390.2032669135484,-0.009727004626350432,-0.011433234130823332,84.69266380482033,84.68998562163996,0.01501111127436161,17.761598620667428,229.61,148.15159862066741,0.10447176545858383,True,1.1953255603442088,0.03418524189177418,True,False,84421.52269217095,243.61515103158297
1168.1240000000107,45.1,True,False,-741.8305803953863,1601.5002251842761,-4004.9962266228295,82.8780380943458,-10.236618994033911,0.0,1810.4805882121743,-53.78557464228094,65.49198381735731,-392.1453842690565,-0.005630286606680866,-0.006617904223406714,84.7487418336206,84.74720044894325,0.008688888512551785,17.584334102116276,229.61,147.97433410211625,0.1145072653889656,True,0.7129140591678613,0.012052721830023332,True,False,85167.99145433729,244.60843509846643
1168.224000000002,45.2,True,False,-747.2143771051159,1608.048513938277,-4044.3089349311786,82.8780380943458,-10.236618994033911,0.0,1818.763368127207,-53.87833503660562,65.48120713080829,-394.0924730446187,-0.0062998736221323,-0.0074049445726912825,84.79949577775486,84.79777988617711,0.009722222574055195,17.584688264174126,229.61,147.97468826417412,0.1077299639582634,True,0.024145388843784588,1.3699915207901394e-05,True,False,85919.5062758755,245.5968152822397
1168.323000000004,45.3,True,False,-752.6190704158174,1614.5859739548173,-4083.783323899407,82.8780380943458,-10.236618994033911,0.0,1827.047858400505,-53.96430721665704,65.4654830369654,-396.03548831290476,-0.013735523931315255,-0.016144894245329063,84.8440203107647,84.8402965732496,0.02119722217321396,17.5380526434599,229.61,147.9280526434599,0.11525923013687134,True,0.756700101266599,0.013333168855431196,True,False,86675.91168568443,246.5777466419865
1168.4230000000098,45.4,True,False,-758.0366400667849,1621.1099892971831,-4123.462622522647,82.8780380943458,-10.236618994033911,0.0,1835.3281048167098,-54.02205521267521,65.4552798419775,-397.9860506427192,-0.026310070853110042,-0.03092516263920205,84.87628372712422,84.86917054262352,0.040602777153253555,17.476944489839322,229.61,147.8669444898393,0.11176767945289612,True,1.1213637768513571,0.02901552854108353,True,False,87437.27365270472,247.5500547884589
1168.523000000001,45.5,True,False,-763.4092118793675,1627.6668135720302,-4163.264162964404,82.8780380943458,-10.236618994033911,0.0,1843.6186601029417,-54.09321402127038,65.44375413491458,-399.9255959672628,-0.02546948880507727,-0.0299371327440285,84.91245637149242,84.90559909936512,0.03930555656552315,17.54402366249655,229.61,147.93402366249651,0.11130185425281525,True,-0.9410634934494695,0.020250236744056505,True,False,88203.10868594889,248.53838602356439
1168.6230000000069,45.6,True,False,-768.8215324601409,1634.2124450214142,-4203.359448886746,82.8780380943458,-10.236618994033911,0.0,1851.9192430081773,-54.179125294461066,65.43704376486863,-401.88199824825733,-0.02763844491823582,-0.03248654893265084,84.9625972268148,84.95519003779724,0.04265277832746506,17.485593703804405,229.61,147.87559370380438,0.12174851447343826,True,-0.11317731338160186,0.000290270556696543,True,False,88974.31571671851,249.55783799497368
1168.7230000000127,45.7,True,False,-774.2554988337017,1640.73114764932,-4243.5646421553565,82.8780380943458,-10.236618994033911,0.0,1860.207640727811,-54.28148431993516,65.44772839544574,-403.82490331097193,-0.01215515629724976,-0.014287311786275014,85.03196803746913,85.02872862803137,0.01875833421945572,17.382447046228645,229.61,147.77244704622862,0.1285223364830017,True,1.2310560440395903,0.03403354374492501,True,False,89750.4494507561,250.6239612948841
1168.8240000000078,45.8,True,False,-779.6581368860095,1647.309117326001,-4283.902642058996,82.8780380943458,-10.236618994033911,0.0,1868.5359298505525,-54.381743168085464,65.43730404801738,-405.75200583388596,-0.014889301365974262,-0.017501057632933675,85.08869672749664,85.0847504025973,0.022977778688073158,17.383704583996167,229.61,147.77370458399616,0.12234711647033691,True,-1.0836986245772877,0.02614044455504147,True,False,90531.01743229132,251.66305806088906
1168.923999999999,45.9,True,False,-785.1015008784076,1653.8326754822565,-4324.5411200999315,82.8780380943458,-10.236618994033911,0.0,1876.8364598158714,-54.469952986371105,65.43372252921057,-407.69965900174077,-0.01889242068805054,-0.02220637054487923,85.14338861507407,85.13840392189178,0.029155556112527847,17.196476656422874,229.61,147.58647665642286,0.11866410076618195,True,0.5457210638305057,0.00656924005652884,True,False,91317.24478739491,252.7179899089291
1169.023000000001,46.0,True,False,-790.5564011070368,1660.3324687954714,-4365.383024128636,82.8780380943458,-10.236618994033911,0.0,1885.123018972739,-54.52726138159238,65.43502658060129,-409.6419939863678,-0.018239033621264743,-0.02143837180327518,85.18088002243802,85.1760819560309,0.028147222474217415,17.04780474660945,229.61,147.43780474660943,0.11060851067304611,True,1.2566796230047999,0.03453174368328016,True,False,92108.71641225077,253.7615130790394
1169.1240000000107,46.1,True,False,-795.9904640492942,1666.9025239601426,-4406.324325328481,82.8780380943458,-10.236618994033911,0.0,1893.4639021880705,-54.611037780449955,65.43863090770292,-411.5825659417742,-0.014392510182046882,-0.016917123509515686,85.23627421957053,85.23250472989929,0.022211110219359398,17.056535393950835,229.61,147.4465353939508,0.11293142288923264,True,-0.9788121504597882,0.020766219357064023,True,False,92904.62017659981,254.83986841267364
1169.224000000002,46.2,True,False,-801.4583114405775,1673.4357908740462,-4447.561687864339,82.8780380943458,-10.236618994033911,0.0,1901.7895685011376,-54.710828295265856,65.43355118756534,-413.5294643343301,-0.012131756773722663,-0.014259807714743038,85.29574061513244,85.29258088350825,0.01872222311794758,16.907905421319125,229.61,147.29790542131911,0.11047446727752686,True,0.3529606072430198,0.0026764477213461774,True,False,93706.2588406553,255.93783516791146
1169.3240000000078,46.3,True,False,-806.9346361152383,1679.9142518416893,-4488.925004167537,82.8780380943458,-10.236618994033911,0.0,1910.0723968925274,-54.80548077468471,65.43830991401946,-415.47290233894864,-0.006523068891626177,-0.007667290882890702,85.35866504313371,85.35697468483517,0.010066666640341282,16.718161986460295,229.61,147.10816198646026,0.1145220473408699,True,1.768524737327727,0.06660060471967869,True,False,94513.07424145014,257.063328598072
1169.423999999999,46.4,True,False,-812.3984313919417,1686.4867637923699,-4530.381497830494,82.8780380943458,-10.236618994033911,0.0,1918.4343081038685,-54.9063676548826,65.43326623107623,-417.3980276909509,-0.0161420756706604,-0.018973583090540053,85.4220847370747,85.41792281904331,0.02491111122071743,16.754483172593645,229.61,147.14448317259362,0.11368144303560257,True,-1.181942274449895,0.02949427775412547,True,False,95324.04315947929,258.18088779049805
1169.524000000005,46.5,True,False,-817.8808468392563,1692.9808049401156,-4572.045401485539,82.8780380943458,-10.236618994033911,0.0,1926.7371803076066,-54.97849218867535,65.43408547969376,-419.3298965962183,-0.012124555991891401,-0.014251343832205266,85.46804293826445,85.46492933305512,0.018711110576987267,16.517536291419518,229.61,146.9075362914195,0.11551326513290405,True,1.5277008632259808,0.04883625775817004,True,False,96140.79047783947,259.3025379003817
1169.6240000000107,46.6,True,False,-823.3749987191578,1699.48011049632,-4614.138026503289,82.8780380943458,-10.236618994033911,0.0,1935.0519015863347,-55.030666023790644,65.44394799937885,-421.2797932954855,-0.00996459964905213,-0.011712506078068825,85.50860235912039,85.50604968519707,0.015377777628600597,16.311083260990003,229.61,146.70108326098998,0.1199033185839653,True,0.8326448695620883,0.014383803235424346,True,False,96963.02564375878,260.4310616040601
1169.7230000000127,46.7,True,False,-828.8820836199092,1706.026629112106,-4656.360351419226,82.8780380943458,-10.236618994033911,0.0,1943.4160790598164,-55.1234449929915,65.45255050788025,-423.2392586160529,-0.01905081736985167,-0.022392551843042896,85.57723076926649,85.5723702831818,0.029400000348687175,16.251363149899518,229.61,146.6413631498995,0.11673566699028015,True,-0.0616546899564554,7.820537995824233e-05,True,False,97790.7505296664,261.6165546400925
1169.8240000000078,46.8,True,False,-834.4103900839249,1712.5484644247606,-4698.706901990457,82.8780380943458,-10.236618994033911,0.0,1951.7700950983099,-55.22509446653937,65.46737199727974,-425.1781302871448,-0.021844359836410573,-0.02567611408049083,85.65476153291274,85.64921397811193,0.033711109310388565,16.142687354949054,229.61,146.53268735494905,0.11884777247905731,True,1.2684678107953928,0.03281817083185965,True,False,98623.84796467579,262.8314826251529
1169.923999999999,46.9,True,False,-839.9197953806867,1719.112540930374,-4741.226793737749,82.8780380943458,-10.236618994033911,0.0,1960.1541669974506,-55.34492581035367,65.4572094205199,-427.11125592471853,-0.02532189088208343,-0.029763644432298873,85.7251551122364,85.7187673620856,0.03907777741551399,16.163991877634988,229.61,146.55399187763496,0.13345013558864594,True,-0.8531118460336558,0.014719152201100328,True,False,99461.84463337087,264.0450080574947
1170.023000000001,47.0,True,False,-845.4566361044841,1725.660752690664,-4784.039886179275,82.8780380943458,-10.236618994033911,0.0,1968.5387860902538,-55.42750045565409,65.46424570950835,-429.04935658772905,-0.017493848052343473,-0.02056247203683451,85.78186833374659,85.77747532468193,0.026997221633791924,16.099559181274966,229.61,146.48955918127493,0.1426350325345993,True,-0.15877866635727855,0.0005055785773267291,True,False,100305.80041904176,265.26443087363435
1170.1230000000069,47.1,True,False,-851.0076442920466,1732.1636298761698,-4826.988322072452,82.8780380943458,-10.236618994033911,0.0,1976.8917762561628,-55.49162819853409,65.47725906961551,-430.98860131147336,-0.010979778931036572,-0.012905759588429712,85.83160279533351,85.82885444530814,0.016944443807005882,15.898469310757186,229.61,146.28846931075716,0.12691062688827515,True,1.200249544682734,0.02863731673821176,True,False,101155.05601535454,266.49561410127444
1170.2230000000127,47.2,True,False,-856.557680303385,1738.7242482050754,-4870.141881109799,82.8780380943458,-10.236618994033911,0.0,1985.2968503463962,-55.57426369560402,65.4905995784778,-432.9286357308029,-0.014995499017832654,-0.017625883585473213,85.89621578235392,85.89247591295205,0.023141667246818542,15.84950897071591,229.61,146.2395089707159,0.11102764308452606,True,-0.4455164268560239,0.003913561894465281,True,False,102009.4211276826,267.7608813071865
1170.3240000000078,47.3,True,False,-862.1260841182411,1745.2532857444417,-4913.502872881496,82.8780380943458,-10.236618994033911,0.0,1993.6844275455142,-55.67241907728876,65.51066763618309,-434.8767130756969,-0.02550188628846894,-0.02997521312201691,85.97764394284256,85.9713081211151,0.039355553686618805,15.693186748039114,229.61,146.08318674803908,0.0981094241142273,True,0.7315170371612183,0.01046075109210577,True,False,102869.65913645625,269.07982127025525
1170.423999999999,47.4,True,False,-867.6946665939129,1751.7309689130761,-4957.095340859073,82.8780380943458,-10.236618994033911,0.0,2002.0285331966552,-55.782972937909044,65.53037022043402,-436.82025765301177,-0.014644506164926203,-0.017213322512493568,86.06156031812596,86.05794263761271,0.022600000724196437,15.432313887122127,229.61,145.8223138871221,0.09272822737693787,True,1.4852041543793675,0.042741586341355074,True,False,103735.45666506496,270.43042050339994
1170.523000000001,47.5,True,False,-873.2717934777738,1758.2667207423012,-5000.915368530549,82.8780380943458,-10.236618994033911,0.0,2010.4294474250928,-55.8848973977807,65.54004950688532,-438.76229852724197,-0.008684825429923264,-0.010208244607661584,86.13354412026536,86.13141033633116,0.013402777723968029,15.287371119456244,229.61,145.6773711194562,0.10177156329154968,True,0.5021909577549195,0.0048478651367661095,True,False,104606.54639708524,271.778602434773
1170.6230000000069,47.6,True,False,-878.8675392018987,1764.8215966121504,-5044.888740596502,82.8780380943458,-10.236618994033911,0.0,2018.8576532880911,-55.96842856186536,65.55053187936508,-440.7011711218166,-0.008780223719489466,-0.010320376864423933,86.19575158145618,86.19360315796227,0.01355000026524067,15.335572099300045,229.61,145.72557209930002,0.10223258286714554,True,0.20997173055845053,0.0008406782665065425,True,False,105483.62527363439,273.13221976708263
1170.7230000000127,47.7,True,False,-884.481511834325,1771.3485896604448,-5089.007947607366,82.8780380943458,-10.236618994033911,0.0,2027.2716528710757,-56.04301292328843,65.56358858800643,-442.64100635799383,-0.01833983129023459,-0.021556850553254545,86.25645075739142,86.25197647623642,0.028302777558565143,15.207408175195392,229.61,145.59740817519537,0.0943286269903183,True,1.2444940517688678,0.029285999399782662,True,False,106366.2065342661,274.5061956489383
1170.823000000004,47.8,True,False,-890.0886876940687,1777.90796094534,-5133.3639133075185,82.8780380943458,-10.236618994033911,0.0,2035.7124768144415,-56.114273626419276,65.5812673054053,-444.5949434122337,-0.010439790297940428,-0.012271050681902968,86.31426559487485,86.31172762726789,0.016111111268401146,15.130810151113574,229.61,145.52081015111355,0.09273859113454819,True,-0.07298460676351226,9.989804012574317e-05,True,False,107254.15404361521,275.91405760496156
1170.9230000000098,47.9,True,False,-895.7152564199179,1784.455170373503,-5177.891584288818,82.8780380943458,-10.236618994033911,0.0,2044.1534812463403,-56.22205717382795,65.59642146541802,-446.5400553529275,-0.015656085659479912,-0.018402344790928723,86.39713321012931,86.39334593547082,0.024161111563444138,15.051298251611895,229.61,145.44129825161187,0.09829854220151901,True,0.8053187510528801,0.012063365781872674,True,False,108148.1092160581,277.38256236206854
1171.023000000001,48.0,True,False,-901.3515702349303,1790.969869491872,-5222.652217322688,82.8780380943458,-10.236618994033911,0.0,2052.572224326279,-56.3342445883234,65.61753499891412,-448.48495581715304,-0.029393410389737883,-0.03454935571623538,86.4894932710139,86.48241447063538,0.04536111280322075,14.863010813329511,229.61,145.2530108133295,0.09920342266559601,True,1.2598922756771174,0.02927458610646318,True,False,109047.84496276114,278.8876894168249
1171.1230000000069,48.1,True,False,-906.9872999744816,1797.5415088680888,-5267.536785438772,82.8780380943458,-10.236618994033911,0.0,2061.0422477685397,-56.442442740983296,65.6299084266696,-450.42362592121975,-0.016919659929943143,-0.019887564653655446,86.56636395663647,86.5623141018204,0.026111111044883728,14.872168592676463,229.61,145.26216859267643,0.10668787360191345,True,-0.6272037056403974,0.007198372193620935,True,False,109952.9295256243,280.40342173022816
1171.2230000000127,48.2,True,False,-912.6417309895583,1804.1002543928223,-5312.624354336687,82.8780380943458,-10.236618994033911,0.0,2069.5115125961643,-56.515813293545264,65.65587308082749,-452.3603272555775,-0.014228713517357203,-0.01672459500879185,86.63324503645414,86.62984948755593,0.021958332508802414,14.791132749964785,229.61,145.18113274996477,0.09730365127325058,True,0.7769172847858172,0.010955960153872806,True,False,110864.11064862255,281.9283837699635
1171.323000000004,48.3,True,False,-918.3053566276935,1810.6213925542943,-5357.976280848792,82.8780380943458,-10.236618994033911,0.0,2077.9538224144635,-56.589580271597114,65.68285766261144,-454.30658657692067,-0.005675286061762146,-0.00667079710517938,86.69978346381271,86.69843358471022,0.008758333511650562,14.571870853042233,229.61,144.96187085304223,0.094192273914814,True,1.1270120694788446,0.022856606304075627,True,False,111781.28778151404,283.4857267055264
1171.423999999999,48.4,True,False,-923.969828496911,1817.2060112981064,-5403.451122018165,82.8780380943458,-10.236618994033911,0.0,2086.4537362396563,-56.68280879789912,65.71520895975249,-456.24879172472384,-0.009187015389769388,-0.010798524514953433,86.78598657484339,86.78380898441324,0.0141777778044343,14.479150721889107,229.61,144.8691507218891,0.0947623923420906,True,-0.5168781127709252,0.004770672996941732,True,False,112703.86519049897,285.10705468685774
1171.523000000001,48.5,True,False,-929.6564498754087,1823.7504509478758,-5449.125906908743,82.8780380943458,-10.236618994033911,0.0,2094.9307057853453,-56.79325212566001,65.74139639150093,-458.19095097052497,-0.015645285693702823,-0.01838965038580838,86.87949181911983,86.87580035034634,0.024144444614648822,14.279287874781629,229.61,144.66928787478162,0.09172235429286957,True,1.0023742228555577,0.0177931446254714,True,False,113632.88379036484,286.7712231893607
1171.6230000000069,48.6,True,False,-935.3398337265235,1830.3191238961406,-5495.055970302499,82.8780380943458,-10.236618994033911,0.0,2103.428885696263,-56.879012335197764,65.7623819398948,-460.13865924091397,-0.013053337358113815,-0.015343044229632861,86.95082746490161,86.94775973327997,0.020144443958997726,14.098682502879178,229.61,144.48868250287916,0.09970924258232117,True,0.18726585059028622,0.0006160435817009005,True,False,114567.72086048503,288.4369904321278
1171.7230000000127,48.7,True,False,-941.0383207747925,1836.8806706215983,-5541.173078249266,82.8780380943458,-10.236618994033911,0.0,2111.92968433062,-56.98337645951269,65.79511132341945,-462.08197423709737,-0.0041759160588276814,-0.004908420201826871,87.04178245435972,87.04080575676964,0.006444444414228201,13.919475405579487,229.61,144.30947540557946,0.10020782053470612,True,0.5309115487532878,0.0049125046951503425,True,False,115508.9158395374,290.1695495243318
1171.8240000000078,48.8,True,False,-946.7451142318204,1843.432148573358,-5587.465247582766,82.8780380943458,-10.236618994033911,0.0,2120.427253093321,-57.09131900299991,65.82625949774717,-464.0234457073822,-0.009244614402600673,-0.01086622706313773,87.13719263443042,87.13503970830017,0.0142666669562459,13.743305450870363,229.61,144.13330545087035,0.10140642523765564,True,1.2760181080983273,0.028153811953656273,True,False,116456.26541881633,291.93843490717796
1171.923999999999,48.9,True,False,-952.4537684603388,1849.985055770607,-5634.013028264555,82.8780380943458,-10.236618994033911,0.0,2128.928516631771,-57.199243242808365,65.8600574307766,-465.9695541435889,-0.011022978794144935,-0.01295653720891109,87.23386100701849,87.23130511654145,0.017011111602187157,13.545428165953984,229.61,143.93542816595397,0.11425969749689102,True,1.0755686212653188,0.019841386181176836,True,False,117409.6532550845,293.7461081890199
1172.024000000005,49.0,True,False,-958.1766127438777,1856.5573987509747,-5680.737717559623,82.8780380943458,-10.236618994033911,0.0,2137.455190342115,-57.300120884150985,65.87389855975441,-467.91971666339623,-0.024357111641553714,-0.02862963171561398,87.3135518562371,87.30792841889635,0.03758889064192772,13.387583924941982,229.61,143.77758392494195,0.11992859095335007,True,0.5523051125834968,0.005191369926430075,True,False,118369.18202511757,295.56808707173616
1172.1240000000107,49.1,True,False,-963.9158223988155,1863.1268134118857,-5727.613676161545,82.8780380943458,-10.236618994033911,0.0,2145.9888015182805,-57.37930396377115,65.91097223001636,-469.86219409059214,-0.02588347944673375,-0.030423742149066305,87.39383584675545,87.38787549581939,0.039944443851709366,13.252366066371312,229.61,143.6423660663713,0.12429240345954895,True,1.159068930855227,0.0226886487386646,True,False,119335.12608505471,297.4270775659768
1172.224000000002,49.2,True,False,-980.9060741459882,1864.2834325568926,-5771.009050856889,82.8780380943458,-10.236618994033911,0.0,2155.333399064155,-56.15708094975783,64.12413259911906,-471.80799204045456,-0.00592548064221385,-0.006964878718836505,85.23936839412139,85.23803213581985,0.009144444018602371,22.5099165344048,229.61,152.89991653440475,0.13405096530914307,True,2.239583923534262,0.05933845347985507,True,False,119253.0214939414,289.04667967299315
1172.3240000000078,49.3,True,False,-986.3351382853122,1870.3063724683605,-5818.429473749762,82.8780380943458,-10.236618994033911,0.0,2163.2518945518596,-56.1808116119059,64.07267688561701,-473.76371799528994,-0.01914441546396006,-0.0225025681291708,85.21927535183475,85.2149723737627,0.029544444754719734,22.459567778598693,229.61,152.84956777859867,0.1344650834798813,True,-0.8571726717520036,0.012192156061465549,True,False,120204.56604505317,290.1039820111781
1172.423999999999,49.4,True,False,-991.9575501556513,1876.7101766674023,-5865.905986447888,82.8780380943458,-10.236618994033911,0.0,2171.5984323593716,-56.2319064855045,64.03771267658885,-475.70928314614014,-0.012837341663481399,-0.015089160383284903,85.22526127015627,85.22239114131844,0.019811110571026802,22.635683560669097,229.61,153.02568356066908,0.13304400444030762,True,-0.0501064388184389,4.149630491478523e-05,True,False,121178.41611516189,291.2268265748322
1172.523000000001,49.5,True,False,-997.5595328393291,1883.1164359628765,-5913.51854784293,82.8780380943458,-10.236618994033911,0.0,2179.9383329350685,-56.291735622836214,64.01116558347142,-477.66076629268247,-0.00995019989584431,-0.011695580441022752,85.24415594049549,85.24194283793562,0.0153555553406477,22.670065446391686,229.61,153.06006544639166,0.1363515406847,True,1.0534975768439807,0.01820313377121744,True,False,122158.3709799066,292.38059413827034
1172.6230000000069,49.6,True,False,-1003.200855373998,1889.530796354522,-5961.272464687863,82.8780380943458,-10.236618994033911,0.0,2188.306101818837,-56.36559116545364,63.97780220421022,-479.60014492252145,-0.012704144097180278,-0.014932598417944504,85.26850522415215,85.26569675028821,0.01960555464029312,22.732730745477443,229.61,153.12273074547744,0.1476379930973053,True,-1.0701847094599373,0.018639985081058824,True,False,123143.88767996512,293.5441415899792
1172.724000000002,49.7,True,False,-1008.8474426256396,1895.9232392198708,-6009.343697183233,82.8780380943458,-10.236618994033911,0.0,2196.658810630212,-56.41401967316394,63.94731434422501,-481.5390611365414,-0.0062998736221323,-0.0074049445726912825,85.27623920115458,85.27485343008955,0.009722222574055195,22.816034870665824,229.61,153.2060348706658,0.1350286602973938,True,-0.33972545104286667,0.0018641749637159637,True,False,124135.93321927254,294.68919912764557
1172.8240000000078,49.8,True,False,-1014.4730509560297,1902.2970762687103,-6057.563251145789,82.8780380943458,-10.236618994033911,0.0,2204.9862920561236,-56.45457275636689,63.912212473993144,-483.4793672589477,-0.009892601486497924,-0.01162787860218161,85.27754266634822,85.27537562757944,0.015266667120158672,22.714642213932578,229.61,153.10464221393255,0.12130944430828094,True,0.8368332384195618,0.011224864866292206,True,False,125134.00414499191,295.8340025666744
1172.923999999999,49.9,True,False,-1020.1293831946352,1908.7306110888892,-6105.885527590075,82.8780380943458,-10.236618994033911,0.0,2213.3821634662854,-56.475715958126855,63.87431491656046,-485.4124271703982,-0.011994958816505912,-0.014099013808133753,85.26359846749418,85.260979346023,0.018511110916733742,22.632081547944967,229.61,153.02208154794496,0.1141914650797844,True,-1.1065332800156398,0.01947783783941748,True,False,126137.3712488039,296.95438702459893
1173.024000000005,50.0,True,False,-1034.8341929959236,1905.8394635179716,-6153.994177075001,82.8780380943458,-10.236618994033911,0.0,2218.2489007105,-57.88691718233048,63.31781541133225,-487.199252301158,-0.015796482800642494,-0.01856736922012058,85.79372934395731,85.79068090030252,0.024377778172492984,19.994676316751413,229.61,150.38467631675138,0.1039193794131279,True,-4.6127614312365,0.3920493791839013,True,False,126960.44258939452,296.0978247061445
1173.1240000000107,50.1,True,False,-1040.6152480883006,1912.187649906108,-6202.85730595987,82.8780380943458,-10.236618994033911,0.0,2226.645960576968,-57.96527870533701,63.290184629729694,-489.15634815484003,-0.013794922536119454,-0.016214712054804646,85.82583917591326,85.82319619923666,0.021288888528943062,19.89834964835004,229.61,150.28834964835002,0.09552821516990662,True,-0.2778604799336435,0.001209917425231388,True,False,127971.38891094818,297.2112553277663
1173.224000000002,50.2,True,False,-1046.4215713358417,1918.5439471052919,-6251.800419302989,82.8780380943458,-10.236618994033911,0.0,2235.0642227957587,-58.05554946569942,63.26345786005728,-491.1074543025169,-0.01638687087170846,-0.019261318210980163,85.86761287764095,85.86449746068229,0.025288889184594154,19.84689732636002,229.61,150.23689732636,0.11083648353815079,True,-1.2754485789389136,0.025304718042367436,True,False,128990.28617991065,298.35370244360854
1173.323000000004,50.3,True,False,-1052.243763927272,1924.8549063282667,-6301.026002543703,82.8780380943458,-10.236618994033911,0.0,2243.4528559341275,-58.1438797934502,63.22304992847967,-493.0539149049627,-0.012601546836237515,-0.014812004406673851,85.89687242518234,85.89449807580355,0.019447222352027893,19.91204228883377,229.61,150.30204228883375,0.11562693119049072,True,-1.138457827967457,0.020010401268385047,True,False,130015.51995378915,299.48651612752406
1173.423999999999,50.4,True,False,-1058.0639386802588,1931.1757430566884,-6350.432759621893,82.8780380943458,-10.236618994033911,0.0,2251.850473252988,-58.22846162255999,63.186266552188584,-494.9962004359114,-0.024184314603059857,-0.02842652407106109,85.92924599731606,85.92472300644424,0.03732222318649292,19.86820508042325,229.61,150.2582050804232,0.10250943899154663,True,-0.09742674560868636,0.00014545480730548683,True,False,131046.7920928889,300.6241838187467
1173.523000000001,50.5,True,False,-1063.8942880391944,1937.5020175589807,-6400.013669519755,82.8780380943458,-10.236618994033911,0.0,2260.2594019950734,-58.29332815031505,63.13760698126875,-496.9448260502049,-0.019409009797619586,-0.022813575379874,85.93653691468074,85.93293618957442,0.029952777549624447,19.803693215902783,229.61,150.19369321590275,0.10410142689943314,True,-0.545945636886934,0.004533443247791989,True,False,132084.26930569386,301.73547617654765
1173.6240000000107,50.6,True,False,-1069.7353497394515,1943.811405236943,-6449.761243770482,82.8780380943458,-10.236618994033911,0.0,2268.660684812669,-58.34709539403331,63.09575523281595,-498.88275748674704,-0.008459829964971572,-0.009943782326827723,85.94024463350667,85.93868668603125,0.013055555522441864,19.847855497190107,229.61,150.23785549719008,0.09936410933732986,True,-1.3852502716063313,0.028972108926116232,True,False,133127.9062835116,302.84620419638446
1173.7230000000127,50.7,True,False,-1075.5892088040102,1950.1109663461855,-6499.759384593851,82.8780380943458,-10.236618994033911,0.0,2277.061487418705,-58.39399822470575,63.05835678780128,-500.83051231222777,-0.011895960739508979,-0.013982650319445676,85.94527251081196,85.94309390198018,0.01835833303630352,19.878886995454224,229.61,150.2688869954542,0.0941736102104187,True,-1.321896117063453,0.026188683347610903,True,False,134177.76425823296,303.96381784397647
1173.8240000000078,50.8,True,False,-1081.411847145484,1956.4138739252285,-6549.8537380964935,82.8780380943458,-10.236618994033911,0.0,2285.4507428888846,-58.44489772159412,63.035153452657646,-502.76844916306396,-0.026164273729058916,-0.030753791007450022,85.96544116166261,85.96066914867342,0.04037777706980705,19.804595610252193,229.61,150.19459561025218,0.11021459847688675,True,0.9076252942270315,0.012254874095905527,True,False,135233.22779881427,305.1105983536858
1173.9230000000098,50.9,True,False,-1087.2584054222534,1962.7106000137544,-6600.235791255833,82.8780380943458,-10.236618994033911,0.0,2293.8483004410386,-58.50826476166776,63.00696520914475,-504.7098730452142,-0.02883362021009067,-0.03389137184207293,85.98833330803103,85.9831071216189,0.04449722170829773,19.644717788164893,229.61,150.03471778816487,0.11991702765226364,True,0.14269801409602678,0.0003006882653364496,True,False,136295.26221654247,306.2755402695024
1174.023000000001,51.0,True,False,-1093.119316545225,1969.0424363327659,-6650.683081625229,82.8780380943458,-10.236618994033911,0.0,2302.2848123059443,-58.601636836729256,62.983242055539506,-506.6507898560358,-0.017236453293545406,-0.02025992724998277,86.03239640032155,86.02930093735844,0.026599999517202377,19.59040603030957,229.61,149.98040603030955,0.10933111608028412,True,-1.4694517341526065,0.03165531989338895,True,False,137363.45048729962,307.49205181541276
1174.1230000000069,51.1,True,False,-1098.9560709496798,1975.3258693973116,-6701.295922868062,82.8780380943458,-10.236618994033911,0.0,2310.668789897574,-58.674644207223764,62.946415948661006,-508.5868708471093,-0.04392811489098066,-0.05163361607886159,86.05995072309274,86.05210720038262,0.0677916631102562,19.466487328787412,229.61,149.85648732878738,0.11306241154670715,True,1.3322816132933823,0.025830494647006146,True,False,138437.5928180731,308.6853409505457
1174.2230000000127,51.2,True,False,-1104.8181886638615,1981.5926583226392,-6752.288078951679,82.8780380943458,-10.236618994033911,0.0,2319.052866372723,-58.74780480484504,62.90679945372189,-510.54259478524904,-0.0341741139710969,-0.04016865019129633,86.07909863828384,86.0730502939158,0.05273889005184174,19.30787537174562,229.61,149.6978753717456,0.10616784542798996,True,0.8019384377519074,0.009290708083730299,True,False,139518.76408653148,309.8903766095368
1174.3240000000078,51.3,True,False,-1110.6992024072679,1987.8940172532314,-6803.401345359628,82.8780380943458,-10.236618994033911,0.0,2327.4777482402164,-58.795760252316065,62.8613175591939,-512.4799454672797,-0.025933877677733776,-0.03048298081471283,86.07712278689014,86.07256629685006,0.040022220462560654,19.215928328746564,229.61,149.60592832874656,0.09644391387701035,True,-0.5269861554347486,0.003983505580104099,True,False,140606.09469527018,311.0609152554109
1174.4230000000098,51.4,True,False,-1116.5587236775905,1994.1671660077113,-6854.643550173403,82.8780380943458,-10.236618994033911,0.0,2335.8688059947353,-58.838933148619184,62.82401195418628,-514.4148031825433,-0.01072058458026559,-0.012601099540286684,86.07670145598928,86.074831002375,0.016544444486498833,19.12425503400703,229.61,149.51425503400702,0.12286659330129623,True,1.3755889708467421,0.026948069354725185,True,False,141699.76435335405,312.25094698524197
1174.524000000005,51.5,True,False,-1132.7730564272981,2011.7493229792226,-6891.617270752129,82.8780380943458,-10.236618994033911,0.0,2359.2869120031055,-61.6438722747276,63.25325847759912,-515.4982143783219,-0.019619605509363456,-0.023061112023661786,88.32576712289416,88.32293981212862,0.030277777463197708,10.963411137515092,229.61,141.35341113751505,0.10582662373781204,True,-8.247304239151525,1.0680338749776053,True,False,142151.49752560598,310.4749378178438
1174.6230000000069,51.6,True,False,-1138.8781957763154,2018.1322907053582,-6943.307158767786,82.8780380943458,-10.236618994033911,0.0,2367.9038681578527,-61.737207651250266,63.22753982627795,-517.4441076387384,-0.017690044614364422,-0.02079308375291938,88.37222679945285,88.36970409058276,0.027300000190734863,10.796121026867748,229.61,141.18612102686774,0.10795439779758453,True,-0.14660431011794373,0.0003004119043426314,True,False,143219.59999432825,311.5350641068854
1174.7230000000127,51.7,True,False,-1145.0540692003594,2024.461494378143,-6995.127034423014,82.8780380943458,-10.236618994033911,0.0,2376.5129228947003,-61.858821689728146,63.20157372511957,-519.3961512837266,-0.019119216348460047,-0.022472948796347536,88.43884259657416,88.43615065216999,0.02950555644929409,10.740557911121147,229.61,141.13055791112112,0.10769400745630264,True,0.537962468618872,0.004040981727354298,True,False,144325.12501833998,312.7540495883056
1174.8240000000078,51.8,True,False,-1151.2324140962578,2030.7972705053212,-7047.106231946815,82.8780380943458,-10.236618994033911,0.0,2385.13059313132,-61.982808766320645,63.178273364852515,-521.3432591577929,-0.009662206038657686,-0.011357069118787576,88.50762842243635,88.50628682713058,0.014911111444234848,10.618067033196112,229.61,141.00806703319608,0.11007481813430786,True,1.4081178977882445,0.027487708011609657,True,False,145437.20591219945,313.9864603793084
1174.9230000000098,51.9,True,False,-1157.4300553190947,2037.1231943182947,-7099.348723083629,82.8780380943458,-10.236618994033911,0.0,2393.7515267364693,-62.098686487840304,63.153174723303714,-523.2791452624184,-0.015969278632166548,-0.018770475445987162,88.57176997369051,88.56957909546148,0.024644443765282634,10.508938490697195,229.61,140.8989384906972,0.12855985760688782,True,1.1185811789111781,0.017223549313859506,True,False,146555.98395867107,315.2069901877023
1175.024000000005,52.0,True,False,-1163.6477994764584,2043.4225733285987,-7151.722385661113,82.8780380943458,-10.236618994033911,0.0,2402.36190902679,-62.20949278074086,63.116309426613,-525.2092249931572,-0.011757363190319312,-0.013819741151545105,88.6226353693584,88.62104438378621,0.01814444363117218,10.501695888889438,229.61,140.89169588888942,0.1395270675420761,True,-0.7452197778596528,0.007590864493107171,True,False,147680.97628656795,316.41057020430793
1175.1240000000107,52.1,True,False,-1169.8579872411726,2049.7339431071855,-7204.206166977792,82.8780380943458,-10.236618994033911,0.0,2410.98035369371,-62.29793224514725,63.07949823467535,-527.1410434377299,-0.01750284842614765,-0.02057305118066357,88.65929664801133,88.65695381389645,0.027011111378669742,10.278982477899804,229.61,140.6689824778998,0.12582354247570038,True,1.4723508492925887,0.02941900984090048,True,False,148812.27430453998,317.59986058820283
1175.2230000000127,52.2,True,False,-1176.0899102381327,2056.0308758674655,-7257.044245529648,82.8780380943458,-10.236618994033911,0.0,2419.5994824040004,-62.37862378537421,63.05106171764099,-529.084676871282,-0.02491870020620404,-0.029289729432381412,88.69676023696918,88.69345572858815,0.03845555707812309,10.063749398994698,229.61,140.4537493989947,0.12200047075748444,True,0.9971499703118667,0.0133995068608846,True,False,149950.69987291374,318.79526506832315
1175.3240000000078,52.3,True,False,-1182.332497841376,2062.3351594599662,-7309.999361081746,82.8780380943458,-10.236618994033911,0.0,2428.2321711662444,-62.48856614664953,63.024101278657945,-531.022683155446,-0.015069296772359774,-0.017712626322651717,88.75363715973457,88.75166613110274,0.023255554959177974,9.939120146826514,229.61,140.32912014682648,0.11808837950229645,True,-0.6950820236730593,0.006465904361495292,True,False,151095.42598835862,320.03370903554026
1175.423999999999,52.4,True,False,-1188.5855906778197,2068.6314239011667,-7363.158942011773,82.8780380943458,-10.236618994033911,0.0,2436.8652197159786,-62.61200784826265,62.99997956809991,-532.9699717902129,-0.012542148231433315,-0.014742186597198267,88.82312910358023,88.82151176585495,0.01935555599629879,9.704066605019236,229.61,140.0940666050192,0.11447408050298691,True,0.7491495063665567,0.007457301344815343,True,False,152247.0301306125,321.31138465756595
1175.523000000001,52.5,True,False,-1194.8373484309093,2074.947498036781,-7416.484961743426,82.8780380943458,-10.236618994033911,0.0,2445.516184955839,-62.739674707034,62.992385543283184,-534.9074062598,-0.007131456503330695,-0.008382396742722087,88.90707926657302,88.90617199485126,0.011005555279552937,9.556826376019403,229.61,139.9468263760194,0.12650838494300842,True,1.6882372549678877,0.03761371612289824,True,False,153405.4970755852,322.62073323067835
1175.6240000000107,52.6,True,False,-1201.1158283558043,2081.2233076166794,-7469.867262011258,82.8780380943458,-10.236618994033911,0.0,2454.1485027805666,-62.87094920087418,62.95708041193043,-536.8321885132273,-0.02028919131784509,-0.023848150954260044,88.97641724794289,88.97387384740071,0.03131110966205597,9.54922535209103,229.61,139.939225352091,0.1454310268163681,True,-1.5845898957798568,0.03290903725916022,True,False,154569.60764422602,323.9083198328135
1175.724000000002,52.7,True,False,-1207.4192525421727,2087.495334833012,-7523.684152710615,82.8780380943458,-10.236618994033911,0.0,2462.792408696067,-62.996252859706516,62.922767350484776,-538.7721428460571,-0.021347571066422794,-0.025092182794445465,89.04084296509463,89.03820823336078,0.0329444445669651,9.500307056547154,229.61,139.89030705654713,0.12223421037197113,True,-0.8279702431707179,0.008923801802524584,True,False,155741.57864171945,325.2056096858896
1175.823000000004,52.8,True,False,-1213.7051853683813,2093.817117481898,-7577.526143540627,82.8780380943458,-10.236618994033911,0.0,2471.4712584497775,-63.096406954692874,62.8809675262704,-540.704408657466,-0.021288171254648793,-0.025022363566283568,89.08217652013829,89.07958603199775,0.03285277634859085,9.409890283049576,229.61,139.79989028304954,0.12544122338294983,True,1.3200829278248207,0.022527456728773543,True,False,156919.7181409508,326.47512922984333
1175.9230000000098,52.9,True,False,-1220.0140981447482,2100.0929931306887,-7631.533439293033,82.8780380943458,-10.236618994033911,0.0,2480.124793328786,-63.194985058381114,62.84269926802302,-542.6302187151862,-0.011859961658231876,-0.013940336581502068,89.1238713217243,89.12244940428978,0.018302777782082558,9.355088108823352,229.61,139.74508810882335,0.12501299381256104,True,-1.4632940422983864,0.027492236214493038,True,False,158104.54040253174,327.75455975429753
1176.023000000001,53.0,True,False,-1223.8907813036774,2102.976081266714,-7687.892841390018,82.8780380943458,-10.236618994033911,0.0,2484.6151943297427,-62.81797002748392,62.81262835926174,-544.6789713019275,-0.008720824511200367,-0.010250558345605194,88.83533025174997,88.8342481240912,0.013458332978188993,11.110894363201414,229.61,141.5008943632014,0.1183575689792633,True,0.4990271954155574,0.0037231184514694617,True,False,159051.39228203226,327.1748176861128
1176.1230000000069,53.1,True,False,-1230.1731648131354,2109.2619047055246,-7742.427933305611,82.8780380943458,-10.236618994033911,0.0,2493.2664224710106,-62.92101628905321,62.802626963993376,-546.6215049803758,-0.020312592048341988,-0.02387565644447833,88.90257564938311,88.90008011484471,0.03134722262620926,11.064421889735808,229.61,141.4544218897358,0.1314118653535843,True,-0.6582348121172572,0.005486865348991849,True,False,160247.16107268736,328.4303780053587
1176.224000000002,53.2,True,False,-1236.4707114468586,2115.5413974336207,-7797.1871389917205,82.8780380943458,-10.236618994033911,0.0,2501.921920852654,-63.0284047934916,62.791329621318944,-548.5672322071471,-0.008740624247296734,-0.010273831185211439,88.96920516791143,88.9681453466653,0.01348888874053955,10.870797608527184,229.61,141.26079760852716,0.13979516923427582,True,0.013071131519289736,2.148705739236541e-06,True,False,161449.97283578798,329.7019753267798
1176.3240000000078,53.3,True,False,-1242.7701901105097,2121.8250856726363,-7852.087895332192,82.8780380943458,-10.236618994033911,0.0,2510.5836646980756,-63.14863505553992,62.78226352722954,-550.5132100966456,-0.0178772408025812,-0.02101311632517519,89.04911082896832,89.04696919592638,0.027588889002799988,10.789681903877828,229.61,141.1796819038778,0.13424819707870483,True,-1.1369380078181095,0.01614706742570046,True,False,162659.62115535597,331.00164306311234
1176.4230000000098,53.4,True,False,-1249.0811740629206,2128.10657567824,-7907.201759197674,82.8780380943458,-10.236618994033911,0.0,2519.2512699315707,-63.2803688304116,62.776738437113735,-552.4640861850836,-0.020479989103947296,-0.024072416886471052,89.13896667638967,89.1365467589738,0.0316055566072464,10.70265342845664,229.61,141.09265342845663,0.1486225426197052,True,-1.6508854412247942,0.033814232615666205,True,False,163876.4496527654,332.33062190646433
1176.523000000001,53.5,True,False,-1255.4135779707942,2134.37624708614,-7962.462448682715,82.8780380943458,-10.236618994033911,0.0,2527.921833243042,-63.39225036998668,62.76466802806471,-554.3994363482009,-0.02809383462405795,-0.03302181927819243,89.21079633991063,89.20751627326166,0.043355554342269904,10.491050407877752,229.61,140.88105040787772,0.14113835990428925,True,0.8644147893181824,0.009206955865147557,True,False,165099.6257484409,333.63309402722393
1176.6230000000069,53.6,True,False,-1261.754616576796,2140.655258025179,-8017.968660848493,82.8780380943458,-10.236618994033911,0.0,2536.6065604731048,-63.500810566479245,62.74237899796008,-556.334657549985,-0.013224334804634754,-0.015544036612894468,89.27054670571759,89.2690263469001,0.020408334210515022,10.387689043837776,229.61,140.77768904383777,0.1470647007226944,True,-0.5199444977457546,0.003309263697708321,True,False,166330.29243436843,334.9256414871587
1176.7230000000127,53.7,True,False,-1268.0967265312313,2146.9309969097076,-8073.630614826819,82.8780380943458,-10.236618994033911,0.0,2545.2907373734274,-63.58781974069925,62.71201937099726,-558.2708353542599,-0.011823962576954773,-0.013898022843558459,89.31096210476498,89.30961982319708,0.018247222527861595,10.310633984520665,229.61,140.70063398452064,0.12351765483617783,True,-1.633393984748956,0.03244244072990633,True,False,167568.11962532793,336.188102627726
1176.823000000004,53.8,True,False,-1274.4510380789607,2153.194036825997,-8129.337272851043,82.8780380943458,-10.236618994033911,0.0,2553.9722832418074,-63.67236151006285,62.68866264160989,-560.2005770326135,-0.011949959361424633,-0.014046120926361087,89.35478546202279,89.35344450026372,0.018441665917634964,10.097894210106626,229.61,140.48789421010662,0.10680947452783585,True,1.677563123888227,0.03398685663114835,True,False,168811.73329971102,337.4695098403323
1176.9230000000098,53.9,True,False,-1280.8245707089784,2159.457476736366,-8185.484180496591,82.8780380943458,-10.236618994033911,0.0,2562.6660481429003,-63.76247037036249,62.6752482352313,-562.1497050319257,-0.012014757949117378,-0.014122285938396845,89.40960668256398,89.40827349344812,0.018541665747761726,9.961009312647583,229.61,140.35100931264756,0.09463120251893997,True,0.6497152036688263,0.005064915066632592,True,False,170063.6427552044,338.77892757754336
1177.0270000000019,54.0,True,False,-1287.1980336588738,2165.7342026024357,-8241.734427940939,82.8780380943458,-10.236618994033911,0.0,2571.3726798793573,-63.883795630689136,62.665733190727984,-564.095499872204,-0.014604906692733469,-0.017166776833281074,89.48977300273769,89.48817497588809,0.022538889199495316,9.837604195609098,229.61,140.22760419560908,0.09408199042081833,True,-0.9097572753175314,0.009864563325178351,True,False,171322.49549390943,340.1493120174307
1177.1230000000069,54.1,True,False,-1293.5947417898728,2171.9846846108135,-8298.144736139564,82.8780380943458,-10.236618994033911,0.0,2580.0711485672305,-63.99942655088561,62.649491649267596,-566.031562166874,-0.010169795981392357,-0.011953696228639597,89.56049191932605,89.55939594902286,0.015694444999098778,9.606735659319737,229.61,139.9967356593197,0.09089547395706177,True,1.2505023354264253,0.018511744368786467,True,False,172588.47198211087,341.51897600680695
1177.2230000000127,54.2,True,False,-1300.0010486515405,2178.249066836918,-8354.861172042583,82.8780380943458,-10.236618994033911,0.0,2588.7881654639314,-64.11990062048005,62.639028037539646,-567.9702112087988,-0.0069658602466681025,-0.008187752980706965,89.63895386423229,89.63821444600464,0.01075000036507845,9.501144802507255,229.61,139.89114480250726,0.09221912920475006,True,0.5480983147039851,0.003533715700436561,True,False,173862.1397212231,342.9108673960558
1177.3240000000078,54.3,True,False,-1306.4097355280273,2184.510979635959,-8411.686325747494,82.8780380943458,-10.236618994033911,0.0,2597.506023020684,-64.21696581633152,62.60730526600272,-569.9091112546512,-0.015724483431118486,-0.018482740325547052,89.68717139089006,89.68552487066317,0.024266665801405907,9.441640249920239,229.61,139.8316402499202,0.08900530636310577,True,-1.0964219318211974,0.014048526240662664,True,False,175142.79252014935,344.25850671495124
1177.423999999999,54.4,True,False,-1312.8316589315275,2190.7706229468513,-8468.625122969881,82.8780380943458,-10.236618994033911,0.0,2606.230695362227,-64.3131264110688,62.5870863998279,-571.8405376219038,-0.005515089184503197,-0.006482499836381275,89.74086996192739,89.74030093991014,0.00851111114025116,9.270323151264726,229.61,139.66032315126472,0.08713837713003159,True,1.4829071415110775,0.025527196411123082,True,False,176430.1651730548,345.63232747432943
1177.523000000001,54.5,True,False,-1316.2495547334245,2199.745649569029,-8521.225082569816,82.8780380943458,-10.236618994033911,0.0,2615.641345516463,-62.96885013401326,62.699335350572966,-573.6518333641077,-0.011764563972150574,-0.013828205034082875,88.86245273807042,88.86103049483182,0.018155556172132492,16.418582519770773,229.61,146.80858251977074,0.08602569997310638,True,7.721197646777242,0.7736784944736912,True,False,177386.44999452584,345.2256647002595
1177.6230000000069,54.6,True,False,-1322.6290414968976,2206.0398275215184,-8578.708995093788,82.8780380943458,-10.236618994033911,0.0,2624.3725799056638,-63.05183665960498,62.68794921779553,-575.6033448648678,-0.01711045650907555,-0.020111829167180142,88.91387758819693,88.91182757812605,0.02640555612742901,16.386324496244885,229.61,146.77632449624488,0.08831484615802765,True,0.2253673802870182,0.0005780983721662435,True,False,178673.1204995964,346.48345127896505
1177.7230000000127,54.7,True,False,-1329.188562942198,2213.6580159146174,-8636.221562472128,82.8780380943458,-10.236618994033911,0.0,2634.319538882552,-63.197753965471804,62.87357308681507,-577.5461446160816,-0.01626807245513026,-0.019121681173342682,89.14814195948686,89.1461849939939,0.025105554610490802,15.750219423256246,229.61,146.14021942325624,0.09306570887565613,True,-0.05842473819085825,4.664090536891634e-05,True,False,179914.92631512572,347.19502991703087
1177.8240000000078,54.8,True,False,-1335.5061062644445,2219.9316248276846,-8693.97361355707,82.8780380943458,-10.236618994033911,0.0,2643.0028332787056,-63.304322278273574,62.88382361444782,-579.4860737618317,-0.007300653150908919,-0.008581272446006094,89.22985788999237,89.22898907577351,0.01126666646450758,15.679330965067408,229.61,146.0693309650674,0.10026636719703674,True,1.6370972041984828,0.030342503126684985,True,False,181227.60916389836,348.53123605893217
1177.9230000000098,54.9,True,False,-1341.8479622417537,2226.2044186972525,-8752.050845949114,82.8780380943458,-10.236618994033911,0.0,2651.699962496394,-63.41722854803891,62.85522045479467,-581.43082982957,-0.015978279005970722,-0.01878105458981622,89.2908651625609,89.28898932754834,0.024658333510160446,15.621703296449288,229.61,146.01170329644927,0.10316486656665802,True,0.6801438146873764,0.005203580899081597,True,False,182547.80930323948,349.8389658301516
1178.024000000005,55.0,True,False,-1348.1910928249256,2232.492412840117,-8810.261836386246,82.8780380943458,-10.236618994033911,0.0,2660.4120672748777,-63.523285137344665,62.857801661589,-583.3640255012306,-0.004139916675808129,-0.004866106109211686,89.36664259351149,89.36616241267191,0.006388888694345952,15.67861620029555,229.61,146.06861620029554,0.10220528393983841,True,-0.6016497753753214,0.0040457342133610455,True,False,183875.46431473023,351.16708655794463
1178.1240000000107,55.1,True,False,-1354.5486746946046,2238.7681416284804,-8868.670071916824,82.8780380943458,-10.236618994033911,0.0,2669.123070962068,-63.612192793885505,62.84024544919132,-585.2962214822949,-0.011282173144915916,-0.013261197257054118,89.41833776995949,89.41704267174725,0.017411110922694206,15.602229751436504,229.61,145.9922297514365,0.09859433025121689,True,0.6047748129166024,0.004061845254075584,True,False,185210.60147571744,352.4551427084208
1178.224000000002,55.2,True,False,-1360.932080159512,2244.974429413637,-8927.310428585593,82.8780380943458,-10.236618994033911,0.0,2677.790979600956,-63.6933673834906,62.83753690062086,-587.2172977902967,-0.011634965589795283,-0.01367587359132505,89.47423087646193,89.47290702992271,0.017955554649233818,15.207895989568772,229.61,145.59789598956874,0.09843350946903229,True,1.1800252035177152,0.015358421173498261,True,False,186552.92919325535,353.7566902918751
1178.323000000004,55.3,True,False,-1367.3056058508746,2251.2657071174103,-8986.106265103013,82.8780380943458,-10.236618994033911,0.0,2686.5266371606504,-63.831974471722425,62.79574037250789,-589.1587019789184,-0.013155935826026378,-0.015463639659589825,89.54378230103863,89.54231387388893,0.020302778109908104,15.069354762954413,229.61,145.45935476295438,0.10506641119718552,True,-0.30234381679797195,0.001002269835441768,True,False,187902.55862361784,355.11696420526744
1178.423999999999,55.4,True,False,-1373.694670746561,2257.5053696364257,-9044.95861414496,82.8780380943458,-10.236618994033911,0.0,2695.228707018714,-63.94676297485492,62.764739357179685,-591.0712913757748,-0.02634427154938403,-0.030965362534540686,89.6053595408859,89.60246091228174,0.040655557066202164,14.93623067325177,229.61,145.32623067325176,0.10559168457984924,True,2.013202704639326,0.04416130464144695,True,False,189259.73664801943,356.4633618428609
1178.523000000001,55.5,True,False,-1380.091106628925,2263.7873683771445,-9104.129282520324,82.8780380943458,-10.236618994033911,0.0,2703.97185886833,-64.0564080922992,62.7218953474483,-593.0160792945504,-0.027084054721477152,-0.03183491226104856,89.65369483862608,89.65076449012261,0.0417972207069397,14.87119630344021,229.61,145.26119630344022,0.11148542165756226,True,-0.3340257339327053,0.0012080776459310364,True,False,190624.05116632278,357.79287588085475
1178.625,55.6,True,False,-1386.5130492031597,2270.024539788171,-9163.521461958302,82.8780380943458,-10.236618994033911,0.0,2712.69259586856,-64.23251362111192,62.62472729898061,-594.9460023281314,-0.010574787456214464,-0.012429727908534654,89.70992625102856,89.70881938448424,0.01631944440305233,14.58323643171631,229.61,144.9732364317163,0.10307582467794418,True,0.6378706927143796,0.0043765029812906,True,False,191996.6855070581,359.20055023715656
1178.7230000000127,55.7,True,False,-1392.933927015052,2276.3209791090226,-9223.068084981427,82.8780380943458,-10.236618994033911,0.0,2721.464055577968,-64.4312598499122,62.49827301579831,-596.8609767174364,-0.010304793139666393,-0.012112373455271282,89.76417844518889,89.76314040743098,0.015902778133749962,14.077978799974433,229.61,144.4679787999744,0.11729434132575989,True,-0.4645069859188027,0.00230409317443683,True,False,193375.50616954706,360.6191394885245
1178.823000000004,55.8,True,False,-1399.3884258174887,2282.5554727855356,-9282.842801961,82.8780380943458,-10.236618994033911,0.0,2730.203187706847,-64.57751002233135,62.413566510586904,-598.7952172334292,-0.01908501685915586,-0.022432750319695216,89.81115878828815,89.80928729956474,0.029452778398990635,13.930855746561027,229.61,144.32085574656102,0.12447389215230942,True,0.40319668246312546,0.001727483487161585,True,False,194763.38303799232,362.014655951788
1178.923999999999,55.9,True,False,-1405.8661185285428,2288.7509439637242,-9342.830252654601,82.8780380943458,-10.236618994033911,0.0,2738.9236897937203,-64.76975778320394,62.27177044938595,-600.7204532895493,-0.013334131640438977,-0.01567309308801658,89.85054272066283,89.84929002610941,0.020577777177095413,13.622155697580618,229.61,144.0121556975806,0.13027521967887878,True,0.7972726435257655,0.006709944315064414,True,False,196158.71637512947,363.4545727952825
1179.024000000005,56.0,True,False,-1412.3495050396011,2294.973100982712,-9403.006287028968,82.8780380943458,-10.236618994033911,0.0,2747.6712428566934,-64.9156574941806,62.181791357226764,-602.6636315171899,-0.01336293114685462,-0.015706944362108725,89.89347381497141,89.89225642009131,0.020622221753001213,13.618834623898815,229.61,144.0088346238988,0.14007635414600372,True,0.36414884053620966,0.0013918138558767841,True,False,197561.90736924903,364.88038802267465
1179.1240000000107,56.1,True,False,-1418.8462344709994,2301.181919095059,-9463.332824934269,82.8780380943458,-10.236618994033911,0.0,2756.4164143020616,-65.07125993240412,62.034789313061275,-604.6213454993003,-0.014716504327480407,-0.017297949988380783,89.90447917935096,89.90319212523214,0.02271111123263836,13.612668933244255,229.61,144.00266893324425,0.13365863263607025,True,1.2059534585893203,0.015169413851267025,True,False,198972.6689565305,366.2965605239999
1179.224000000002,56.2,True,False,-1425.3588773071997,2307.3823562851367,-9523.899191665321,82.8780380943458,-10.236618994033911,0.0,2765.1647884988774,-65.1821987352651,61.949708600031066,-606.5778760576588,-0.008042238328914557,-0.009452940271177879,89.9255713012956,89.92488769852514,0.012411111034452915,13.687110371597791,229.61,144.07711037159777,0.13530679047107697,True,0.20611237711695907,0.00044033795858567715,True,False,200391.0663418604,367.69946936161966
1179.323000000004,56.3,True,False,-1431.8899645276244,2313.5120100179474,-9584.533209329393,82.8780380943458,-10.236618994033911,0.0,2773.8654964872426,-65.35439188037269,61.83857877210485,-608.5319539237261,-0.009745004166988983,-0.011454390999795137,89.97416005528012,89.97336473983366,0.015038888901472093,13.478536952103395,229.61,143.8685369521034,0.14391985535621643,True,2.149427049179863,0.047579584166949226,True,False,201816.9229179524,369.2253305149997
1179.4230000000098,56.4,True,False,-1438.4170009501097,2319.6932048886038,-9645.52608553194,82.8780380943458,-10.236618994033911,0.0,2782.6087723643527,-65.46133651270885,61.78543675851257,-610.494585974874,-0.012405350274216563,-0.014581392690588982,90.0155810612482,90.01459200302062,0.019144443795084953,13.43640624270866,229.61,143.82640624270863,0.16563642024993896,True,1.4898313216225816,0.022723538718253316,True,False,203250.90453444506,370.68532705739943
1179.523000000001,56.5,True,False,-1444.9699795269453,2325.8490621178375,-9706.699807597483,82.8780380943458,-10.236618994033911,0.0,2791.346605931486,-65.5376176091495,61.704551862798,-612.4605990434465,-0.011634965589795283,-0.01367587359132505,90.01552108567114,90.01461571584824,0.017955554649233818,13.32227024143754,229.61,143.71227024143752,0.16880115866661072,True,0.9638637263792305,0.009451633719129212,True,False,204692.64952475808,372.08272825315487
1179.6230000000069,56.6,True,False,-1451.5263900135317,2332.0153258257787,-9768.05062684732,82.8780380943458,-10.236618994033911,0.0,2800.096627262934,-65.63883506915967,61.62980023622971,-614.403690661695,-0.007779443587227947,-0.009144048281765967,90.03774161448128,90.03715314465427,0.012005555443465711,13.311666209292582,229.61,143.70166620929257,0.16419102251529694,True,0.4905528969399313,0.0024334643367747402,True,False,206142.25415228965,373.5348079237076
1179.7230000000127,56.7,True,False,-1458.087565018948,2338.167531785273,-9829.565717094,82.8780380943458,-10.236618994033911,0.0,2808.839092111863,-65.72193692402647,61.48009912657454,-616.3701841566975,-0.01000959910413341,-0.011765398959841493,89.99614878194815,89.99541978155969,0.015447222627699377,13.27897782831668,229.61,143.66897782831666,0.16097311675548553,True,1.0419294762232525,0.010910811371104036,True,False,207599.55998503475,374.93114124347755
1179.8240000000078,56.8,True,False,-1481.7397260536225,2344.3656112692533,-9876.842505711202,82.8780380943458,-10.236618994033911,0.0,2827.044465629827,-68.42640448462512,61.568982180386776,-617.6034365230605,-0.01007259749636834,-0.011839448001242805,92.0488569256408,92.04842419847452,0.01554444432258606,14.034320462868301,229.61,144.42432046286828,0.16081078350543976,True,-12.426046835006531,1.1841037383326658,True,False,208382.58071970788,372.72885084164125
1179.923999999999,56.9,True,False,-1488.630445882164,2350.2014055777045,-9938.89042828048,82.8780380943458,-10.236618994033911,0.0,2835.719764549078,-68.48923952625397,61.54906050968565,-619.5938997522103,-0.007804643306212859,-0.009173668323932386,92.08215418169841,92.08182654850812,0.012044444680213928,13.766924456567649,229.61,144.15692445656762,0.14904901385307312,True,-0.16009446630209823,0.00023740174823861057,True,False,209257.03431364498,372.90981547865044
1180.023000000001,57.0,True,False,-1495.484245109476,2356.3465899604166,-10000.877517029672,82.8780380943458,-10.236618994033911,0.0,2844.634173658456,-68.53959282034128,61.513917503404784,-621.5668750946011,-0.00880902322590511,-0.010354228138516082,92.09616897539088,92.09580788827398,0.01359444484114647,13.79039497087316,229.61,144.18039497087315,0.17316299676895142,True,1.2086229451517028,0.014431187786455503,True,False,210725.5764766908,374.21963816982543
1180.1240000000107,57.1,True,False,-1502.326132148512,2362.508480190942,-10063.114035526034,82.8780380943458,-10.236618994033911,0.0,2853.5577034750268,-68.57826446401285,61.47650728071206,-623.5505105596684,-0.007790243553005038,-0.00915674268688631,92.09992842134594,92.099616200783,0.012022222392261028,14.062743211991025,229.61,144.452743211991,0.172474205493927,True,1.2943115077656842,0.016444647382307886,True,False,212202.3393759164,375.5182754012899
1180.224000000002,57.2,True,False,-1509.2455205265308,2368.5251323220054,-10125.48122990424,82.8780380943458,-10.236618994033911,0.0,2862.405438689592,-68.65212384630264,61.40786535843193,-625.5310138845657,-0.010806983099512517,-0.01270265336256313,92.10926422247724,92.1088488500827,0.016677778214216232,13.881357245490083,229.61,144.27135724549007,0.17188119888305664,True,2.4999361769487507,0.060981948948516676,True,False,213686.6529343334,376.8731709570459
1180.3240000000078,57.3,True,False,-1516.1178025729255,2374.6018156760138,-10188.0839841876,82.8780380943458,-10.236618994033911,0.0,2871.278819263416,-68.6841606752978,61.333242127390776,-627.4788688265824,-0.004492709724172397,-0.0052807831528257744,92.08317536178215,92.08300884271358,0.006933333352208138,13.853205045691475,229.61,144.24320504569144,0.1894358992576599,True,2.9713916473460102,0.0856484311768048,True,False,215179.27027600515,378.14525506068884
1180.423999999999,57.4,True,False,-1522.9239186696486,2380.755442618446,-10250.844939430477,82.8780380943458,-10.236618994033911,0.0,2880.1810642806763,-68.71222925426777,61.2463157901685,-629.3907474238545,-0.018590026474171194,-0.021850932876254826,92.04675075178413,92.04608436517056,0.028688888996839523,14.059878297993743,229.61,144.44987829799373,0.19279448688030243,True,3.4233231293973745,0.11299819013779298,True,False,216679.70006701152,379.39798510758794
1180.523000000001,57.5,True,False,-1529.7744504238976,2386.881495385986,-10313.975796203906,82.8780380943458,-10.236618994033911,0.0,2889.0869324083874,-68.7495307180088,61.106640511141656,-631.3244557021414,-0.014453709585793797,-0.01698905799896887,91.98156827897296,91.98108223164334,0.022305555641651157,14.314201720685368,229.61,144.70420172068535,0.19082249701023102,True,1.7712043929993442,0.03006538760933965,True,False,218187.7021395043,380.6404244880242
1180.6230000000069,57.6,True,False,-1536.6735611747486,2392.8984100710436,-10377.208434834512,82.8780380943458,-10.236618994033911,0.0,2897.9312190965975,-68.78316836972616,60.99000542551119,-633.2795039969121,-0.004670906142069896,-0.005490237290595683,91.92895193843512,91.92880404303094,0.007208333350718022,14.188123235480452,229.61,144.57812323548043,0.2002001702785492,True,1.9709219903993471,0.03701509770512047,True,False,219703.61496004823,381.910443521293
1180.7230000000127,57.7,True,False,-1543.5655015766133,2398.9403399283747,-10440.677251536654,82.8780380943458,-10.236618994033911,0.0,2906.7941459862654,-68.7643883458513,60.818147347836515,-635.178759342902,-0.014424910079378154,-0.01695520672487672,91.80123732959147,91.80080692130218,0.022261111065745354,13.91873691866936,229.61,144.30873691866935,0.21889562904834747,True,0.9186726732645596,0.00799418182108553,True,False,221226.88857795618,383.04157195714276
1180.8240000000078,57.8,True,False,-1550.409957678869,2404.9416041990767,-10504.1586211981,82.8780380943458,-10.236618994033911,0.0,2915.5986566952447,-68.74147072140964,60.64330789410469,-637.0952946084172,-0.02002999696707411,-0.023543490906117015,91.66844207367147,91.66788199408558,0.03091111034154892,13.822168232818601,229.61,144.21216823281858,0.2092820405960083,True,2.477121731335224,0.057800207817883184,True,False,222757.9421123236,384.1967306746167
1180.923999999999,57.9,True,False,-1557.2732486106813,2410.8246043195827,-10567.804095846486,82.8780380943458,-10.236618994033911,0.0,2924.3176452487137,-68.72725435904584,60.36679195654489,-639.0072270057462,-0.026769062156817604,-0.031464666344698834,91.47516648310891,91.47450498831769,0.0413111113011837,13.589755096461772,229.61,143.97975509646173,0.2050139307975769,True,3.8694659482954066,0.1401879010055573,True,False,224296.58457596108,385.3435578621918
1181.023000000001,58.0,True,False,-1563.945899783713,2416.918868770751,-10631.651299807243,82.8780380943458,-10.236618994033911,0.0,2933.106347228976,-68.71967246935388,60.14510539626794,-640.9409261740554,-0.01600887810435928,-0.018817021125199656,91.32300340826339,91.32265374715877,0.02470555528998375,13.61604241281585,229.61,144.00604241281582,0.21588678658008575,True,4.641214318347664,0.20061330446877504,True,False,225842.84837570862,386.5507584132786
1181.1240000000107,58.1,True,False,-1570.7488915660938,2422.918708705285,-10696.032014884295,82.8780380943458,-10.236618994033911,0.0,2941.8917164317577,-68.6958961010411,59.942186560208555,-642.9036294087656,-0.014342111951046859,-0.016857884843869162,91.17150250555302,91.1712228213699,0.022133333608508114,13.689321715028754,229.61,144.07932171502873,0.21375609934329987,True,2.489502486414061,0.05737282197278757,True,False,227396.40391532722,387.73506917165776
1181.2230000000127,58.2,True,False,-1577.3979626727828,2429.0067047968355,-10760.256277470493,82.8780380943458,-10.236618994033911,0.0,2950.6650761110823,-68.70273333927263,59.67427073690697,-644.8297733851798,-0.01905081736985167,-0.022392551843042896,91.00076841752451,91.00046239590694,0.029400000348687175,14.004979007809228,229.61,144.39497900780918,0.20021802186965942,True,3.494365170907045,0.11232412443324066,True,False,228957.53505075158,388.9749593691836
1181.323000000004,58.3,True,False,-1584.2746393112388,2434.9600580581127,-10824.797954849422,82.8780380943458,-10.236618994033911,0.0,2959.4568486881963,-68.66549946950275,59.39049145871047,-646.7178938418405,-0.020739183454718275,-0.024377076934614078,90.78672655095008,90.78645985555029,0.03200555592775345,14.154311928776316,229.61,144.5443119287763,0.20739026367664337,True,-0.27010268567814677,0.0006673429163178667,True,False,230524.9459755653,390.09725759722704
1181.4230000000098,58.4,True,False,-1590.934380741827,2440.8745679295785,-10889.144796801722,82.8780380943458,-10.236618994033911,0.0,2968.0960335057016,-68.60748075146131,59.01571025964045,-648.6062617990909,-0.019409009797619586,-0.022813575379874,90.49790540038963,90.49773738890916,0.029952777549624447,14.295318314578665,229.61,144.68531831457867,0.21092675626277924,True,3.2685956135139307,0.09722539820262874,True,False,232099.47625230666,391.2293810240167
1181.523000000001,58.5,True,False,-1597.4596116836956,2446.9825200570567,-10954.02240328032,82.8780380943458,-10.236618994033911,0.0,2976.8205378525217,-68.54988142666244,58.58842818120441,-650.4996805284027,-0.009494808983052378,-0.011160308676794855,90.17591900770616,90.17588458315021,0.014652777463197708,14.80318275343348,229.61,145.19318275343346,0.22463928163051605,True,3.383389546645553,0.10342533348437687,True,False,233681.85050201684,392.38549024242957
1181.6230000000069,58.6,True,False,-1604.1956580131691,2452.834114237099,-11019.252053488033,82.8780380943458,-10.236618994033911,0.0,2985.453917413167,-68.51583575601703,58.15450871026743,-652.34967176929,-0.012048957438421565,-0.014162484415049165,89.86858802885575,89.86860760397967,0.018594443798065186,15.152644364163113,229.61,145.5426443641631,0.237532377243042,True,2.1418151565853023,0.04124066503175738,True,False,235272.5429611387,393.5786842258078
1181.724000000002,58.7,True,False,-1610.6124583041485,2458.640792983341,-11083.609259382647,82.8780380943458,-10.236618994033911,0.0,2993.87136276162,-68.4200137611548,57.74714096387533,-654.1638108580935,-0.0073150529041167405,-0.008598198083052169,89.53224419554141,89.53228787749312,0.011288888752460481,15.411814932691298,229.61,145.8018149326913,0.260733425617218,True,6.339787533334167,0.35972865673153426,True,False,236867.86487930882,394.7515946632186
1181.823000000004,58.8,True,False,-1617.2756956477542,2464.4818899418583,-11149.450361250936,82.8780380943458,-10.236618994033911,0.0,3002.4580624593395,-68.33549470977708,57.337428639571975,-656.0605479990362,-0.004670906142069896,-0.005490237290595683,89.20376576693305,89.20381471791427,0.007208333350718022,15.465021468812795,229.61,145.8550214688128,0.23985236883163452,True,3.2033556482370287,0.09135971170035487,True,False,238471.91730819357,395.9394357112126
1181.9230000000098,58.9,True,False,-1623.6255364315061,2470.2787375275634,-11214.47788714034,82.8780380943458,-10.236618994033911,0.0,3010.8322576671353,-68.28243583001904,56.86848183241602,-657.8459790134689,-0.013803922909923631,-0.016225291198633706,88.86211795252109,88.86233886638647,0.02130277827382088,15.663615586861065,229.61,146.05361558686104,0.23186595737934113,True,6.183738952573123,0.3386447333162635,True,False,240082.77436096413,397.23475461472987
1182.024000000005,59.0,True,False,-1630.6264940451572,2475.7613038960885,-11280.07832476192,82.8780380943458,-10.236618994033911,0.0,3019.3183757723564,-68.14900813337943,56.387942147769884,-659.6248898431365,-0.011886961572674604,-0.01397207259430293,88.45249125549148,88.45274065411235,0.018344445154070854,16.274428153858732,229.61,146.66442815385872,0.2662934958934784,True,-1.210631767483818,0.012835749238799075,True,False,241691.7960551338,398.31421931865634
1182.1230000000069,59.1,True,False,-1637.163141512489,2481.5234353420797,-11345.939553412689,82.8780380943458,-10.236618994033911,0.0,3027.7730806532354,-67.98319621288974,55.89971321371017,-661.4060387560224,-0.004044518687984376,-0.004753974207120915,88.01405863058591,88.01416309148948,0.006241666618734598,16.812356508065065,229.61,147.20235650806504,0.279507577419281,True,1.5900258311174014,0.022118839406979705,True,False,243312.50619207113,399.4426621725046
1182.224000000002,59.2,True,False,-1643.8513666681295,2487.1071360821666,-11412.184418538478,82.8780380943458,-10.236618994033911,0.0,3036.1686824498847,-67.82463919879346,55.4243336795015,-663.1941213515868,-0.007963039988013992,-0.009359849622096046,87.58993060568714,87.59017322886875,0.012288888916373253,17.14496860707922,229.61,147.5349686070792,0.29705750942230225,True,1.0075781178853873,0.00884191722616341,True,False,244944.71405172485,400.61942054603645
1182.323000000004,59.3,True,False,-1650.0826394790563,2492.6765686815143,-11477.867159544056,82.8780380943458,-10.236618994033911,0.0,3044.294193250028,-67.63120165189808,54.84253132197302,-664.9527313705436,-0.022674144332605853,-0.026651452407916658,87.07204034631127,87.07285845015825,0.03499166667461395,17.477418731283365,229.61,147.86741873128335,0.28978222608566284,True,5.004242654185887,0.21719255111922262,True,False,246581.1724220171,401.8940662980855
1182.4230000000098,59.4,True,False,-1656.13261338973,2498.5637631684344,-11544.267774364145,82.8780380943458,-10.236618994033911,0.0,3052.5788120069265,-67.44116661075755,54.29536470274429,-666.7793800979651,-0.014509509006652167,-0.01705464528586188,86.58055776762687,86.581161819555,0.02239166758954525,17.9792952447957,229.61,148.3692952447957,0.30597612261772156,True,5.382589787630366,0.24968564291289252,True,False,248225.34631605807,403.26457462308645
1182.523000000001,59.5,True,False,-1662.575797055968,2504.1338525814226,-11611.24072008044,82.8780380943458,-10.236618994033911,0.0,3060.827985851463,-67.30191241792879,53.807045007509174,-668.601027202104,-0.013699524850038152,-0.016102580507385455,86.16632062833891,86.16696297044868,0.021141666918992996,18.636152978871866,229.61,149.02615297887186,0.34616509079933167,True,2.366906073202827,0.047828735929878595,True,False,249876.1038430379,404.6665620970879
1182.6230000000069,59.6,True,False,-1669.239233124133,2509.4668572133414,-11678.23685628521,72.60342910657067,-16.35691646622882,0.0,3068.191909847207,-67.13147815042272,53.310018591446656,-670.3450805693528,-0.011448806423075067,-0.0010540126225214589,85.71562752109855,85.72393738554635,0.011497221887111662,18.745485530386745,185.26,166.51451446961323,0.3333187401294708,True,0.8292846017103415,0.005868144552940257,True,False,251535.9879363667,406.00249354292754
1182.7230000000127,59.7,True,False,-1675.6341209430748,2514.7646273940186,-11745.160715861264,72.60342910657067,-16.35691646622882,0.0,3076.184455002182,-66.89905663867866,52.75347677567023,-672.0524505525274,-0.011802864833554272,-0.0010866083377396687,85.18772608330421,85.19632087752565,0.011852777563035486,18.882984253681702,185.26,166.37701574631828,0.35743460059165955,True,2.8645304839601025,0.06974763840426097,True,False,253201.78599884035,407.3663254121135
1182.8240000000078,59.8,True,False,-1681.909745940751,2520.1671760312174,-11812.404029783183,72.60342910657067,-16.35691646622882,0.0,3084.1969705637525,-66.63463243057721,52.17888311507682,-673.8237933840554,-0.017979523353574233,-0.0016552506751613487,84.6202518827569,84.6333863336153,0.01805555634200573,19.129769137228067,185.26,166.1302308627719,0.4076152443885803,True,3.0377505378485523,0.07804681243129725,True,False,254873.68706724525,408.81396870305815
1182.923999999999,59.9,True,False,-1688.214136173871,2525.5087730501355,-11879.892155390167,72.60342910657067,-16.35691646622882,0.0,3092.1771750242006,-66.41393964514545,51.60864355543438,-675.5181703516181,-0.015324085738680559,-0.0014107828537144687,84.09740695768772,84.10864086894343,0.015388889238238335,19.577626692960326,185.26,165.68237330703965,0.397977739572525,True,2.3131443203990756,0.04495250692241774,True,False,256551.40064094285,410.321951748938
1183.024000000005,60.0,False,True,-1694.847667533325,2530.6404135062207,-11947.528881795552,72.60342910657067,-16.35691646622882,0.0,3100.1739915527896,-66.25668754393196,51.02416556627674,-677.2163577560417,-0.012425233256395156,-0.0011439055047361276,83.61748917407567,83.62663520690671,0.012477777898311613,20.294603819650092,185.26,164.9653961803499,0.0,False,0.0,0.0,False,False,258239.06660288415,411.9881439078554
1183.1240000000107,60.1,False,True,-1701.463366159844,2535.7140678058513,-12015.333919124358,72.60342910657067,-16.35691646622882,0.0,3108.11507232765,-66.05728498645117,50.448920426335256,-678.8843888200931,-0.024164477473048677,-0.0022246567311937993,83.10048763001241,83.11834016607847,0.024266665801405903,21.013389273517888,185.26,164.2466107264821,0.0,False,0.0,0.0,False,False,259933.48200079182,413.63921622769215
1183.224000000002,60.2,False,True,-1708.0606350289538,2540.7283849609485,-12083.306375469348,72.60342910657067,-16.35691646622882,0.0,3115.9989968032023,-65.88809239574398,49.83742267560771,-680.5647380797009,-0.008209726784672028,-0.0007558129064927148,82.60752372229085,82.61361521261053,0.008244444616138935,21.013414052736678,185.26,164.2465859472633,0.0,False,0.0,0.0,False,False,261634.63939390285,415.46740864120324
1183.323000000004,60.3,False,True,-1714.6412181990397,2545.6800835025106,-12151.444496189706,72.60342910657067,-16.35691646622882,0.0,3123.8241017271403,-65.72357100597203,49.196548155628086,-682.1976763274561,-0.02066261976758815,-0.0019022648514262967,82.08142112672242,82.09682171805484,0.020749999210238453,21.10479794103686,185.26,164.1552020589631,0.0,False,0.0,0.0,False,False,263342.55948787933,417.3843971251599
1183.423999999999,60.4,False,True,-1721.202898302842,2550.5665235620363,-12219.74768956533,72.60342910657067,-16.35691646622882,0.0,3131.586991801535,-65.51003107007519,48.53225303489113,-683.8661911850642,-0.0374416636927156,-0.0034469956676694267,81.50076159787177,81.52879096027927,0.037599999457597726,21.271806885595378,185.26,163.98819311440462,0.0,False,0.0,0.0,False,False,265057.1650149855,419.39183079842314
1183.523000000001,60.5,False,True,-1727.7436757763726,2555.3859279315648,-12288.213629007274,72.60342910657067,-16.35691646622882,0.0,3139.2851026581916,-65.30551840053772,47.855834355674844,-685.4525976538142,-0.02573837851164042,-0.0023695549415375253,80.94354428411354,80.96290271130822,0.025847222656011578,21.47396262123494,185.26,163.78603737876506,0.0,False,0.0,0.0,False,False,266778.3871948983,421.46395175932025
1183.6240000000107,60.6,False,True,-1734.2627447872135,2560.1372257391404,-12356.836248673702,72.60342910657067,-16.35691646622882,0.0,3146.9171319213583,-65.07586181628261,47.170121795840494,-686.9997956747545,-0.01859912534006266,-0.0017122931554483692,80.35937630518336,80.37342957325099,0.01867777854204178,22.01602906900872,185.26,163.24397093099125,0.0,False,0.0,0.0,False,False,268506.1733761583,423.5858031711863
1183.7230000000127,60.7,False,True,-1740.7589706048066,2564.8191553540055,-12425.617839490806,72.60342910657067,-16.35691646622882,0.0,3154.481432252271,-64.84865453557991,46.46847050146429,-688.6320206673289,-0.04256721087190634,-0.003918869435515459,79.7465480643407,79.77886152246374,0.042747221887111664,22.631265504436442,185.26,162.62873449556355,0.0,False,0.0,0.0,False,False,270240.5427044524,425.93101064252585
1183.823000000004,60.8,False,True,-1747.2288974169294,2569.4337273572487,-12494.564842708245,72.60342910657067,-16.35691646622882,0.0,3161.9776960543177,-64.54988170687261,45.82296956339813,-690.3080436814405,-0.05859664606779212,-0.005394588947577523,79.11614759120916,79.16079691349347,0.05884444341063499,23.012557420766537,185.26,162.24744257923342,0.0,False,0.0,0.0,False,False,271981.54489913204,428.261749536667
1183.9230000000098,60.9,False,True,-1753.6774963444595,2573.9872288362862,-12563.673098516316,72.60342910657067,-16.35691646622882,0.0,3169.4139536780754,-64.4220968437291,45.247060017357605,-691.8570724799968,-0.09464144395526028,-0.00871298481747834,78.65180549888409,78.72422118990553,0.0950416699051857,21.969180523371712,185.26,163.29081947662826,0.0,False,0.0,0.0,False,False,273729.46265899757,430.61790113516776
1184.023000000001,61.0,False,True,-1760.1069524262336,2578.4776816745107,-12632.937899457405,72.60342910657067,-16.35691646622882,0.0,3176.7898788378075,-64.16702479175007,44.56199674712617,-693.4389463417924,-0.14428429201884724,-0.01328325935469789,78.01196631768806,78.12284316840979,0.14489445090293884,21.600977063637743,185.26,163.65902293636225,0.0,False,0.0,0.0,False,False,275484.3468450659,433.1981200854717
1184.1240000000107,61.1,False,True,-1766.516215705142,2582.9048176767296,-12702.360685889724,72.60342910657067,-16.35691646622882,0.0,3184.1046827188675,-64.01824078641548,43.980723297251856,-695.0167823045881,-0.1961040315057895,-0.018053945266980145,77.51875604522552,77.67006614608296,0.19693332910537717,22.21185164955233,185.26,163.04814835044766,0.0,False,0.0,0.0,False,False,277246.23503011133,435.7300638027035
1184.224000000002,61.2,False,True,-1772.9007752447033,2587.265043872599,-12771.940941727944,72.60342910657067,-16.35691646622882,0.0,3191.3528605650663,-63.67295000480773,43.223800620139755,-696.5883344598138,-0.3053642117425251,-0.02811277627982536,76.72143730205306,76.95805027652624,0.3066555559635162,22.67455443255223,185.26,162.58544556744775,0.0,False,0.0,0.0,False,False,279014.997193749,438.6113657409694
1184.3240000000078,61.3,False,True,-1779.2540109208517,2591.5513050538793,-12841.683432378737,72.60342910657067,-16.35691646622882,0.0,3198.524858439761,-63.39176351816441,42.50142300546125,-698.2614785560571,-0.3822059349413086,-0.03518706360680629,76.02346705459736,76.32094495898247,0.38382223248481745,23.152107816456347,185.26,162.10789218354364,0.0,False,0.0,0.0,False,False,280790.4308763532,441.7597896815032
1184.4230000000098,61.4,False,True,-1785.5796729051092,2595.7618472409426,-12911.595951825911,72.60342910657067,-16.35691646622882,0.0,3205.6214493156913,-63.121476166989176,41.70942073581068,-699.9889103874257,-0.5675913805137796,-0.052254222613995316,75.2132036095575,75.65709835578322,0.5699916481971741,22.948477962939652,185.26,162.3115220370603,0.0,False,0.0,0.0,False,False,282572.80482868745,445.3011049242291
1184.524000000005,61.5,False,True,-1791.8826227862276,2599.8939936380325,-12981.67481998104,72.60342910657067,-16.35691646622882,0.0,3212.6433138965444,-62.937521455379766,40.9335072059901,-701.5884527151902,-0.668262880410394,-0.061522353080882816,74.55235081488377,75.07785038964043,0.6710888743400574,23.342251008408066,185.26,161.9177489915919,0.0,False,0.0,0.0,False,False,284362.30245542247,448.8779900631023
1184.6230000000069,61.6,False,True,-1798.1698791831027,2603.9490243419273,-13051.910103804985,72.60342910657067,-16.35691646622882,0.0,3219.595625920064,-62.80760648212318,40.16710687190479,-703.1172237636963,-0.7461889353712542,-0.06869646735243731,73.96309497491077,74.55328233198229,0.7493444681167601,23.405321500294797,185.26,161.85467849970516,0.0,False,0.0,0.0,False,False,286159.143714375,452.534592102882
1184.7230000000127,61.7,False,True,-1804.4411066937987,2607.927262063607,-13122.295456392636,72.60342910657067,-16.35691646622882,0.0,3226.4785198510217,-62.61694373180014,39.397647561688586,-704.589827989326,-0.9416235764554168,-0.08668878646139563,73.23153646563827,73.98010729720829,0.9456055760383606,23.50629429357614,185.26,161.75370570642383,0.0,False,0.0,0.0,False,False,287963.3581653291,456.23772402775296
1184.823000000004,61.8,False,True,-1810.6903840796058,2611.8269431239173,-13192.830042890702,72.60342910657067,-16.35691646622882,0.0,3233.287179728316,-62.36860398434181,38.59597364452206,-706.1019019719953,-1.103837625650317,-0.10162271486262535,72.46292542382567,73.34501990267846,1.108505606651306,23.2107488816337,185.26,162.04925111836627,0.0,False,0.0,0.0,False,False,289774.83301367814,460.2324605957918
1184.9230000000098,61.9,False,True,-1816.91498132794,2615.6468013303834,-13263.517034914701,72.60342910657067,-16.35691646622882,0.0,3240.019042207337,-62.12334098234383,37.80119048479619,-707.6379385079798,-1.5534749709262075,-0.14301772321237222,71.47357277465417,72.72028256873323,1.5600444078445432,22.971981829286406,185.26,162.28801817071357,0.0,False,0.0,0.0,False,False,291593.61048290273,464.40473701341176
1185.023000000001,62.0,False,True,-1823.113857485049,2619.390609302185,-13334.35831945684,72.60342910657067,-16.35691646622882,0.0,3246.6766162148965,-61.85418215983743,37.07496895124014,-709.1877523348196,-1.6768560068026368,-0.1543765639847538,70.76252362953657,72.11444497046186,1.683947205543518,22.623478920491607,185.26,162.63652107950836,0.0,False,0.0,0.0,False,False,293419.847563039,468.4961484038928
1185.1230000000069,62.1,False,True,-1829.2858586420423,2623.0610266793497,-13405.357592325134,72.60342910657067,-16.35691646622882,0.0,3253.2614314640873,-61.585840980030355,36.33337859204333,-710.7977050310379,-1.8569057673212166,-0.17095250327970582,70.00079921230167,71.50475654899007,1.8647583723068235,22.406694365231385,185.26,162.8533056347686,0.0,False,0.0,0.0,False,False,295253.69826021144,472.88619787892924
1185.224000000002,62.2,False,True,-1835.4328247066403,2626.6570380490953,-13476.512924826653,72.60342910657067,-16.35691646622882,0.0,3259.773781971425,-61.35348031193087,35.586848802864246,-712.3089449993612,-2.0644475432142744,-0.19005944276388723,69.24721344766189,70.9272398596224,2.0731778144836426,22.141329302287556,185.26,163.11867069771242,0.0,False,0.0,0.0,False,False,297095.3088429549,477.3387441969148
1185.3240000000078,62.3,False,True,-1841.5561087691449,2630.1807378901117,-13547.81764024223,72.60342910657067,-16.35691646622882,0.0,3266.216204167528,-61.112200938160825,34.88714801746926,-713.7853633121794,-2.2704540776952196,-0.20902504316282366,68.51344785582573,70.36912817634558,2.280055522918701,22.197977120654826,185.26,163.06202287934514,0.0,False,0.0,0.0,False,False,298944.80123335717,481.6914309680874
1185.423999999999,62.4,False,True,-1847.6534624030512,2633.630436496618,-13619.275229178502,72.60342910657067,-16.35691646622882,0.0,3272.5860569667584,-60.8348717399669,34.106824112663276,-715.3664154132373,-2.415772933443821,-0.2224035476627068,67.75903612892377,69.74350916515725,2.4259889125823975,22.361556579009807,185.26,162.89844342099016,0.0,False,0.0,0.0,False,False,300802.25490846054,486.71918068104037
1185.524000000005,62.5,False,True,-1853.7232474047084,2637.0036008283987,-13690.887686681488,72.60342910657067,-16.35691646622882,0.0,3278.880372837198,-60.56082829317608,33.35646252294738,-716.8827346464533,-2.5038891191492296,-0.23051579697061325,67.0722990430423,69.13947870500868,2.5144777297973633,22.216067759749695,185.26,163.04393224025029,0.0,False,0.0,0.0,False,False,302667.754604779,491.69088788594087
1185.6240000000107,62.6,False,True,-1859.7677316005363,2640.3020366415776,-13762.650394932747,72.60342910657067,-16.35691646622882,0.0,3285.10199169834,-60.32885562338396,32.61225374063021,-718.3714303787173,-2.632998731540443,-0.24240202826149407,66.3945804126847,68.57936945518203,2.644133329391479,21.902574734055918,185.26,163.35742526594404,0.0,False,0.0,0.0,False,False,304541.48361825064,496.7745703150885
1185.7230000000127,62.7,False,True,-1865.783423634441,2643.528057917302,-13834.562542692434,72.60342910657067,-16.35691646622882,0.0,3291.2507755913225,-59.98498505471276,31.908171773851194,-719.8715248150335,-2.5724796171632525,-0.2368304509197011,65.79891297466226,67.94357848953577,2.583358287811279,22.008287092812072,185.26,163.2517129071879,0.0,False,0.0,0.0,False,False,306423.49330450234,501.84553395515184
1185.823000000004,62.8,False,True,-1871.7684291017292,2646.6777787108945,-13906.626135497047,72.60342910657067,-16.35691646622882,0.0,3297.322506323807,-59.71512429104851,31.086244097998662,-721.4003312772251,-2.647160986348348,-0.24370584935683645,65.10236708024068,67.32199225524842,2.658355474472046,22.929462395489523,185.26,162.33053760451045,0.0,False,0.0,0.0,False,False,308313.85937522876,507.7663119412921
1185.9230000000098,62.9,False,True,-1877.7228516361358,2649.7487788867234,-13978.841019140085,72.60342910657067,-16.35691646622882,0.0,3303.3153316250523,-59.37332639708423,30.333759418574637,-722.8973415835587,-2.8189762594103907,-0.25952369620106,64.29886073046262,66.67329936277838,2.830897331237793,23.0665027199301,185.26,162.19349728006986,0.0,False,0.0,0.0,False,False,310212.7287765383,513.4612633804979
1186.024000000005,63.0,False,True,-1883.6449197708487,2652.744456828343,-14051.205410631192,72.60342910657067,-16.35691646622882,0.0,3309.230989732902,-59.06803629717007,29.57979941381395,-724.3904882385549,-2.7983107442977495,-0.25762116479518954,63.691080070763284,66.0605589241059,2.810144424438476,23.03981879180083,185.26,162.22018120819914,0.0,False,0.0,0.0,False,False,312120.2332522089,519.3498700864963
1186.1230000000069,63.1,False,True,-1889.5361658983602,2655.6674598426716,-14123.71872747197,72.60342910657067,-16.35691646622882,0.0,3315.0725569548376,-58.75688625306379,28.880260872755848,-725.8758485770478,-2.977159899261385,-0.2740865726196268,62.93928699207475,65.47091835489944,2.989749908447265,23.03304487324157,185.26,162.2269551267584,0.0,False,0.0,0.0,False,False,314036.6061682892,525.0879687947086
1186.224000000002,63.2,False,True,-1895.3973435653681,2658.5154726191954,-14196.382991275108,72.60342910657067,-16.35691646622882,0.0,3320.8386499691483,-58.46666708709463,28.079994657714764,-727.4094274856939,-3.2132670418664535,-0.29582332834567693,62.11380895530439,64.86013614116489,3.226855516433716,22.648855209504305,185.26,162.61114479049567,0.0,False,0.0,0.0,False,False,315962.056128152,531.7008866001792
1186.3240000000078,63.3,False,True,-1901.2287608453587,2661.2820950151095,-14269.198469419003,72.60342910657067,-16.35691646622882,0.0,3326.524340794336,-58.16167851271474,27.252453260569638,-728.900135392208,-3.5458938968177907,-0.3264459881018681,61.183981669865354,64.22987666293557,3.5608890056610107,22.818607228734813,185.26,162.44139277126516,0.0,False,0.0,0.0,False,False,317896.74484572443,538.6437438505554
1186.4230000000098,63.4,False,True,-1907.0283395789952,2663.970107804614,-14342.163503402147,72.60342910657067,-16.35691646622882,0.0,3332.1306842057884,-57.82989616001532,26.507802529517807,-730.4005442706786,-3.692086675652758,-0.33990494867115306,60.42931252794078,63.61572513790962,3.70770001411438,22.74224781929551,185.26,162.51775218070446,0.0,False,0.0,0.0,False,False,319840.80060307373,545.2954675420063
1186.5250000000087,63.5,False,True,-1912.7946568188065,2666.582512119281,-14415.276567585677,72.60342910657067,-16.35691646622882,0.0,3337.6592901395575,-57.49644863621154,25.740283763816414,-731.860739399902,-3.7638055856496777,-0.34650761392871887,59.73037429637531,62.99526818752582,3.7797222137451167,22.310203630525606,185.26,162.94979636947437,0.0,False,0.0,0.0,False,False,321794.3749680775,552.2432262233301
1186.6230000000069,63.6,False,True,-1918.531377648546,2669.1199250728173,-14488.535808096018,72.60342910657067,-16.35691646622882,0.0,3343.112873522859,-57.237967958575396,25.00797530690432,-733.3240708068963,-3.655444346061173,-0.33653154217960124,59.274200661914506,62.46265928518926,3.6709027290344234,22.65950557852708,185.26,162.6004944214729,0.0,False,0.0,0.0,False,False,323757.7587183984,559.1039765485452
1186.7230000000127,63.7,False,True,-1924.238305245546,2671.5803753307446,-14561.941950614082,72.60342910657067,-16.35691646622882,0.0,3348.48977849466,-56.90058398142421,24.20102985164235,-734.7987795543876,-3.6336337804064125,-0.33452359386997504,58.64606863716699,61.833375318732145,3.6489999294281,23.024214159070972,185.26,162.235785840929,0.0,False,0.0,0.0,False,False,325731.15709367365,566.7858233520948
1186.823000000004,63.8,False,True,-1929.9120464079551,2673.9613103453303,-14635.498226611997,72.60342910657067,-16.35691646622882,0.0,3353.785978739499,-56.57423926676011,23.417670440070477,-736.3267404039171,-3.8567901948294185,-0.35506806539885105,57.82968556633375,61.229338045191795,3.873100042343139,23.12925757891178,185.26,162.1307424210882,0.0,False,0.0,0.0,False,False,327714.72455237305,574.6187615746788
1186.9230000000098,63.9,False,True,-1935.5522006777767,2676.2633914521984,-14709.204028224187,72.60342910657067,-16.35691646622882,0.0,3359.001809473954,-56.228846129670885,22.623951697292878,-737.7892918399081,-3.8612711577014833,-0.35548059673650095,57.187561733306275,60.60962240004177,3.8775999546051025,23.148479672083482,185.26,162.1115203279165,0.0,False,0.0,0.0,False,False,329708.67670581123,582.6590437677605
1187.024000000005,64.0,False,True,-1941.1570243524625,2678.484970085314,-14783.054918138763,72.60342910657067,-16.35691646622882,0.0,3364.1349493485263,-55.86762736404641,21.807620965020824,-739.2285064516191,-3.9974951355385104,-0.36802179857225925,56.411610058403696,59.97302826639625,4.014400005340576,23.244859154150117,185.26,162.01514084584986,0.0,False,0.0,0.0,False,False,331713.1437865498,591.0977039804972
1187.1230000000069,64.1,False,True,-1946.725137832281,2680.6215479781467,-14857.049501582325,72.60342910657067,-16.35691646622882,0.0,3369.1810130849394,-55.49464223232392,20.92393689163213,-740.6631624196422,-4.238722123663134,-0.3902299031536882,55.510927323738414,59.308232578105326,4.256647109985352,23.073191334086516,185.26,162.18680866591345,0.0,False,0.0,0.0,False,False,333728.3221769206,600.3480500637143
1187.224000000002,64.2,False,True,-1952.2542290004526,2682.6716888564715,-14931.188708145686,72.60342910657067,-16.35691646622882,0.0,3374.137511712417,-55.08718113110797,20.078880674864923,-742.1209688475739,-4.577121951656599,-0.4213840407103613,54.51171371109461,58.63240549497319,4.59647798538208,23.352503336656998,185.26,161.90749666334298,0.0,False,0.0,0.0,False,False,335754.4266892163,609.6521306908976
1187.323000000004,64.3,False,True,-1957.746036861361,2684.6359981751284,-15005.469951857902,72.60342910657067,-16.35691646622882,0.0,3379.0060193641384,-54.748976087064975,19.207305698277825,-743.5039053967479,-4.649831117886399,-0.4280778720275508,53.809595934143466,58.02043583746255,4.66949462890625,23.51995429308293,185.26,161.74004570691704,0.0,False,0.0,0.0,False,False,337791.7474693436,619.1947720055879
1187.423999999999,64.4,False,True,-1963.2010951117193,2686.519186442624,-15079.889494124162,72.60342910657067,-16.35691646622882,0.0,3383.7906685407424,-54.35218892009823,18.456459651627704,-744.8869399284251,-4.914705073478617,-0.4524629897642519,52.93025755220657,57.40036013195571,4.935488700866699,23.829201818425517,185.26,161.43079818157446,0.0,False,0.0,0.0,False,False,339840.5069040776,628.0123015460231
1187.524000000005,64.5,False,True,-1968.6171703955283,2688.3252807701483,-15154.447075304193,72.60342910657067,-16.35691646622882,0.0,3388.4933707887208,-53.969316756083515,17.66542689886361,-746.2646836722149,-4.989754672684617,-0.4593722885990081,52.22552869495313,56.786921545700736,5.010855674743652,23.612416004278973,185.26,161.647583995721,0.0,False,0.0,0.0,False,False,341900.8922131581,637.4116206604875
1187.6240000000107,64.6,False,True,-1973.9979875065512,2690.05248016068,-15229.140063950696,72.60342910657067,-16.35691646622882,0.0,3393.1149671995004,-53.647025464375915,16.87856091176848,-747.5950892578397,-5.057069779549508,-0.4655695260838671,51.59266085499594,56.23956934070243,5.078455448150635,23.396702978816126,185.26,161.86329702118385,0.0,False,0.0,0.0,False,False,343973.2561470686,646.7888363843633
1187.7230000000127,64.7,False,True,-1979.342754551273,2691.6978338925173,-15303.967114003324,72.60342910657067,-16.35691646622882,0.0,3397.652670825634,-53.2483154300549,16.028513724979238,-748.9459117947147,-5.074883470670454,-0.46720950972944025,50.919430788074905,55.608419761493586,5.096344470977783,23.54134013072526,185.26,161.71865986927472,0.0,False,0.0,0.0,False,False,346057.85558061156,657.2368480659532
1187.823000000004,64.8,False,True,-1984.646230388895,2693.2587999877633,-15378.927222391314,72.60342910657067,-16.35691646622882,0.0,3402.1013348148067,-52.82120132238433,15.190808179942907,-750.2562559650835,-5.212601023659975,-0.4798882147253742,50.12134822505841,54.9621684643144,5.234644412994385,23.636424861609854,185.26,161.62357513839012,0.0,False,0.0,0.0,False,False,348154.8436442071,667.8262627534637
1187.923999999999,64.9,False,True,-1989.9112661271379,2694.7348007610035,-15454.019276220788,72.60342910657067,-16.35691646622882,0.0,3406.4622656464435,-52.47951344247468,14.329207284863982,-751.5848206243824,-5.320323143186404,-0.48980544709964,49.43270544927301,54.40060213427311,5.342822074890136,23.74828118499672,185.26,161.51171881500323,0.0,False,0.0,0.0,False,False,350264.60146001837,678.7811064742388
