timestamp,relative_t_s,is_blackout,gnss_available,pos_est_e,pos_est_n,pos_est_u,pos_ref_e,pos_ref_n,pos_ref_u,pos_err_2d,vel_est_e,vel_est_n,vel_est_u,vel_ref_e,vel_ref_n,vel_err_2d,speed_est,speed_ref,heading_est_deg,heading_ref_deg,heading_err_deg,ai_speed,ai_accepted,ai_innovation,ai_nis,nhc_active,zupt_active,pos_cov_trace,vel_cov_trace
10.001000000003842,0.0,False,True,0.05100350347090565,-0.08530740687533195,-5.0658224344246255e-08,0.0,0.0,0.0,0.09939170505681104,1.9282111204530181,-3.221980755182318,-3.827657333355385e-06,1.925534971407428,-3.223715392732166,0.0031891599432383195,3.754884567041163,3.7550001144409175,300.90957831321947,300.84999999999997,0.059578313219492654,0.0,False,0.0,0.0,False,False,19.853478779556106,1.4266591378886604
10.10000000000582,0.1,False,True,0.244077141247258,-0.40752809247123933,0.0001631299653553868,0.0,0.0,0.0,0.4750292591332464,1.9346056837539964,-3.221882231241262,0.0032651053190725417,1.981942065522709,-3.318151702775297,0.10727788303464812,3.7580878467116015,3.865000009536743,300.97911044178176,300.84999999999997,0.12911044178179015,0.0,False,0.0,0.0,False,False,19.87189746574024,2.1042580225284144
10.200000000011642,0.2,False,True,0.4377221117577309,-0.7298457781686367,-1.8537703185759232e-06,0.0,0.0,0.0,0.8510437750387639,1.9450269679296355,-3.2208160792319105,-0.006597500969120248,1.8685580271585862,-3.128325044110464,0.12000871001924358,3.7625504810184762,3.6438889503479004,301.0881924935353,300.84999999999997,0.2381924935353326,0.0,False,0.0,0.0,False,False,19.925660384133984,2.782314303859068
10.30000000000291,0.3,False,True,0.6330407462703481,-1.0521495669078635,-0.0005371084066756165,0.0,0.0,0.0,1.2279085053793397,1.9558771033161158,-3.228938292904739,-0.004062239620856912,1.8419212928850366,-3.0837300346378527,0.1845843032327148,3.775115593284901,3.591944456100464,301.18985982597997,300.84999999999997,0.3398598259800068,0.0,False,0.0,0.0,False,False,20.028346399591225,3.4609278649325708
10.403000000005704,0.4,False,True,0.8283630444048544,-1.3746756272703848,-0.0010582694466712986,0.0,0.0,0.0,1.604966795154001,1.9580568804268865,-3.217195822497267,-0.00641971478749679,1.6907715097436593,-2.830676265292479,0.46993492898810524,3.766209726937805,3.2971861362457275,301.2809261368181,300.84999999999997,0.43092613681810765,0.0,False,0.0,0.0,False,False,20.193550973071762,4.140087667341416
10.5,0.5,False,True,1.0240346073831161,-1.6959337408882367,-0.0014709996158901685,0.0,0.0,0.0,1.9811204230438546,1.9570598325120683,-3.2069411373448617,-0.0018496111147110713,1.694778432781059,-2.837384624094042,0.4531705519238433,3.75693420842406,3.305000066757202,301.3425302862782,300.84999999999997,0.4925302862781763,0.0,False,0.0,0.0,False,False,20.434885463376595,4.81989333818226
10.604000000006636,0.6,False,True,1.219936965428157,-2.0176562563649805,-0.0016053347617406726,0.0,0.0,0.0,2.357791968869775,1.9720701742563576,-3.220635619126053,-0.0009329828884142348,1.6612417560085246,-2.781237785559253,0.5382237097468363,3.7764473468294186,3.2395999431610107,301.3845189149022,300.84999999999997,0.5345189149021716,0.0,False,0.0,0.0,False,False,20.76597886202247,5.50036291942331
10.700000000011642,0.7,False,True,1.4174445724361437,-2.3402404146921723,-0.0015780833755235093,0.0,0.0,0.0,2.736032586517798,1.9810511256611814,-3.229100917553341,0.0014504654427035094,1.5947838552788056,-2.669974494716778,0.6795768984321513,3.7883579949929844,3.109999895095825,301.42159107942035,300.84999999999997,0.5715910794203548,0.0,False,0.0,0.0,False,False,21.200479205392813,6.1815634727304705
10.80000000000291,0.8,False,True,1.616729230240613,-2.6628375381642937,-0.0006021177622723162,0.0,0.0,0.0,3.115207402175862,1.981499620941787,-3.23701111822952,0.018272207124345567,1.53225169747735,-2.565283651580356,0.8081098230983289,3.795336839772456,2.9880554676055904,301.45810746367937,300.84999999999997,0.6081074636793612,0.0,False,0.0,0.0,False,False,21.75205681127676,6.863608401648696
10.902000000001863,0.9,False,True,1.815297123541034,-2.986789703743637,0.0013240881239835205,0.0,0.0,0.0,3.495170436634722,1.9893505650609682,-3.2422738559570212,0.020254482012459413,1.469827861327543,-2.4607741596948705,0.938427202798556,3.803926317337233,2.8663222789764404,301.5193730669315,300.84999999999997,0.6693730669315273,0.0,False,0.0,0.0,False,False,22.434404843666268,7.546412924459652
11.0,1.0,False,True,2.0148807217002793,-3.3108603083685555,0.003335244268955559,0.0,0.0,0.0,3.8757631899033465,1.9913364628517676,-3.2458427935850023,0.02000281795156128,1.5030510655099787,-2.5163961849030225,0.8777898291589337,3.8080068735429933,2.9311110973358154,301.56159782540414,300.84999999999997,0.7115978254041401,0.0,False,0.0,0.0,False,False,23.261239173831527,8.23006637154525
11.10000000000582,1.1,False,True,2.2144780632527534,-3.6358216192568644,0.0058962218873619306,0.0,0.0,0.0,4.257124844267933,1.9982314063190898,-3.254794969635101,0.031219591971226143,1.3722891043858634,-2.2974755456421625,1.1437937947478287,3.819243255876997,2.6761112213134766,301.5876715671089,300.84999999999997,0.7376715671089111,0.0,False,0.0,0.0,False,False,24.24630364427982,8.914709770362672
11.200000000011642,1.2,False,True,2.4141756380921904,-3.962061505585805,0.009639541984374037,0.0,0.0,0.0,4.639630953599941,2.0054390210058926,-3.264051243921364,0.043644921156928834,1.397928692620082,-2.340401141116313,1.1055307827044965,3.830902790455231,2.7261111736297607,301.56577779606704,300.84999999999997,0.715777796067036,0.0,False,0.0,0.0,False,False,25.40337115377651,9.600334469040668
11.30000000000291,1.3,False,True,2.6150996769888155,-4.289129438469933,0.014295483658361861,0.0,0.0,0.0,5.023482622696769,2.011640005057847,-3.2782452600850394,0.049474508944563296,1.2429514629476488,-2.0809394911142682,1.42282225846456,3.8462432964152384,2.423888921737671,301.539118252123,300.84999999999997,0.6891182521229704,0.0,False,0.0,0.0,False,False,26.74624178642921,10.28692982888457
11.400000000008731,1.4,False,True,2.8170782557276097,-4.617286596073498,0.019622920568381306,0.0,0.0,0.0,5.4088136785411,2.017073078177578,-3.291831081364381,0.05707516061807679,1.2799864644834757,-2.142943197249836,1.3650055114732087,3.860665185035522,2.4961111545562744,301.54547260428336,300.84999999999997,0.6954726042833583,0.0,False,0.0,0.0,False,False,28.288745512530333,10.97459121777022
11.5,1.5,False,True,3.018668667487043,-4.946859794707521,0.025268969762820885,0.0,0.0,0.0,5.795151624639491,2.0261596745563453,-3.292501904086042,0.055862804220344134,1.2235792481089942,-2.04850668252132,1.4804254294601515,3.865991698802325,2.38611102104187,301.608778081161,300.84999999999997,0.7587780811610062,0.0,False,0.0,0.0,False,False,30.044743017592488,11.663275413122363
11.60000000000582,1.6,False,True,3.22203892048024,-5.277087326603717,0.03141701538071306,0.0,0.0,0.0,6.182975453427827,2.0420572099792387,-3.311616819483924,0.0670970049821356,1.1312767304658071,-1.8939745388143783,1.6850016966770887,3.8906045298792593,2.206111192703247,301.6555983327638,300.84999999999997,0.805598332763815,0.0,False,0.0,0.0,False,False,32.02812994788651,12.35322783978615
11.6990000000078,1.7,False,True,3.4275262293905366,-5.609252916279396,0.038857271324547214,0.0,0.0,0.0,6.573557205345446,2.0571405622123238,-3.3386677965892475,0.08172355834323902,1.1129443301274604,-1.8632825794191874,1.7516472429479626,3.921546882122071,2.170361042022705,301.6759907717183,300.84999999999997,0.8259907717183335,0.0,False,0.0,0.0,False,False,34.25284092565486,13.044425015137628
11.80000000000291,1.8,False,True,3.632335358617179,-5.943476666886118,0.04705558244065769,0.0,0.0,0.0,6.965541978000012,2.0608778443626283,-3.3326536191698883,0.08221927636639866,1.100936520490515,-1.8431791996652873,1.7720105506559247,3.918392225741434,2.146944522857666,301.6808511411407,300.84999999999997,0.8308511411406944,0.0,False,0.0,0.0,False,False,36.7328389193575,13.736671823200638
11.900000000008731,1.9,False,True,3.8380997336578764,-6.2767624417997725,0.055295272224369335,0.0,0.0,0.0,7.357224769999412,2.0602225979955864,-3.3301281228301125,0.0825475846543721,0.9825669353185383,-1.6450057780362282,2.0002447460807256,3.915899700931536,1.9161111116409302,301.66964877705516,300.84999999999997,0.819648777055189,0.0,False,0.0,0.0,False,False,39.482119443522365,14.430183830748875
12.0,2.0,False,True,4.044600128598664,-6.610692480347952,0.06444876191401232,0.0,0.0,0.0,7.74984162870373,2.069303445728075,-3.349459990911754,0.10051856288066371,1.0045030478510144,-1.6817310438338988,1.978666148757935,3.937118106079706,1.9588888883590698,301.6360052222263,300.84999999999997,0.7860052222262908,0.0,False,0.0,0.0,False,False,42.51472915663518,15.125252032349447
12.10000000000582,2.1,False,True,4.252250772937279,-6.946841079967792,0.075358923224763,0.0,0.0,0.0,8.144951665066758,2.079470739867496,-3.3768424200172715,0.11769161427089549,1.0537881156295905,-1.7642437138133558,1.9111513369992705,3.9657613755233903,2.055000066757202,301.5697981872362,300.84999999999997,0.7197981872362097,0.0,False,0.0,0.0,False,False,45.8447589638647,15.821721809694997
12.200000000011642,2.2,False,True,4.460922449723417,-7.285898638022206,0.08762203205202433,0.0,0.0,0.0,8.543076030680062,2.0935925447247703,-3.405486773441005,0.1275585087958525,0.8804358171578337,-1.4740186692168236,2.2808591107905527,3.997557993001323,1.7169444561004639,301.52878712600165,300.84999999999997,0.6787871260016645,0.0,False,0.0,0.0,False,False,49.486332095583194,16.51955376556973
12.30000000000291,2.3,False,True,4.670838809040815,-7.628024503372959,0.10073577159277665,0.0,0.0,0.0,8.944467172733102,2.1081329079112012,-3.43630419751445,0.13469760907459766,0.8948224851886342,-1.4981047148455455,2.286643701258511,4.031427897814069,1.7450000047683716,301.46400333842206,300.84999999999997,0.6140033384220499,0.0,False,0.0,0.0,False,False,53.45361225266605,17.218835389401207
12.400000000008731,2.4,False,True,4.881920097035818,-7.972391173047979,0.11422555095527519,0.0,0.0,0.0,9.348377658713598,2.115954976693411,-3.450628193162767,0.13508051411855818,0.8050838652392687,-1.3478650283433264,2.477901531168357,4.04772780592314,1.5700000524520874,301.4446895539199,300.84999999999997,0.5946895539198874,0.0,False,0.0,0.0,False,False,57.760803234725884,17.919475815373133
12.5,2.5,False,True,5.093868651184011,-8.318453974589772,0.12787027841635876,0.0,0.0,0.0,9.754187529614324,2.1309764820168025,-3.466362836791677,0.13781900038545258,0.7840024056479332,-1.3125706157281276,2.540307086539662,4.068996446692863,1.5288889408111572,301.4800464270899,300.84999999999997,0.6300464270899488,0.0,False,0.0,0.0,False,False,62.42215491071495,18.621718266479203
12.60000000000582,2.6,False,True,5.3085484478169445,-8.666309707589054,0.14219324016806104,0.0,0.0,0.0,10.162952847016067,2.1496770228859323,-3.4988589967975203,0.14863428190532602,0.6583683010410614,-1.1022349932194053,2.822730649278704,4.106473618835834,1.2838889360427856,301.5132797028107,300.84999999999997,0.6632797028106776,0.0,False,0.0,0.0,False,False,67.45197749560026,19.325757116750037
12.701000000000931,2.7,False,True,5.523850862047875,-9.017715470706449,0.1577477482147828,0.0,0.0,0.0,10.575070716395492,2.1639832721666914,-3.524909734391683,0.16245894309677378,0.6263984981822182,-1.0487114025762632,2.914742718607313,4.13615911659918,1.2215443849563599,301.46441350020456,300.84999999999997,0.6144135002045823,0.0,False,0.0,0.0,False,False,72.86463207877044,20.031472179659346
12.80000000000291,2.8,False,True,5.739436712816076,-9.37109572254421,0.17350599544713372,0.0,0.0,0.0,10.989020375880072,2.1677343489283847,-3.5325054970464835,0.1526939392339239,0.6060919785332932,-1.0147143882726437,2.962768799692916,4.144594949351214,1.181944489479065,301.3842864664336,300.84999999999997,0.5342864664336043,0.0,False,0.0,0.0,False,False,78.67449809915249,20.738374952369817
12.901000000012573,2.9,False,True,5.95611318994072,-9.724688400838987,0.18865548814829042,0.0,0.0,0.0,11.403720832465085,2.168092047908404,-3.538543324128194,0.1502831999522878,0.5940185768352759,-0.9945011948097963,2.991631268736689,4.149929154206836,1.158400058746338,301.33770407939556,300.84999999999997,0.48770407939555066,0.0,False,0.0,0.0,False,False,84.89600124282741,21.447086820906968
13.0,3.0,False,True,6.173923752301648,-10.07970159055571,0.20371413396979995,0.0,0.0,0.0,11.820224983217779,2.182472206849045,-3.5644117134463063,0.1509058103757108,0.5127922537211749,-0.8585127282245489,3.179578661411166,4.179499467235494,1.0,301.34114046746384,300.84999999999997,0.49114046746385515,0.0,False,0.0,0.0,False,False,91.54365132787368,22.157771408422335
13.10000000000582,3.1,False,True,6.393871063924248,-10.436982243563023,0.21935654913941854,0.0,0.0,0.0,12.239778818856884,2.2020375416883766,-3.5896760468284925,0.16195513011298399,0.5861500358202785,-0.9813277457865095,3.068317664644458,4.21126387871613,1.1430555582046509,301.4406302595297,300.84999999999997,0.5906302595296987,0.0,False,0.0,0.0,False,False,98.63202208012171,22.870505537089432
13.200000000011642,3.2,False,True,6.61425738420958,-10.796316902477646,0.23534322604430208,0.0,0.0,0.0,12.66131349439289,2.2104460149970664,-3.59211153283559,0.15782066364753797,0.47532992571477745,-0.7957935954977452,3.2908998541377166,4.217740728108695,0.9269444346427917,301.50160426382973,300.84999999999997,0.6516042638297249,0.0,False,0.0,0.0,False,False,106.17571122786231,23.584635273584986
13.298999999999069,3.3,False,True,6.834694162073277,-11.155858869046556,0.2507623519134675,0.0,0.0,0.0,13.083051302932478,2.216576085269591,-3.5839545506650508,0.1506021393364808,0.387475809082019,-0.6487089295168935,3.4585075794074647,4.21401705775164,0.755619466304779,301.55867105888325,300.84999999999997,0.7086710588832689,0.0,False,0.0,0.0,False,False,114.18934545092938,24.30051102057545
13.39900000000489,3.4,False,True,7.0559872998229585,-11.51525369723073,0.2655118098482783,0.0,0.0,0.0,13.505111050518943,2.2226262621318797,-3.5948428423377834,0.14433763846911452,0.3906778998024845,-0.6540698444302925,3.4647049841888653,4.226459814339363,0.7618638873100281,301.501152377661,300.84999999999997,0.6511523776610457,0.0,False,0.0,0.0,False,False,122.68763508977104,25.01844677695252
13.5,3.5,False,True,7.278138754074212,-11.875444168482046,0.27994079219401014,0.0,0.0,0.0,13.928297739576475,2.229881350670014,-3.6025153579766824,0.14418862486479345,0.35069293658243644,-0.5871273358161375,3.5530147790053266,4.2368015934810765,0.6838889122009277,301.4947948052807,300.84999999999997,0.6447948052807064,0.0,False,0.0,0.0,False,False,131.6853654698245,25.73848646808169
13.601000000009662,3.6,False,True,7.5002249821889855,-12.23557844271792,0.29392953149404694,0.0,0.0,0.0,14.35140253115894,2.2250060810356223,-3.5924490707144328,0.13548882312552313,0.31193722849388084,-0.5222428364034933,3.617457498819735,4.225676559596402,0.608311116695404,301.4615590168739,300.84999999999997,0.6115590168738674,0.0,False,0.0,0.0,False,False,141.19735261885785,26.460182316457725
13.700000000011642,3.7,False,True,7.724620433766476,-12.595358182386839,0.3082821574067972,0.0,0.0,0.0,14.775412298422731,2.2315028223685847,-3.6213999855152803,0.15181312003705522,0.22619836413628538,-0.37869950902215316,3.8126568624064623,4.2537210417855364,0.44111111760139465,301.44495897657885,300.84999999999997,0.5949589765788578,0.0,False,0.0,0.0,False,False,151.23851994130263,27.184823675650623
13.802000000010594,3.8,False,True,7.949033570716507,-12.95828306984041,0.32439766569735834,0.0,0.0,0.0,15.202112840868226,2.2428270438686573,-3.6462145102211974,0.17051913709107583,0.3101225046159629,-0.5192046400655027,3.6760763817008892,4.280788876276921,0.6047722101211548,301.44905152663955,300.84999999999997,0.5990515266395408,0.0,False,0.0,0.0,False,False,161.8238968511029,27.911713382723953
13.900000000008731,3.9,False,True,8.172997279637531,-13.323190473916899,0.34105634647394967,0.0,0.0,0.0,15.63026835781243,2.2490607636917015,-3.6441578736393865,0.16268303395314157,0.33231786778311295,-0.5563639412216501,3.6343327720630962,4.282307897242495,0.6480555534362793,301.4916100137525,300.84999999999997,0.641610013752518,0.0,False,0.0,0.0,False,False,172.96846056927006,28.639899769078752
14.0,4.0,False,True,8.397942688202988,-13.688118206134652,0.3569638666977921,0.0,0.0,0.0,16.058954555619646,2.258216835277258,-3.648271037033338,0.15548907525420094,0.1954308276904229,-0.3271887432818264,3.9095618315823883,4.290620565231321,0.38111111521720886,301.5372832055026,300.84999999999997,0.687283205502625,0.0,False,0.0,0.0,False,False,184.68724051737587,29.370364632522023
14.10000000000582,4.1,False,True,8.624387889941671,-14.053252223182383,0.3728116585402256,0.0,0.0,0.0,16.488601048134832,2.2638713610484245,-3.6588290281415756,0.1614723808572358,0.17691332692250933,-0.2961868902140425,3.9576199898384075,4.30257404312194,0.3449999988079071,301.55110572966794,300.84999999999997,0.7011057296679447,0.0,False,0.0,0.0,False,False,196.99541947031622,30.10347068700832
14.1990000000078,4.2,False,True,8.851978649757394,-14.419152145214536,0.38963329028144084,0.0,0.0,0.0,16.919499833109892,2.273317489732496,-3.6708400155350778,0.17494657699541205,0.1683112307044729,-0.28178532888193225,3.9895793035949048,4.317758542204188,0.3282249867916107,301.62606228193476,300.84999999999997,0.7760622819347646,0.0,False,0.0,0.0,False,False,209.90826837152758,30.83915015679802
14.30000000000291,4.3,False,True,9.080385153339574,-14.7863263073956,0.40803002415395356,0.0,0.0,0.0,17.351911716055064,2.287181801281389,-3.6806773948278844,0.19294849914581208,0.13745681381425048,-0.2301291085900292,4.06541523062523,4.3334266668434305,0.2680555582046509,301.7410573831719,300.84999999999997,0.8910573831718822,0.0,False,0.0,0.0,False,False,223.44111626353086,31.5773514645891
14.400000000008731,4.4,False,True,9.30770888916418,-15.155407945702645,0.4273613812097964,0.0,0.0,0.0,17.785382615116628,2.289498766623145,-3.681023243388526,0.19368950639784802,0.11281429520736247,-0.18887279918597386,4.114981168006324,4.334943681379896,0.21999999880790713,301.665929311467,300.84999999999997,0.815929311466984,0.0,False,0.0,0.0,False,False,237.60929927344347,32.317293921607614
14.5,4.5,False,True,9.535562024284088,-15.524763379523058,0.44729815497610415,0.0,0.0,0.0,18.21936390517378,2.2953985829168815,-3.69426845904629,0.204909775637337,0.10455264501553645,-0.1750412098935232,4.1454512848178755,4.349307312890304,0.2038888931274414,301.56101300610555,300.84999999999997,0.7110130061055883,0.0,False,0.0,0.0,False,False,252.42823577421638,33.060164896706084
14.60000000000582,4.6,False,True,9.76598675745002,-15.894403045628097,0.46755524963616946,0.0,0.0,0.0,18.654933543799103,2.297445590755229,-3.7063960738396298,0.20032495759404345,0.09073574306509634,-0.1519090621221701,4.183771775367381,4.360691240922071,0.17694444954395294,301.5465288474129,300.84999999999997,0.6965288474129249,0.0,False,0.0,0.0,False,False,267.91343028010675,33.804935834547784
14.700000000011642,4.7,False,True,9.995850849958952,-16.265386587658142,0.487852290487613,0.0,0.0,0.0,19.091354982310566,2.3028560239786002,-3.7115545485925123,0.20560582416392595,0.07791593366558695,-0.13044623879942174,4.216004640883499,4.367926628773919,0.15194444358348846,301.5625964574648,300.84999999999997,0.7125964574647948,0.0,False,0.0,0.0,False,False,284.0804455013139,34.55254309080194
14.80000000000291,4.8,False,True,10.227394150372836,-16.637580728865053,0.5087256221617623,0.0,0.0,0.0,19.529687238063552,2.3138503567047666,-3.7390785645151348,0.21191301879614932,0.08147699268113957,-0.1364081355882781,4.238245516232653,4.397114051834377,0.15888889133930206,301.5369345580177,300.84999999999997,0.6869345580177051,0.0,False,0.0,0.0,False,False,300.9449910896923,35.303034879589916
14.900000000008731,4.9,False,True,10.460358825409672,-17.01061210640359,0.5301326515044642,0.0,0.0,0.0,19.969477484171946,2.3247664538776007,-3.7439878354165894,0.21610571017762853,0.041023379380749986,-0.06868101672282353,4.327050108543836,4.40703800492145,0.07999999821186066,301.6970562354823,300.84999999999997,0.8470562354823129,0.0,False,0.0,0.0,False,False,318.5228052507079,36.05582773583721
15.0,5.0,False,True,10.694021275856576,-17.385350993973493,0.5521159019939234,0.0,0.0,0.0,20.41108816874123,2.3451647047342226,-3.756826183075241,0.22350183898861398,0.03133730443652291,-0.05246466679590486,4.367618513750915,4.428717699534578,0.06111111119389535,301.84791535900416,300.84999999999997,0.997915359004195,0.0,False,0.0,0.0,False,False,336.8296981162781,36.81159915872269
15.10000000000582,5.1,False,True,10.927540332717012,-17.761775151467166,0.5746006699811403,0.0,0.0,0.0,20.85405941907794,2.3427839262075576,-3.7582373882319438,0.22622720067244606,0.05840134034674269,-0.09777506128303304,4.3147871611003445,4.428654964117317,0.11388888955116272,301.75913599890623,300.84999999999997,0.9091359989062457,0.0,False,0.0,0.0,False,False,355.8815728318175,37.56961354601657
15.200000000011642,5.2,False,True,11.162462640357841,-18.138838583531193,0.5977855186346225,0.0,0.0,0.0,21.29831066908323,2.360859270977972,-3.779616263084456,0.237465646069339,0.008688979527846351,-0.014547020681000182,4.439420173859769,4.456361250340366,0.016944443807005882,301.7964510652439,300.84999999999997,0.9464510652439312,0.0,False,0.0,0.0,False,False,375.69442242571466,38.331109702459855
15.298999999999069,5.3,False,True,11.395908132441011,-18.517073282180885,0.6217522119217777,0.0,0.0,0.0,21.742785587423988,2.3487302827896075,-3.776751149423355,0.24158597170220625,0.011227301170012007,-0.018796658662684596,4.425623362161402,4.44751427046205,0.021894443780183796,301.5934152785471,300.84999999999997,0.7434152785471363,0.0,False,0.0,0.0,False,False,396.28430071925766,39.094626270364905
15.39900000000489,5.4,False,True,11.632368328193683,-18.895704581048832,0.6458349275130706,0.0,0.0,0.0,22.18917854579194,2.368370293980562,-3.802796445046293,0.24010998335854428,0.011252941216718227,-0.01883958502572894,4.458063675318817,4.4800043138222865,0.02194444462656975,301.663602633349,300.84999999999997,0.8136026333490002,0.0,False,0.0,0.0,False,False,417.6673180852664,39.861346650629265
15.5,5.5,False,True,11.869228164187547,-19.27588326071922,0.6699266023523824,0.0,0.0,0.0,22.63709903442617,2.373193329819629,-3.796932692134092,0.2417254134202582,0.014386671851400518,-0.024086052025140338,4.449532629328236,4.477582433556866,0.028055556118488312,301.74294314688495,300.84999999999997,0.8929431468849528,0.0,False,0.0,0.0,False,False,439.8597054462185,40.630564093207454
15.60000000000582,5.6,False,True,12.107765682262682,-19.657052890243175,0.6949109132358273,0.0,0.0,0.0,23.08674334215191,2.3959922206991324,-3.82793363727106,0.25796084546914755,0.0138169019504401,-0.023132147771353122,4.489016999717713,4.515955563665569,0.026944443583488464,301.786254955842,300.84999999999997,0.9362549558420372,0.0,False,0.0,0.0,False,False,462.8778674663256,41.404047723296586
15.700000000011642,5.7,False,True,12.347987007381453,-20.037395444148313,0.7205736704562085,0.0,0.0,0.0,23.53656727986553,2.390226534720424,-3.809374977613922,0.25515282495780955,0.019514593318844264,-0.03267117751638871,4.459121741192451,4.4971680652776005,0.038055554032325745,301.9159407860773,300.84999999999997,1.0659407860773076,0.0,False,0.0,0.0,False,False,486.73815687195054,42.17863308007573
15.801000000006752,5.8,False,True,12.585656614054164,-20.420004748081542,0.7460801784804282,0.0,0.0,0.0,23.9869828515084,2.397919557512085,-3.811084975946077,0.25500172884724,0.02798278896812596,-0.04684856357721071,4.448154230138633,4.5027088400407225,0.05456944555044174,301.89344985802853,300.84999999999997,1.0434498580285267,0.0,False,0.0,0.0,False,False,511.4569362325605,42.95685752444551
15.900000000008731,5.9,False,True,12.825201731049296,-20.80175685640947,0.7723831063326357,0.0,0.0,0.0,24.437653073797577,2.400190828407171,-3.8179914304238216,0.271037224585376,0.006125018794124478,-0.010254457935375997,4.497823023687531,4.509764359205438,0.011944444850087166,301.85316632358104,300.84999999999997,1.0031663235810215,0.0,False,0.0,0.0,False,False,537.0509368728559,43.73896131336524
16.0,6.0,False,True,13.066211795880259,-21.18272716715743,0.8005505985948896,0.0,0.0,0.0,24.88842744998225,2.40670274975899,-3.8143372806337945,0.2923212383910765,0.005697691845979166,-0.00953903054458787,4.49903489784262,4.510142682458095,0.011111111380159855,301.98050459577877,300.84999999999997,1.1305045957787818,0.0,False,0.0,0.0,False,False,563.5369475740486,44.52438240682279
16.10000000000582,6.1,False,True,13.307285764353333,-21.56324994459719,0.8309502544043161,0.0,0.0,0.0,25.33885558953544,2.408942009734855,-3.8074997883719517,0.3156259344686126,0.024072746795627594,-0.040302401952059,4.45862955958007,4.505558372135229,0.04694444313645363,302.0704935895339,300.84999999999997,1.2204935895338918,0.0,False,0.0,0.0,False,False,590.9317666778916,45.31297652341052
16.20000000001164,6.2,False,True,13.548537338459042,-21.942161009563932,0.8627405479169894,0.0,0.0,0.0,25.78800678185979,2.402425766529994,-3.7955436392377555,0.32008451828560497,0.004558153476783333,-0.0076312244356702965,4.483084825423368,4.491970734660391,0.008888889104127884,302.126654067229,300.84999999999997,1.2766540672290358,0.0,False,0.0,0.0,False,False,619.2521434493216,46.10364824097151
16.30000000000291,6.3,False,True,13.786396019819694,-22.323089274018184,0.8952217548626654,0.0,0.0,0.0,26.23709263525755,2.4025719884075167,-3.7995281168831543,0.32935391422952975,0.017377959055692702,-0.029094041362000365,4.46153826336911,4.495416117609815,0.033888887614011765,302.005864685442,300.84999999999997,1.1558646854420376,0.0,False,0.0,0.0,False,False,648.5150006296042,46.89820827346103
16.40000000000873,6.4,False,True,14.025852420959176,-22.703482711700723,0.9283954313816746,0.0,0.0,0.0,26.68656334890313,2.410189216620394,-3.790618580350544,0.3340989362917376,0.017377959055692702,-0.029094041362000365,4.458095173024163,4.491970756985402,0.033888887614011765,302.1000824735742,300.84999999999997,1.2500824735742282,0.0,False,0.0,0.0,False,False,678.7374153490471,47.69567347774803
16.5,6.5,False,True,14.267455661791523,-23.081117081411374,0.9628862973489623,0.0,0.0,0.0,27.134816321232154,2.397340591708518,-3.7791180466935845,0.35582658281586155,0.0138169019504401,-0.023132147771353122,4.4484396424522386,4.47537429982102,0.026944443583488464,302.0893598763683,300.84999999999997,1.2393598763683158,0.0,False,0.0,0.0,False,False,709.936578780561,48.49724537473821
16.60000000000582,6.6,False,True,14.507316018730116,-23.45878161453362,0.9974821567878857,0.0,0.0,0.0,27.58217998827656,2.406435035866335,-3.7574820884424733,0.3361867494174234,0.00413082652863802,-0.0069157970448821705,4.453965987787682,4.462017618388684,0.008055555634200573,302.31287136202815,300.84999999999997,1.462871362028178,0.0,False,0.0,0.0,False,False,742.1295423123289,49.2998529930748
16.70000000001164,6.7,False,True,14.747313567126673,-23.834035802661166,1.0314078378259595,0.0,0.0,0.0,28.027567145396205,2.398065129065423,-3.736320216132236,0.3423569690251354,0.00413082652863802,-0.0069157970448821705,4.431633870929611,4.439685250185874,0.008055555634200573,302.35014632731003,300.84999999999997,1.500146327310043,0.0,False,0.0,0.0,False,False,775.3335538757246,50.10726719814448
16.80000000000291,6.8,False,True,14.987250431607,-24.20703765585043,1.0655249234191815,0.0,0.0,0.0,28.47100889626964,2.3949082493024365,-3.7313354135642895,0.33998980317739613,0.00968607589937708,-0.016216351526023236,4.414905940290653,4.433785007315516,0.018888888880610466,302.3643391751811,300.84999999999997,1.5143391751810864,0.0,False,0.0,0.0,False,False,809.5661899688982,50.91780825336461
16.90000000000873,6.9,False,True,15.222880677505218,-24.580603874621758,1.098368454728744,0.0,0.0,0.0,28.912664750289483,2.3842387492265846,-3.709505899299662,0.3164587837468247,0.007691883633890622,-0.012877690635529411,4.3946598409262405,4.409651735710264,0.014999999664723871,302.2861017396281,300.84999999999997,1.4361017396281082,0.0,False,0.0,0.0,False,False,844.8447516047834,51.73028880477465
17.0,7.0,False,True,15.463813128272323,-24.948484451158468,1.1313691976137972,0.0,0.0,0.0,29.352280880296565,2.3895932829266116,-3.7115698014135523,0.3435220425442093,0.012819806534059373,-0.02146281852543464,4.389298543417021,4.4142843642625715,0.02500000037252903,302.438475522403,300.84999999999997,1.5884755224030056,0.0,False,0.0,0.0,False,False,881.1871379450304,52.549982596863856
17.10000000000582,7.1,False,True,15.703631286526681,-25.32004188405657,1.1669936024318976,0.0,0.0,0.0,29.794438350026983,2.3952920632332333,-3.7334340216624455,0.3690252948089984,0.01794772895665312,-0.030047945615787577,4.4007765805563475,4.435758521639196,0.03500000014901161,302.3724475946313,300.84999999999997,1.522447594631301,0.0,False,0.0,0.0,False,False,918.611707355172,53.37344400006546
17.1990000000078,7.2,False,True,15.939981723466177,-25.69509993625844,1.203829573393298,0.0,0.0,0.0,30.237744262407276,2.4067328999255833,-3.7528117345729086,0.3672226398224114,0.012307014196284997,-0.020604305656488887,4.434258406397787,4.458246198532819,0.024000000208616257,302.2614839924111,300.84999999999997,1.411483992411137,0.0,False,0.0,0.0,False,False,957.136168678353,54.198876974107094
17.30000000000291,7.3,False,True,16.18299172093998,-26.070576412318,1.2410083162616645,0.0,0.0,0.0,30.684917720445718,2.410315274979156,-3.7722125127331028,0.37661146011191393,0.016380864594461978,-0.027424713715186448,4.444587452272411,4.476517280880086,0.03194444626569748,302.22857167015775,300.84999999999997,1.3785716701577326,0.0,False,0.0,0.0,False,False,996.778357947084,55.02861391278718
17.403000000005704,7.4,False,True,16.42517992054397,-26.448305315791945,1.2797041779197993,0.0,0.0,0.0,31.13357334935374,2.4078021806744774,-3.7867731742020583,0.39746700920264433,0.007079381754478174,-0.011852244841991813,4.473644820521064,4.487444976165959,0.013805555179715157,302.13257714745055,300.84999999999997,1.282577147450549,0.0,False,0.0,0.0,False,False,1037.556600112309,55.86287644484956
17.5,7.5,False,True,16.662434142963804,-26.82696988826683,1.3184217578081785,0.0,0.0,0.0,31.580421544915787,2.4062078116668637,-3.7872909297882384,0.376432841956558,0.019514593318844264,-0.03267117751638871,4.448985727405557,4.487026701478708,0.038055554032325745,302.03629355340684,300.84999999999997,1.1862935534068337,0.0,False,0.0,0.0,False,False,1079.4887715836603,56.69770836008006
17.60000000000582,7.6,False,True,16.900935188053698,-27.20539814662228,1.355032798699492,0.0,0.0,0.0,32.027727027484026,2.402600721230476,-3.7890884215668117,0.35545150761226524,0.0138169019504401,-0.023132147771353122,4.459676534390526,4.486611337313371,0.026944443583488464,301.9438782556901,300.84999999999997,1.0938782556900823,0.0,False,0.0,0.0,False,False,1122.5926810979156,57.536260006353686
17.70000000001164,7.7,False,True,17.138705060387206,-27.58573063405981,1.3904450053700879,0.0,0.0,0.0,32.47626434431534,2.425025859011791,-3.8110592752946593,0.35236040845037186,0.012250037588248957,-0.020508915870751994,4.493301591455303,4.5171808926237755,0.02388888970017433,301.9587352456791,300.84999999999997,1.1087352456791273,0.0,False,0.0,0.0,False,False,1166.8871048538165,58.380631641074075
17.80000000000291,7.8,False,True,17.385235714539377,-27.9687106275031,1.4248652010963025,0.0,0.0,0.0,32.93167464638111,2.425517212724127,-3.8550699261099743,0.3366974174005883,0.008688979527846351,-0.014547020681000182,4.537694887924844,4.554634769596634,0.016944443807005882,301.7478529856459,300.84999999999997,0.8978529856459191,0.0,False,0.0,0.0,False,False,1212.3905375752481,59.22780805746662
17.90000000000873,7.9,False,True,17.640142358341937,-28.350184075662014,1.4594569613697463,0.0,0.0,0.0,33.39023149884543,2.434845025783137,-3.8910438071277937,0.3555886692498624,0.00925874942880677,-0.015500924934787396,4.572012840725116,4.590064510283972,0.01805555634200573,301.9118056638658,300.84999999999997,1.0618056638658024,0.0,False,0.0,0.0,False,False,1259.1222486297982,60.081810660092415
18.0,8.0,False,True,17.87768087157374,-28.7418081404986,1.4946530802125857,0.0,0.0,0.0,33.84823493966953,2.450128752952714,-3.9146027450010408,0.34817962229288496,0.007691883633890622,-0.012877690635529411,4.6031463435862525,4.618143085398644,0.014999999664723871,301.77637318600296,300.84999999999997,0.9263731860029623,0.0,False,0.0,0.0,False,False,1307.1009150130924,60.937736739806866
18.10000000000582,8.1,False,True,18.122051626197855,-29.13585904626428,1.5293054207800745,0.0,0.0,0.0,34.311908100634106,2.480345724132182,-3.948520621984163,0.3448929324979792,0.00925874942880677,-0.015500924934787396,4.64488049081212,4.662931482817971,0.01805555634200573,301.82578081478135,300.84999999999997,0.9757808147813772,0.0,False,0.0,0.0,False,False,1356.3453816269935,61.79856507533617
18.20000000001164,8.2,False,True,18.37658931738737,-29.52335351001532,1.5642243821755006,0.0,0.0,0.0,34.77538551069203,2.496402951477766,-3.9793275427111636,0.3520107234834669,0.003133730395894791,-0.005246466599635257,4.691450927836927,4.6975605784626735,0.0061111110262572765,301.97647195616423,300.84999999999997,1.126471956164234,0.0,False,0.0,0.0,False,False,1406.8748068419486,62.664081964091
18.30000000000291,8.3,False,True,18.627536713713678,-29.915706811796312,1.599756492177178,0.0,0.0,0.0,35.241093031716645,2.5270127978466363,-3.9995378060158866,0.35679689328961006,0.010255844845187496,-0.017170254180705884,4.710978335589208,4.730972029322416,0.019999999552965164,302.22447585319935,300.84999999999997,1.3744758531993795,0.0,False,0.0,0.0,False,False,1458.7080377092466,63.53369196129385
18.40000000000873,8.4,False,True,18.879544358893675,-30.314799537803207,1.6357841491719955,0.0,0.0,0.0,35.71308256390965,2.5393974819315335,-4.014578441492429,0.3629169973276272,0.014386671851400518,-0.024086052025140338,4.722256780546552,4.750303109711631,0.028055556118488312,302.24397558032683,300.84999999999997,1.3939755803268266,0.0,False,0.0,0.0,False,False,1511.8648270375595,64.40716231215728
18.5,8.5,False,True,19.11672708855068,-30.719050973764794,1.6721469530050341,0.0,0.0,0.0,36.18161615111861,2.5480276973181915,-4.034116544721329,0.3626897606842161,0.012819806534059373,-0.02146281852543464,4.746437503628161,4.771429706355843,0.02500000037252903,301.88916201578945,300.84999999999997,1.0391620157894752,0.0,False,0.0,0.0,False,False,1566.3647465085003,65.28456310514979
18.601000000009662,8.6,False,True,19.374634193705067,-31.11885511369841,1.7075687713974466,0.0,0.0,0.0,36.657326603657815,2.5745958130004047,-4.03922118826575,0.3451123422167028,0.008822875320851048,-0.014771187956765538,4.772775772306484,4.789974050874826,0.017205554991960526,302.21475577056214,300.84999999999997,1.3647557705621323,0.0,False,0.0,0.0,False,False,1622.2266206840657,66.16444374239661
18.70100000000093,8.7,False,True,19.636244191766654,-31.514908559764883,1.741876452270133,0.0,0.0,0.0,37.13181314572494,2.600995259625324,-4.076702603243861,0.33960611631969717,0.022119864290237275,-0.03703290153461265,4.79265371204434,4.835770926738433,0.0431361123919487,302.3898097522698,300.84999999999997,1.539809752269807,0.0,False,0.0,0.0,False,False,1679.4701813082168,67.05072580727528
18.80000000000291,8.8,False,True,19.895433194140193,-31.919582351241818,1.7784214976035118,0.0,0.0,0.0,37.612338393939346,2.6347596464935146,-4.091990214881403,0.3898758091278618,0.026209381058779155,-0.043879538106447354,4.815779743584524,4.866861649305,0.05111110955476761,302.6360313260788,300.84999999999997,1.7860313260788079,0.0,False,0.0,0.0,False,False,1738.1158648048627,67.94643137451688
18.901000000012573,8.9,False,True,20.15727336844902,-32.310099905981545,1.8187831575099132,0.0,0.0,0.0,38.08225604641738,2.6291727547388213,-4.0735518972312175,0.41335816207310583,0.010881166270378053,-0.01821716235621337,4.827130685420514,4.848337285471894,0.021219443529844284,302.85575733345485,300.84999999999997,2.005757333454842,0.0,False,0.0,0.0,False,False,1798.1842161131171,68.84208945023127
19.0,9.0,False,True,20.41420879551262,-32.721351771274364,1.8602679051315643,0.0,0.0,0.0,38.56717234237254,2.6387756487985317,-4.036001408298144,0.41616926829188083,0.016380864594461978,-0.027424713715186448,4.790160907586961,4.822078835157791,0.03194444626569748,303.09727780405,300.84999999999997,2.2472778040500465,0.0,False,0.0,0.0,False,False,1859.6932689799337,69.73978242779381
19.10000000000582,9.1,False,True,20.67305381446812,-33.16120937864267,1.9022151892259584,0.0,0.0,0.0,39.077371475958735,2.6644935402012453,-4.022637082119695,0.428986245655079,0.006125018794124478,-0.010254457935375997,4.813121390372834,4.825052841184085,0.011944444850087166,302.9914018287147,300.84999999999997,2.141401828714685,0.0,False,0.0,0.0,False,False,1922.665187464419,70.64412324294742
19.1990000000078,9.2,False,True,20.92879235290517,-33.574081387377475,1.9459355286342044,0.0,0.0,0.0,39.56302933746693,2.6581216071586242,-4.010271717575047,0.4449211318772685,0.013316929636018835,-0.022295098083929543,4.785284662363698,4.8112253872819,0.025969443842768666,302.73278288171787,300.84999999999997,1.8827828817178462,0.0,False,0.0,0.0,False,False,1987.1200562990703,71.55273874683446
19.29899999999907,9.3,False,True,21.174657370688198,-33.97429634082417,1.9895315578570139,0.0,0.0,0.0,40.032723197656416,2.643560452587201,-3.972809268865041,0.42152393745352934,0.01536382564599863,-0.025721995165871824,4.742037057643377,4.77196242161053,0.029961111024022102,302.6534474452855,300.84999999999997,1.8034474452855243,0.0,False,0.0,0.0,False,False,2053.0765930538737,72.46113618687781
19.39900000000489,9.4,False,True,21.45080031161962,-34.37675499626924,2.0336774459154947,0.0,0.0,0.0,40.52034202820236,2.622797752754363,-4.000427141170109,0.46584038314059967,0.005794552652730437,-0.009701194139803332,4.772274021223332,4.783564085874024,0.011300000362098219,302.3642100316007,300.84999999999997,1.5142100316006946,0.0,False,0.0,0.0,False,False,2120.554942788042,73.38247755755538
19.5,9.5,False,True,21.67779493104457,-34.76591069318817,2.0850211731551895,0.0,0.0,0.0,40.97066437585748,2.68718074768869,-4.0837036153446435,0.5483121849788697,0.014813998321970829,-0.024801478616376178,4.859653341408021,4.888514660786818,0.028888888657093045,302.2678645798881,300.84999999999997,1.417864579888121,0.0,False,0.0,0.0,False,False,2189.5816974788772,74.31825963864449
19.60000000000582,9.6,False,True,21.95277147033965,-35.16411492442721,2.1382496459394593,0.0,0.0,0.0,41.45406076185158,2.672759976644041,-4.058194228912972,0.5157160058914789,0.019941921699714583,-0.03338660730583369,4.8204273693922115,4.859278371562264,0.03888889029622078,302.4982662123086,300.84999999999997,1.6482662123085643,0.0,False,0.0,0.0,False,False,2260.174056547658,75.23964395896914
19.6990000000078,9.7,False,True,22.202922045545947,-35.55471547410644,2.186999587057492,0.0,0.0,0.0,41.91786659415355,2.637538873310785,-4.027911404323253,0.452250293704213,0.009788634175901955,-0.016388053779991474,4.7955594992896575,4.814632030519347,0.01908888854086399,302.2450247517699,300.84999999999997,1.395024751769907,0.0,False,0.0,0.0,False,False,2332.3503548094013,76.1615973024406
19.80000000000291,9.8,False,True,22.50613195155347,-35.964607040408346,2.232112791049854,0.0,0.0,0.0,42.42615861696326,2.6198422702602846,-4.09636413978656,0.4595611491818336,0.008688979527846351,-0.014547020681000182,4.845549762568336,4.862486265972568,0.016944443807005882,302.06335679059873,300.84999999999997,1.2133567905987734,0.0,False,0.0,0.0,False,False,2406.129614191166,77.09865988593701
19.90000000000873,9.9,False,True,22.761789177640857,-36.37553068443708,2.2783813034978415,0.0,0.0,0.0,42.910118610204194,2.617564561007773,-4.159381163792492,0.4642474138609934,0.007122114688080207,-0.011923787980846767,4.900593071223315,4.914478191706175,0.013888888992369175,301.6072228837684,300.84999999999997,0.7572228837684128,0.0,False,0.0,0.0,False,False,2481.539951475832,78.04162209721164
20.0,10.0,False,True,23.032873234150735,-36.79647393799679,2.3242645266630726,0.0,0.0,0.0,43.41075608291261,2.6366037854750815,-4.227348567615942,0.45511612219748854,0.019514593318844264,-0.03267117751638871,4.944135338632366,4.982183801678345,0.038055554032325745,301.4343955353488,300.84999999999997,0.5843955353488535,0.0,False,0.0,0.0,False,False,2558.6009844181904,78.9886471960219
20.10000000000582,10.1,False,True,23.27715860434234,-37.20520562281513,2.3731836018238837,0.0,0.0,0.0,43.88682533662766,2.679377286608135,-4.365420407056442,0.5155194217926519,0.002563961211296874,-0.004292563545176471,5.11710520181785,5.122104838280491,0.004999999888241291,300.9370211492391,300.84999999999997,0.08702114923911525,0.0,False,0.0,0.0,False,False,2637.3350007186264,79.95433263128855
20.20000000001164,10.2,False,True,23.55169939129728,-37.64081148986032,2.4223313564063518,0.0,0.0,0.0,44.40172557269856,2.811438452490612,-4.346696933847324,0.46743566985671353,0.010255844845187496,-0.017170254180705884,5.156687431997432,5.176674647576427,0.019999999552965164,300.22803270578015,300.84999999999997,0.6219672942198354,0.0,False,0.0,0.0,False,False,2717.76772476781,80.90850962314052
20.30000000000291,10.3,False,True,24.003532800493943,-38.25047061000769,2.4653037336823127,0.0,0.0,0.0,45.158256042405476,2.8393041682697904,-4.529878488201567,0.46031610213130436,0.020511689690374993,-0.03434050836141177,5.306171196397756,5.346161920277529,0.03999999910593033,299.498451546366,300.84999999999997,1.351548453633946,0.0,False,0.0,0.0,False,False,2799.8938725122935,81.87211295938395
20.401000000012573,10.4,False,True,24.20970160864934,-38.67643759232195,2.5126938673676835,0.0,0.0,0.0,45.62868041936577,2.8672092694106235,-4.583491793885657,0.4775293451186861,0.027460025819460276,-0.04597335765567146,5.352872997335505,5.406411565836564,0.05355000123381615,301.08956067043545,300.84999999999997,0.23956067043547066,0.0,False,0.0,0.0,False,False,2883.7754665870443,82.84252208853528
20.5,10.5,False,True,24.496428348347397,-39.130103616578225,2.558338576015298,0.0,0.0,0.0,46.165355093076734,2.9090033868662624,-4.647828330966393,0.43437204414233493,0.01112301120894045,-0.01662163059884294,5.463129704953847,5.483120361521642,0.019999999552965164,300.7161401352575,303.78999999999996,3.0738598647425124,0.0,False,0.0,0.0,False,False,2969.41979849618,83.81252525158479
20.59900000000198,10.6,False,True,24.793030123904394,-39.597000863434175,2.6057095352571302,0.0,0.0,0.0,46.71848477962055,2.972092640104512,-4.7090281987141775,0.513967328383477,0.012805367200735834,-0.019135653043493215,5.545491254479419,5.568507990265319,0.02302500046789646,300.93654232616285,303.78999999999996,2.853457673837149,0.0,False,0.0,0.0,False,False,3056.8487183471498,84.80608188350853
20.70000000001164,10.7,False,True,25.101746171117416,-40.08274177328819,2.659297519133625,0.0,0.0,0.0,47.29401493744542,3.0683660520088845,-4.8231764579697884,0.5619730044782625,0.010041608003236708,-0.01500563972407294,5.698408112993674,5.716458814146621,0.01805555634200573,301.4479640090282,303.78999999999996,2.3420359909717643,0.0,False,0.0,0.0,False,False,3146.0882933866396,85.80707589239486
20.80000000000291,10.8,False,True,25.41709634272238,-40.60678861364069,2.7159383478338297,0.0,0.0,0.0,47.90553274944482,3.1336642951027,-4.8759442989360995,0.5816743449886821,0.020083216006473417,-0.03001127944814588,5.759987323377515,5.79609219394662,0.03611111268401146,302.21535858823904,303.78999999999996,1.5746414117609604,0.0,False,0.0,0.0,False,False,3237.1601286166565,86.80362992342738
20.90000000000873,10.9,False,True,25.72158086648322,-41.108055060424284,2.7688305216425584,0.0,0.0,0.0,48.49197782233583,3.123515024118517,-4.923404980704394,0.4769933354652667,0.014521709366092024,-0.021700462600714395,5.804528112945383,5.830631416057693,0.026111111044883728,301.7757950995024,303.78999999999996,2.014204900497639,0.0,False,0.0,0.0,False,False,3330.0789258739323,87.7818658331695
21.0,11.0,False,True,26.061142737898052,-41.622827292081844,2.81557198500974,0.0,0.0,0.0,49.1084810658156,3.0876767139727352,-5.0024336001859355,0.4687078691244767,0.01112301120894045,-0.01662163059884294,5.8586264330530184,5.878612881818183,0.019999999552965164,301.0853314720897,303.78999999999996,2.7046685279102864,0.0,False,0.0,0.0,False,False,3424.8627815861655,88.7793628451162
21.10000000000582,11.1,False,True,26.389251208028234,-42.15775278832016,2.862401712534327,0.0,0.0,0.0,49.735989981918884,3.101516303103451,-5.122496088476572,0.4795441274229859,0.02116461817626599,-0.03162726877490586,5.9502530906041615,5.988269328852392,0.038055554032325745,300.55965841590813,303.78999999999996,3.2303415840918537,0.0,False,0.0,0.0,False,False,3521.5474389261312,89.79341201238047
21.20000000001164,11.2,False,True,26.6559381048545,-42.659336658596295,2.9115004615630937,0.0,0.0,0.0,50.30266434694381,3.174220934871184,-5.162310323637654,0.49414640056917797,0.010041608003236708,-0.01500563972407294,6.042083773137971,6.060125941010665,0.01805555634200573,301.24424149972276,303.78999999999996,2.5457585002772527,0.0,False,0.0,0.0,False,False,3620.1600255311564,90.81244350532101
21.30000000000291,11.3,False,True,26.98337528391441,-43.174387369462686,2.9640623144668226,0.0,0.0,0.0,50.912967566632595,3.246850306644001,-5.318020786620138,0.5552740269817417,0.012822360287516238,-0.01916104659977867,6.207805675294884,6.230841195270355,0.02305555529892445,301.2539753747004,303.78999999999996,2.5360246252995484,0.0,False,0.0,0.0,False,False,3720.7198885052867,91.8568352390017
21.40000000000873,11.4,False,True,27.338850335164317,-43.70672509472097,3.020367051357046,0.0,0.0,0.0,51.552793873407346,3.2941882701597316,-5.465277085710784,0.5737285939628469,0.003862156784872231,-0.005771399685488244,6.374358655433427,6.3812953217080715,0.0069444444961845875,300.91333590341503,303.78999999999996,2.8766640965849803,0.0,False,0.0,0.0,False,False,3823.255959719049,92.89945685941822
21.5,11.5,False,True,27.689006293340768,-44.26290093852287,3.075433426601022,0.0,0.0,0.0,52.21001311057251,3.337085453816607,-5.594067500893729,0.5317800671100258,0.004480101880810899,-0.006694823650646464,6.5057660476037436,6.51381075336318,0.008055555634200573,300.66347955608273,303.78999999999996,3.1265204439172765,0.0,False,0.0,0.0,False,False,3927.788292929031,93.93721883909441
21.60000000000582,11.6,False,True,28.03913384839511,-44.83659099283763,3.1279955891935907,0.0,0.0,0.0,52.882066136141326,3.40864888063051,-5.764405189210402,0.524391158735839,0.010041608003236708,-0.01500563972407294,6.67878181805549,6.696809268362019,0.01805555634200573,300.518314261874,303.78999999999996,3.2716857381259454,0.0,False,0.0,0.0,False,False,4034.3401042806463,94.99629128067045
21.70000000001164,11.7,False,True,28.37765655325396,-45.41794357357278,3.178419319196406,0.0,0.0,0.0,53.55446750651787,3.4850965399438936,-5.884328475044128,0.4856588367111272,0.004943560767509348,-0.007387391721265754,6.8300732979462495,6.8389487127002235,0.008888889104127884,300.68680037719065,303.78999999999996,3.1031996228093552,0.0,False,0.0,0.0,False,False,4142.937173146341,96.05097856772818
21.80000000000291,11.8,False,True,28.728812130730244,-46.01347179042574,3.22651250458397,0.0,0.0,0.0,54.245591826904224,3.552727391877041,-5.990627383292852,0.4776889099394572,0.022863968290752944,-0.03416668632385161,6.923825519444343,6.964875330287801,0.041111111640930176,300.74672158584895,303.78999999999996,3.0432784141510734,0.0,False,0.0,0.0,False,False,4253.6038480059,97.11528432075929
21.90000000000873,11.9,False,True,29.07322244299787,-46.54962081588552,3.276478921790406,0.0,0.0,0.0,54.882779278410794,3.6267043525457554,-6.037242466585134,0.49754823398375736,0.028888933299877205,-0.04317007046789737,6.990935536883317,7.042817693303816,0.05194444581866264,300.89683224815394,303.78999999999996,2.893167751846024,0.0,False,0.0,0.0,False,False,4366.362314220703,98.18486871694522
22.00100000000384,12.0,False,True,29.36729138078534,-47.0656687933414,3.3319719691969847,0.0,0.0,0.0,55.476256020107016,3.6905667828079265,-6.101768267960795,0.5624094858890353,0.05677524961784264,-0.08484188396271275,7.029071348132424,7.131048953292813,0.10208611190319061,300.73712743623025,303.78999999999996,3.052872563769744,0.0,False,0.0,0.0,False,False,4481.232143576401,99.27409676118076
22.10000000000582,12.1,False,True,29.674874205483963,-47.68955981151133,3.3876981408569504,0.0,0.0,0.0,56.168427734155195,3.7278691177279177,-6.219890798469665,0.5330236959404033,0.06457526291405756,-0.09649780493953766,7.135521257759018,7.251486034172384,0.11611111462116241,300.0410300008812,303.78999999999996,3.7489699991187835,0.0,False,0.0,0.0,False,False,4598.247830151938,100.35670726467929
22.20000000001164,12.2,False,True,30.054111560537407,-48.312246925030905,3.4387792074954042,0.0,0.0,0.0,56.89747643471006,3.8568779833409828,-6.233851471921776,0.4885976368286747,0.09670840686695716,-0.14451584957975505,7.156736935598817,7.330512393575342,0.1738888919353485,299.84050336533744,303.78999999999996,3.9494966346625695,0.0,False,0.0,0.0,False,False,4717.448834418785,101.43510946427315
22.30000000000291,12.3,False,True,30.444513055927576,-48.93541235392246,3.4878134973644674,0.0,0.0,0.0,57.632828817098435,3.9511519244624185,-6.229457105909289,0.49208816055259263,0.12451593385339711,-0.18606992452885238,7.153018357917004,7.37683789740203,0.22388888895511627,299.1988030227132,303.78999999999996,4.591196977286808,0.0,False,0.0,0.0,False,False,4838.84455535055,102.52289280838815
22.39900000000489,12.4,False,True,30.703886524473166,-49.505143185634424,3.542425018378306,0.0,0.0,0.0,58.25365095457873,3.947740023305609,-6.325642976069196,0.5411750742384951,0.14653949642002723,-0.218980753671845,7.1930834100579,7.456434157980779,0.26348888874053955,298.8907065276464,303.78999999999996,4.899293472353613,0.0,False,0.0,0.0,False,False,4962.451034559763,103.6330688675298
22.5,12.5,False,True,31.201739536376156,-50.1105474100676,3.596385846901099,0.0,0.0,0.0,59.03063197893524,4.068011792635434,-6.399575411395794,0.5499868204657846,0.19805139742134298,-0.29595737212565293,7.227084241229619,7.583092073235205,0.3561111092567444,299.562056380083,303.78999999999996,4.2279436199170215,0.0,False,0.0,0.0,False,False,5088.310837524593,104.75332921555767
22.59900000000198,12.6,False,True,31.593554337522047,-50.77209448000124,3.6507568941952777,0.0,0.0,0.0,59.79931649746618,4.124854545108992,-6.452698618131804,0.537716512184259,0.25249854028288976,-0.37732025838073807,7.204537684143537,7.658442692528711,0.4540111124515534,299.6612788798109,303.78999999999996,4.128721120189088,0.0,False,0.0,0.0,False,False,5216.448017597808,105.86026937895542
22.702000000004773,12.7,False,True,31.99531131789614,-51.4490681243601,3.7028857540482503,0.0,0.0,0.0,60.586356196706035,4.168183677020966,-6.485178303311857,0.5117093206172321,0.27098436676738097,-0.40494448471367095,7.222008429285174,7.7091693969668915,0.48725000023841863,299.7369524017456,303.78999999999996,4.053047598254393,0.0,False,0.0,0.0,False,False,5346.88839271674,106.96321572630058
22.80000000000291,12.8,False,True,32.41588258207001,-52.110825834041094,3.7540850967594084,0.0,0.0,0.0,61.37041317019395,4.218774680861387,-6.588119124552147,0.5184789266814178,0.3020206465404121,-0.451323434429645,7.280193919647728,7.823130665351745,0.543055534362793,299.63347194248814,303.78999999999996,4.156528057511847,0.0,False,0.0,0.0,False,False,5479.658839354121,108.09715094120367
22.90000000000873,12.9,False,True,32.83773502647127,-52.77897113684473,3.8069409709251425,0.0,0.0,0.0,62.16057139322826,4.238010389773805,-6.600657470622289,0.5429304048629556,0.3370890406408321,-0.5037277592552197,7.238075661214929,7.844068530317195,0.6061111092567444,299.703785121656,303.78999999999996,4.086214878344039,0.0,False,0.0,0.0,False,False,5614.7863122445,109.21440564371471
23.0,13.0,False,True,33.224384322350446,-53.396707864832315,3.862748575520815,0.0,0.0,0.0,62.8893323577337,4.218852607381786,-6.642276098241656,0.5435168838943778,0.36644142609398517,-0.5475903877316712,7.2101501939700166,7.868834036125333,0.6588888764381409,299.562237042731,303.78999999999996,4.227762957268975,0.0,False,0.0,0.0,False,False,5752.288246646647,110.33838427545291
23.10000000000582,13.1,False,True,33.66081547226354,-54.016797858609735,3.9193172228654625,0.0,0.0,0.0,63.64640562636418,4.196831236771162,-6.664707500200926,0.5721488191679015,0.38760603598296184,-0.579217644122497,7.179372076912671,7.876021742807255,0.6969444155693054,299.5041875287708,303.78999999999996,4.285812471229212,0.0,False,0.0,0.0,False,False,5892.17685350451,111.46704330071643
23.20000000001164,13.2,False,True,34.11703652175711,-54.67241468363256,3.977175545172839,0.0,0.0,0.0,64.44412392426473,4.222544208385209,-6.727488198316918,0.5887982530811033,0.4671664666318543,-0.6981084789593633,7.103258532776116,7.942856982865855,0.8399999737739563,299.59340172447446,303.78999999999996,4.196598275525557,0.0,False,0.0,0.0,False,False,6034.511065144861,112.61585160742746
23.29899999999907,13.3,False,True,34.540271920241146,-55.34826317592724,4.037832924193845,0.0,0.0,0.0,65.24155593573701,4.242163761295602,-6.789481647576663,0.6243493273390115,0.44407234374170346,-0.6635978619624273,7.2077701524776705,8.005811290583233,0.7984750270843506,300.3530135939898,303.78999999999996,3.436986406010234,0.0,False,0.0,0.0,False,False,6179.325959571266,113.77956692633573
23.40000000000873,13.4,False,True,34.964120714598835,-56.02958740906709,4.0973901109956765,0.0,0.0,0.0,66.04395810803081,4.234812125858279,-6.8370030152204695,0.5667944086976258,0.46778443322294966,-0.6990319350457294,7.201748858308163,8.042278531078747,0.8411111235618591,301.1285687993855,303.78999999999996,2.6614312006145076,0.0,False,0.0,0.0,False,False,6326.630523041493,114.92400566259263
23.49900000001071,13.5,False,True,35.38484105665632,-56.71515753433921,4.152523589229567,0.0,0.0,0.0,66.84830641646612,4.179594715291444,-6.874399490222061,0.5358751559801747,0.5838669811181636,-0.8724994605064483,6.9965750124616815,8.045270681292052,1.0498361587524414,301.77511682626,303.78999999999996,2.014883173740017,0.0,False,0.0,0.0,False,False,6476.446857231101,116.07171901428936
23.60000000000582,13.6,False,True,35.73270745379869,-57.078605977171286,4.214744431651981,0.0,0.0,0.0,67.34087645907152,4.200648047717895,-6.784266816893384,0.5417709585959585,0.5005355023304979,-0.7479733738519122,7.080089786085955,7.979456138334043,0.8999999761581421,301.9490319767357,303.78999999999996,1.8409680232643244,0.0,False,0.0,0.0,False,False,6628.7102974808,117.21514790220405
23.70000000001164,13.7,False,True,35.751779335416835,-57.97341316680463,4.272105985143589,0.0,0.0,0.0,68.11098560333255,3.9900069341272353,-6.811953714752587,0.5641634562445988,0.5638748569242328,-0.8426243037709582,6.882679320384587,7.894483437585703,1.0138888359069824,299.3215920196062,303.78999999999996,4.468407980393774,0.0,False,0.0,0.0,False,False,6783.536531630968,118.3665176388636
23.79899999999907,13.8,False,True,36.32152994153515,-58.55409082293463,4.329569547148419,0.0,0.0,0.0,68.90453605818932,4.0012421647085015,-6.747207592407459,0.5788640126122964,0.6311691048833374,-0.9431852139410494,6.711487778302081,7.844408783055739,1.1348888874053955,299.49864360074696,303.78999999999996,4.291356399253057,0.0,False,0.0,0.0,False,False,6940.998859604686,119.53208799820962
23.90000000000873,13.9,False,True,37.020376075646006,-58.965708111164176,4.3894490016635315,0.0,0.0,0.0,69.62372424564256,4.070142522122138,-6.5609308277464455,0.581999417596712,0.5929182922309955,-0.8860252537405472,6.655497097800079,7.7208725851978945,1.0661110877990723,302.1093704639809,303.78999999999996,1.680629536019094,0.0,False,0.0,0.0,False,False,7101.028943354799,120.66982405788983
23.99900000001071,14.0,False,True,36.91348031095131,-60.050506067250204,4.4466827604804955,0.0,0.0,0.0,70.4887814308053,3.864377236050717,-6.590261673289436,0.5914489132980213,0.6765772846931608,-1.011040759241414,6.425711986824968,7.639696351618607,1.2165361642837524,298.7949034484447,303.78999999999996,4.995096551555304,0.0,False,0.0,0.0,False,False,7263.528510574066,121.81193209264728
24.10000000000582,14.1,False,True,37.14350186718099,-60.69713254202341,4.508503090866772,0.0,0.0,0.0,71.16025315990125,3.7379052927514667,-6.4973238789861405,0.5937324559635706,0.7430789363003134,-1.1104172559888568,6.163420143896284,7.495809066806793,1.336111068725586,297.2117857690961,303.78999999999996,6.578214230903922,0.0,False,0.0,0.0,False,False,7428.848688397209,122.95907789007178
24.1990000000078,14.2,False,True,37.68104757210693,-61.182129974948005,4.568530421459875,0.0,0.0,0.0,71.85481455269937,3.7015794901957553,-6.39944548015161,0.5845233611676094,0.6312787622958116,-0.9433490800891933,6.2606496856569915,7.392874486670983,1.1350860595703125,296.8642793397565,303.78999999999996,6.925720660243515,0.0,False,0.0,0.0,False,False,7596.823883160074,124.12275248680967
24.29899999999907,14.3,False,True,38.38517664396242,-61.67365621603735,4.626491658934378,0.0,0.0,0.0,72.64338687755522,3.735490409225917,-6.273463665548434,0.611633970562297,0.7006555066172054,-1.0470219609844045,6.043667411208048,7.301385824648304,1.2598305940628052,298.265774819476,303.78999999999996,5.524225180523966,0.0,False,0.0,0.0,False,False,7767.571414603145,125.30239542058548
24.39900000000489,14.4,False,True,38.952522308443385,-62.04969861382546,4.6894468884162075,0.0,0.0,0.0,73.26297900206046,3.753395061080943,-6.090153682131712,0.5951108229422312,0.8555326127925769,-1.2784619909104395,5.616937217075483,7.153876316831964,1.5383111238479614,300.751176540498,303.78999999999996,3.038823459501997,0.0,False,0.0,0.0,False,False,7941.069365570425,126.46777982822644
24.50100000000384,14.5,False,True,39.10152698635778,-62.768655696819074,4.750168118785284,0.0,0.0,0.0,73.95156219209088,3.633964786038582,-5.979757193277917,0.603108324876188,0.7625828397049699,-1.1395628417963348,5.627816240945045,6.997370660235703,1.3711805343627927,300.25193271543975,303.78999999999996,3.5380672845602255,0.0,False,0.0,0.0,False,False,8117.224466424862,127.64252606829618
24.60000000000582,14.6,False,True,39.434537087616484,-63.30526933103928,4.811808601655731,0.0,0.0,0.0,74.58310693709416,3.539254990878297,-5.823913848296615,0.5971602948964144,0.8275829670813395,-1.2366955413713694,5.328765050181253,6.815005385385842,1.4880555868148804,300.80809648824504,303.78999999999996,2.9819035117549424,0.0,False,0.0,0.0,False,False,8296.309724815019,128.8234332770449
24.70100000000093,14.7,False,True,39.7848641902387,-63.88022592887204,4.870681431232579,0.0,0.0,0.0,75.25635310961775,3.4672870615660876,-5.675218108358683,0.5802962966405348,0.8559049441277976,-1.2790183828620576,5.113305055415049,6.650577429422643,1.5389806032180786,300.7166207945262,303.78999999999996,3.073379205473828,0.0,False,0.0,0.0,False,False,8478.324212800686,130.01650743551266
24.80000000000291,14.8,False,True,40.11198861463383,-64.46306049271939,4.929101581895197,0.0,0.0,0.0,75.92402649167465,3.4001488057248386,-5.540955658892361,0.5934594707603851,0.8609519696308259,-1.2865603867275979,4.954533247869847,6.50101542183091,1.5480555295944214,300.6846471541032,303.78999999999996,3.105352845896834,0.0,False,0.0,0.0,False,False,8663.099265863922,131.22163614876706
24.90000000000873,14.9,False,True,40.42443411441433,-65.0296528097947,4.987375888050442,0.0,0.0,0.0,76.5701679378664,3.2960036182433377,-5.381228958205665,0.5752114431209205,0.9599776517669187,-1.434539048022264,4.586216148765293,6.310409253931507,1.7261110544204712,300.4593986603062,303.78999999999996,3.3306013396938248,0.0,False,0.0,0.0,False,False,8850.844401035922,132.42631459588796
25.0,15.0,False,True,40.74946963002482,-65.55593312245439,5.043963302983777,0.0,0.0,0.0,77.18872743272833,3.2047066939664473,-5.144377294988344,0.5565368555457801,1.0027703630627722,-1.4984861776368503,4.259230640025973,6.0609209487952365,1.80305552482605,300.52939767071916,303.78999999999996,3.2606023292808244,0.0,False,0.0,0.0,False,False,9041.531721589869,133.6376364713965
25.101000000009662,15.1,False,True,41.06347811859871,-66.05744016089,5.099033276765237,0.0,0.0,0.0,77.78042578828041,3.0754630775114555,-4.885763473723637,0.5448626200834092,0.992670080015136,-1.4833928570775199,3.9892546275509395,5.7731410741734255,1.7848944664001465,300.4729306647652,303.78999999999996,3.317069335234755,0.0,False,0.0,0.0,False,False,9235.161791870443,134.8641401840816
25.20000000001164,15.2,False,True,41.36408608350013,-66.53234749832261,5.150509830875741,0.0,0.0,0.0,78.34245899358,2.936696220517022,-4.612383274928739,0.4846684621266733,1.0939172860793935,-1.634691244425394,3.5017829786738948,5.467930519533081,1.9669444561004636,300.7843141191265,303.78999999999996,3.005685880873457,0.0,False,0.0,0.0,False,False,9431.758859376212,136.09566059845713
25.30000000000291,15.3,False,True,41.65220500165657,-66.98347118433294,5.196731564972245,0.0,0.0,0.0,78.87770022891378,2.8256821426116545,-4.410090445277827,0.439766219803407,1.1028775033078606,-1.6480809118508173,3.2552653483162266,5.237688164314975,1.983055591583252,300.6860932363643,303.78999999999996,3.1039067636357,0.0,False,0.0,0.0,False,False,9631.353813411866,137.35463894958505
25.39900000000489,15.4,False,True,41.93088132975807,-67.41459567873554,5.239632196806243,0.0,0.0,0.0,79.39097253225735,2.747844419418417,-4.212399442774038,0.4182464168765496,1.1876070146571,-1.7746961432852268,2.894259514203066,5.029409311123123,2.1354055404663086,300.6767741570416,303.78999999999996,3.1132258429583812,0.0,False,0.0,0.0,False,False,9833.985440009774,138.63892832057002
25.5,15.5,False,True,42.15191057854263,-67.89231033178733,5.28077665434777,0.0,0.0,0.0,79.91338666086659,2.6285554384814898,-4.0690806190367335,0.41183009351791,1.1334658219432043,-1.693790452500001,2.8066521581283803,4.844246151610277,2.038055658340454,300.4748686370857,303.78999999999996,3.3151313629142787,0.0,False,0.0,0.0,False,False,10039.65084962796,139.90291190176458
25.60000000000582,15.6,False,True,42.401699430810844,-68.30884789546569,5.321854575959788,0.0,0.0,0.0,80.39902247805438,2.5367808582546982,-3.9126287628973624,0.40002355793227334,1.1606552911783663,-1.7344209351378508,2.576491978887954,4.663037739398984,2.086944341659546,300.3399476105144,303.78999999999996,3.4500523894855837,0.0,False,0.0,0.0,False,False,10248.423211132147,141.1919985819424
25.70000000001164,15.7,False,True,42.65694645435114,-68.71289967362067,5.3620119529349335,0.0,0.0,0.0,80.87692911063353,2.4593429342748836,-3.748521802484019,0.3881225584209803,1.2641611482270072,-1.8890945292178696,2.2104138269262115,4.483278194810783,2.2730555534362793,300.370070728316,303.78999999999996,3.4199292716839698,0.0,False,0.0,0.0,False,False,10460.3505621289,142.49534568213193
25.80000000000291,15.8,False,True,42.9420360983936,-69.10266180779249,5.400659048277388,0.0,0.0,0.0,81.35844352738,2.3842350379991184,-3.595135489936707,0.37070345973014535,1.1991223689331816,-1.7919040702931568,2.157808052438929,4.313881767900588,2.156111001968384,300.55604454357587,303.78999999999996,3.233955456424137,0.0,False,0.0,0.0,False,False,10675.444247698146,143.80968794014598
25.90000000000873,15.9,False,True,43.310369990987795,-69.47743709702432,5.436776199541245,0.0,0.0,0.0,81.87125511635465,2.312852797712574,-3.487332535021224,0.35216514104331664,1.2402157881255735,-1.8533118690473582,1.954628786027009,4.184587945509621,2.2300000190734863,301.2163948974475,303.78999999999996,2.5736051025524738,0.0,False,0.0,0.0,False,False,10893.729472468758,145.1331013195394
26.00100000000384,16.0,False,True,43.62868539443145,-69.91193664886106,5.471938813702259,0.0,0.0,0.0,82.40837988481898,2.3126934051515544,-3.3801757913335373,0.3598097569271387,1.3874844997087226,-2.073382322697096,1.6011622929552096,4.0956243927573235,2.494800090789795,300.5549048677292,303.78999999999996,3.235095132270786,0.0,False,0.0,0.0,False,False,11115.226260483953,146.4713927119236
26.10000000000582,16.1,False,True,43.90907098704515,-70.44757708736341,5.506925331157366,0.0,0.0,0.0,83.01125003531378,2.29437277592747,-3.3565721606035543,0.378065548488388,1.3152961101602325,-1.965507870171513,1.7010734780029608,4.065799196253541,2.365000009536743,300.3605750126733,303.78999999999996,3.429424987326724,0.0,False,0.0,0.0,False,False,11339.982402708521,147.81660739248792
26.20000000001164,16.2,False,True,44.099274722878285,-71.16657368466856,5.540930014793506,0.0,0.0,0.0,83.72232223904956,2.3072118980313205,-3.3239037134723413,0.38254197993217126,1.3675125302024531,-2.043537284044457,1.5881980655774273,4.046178770006648,2.4588890075683594,298.90456105801877,303.78999999999996,4.885438941981225,0.0,False,0.0,0.0,False,False,11568.012599529751,149.16925196552467
26.30000000000291,16.3,False,True,44.40187773603577,-71.71033050465029,5.576983981058349,0.0,0.0,0.0,84.343928338512,2.187569581341489,-3.425164629635167,0.3732977708121215,1.3642682884720958,-2.0386892634318365,1.6124946387287848,4.064137474706581,2.4530556201934814,302.0461193092073,303.78999999999996,1.7438806907926974,0.0,False,0.0,0.0,False,False,11799.296161220118,150.51244583049845
26.40000000000873,16.4,False,True,45.29916575295485,-72.15275539012765,5.608581102958361,0.0,0.0,0.0,85.19409914014744,2.323818309284691,-3.4920659459531427,0.39225415720328244,1.2590630730216785,-1.881476239418792,1.9307260074759207,4.194598443886181,2.2638888359069824,301.95312551656076,303.78999999999996,1.836874483439235,0.0,False,0.0,0.0,False,False,12033.920505259393,151.86127369309958
26.49900000001071,16.5,False,True,45.53286906390722,-72.50401946212746,5.648346752867451,0.0,0.0,0.0,85.61585719570573,2.350247909762719,-3.5332154940430893,0.40305884097851896,1.4199574142370475,-2.1219081022381414,1.6903339789014136,4.243498198973364,2.5531888008117676,302.2206642082398,303.78999999999996,1.5693357917602362,0.0,False,0.0,0.0,False,False,12272.195880830304,153.2263847245907
26.59900000000198,16.6,False,True,45.584162528177096,-72.90640441270074,5.690093133899755,0.0,0.0,0.0,85.98406641804942,2.3835604252928833,-3.5051524415100737,0.4106883267717602,1.4237238214937933,-2.127536418970944,1.6790212064024397,4.238803361710286,2.5599610805511475,300.4658612942263,303.78999999999996,3.3241387057737266,0.0,False,0.0,0.0,False,False,12513.744767187545,154.58336804922757
26.70000000001164,16.7,False,True,45.83145385030082,-73.2186683512409,5.731090085575592,0.0,0.0,0.0,86.37994881430099,2.378354206895608,-3.488253571229842,0.4034188450602402,1.4181839343194633,-2.1192579090925245,1.6721471452266814,4.221904985981539,2.549999952316284,300.4422910326257,303.78999999999996,3.3477089673742784,0.0,False,0.0,0.0,False,False,12758.922426755895,155.95248320487332
26.802000000010594,16.8,False,True,46.072312930535205,-73.45037331553253,5.773383203945391,0.0,0.0,0.0,86.7041830534159,2.3633110147968552,-3.50665841231822,0.4103144615764129,1.6025973374728992,-2.394835395001028,1.3471583873858488,4.228698638274224,2.881588935852051,300.9522294473316,303.78999999999996,2.8377705526684043,0.0,False,0.0,0.0,False,False,13007.659160358004,157.33097381734086
26.90000000000873,16.9,False,True,46.32390471572326,-73.74993481839485,5.8158046859397965,0.0,0.0,0.0,87.0916588074248,2.3565818838368253,-3.5148374541627843,0.42927965885165054,1.479360571590151,-2.210676990390892,1.571735265852839,4.231732565322795,2.6600000858306885,301.04886384278825,303.78999999999996,2.741136157211754,0.0,False,0.0,0.0,False,False,13259.973810008541,158.72341919992374
27.00100000000384,17.0,False,True,46.53858701615875,-74.06294147734377,5.85884805137068,0.0,0.0,0.0,87.47090591583597,2.34022597430916,-3.480419570589424,0.41969589260124934,1.5717309637058041,-2.348710343695668,1.3679730829072314,4.1940407721162085,2.8260889053344727,301.2737737662854,303.78999999999996,2.516226233714591,0.0,False,0.0,0.0,False,False,13515.877692645683,160.120956460782
27.10000000000582,17.1,False,True,46.74368373513996,-74.40124175259807,5.90038324884745,0.0,0.0,0.0,87.86647109938654,2.312710631787122,-3.4565552906784163,0.4073403654063639,1.6316839992808307,-2.438300940332521,1.2250057943459698,4.158894678144439,2.9338889122009277,300.94456824171726,303.78999999999996,2.845431758282715,0.0,False,0.0,0.0,False,False,13775.408518906557,161.52525165265573
27.20000000001164,17.2,False,True,46.93100462143227,-74.75905475289503,5.941033653132772,0.0,0.0,0.0,88.26910819943325,2.3169326786170235,-3.4365365223565174,0.4056213706573674,1.4999072148880324,-2.241380790695352,1.4477319611392536,4.14463029795586,2.69694447517395,300.85462443018446,303.78999999999996,2.9353755698155397,0.0,False,0.0,0.0,False,False,14038.600237183196,162.93998450282615
27.30000000000291,17.3,False,True,47.17662106058009,-75.07907912828077,5.982402636470619,0.0,0.0,0.0,88.67074882645467,2.3190156568416476,-3.4381418090285014,0.41900216788946465,1.6072752139598114,-2.401825762401716,1.2571894871218903,4.147125837934807,2.890000104904175,301.06371854273993,303.78999999999996,2.7262814572600558,0.0,False,0.0,0.0,False,False,14305.49412360932,164.365132695108
27.40000000000873,17.4,False,True,47.401475995485164,-75.41528098349588,6.024992746583547,0.0,0.0,0.0,89.07504999925732,2.3020341806226217,-3.4179085485559777,0.43163551313295595,1.5550587939175906,-2.323796348528772,1.3247844106085727,4.12085673313777,2.7961111068725586,300.9996735717006,303.78999999999996,2.790326428299399,0.0,False,0.0,0.0,False,False,14576.130261357595,165.80283650833917
27.5,17.5,False,True,47.66497311187027,-75.68401283358793,6.069129448192344,0.0,0.0,0.0,89.4428278865892,2.2758649232968806,-3.371242269880228,0.43710626605590164,1.570507362010143,-2.346881859034154,1.243721649153504,4.06753433806284,2.8238887786865234,301.53661599341865,303.78999999999996,2.253384006581372,0.0,False,0.0,0.0,False,False,14850.53738145171,167.24971946447306
27.60000000000582,17.6,False,True,47.850319403076824,-76.09146998358328,6.1117046474938,0.0,0.0,0.0,89.88639981242449,2.2713920023229837,-3.340760018557606,0.42990534078794335,1.4744169714580173,-2.2032895398452457,1.3888874287588395,4.039789490779171,2.651111125946045,301.32119948460036,303.78999999999996,2.4688005153996175,0.0,False,0.0,0.0,False,False,15128.731550402932,168.69880397677937
27.70000000001164,17.7,False,True,48.05652551708854,-76.44957923707435,6.154512429216276,0.0,0.0,0.0,90.29932342105499,2.2707777107369465,-3.327672195171594,0.4300828053778572,1.5009885404003984,-2.2429966654693705,1.330073821824274,4.028626769768809,2.6988887786865234,301.20555948629897,303.78999999999996,2.5844405137010025,0.0,False,0.0,0.0,False,False,15410.794514908024,170.15706125866024
27.80000000000291,17.8,False,True,48.287593960877935,-76.78037385303746,6.19768932869518,0.0,0.0,0.0,90.70235685770692,2.274317265778749,-3.317103012064614,0.43309451287502326,1.4515529368689497,-2.169122754448753,1.4123738219048707,4.021901467971022,2.609999895095825,301.32838257812466,303.78999999999996,2.4616174218753506,0.0,False,0.0,0.0,False,False,15696.742337332009,171.62353853939015
27.90000000000873,17.9,False,True,48.520578130545786,-77.10805485158649,6.241300099455625,0.0,0.0,0.0,91.1037794227971,2.262969560447961,-3.297943441543663,0.43856177936860496,1.3559259715364094,-2.0262229530201386,1.5620502786773733,3.9996827593116557,2.4380555152893066,301.3453271426037,303.78999999999996,2.444672857396293,0.0,False,0.0,0.0,False,False,15986.612633535577,173.10127981200995
28.0,18.0,False,True,48.76282219406375,-77.40871974305801,6.285510844745773,0.0,0.0,0.0,91.4872817422683,2.247364788984503,-3.2652271828249244,0.44070468580926,1.5566036772461718,-2.3261049392083666,1.165805087459037,3.963881563597247,2.798888921737671,301.463804834622,303.78999999999996,2.3261951653779853,0.0,False,0.0,0.0,False,False,16280.438976842375,174.58868331837581
28.101000000009662,18.1,False,True,48.98299012748341,-77.73767644073081,6.329506588611387,0.0,0.0,0.0,91.88296719323387,2.238322298999258,-3.23456358949158,0.4400670738975095,1.2996759620292984,-1.9421659596713325,1.59729414306574,3.9335083994650346,2.336913824081421,301.5694507051703,303.78999999999996,2.2205492948296617,0.0,False,0.0,0.0,False,False,16578.253084680364,176.0830321510361
28.1990000000078,18.2,False,True,49.204885091759415,-78.0626957182782,6.373385572649377,0.0,0.0,0.0,92.27624385343033,2.223878076154085,-3.2125293747804444,0.437882826615488,1.2980106809612657,-1.9396774530757588,1.5739702818250563,3.9071701628449746,2.3339195251464844,301.55421899996384,303.78999999999996,2.235781000036186,0.0,False,0.0,0.0,False,False,16880.105642428316,177.58444170379312
28.29899999999907,18.3,False,True,49.42677834969641,-78.38082712508256,6.417139782759579,0.0,0.0,0.0,92.66369558161436,2.1984100767962977,-3.1609844789027197,0.43707229386197716,1.3305701810885575,-1.9883326214858945,1.4588551892786177,3.8503025519591834,2.3924639225006104,301.6345037471245,303.78999999999996,2.155496252875523,0.0,False,0.0,0.0,False,False,17186.02676782188,179.1014057838203
28.39900000000489,18.4,False,True,49.612133647383395,-78.72324832942466,6.460650973725507,0.0,0.0,0.0,93.0522091762581,2.1908458583130943,-3.148590440287765,0.43571453013287714,1.156393105124473,-1.728051753195967,1.7572770584355808,3.8358085634660055,2.0792806148529053,301.5525347976653,303.78999999999996,2.2374652023346586,0.0,False,0.0,0.0,False,False,17496.058979402667,180.61924861447525
28.5,18.5,False,True,49.83712637639445,-79.03579789089632,6.504074552540993,0.0,0.0,0.0,93.43659087160299,2.1694353722048403,-3.1180511648214466,0.43282406656437805,1.2179697864259158,-1.8200686388098726,1.6093617985875701,3.798511932404311,2.190000057220459,301.51053776906235,303.78999999999996,2.2794622309376473,0.0,False,0.0,0.0,False,False,17810.235768034596,182.14895017550978
28.60000000000582,18.6,False,True,50.05845299597625,-79.34508446579478,6.5475696920530275,0.0,0.0,0.0,93.81626269061496,2.1547288732977266,-3.090473406603339,0.4368853926872754,1.0990152949864078,-1.6423094351518308,1.792124450935563,3.7674769268497634,1.9761110544204712,301.5375304326377,303.78999999999996,2.252469567362278,0.0,False,0.0,0.0,False,False,18128.601970785974,183.68958498705504
28.70000000001164,18.7,False,True,50.20944861802753,-79.65005510942791,6.592147505863231,0.0,0.0,0.0,94.15476625992574,2.1485670869702904,-3.0938717457451888,0.4482000038083688,1.0421643575550732,-1.5573544473853849,1.893412899453353,3.766746992609456,1.8738888502120974,301.37832791990354,303.78999999999996,2.4116720800964346,0.0,False,0.0,0.0,False,False,18451.19365468101,185.23472657509132
28.80000000000291,18.8,False,True,50.46170772251694,-79.93823127168444,6.637225100613248,0.0,0.0,0.0,94.53308820258668,2.1377962322427635,-3.0811034562908803,0.454645825264161,1.0795500434992074,-1.613221608694031,1.8095751198816263,3.7501161633953375,1.9411110877990723,301.513335431397,303.78999999999996,2.2766645686029703,0.0,False,0.0,0.0,False,False,18778.05337677263,186.78979786622475
28.90000000000873,18.9,False,True,50.66745716709439,-80.2445539902249,6.683096734671124,0.0,0.0,0.0,94.90194761367896,2.1154381193665657,-3.0481142790279123,0.4630944693884638,0.9315521830512513,-1.392061554139041,2.035705415284108,3.710266714790596,1.6749999523162842,301.4595798162438,303.78999999999996,2.330420183756199,0.0,False,0.0,0.0,False,False,19109.22588393872,188.360000592669
29.002000000007683,19.0,False,True,50.90838604314935,-80.54393259322332,6.729705665329837,0.0,0.0,0.0,95.28372813392654,2.091495281328344,-3.024865061160083,0.4709451034726088,0.8780474541582458,-1.3121069607070084,2.0990464358683103,3.6775210604489703,1.5787944793701172,301.428821493667,303.78999999999996,2.361178506333009,0.0,False,0.0,0.0,False,False,19444.743628855613,189.93769387801638
29.10000000000582,19.1,False,True,51.116828297588334,-80.84901663698983,6.77685424490687,0.0,0.0,0.0,95.6529854545763,2.0871702787625788,-3.0042899578813476,0.4720455368496474,0.898183180501765,-1.3421967087828126,2.043586134355387,3.658146788139668,1.6150000095367432,301.53946663056473,303.78999999999996,2.2505333694352574,0.0,False,0.0,0.0,False,False,19784.651534776254,191.52031343719062
29.20100000000093,19.2,False,True,51.3289863735578,-81.14767328678927,6.824811635020674,0.0,0.0,0.0,96.01879879480046,2.0676484996780435,-2.972401288778667,0.4865372097911056,0.7721656644065595,-1.1538829003929911,2.2327751578203925,3.6208203130994976,1.3884111642837524,301.55342570872233,303.78999999999996,2.2365742912776883,0.0,False,0.0,0.0,False,False,20128.9901917796,193.12088385641638
29.301000000006752,19.3,False,True,51.53999923417884,-81.44547114321247,6.873581110314013,0.0,0.0,0.0,96.38327806626528,2.0471768715107506,-2.9519569510185715,0.48866260276207063,0.745526007095006,-1.1140740271666028,2.2521342354799625,3.592350620960516,1.3405110836029053,301.4601115745534,303.78999999999996,2.3298884254465446,0.0,False,0.0,0.0,False,False,20477.799026023422,194.72339555788247
29.40000000000873,19.4,False,True,51.720602572454034,-81.74480907673797,6.922365953998145,0.0,0.0,0.0,96.73279971886517,2.021250909374919,-2.912296725941212,0.4860450461640406,0.7124906839632842,-1.064707814412314,2.264163888419752,3.544986242367781,1.2811111211776733,301.42755518053474,303.78999999999996,2.362444819465277,0.0,False,0.0,0.0,False,False,20831.117463612998,196.3380383146892
29.50100000000384,19.5,False,True,51.90978512717027,-82.0424526013268,6.970665361987421,0.0,0.0,0.0,97.08547687883056,2.0042719062483374,-2.878352244936287,0.48017890995166773,0.6627366174102167,-1.0622497626683516,2.2578629624708704,3.507423202310509,1.2520360946655273,301.46783114796256,301.96000000000004,0.49216885203745026,0.0,False,0.0,0.0,False,False,21188.98641774914,197.9581631048339
29.60000000000582,19.6,False,True,52.074438673064435,-82.34482993063504,7.018737061331197,0.0,0.0,0.0,97.42904176589215,1.9946757307409275,-2.863538703400486,0.48115932009585016,0.6093142978250533,-0.976623218412676,2.340870852331992,3.4897829698534824,1.151111125946045,301.42202157833276,301.96000000000004,0.5379784216672394,0.0,False,0.0,0.0,False,False,21551.44749880119,199.58571942682283
29.70000000001164,19.7,False,True,52.29946031473784,-82.60858354394446,7.067777135753861,0.0,0.0,0.0,97.77224362951732,1.980500478516891,-2.837356771377823,0.49833412962592327,0.5234456583934755,-0.8389909532553868,2.4731507620614304,3.460198779476292,0.9888888597488403,301.4844234249488,301.96000000000004,0.47557657505124157,0.0,False,0.0,0.0,False,False,21918.5465158825,201.23202230380312
29.801000000006752,19.8,False,True,52.502728317025344,-82.88388601650476,7.118287544511891,0.0,0.0,0.0,98.11358235192682,1.9603925614408642,-2.7986886115063667,0.5112112358905198,0.5162365289517357,-0.8274359918463456,2.4436496346021532,3.416986528964975,0.9752694368362427,301.54712204614276,301.96000000000004,0.41287795385724374,0.0,False,0.0,0.0,False,False,22290.328457960095,202.88980669982024
29.90000000000873,19.9,False,True,52.70956691087448,-83.15889185227209,7.169248544702266,0.0,0.0,0.0,98.45658808850649,1.9267081105657426,-2.7556367960395423,0.5080666774713408,0.4721303660276406,-0.7567416015447885,2.4721202263400888,3.3624006743704546,0.8919444680213928,301.4611686649485,301.96000000000004,0.49883133505149024,0.0,False,0.0,0.0,False,False,22666.83285852748,204.5531843626582
30.0,20.0,False,True,52.885226958376116,-83.44442264118514,7.219639512577297,0.0,0.0,0.0,98.7917957138126,1.910506183783102,-2.7231978600504196,0.5003136315876352,0.33082942867716514,-0.530261151812143,2.70265611148754,3.3265358051968503,0.625,301.4881824587249,301.96000000000004,0.4718175412750959,0.0,False,0.0,0.0,False,False,23048.100052773498,206.2205417663742
30.10000000000582,20.1,False,True,52.98851948903125,-83.59473997970129,7.269373493104406,0.0,0.0,0.0,98.97405594353155,1.8755294419945938,-2.7440543824989128,0.4805290583655596,0.3896435458252886,-0.6245297954043412,2.588482445706996,3.3237697185424926,0.7361111044883727,300.69248188485705,301.96000000000004,1.26751811514298,0.0,False,0.0,0.0,False,False,23434.022063008786,207.87235882335142
36.10700000000361,20.2,False,True,53.21487795221974,-83.62136133380858,7.316997275739761,0.0,0.0,0.0,99.1178859075849,1.8493018403851844,-2.7016248765465476,0.46543359598437695,0.0053741402107564005,-0.008613797719115477,3.2637980994782514,3.2739417023562254,0.010152777656912804,300.6522339056839,301.96000000000004,1.3077660943161467,0.0,False,0.0,0.0,False,False,23824.765479491165,209.54422197710804
36.20600000000559,20.3,False,True,53.54703443343554,-83.74590737952008,7.36237895184795,0.0,0.0,0.0,99.4015185972261,1.7920184247638387,-2.6302119299349127,0.45291605507434446,0.01473881835677645,-0.023623723045028126,3.154841498339951,3.182663166448031,0.02784444391727447,301.50193442977206,301.96000000000004,0.4580655702279389,0.0,False,0.0,0.0,False,False,24220.505583304108,211.24186224637862
36.3070000000007,20.4,False,True,53.6328330114903,-84.03405015634664,7.407147279784123,0.0,0.0,0.0,99.69053296335508,1.7335309052281445,-2.5473934522814408,0.45384609009324,0.021090744428539667,-0.03380473882861953,3.041476536933465,3.0812891458133995,0.03984444588422775,301.7339643097227,301.96000000000004,0.22603569027730375,0.0,False,0.0,0.0,False,False,24621.19863843404,212.960570854689
36.40700000000652,20.5,False,True,53.64736126981791,-84.10891014480134,7.453495331941585,0.0,0.0,0.0,99.7614561690066,1.632912138447308,-2.4827116290858484,0.4467453723057826,0.0064769049072837155,-0.010381334786469194,2.959342604872043,2.9715751858377515,0.012236110866069794,303.62925907454445,301.96000000000004,1.6692590745444416,0.0,False,0.0,0.0,False,False,25026.830597584612,214.67974255183282
36.50700000001234,20.6,False,True,53.1923196374505,-84.36270811742463,7.497904581346726,0.0,0.0,0.0,99.73208806256132,1.4945373775694575,-2.3831758063477424,0.43906334812386133,0.008342782919728314,-0.013372007738316288,2.7972744622345767,2.813035530688051,0.015761110931634903,303.687424722562,301.96000000000004,1.7274247225620312,0.0,False,0.0,0.0,False,False,25437.060209386807,216.41109977831837
36.60700000000361,20.7,False,True,52.95766114317908,-85.02790837093237,7.5364706819577805,0.0,0.0,0.0,100.1711489186954,1.457651839285754,-2.264691215075056,0.41870780229521126,0.006025506613384985,-0.00965782303539595,2.6818640176044957,2.6932462167821334,0.01138333324342966,300.568256235342,301.96000000000004,1.3917437646580018,0.0,False,0.0,0.0,False,False,25852.700698331315,218.15360716292477
36.70799999999872,20.8,False,True,53.319339176613866,-85.0443110803337,7.5766018377587585,0.0,0.0,0.0,100.37672428087778,1.428266705477002,-2.1041232532068785,0.4029547154220977,0.007645835623635464,-0.012254924299106329,2.528651174312173,2.5430848288368257,0.014444444328546524,300.13205552201754,301.96000000000004,1.8279444779824856,0.0,False,0.0,0.0,False,False,26273.26427032465,219.91021705652992
36.8070000000007,20.9,False,True,53.63334170795107,-85.09476794096409,7.615645865916048,0.0,0.0,0.0,100.58655413964819,1.3893546139150246,-1.950252387519131,0.39867911096056097,0.00448016539742107,-0.0071809139635629375,2.3860854950110952,2.3945334865545393,0.008463888429105282,299.9546208629543,301.96000000000004,2.0053791370457246,0.0,False,0.0,0.0,False,False,26699.151984216274,221.68989203452017
36.90700000000652,21.0,False,True,53.9479763151896,-85.31050024691737,7.654945741881729,0.0,0.0,0.0,100.93693873346639,1.285557236163845,-1.8348757817385597,0.40204456752379103,0.007279717933690513,-0.011668102296162759,2.2266745734368936,2.2404076731398495,0.013752778060734272,301.34616939373797,301.96000000000004,0.6138306062620331,0.0,False,0.0,0.0,False,False,27130.34434149206,223.49594258943912
37.00700000001234,21.1,False,True,54.0365909893125,-85.42634546250711,7.6956965997421225,0.0,0.0,0.0,101.08221240567431,1.1707295823390318,-1.702367666879212,0.39998974596543935,0.0060652063238744985,-0.009721454660596138,2.054627535223064,2.06607440045113,0.01145833358168602,302.1875893433026,301.96000000000004,0.22758934330256553,0.0,False,0.0,0.0,False,False,27566.82814235751,225.3205212912795
37.10700000000361,21.2,False,True,54.07612297224471,-85.5451670567879,7.735096938307136,0.0,0.0,0.0,101.20376812393441,1.061400789010937,-1.5541633860300204,0.3871470029363934,0.002945116991124371,-0.0047205024479822335,1.8764598741017444,1.8820189864582497,0.005563888698816299,302.4734227607397,301.96000000000004,0.5134227607396744,0.0,False,0.0,0.0,False,False,28008.5294512208,227.15917476950474
37.20700000000943,21.3,False,True,54.1624213270024,-85.84543878613412,7.771519520370222,0.0,0.0,0.0,101.50373019937555,0.9902434366397322,-1.397749069810411,0.36548775870713707,0.006725394500965214,-0.01077961972347056,1.7002917381105347,1.7129753430694605,0.012705555185675621,301.80815415380675,301.96000000000004,0.1518458461932863,0.0,False,0.0,0.0,False,False,28455.621295177476,229.01337251912736
37.3070000000007,21.4,False,True,54.25069106404574,-85.98145218108033,7.806963354072302,0.0,0.0,0.0,101.66586251094286,0.9037585597381875,-1.2481090579094747,0.34036935298571586,0.005035958879402926,-0.008071752765612115,1.5314681947212718,1.5409593618054045,0.009513888508081434,301.54204716427944,301.96000000000004,0.41795283572058173,0.0,False,0.0,0.0,False,False,28908.215609046427,230.88101801934374
37.40700000000652,21.5,False,True,54.29640584105879,-86.09387995186019,7.839882117028658,0.0,0.0,0.0,101.78534203126831,0.8328233902352131,-1.1050983534917544,0.3180918820177897,0.014849094727834328,-0.023800476593733362,1.355834446639766,1.38377641626567,0.028052777051925656,301.1564417860016,301.96000000000004,0.8035582139984171,0.0,False,0.0,0.0,False,False,29366.249110510187,232.7580601947358
37.50700000001234,21.6,False,True,54.37829014209893,-86.19407916994828,7.870729178901557,0.0,0.0,0.0,101.91377592226483,0.7506803850324831,-0.9681221986076444,0.2998625273499046,0.009710211695553361,-0.015563754586803672,1.2068158049389164,1.2250639297234314,0.018344445154070854,301.3377952477766,301.96000000000004,0.6222047522233692,0.0,False,0.0,0.0,False,False,29829.781922155657,234.65009463907575
37.60700000000361,21.7,False,True,54.461995227655045,-86.28139871774727,7.900369877727112,0.0,0.0,0.0,102.03229238269617,0.6663883148087958,-0.8366302697225085,0.2934806524883942,0.01896902460423373,-0.03040399663238341,1.033998327247086,1.0695903862365557,0.035836111754179,301.3599956728093,301.96000000000004,0.6000043271906994,0.0,False,0.0,0.0,False,False,30298.86832589922,236.56215177336477
37.70700000000943,21.8,False,True,54.571424596236916,-86.35470929035137,7.929668367123522,0.0,0.0,0.0,102.15271018961694,0.5710914486766296,-0.6952707973268307,0.2907590436202876,0.011061465985762176,-0.017729576591158754,0.8790311071337111,0.899748256106706,0.02089722268283367,301.5001718168622,301.96000000000004,0.4598281831378181,0.0,False,0.0,0.0,False,False,30773.55987846446,238.50244460086276
37.8070000000007,21.9,False,True,54.64631861891524,-86.38359587478544,7.959219346679385,0.0,0.0,0.0,102.21715010142991,0.47125664548312574,-0.5439742936063086,0.2948094356830534,0.009001501047562475,-0.014427816571833733,0.7029219657236264,0.7197158175394583,0.017005555331707,301.7828978403353,301.96000000000004,0.17710215966471565,0.0,False,0.0,0.0,False,False,31253.9135096639,240.4668686555546
37.90700000000652,22.0,False,True,54.695913850279396,-86.41330143432903,7.988558614576779,0.0,0.0,0.0,102.26877165927729,0.3716668180959693,-0.38464865940916326,0.29008872233316724,0.001689435621562288,-0.0027078669578584447,0.5317537329261961,0.5348745786246051,0.003191666677594185,301.914061587072,301.96000000000004,0.04593841292802135,0.0,False,0.0,0.0,False,False,31739.976853956476,242.44390392309134
38.00700000001234,22.1,False,True,54.71394434474627,-86.45109736153496,8.016441970149623,0.0,0.0,0.0,102.31035109300325,0.27175249226232623,-0.22451503788739052,0.26836637828303783,0.003686175131424933,-0.005908287780764702,0.34590238734693013,0.3525002401252545,0.006963889114558697,301.7671980627566,301.96000000000004,0.19280193724339317,0.0,False,0.0,0.0,False,False,32231.805778602873,244.43076388330797
38.10700000000361,22.2,False,True,54.68546553195341,-86.4610279179015,8.04163075186367,0.0,0.0,0.0,102.30351650391401,0.17353410856992668,-0.06407623142599064,0.23853079704002628,0.017497200640325557,-0.028044922732920093,0.1601429731282836,0.1849860812896911,0.03305555507540703,301.53984125533424,301.96000000000004,0.42015874466578723,0.0,False,0.0,0.0,False,False,32729.4351230381,246.42974453344834
38.20700000000943,22.3,False,True,54.66396453777015,-86.44911203651532,8.06414957875733,0.0,0.0,0.0,102.2819533978921,0.07868899509845947,0.08817655748162181,0.21784820640876815,0.01686936044851878,-0.027038605778008887,0.13075244193970337,0.1181823304852089,0.031869444996118546,301.49326053546343,301.96000000000004,0.4667394645365781,0.0,False,0.0,0.0,False,False,33232.93161977031,248.43983296329662
38.3070000000007,22.4,False,True,54.6454452488887,-86.39875614033043,8.08444958573939,0.0,0.0,0.0,102.22949549442949,-0.014297213123652648,0.2385140419036001,0.19707392517027614,0.008188395704462727,-0.013124552296038547,0.25264121733229006,0.23894216557212217,0.015469443984329699,301.3134556929662,301.96000000000004,0.6465443070337739,0.0,False,0.0,0.0,False,False,33742.330431368355,250.4618696469339
38.40700000000652,22.5,False,True,54.696428319460445,-86.38561626026875,8.103894798684415,0.0,0.0,0.0,102.24565500583525,-0.12743006144342836,0.38436471618258083,0.19540912261434118,0.004046411391907998,-0.0064856828909036265,0.41237131006548333,0.4049378416567064,0.007644444238394498,301.6132528887617,301.96000000000004,0.3467471112383259,0.0,False,0.0,0.0,False,False,34257.71084164109,252.52467944324712
38.50700000001234,22.6,False,True,54.67704675893961,-86.32763251788857,8.123580599845525,0.0,0.0,0.0,102.18629838888813,-0.2323042860433359,0.5331722912696834,0.19497458727517905,0.00889710585947935,-0.014260489520857797,0.5982146445381625,0.5815823015634745,0.01680833287537098,301.87804050446914,301.96000000000004,0.08195949553085774,0.0,False,0.0,0.0,False,False,34779.14554959123,254.60172273581458
38.60700000000361,22.7,False,True,54.653209544602824,-86.23676354869949,8.142455027966319,0.0,0.0,0.0,102.09678105053347,-0.3454402860591634,0.6966409055350843,0.18086013173085838,0.008907398176172301,-0.014276986286959416,0.794334016793719,0.7775844278902316,0.0168277770280838,302.0866125346062,301.96000000000004,0.12661253460621028,0.0,False,0.0,0.0,False,False,35306.66746452474,256.7028268844304
38.70799999999872,22.8,False,True,54.61028855168024,-86.18593991689467,8.159430525252432,0.0,0.0,0.0,102.0308769689664,-0.4435394595590619,0.8620336818676106,0.15934421035747048,0.021161320596133768,-0.033917859961973884,1.0092947935978156,0.9694479464417745,0.0399777777493,301.996255875717,301.96000000000004,0.03625587571696571,0.0,False,0.0,0.0,False,False,35840.327758577136,258.8158612764352
38.8070000000007,22.9,False,True,54.561074150838856,-86.09076832495818,8.173821881048807,0.0,0.0,0.0,101.92414435880715,-0.5407485572686845,1.0413981568622201,0.12848290557005262,0.013933064738882275,-0.022332242286469912,1.1996641462784394,1.173421971544846,0.026322221383452412,302.20058398344594,301.96000000000004,0.2405839834459168,0.0,False,0.0,0.0,False,False,36380.196464290464,260.9566746125008
38.90800000001036,23.0,False,True,54.50972331277951,-86.10323756444372,8.18603416261001,0.0,0.0,0.0,101.90720021036202,-0.6344446362257762,1.1864363235080606,0.10412077773433386,0.010145435996810124,-0.016261342283895308,1.364543160368824,1.3454185765682667,0.019166667014360428,301.9521109312088,301.96000000000004,0.007889068791210402,0.0,False,0.0,0.0,False,False,36926.26681796772,263.09948960094204
39.00700000001234,23.1,False,True,54.51768644981527,-85.97152696632769,8.196961570477374,0.0,0.0,0.0,101.80020424715454,-0.6876697482639861,1.3450273202185916,0.09215035194777899,0.015766595751991467,-0.02527106871065517,1.5403052829827775,1.510625094062673,0.02978611178696156,301.55196305938506,301.96000000000004,0.40803694061495904,0.0,False,0.0,0.0,False,False,37478.651490538745,265.24986740492164
39.10800000000745,23.2,False,True,54.45195240975762,-85.87794151891887,8.207794923236287,0.0,0.0,0.0,101.68596737387789,-0.7720242983683653,1.4914820343676967,0.09609479790231164,0.0007057694402856803,-0.0011312237784169277,1.6807754448733236,1.679446389770382,0.0013333333190530539,301.5079377963765,301.96000000000004,0.45206220362349553,0.0,False,0.0,0.0,False,False,38037.405615448006,267.441247051511
39.20700000000943,23.3,False,True,54.31839463474368,-85.79695940223947,8.217500168839535,0.0,0.0,0.0,101.54607938451035,-0.8697568155630034,1.6283520063825143,0.06553920623007034,0.0023981457765789114,-0.0038438041826776947,1.8505992112328948,1.8460788647585606,0.004530555568635464,301.50390456826455,301.96000000000004,0.4560954317354782,0.0,False,0.0,0.0,False,False,38602.55538704057,269.62240738809675
39.3070000000007,23.4,False,True,54.28872081800908,-85.67023381761275,8.224633218303815,0.0,0.0,0.0,101.4231441556619,-0.922260980279268,1.7736674909937706,0.045443280346381815,0.006869489399537851,-0.011010578399646682,2.012053488617878,1.9991152253819222,0.012977777980268002,301.1444057713689,301.96000000000004,0.8155942286311025,0.0,False,0.0,0.0,False,False,39174.1411192621,271.80264502322484
39.40700000000652,23.5,False,True,54.181611773119755,-85.57226605711028,8.230529574582828,0.0,0.0,0.0,101.28306755071125,-0.9880611863700942,1.8932415106245943,0.0357874379718746,0.005951988868354978,-0.009539987072875565,2.1467742360405415,2.1355627655405436,0.01124444417655468,300.9777601137928,301.96000000000004,0.9822398862072264,0.0,False,0.0,0.0,False,False,39752.230910024075,273.99312496855555
39.50700000001234,23.6,False,True,54.24770381808245,-85.4103402426974,8.235904012666012,0.0,0.0,0.0,101.18171568968245,-1.0072075658364699,2.036248688378815,0.030423968146918112,0.001626210439712364,-0.002606528156515023,2.2747914590460794,2.271734095708094,0.003072222229093313,300.5352269762344,301.96000000000004,1.4247730237655813,0.0,False,0.0,0.0,False,False,40336.899703173665,276.20014743233014
39.60700000000361,23.7,False,True,54.134075097683834,-85.19783210100937,8.244550816512815,0.0,0.0,0.0,100.94141212304024,-1.2653668421357886,2.213914145382065,0.14251210878913434,0.009073548250361661,-0.014543295514846448,2.567142550490022,2.5500135466894087,0.017141666263341904,297.2518833790746,301.96000000000004,4.708116620925358,0.0,False,0.0,0.0,False,False,40928.443322270265,278.69010688778815
148.04300000000512,23.8,False,True,31.93139446255411,-69.44436341134252,0.006453491435244985,31.918617102136015,-69.43552021593227,0.0,0.015539081192843371,-3.071949443118278,3.5265462930032445,-0.48136871295874795,0.00848981840978833,-0.013607679663357061,4.692738666722312,4.676900911690307,0.016038889065384865,297.7999498324318,301.96000000000004,4.160050167568162,0.0,False,0.0,0.0,False,False,26.98217188522822,62.50952846434641
148.1420000000071,23.9,False,True,31.620284226238386,-69.08369780521538,-0.0436420343861414,31.918617102136015,-69.43552021593227,0.0,0.46128246609208456,-3.1502552831961794,3.6867658295397714,-0.5205418034689797,0.008022246123247631,-0.012858243858302207,4.864353527106205,4.84936600301189,0.015155555680394173,297.6838218642613,301.96000000000004,4.276178135738723,0.0,False,0.0,0.0,False,False,27.999907707849687,63.93793309421167
148.24400000000605,24.0,False,True,31.292270290289107,-68.70744417726767,-0.09755740700851291,31.918617102136015,-69.43552021593227,0.0,0.9604192036753102,-3.269380206413948,3.838749073574789,-0.5495317066340499,0.00833396065229192,-0.013357867201571649,5.057878808765998,5.04230516569184,0.015744443982839584,297.83112631467003,301.96000000000004,4.128873685329976,0.0,False,0.0,0.0,False,False,30.297436015442088,65.36147065059157
148.34300000000803,24.1,False,True,30.93945590873645,-68.3227123127773,-0.15400379253093466,31.918617102136015,-69.43552021593227,0.0,1.4822611348827273,-3.442192819871343,3.9637392362691304,-0.5649824259082525,0.008094293326046817,-0.012973722801314922,5.264857749487141,5.249754293518242,0.015291666612029074,298.8732609951131,301.96000000000004,3.0867390048869017,0.0,False,0.0,0.0,False,False,33.91004134025754,66.79680745856054
148.4429999999993,24.2,False,True,30.589936704492345,-67.91920549287089,-0.2104505461207187,31.918617102136015,-69.43552021593227,0.0,2.0160857964023413,-3.548191265010752,4.106397161859127,-0.5639526458874281,0.005365317943320005,-0.008599657182370837,5.436999467443221,5.426984328706256,0.010136110708117485,298.8046873096035,301.96000000000004,3.155312690396536,0.0,False,0.0,0.0,False,False,38.87605473270615,68.2703266577348
148.54300000000512,24.3,False,True,30.196887522576713,-67.52061532219588,-0.26639110475637284,31.918617102136015,-69.43552021593227,0.0,2.5751142687626563,-3.7246999930591116,4.22868039847416,-0.5576770658377066,0.011940736855712092,-0.019138892522086667,5.657424561884872,5.635168848467109,0.022558333352208138,300.17331425985907,301.96000000000004,1.7866857401409382,0.0,False,0.0,0.0,False,False,45.23130977921652,69.78978527601245
148.64300000001094,24.4,False,True,29.819205496226285,-67.08955250846414,-0.32227933095180555,31.918617102136015,-69.43552021593227,0.0,3.1481889358028945,-3.828940533949473,4.3925758761605564,-0.5600874580709472,0.014046282194401795,-0.022513709874190487,5.853337827408231,5.827135526169694,0.026536110788583755,300.15793564973245,301.96000000000004,1.8020643502675622,0.0,False,0.0,0.0,False,False,53.01835865120892,71.33099813121626
148.7430000000022,24.5,False,True,29.430538094235455,-66.64094406646458,-0.3788623849285525,31.918617102136015,-69.43552021593227,0.0,3.741683178026846,-3.9444075058671895,4.579592963830451,-0.571573621463991,0.011868689652912906,-0.01902341357907395,6.0662504005207465,6.0440898642150245,0.022422222420573235,300.14342960594786,301.96000000000004,1.816570394052126,0.0,False,0.0,0.0,False,False,62.27631278120856,72.92449334698925
148.84300000000803,24.6,False,True,29.031236294377088,-66.17388323285188,-0.4377388671031573,31.918617102136015,-69.43552021593227,0.0,4.356058279960492,-4.041628491300197,4.761623708423425,-0.6059560220281042,0.009232346106371183,-0.014797820435345818,6.262880818391788,6.245624164349754,0.01744166575372219,299.95736003677206,301.96000000000004,2.0026399632279497,0.0,False,0.0,0.0,False,False,73.0460754904208,74.51742404755065
148.9429999999993,24.7,False,True,28.622808687981916,-65.6879717316071,-0.5003834772537923,31.918617102136015,-69.43552021593227,0.0,4.990638510769618,-4.126923636603204,4.956606316471963,-0.6469361809845966,0.004155217467222188,-0.006660079815176536,6.457540229767133,6.449763164554492,0.007849999703466892,299.82812964710337,301.96000000000004,2.1318703528966605,0.0,False,0.0,0.0,False,False,85.36843630128573,76.14270838827517
149.04300000000512,24.8,False,True,28.204801237684137,-65.18977680304107,-0.5665469286269949,31.918617102136015,-69.43552021593227,0.0,5.640812477220234,-4.241219772294913,5.110582103095868,-0.6855580440599812,0.00492274191685767,-0.007890285968042232,6.650450048576132,6.641234417590535,0.00930000003427267,299.48311221007435,301.96000000000004,2.476887789925657,0.0,False,0.0,0.0,False,False,99.2584235293287,77.7084222911954
149.14400000000023,24.9,False,True,27.809683918550572,-64.66527678642248,-0.6340295159743872,31.918617102136015,-69.43552021593227,0.0,6.295915682722484,-4.281500523217846,5.263384440672505,-0.702750273447909,0.008651557350259492,-0.013866918622871772,6.801087176590795,6.784870116710276,0.016344444826245308,299.3804674383293,301.96000000000004,2.5795325616707148,0.0,False,0.0,0.0,False,False,114.79443468398067,79.30728381799406
149.2430000000022,25.0,False,True,27.391133477750746,-64.14923726746112,-0.7009420724207537,31.918617102136015,-69.43552021593227,0.0,6.960093058312773,-4.34616908483246,5.393993508590566,-0.7015193389577478,0.008166340528846003,-0.01308920174432764,6.94239010953425,6.927073818335603,0.015427777543663977,299.4588057046026,301.96000000000004,2.5011942953974367,0.0,False,0.0,0.0,False,False,131.9956033472993,80.93702836797769
149.34300000000803,25.1,False,True,26.68749785493504,-63.81147524825576,-0.7648938508314863,31.918617102136015,-69.43552021593227,0.0,7.680787093578625,-4.673837857249242,5.312031466739422,-0.6796241465591969,0.004994789119656857,-0.008005764911054949,7.084791533903779,7.075481511493473,0.009436110965907574,301.7901191689598,301.96000000000004,0.1698808310401975,0.0,False,0.0,0.0,False,False,150.86292301902932,82.49658319978283
149.44200000001,25.2,False,True,26.226946035823065,-63.27379200045025,-0.8313684740106295,31.918617102136015,-69.43552021593227,0.0,8.388206848222762,-4.779153347305187,5.444116423830531,-0.6665494385273346,0.002308454285394067,-0.0037000445612510448,7.2485226931665565,7.244219098928449,0.004361111205071211,301.97283595952115,301.96000000000004,0.012835959521148837,0.0,False,0.0,0.0,False,False,171.3931355500347,84.06618272162967
149.54400000000896,25.3,False,True,25.870176084948344,-62.62338024523204,-0.8994120166013098,31.918617102136015,-69.43552021593227,0.0,9.109823802841083,-4.7731879434180176,5.651298460608469,-0.6531166646701945,0.0033582863632515415,-0.005382739988438305,7.403609666265782,7.39733042617854,0.006344444584101438,301.2540822737787,301.96000000000004,0.7059177262213372,0.0,False,0.0,0.0,False,False,193.76694791145908,85.679882878542
149.64400000000023,25.4,False,True,25.472991837083057,-61.99493427670589,-0.9647451082084798,31.918617102136015,-69.43552021593227,0.0,9.84420663012019,-4.808988762788587,5.832576513007726,-0.6453977762238112,0.005869649348862841,-0.009408011363761229,7.5704454764516145,7.559452473606555,0.011088889092206955,300.8755944058624,301.96000000000004,1.0844055941376367,0.0,False,0.0,0.0,False,False,217.99999108970832,87.34947886253073
149.7430000000022,25.5,False,True,24.837739219584382,-61.50422067531928,-1.029212635776898,31.918617102136015,-69.43552021593227,0.0,10.632231374012546,-5.021992412100163,5.917145381648192,-0.6619437701006249,0.006873900533256048,-0.011017648668019003,7.7738416053034625,7.760993316241945,0.01298611145466566,301.70079622660705,301.96000000000004,0.2592037733929766,0.0,False,0.0,0.0,False,False,244.09674449365463,89.05096318709388
149.84300000000803,25.6,False,True,24.20804263266813,-61.02268698991295,-1.093081779879688,31.918617102136015,-69.43552021593227,0.0,11.411779946091874,-5.221482242055108,5.983235807791158,-0.6965096601148217,0.012193637583111788,-0.019544247727460353,7.963964565970834,7.941220783716516,0.023036111146211624,302.4811036498402,301.96000000000004,0.5211036498401856,0.0,False,0.0,0.0,False,False,272.076866387661,90.72745001726578
149.9429999999993,25.7,False,True,23.768080300960502,-60.32380769161729,-1.1683232341944418,31.918617102136015,-69.43552021593227,0.0,12.2251607463082,-5.248349273056653,6.186965427279017,-0.7322842432571732,0.010967363114372002,-0.01757874630628444,8.133681815849242,8.113181329807693,0.020719444379210472,302.04817123826,301.96000000000004,0.088171238260009,0.0,False,0.0,0.0,False,False,301.85950565686414,92.3483605032372
150.04300000000512,25.8,False,True,23.257000203895092,-59.67724531470497,-1.2443484442935504,31.918617102136015,-69.43552021593227,0.0,13.047893942694945,-5.311797278344208,6.3375111577338155,-0.7649369779684734,0.005256512114492948,-0.008425260653173273,8.27900779301732,8.269173961202263,0.009930555708706379,301.8757461379641,301.96000000000004,0.08425386203590572,0.0,False,0.0,0.0,False,False,333.85174771017205,94.04310714707158
150.14300000001094,25.9,False,True,22.762424833460482,-59.0133837557879,-1.3216000518159077,31.918617102136015,-69.43552021593227,0.0,13.872879486783711,-5.384952046582948,6.476658778982244,-0.7791947332852427,0.0069091886170531,-0.01107420923469618,8.435807424666047,8.422874656752626,0.013052777387201786,301.6743752511222,301.96000000000004,0.2856247488777766,0.0,False,0.0,0.0,False,False,367.89619075293757,95.76110040630121
150.2430000000022,26.0,False,True,22.114284877653816,-58.447701917379135,-1.3961777713679646,31.918617102136015,-69.43552021593227,0.0,14.726068087919437,-5.532781934578382,6.55026471984356,-0.7639617670300197,0.007270895666254117,-0.01165396175941812,8.587838036774551,8.574243047384657,0.013736111111938953,302.4449042914479,301.96000000000004,0.4849042914479374,0.0,False,0.0,0.0,False,False,403.990193368089,97.49459884697941
150.3420000000042,26.1,False,True,21.61317894401283,-57.73081610019077,-1.4741861128964402,31.918617102136015,-69.43552021593227,0.0,15.59494001488808,-5.610637390072645,6.722288209907557,-0.7553071309143699,0.005625570395925275,-0.009016795904981492,8.76657725240633,8.75604994846097,0.01062777731567621,302.2976840363477,301.96000000000004,0.33768403634765287,0.0,False,0.0,0.0,False,False,442.13111388791833,99.26354623084293
150.4429999999993,26.2,False,True,21.168639024312338,-56.979197609387505,-1.550616619302908,31.918617102136015,-69.43552021593227,0.0,16.453631865093126,-5.651427407609823,6.910155841081758,-0.7745703377090559,0.0016173882955195353,-0.002592387817308056,8.92989381463518,8.926863138388525,0.003055555513128638,301.72505301827584,301.96000000000004,0.23494698172415596,0.0,False,0.0,0.0,False,False,482.43675521050477,101.0394674712758
150.54400000000896,26.3,False,True,20.512395813508984,-56.37541541614458,-1.624584217880501,31.918617102136015,-69.43552021593227,0.0,17.339787238215063,-5.779672396098765,7.008168807747672,-0.7942274045140109,0.0011645195826335507,-0.0018665192442648142,9.086180205750917,9.083999286884245,0.002199999988079071,302.1950237986696,301.96000000000004,0.23502379866955678,0.0,False,0.0,0.0,False,False,525.1064325506154,102.87088179801727
150.64300000001094,26.4,False,True,19.82509177262731,-55.74683025548177,-1.7038186474859895,31.918617102136015,-69.43552021593227,0.0,18.26563953790852,-5.912381351450911,7.110917843397209,-0.8226650425472128,0.002168770767026759,-0.0034761565485225874,9.251837932794329,9.247778426223745,0.004097222350537777,302.51590203044174,301.96000000000004,0.5559020304417329,0.0,False,0.0,0.0,False,False,569.9411141356579,104.67364589321906
150.7430000000022,26.5,False,True,19.24220419097346,-55.017792290253496,-1.786734233489999,31.918617102136015,-69.43552021593227,0.0,19.197977050543276,-6.001560611349432,7.250179442242591,-0.8291928525161131,0.0031259705157248804,-0.005010378710343204,9.417751339066589,9.411898411926154,0.005905555561184883,302.5285309511298,301.96000000000004,0.5685309511298315,0.0,False,0.0,0.0,False,False,617.205776540773,106.52488733682794
150.84300000000803,26.6,False,True,18.695878214591808,-54.24675478393239,-1.8706047776958108,31.918617102136015,-69.43552021593227,0.0,20.13800931165959,-6.067333048456647,7.418150288313565,-0.8443871233463632,0.005031548238658993,-0.008064683287390486,9.592824432857547,9.5833962675505,0.009505555965006351,302.4066589960633,301.96000000000004,0.4466589960633058,0.0,False,0.0,0.0,False,False,666.8703327510251,108.42049416854447
150.9429999999993,26.7,False,True,18.04480722590755,-53.52352878803142,-1.9563854397643694,31.918617102136015,-69.43552021593227,0.0,21.110994095099468,-6.161761294710911,7.562877308905282,-0.8750354694734501,0.006143134709648439,-0.009846360101338153,9.766738903933025,9.755225032901695,0.011605555191636086,302.4008580020199,301.96000000000004,0.44085800201990044,0.0,False,0.0,0.0,False,False,718.813000908403,110.29424179970036
151.04300000000512,26.8,False,True,17.391621867970095,-52.77881872223873,-2.045785852464686,31.918617102136015,-69.43552021593227,0.0,22.101567708728084,-6.257651599585935,7.699792584049112,-0.9091870271948483,0.0052212235377216325,-0.008368699296345405,9.931733301326952,9.921945846414307,0.00986388884484768,302.3918925144239,301.96000000000004,0.4318925144238546,0.0,False,0.0,0.0,False,False,773.3635241358822,112.19596676114534
151.14300000001094,26.9,False,True,16.784966779387467,-51.98113478874533,-2.1368452843234036,31.918617102136015,-69.43552021593227,0.0,23.101578793061375,-6.355371830691913,7.839013308612183,-0.8997582683152816,0.0105042019615495,-0.016836380769601908,10.11131801523776,10.09162428744507,0.01984444446861744,302.54963611625476,301.96000000000004,0.5896361162547312,0.0,False,0.0,0.0,False,False,830.4549161327861,114.1311052130934
151.2430000000022,27.0,False,True,16.155789375871034,-51.18146696278676,-2.2279147755622395,31.918617102136015,-69.43552021593227,0.0,24.1179849509983,-6.430502584169189,7.9838721921272695,-0.9159716130429297,0.008898576894684434,-0.014262847330516158,10.268205852168778,10.251515920351961,0.016811111941933632,302.43354447032414,301.96000000000004,0.47354447032410574,0.0,False,0.0,0.0,False,False,889.9990136100779,116.03469286837279
151.34300000000803,27.1,False,True,15.498831963965658,-50.386700622793605,-2.3195793567782177,31.918617102136015,-69.43552021593227,0.0,25.148894048757366,-6.516047633837722,8.147277147207364,-0.9311577301622145,0.0063239882342489475,-0.010136236363699123,10.44436329734245,10.432497384607846,0.01194722205400467,302.35949912218007,301.96000000000004,0.39949912218004546,0.0,False,0.0,0.0,False,False,952.3052838192333,118.05592253421881
151.4429999999993,27.2,False,True,14.841580381021084,-49.5628287575479,-2.4134292598793072,31.918617102136015,-69.43552021593227,0.0,26.20208100465402,-6.628984025053766,8.330160157706766,-0.9458403318595783,0.006468083132821585,-0.010367195039875245,10.658030831347446,10.645891106782148,0.012219444848597048,302.5375177012807,301.96000000000004,0.5775177012807111,0.0,False,0.0,0.0,False,False,1017.3422496870492,120.18187691260304
151.54300000000512,27.3,False,True,14.173477536701926,-48.720172206832515,-2.5105192626121307,31.918617102136015,-69.43552021593227,0.0,27.27664974542965,-6.733072861329375,8.522970856600987,-0.995959722796892,0.007209140780147882,-0.011554979582507023,10.875179663639821,10.861643631533852,0.013619444333016872,302.9102331874878,301.96000000000004,0.9502331874877734,0.0,False,0.0,0.0,False,False,1085.1575919433715,122.33435361823436
151.64300000001094,27.4,False,True,13.489371418980902,-47.967050166159765,-2.600198398979216,31.918617102136015,-69.43552021593227,0.0,28.293679554417636,-6.877193094062434,8.6243920247973,-1.0162910021630558,0.008526577528790465,-0.013666598039692598,11.046682405469387,11.030680969478146,0.016108334064483643,302.72659142466557,301.96000000000004,0.7665914246655713,0.0,False,0.0,0.0,False,False,1155.7856850291269,124.43302660983802
151.7430000000022,27.5,False,True,13.764615378431941,-46.60811896131094,-2.6890806271064025,31.918617102136015,-69.43552021593227,0.0,29.166042354487143,-6.634428215170247,8.9289528926553,-1.0076243243890088,0.008192806838180924,-0.013131622564410868,11.139357679837756,11.12393084756933,0.01547777745872736,300.4093302981394,301.96000000000004,1.5506697018605757,0.0,False,0.0,0.0,False,False,1227.3090899392382,126.27546080441711
151.84300000000803,27.6,False,True,13.09481292593608,-45.70916292950868,-2.7901744271059634,31.918617102136015,-69.43552021593227,0.0,30.286558631626473,-6.761620834746964,9.05016774338988,-1.0142516756022164,0.009160298903571996,-0.014682341492333103,11.314370694881227,11.297125851134831,0.017305554822087288,300.30716152439766,301.96000000000004,1.6528384756023482,0.0,False,0.0,0.0,False,False,1303.5995621043744,128.38040819428045
151.9429999999993,27.7,False,True,13.276977567896749,-44.44462074862727,-2.8728401970756274,31.918617102136015,-69.43552021593227,0.0,31.177809106950694,-6.527477522977714,9.336564882992437,-1.0273676955826458,0.009555823987313508,-0.01531629835437524,11.410104583629435,11.392076484438947,0.018052777275443077,298.73007222965947,301.96000000000004,3.2299277703405536,0.0,False,0.0,0.0,False,False,1380.4409153499653,130.13742882515146
152.04200000000128,27.8,False,True,11.501328917317991,-44.19089836736508,-2.9749208354087724,31.918617102136015,-69.43552021593227,0.0,32.46777770496566,-6.976666346059812,9.140740671809187,-1.0264378677034314,0.009648456809447127,-0.015464772409892575,11.517147765898345,11.499000536286196,0.018227778375148773,300.77031160459546,301.96000000000004,1.1896883954045252,0.0,False,0.0,0.0,False,False,1461.9249110130372,132.05150026304509
152.1420000000071,27.9,False,True,12.35049938115198,-42.279823706245544,-3.0795866730015566,31.918617102136015,-69.43552021593227,0.0,33.47152646755898,-6.49943010863819,9.57819533618614,-1.0057516552853112,0.00811634850166354,-0.013009073353025832,11.590485879263085,11.575163827575425,0.015333333052694798,297.4449074848479,301.96000000000004,4.51509251515212,0.0,False,0.0,0.0,False,False,1543.4041437002077,133.60005188470683
152.2430000000022,28.0,False,True,11.173956341374364,-41.799327966284324,-3.163676489704299,31.918617102136015,-69.43552021593227,0.0,34.55575309754637,-6.702790560755758,9.488998707839702,-1.0272376476234992,0.004072877947730051,-0.0065281041060622,11.625276195505998,11.617594319769477,0.0076944446191191665,298.2905452124202,301.96000000000004,3.6694547875797814,0.0,False,0.0,0.0,False,False,1628.6068701431655,135.2277308801169
152.34300000000803,28.1,False,True,11.833166337414523,-40.3728969511458,-3.227420651390782,31.918617102136015,-69.43552021593227,0.0,35.32791252611678,-6.2435258481457865,9.705673083185813,-1.029593526217354,0.0027289751362396795,-0.004374065223868741,11.545592879610512,11.54043781726422,0.005155555438250303,295.3727946623667,301.96000000000004,6.587205337633311,0.0,False,0.0,0.0,False,False,1715.8952101430677,136.70804118085408
152.4429999999993,28.2,False,True,11.208224824104509,-39.399189364857065,-3.3300718608904334,31.918617102136015,-69.43552021593227,0.0,36.48426399566256,-6.255304418054503,9.768478642588844,-1.0234306637756754,0.004587501176991572,-0.007352954263403521,11.608321594893662,11.599655527352809,0.008666666224598885,295.5722360422305,301.96000000000004,6.387763957769521,0.0,False,0.0,0.0,False,False,1809.5766819007551,138.61285551126298
152.54300000000512,28.3,False,True,8.464216833107962,-39.484667511668256,-3.460761355937654,31.918617102136015,-69.43552021593227,0.0,38.04158868517852,-6.957425564242793,9.460437728471538,-1.0439205783373846,0.006801852837482598,-0.010902168934855596,11.756136396325738,11.743323741439935,0.012849999591708183,299.6231521563501,301.96000000000004,2.3368478436499234,0.0,False,0.0,0.0,False,False,1897.7679706638496,139.53550591742217
152.64300000001094,28.4,False,True,6.756300678268538,-38.750660541505916,-3.611209864502472,31.918617102136015,-69.43552021593227,0.0,39.682524882548336,-7.310398394438436,9.508679795804598,-1.0414004095802754,0.011236437341439401,-0.018010024775489047,12.015163567237716,11.994036690979007,0.021227777004241943,300.5078172267885,301.96000000000004,1.452182773211482,0.0,False,0.0,0.0,False,False,1995.337682591547,141.1916584006192
152.7430000000022,28.5,False,True,6.023275092479505,-37.79517980100155,-3.715342436165815,31.918617102136015,-69.43552021593227,0.0,40.8861820101826,-7.350113321342235,9.60093501428275,-1.0412510236865944,0.017281059031927996,-0.027698485903881943,12.123905436652214,12.09140682406531,0.03264722228050232,300.3111660457545,301.96000000000004,1.6488339542455397,0.0,False,0.0,0.0,False,False,2097.9216349232256,143.11594705753214
152.84300000000803,28.6,False,True,7.044505318757876,-35.932317773121596,-3.7985100941248544,31.918617102136015,-69.43552021593227,0.0,41.72752102552878,-6.930085560270544,9.963066062196024,-1.0488660175880389,0.013017035735878752,-0.020864009559507846,12.160819599697035,12.13625853516447,0.02459166757762432,296.9442562609606,301.96000000000004,5.015743739039428,0.0,False,0.0,0.0,False,False,2200.621527002158,144.87639708881193
152.9429999999993,28.7,False,True,8.810799440299379,-33.431484024410096,-3.8982219094493153,31.918617102136015,-69.43552021593227,0.0,42.781559802946965,-6.256302774152569,10.422080731427657,-1.0303052242524953,0.010143965947553566,-0.01625898605453833,12.174863071266047,12.155702002528063,0.019163889810442924,291.7432349906206,301.96000000000004,10.216765009379438,0.0,False,0.0,0.0,False,False,2307.373209953722,146.72003849344807
153.04400000000896,28.8,False,True,8.1832045674362,-32.38555449894654,-4.000813198639475,31.918617102136015,-69.43552021593227,0.0,44.00079280901883,-6.295594683111046,10.496509777843505,-1.021520559550688,0.0069694734539027785,-0.011170835182250297,12.252904423563196,12.23973978197169,0.013166666962206364,291.6601501026921,301.96000000000004,10.299849897307867,0.0,False,0.0,0.0,False,False,2419.73834552178,148.72559114824892
153.14300000001094,28.9,False,True,9.172343386352257,-30.88310248189324,-4.041520686859562,31.918617102136015,-69.43552021593227,0.0,44.76250530402875,-5.851696100843052,10.729332442034993,-1.0169605174693928,0.0036758825682448497,-0.005891790619587737,12.228263179597176,12.221330611202953,0.0069444444961845875,289.0917437957883,301.96000000000004,12.868256204211713,0.0,False,0.0,0.0,False,False,2531.1258889906157,150.36692626640686
153.2430000000022,29.0,False,True,4.754394933545116,-32.19390479456872,-4.142984917955952,31.918617102136015,-69.43552021593227,0.0,46.09590963651015,-6.876186907156636,10.074783807472583,-1.0269368044450362,0.005256512114492948,-0.008425260653173273,12.207594711660581,12.197672530014245,0.009930555708706379,293.25579227168714,301.96000000000004,8.704207728312875,0.0,False,0.0,0.0,False,False,2646.6859591396124,152.0572987866609
153.34300000000803,29.1,False,True,4.0654592355575545,-31.185768058869098,-4.244698525602183,31.918617102136015,-69.43552021593227,0.0,47.316402475434465,-6.902527052594591,10.087950906519774,-1.0073353484795773,0.00671951331799046,-0.01077019322574126,12.236088262145712,12.22340513949175,0.012694444507360457,293.3247666057461,301.96000000000004,8.63523339425389,0.0,False,0.0,0.0,False,False,2769.0701543064906,153.9769510582607
153.4429999999993,29.2,False,True,7.777244108022506,-27.15657891842033,-4.374968107639,31.918617102136015,-69.43552021593227,0.0,48.68587852015586,-5.702596849176302,10.893898315439566,-0.9912520070785655,0.007651717299584482,-0.012264351586986319,12.310618295219118,12.296203939890251,0.014455555938184261,285.61374427755874,301.96000000000004,16.346255722441292,0.0,False,0.0,0.0,False,False,2880.2713247035003,154.74764906301252
153.54300000000512,29.3,False,True,8.410860540376724,-25.196774769406595,-4.487114366808531,31.918617102136015,-69.43552021593227,0.0,50.09671862756515,-5.368495084647205,11.16198885190643,-0.9891246794699342,0.008670671934388838,-0.01389755592571803,12.40219128116161,12.385908711272041,0.01638055592775345,283.9415224880913,301.96000000000004,18.018477511908717,0.0,False,0.0,0.0,False,False,2997.5660772888787,155.7998714346781
153.64300000001094,29.4,False,True,11.262212458745967,-21.717982512284973,-4.6134018043310085,31.918617102136015,-69.43552021593227,0.0,51.99663890378365,-4.545461060220552,11.846051686276855,-0.9875555475378243,0.006215182405421889,-0.009961839834501558,12.699717057833261,12.688189658257953,0.011741667054593561,280.1564822018606,301.96000000000004,21.803517798139364,0.0,False,0.0,0.0,False,False,3125.686947205637,157.43057653190561
153.7430000000022,29.5,False,True,10.808412395075262,-20.52857303062387,-4.711527949154703,31.918617102136015,-69.43552021593227,0.0,53.268473093946994,-4.530540213193553,11.942137946945177,-0.9749673489360556,0.004155217467222188,-0.006660079815176536,12.78034572823317,12.772644728764355,0.007849999703466892,280.27937317183915,301.96000000000004,21.680626828160875,0.0,False,0.0,0.0,False,False,3260.816738037389,159.33651939899121
153.84300000000803,29.6,False,True,11.729465611537002,-17.61896160471496,-4.903137910410834,31.918617102136015,-69.43552021593227,0.0,55.610768599436526,-4.210294848923682,12.463039032445703,-0.9928717080655686,0.0033421123706095725,-0.005356815934456696,13.161140963969993,13.154996185447505,0.006313888821750878,277.3476195041016,301.96000000000004,24.612380495898414,0.0,False,0.0,0.0,False,False,3391.8979227730592,160.88688223437578
153.94400000000314,29.7,False,True,11.307755580326678,-16.36669042285499,-5.002811281899456,31.918617102136015,-69.43552021593227,0.0,56.93073254647096,-4.223905775282804,12.582384604753688,-1.000595721706874,0.007498800626549714,-0.012019253164216247,13.286225695108598,13.272444474941684,0.014166667126119139,277.1356607314547,301.96000000000004,24.8243392685453,0.0,False,0.0,0.0,False,False,3534.123419776897,162.88541310425464
154.04300000000512,29.8,False,True,10.812245413025382,-15.294133855250365,-5.086175842694294,31.918617102136015,-69.43552021593227,0.0,58.10997025412699,-4.2192763777274855,12.659168709716196,-0.9858129572471356,0.010920311678676915,-0.017503331163847283,13.363853413708663,13.343794271971776,0.020630555227398872,277.0490988318651,301.96000000000004,24.910901168134963,0.0,False,0.0,0.0,False,False,3678.0056502428515,164.78992443304688
154.1420000000071,29.9,False,True,10.42136249590363,-13.753219593836544,-5.211821102665987,31.918617102136015,-69.43552021593227,0.0,59.68794315583861,-4.216575317813421,12.788521780226995,-0.9930740848219503,0.010492439595599992,-0.016817527774143307,13.484984857936105,13.465726743630794,0.019822223111987114,276.2555250895823,301.96000000000004,25.704474910417733,0.0,False,0.0,0.0,False,False,3827.474842675548,166.76925488201073
154.24400000000605,30.0,True,False,22.584496786192346,-73.59966973943719,0.8416138418611636,31.918617102136015,-69.43552021593227,0.0,10.220858248044465,-1.7343063872911253,-0.43561353541091563,0.35806552505399386,0.008586861379691616,-0.013763222406945335,1.7932190504352392,1.7881772275789645,0.01622222177684307,283.04389706620105,301.96000000000004,18.91610293379896,0.38316449522972107,True,13.564119022978362,2.9909367756315457,True,False,803.3322012404512,21.044127811093382
154.34300000000803,30.1,True,False,30.468431487012342,-73.04466675125934,0.429028619890036,31.918617102136015,-69.43552021593227,0.0,3.889598569489533,0.044210941795538854,-0.20065525812795426,0.01447728454606747,0.005040370013121123,-0.008078823033984436,0.1965197624852613,0.20546809968665325,0.009522221982479095,274.9258396370909,301.96000000000004,27.034160362909073,0.2535783648490906,True,0.11545612048109005,0.008952946658001708,True,False,406.15900388061664,0.3803098049079293
154.4429999999993,30.2,True,False,30.513530982885364,-73.14883888234652,0.43542053088147226,31.918617102136015,-69.43552021593227,0.0,3.9702647922841847,0.02011199498190345,-0.2290832010824356,0.004249901261867497,0.008372189820550612,-0.013419141807264168,0.2159833546555641,0.22996435671713938,0.015816666185855865,274.8867193141567,301.96000000000004,27.07328068584326,0.29383882880210876,True,0.12198729373609629,0.012167445707944266,True,False,404.9681953939197,0.3101286398905618
154.54300000000512,30.3,True,False,30.38770012222551,-72.89309407033615,0.8455366627607565,31.918617102136015,-69.43552021593227,0.0,3.781338884315392,3.44545795916819e-06,-8.874020531504716e-05,1.0405871988272563e-05,0.012790600824839711,-0.020501074384066696,0.024086816497864028,8.880706739840652e-05,0.024163888767361637,274.7209287885973,301.96000000000004,27.239071211402717,0.27906838059425354,True,0.2790233246432055,0.12162789872559575,True,True,403.96119497761924,0.0002921925968864164
154.64300000001094,30.4,True,False,30.393405877075764,-72.89775888923207,0.8384770585356365,31.918617102136015,-69.43552021593227,0.0,3.783300928018085,1.2774374111156452e-05,-6.753567501476612e-05,-1.3362313064083324e-05,0.013784559199565704,-0.022094214132072163,0.025977617695416504,6.873319455424642e-05,0.02604166604578495,274.7377760834883,301.96000000000004,27.222223916511712,0.38048896193504333,True,0.3804798858715848,0.22615990240149386,True,True,403.91744723486806,0.0002921663056348275
154.7430000000022,30.5,True,False,30.389304772018384,-72.90278268019273,0.7603457435193738,31.918617102136015,-69.43552021593227,0.0,3.789552110621955,3.541590075686468e-06,-3.669026109059616e-05,-4.644973534590858e-06,0.012212752167241134,-0.01957488503030661,0.023039224764678796,3.686079379449546e-05,0.023072222247719765,274.4182616410582,301.96000000000004,27.5417383589418,0.2208910435438156,True,0.2208886777719074,0.07622529499986253,True,True,403.8472815107283,0.00029216631681112677
154.84300000000803,30.6,True,False,30.387632609628543,-72.91256150339997,0.7304278521047936,31.918617102136015,-69.43552021593227,0.0,3.7991748618684813,3.2066293193372852e-06,-3.931745494355259e-05,-7.064542975387045e-07,0.00671951331799046,-0.01077019322574126,0.012659402448164042,3.9448000390766594e-05,0.012694444507360457,274.24092064135385,301.96000000000004,27.71907935864617,0.1482459306716919,True,0.1482296345087272,0.034325927293936416,True,True,403.7961304253648,0.0002921662930443109
154.94200000001,30.7,True,False,30.40214086888322,-72.92334914306139,0.6559929638703964,31.918617102136015,-69.43552021593227,0.0,3.803242142033455,1.9447577946431386e-05,-3.328548069104107e-05,1.101622080721304e-06,0.004955089902141608,-0.00794213407600545,0.00932257750066973,3.855037629928134e-05,0.00936111155897379,274.24188363697914,301.96000000000004,27.718116363020876,0.14040040969848633,True,0.14038768534505286,0.030790038361034007,True,True,403.75079340912293,0.00029216628852520845
155.04300000000512,30.8,True,False,30.368610211822013,-72.93198956736336,0.6305016488877615,31.918617102136015,-69.43552021593227,0.0,3.824633222351892,-3.7115618140356854e-07,-4.429408543515812e-05,4.265007435964729e-06,0.0050668363224560435,-0.008121243854067664,0.009534868074418857,4.42956404338856e-05,0.009572221897542477,274.21440492370425,301.96000000000004,27.745595076295736,0.16448631882667542,True,0.16446773390217265,0.04225845549010273,True,True,403.7053655222012,0.0002921662913162339
155.14300000001094,30.9,True,False,30.32239020986504,-72.93263789467787,0.6165150089462003,31.918617102136015,-69.43552021593227,0.0,3.844186825663398,-9.411193810365518e-06,-3.0197130953923868e-05,-8.306993968228824e-07,0.00962934222531778,-0.015434135107046316,0.018171044896924775,3.16296899571382e-05,0.018191667273640633,274.25387101084385,301.96000000000004,27.70612898915617,0.13800616562366486,True,0.1379983822822137,0.029750905835037627,True,True,403.66300912802967,0.00029216628156270887
155.2430000000022,31.0,True,False,30.34304792970214,-72.930716803877,0.6092960857933427,31.918617102136015,-69.43552021593227,0.0,3.833903677129156,6.128073417470309e-06,-1.7407490966223725e-05,1.4917189560874189e-06,0.014813806644037277,-0.023743916027056184,0.0279680988264119,1.8454647803441464e-05,0.027986111119389534,273.92890208728204,301.96000000000004,28.031097912717986,0.11789297312498093,True,0.1178935377928828,0.021713618514632393,True,True,403.6217745551497,0.00029216628540430426
155.34300000000803,31.1,True,False,30.337825123281934,-72.9349836612919,0.6073922524592846,31.918617102136015,-69.43552021593227,0.0,3.8399411044725213,2.4876565158704166e-07,-2.6488793301408933e-05,3.259452137793918e-06,0.011218793792515142,-0.017981745282301148,0.021171844230145193,2.648996139888045e-05,0.021194444969296455,273.94095401982497,301.96000000000004,28.01904598017506,0.11205866187810898,True,0.11204956470032686,0.019614288103091772,True,True,403.5805607365082,0.0002921662900617095
155.4429999999993,31.2,True,False,30.337658075802537,-72.92527894540494,0.6105351969109138,31.918617102136015,-69.43552021593227,0.0,3.831167894112185,6.931555277755501e-07,-7.385736450682641e-07,3.4872291968753396e-07,0.0036758825682448497,-0.005891790619587737,0.006943450973928813,1.0128946711653801e-06,0.0069444444961845875,273.8051992092469,301.96000000000004,28.154800790753082,0.1000794842839241,True,0.10009430887294714,0.015652040867381787,True,True,403.5432147987791,0.000292166285995554
155.54300000000512,31.3,True,False,30.354730373519043,-72.9162378716152,0.6129078747759066,31.918617102136015,-69.43552021593227,0.0,3.8159058031517388,5.483935466336119e-06,6.789913752814006e-06,-5.421738977361419e-06,0.0066474661151912735,-0.010654714282728545,0.012561194171231223,8.727913666483642e-06,0.012558333575725555,273.3799675169486,301.96000000000004,28.58003248305139,0.11569376289844513,True,0.11571858976016149,0.020919845241210835,True,True,403.50840070873903,0.0002921662798488144
155.64300000001094,31.4,True,False,30.386264000573785,-72.91785377145641,0.6113878555929979,31.918617102136015,-69.43552021593227,0.0,3.804570017728252,3.733914525168487e-06,-1.2611355244589936e-05,7.0769974517893444e-06,0.006919481426720315,-0.01109070679094849,0.013059546781377865,1.3152505418607904e-05,0.013072222471237183,272.8186345016871,301.96000000000004,29.14136549831292,0.11971276253461838,True,0.11971846918892066,0.022391052730210168,True,True,403.47185180870866,0.00029216630059076057
155.74400000000605,31.5,True,False,30.40619132630169,-72.91850446403053,0.6150247519840581,31.918617102136015,-69.43552021593227,0.0,3.797184614936265,-5.044007122021112e-06,-2.203875310352342e-05,1.4832121480665184e-05,0.006975354636877532,-0.011180261679979596,0.013161759157309237,2.2608596732328675e-05,0.013177777640521525,272.88820126805655,301.96000000000004,29.071798731943474,0.1222124695777893,True,0.12220953831384304,0.023332560981178533,True,True,403.43372391213495,0.00029216631495943804
155.84300000000803,31.6,True,False,30.394103655593973,-72.9326446795049,0.6072719825480037,31.918617102136015,-69.43552021593227,0.0,3.814973232200413,9.513492855074694e-06,-4.272412220588624e-05,8.800593544548606e-07,0.011209971525078747,-0.017967604745556507,0.021136499367042177,4.3770505646691574e-05,0.021177778020501137,272.63907737236576,301.96000000000004,29.320922627634264,0.14366035163402557,True,0.1436396561471179,0.03223301396632836,True,True,403.3946254178044,0.00029216629339288394
155.9429999999993,31.7,True,False,30.379491207303886,-72.92598621353721,0.6131557932429973,31.918617102136015,-69.43552021593227,0.0,3.8147426388393586,-5.010637868845189e-06,-1.5949451318170247e-05,1.4731010484885901e-06,0.005999040304050065,-0.009615402215312721,0.011322460911008702,1.6717998959306944e-05,0.01133333332836628,272.3394561714678,301.96000000000004,29.620543828532192,0.1227370873093605,True,0.12274048206006316,0.02353573968830112,True,True,403.35855662491974,0.0002921662920966663
156.04300000000512,31.8,True,False,30.38547952457269,-72.92556669941911,0.6115526787985719,31.918617102136015,-69.43552021593227,0.0,3.8119463911020004,6.201134165517589e-06,-2.0364109661053845e-05,-4.322067256195166e-06,0.002646635370260409,-0.004242089119679061,0.004979443243511623,2.128734429716812e-05,0.004999999888241291,272.0501121896005,301.96000000000004,29.90988781039953,0.1621483862400055,True,0.16215330443976161,0.04107748156947706,True,True,403.32380415714397,0.0002921662824862256
156.14300000001094,31.9,True,False,30.396931899806283,-72.93323115980868,0.6072388361154263,31.918617102136015,-69.43552021593227,0.0,3.8143816932632877,1.0416497219065488e-05,-3.368951316232735e-05,2.892955491909409e-06,0.00492274191685767,-0.007890285968042232,0.00926590788229945,3.526310694521155e-05,0.00930000003427267,272.089963165756,301.96000000000004,29.870036834244026,0.15071915090084076,True,0.1507085719244758,0.035483635707879234,True,True,403.28777046222734,0.00029216629773502506
156.2430000000022,32.0,True,False,30.386621893647213,-72.92993142184567,0.6096510577290233,31.918617102136015,-69.43552021593227,0.0,3.81548411015506,1.6462495971278112e-06,-1.4938571962257136e-05,2.2276428535079445e-06,0.007497330084318893,-0.012016896144708576,0.014150344933184912,1.5029007618854232e-05,0.014163888990879057,271.95420650942657,301.96000000000004,30.00579349057346,0.124884694814682,True,0.12488914113577167,0.024366971798770204,True,True,403.25318236684245,0.0002921662955760113
156.34300000000803,32.1,True,False,30.39226165151702,-72.92721322586806,0.6084232547503656,31.918617102136015,-69.43552021593227,0.0,3.8107323492038567,4.141942231832679e-06,-1.1925839157387385e-05,-8.469871532087721e-06,0.00577260588598529,-0.009252467830022265,0.0108932452719711,1.2624631680160547e-05,0.010905555449426174,271.81600724725627,301.96000000000004,30.143992752743724,0.1229611188173294,True,0.12296851908580252,0.023623274063612067,True,True,403.2204884498178,0.00029216627838927296
156.4429999999993,32.2,True,False,30.396039049364507,-72.93072479526091,0.6099728048642202,31.918617102136015,-69.43552021593227,0.0,3.812440029448515,-4.470289166908573e-06,-2.8356912713919977e-05,1.4098509590408372e-05,0.0035685467886743477,-0.005719750319747153,0.0067200007404885475,2.8707106853541624e-05,0.006741666700690984,271.6779065991069,301.96000000000004,30.282093400893086,0.1374777853488922,True,0.13747076014087287,0.029523841893232285,True,True,403.1853460278983,0.00029216631885508194
156.54300000000512,32.3,True,False,30.39646382111263,-72.93576376434974,0.6090508755319286,31.918617102136015,-69.43552021593227,0.0,3.8168908170352998,-2.690757452907322e-07,-3.3023116879683536e-05,6.571686314589733e-06,0.00422726516299564,-0.006775559548339942,0.007958256295778347,3.3024213089882146e-05,0.00798611156642437,271.8436938605747,301.96000000000004,30.116306139425284,0.13625532388687134,True,0.13624347569677453,0.02899904069512191,True,True,403.15069617934415,0.00029216630659810547
156.64400000000023,32.4,True,False,30.395152058084186,-72.93583859016941,0.6099892765036032,31.918617102136015,-69.43552021593227,0.0,3.8174827388568464,-1.9739108251488877e-06,-2.6990652420865858e-05,2.5620861352397813e-06,0.0037993920939701884,-0.006089754578334585,0.0071559408831944945,2.7062735302434452e-05,0.007177777588367461,271.69749609298157,301.96000000000004,30.262503907018445,0.14076557755470276,True,0.14076056877160217,0.03095381828797379,True,True,403.1170315369141,0.0002921662993531906
156.7430000000022,32.5,True,False,30.390784292757928,-72.9346018038851,0.6132205880544739,31.918617102136015,-69.43552021593227,0.0,3.8180944268787584,-2.3633832714805337e-06,-2.101042337299433e-05,8.4067038887125e-06,0.0028642477673759222,-0.004590883363300223,0.0053945526391068945,2.1142929569962165e-05,0.005411111284047365,271.3520893494975,301.96000000000004,30.60791065050255,0.12353163957595825,True,0.123529704658351,0.02383938288454289,True,True,403.083869242026,0.0002921663100031745
156.84300000000803,32.6,True,False,30.390892129580628,-72.93628624421972,0.6151551518267931,31.918617102136015,-69.43552021593227,0.0,3.819595054005176,9.537258384856173e-07,-3.2985124875827727e-05,1.1430012479048906e-05,0.011065877119480374,-0.017736646859531077,0.020877072795827005,3.299890992213143e-05,0.02090555615723133,270.8137448279975,301.96000000000004,31.146255172002537,0.18451027572155,True,0.18450569224507554,0.053182866452715694,True,True,403.0504623824273,0.0002921663154086002
156.94400000000314,32.7,True,False,30.401324731142648,-72.92972405325202,0.6184174044462416,31.918617102136015,-69.43552021593227,0.0,3.809414206385898,8.311987921467879e-06,-1.6748820038387485e-05,3.1477726239264474e-06,0.014703530272979399,-0.02356716247835095,0.027759168285867927,1.8697917421063716e-05,0.02777777798473835,270.9315840570402,301.96000000000004,31.028415942959818,0.19692516326904297,True,0.19693892654034012,0.060592006653933536,True,True,403.0200585731653,0.00029216630279797003
157.04400000000896,32.8,True,False,30.389416978108315,-72.93333684430685,0.6173292250121315,31.918617102136015,-69.43552021593227,0.0,3.8174827026536797,-6.651123566791891e-06,-3.421346967639387e-05,4.478900514609582e-06,0.010845323391416088,-0.01738313818181923,0.020463395112772422,3.4853966087064717e-05,0.020488888025283813,270.18912176500726,301.96000000000004,31.770878234992747,0.19119521975517273,True,0.1911907901054088,0.057106578252904085,True,True,402.9883758669918,0.0002921663050484113
157.14300000001094,32.9,True,False,30.38991023543444,-72.9374010243235,0.6183111221677495,31.918617102136015,-69.43552021593227,0.0,3.8210095368213093,-1.957597560371199e-06,-3.977451268579788e-05,1.1997303219064695e-05,0.02072168417521028,-0.03321320041620855,0.03911451795053391,3.982265746533081e-05,0.03914722055196762,269.961270554708,301.96000000000004,31.998729445292014,0.18648210167884827,True,0.18647125015715965,0.05432202707524867,True,True,402.95621185991416,0.00029216631946901543
157.2430000000022,33.0,True,False,30.38576920834681,-72.93645196113016,0.6199640979348551,31.918617102136015,-69.43552021593227,0.0,3.821798758441937,-7.761344830708263e-06,-3.354463587187567e-05,-4.325683143937379e-06,0.0500052349489566,-0.08014956101908825,0.09444509452268114,3.443081569405363e-05,0.09446944296360014,269.4817892471834,301.96000000000004,32.47821075281655,0.15483640134334564,True,0.15482708596973255,0.037449505079680666,True,True,402.92503071882146,0.0002921662924442906
157.34300000000803,33.1,True,False,30.400617349537846,-72.93751012115129,0.6171228131222721,31.918617102136015,-69.43552021593227,0.0,3.8168385537174636,1.0688145942181984e-05,-2.515978881096975e-05,-7.919903017505486e-06,0.08247945319494422,-0.13219999812853897,0.15579244236753184,2.73359001442056e-05,0.15581944584846497,269.3210577921529,301.96000000000004,32.638942207847116,0.17480464279651642,True,0.17480722551025343,0.04773874112794338,True,True,402.8953535348549,0.00029216628584173695
157.4429999999993,33.2,True,False,30.410457650122055,-72.94383290503808,0.6141298538823823,31.918617102136015,-69.43552021593227,0.0,3.8187436228738725,5.637872123163203e-06,-3.979880141738139e-05,4.364267814214999e-06,0.11363182207964825,-0.18213174414197975,0.214635473059494,4.019614653592182e-05,0.21467222273349762,269.21214346787315,301.96000000000004,32.74785653212687,0.19049184024333954,True,0.19048172980448566,0.05668378673507617,True,True,402.86412340983503,0.00029216630834143676
157.54400000000896,33.3,True,False,30.39689415593774,-72.94527882400614,0.6159975923125783,31.918617102136015,-69.43552021593227,0.0,3.825447191105239,-2.6221071352273318e-06,-3.390359539501404e-05,7.442291587226171e-06,0.1449415167992082,-0.23231565568596013,0.27379484245975877,3.400484122205876e-05,0.27382221817970276,268.8991741030726,301.96000000000004,33.06082589692745,0.17103181779384613,True,0.1710242627708526,0.04569489215979721,True,True,402.83317811675863,0.00029216631293877153
157.64300000001094,33.4,True,False,30.388351350477624,-72.93590710783748,0.6224412377126864,31.918617102136015,-69.43552021593227,0.0,3.8202646065057357,-2.233271054886041e-06,-6.387055237525818e-06,5.909874710506023e-06,0.1633400420061776,-0.26180524253106696,0.30857631085551174,6.766237818152551e-06,0.30858054757118225,268.9360414845503,301.96000000000004,33.023958515449735,0.1418444812297821,True,0.14185991154381267,0.03143920620167333,True,True,402.80527344491696,0.0002921663120268542
157.7430000000022,33.5,True,False,30.376867540795217,-72.92662185475818,0.6279367957750395,31.918617102136015,-69.43552021593227,0.0,3.816383413980767,-8.320005629920709e-06,-1.0659327888809539e-05,5.013878570697635e-06,0.18433374149291692,-0.2954544354554955,0.3482370176906433,1.3521973403429882e-05,0.3482416570186615,268.8402158037129,301.96000000000004,33.11978419628711,0.20066647231578827,True,0.20068679067313408,0.06292015423437433,True,True,402.77840750091906,0.00029216631437754093
157.84300000000803,33.6,True,False,30.371871093863316,-72.92885108093343,0.6257433663573568,31.918617102136015,-69.43552021593227,0.0,3.820442873081241,5.26499949990223e-07,-2.7899035368570792e-05,3.895084111807383e-06,0.19938280235758404,-0.3195754224538333,0.37664825985134187,2.790400287940968e-05,0.3766722083091736,268.53040393126213,301.96000000000004,33.429596068737865,0.20072220265865326,True,0.20072560628846958,0.06294449585323102,True,True,402.7511234819669,0.0002921663095737247
157.9429999999993,33.7,True,False,30.359124627368757,-72.92870049860731,0.6272183217379712,31.918617102136015,-69.43552021593227,0.0,3.82548366433911,8.13115725805447e-06,-1.8869227284823122e-05,1.0186893271271485e-05,0.20833284872332147,-0.3339207662572686,0.39356024289707153,2.0546616672375168e-05,0.39358055591583246,268.7001436469896,301.96000000000004,33.2598563530104,0.15674787759780884,True,0.15675361425975406,0.03838727898186272,True,True,402.7235275356778,0.0002921663240754804
158.04300000000512,33.8,True,False,30.357333351334645,-72.9284574362836,0.6276290387098382,31.918617102136015,-69.43552021593227,0.0,3.8259923387053476,3.057233364321871e-06,-2.2586971612793094e-05,1.9799619406821987e-06,0.23659743746764947,-0.37922391066915623,0.4469569829999467,2.2792936679617304e-05,0.44697776436805725,268.52689886633345,301.96000000000004,33.43310113366657,0.16333729028701782,True,0.16334030203338065,0.041681074998301135,True,True,402.69630125230776,0.0002921663085688218
158.14400000000023,33.9,True,False,30.361242594093518,-72.93268110660475,0.624195422491507,31.918617102136015,-69.43552021593227,0.0,3.828256738196866,-9.763254890344464e-07,-3.5848757157105825e-05,-5.0130445628391e-06,0.24920719857116808,-0.39943513091508126,0.4707701148369424,3.5862049595215335e-05,0.47080001235008234,268.1384545110739,301.96000000000004,33.8215454889261,0.18079909682273865,True,0.1807914046793681,0.05106316865760799,True,True,402.6687371972853,0.0002921662965565231
158.2430000000022,34.0,True,False,30.358902118844185,-72.9322812471154,0.6252849795691885,31.918617102136015,-69.43552021593227,0.0,3.828844282326707,-2.5470529017330688e-06,-2.999167534024983e-05,1.4216546055431316e-06,0.24362426897019396,-0.3904866806743153,0.4602286947481585,3.009963568216693e-05,0.46025279164314264,268.0080277394146,301.96000000000004,33.9519722605854,0.1804613471031189,True,0.18045948231990644,0.05087584284120941,True,True,402.6416526433725,0.00029216630811188714
158.34300000000803,34.1,True,False,30.35766680859354,-72.9309704959973,0.6259812386343383,31.918617102136015,-69.43552021593227,0.0,3.828150791089221,-4.0005301173195294e-07,-2.1858997503285128e-05,-6.400965412894248e-07,0.26515904123440476,-0.42500311771104493,0.5009177572831703,2.1862657987098026e-05,0.5009360909461975,267.82951381793356,301.96000000000004,34.13048618206644,0.1536523848772049,True,0.1536545150260297,0.03688441120821561,True,True,402.61564899399366,0.00029216630496091335
158.4429999999993,34.2,True,False,30.361220176953807,-72.93929592875058,0.6185072094358848,31.918617102136015,-69.43552021593227,0.0,3.8343095112813272,5.916426283769327e-06,-3.643702929554344e-05,-1.140466156673172e-05,0.24750452067491444,-0.3967060389293935,0.4675492831526987,3.691424120655289e-05,0.4675833284854889,267.4279359936535,301.96000000000004,34.53206400634654,0.15871544182300568,True,0.15870389981198477,0.03934842923089012,True,True,402.5893303267177,0.0002921662898234153
158.54300000000512,34.3,True,False,30.35106490931005,-72.94068486153647,0.6167895409470682,31.918617102136015,-69.43552021593227,0.0,3.839713409881925,-1.6397315186858815e-06,-3.149108349118118e-05,-8.339855126783678e-06,0.23191730544042133,-0.37172248551083814,0.4381102514984731,3.153374476496434e-05,0.4381361007690429,267.37022999853974,301.96000000000004,34.58977000146029,0.16344308853149414,True,0.16343699362250258,0.041730437001310176,True,True,402.5632593649012,0.00029216629342807454
158.64300000001094,34.4,True,False,30.34747316427212,-72.94527460760781,0.615669309603589,31.918617102136015,-69.43552021593227,0.0,3.845369834407638,-8.706105578796114e-08,-3.927554935180944e-05,3.012913437321747e-06,0.2659456861838607,-0.42626397064856514,0.5023889379945123,3.927564584464339e-05,0.5024222135543823,267.09533433226346,301.96000000000004,34.86466566773653,0.17920652031898499,True,0.17919528873528962,0.05016552681923401,True,True,402.53642741690214,0.0002921663157470374
158.7430000000022,34.5,True,False,30.32314430322418,-72.94147825807893,0.621097063896622,31.918617102136015,-69.43552021593227,0.0,3.851918385085593,-1.17556895679648e-05,-2.7526271885915858e-05,5.805565863575113e-06,0.28107562637824873,-0.4505145929296741,0.530988430743719,2.993145304116922e-05,0.5310055613517761,266.8763495477956,301.96000000000004,35.08365045220438,0.15948455035686493,True,0.15948131247364278,0.03973487077084094,True,True,402.51038019532,0.0002921663206621578
158.84300000000803,34.6,True,False,30.332272847357515,-72.94365603102656,0.6201849139420701,31.918617102136015,-69.43552021593227,0.0,3.8501305162053976,2.0282228357816025e-06,-3.102266753803988e-05,9.210308819022043e-07,0.2628785343995231,-0.4213478679776246,0.49660038425448816,3.108889816393208e-05,0.49662777781486506,266.70810391027067,301.96000000000004,35.25189608972932,0.16361187398433685,True,0.16360656304069168,0.04181707438510099,True,True,402.4847064718895,0.00029216631098057664
158.9429999999993,34.7,True,False,30.32863358324731,-72.94731821319648,0.6205630747173037,31.918617102136015,-69.43552021593227,0.0,3.8549672844171616,-3.5149320463495184e-06,-3.672058616758195e-05,7.61335476605978e-06,0.2384927302685046,-0.38226173033236227,0.4505290412950534,3.688842902295062e-05,0.4505583345890045,266.5132282240664,301.96000000000004,35.446771775933634,0.1651117354631424,True,0.16510059277447184,0.042584295597859034,True,True,402.4586341420029,0.00029216632479416694
159.04300000000512,34.8,True,False,30.318740944196946,-72.94734390922696,0.6216413726984723,31.918617102136015,-69.43552021593227,0.0,3.859081415768241,-6.741403516583677e-06,-3.1808362132414595e-05,-4.173276542761564e-07,0.2673557661070965,-0.4285240797544325,0.5050627060725185,3.2514895400727244e-05,0.5050861239433289,266.3333241647374,301.96000000000004,35.626675835262596,0.16416595876216888,True,0.16415942816828608,0.04210017139964546,True,True,402.4336911848362,0.0002921663098401462
159.14300000001094,34.9,True,False,30.32437457110444,-72.94945682748711,0.6194611584030062,31.918617102136015,-69.43552021593227,0.0,3.858673315762229,3.375283817617868e-07,-2.624039282782783e-05,-6.465409900984176e-06,0.26020984779744005,-0.41707043462744015,0.49156367764437214,2.6242563540310097e-05,0.49158611893653864,266.0718562101887,301.96000000000004,35.88814378981131,0.12408965080976486,True,0.12408300721490288,0.024053419372149092,True,True,402.4090864210734,0.0002921662995485331
159.2430000000022,35.0,True,False,30.322788493295924,-72.95331739648748,0.61759254285285,31.918617102136015,-69.43552021593227,0.0,3.8628442826904963,-2.4864808551617735e-06,-3.440791931405015e-05,-1.729057885881055e-06,0.2576823016991629,-0.41301922458034784,0.4867832257298196,3.4497644826354034e-05,0.48681110143661493,265.90592711238355,301.96000000000004,36.05407288761646,0.14665503799915314,True,0.14664348947175787,0.03359524212746023,True,True,402.3842551067121,0.0002921663095155868
159.34300000000803,35.1,True,False,30.322031122010902,-72.95326622711065,0.6197130264316855,31.918617102136015,-69.43552021593227,0.0,3.863110636662304,-1.3748051101347772e-06,-2.858177783431017e-05,7.834428462404975e-06,0.23778401469077107,-0.3811257844158854,0.44919591418027804,2.8614823313463196e-05,0.44921943545341486,265.79406393056905,301.96000000000004,36.165936069430934,0.1577613353729248,True,0.15775712454380458,0.03888035003696545,True,True,402.35987712856695,0.00029216632467932467
159.4429999999993,35.2,True,False,30.302474595539156,-72.94503003417837,0.6264348314070433,31.918617102136015,-69.43552021593227,0.0,3.8637515145250947,-8.66687306982822e-06,-1.0043575282904728e-05,9.134937203867035e-06,0.2441109489392243,-0.39126674272010675,0.46116828972734597,1.3266050402131314e-05,0.46117222309112543,265.87516713132874,301.96000000000004,36.08483286867129,0.161053866147995,True,0.16106803240462425,0.04052946859820843,True,True,402.33717130780735,0.0002921663297082863
159.54300000000512,35.3,True,False,30.300846592389444,-72.94001835972738,0.6272693639138317,31.918617102136015,-69.43552021593227,0.0,3.859881949240029,1.8545624290312178e-06,-6.461964623793123e-06,-5.4934077580712086e-06,0.2693892494537591,-0.43178339445900293,0.5089212983955309,6.722825938720113e-06,0.5089277625083923,265.8598220246988,301.96000000000004,36.10017797530121,0.1479293704032898,True,0.147946277681109,0.034194817352650085,True,True,402.31619689668565,0.0002921663071778175
159.64300000001094,35.4,True,False,30.301177292665994,-72.94411868898834,0.62238426031164,31.918617102136015,-69.43552021593227,0.0,3.8634666793425034,5.262878082536959e-08,-3.1574539656203486e-05,-1.0185457553206002e-05,0.2777496828240513,-0.4451836927526168,0.5246954025175894,3.157458351728076e-05,0.5247222185134888,265.7155346433237,301.96000000000004,36.24446535667635,0.18456576764583588,True,0.18456309742293014,0.05321596512538818,True,True,402.2947564166474,0.00029216629521772863
159.7430000000022,35.5,True,False,30.29572878373451,-72.94792291968882,0.6166866648928354,31.918617102136015,-69.43552021593227,0.0,3.869203955254928,2.917864243695002e-06,-3.6505260377251285e-05,-1.5490084537012663e-05,0.310135678395675,-0.4970927244946211,0.5858730359337992,3.662168711235935e-05,0.5859055519104004,265.58794277419537,301.96000000000004,36.37205722580463,0.1960747390985489,True,0.19606912780312463,0.06005796832614969,True,True,402.27295105848253,0.0002921662874246178
159.84300000000803,35.6,True,False,30.290207491278288,-72.95322974563344,0.6112062770679341,31.918617102136015,-69.43552021593227,0.0,3.876338245829974,-8.793732366846933e-07,-4.2390722405986375e-05,-1.3935166816538449e-05,0.35187313547328913,-0.5639904976225446,0.6647200836445843,4.2399842492523396e-05,0.6647555828094482,265.2358793878238,301.96000000000004,36.72412061217623,0.19566285610198975,True,0.19565103561165803,0.05980210962769206,True,True,402.250812349844,0.000292166291691642
159.9429999999993,35.7,True,False,30.280589562365467,-72.9519201667688,0.6147983898074891,31.918617102136015,-69.43552021593227,0.0,3.8792013140967434,-8.949106715811936e-06,-3.0306415426489464e-05,8.167776279519249e-06,0.38093760454012476,-0.6105757089376722,0.7196429429074228,3.160008428808298e-05,0.7196639180183411,265.13932167460644,301.96000000000004,36.820678325393565,0.1733553409576416,True,0.17335141458145095,0.04694690674466934,True,True,402.2286401464542,0.000292166330274225
160.04300000000512,35.8,True,False,30.273847098687146,-72.95380183248542,0.615971704098008,31.918617102136015,-69.43552021593227,0.0,3.8837577032586705,-9.597981415696672e-06,-4.39186078217552e-05,5.519490206422032e-06,0.3953823341697077,-0.6337280596871939,0.7469205919411382,4.4955148317597576e-05,0.7469527721405029,264.87832321735516,301.96000000000004,37.08167678264482,0.22100955247879028,True,0.22099942598191313,0.07630174917738501,True,True,402.20647169422944,0.00029216632725301327
160.14400000000023,35.9,True,False,30.274583958861374,-72.95600179951985,0.6154734210520761,31.918617102136015,-69.43552021593227,0.0,3.8854389142753,-6.090362222328921e-06,-4.676705711086191e-05,-6.788627754617401e-07,0.4693014036327033,-0.7522072744023367,0.8865635638405318,4.716195652016348e-05,0.8866000175476074,264.62082900356177,301.96000000000004,37.33917099643827,0.23751883208751678,True,0.23750880484239356,0.0881275367336215,True,True,402.18461194536974,0.0002921663161551024
160.24400000000605,36.0,True,False,30.278528650192943,-72.95496534059619,0.6179846311963658,31.918617102136015,-69.43552021593227,0.0,3.8828319710898693,-2.4805711573796977e-06,-3.828726269004266e-05,7.290759725064374e-06,0.48027023088064064,-0.7697883674561699,0.9072910576673455,3.836753468185253e-05,0.9073222279548645,264.3355536742803,301.96000000000004,37.6244463257197,0.23985403776168823,True,0.23985298144387582,0.08987573296366162,True,True,402.16330207565636,0.0002921663277706604
160.3420000000042,36.1,True,False,30.273246969621994,-72.95570971867008,0.6172390873423268,31.918617102136015,-69.43552021593227,0.0,3.8857402136728925,-5.874302377144418e-06,-3.368977121389112e-05,-3.3288096070066314e-06,0.5159645333591771,-0.8270000309441533,0.9747301118850228,3.419807177111673e-05,0.974755585193634,264.1853872219369,301.96000000000004,37.774612778063144,0.19031134247779846,True,0.1903070368048712,0.05657986369632766,True,True,402.1424291208639,0.0002921663100928073
160.4429999999993,36.2,True,False,30.269910929879725,-72.95416207314815,0.6171152731696288,31.918617102136015,-69.43552021593227,0.0,3.885752509075639,-5.995175779331074e-06,-3.8353502316322947e-05,-5.979953858406247e-06,0.5484960707088395,-0.8791423404546083,1.0361845087411365,3.881923843345291e-05,1.0362138748168945,263.83642639613555,301.96000000000004,38.123573603864436,0.25479286909103394,True,0.25479403989832416,0.10142166417638716,True,True,402.1225455750763,0.0002921663047806915
160.54300000000512,36.3,True,False,30.27451033059476,-72.95644283495093,0.6166040938958618,31.918617102136015,-69.43552021593227,0.0,3.8858696794083354,-1.1303291115349003e-06,-4.029695728867436e-05,4.883198691276933e-06,0.5758784327095281,-0.923031431192032,1.0879107982741565,4.031280702984634e-05,1.0879443883895874,263.7490009861231,301.96000000000004,38.21099901387691,0.22965100407600403,True,0.22964659130832027,0.08238956496158215,True,True,402.10226029460193,0.0002921663255252347
160.64300000001094,36.4,True,False,30.27002638035618,-72.95770399544605,0.6156523167027586,31.918617102136015,-69.43552021593227,0.0,3.888911151544676,-7.901464932868163e-06,-4.021855929879207e-05,-3.2981774978968144e-06,0.6287259048644148,-1.007736596531347,1.187753421127203,4.0987384158491977e-05,1.1877833604812622,263.5685625539463,301.96000000000004,38.3914374460537,0.22182981669902802,True,0.22182369167682817,0.07687197871939853,True,True,402.0824259594448,0.00029216631171141645
160.7430000000022,36.5,True,False,30.269100072940507,-72.95618016737767,0.6173778247100005,31.918617102136015,-69.43552021593227,0.0,3.8879239863090778,-3.7248964561460356e-06,-2.871924056849014e-05,3.264320376915713e-06,0.631290191348672,-1.0118466949290486,1.192605393503838,2.8959793377022203e-05,1.1926277875900269,263.27201014991465,301.96000000000004,38.68798985008533,0.19477564096450806,True,0.19477702331291008,0.059269007067103134,True,True,402.06320562038934,0.00029216632287128706
160.84300000000803,36.6,True,False,30.266296317439195,-72.95907633397994,0.6176146948550869,31.918617102136015,-69.43552021593227,0.0,3.8917363338967665,-8.297945889344839e-06,-4.7234484476311894e-05,7.551192739348172e-06,0.6271908539932468,-1.0052761810650128,1.1848476742757217,4.795781927616647e-05,1.1848833560943604,262.9140436957341,301.96000000000004,39.04595630426592,0.24626219272613525,True,0.24625259456680806,0.09473573583418995,True,True,402.043337123811,0.00029216633242159693
160.9429999999993,36.7,True,False,30.26582710236273,-72.95608271018924,0.6191809229006091,31.918617102136015,-69.43552021593227,0.0,3.889225508930973,-5.350297227242816e-06,-3.60066376763914e-05,-1.0904023103811744e-06,0.6366363986516569,-1.0204157211297786,1.202700078262107,3.640197298469921e-05,1.2027277946472168,262.8371833079182,301.96000000000004,39.122816692081805,0.259914755821228,True,0.2599189948645573,0.10554270980233671,True,True,402.0250090193741,0.00029216631556653976
161.04300000000512,36.8,True,False,30.269100406846885,-72.9573541840349,0.6188348589047691,31.918617102136015,-69.43552021593227,0.0,3.888986992382343,-4.1920524967643885e-06,-5.41085986909536e-05,3.7968986063145277e-06,0.6525191618171662,-1.0458729856898823,1.232689681560446,5.427074494084538e-05,1.2327333688735962,262.72973531559774,301.96000000000004,39.23026468440228,0.3363201916217804,True,0.33631843453899335,0.1767069164210444,True,True,402.006376853858,0.0002921663246850736
161.14300000001094,36.9,True,False,30.268187063069092,-72.95773173918906,0.6174267685388161,31.918617102136015,-69.43552021593227,0.0,3.889716355779343,-6.949409073204503e-06,-4.6859518169283075e-05,-5.588191828834231e-06,0.6415517543351105,-1.0282941682700357,1.2119777631233064,4.7372024756433075e-05,1.212013840675354,262.5722755640797,301.96000000000004,39.38772443592031,0.29274922609329224,True,0.2927476972274757,0.13388723657965076,True,True,401.9884090546203,0.00029216630865861343
161.2430000000022,37.0,True,False,30.268535480810577,-72.96154483195869,0.6160017750052414,31.918617102136015,-69.43552021593227,0.0,3.89302182756021,-6.647879946988683e-06,-5.784234994575549e-05,3.0299842288159716e-06,0.6624072948263953,-1.0617219167227439,1.2513683863297855,5.822312045087256e-05,1.2514139413833618,262.27100842494724,301.96000000000004,39.688991575052775,0.310224324464798,True,0.3102145125565388,0.15034065056796414,True,True,401.96982992841816,0.0002921663260496887
161.34300000000803,37.1,True,False,30.263596602784762,-72.96150213416742,0.6167031901833137,31.918617102136015,-69.43552021593227,0.0,3.8950791187078693,-9.149461424734318e-06,-4.1735986168611446e-05,5.134097676025301e-07,0.668488625352511,-1.071469215632102,1.262872170519099,4.2727101303847275e-05,1.2629027366638184,262.1448026893689,301.96000000000004,39.81519731063112,0.24344128370285034,True,0.24343670277742777,0.0925815221694476,True,True,401.9517894068824,0.00029216632128154586
161.4429999999993,37.2,True,False,30.261069252645832,-72.96304486804802,0.618124772422774,31.918617102136015,-69.43552021593227,0.0,3.897549877119449,-7.912328840325912e-06,-4.032843797643236e-05,9.356964366115053e-06,0.621427046218959,-0.9960378150543514,1.1739643951378769,4.109729744516548e-05,1.1739944219589233,262.011920451163,301.96000000000004,39.94807954883702,0.21600019931793213,True,0.21599265814874322,0.07288366128293952,True,True,401.93343708942774,0.0002921663382843487
161.54300000000512,37.3,True,False,30.265215006305056,-72.95541546090305,0.6199906560070189,31.918617102136015,-69.43552021593227,0.0,3.888881719217767,7.100319495665165e-07,-1.439300870098022e-05,-9.334672239276691e-06,0.6143340851766856,-0.98466905107506,1.160581876245059,1.4410511609096241e-05,1.1605944633483887,261.7436940302175,301.96000000000004,40.21630596978253,0.20852142572402954,True,0.20854013299905785,0.06794093120839013,True,True,401.91767816553113,0.0002921663100391406
161.64300000001094,37.4,True,False,30.269116096186462,-72.95738894573496,0.6192075454519358,31.918617102136015,-69.43552021593227,0.0,3.8890118177489,-5.660977565298973e-06,-3.4731050119597786e-05,5.438641883681938e-06,0.6380097224137361,-1.0226169166002146,1.2052957959141641,3.5189380634004226e-05,1.205322265625,261.4937719119598,301.96000000000004,40.466228088040204,0.221335306763649,True,0.22133462473023124,0.07653338459361668,True,True,401.90063839125725,0.00029216633172739805
161.7430000000022,37.5,True,False,30.270291325747433,-72.95797828094297,0.6199728946244025,31.918617102136015,-69.43552021593227,0.0,3.88904727213053,-5.540606173534268e-06,-2.316380691544981e-05,5.2682631714918936e-06,0.6243824939787689,-1.000774875900189,1.1795611077813926,2.381722627818879e-05,1.1795778274536133,261.2219905101292,301.96000000000004,40.7380094898708,0.13850149512290955,True,0.1384993626650453,0.029967309451172455,True,True,401.88385067187096,0.0002921663323679408
161.84300000000803,37.6,True,False,30.25768467232723,-72.9575045130656,0.6237412352078514,31.918617102136015,-69.43552021593227,0.0,3.8939786755507875,-7.380932527801544e-06,-3.078282195671659e-05,8.433515354275946e-06,0.6107567168600363,-0.9789351614037942,1.1538139215484697,3.1655335926173205e-05,1.1538361310958862,260.11559675549444,301.96000000000004,41.84440324450556,0.16306081414222717,True,0.1630546590763383,0.0415354220864285,True,True,401.8666975076835,0.00029216633827658655
161.9429999999993,37.7,True,False,30.255602497991497,-72.95453130354745,0.6256329008090649,31.918617102136015,-69.43552021593227,0.0,3.892178902408848,-3.582231572205573e-06,-2.1304931559882925e-05,-7.491046646474181e-07,0.630604980783867,-1.0107484233974613,1.19131711468894,2.1603992496948382e-05,1.1913332939147947,259.7790337375065,301.96000000000004,42.180966262493534,0.18304407596588135,True,0.18305106237340196,0.052347592163289686,True,True,401.85095778143096,0.00029216632286458696
162.04200000000128,37.8,True,False,30.259493598206532,-72.95927471562831,0.622167986002989,31.918617102136015,-69.43552021593227,0.0,3.8948089266893864,-2.895137915852719e-06,-3.3144805824927104e-05,-4.897908113811451e-07,0.6152721402698242,-0.9861725877348422,1.1623400406491846,3.327100805091318e-05,1.1623666286468506,259.34993258196846,301.96000000000004,42.61006741803153,0.16517212986946106,True,0.16516481128030505,0.0426174297203364,True,True,401.8345649477324,0.00029216632388485726
162.14400000000023,37.9,True,False,30.256532396445877,-72.96409566294926,0.6230880482174408,31.918617102136015,-69.43552021593227,0.0,3.9004320599364664,-1.438140399662376e-05,-3.9262790268776516e-05,1.0630791394544669e-05,0.6271290784022214,-1.0051771657017727,1.1847409518738894,4.181377142287021e-05,1.1847666501998901,259.31134187760495,301.96000000000004,42.64865812239506,0.13054364919662476,True,0.13052283934005637,0.02661492385977532,True,True,401.8171525193779,0.0002921663515456864
162.2430000000022,38.0,True,False,30.261091203737415,-72.96294918173815,0.622656703817839,31.918617102136015,-69.43552021593227,0.0,3.8974539397750987,-2.9824120608804286e-06,-2.654384852261198e-05,-9.448089381523413e-06,0.6298301041160517,-1.009506432937208,1.189848462351418,2.6710871870686945e-05,1.1898694038391113,259.1169431375074,301.96000000000004,42.843056862492595,0.152086541056633,True,0.15208374767060734,0.036134147630801916,True,True,401.80150802273994,0.0002921663075479369
162.34300000000803,38.1,True,False,30.258574663794548,-72.96307323470417,0.6225554759678956,31.918617102136015,-69.43552021593227,0.0,3.8986370948501228,-5.905251669807844e-06,-2.73207312974602e-05,-2.593558294057204e-06,0.5745565991234209,-0.9209127653808441,1.0854271387804755,2.795164317015709e-05,1.0854471921920776,258.8719708799513,301.96000000000004,43.08802912004874,0.16045993566513062,True,0.1604570719392959,0.04022258039129592,True,True,401.7856020043424,0.0002921663199763704
162.4429999999993,38.2,True,False,30.249604459839617,-72.96695829347246,0.6229199652732612,31.918617102136015,-69.43552021593227,0.0,3.9059772267188064,-1.1701789853360151e-05,-3.5603080621626675e-05,8.40661240855465e-06,0.5744095744787948,-0.9206771108391185,1.0851454227143664,3.7476809302850896e-05,1.0851694345474243,258.766125040567,301.96000000000004,43.193874959433,0.14266324043273926,True,0.14264825089322436,0.03178960300615898,True,True,401.7689011009972,0.00029216634588675544
162.54300000000512,38.3,True,False,30.258007551860278,-72.96850519444611,0.6215894855812876,31.918617102136015,-69.43552021593227,0.0,3.9037939157787784,-1.1314422775471374e-06,-2.7739940359440028e-05,-5.675498406950584e-06,0.576110769508461,-0.9234038260515314,1.0883603809488198,2.7763005110627177e-05,1.0883833169937134,258.2630065834844,301.96000000000004,43.6969934165156,0.13366368412971497,True,0.13365725730827677,0.027908551259898582,True,True,401.7533571129162,0.00029216631702329353
162.64300000001094,38.4,True,False,30.241942717505843,-72.96144404559827,0.6253089139328756,31.918617102136015,-69.43552021593227,0.0,3.9042766096527415,-7.876724947562074e-06,-9.575136373851862e-06,-4.209616930273809e-06,0.5413236658779034,-0.8676462421113543,1.022659877425645,1.2398630266178912e-05,1.0226638317108154,258.2312135342839,301.96000000000004,43.72878646571611,0.1576819270849228,True,0.15769567426754075,0.03885006623230797,True,True,401.7389230696082,0.0002921663201377293
162.7430000000022,38.5,True,False,30.24126428693044,-72.96660180112283,0.6226284111248704,31.918617102136015,-69.43552021593227,0.0,3.909226218569343,-6.280576731033316e-06,-3.3028735546321696e-05,1.9939937575027683e-06,0.4976424546573428,-0.7976329743468149,0.9401169804440147,3.362057429407254e-05,0.9401416778564452,258.17146055542986,301.96000000000004,43.788539444570155,0.1460459679365158,True,0.14603514954574404,0.03331708541089635,True,True,401.72350841923793,0.00029216633090088136
162.84300000000803,38.6,True,False,30.2388458704006,-72.97085723650476,0.6235602762751707,31.918617102136015,-69.43552021593227,0.0,3.914107719518747,-9.220433576268831e-06,-3.4493543009791344e-05,1.1349648047321075e-05,0.4880807415994663,-0.7823072368522993,0.9220533910582719,3.5704634218861716e-05,0.9220777750015259,257.5397036254358,301.96000000000004,44.4202963745642,0.1257590502500534,True,0.1257428847857481,0.02470125630852946,True,True,401.7077445546318,0.00029216635349600645
162.9429999999993,38.7,True,False,30.23356835701239,-72.96394751408516,0.6288847036335491,31.918617102136015,-69.43552021593227,0.0,3.910139188288981,-5.948827684432063e-06,-5.125534738027296e-06,2.8409729143693866e-06,0.49705577584471955,-0.7966926318138992,0.9390321297994084,7.852366342051923e-06,0.9390333294868469,257.4593710057074,301.96000000000004,44.50062899429262,0.11475621908903122,True,0.11476778965918054,0.020577482347027113,True,True,401.6942105873873,0.00029216633443105144
163.04300000000512,38.8,True,False,30.225377806880008,-72.96257782723379,0.6285337148976412,31.918617102136015,-69.43552021593227,0.0,3.912441016097113,-6.689627857734479e-06,-1.455654911587365e-05,-4.515433271581017e-06,0.4270684482624165,-0.6845153050130827,0.80680508677854,1.6020119944551574e-05,0.8068138957023621,257.52390231133603,301.96000000000004,44.43609768866398,0.1349705308675766,True,0.1349759740765464,0.028461982241142155,True,True,401.6806117635943,0.00029216632080942737
163.14300000001094,38.9,True,False,30.22583502002357,-72.96540334455032,0.6255929542538258,31.918617102136015,-69.43552021593227,0.0,3.914790681406008,-3.1755291846187316e-06,-2.805148654670819e-05,-4.5449501213120515e-06,0.40068885112871394,-0.642233469275587,0.7569556782697451,2.8230655023972006e-05,0.7569777965545654,257.1483845641567,301.96000000000004,44.811615435843336,0.15503521263599396,True,0.15503134343205507,0.03754838166149065,True,True,401.6669318886188,0.0002921663201053743
163.2430000000022,39.0,True,False,30.225587746752126,-72.97337979578576,0.6199493319818781,31.918617102136015,-69.43552021593227,0.0,3.9220911265487817,-2.451984363602537e-06,-4.043783188850745e-05,-6.998362406180039e-06,0.3962924987508614,-0.6351868927815502,0.7486392370249885,4.0512102823261855e-05,0.7486722469329833,257.0283407551366,301.96000000000004,44.931659244863425,0.1261100172996521,True,0.126089676651723,0.024837693568187404,True,True,401.65246686840266,0.0002921663250767458
163.34300000000803,39.1,True,False,30.212684404781783,-72.97900852045689,0.6179776838974296,31.918617102136015,-69.43552021593227,0.0,3.9327491316132814,-9.382350345003851e-06,-4.089576020069369e-05,-1.0204537897294646e-06,0.38439290454131086,-0.6161139446557328,0.7261619101433038,4.195821374163867e-05,0.7261916399002075,256.9303458932327,301.96000000000004,45.029654106767346,0.12865622341632843,True,0.1286343544037456,0.02585033318600298,True,True,401.6375760807024,0.0002921663390447194
163.4429999999993,39.2,True,False,30.18009031760428,-72.97645554656286,0.622885476841592,31.918617102136015,-69.43552021593227,0.0,3.944705108907663,-1.6894857218474038e-05,-2.315781693057364e-05,5.58408177216978e-06,0.3448904113641325,-0.5527984239799032,0.6515531787708614,2.8665670852477662e-05,0.6515638828277588,256.8900801064197,301.96000000000004,45.06991989358032,0.12845250964164734,True,0.12844606326878896,0.02577471067863111,True,True,401.62325722149615,0.00029216634588956716
163.54200000000128,39.3,True,False,30.163371934682296,-72.97304795570797,0.6273400916916926,31.918617102136015,-69.43552021593227,0.0,3.949049013060257,-1.1773188979771543e-05,-1.657986368371441e-05,9.43753175983011e-06,0.24621060915114515,-0.3946321272532758,0.4651310479927502,2.0334695928977303e-05,0.46513888239860535,256.84243354380004,301.96000000000004,45.117566456199974,0.14212189614772797,True,0.14212501143614073,0.031556819663670174,True,True,401.6090840582959,0.00029216634764697475
163.64300000001094,39.4,True,False,30.151923888203044,-72.97206422673447,0.6285220154064007,31.918617102136015,-69.43552021593227,0.0,3.9532706019823314,-8.990946702736387e-06,-1.9242047708827858e-05,2.953833758907809e-06,0.22403621658210457,-0.35909049182075153,0.42323565236189775,2.1238962372024057e-05,0.423247218132019,256.72839989001864,301.96000000000004,45.23160010998139,0.1441963165998459,True,0.14419798388130103,0.032484080592569894,True,True,401.5954352931401,0.00029216633489286036
163.74400000000605,39.5,True,False,30.152354753850695,-72.97301098813777,0.6281177252426521,31.918617102136015,-69.43552021593227,0.0,3.953925093677098,-5.940594379373604e-06,-2.840740091456685e-05,1.675494065683619e-06,0.23609163798474714,-0.37841320341901163,0.4460012561289303,2.902190704108155e-05,0.4460222125053405,256.347008854748,301.96000000000004,45.61299114525197,0.1744871586561203,True,0.1744853751996855,0.047563112412304015,True,True,401.58238927417943,0.0002921663319591845
163.84300000000803,39.6,True,False,30.151527291137274,-72.97569143514588,0.6288480271202539,31.918617102136015,-69.43552021593227,0.0,3.9566928945122726,-8.663614444207802e-06,-3.0439873146263792e-05,1.0096736466987104e-05,0.27114925434127574,-0.4346043714881061,0.5122315087041842,3.16487613090705e-05,0.5122527480125427,255.9855632826204,301.96000000000004,45.974436717379604,0.1413261741399765,True,0.14131647213328025,0.03119879186280875,True,True,401.5692080613402,0.0002921663495654244
163.9429999999993,39.7,True,False,30.147041837893592,-72.97300813494282,0.6326041494965408,31.918617102136015,-69.43552021593227,0.0,3.9562987367009033,-1.2350759944353267e-05,-2.202290448128305e-05,6.111942098289424e-06,0.19922400943131718,-0.3193209054348408,0.3763600717496457,2.5249744414444243e-05,0.37637221813201904,255.6385732973381,301.96000000000004,46.32142670266192,0.15530145168304443,True,0.15530119950641408,0.03767921298073931,True,True,401.5568636275147,0.0002921663418336399
164.04400000000896,39.8,True,False,30.14857129168613,-72.97369231535343,0.6336765644698636,31.918617102136015,-69.43552021593227,0.0,3.956225976383746,-7.179294737717313e-06,-2.988455024306564e-05,7.226162260721855e-06,0.17659527600499342,-0.28305104184177593,0.333600663507332,3.0734811145691625e-05,0.3336222171783447,255.31549444337833,301.96000000000004,46.64450555662166,0.1798105239868164,True,0.1798077559336333,0.0505090319016271,True,True,401.5443895674136,0.0002921663428718157
164.14300000001094,39.9,True,False,30.14818230701719,-72.97089860244515,0.634435056140208,31.918617102136015,-69.43552021593227,0.0,3.9539018323157453,-1.7884979281023727e-05,-6.41135314065301e-05,-3.682169586983298e-06,0.2226246853426343,-0.3568280565112534,0.4205356407369968,6.656138064447559e-05,0.4205805659294128,254.94101135954227,301.96000000000004,47.01898864045773,0.47309762239456177,True,0.47310501581044406,0.34967719324851426,True,True,401.5329881371514,0.0002921663232716931
164.24400000000605,40.0,True,False,30.151346515611365,-72.97280800439658,0.6316069065579409,31.918617102136015,-69.43552021593227,0.0,3.954194004397599,-1.3510657439402643e-05,-6.087308675452857e-05,-5.26509259327736e-06,0.16756731604271,-0.26858081630211933,0.3165221846599196,6.235439483684568e-05,0.31656667590141296,254.58284505288475,301.96000000000004,47.37715494711524,0.3904116451740265,True,0.390410372678999,0.2381194650699818,True,True,401.52144911128374,0.0002921663218751219
164.34400000001187,40.1,True,False,30.152457351767545,-72.97598749401202,0.6278525845180905,31.918617102136015,-69.43552021593227,0.0,3.9565425324359924,-1.2772345446949443e-05,-6.968123181030135e-05,-8.063269178035424e-06,0.14069513902398026,-0.2255094619953767,0.26574764546966634,7.084212641371773e-05,0.26579999923706055,254.37684769069006,301.96000000000004,47.58315230930997,0.4219985008239746,True,0.42199387792358384,0.278204726242424,True,True,401.5098881466515,0.0002921663192603657
164.4429999999993,40.2,True,False,30.14858862770103,-72.98142458944577,0.6237997888515903,31.918617102136015,-69.43552021593227,0.0,3.963134949306264,-1.7423131872789295e-05,-5.770364356009009e-05,-9.175589437287138e-06,0.18923590912884825,-0.30331174448449894,0.3574630569137805,6.027666218667498e-05,0.35750278830528254,254.0661564354058,301.96000000000004,47.893843564594206,0.264877051115036,True,0.26485818343789524,0.10959203587667352,True,True,401.4975566039081,0.00029216632317603846
164.54300000000512,40.3,True,False,30.133866061186993,-72.98310863820876,0.6277960843912472,31.918617102136015,-69.43552021593227,0.0,3.971236569639086,-2.0815637050315572e-05,-4.6034464717087084e-05,1.3483438123009615e-05,0.19944751213143133,-0.3196791407939791,0.37676642159891016,5.052190304807615e-05,0.3767944574356079,253.67936338777082,301.96000000000004,48.28063661222919,0.2114926129579544,True,0.21147536431086203,0.06986694702377377,True,True,401.48495367477756,0.0002921663664568652
164.64300000001094,40.4,True,False,30.136942315926653,-72.98452961183413,0.6290136405217568,31.918617102136015,-69.43552021593227,0.0,3.9711248703627886,-8.223012126528957e-06,-2.881997016861684e-05,4.29023544280104e-06,0.15847317921516832,-0.2540045209338641,0.299366015993683,2.997012861088532e-05,0.29938611388206476,253.40716371725864,301.96000000000004,48.55283628274136,0.11859116703271866,True,0.11857959058847244,0.021967068071213656,True,True,401.4727210008217,0.00029216634537690466
164.7430000000022,40.5,True,False,30.12187410981171,-72.98021567318607,0.6348800409143914,31.918617102136015,-69.43552021593227,0.0,3.974059796372242,-9.013629271967548e-06,-1.0107792590445136e-05,1.402720530714807e-05,0.1450150291215213,-0.23243348295682292,0.27395729283688997,1.3543004973192907e-05,0.2739610970020294,253.4744236366268,301.96000000000004,48.485576363373234,0.11891689896583557,True,0.11892260740838795,0.0220943407696406,True,True,401.4610130404876,0.00029216635850803257
164.84300000000803,40.6,True,False,30.119472116700962,-72.97625917922895,0.637401425954634,31.918617102136015,-69.43552021593227,0.0,3.9716186983172634,-1.8934137293096775e-06,-3.967092781941277e-06,4.05751105959297e-06,0.14711028805920923,-0.23579181302463342,0.2779170779691477,4.395775323065199e-06,0.2779194414615631,253.18678220624113,301.96000000000004,48.773217793758874,0.1143859475851059,True,0.11439930807625368,0.02044555942743388,True,True,401.45006735244203,0.00029216634267099483
164.9429999999993,40.7,True,False,30.11980136631602,-72.97416874763815,0.6364661573222982,31.918617102136015,-69.43552021593227,0.0,3.9696059605932894,9.509365233379663e-08,-6.917841325360121e-06,-7.1854295142329315e-06,0.13778824725732047,-0.22085022783188146,0.26030240575965297,6.91849488007142e-06,0.26030832529067993,253.15700316703322,301.96000000000004,48.8029968329668,0.12216807901859283,True,0.12218072234120074,0.023321559037288216,True,True,401.4402917545924,0.0002921663271612058
165.04300000000512,40.8,True,False,30.121164556888722,-72.9767448720092,0.6323454863197263,31.918617102136015,-69.43552021593227,0.0,3.9712853986112826,6.183245054317658e-06,-1.9339490625660134e-05,-9.577405987957813e-06,0.11909859116874416,-0.19089400959540703,0.2249803131668895,2.030390152314919e-05,0.22499999403953552,253.08335208698307,301.96000000000004,48.876647913016946,0.11038130521774292,True,0.11038188110968099,0.019034776622872816,True,True,401.43031716366426,0.0002921663242223976
165.14300000001094,40.9,True,False,30.12403726702331,-72.97812923273904,0.6289153231585315,31.918617102136015,-69.43552021593227,0.0,3.9712208992391407,-4.939902165865734e-06,-1.9285541216493326e-05,-1.3641224629452436e-05,0.11182770191115547,-0.17924005810794788,0.21125014815228577,1.9908157459227307e-05,0.21126389503479,252.5988583227698,301.96000000000004,49.36114167723023,0.10805729031562805,True,0.10805420585290083,0.01824045025226952,True,True,401.42001160404516,0.0002921663112706885
165.2430000000022,41.0,True,False,30.12890078992958,-72.97685033861484,0.6307938956034114,31.918617102136015,-69.43552021593227,0.0,3.967884009897053,-1.2814308461020135e-05,-1.3665245698146862e-05,3.4327048025248958e-06,0.09264253175473007,-0.14848961832532082,0.17501463309389878,1.873353787528916e-05,0.17501944303512573,252.48470136949678,301.96000000000004,49.47529863050323,0.1074909120798111,True,0.1074908370830861,0.018050743403248515,True,True,401.409830330756,0.0002921663434720507
165.34300000000803,41.1,True,False,30.127153647238952,-72.97740541503225,0.6298885096930693,31.918617102136015,-69.43552021593227,0.0,3.9691676802366542,2.5263974207195465e-06,-1.7058849802563197e-05,-5.741629083375323e-07,0.09313803793499092,-0.14928382722906242,0.1759397386941122,1.7244913467855637e-05,0.1759555488824844,252.34214036940207,301.96000000000004,49.61785963059794,0.11498204618692398,True,0.1149845080096556,0.02065526947760696,True,True,401.40006945310597,0.00029216633769058026
165.4429999999993,41.2,True,False,30.12852613922446,-72.97688893554336,0.6318039009166105,31.918617102136015,-69.43552021593227,0.0,3.968087456664417,-1.1372249199768423e-05,-1.763362292827244e-05,7.119540111019885e-06,0.11512275766984019,-0.18452145060338518,0.21747994471346618,2.0982676412653584e-05,0.21748888492584229,252.0933458359752,301.96000000000004,49.866654164024794,0.12623533606529236,True,0.12623490397060066,0.0248949415368077,True,True,401.39030023322687,0.00029216635003961655
165.54300000000512,41.3,True,False,30.12844706599168,-72.97634238677469,0.6309701792997843,31.918617102136015,-69.43552021593227,0.0,3.967635366794462,-4.286674958515324e-06,-1.7141286412228238e-05,-5.8255990036674175e-06,0.1177429277167142,-0.1887211204832824,0.22242661320474075,1.7669161894838216e-05,0.22243888676166534,251.73471667459526,301.96000000000004,50.225283325404746,0.1320236623287201,True,0.1320265383454896,0.027231695091005065,True,True,401.3810072447332,0.0002921663267846581
165.6420000000071,41.4,True,False,30.12891103248427,-72.97757899427545,0.6315678703849151,31.918617102136015,-69.43552021593227,0.0,3.968529728373751,-1.559231079998603e-05,-2.757377075469007e-05,3.910923873012225e-06,0.11414350570337092,-0.1829518826307578,0.21562375201104098,3.167701042894614e-05,0.21563889086246488,251.37834093994664,301.96000000000004,50.58165906005337,0.1459038257598877,True,0.14589561122695316,0.033253446087996935,True,True,401.3711744155491,0.0002921663460798349
165.7430000000022,41.5,True,False,30.12954795903638,-72.97973941518737,0.6292870215569264,31.918617102136015,-69.43552021593227,0.0,3.970171045579736,-4.213968093159706e-06,-2.4183049386783293e-05,-7.813326088528536e-06,0.11042792317814944,-0.17699645999089453,0.20860115944200372,2.454745210268813e-05,0.20861944556236267,251.05158981456583,301.96000000000004,50.908410185434164,0.1132747158408165,True,0.11326798588482591,0.02004317686270874,True,True,401.3616438368938,0.00029216632395475
165.84300000000803,41.6,True,False,30.125837094343538,-72.9817552036342,0.6290924441911616,31.918617102136015,-69.43552021593227,0.0,3.9736435099718803,-1.2538611318780737e-05,-2.7750916613720408e-05,-4.462864430993371e-07,0.10153081830461862,-0.1627359720503381,0.1917942088757072,3.0452095932876605e-05,0.19181111454963684,250.699771517635,301.96000000000004,51.260228482365,0.1212901696562767,True,0.1212787696254742,0.02297850488148861,True,True,401.351863358363,0.000292166340428219
165.9429999999993,41.7,True,False,30.12391419988735,-72.98370181114137,0.6291193037211944,31.918617102136015,-69.43552021593227,0.0,3.9762483750289523,-1.0334458611752317e-05,-2.5368199872966402e-05,5.671157242504897e-07,0.09345563956270114,-0.14979288655186945,0.1765395079098963,2.7392455158178032e-05,0.1765555590391159,250.4543940763804,301.96000000000004,51.50560592361961,0.10197118669748306,True,0.10195975163740517,0.016240886845447017,True,True,401.3420702708058,0.00029216634340780914
166.04300000000512,41.8,True,False,30.122466458330003,-72.98298920148633,0.6313345374839008,31.918617102136015,-69.43552021593227,0.0,3.976266256013638,-9.126710430819811e-06,-2.1508443690549902e-05,6.8261379344241775e-06,0.08675082673727624,-0.139046255619698,0.16387547055493412,2.336471684565407e-05,0.16388888657093048,250.37728188918067,301.96000000000004,51.582718110819364,0.13323974609375,True,0.1332372396765951,0.02773342174497138,True,True,401.33259906250163,0.0002921663502471185
166.14300000001094,41.9,True,False,30.117078595020885,-72.9847747117932,0.6311606646810267,31.918617102136015,-69.43552021593227,0.0,3.980295022860438,-1.2900431232124913e-05,-2.7141796870965918e-05,1.4642175938701973e-06,0.08498052065952985,-0.1362087676017808,0.16052824310874417,3.005159335808268e-05,0.16054444015026093,250.1467435979538,301.96000000000004,51.8132564020462,0.13157713413238525,True,0.13156776901089928,0.02704277305794806,True,True,401.3228904705252,0.0002921663441551662
166.2430000000022,42.0,True,False,30.116707495248356,-72.98485522476872,0.630256040597943,31.918617102136015,-69.43552021593227,0.0,3.980534792756632,-1.0542199378056613e-05,-2.556751002009382e-05,-8.019396423841059e-06,0.08054741212052077,-0.12910327747231262,0.15215334111782305,2.7655660114238735e-05,0.15216945111751556,249.83247852940536,301.96000000000004,52.12752147059464,0.15151599049568176,True,0.1515120601165901,0.035862999439816697,True,True,401.31386251168874,0.0002921663237601636
166.34300000000803,42.1,True,False,30.11973695688109,-72.98661890539758,0.6298713940834605,31.918617102136015,-69.43552021593227,0.0,3.9807375798103783,-8.475406118930839e-06,-2.701336043020247e-05,2.0273352282181008e-06,0.08050035476913452,-0.12902785284806717,0.15206211995333643,2.8311731678101903e-05,0.15208055078983307,249.71486375208553,301.96000000000004,52.24513624791448,0.12763656675815582,True,0.12762820535322966,0.025447523704505655,True,True,401.3045535558382,0.00029216634439199453
166.4429999999993,42.2,True,False,30.116069107021293,-72.98706071656034,0.6313916341791738,31.918617102136015,-69.43552021593227,0.0,3.9827903789044115,-1.1963170278913637e-05,-2.585108477407017e-05,8.300692191119134e-06,0.074999763701704,-0.12021137673611416,0.14167328521780628,2.8485014079660292e-05,0.14168888330459595,249.7078425745592,301.96000000000004,52.252157425440814,0.14828306436538696,True,0.1482777197827608,0.03434820137136054,True,True,401.29554121038467,0.00029216635429004897
166.54300000000512,42.3,True,False,30.122440938980933,-72.99057944164048,0.6286586849451951,31.918617102136015,-69.43552021593227,0.0,3.9830509546551798,-9.75096281060231e-06,-3.7568936977800195e-05,-5.967065334953306e-06,0.06843169799344027,-0.10968392728408738,0.1292538426276521,3.8813738564787496e-05,0.12928055226802826,249.08080284662364,301.96000000000004,52.87919715337637,0.16182006895542145,True,0.16180685411785922,0.04090214004412593,True,True,401.2864513209874,0.00029216633414832653
166.64300000001094,42.4,True,False,30.103735028514212,-72.99087352026568,0.6319993829062613,31.918617102136015,-69.43552021593227,0.0,3.9917833182411417,-1.9966400230400652e-05,-2.7430662430121122e-05,1.2471721727740857e-05,0.06908453789614527,-0.11073031436077965,0.13050119146267633,3.3927840772967e-05,0.13051389157772064,249.16199730698787,301.96000000000004,52.79800269301215,0.1462087780237198,True,0.14619855857006267,0.03339168879803736,True,True,401.2773470845155,0.00029216636902749374
166.74400000000605,42.5,True,False,30.10479257325622,-72.99461730679272,0.6309974492001031,31.918617102136015,-69.43552021593227,0.0,3.994637846380735,-1.872639089442084e-05,-4.210861864782406e-05,5.0822375607691585e-06,0.05446187610745293,-0.08729276978188469,0.10286308337788101,4.608485087703468e-05,0.10288888961076736,249.29516610169418,301.96000000000004,52.66483389830584,0.1693989783525467,True,0.16937926616290921,0.044820087144594865,True,True,401.2677906519587,0.0002921663642194635
166.84300000000803,42.6,True,False,30.109143406122765,-72.99229882346559,0.633828730820658,31.918617102136015,-69.43552021593227,0.0,3.990597589280394,-1.3455944947793296e-05,-3.0128970448370796e-05,6.459057554431048e-06,0.04319455885808909,-0.06923324996718665,0.08158433978962294,3.299723192506978e-05,0.08160277456045151,248.81004007328073,301.96000000000004,53.149959926719276,0.20681388676166534,True,0.2068129195954771,0.0668201635003962,True,True,401.2590750872234,0.00029216634925609454
166.94200000001,42.7,True,False,30.12710645996767,-72.99335903572481,0.6333466161431791,31.918617102136015,-69.43552021593227,0.0,3.9834316171644244,-5.033904826436718e-06,-2.9882801576604574e-05,1.317198389748021e-06,0.033203512541415875,-0.05321936707632253,0.06270509384799353,3.0303828600827713e-05,0.06272777915000916,247.74621596732817,301.96000000000004,54.213784032671825,0.1718379110097885,True,0.17183515516205405,0.04612923384258823,True,True,401.25014451089197,0.0002921663425924818
167.04400000000896,42.8,True,False,30.142579432345467,-72.99466673717207,0.6318039980987974,31.918617102136015,-69.43552021593227,0.0,3.977666874458994,-2.463031353443484e-06,-2.8848519775982406e-05,-9.433417251535514e-07,0.02226114420819944,-0.03568068299031226,0.04203238642322834,2.8953473310007102e-05,0.04205555468797683,246.93047527241097,301.96000000000004,55.029524727589035,0.19097749888896942,True,0.19097992553746324,0.05698068187719991,True,True,401.24198760044953,0.0002921663399112635
167.14300000001094,42.9,True,False,30.133233142005956,-72.99379700325181,0.6350351202796429,31.918617102136015,-69.43552021593227,0.0,3.981071411098622,-1.8290540774997735e-05,-2.4567917756707013e-05,1.504130901630235e-05,0.013494900339112402,-0.02162994213066432,0.025483298896258413,3.0628850202744706e-05,0.025494445115327835,247.1278427300183,301.96000000000004,54.83215726998171,0.17730674147605896,True,0.17730392212155963,0.04911214335906787,True,True,401.2339304969725,0.00029216636628704503
167.2430000000022,43.0,True,False,30.13321852532349,-72.99491103493968,0.6377754369400827,31.918617102136015,-69.43552021593227,0.0,3.9820737161080273,-1.600693088811335e-05,-3.879803914030125e-05,2.073355367583284e-05,0.009917531036514528,-0.01589605087909718,0.01871169805710188,4.197034283382952e-05,0.018736111000180244,246.92706507564603,301.96000000000004,55.03293492435398,0.23814253509044647,True,0.2381367522502823,0.08859415197117436,True,True,401.2261668352337,0.000292166374911079
167.34300000000803,43.1,True,False,30.132680173703648,-72.99219881768062,0.6365979408670113,31.918617102136015,-69.43552021593227,0.0,3.9798911277160585,-8.939113298056379e-06,-2.2708045614587452e-05,-1.496748051569456e-05,0.0100366296750088,-0.016086944964547052,0.018946587029546977,2.44041611654585e-05,0.018961111083626747,246.46806321885504,301.96000000000004,55.49193678114497,0.21903888881206512,True,0.2190495307777987,0.07496125642525708,True,True,401.21953218403746,0.0002921663136151153
167.4429999999993,43.2,True,False,30.134426924711683,-72.98985372888207,0.6342971753380129,31.918617102136015,-69.43552021593227,0.0,3.9770116055268816,-8.796069076984333e-06,-1.778400081045294e-05,-1.694659290387449e-05,0.008275146850647326,-0.013263599063675894,0.015622910323524345,1.9840401105654865e-05,0.01563333347439766,246.20458824910793,301.96000000000004,55.755411750892094,0.19718943536281586,True,0.19720109405574382,0.06075343567316942,True,True,401.21318623811885,0.0002921663152505424
167.54300000000512,43.3,True,False,30.13673374046615,-72.99248887963593,0.6319769460802196,31.918617102136015,-69.43552021593227,0.0,3.9783331169178986,-1.946665592889577e-05,-4.1067607150605554e-05,-1.1877798069646275e-06,0.006359276811020263,-0.01019279772052699,0.011989411683313718,4.544776177250626e-05,0.012013888917863369,245.8618277026362,301.96000000000004,56.09817229736382,0.23866645991802216,True,0.23865832818268257,0.08898266135381684,True,True,401.20615164481615,0.00029216633729426235
167.64300000001094,43.4,True,False,30.136761254015706,-72.99844559804755,0.6312494765310933,31.918617102136015,-69.43552021593227,0.0,3.9836475172888814,-3.217051612676942e-05,-6.347260599459084e-05,1.029514408454357e-05,0.006287229608221076,-0.010077318777514275,0.011841111986568955,7.115977669728384e-05,0.011877777986228466,245.0531616755624,301.96000000000004,56.90683832443762,0.2773747742176056,True,0.27734674020920863,0.12017062896535083,True,True,401.1979479643575,0.00029216637729789015
167.7430000000022,43.5,True,False,30.135081320997156,-72.99775415179506,0.6325708993310484,31.918617102136015,-69.43552021593227,0.0,3.9837809297720077,-1.739700308505413e-05,-3.4931978662893585e-05,-5.285791429930083e-06,0.008084001009353865,-0.012957226035213303,0.01525183049472775,3.902433663300679e-05,0.015272222459316252,244.67102899004095,301.96000000000004,57.28897100995904,0.2204194813966751,True,0.22041518026387366,0.07589885179791038,True,True,401.19093401298755,0.0002921663301847329
167.84300000000803,43.6,True,False,30.148945059112105,-72.9998123466529,0.6318960088791297,31.918617102136015,-69.43552021593227,0.0,3.9794368361587837,-9.32244031373396e-06,-3.960412064440925e-05,3.2657335480101407e-06,0.005519705158585594,-0.008847112624648578,0.010399151515267784,4.0686536660424355e-05,0.010427777655422688,243.6390265204642,301.96000000000004,58.320973479535795,0.24013008177280426,True,0.240127830853754,0.09008182959005517,True,True,401.1836345265489,0.00029216634984191077
167.94400000000314,43.7,True,False,30.154660517808622,-73.00268156017883,0.6301835504660844,31.918617102136015,-69.43552021593227,0.0,3.979470176704289,-1.2779830453723972e-05,-3.793691005780329e-05,1.4594053940186394e-06,0.003934664725106431,-0.006306572717766068,0.007407976336956251,4.0031652615896176e-05,0.007433333434164523,242.91759842982174,301.96000000000004,59.04240157017827,0.22156192362308502,True,0.22155690910615242,0.07668718536540185,True,True,401.17632502879917,0.0002921663447534958
168.04200000000128,43.8,True,False,30.153739083499353,-73.01047813295851,0.6272271006331862,31.918617102136015,-69.43552021593227,0.0,3.9868682608252124,-2.037138133474326e-05,-4.8680820571438965e-05,7.51062290565961e-06,0.0033377012368913748,-0.005349745666084376,0.006275184475823251,5.2771350835412215e-05,0.006305555347353219,242.5099087479312,301.96000000000004,59.450091252068816,0.15954165160655975,True,0.15951360625387703,0.03975096443052868,True,True,401.16822945376936,0.0002921663834871173
168.14300000001094,43.9,True,False,30.12466635098471,-73.01601778095612,0.6295517055599226,31.918617102136015,-69.43552021593227,0.0,4.004774913861955,-2.588164176781361e-05,-4.690192189073034e-05,2.0103962060518053e-05,0.002753971149830911,-0.004414129419519645,0.00517689651808932,5.356911104024038e-05,0.005202777683734894,242.8345036883905,301.96000000000004,59.12549631160953,0.16432903707027435,True,0.16429961172351504,0.042172104782231205,True,True,401.16004964070476,0.000292166413488644
168.2430000000022,44.0,True,False,30.082176409823866,-73.00805706486102,0.6363212055784969,31.918617102136015,-69.43552021593227,0.0,4.016906017488296,-1.4566241214495722e-05,-3.3071528231891017e-06,7.25579099932281e-06,0.003928783295644545,-0.0062971458249614235,0.0074271401495292376,1.4936955610659136e-05,0.007422222290188074,243.75386086749347,301.96000000000004,58.20613913250654,0.18324588239192963,True,0.18326432058253217,0.05246963523052188,True,True,401.153527988715,0.0002921663613703937
168.34400000001187,44.1,True,False,30.04738255824402,-73.00681014444325,0.6362450736527174,31.918617102136015,-69.43552021593227,0.0,4.031827187732459,-1.3383631236675656e-05,-8.232924987747491e-06,2.204583657385896e-06,0.004264023789023511,-0.006834477134524789,0.008055670316437665,1.5713135872040226e-05,0.008055555634200573,244.41719870279886,301.96000000000004,57.54280129720116,0.1776503324508667,True,0.1776647191604882,0.04931222403939619,True,True,401.14637966874477,0.0002921663541481189
168.44200000001,44.2,True,False,30.041240359474497,-73.0089088630421,0.635634704667687,31.918617102136015,-69.43552021593227,0.0,4.036539341710885,-7.128639144285956e-06,-2.8433049874206944e-05,6.378784103121179e-06,0.008278087935108968,-0.013268313102691233,0.015618554270330626,2.9313065707949853e-05,0.015638889744877815,244.0737415582866,301.96000000000004,57.88625844171341,0.1837245523929596,True,0.1837241513607922,0.05273326998469229,True,True,401.1400676723782,0.00029216635292826496
168.54300000000512,44.3,True,False,30.040590006154652,-73.00852721305857,0.6370172894386507,31.918617102136015,-69.43552021593227,0.0,4.036504028829116,-8.58844809429965e-06,-2.398460166178748e-05,9.85500318049363e-06,0.010154258264246518,-0.016275482820639946,0.019167541513193255,2.5475921132377096e-05,0.019183333963155746,243.82145004537014,301.96000000000004,58.13854995462987,0.18452556431293488,True,0.1845284502848567,0.05319598704711704,True,True,401.13434199930737,0.00029216636097828324
168.64300000001094,44.4,True,False,30.039716724324546,-73.00444301676879,0.640651224201466,31.918617102136015,-69.43552021593227,0.0,4.033295995593536,2.822596650719133e-06,-1.2451330761642244e-05,1.3883591961251667e-05,0.006684224741219145,-0.010713631868913392,0.012615720333281066,1.2767250666782936e-05,0.012627777643501757,243.57634442581463,301.96000000000004,58.383655574185404,0.2028266340494156,True,0.20284756949991578,0.06428236101367259,True,True,401.1291838325194,0.00029216639663551356
168.74400000000605,44.5,True,False,30.053092165913476,-73.00239771136529,0.6424493141200772,31.918617102136015,-69.43552021593227,0.0,4.025269972945248,-1.3327946924153838e-05,-2.5833629221173396e-05,9.551706481705162e-06,0.008722134503802123,-0.013980041336527508,0.016462934640175675,2.9069065481197117e-05,0.016477778553962708,242.7821432490112,301.96000000000004,59.177856750988795,0.26300469040870667,True,0.2630163459949496,0.10807311829904134,True,True,401.1239574407785,0.00029216637474816317
168.8420000000042,44.6,True,False,30.06077316812102,-73.00130503126924,0.6411480784068001,31.918617102136015,-69.43552021593227,0.0,4.020746874952962,-1.9007473143617597e-05,-3.550890414102022e-05,-5.824160265735536e-06,0.006992999171750322,-0.011208542753468874,0.013191092547104002,4.027612578937437e-05,0.013211111538112162,242.25187710103532,301.96000000000004,59.70812289896469,0.2987822890281677,True,0.2987887864062188,0.13946999692014722,True,True,401.1184667623734,0.00029216634222189514
168.94400000000314,44.7,True,False,30.059545921820447,-73.0009322914608,0.6423891035624121,31.918617102136015,-69.43552021593227,0.0,4.020983576415671,-1.7938855884331564e-05,-3.9654113562455186e-05,1.1432812965726778e-05,0.003293590639170797,-0.005279044167587214,0.0061981800340772325,4.3522997057451245e-05,0.006222222000360489,242.13075077987105,301.96000000000004,59.82924922012898,0.31646016240119934,True,0.31646607108657127,0.15646114832684554,True,True,401.11265431348426,0.0002921663742899806
169.04300000000512,44.8,True,False,30.05508258100101,-73.00354704847356,0.6419081636346683,31.918617102136015,-69.43552021593227,0.0,4.025366615501813,-1.8046477670045726e-05,-4.320564259495153e-05,7.99003000365531e-06,0.0030068718772306067,-0.00481948462489333,0.0056535804558315176,4.682310229297231e-05,0.00568055547773838,242.24400102715174,301.96000000000004,59.71599897284826,0.2548229396343231,True,0.25481614933476493,0.1014392664147827,True,True,401.1066151976376,0.0002921663615802606
169.14300000001094,44.9,True,False,30.057654745801507,-73.00331216143064,0.6424166666728092,31.918617102136015,-69.43552021593227,0.0,4.023968222794153,-2.8693322228169407e-05,-4.650187572380914e-05,2.0695499409610388e-08,0.004706599815485846,-0.007543848348853395,0.008867536593565886,5.4641844646041654e-05,0.008891666308045387,241.81930502295563,301.96000000000004,60.1406949770444,0.3345394730567932,True,0.334537173672579,0.1748400691673469,True,True,401.10087825800986,0.0002921663446276855
169.2430000000022,45.0,True,False,30.055861632775517,-73.00220148708372,0.6447199035355248,31.918617102136015,-69.43552021593227,0.0,4.023813269600739,-1.3436846150865291e-05,-3.0424384007293925e-05,1.088471877233884e-05,0.007126801260655745,-0.011423003873392687,0.013445217277673798,3.3259464468107504e-05,0.013463889248669146,241.42033332591984,301.96000000000004,60.53966667408019,0.2524334490299225,True,0.25243978729659966,0.09955608592041083,True,True,401.09576808897503,0.00029216636946855
169.34300000000803,45.1,True,False,30.058315658281902,-72.99811097455998,0.6469241025926737,31.918617102136015,-69.43552021593227,0.0,4.019051427322775,-1.1512124736701036e-05,-2.170245029160402e-05,2.2840605435360537e-06,0.007281187982947069,-0.011670458525519739,0.013743252633957335,2.4566753237107e-05,0.013755555264651775,240.88315558174702,301.96000000000004,61.07684441825298,0.28542590141296387,True,0.2854459458723115,0.12729166321610488,True,True,401.0913195738418,0.0002921663705727098
169.4429999999993,45.2,True,False,30.01114206696781,-72.9982128580219,0.65520666732232,31.918617102136015,-69.43552021593227,0.0,4.041192877330841,-1.332417281396799e-05,-2.5619173842226723e-05,-8.70295685332022e-06,0.005402077062322141,-0.008658575558706375,0.010190903123888498,2.8876905123899922e-05,0.010205555707216263,242.15922852524903,301.96000000000004,59.800771474750995,0.2668837010860443,True,0.2668961583919884,0.11128505588017698,True,True,401.0864060176425,0.000292166349281152
169.54200000000128,45.3,True,False,30.012723178990242,-73.00622444649794,0.6504360594169518,31.918617102136015,-69.43552021593227,0.0,4.047512859579761,-3.065619584383683e-05,-6.056498082830988e-05,-8.006768743260486e-06,0.0140124641598613,-0.02245950553687029,0.02643712857626414,6.788165618448935e-05,0.026472222059965134,241.86653190191646,301.96000000000004,60.09346809808356,0.2502380609512329,True,0.25020887895277477,0.09780422967839157,True,True,401.0802861715773,0.00029216634423501805
169.64300000001094,45.4,True,False,30.0200653598336,-73.0112013823835,0.6489563160500532,31.918617102136015,-69.43552021593227,0.0,4.048455819483966,-4.032479595327485e-05,-5.799065199762556e-05,-2.1668223956797043e-06,0.019962982978959723,-0.031997136380388876,0.03768608963261256,7.063288814555841e-05,0.03771388903260231,241.3043282321991,301.96000000000004,60.6556717678009,0.21381066739559174,True,0.21377380722055916,0.07139391313845368,True,True,401.0734468650641,0.0002921663817457994
169.7430000000022,45.5,True,False,30.026570531026415,-73.01465084216287,0.6503689160118252,31.918617102136015,-69.43552021593227,0.0,4.0484585050200765,-3.558006064986253e-05,-5.991910964992417e-05,6.96664706764617e-06,0.012574459216442152,-0.02015463755502855,0.023723633785085355,6.968673056678389e-05,0.023755555972456932,240.78426201341466,301.96000000000004,61.175737986585354,0.24644769728183746,True,0.24641672676832466,0.09486206438325726,True,True,401.0673284289777,0.0002921664034026498
169.84300000000803,45.6,True,False,30.03831631621693,-73.01752932826145,0.6510448183575908,31.918617102136015,-69.43552021593227,0.0,4.045530907845985,-2.262389514485967e-05,-4.5960995431638106e-05,-1.0660322888886969e-06,0.009114718503081994,-0.014609284159554306,0.017192481138134368,5.122747048793902e-05,0.01721944473683834,239.7884130414501,301.96000000000004,62.17158695854992,0.207471564412117,True,0.2074528651331485,0.06723432934692984,True,True,401.06076599318806,0.0002921663757911103
169.94200000001,45.7,True,False,30.019699566623206,-73.01922805074985,0.6524030588697066,31.918617102136015,-69.43552021593227,0.0,4.055718142574864,-2.1887785291138956e-05,-3.206179763313424e-05,4.017235168526627e-06,0.008034008982171402,-0.012877097643911496,0.01516220362019286,3.8820535962542445e-05,0.01517777796834707,240.18543237778368,301.96000000000004,61.77456762221632,0.17293928563594818,True,0.1729275123048617,0.04671758564408263,True,True,401.05358097084195,0.000292166366035226
170.04400000000896,45.8,True,False,29.99265687642907,-73.02050223112388,0.6532924519238539,31.918617102136015,-69.43552021593227,0.0,4.069572316626462,-2.410991835874184e-05,-2.7554279202839658e-05,8.0494295174476e-06,0.009033849032846413,-0.01447966467979695,0.01705608734125966,3.661320070211343e-05,0.01706666685640812,240.9112227889648,301.96000000000004,61.0487772110352,0.17108279466629028,True,0.17107348377518444,0.045721198040738424,True,True,401.0466530156219,0.0002921663712568965
170.14300000001094,45.9,True,False,29.975799799923042,-73.01748171244328,0.6551755617687455,31.918617102136015,-69.43552021593227,0.0,4.074921745538865,-1.3341494264286034e-05,-8.701185913366979e-06,3.0049318514716934e-06,0.0104792061944454,-0.016796316969026347,0.01979690886682239,1.5928154491432868e-05,0.019797222688794136,241.16047429734485,301.96000000000004,60.79952570265517,0.1679251343011856,True,0.16793719711418273,0.04406015328271769,True,True,401.040982419252,0.00029216635273578867
170.24200000001292,46.0,True,False,29.96836454460169,-73.01480973076544,0.6561552938479841,31.918617102136015,-69.43552021593227,0.0,4.076125423630116,-3.6899395680153885e-06,-5.666911330586756e-06,-1.4250263809684148e-06,0.005975514586202522,-0.009577694644094142,0.01128603569362553,6.762361868780622e-06,0.01128888875246048,241.32948293916397,301.96000000000004,60.630517060836034,0.15757693350315094,True,0.1575948287330939,0.03880039330312992,True,True,401.03614136200315,0.0002921663538468691
170.3420000000042,46.1,True,False,29.961637132112926,-73.01717249652413,0.6539337640051601,31.918617102136015,-69.43552021593227,0.0,4.081421769695016,-1.2847894888743294e-05,-2.7963973728322575e-05,-5.653097658329365e-06,0.0012762663726786838,-0.0020456296149400453,0.002394324588390683,3.077421371457785e-05,0.002411111025139689,241.36399627191014,301.96000000000004,60.59600372808988,0.17597556114196777,True,0.17597230044442572,0.048377210835302616,True,True,401.03175440451196,0.0002921663353515583
170.4429999999993,46.2,True,False,29.960438931948744,-73.02039422546402,0.6523471546786876,31.918617102136015,-69.43552021593227,0.0,4.084823547035316,-1.8496495553535056e-05,-3.786285086957e-05,5.601205168461823e-07,0.007054753564882293,-0.011307524140229282,0.013305492549858808,4.2139243274330874e-05,0.01332777738571167,241.14606989791224,301.96000000000004,60.81393010208778,0.17540468275547028,True,0.1753899944751781,0.048057572691532977,True,True,401.0271561014539,0.0002921663504213023
170.54200000000128,46.3,True,False,29.961168086548238,-73.02068624527864,0.6536163578165861,31.918617102136015,-69.43552021593227,0.0,4.0847303591063095,-2.6223491736781356e-05,-2.521297711011867e-05,3.984879567197653e-06,0.012718553622040525,-0.02038559544105398,0.024020293873263387,3.6378094145026454e-05,0.024027777835726738,240.81600741508132,301.96000000000004,61.1439925849187,0.16197186708450317,True,0.1619623920091694,0.04098081273441697,True,True,401.0227633491865,0.00029216636008385727
170.64300000001094,46.4,True,False,29.96278147291096,-73.02082286134794,0.6549429560724721,31.918617102136015,-69.43552021593227,0.0,4.0840773826864165,-2.1437978143264856e-05,-2.6840493574181757e-05,3.5206580689027253e-06,0.010586541481041637,-0.016968356478716244,0.019988601553918493,3.435111355075398e-05,0.019999999552965164,240.40390114235342,301.96000000000004,61.55609885764659,0.17124050855636597,True,0.17123332288134954,0.04580667533763796,True,True,401.01835822697245,0.000292166356009413
170.7430000000022,46.5,True,False,29.964665115206323,-73.02026476668559,0.6562764819234962,31.918617102136015,-69.43552021593227,0.0,4.08268561872967,-1.8414277024752472e-05,-2.6845172577904978e-05,2.746556724458501e-06,0.01785743665432149,-0.028622317447983672,0.03372309418148359,3.255378455850914e-05,0.03373610973358154,240.08524911996955,301.96000000000004,61.87475088003048,0.19740837812423706,True,0.19740674255584537,0.06088021354385341,True,True,401.0140776593426,0.0002921663508221743
170.84300000000803,46.6,True,False,29.977821664447173,-73.02399170164891,0.6536612211018622,31.918617102136015,-69.43552021593227,0.0,4.07968314146518,-1.564729678993342e-05,-4.635280338237918e-05,-3.295382290783454e-06,0.027495602133024193,-0.04407059467207601,0.05191341558116443,4.892259476190694e-05,0.05194444581866264,239.43367747422235,301.96000000000004,62.52632252577767,0.20151792466640472,True,0.20150152673037905,0.06343207009849984,True,True,401.00944756886884,0.0002921663547472237
170.9429999999993,46.7,True,False,29.965734768738127,-73.0254071889838,0.6541494128077007,31.918617102136015,-69.43552021593227,0.0,4.086690334168065,-2.6093508528730114e-05,-3.4226030728131215e-05,-8.193182454003717e-07,0.03204781522621872,-0.05136698836880235,0.06052923352217604,4.3038266307344365e-05,0.0605444461107254,239.38368242461104,301.96000000000004,62.57631757538896,0.19631662964820862,True,0.19630455480397468,0.06020228228377645,True,True,401.0050899295878,0.00029216635160599433
171.04300000000512,46.8,True,False,29.952835464007944,-73.02396517372536,0.658072818956077,31.918617102136015,-69.43552021593227,0.0,4.091605389564359,-2.1059094032827666e-05,-1.798938083562449e-05,1.5548838962370473e-05,0.05312973738732199,-0.08515758666067724,0.10036811342042858,2.769662911497736e-05,0.10037222504615784,239.6550205188576,301.96000000000004,62.304979481142404,0.17492103576660156,True,0.17492189919806128,0.04780139497819413,True,True,401.0009899767731,0.00029216637728029843
171.14300000001094,46.9,True,False,29.944584445924026,-73.02301736607696,0.6602692768163042,31.918617102136015,-69.43552021593227,0.0,4.0947455024809045,-2.2861021105192518e-05,-2.8092107240237945e-05,1.1591153310990222e-05,0.0789564855743242,-0.1265533031661939,0.14915215795339246,3.621867992029923e-05,0.1491638869047165,239.83104585864436,301.96000000000004,62.128954141355656,0.2563163638114929,True,0.2563204159883993,0.10264046270203622,True,True,400.99689459257513,0.00029216636859496977
171.2430000000022,47.0,True,False,29.953682006713787,-73.02604781542239,0.6573308313302676,31.918617102136015,-69.43552021593227,0.0,4.093025576749089,-2.26130064675403e-05,-5.624616868422576e-05,-6.422370602511877e-06,0.09471720408713503,-0.1518149517003253,0.17890315158646206,6.06216096219442e-05,0.17893889546394348,239.0970073751465,301.96000000000004,62.862992624853526,0.3026215732097626,True,0.3026089886642972,0.1430592193795713,True,True,400.99274559944877,0.00029216634291991675
171.34300000000803,47.1,True,False,29.95298746278593,-73.0291853679678,0.654761967680978,31.918617102136015,-69.43552021593227,0.0,4.0961114613796905,-3.399512521380913e-05,-6.3752132349153e-05,-7.546088350778256e-06,0.12462417800327877,-0.1997505495079356,0.23540279771882863,7.224958766225922e-05,0.23543888330459595,238.9117132627364,301.96000000000004,63.048286737263595,0.35551220178604126,True,0.35549560995341756,0.19743342820925303,True,True,400.9887628224244,0.0002921663418095044
171.4429999999993,47.2,True,False,29.938863882761712,-73.02745948650944,0.6574988007981818,31.918617102136015,-69.43552021593227,0.0,4.101396168762215,-3.537206472871929e-05,-4.3914570385102566e-05,7.1081926956097446e-06,0.1910503225999825,-0.3062199288649338,0.36091203143534983,5.638858444118663e-05,0.36093056201934814,239.14835465952123,301.96000000000004,62.811645340478776,0.37979504466056824,True,0.37979839975417945,0.2253504677184052,True,True,400.985159921987,0.0002921663597910337
171.54300000000512,47.3,True,False,29.939425218875876,-73.02980999171385,0.6554658032498235,31.918617102136015,-69.43552021593227,0.0,4.103184068872707,-3.8547888005956984e-05,-6.431296388509953e-05,-5.162252712615662e-06,0.23600342319797143,-0.37827181069397625,0.4458214030903073,7.498064412504016e-05,0.44585555791854853,238.70051264830073,301.96000000000004,63.25948735169928,0.399384081363678,True,0.3993715127103389,0.24917609146287778,True,True,400.98118192307777,0.00029216634089164104
171.64300000001094,47.4,True,False,29.934902175994395,-73.02913855531322,0.65730964577717,31.918617102136015,-69.43552021593227,0.0,4.104779857353153,-3.893669957342482e-05,-5.4360443893911836e-05,7.149371803390976e-06,0.25668540519782085,-0.4114213755342312,0.48490226729412594,6.686646718658222e-05,0.4849277734756469,238.73628838488793,301.96000000000004,63.22371161511209,0.4208936393260956,True,0.420892621356546,0.2767545866400456,True,True,400.97767561005276,0.0002921663596708333
171.7430000000022,47.5,True,False,29.939537963580932,-73.03286531802605,0.6540415726423565,31.918617102136015,-69.43552021593227,0.0,4.105806378803323,-4.2983437482053484e-05,-7.609446786694792e-05,-9.09924211274117e-06,0.3329129193332124,-0.5336006194026865,0.6288943090033278,8.739533132683673e-05,0.6289361119270325,238.29122729527003,301.96000000000004,63.66877270472998,0.42666566371917725,True,0.4266450257439526,0.28437117719724286,True,True,400.9737040373522,0.0002921663452626113
171.84300000000803,47.6,True,False,29.93263902166511,-73.03663977089872,0.6517479536497461,31.918617102136015,-69.43552021593227,0.0,4.112441000825741,-5.855216025492378e-05,-8.657512647596256e-05,-1.03408361772169e-05,0.35339641806281646,-0.5664320506116118,0.667590902857339,0.00010451606572602697,0.6676333546638489,237.96258320399423,301.96000000000004,63.99741679600578,0.5071793794631958,True,0.5071543048486762,0.4018208196133117,True,True,400.9697947466016,0.0002921663512175661
171.9429999999993,47.7,True,False,29.925698337931863,-73.03968257167652,0.6519561667521468,31.918617102136015,-69.43552021593227,0.0,4.118459844077753,-6.256080804226171e-05,-8.935287429648717e-05,5.086979223935255e-06,0.3902875516291749,-0.6255620229806723,0.7372850678874132,0.0001090769950445306,0.7373277544975281,237.92153007818112,301.96000000000004,64.03846992181889,0.5394403338432312,True,0.5394155188980062,0.4545682269335435,True,True,400.965546097721,0.0002921663867125619
172.04300000000512,47.8,True,False,29.91540897864394,-73.0389976511872,0.6542985551846868,31.918617102136015,-69.43552021593227,0.0,4.12285003515967,-6.0723658176937954e-05,-8.200428359862994e-05,1.0252450546579033e-05,0.4611674071453471,-0.7391699144447668,0.8711959180293005,0.00010203952759060643,0.871233344078064,238.05265997784878,301.96000000000004,63.90734002215124,0.6162673830986023,True,0.616261475912193,0.593310784001766,True,True,400.96134210633477,0.00029216636805695173
172.14300000001094,47.9,True,False,29.92842029088225,-73.03868757957403,0.655734011344069,31.918617102136015,-69.43552021593227,0.0,4.116272391124979,-3.722831265629287e-05,-6.156014300650695e-05,7.296816457404647e-06,0.4742506128448444,-0.7601399827707636,0.8959174988882301,7.194163238498472e-05,0.8959500193595886,237.0601999499564,301.96000000000004,64.89980005004361,0.4327089786529541,True,0.4327043242271975,0.2925059289097225,True,True,400.95684440602724,0.0002921663572300682
172.24400000000605,48.0,True,False,29.91339274512988,-73.03793111782518,0.6566486953391298,31.918617102136015,-69.43552021593227,0.0,4.12289813456597,-3.1063619595402177e-05,-3.603192452388577e-05,3.157411870406746e-06,0.5259099933596691,-0.8429408470204303,0.9935303330690665,4.757360662450194e-05,0.9935444593429564,237.4922930213544,301.96000000000004,64.4677069786456,0.31504231691360474,True,0.3150443273850514,0.15505848312859827,True,True,400.9531807921274,0.0002921663502260121
172.34300000000803,48.1,True,False,29.916785365745984,-73.03699815899041,0.6569655323262787,31.918617102136015,-69.43552021593227,0.0,4.120433675616273,-2.104804847256606e-05,-3.609403996266729e-05,1.525840939497484e-06,0.5257688370806869,-0.8427145984325161,0.9932583073246382,4.178277235093566e-05,0.9932777881622314,237.0666657010109,301.96000000000004,64.89333429898912,0.30166858434677124,True,0.3016739370917838,0.14217648896397525,True,True,400.9499533317964,0.0002921663472540872
172.44200000001,48.2,True,False,29.914981045721802,-73.03368735053496,0.6587802649363576,31.918617102136015,-69.43552021593227,0.0,4.11841767856273,-2.109709861659154e-05,-2.891879049102475e-05,4.249334246768376e-06,0.5557640100084299,-0.8907915636803396,1.0499310333603582,3.579642459103943e-05,1.0499444007873535,236.80324404371868,301.96000000000004,65.15675595628132,0.3524019718170166,True,0.35242110212523003,0.19403318508611717,True,True,400.94744429125024,0.00029216637140190365
172.54300000000512,48.3,True,False,29.913528157775282,-73.03331422292493,0.6584140596084993,31.918617102136015,-69.43552021593227,0.0,4.118798780172432,-3.228455480050135e-05,-4.768868713506168e-05,5.081474458650942e-06,0.577473807855487,-0.9255885358179754,1.0909349872832355,5.758909062776015e-05,1.0909583568572998,236.5060477930682,301.96000000000004,65.45395220693182,0.4009394645690918,True,0.4009443986351006,0.25114266812036984,True,True,400.94488956828934,0.00029216636160299495
172.64300000001094,48.4,True,False,29.916012361590205,-73.03294414940358,0.6594330788265705,31.918617102136015,-69.43552021593227,0.0,4.117266654464913,-4.276641855985134e-05,-5.518747320984225e-05,5.560449186177383e-06,0.5545642131874331,-0.8888685012527129,1.047653572789872,6.981850582562944e-05,1.047677755355835,236.26096984163382,301.96000000000004,65.69903015836618,0.44946959614753723,True,0.44947011497285344,0.31561224521424186,True,True,400.94224483464694,0.0002921663628495622
172.7430000000022,48.5,True,False,29.913831380262856,-73.03360851736063,0.6591052262696431,31.918617102136015,-69.43552021593227,0.0,4.118908255290729,-3.841613512888991e-05,-6.0889127753586694e-05,2.182166355132252e-06,0.5573578707374484,-0.893346240963364,1.0529241855059683,7.199503675138815e-05,1.0529555082321167,236.1010623370846,301.96000000000004,65.85893766291541,0.4516771137714386,True,0.4516756878396805,0.3187172957822484,True,True,400.93949681466154,0.00029216635511510654
172.84300000000803,48.6,True,False,29.912858163331222,-73.03488146841778,0.657748545893442,31.918617102136015,-69.43552021593227,0.0,4.120493944479153,-4.9272269766641864e-05,-7.47094747763102e-05,-5.1278983960898975e-06,0.5616895448918066,-0.9002891496868992,1.0611015677457598,8.949448133437537e-05,1.0611388683319092,235.71815330971785,301.96000000000004,66.24184669028216,0.5326871871948242,True,0.5326808302808123,0.4432883713217848,True,True,400.93682049275077,0.00029216634186674385
172.94400000000314,48.7,True,False,29.912669764785587,-73.03762434806161,0.65798865790969,31.918617102136015,-69.43552021593227,0.0,4.122981797064661,-5.6618199264266965e-05,-7.015856125224763e-05,4.190083028876084e-06,0.5706028350963874,-0.9145755798549031,1.077948225663538,9.015455731638653e-05,1.0779777765274048,235.16777325753802,301.96000000000004,66.79222674246199,0.4317992627620697,True,0.43177681277828506,0.29125328681063734,True,True,400.9338412564986,0.00029216637258407764
173.04300000000512,48.8,True,False,29.914173176282667,-73.0392304960276,0.6592417734906043,31.918617102136015,-69.43552021593227,0.0,4.1236541119200485,-4.65520555292481e-05,-5.0555244754325185e-05,3.6421815048402705e-07,0.5881735421433348,-0.9427383203768778,1.1111539505168122,6.872355233955768e-05,1.1111721992492676,234.69355558463852,301.96000000000004,67.26644441536149,0.3050842881202698,True,0.3050637637632358,0.14538963656971957,True,True,400.9309476184617,0.00029216636902079293
173.14300000001094,48.9,True,False,29.92583448825794,-73.0410529945182,0.6597278780855445,31.918617102136015,-69.43552021593227,0.0,4.119593325030065,-3.367102115393516e-05,-4.7544880161636646e-05,-1.4208584840345843e-06,0.6169013373941177,-0.9887839030193114,1.1654219795913496,5.826022052080767e-05,1.1654444932937622,233.82834296633092,301.96000000000004,68.13165703366909,0.25665104389190674,True,0.25663290184742193,0.10289087774529462,True,True,400.92785149118436,0.0002921663635282276
173.2430000000022,49.0,True,False,29.925226738738235,-73.04362875336211,0.6599674629984871,31.918617102136015,-69.43552021593227,0.0,4.122141719878302,-3.6151506448564814e-05,-4.6358730349358233e-05,-2.67404110321893e-06,0.6155000600193478,-0.9865379028441611,1.162777018309006,5.8788292185648086e-05,1.162797212600708,233.24811263963585,301.96000000000004,68.71188736036417,0.26155054569244385,True,0.26153273163065555,0.10685732607896031,True,True,400.92459177693075,0.00029216636249868944
173.34400000001187,49.1,True,False,29.919619780434687,-73.04204584822729,0.6631797330131268,31.918617102136015,-69.43552021593227,0.0,4.123471526344042,-2.17594099967207e-05,-2.370139461995089e-05,4.649783548049197e-06,0.6268291607473252,-1.0046964506645102,1.1841914580115838,3.2174959678856254e-05,1.1842000484466553,233.06573269841158,301.96000000000004,68.89426730158844,0.2491682916879654,True,0.24917499549144573,0.09699762951500625,True,True,400.92169236877885,0.000292166354844938
173.4429999999993,49.2,True,False,29.918849495849436,-73.03968172979658,0.6644172638268447,31.918617102136015,-69.43552021593227,0.0,4.121777613745536,-1.3039041480408469e-05,-1.6506604095656074e-05,1.8530242196747445e-06,0.5960546310016517,-0.9553703140669644,1.1260539794807565,2.1035317480336316e-05,1.1260610818862915,232.90464864655866,301.96000000000004,69.05535135344134,0.23114100098609924,True,0.2311560065932963,0.08347618038224193,True,True,400.9189810136059,0.00029216635548655996
173.54300000000512,49.3,True,False,29.91772999636789,-73.03973845651005,0.6638679661092576,31.918617102136015,-69.43552021593227,0.0,4.122370475314262,-1.698956955131741e-05,-2.217190884496404e-05,2.727058584137955e-06,0.5952312298910392,-0.9540505474940127,1.124495702167277,2.7932758821291646e-05,1.1245055198669434,232.72041176659638,301.96000000000004,69.23958823340364,0.19454006850719452,True,0.19454246416020105,0.059126344269631995,True,True,400.9167255505039,0.0002921663555390076
173.64300000001094,49.4,True,False,29.915890667340786,-73.04128869428862,0.6641306171843177,31.918617102136015,-69.43552021593227,0.0,4.124618708697314,-3.0783361195095554e-05,-2.775131787108888e-05,6.585709198288882e-06,0.616357283108295,-0.9879118800756383,1.1644094212679186,4.144575937354667e-05,1.1644166707992554,232.2314477747958,301.96000000000004,69.72855222520421,0.1658981293439865,True,0.165883166861852,0.04298895007414023,True,True,400.9144329204436,0.0002921663671012612
173.74400000000605,49.5,True,False,29.92000724879768,-73.03983431679548,0.6667575059727738,31.918617102136015,-69.43552021593227,0.0,4.121349473599929,-1.396453009612686e-05,-1.7557744779933603e-05,9.447446916150967e-06,0.5976867307584142,-0.957986281758695,1.1291369258585149,2.243395869129919e-05,1.1291444301605225,232.01464380851925,301.96000000000004,69.94535619148076,0.17423786222934723,True,0.17424245959033624,0.04743077146407719,True,True,400.9123927797758,0.00029216636799336745
173.8420000000042,49.6,True,False,29.920712938861595,-73.03643044902398,0.6682569162583927,31.918617102136015,-69.43552021593227,0.0,4.118030542919012,-1.084293095287129e-06,-1.7860917987244646e-06,-1.5618617565905526e-06,0.5000317628842831,-0.8014626134980766,0.9446545962006806,2.0894533806615873e-06,0.9446555376052856,231.84453326484478,301.96000000000004,70.11546673515522,0.15675660967826843,True,0.15677904057040884,0.03839973325154592,True,True,400.9107587482757,0.0002921663698960824
173.9429999999993,49.7,True,False,29.920539767904543,-73.03630398942477,0.6667743555355851,31.918617102136015,-69.43552021593227,0.0,4.118003984579956,-1.3149193568320178e-05,-1.787541034630891e-05,-2.7278180479249095e-06,0.44856206309123786,-0.7189657739490223,0.8474112354043564,2.2190799592310335e-05,0.8474194407463073,231.51593683629483,301.96000000000004,70.44406316370518,0.17123647034168243,True,0.17124100574157694,0.04581078591797881,True,True,400.9090124616027,0.0002921663524845479
174.04300000000512,49.8,True,False,29.924201306943402,-73.03596834348821,0.6662509887926372,31.918617102136015,-69.43552021593227,0.0,4.115935019328515,-2.0610770038130127e-05,-1.8794352937570462e-05,-6.2413944309018415e-06,0.4232602260134217,-0.6784113972555924,0.7996144011091503,2.7893216808153305e-05,0.7996194362640381,231.23919283363267,301.96000000000004,70.72080716636734,0.1828991323709488,True,0.18289996404770856,0.05226120786070502,True,True,400.9071718506455,0.0002921663457802021
174.1420000000071,49.9,True,False,29.926800962940916,-73.03471341405378,0.6667740638679315,31.918617102136015,-69.43552021593227,0.0,4.113577908556276,-1.6583054152030625e-05,-1.5175150872479474e-05,-3.2266607910145886e-06,0.33876639321051044,-0.5429827043420141,0.6399903458355259,2.2478498370925373e-05,0.6399944424629211,231.00207745372563,301.96000000000004,70.95792254627436,0.1845834106206894,True,0.18458989983878543,0.05323142238433715,True,True,400.9053863122905,0.000292166355070567
174.2430000000022,50.0,True,False,29.923354060209594,-73.03420200823228,0.6660182802542968,31.918617102136015,-69.43552021593227,0.0,4.1148007544362475,-4.487073134925151e-06,-1.1833073247858779e-05,-3.9361031918781425e-06,0.3275799631784557,-0.5250528324524982,0.6188534746414526,1.2655253763056597e-05,0.6188611388206482,231.02847842414022,301.96000000000004,70.93152157585979,0.13206087052822113,True,0.1320692851690079,0.02724933180102352,True,True,400.90370477957424,0.00029216635778859254
174.34300000000803,50.1,True,False,29.924250232583613,-73.03615679410377,0.6657041936383652,31.918617102136015,-69.43552021593227,0.0,4.11607616285642,-2.4131172451659123e-05,-2.7778626167952562e-05,5.695679741349709e-06,0.24412858558650885,-0.39129501115118503,0.46119474883021705,3.679627094789051e-05,0.46120554208755493,230.60165810333618,301.96000000000004,71.35834189666384,0.15824885666370392,True,0.15823727132102458,0.03911738128240018,True,True,400.9017589837903,0.00029216636520632894
174.4429999999993,50.2,True,False,29.91921276681154,-73.03751714313839,0.6672938610615486,31.918617102136015,-69.43552021593227,0.0,4.119708674131777,-1.6147434944793167e-05,-2.883082347134643e-05,1.580369852832363e-05,0.1680554631031513,-0.2693632298363636,0.3174729669759385,3.304475809159855e-05,0.3174888789653778,230.90617998690448,301.96000000000004,71.05382001309553,0.15285995602607727,True,0.15285241756533322,0.03650033301659619,True,True,400.8997130254877,0.00029216638743507535
174.54300000000512,50.3,True,False,29.91736789646059,-73.03157463775275,0.67129908158498,31.918617102136015,-69.43552021593227,0.0,4.115410767822717,2.386670089745978e-05,-1.0124620839621005e-06,7.017941395558785e-06,0.14317267781287277,-0.2294805191564958,0.2704670518112744,2.3888166342360153e-05,0.27048054337501526,231.12842602452423,301.96000000000004,70.83157397547579,0.18230336904525757,True,0.1823464713163429,0.05194538023809026,True,True,400.8984767935843,0.00029216647531515427
174.64300000001094,50.4,True,False,29.915244835445474,-73.03942909634739,0.6685489032119462,31.918617102136015,-69.43552021593227,0.0,4.123306883713575,-4.948815822675388e-05,-6.017965493899035e-05,8.370549338884151e-06,0.089860626711179,-0.1440307158071144,0.16973904688012886,7.791449591219964e-05,0.16976389288902283,230.88057095625902,301.96000000000004,71.079429043741,0.15181390941143036,True,0.15176057209457808,0.035980741801876374,True,True,400.8958395054592,0.00029216650698645136
174.7430000000022,50.5,True,False,29.918210748026556,-73.04105652138153,0.6711123668223643,31.918617102136015,-69.43552021593227,0.0,4.123289661359509,-0.04216065170487472,-0.05272322767657981,-0.005480846497677201,0.0710518680403143,-0.11388359716398459,0.12867659236586385,0.06750747579947147,0.13423055410385132,230.822829112577,301.96000000000004,71.137170887423,0.1487540453672409,True,0.10982169670236153,0.013904288380901993,True,False,400.89430557578964,0.17282381163123559
174.84300000000803,50.6,True,False,29.920843442039775,-73.05207091350591,0.6723330608375456,31.918617102136015,-69.43552021593227,0.0,4.131650825650049,-0.11219717653427623,-0.13563446257620024,-0.020013173229180926,0.04634993726058479,-0.0742907643267791,0.17000069590327166,0.17602532164605808,0.08756388723850249,230.29510672315422,301.96000000000004,71.6648932768458,0.16213732957839966,True,-0.024351086248504517,0.0005715138800452824,True,False,400.8930466999826,0.25170224182241707
174.9429999999993,50.7,True,False,29.91174116403438,-73.06923948706313,0.668587817694281,31.918617102136015,-69.43552021593227,0.0,4.151080193433883,-0.1578991825349382,-0.18871475944717497,-0.031872369371091114,0.01888668409879306,-0.030272019342967693,0.23739701879587452,0.24605977379166805,0.03568055480718613,230.0585283953012,301.96000000000004,71.9014716046988,0.15033750236034393,True,-0.17045476943130605,0.026041662052334654,True,False,400.89215955892223,0.28207924068734963
175.04400000000896,50.8,True,False,29.87411851978544,-73.0884205880631,0.6647691821893624,31.918617102136015,-69.43552021593227,0.0,4.186126560670026,-0.1903757039133035,-0.235730519025384,-0.03536302695896622,0.014321238590392478,-0.02295441642142577,0.2952532948329139,0.3030045977216562,0.02705555595457554,231.07039627472892,301.96000000000004,70.88960372527109,0.13774242997169495,True,-0.29890444209843475,0.07814408658944134,True,False,400.8918705654882,0.29452900794691994
175.14300000001094,50.9,True,False,29.855888843089,-73.11051567229028,0.6593315119715355,31.918617102136015,-69.43552021593227,0.0,4.214313642210686,-0.2526512494296421,-0.3074161964723435,-0.04992024574077772,0.011905448771915041,-0.01908233195540949,0.39131402222585815,0.3979162872915379,0.022491667419672012,230.71403820685813,301.96000000000004,71.24596179314189,0.13639847934246063,True,-0.4768845568817297,0.19718722608488595,True,False,400.89160604461847,0.30563144867543585
175.2430000000022,51.0,True,False,29.850835729003556,-73.13765845261007,0.6556043917037716,31.918617102136015,-69.43552021593227,0.0,4.240465461543738,-0.2590909781172087,-0.3347309660543011,-0.05480969224236218,0.014227135719002304,-0.02280358613655146,0.41473061340264733,0.42328826416211635,0.02687777765095234,232.25670602415414,301.96000000000004,69.70329397584588,0.15509511530399323,True,-0.49095810354619707,0.20844421389541185,True,False,400.8911865069558,0.3088824743595109
175.35100000000966,51.1,True,False,29.843892665633003,-73.16800371991806,0.6436514922799216,31.918617102136015,-69.43552021593227,0.0,4.270352982476833,-0.3195120620120436,-0.41645261243575654,-0.08022482387108026,0.005828479589116772,-0.00934202350920406,0.5211386568135785,0.5249006917272585,0.011011111550033092,232.45901046536184,301.96000000000004,69.50098953463817,0.22768761217594147,True,-0.5488446344247302,0.2601066245513026,True,False,400.89081793362965,0.31639980921029764
175.44200000001,51.2,True,False,29.840839210772845,-73.2022655929457,0.632769856603637,31.918617102136015,-69.43552021593227,0.0,4.301805632648872,-0.33930129249260765,-0.437195764496083,-0.09244816628446403,0.004346363308515649,-0.006966452843639124,0.5506277980110911,0.5534125979596675,0.008211110718548298,232.09016383390684,301.96000000000004,69.86983616609315,0.21328319609165192,True,-0.630772831483944,0.3427758929887566,True,False,400.89086476380703,0.32272757600784535
175.54300000000512,51.3,True,False,29.82631225933556,-73.23720845297646,0.6172034179309351,31.918617102136015,-69.43552021593227,0.0,4.339420814680963,-0.3428188834056609,-0.4360553648236303,-0.10380685316901601,0.006071087506849252,-0.009730881158325438,0.5508872635810533,0.5546792478640006,0.011469444260001183,231.76903653906834,301.96000000000004,70.19096346093167,0.25437161326408386,True,-0.5621721467264619,0.27224368257895376,True,False,400.89143954512656,0.31946472914017615
175.64300000001094,51.4,True,False,29.818044757318315,-73.2712123763802,0.6003780911023443,31.918617102136015,-69.43552021593227,0.0,4.373206892605776,-0.3391750882561275,-0.43374639944257887,-0.11266032298329987,0.008408948939552748,-0.013478060183599705,0.5453807293045368,0.5506139114869448,0.015886111184954643,231.86993066673955,301.96000000000004,70.09006933326044,0.22233593463897705,True,-0.6167175184780137,0.32732137134515576,True,False,400.89356319287776,0.3211890093187637
175.7430000000022,51.5,True,False,29.814981356989172,-73.3062338321178,0.5846766195275046,31.918617102136015,-69.43552021593227,0.0,4.40541794235048,-0.3484648887798518,-0.45080855050108704,-0.12257135376977438,0.007760523128411539,-0.012438748116183881,0.5648580598098879,0.569786036962337,0.014661110937595366,232.1603118847875,301.96000000000004,69.79968811521252,0.24777665734291077,True,-0.6096718890632111,0.3191560979282364,True,False,400.89638861418655,0.323556517354319
175.84300000000803,51.6,True,False,29.81187692867149,-73.34336652280244,0.5696694937911314,31.918617102136015,-69.43552021593227,0.0,4.439551431913832,-0.36771408025450125,-0.46991271543754054,-0.13761261778272804,0.005953459410585798,-0.009542344092383234,0.5929319598502323,0.5966838400252656,0.011247222311794758,231.77602633366067,301.96000000000004,70.18397366633934,0.2846430540084839,True,-0.5980254504396106,0.306191044992772,True,False,400.8999108749404,0.3269002496527142
175.9429999999993,51.7,True,False,29.811082753296816,-73.3814499015634,0.5503826336782436,31.918617102136015,-69.43552021593227,0.0,4.473484337234461,-0.39749190907224063,-0.5050341936637444,-0.15591731217313415,0.007281187982947069,-0.011670458525519739,0.6381606657019756,0.6426969383367894,0.013755555264651775,231.5502285496199,301.96000000000004,70.4097714503801,0.2752849757671356,True,-0.7062076610453604,0.42594104623439416,True,False,400.90428239110025,0.334136575710877
176.04200000000128,51.8,True,False,29.800666115566703,-73.42080893691771,0.5311062471394481,31.918617102136015,-69.43552021593227,0.0,4.51311894050264,-0.3991250593298592,-0.5046754644063138,-0.16804021601820554,0.009821958115867797,-0.015742864364865886,0.6374109745376575,0.6434268702492866,0.01855555549263954,231.4469063675936,301.96000000000004,70.5130936324064,0.24399392306804657,True,-0.7690039084313716,0.5058188078483145,True,False,400.9097154667249,0.33586266723657277
176.1420000000071,51.9,True,False,29.808186205261325,-73.45674871362831,0.5062706895442552,31.918617102136015,-69.43552021593227,0.0,4.541387145043471,-0.412800848896719,-0.5107612807664001,-0.1768407351423235,0.019905638240623157,-0.031905222891548714,0.6453975737281492,0.6567203566054468,0.03760555386543274,230.76695121092274,301.96000000000004,71.19304878907728,0.25001129508018494,True,-0.7896074189037743,0.5305712299068553,True,False,400.91628885511756,0.3376516670242653
176.2430000000022,52.0,True,False,29.811211472705548,-73.496181196467,0.4871645217443716,31.918617102136015,-69.43552021593227,0.0,4.574945473532175,-0.4249254583235986,-0.5119222403716517,-0.1840593113892069,0.026645738163896576,-0.04270841281009598,0.6512128388415829,0.6653014544690635,0.05033889040350914,229.8749529893453,301.96000000000004,72.08504701065472,0.19934459030628204,True,-0.9035488744834062,0.6928890284786269,True,False,400.9238017615592,0.3457316419728781
176.34300000000803,52.1,True,False,29.811752267279537,-73.53494012268993,0.46918709493014543,31.918617102136015,-69.43552021593227,0.0,4.6091347348798335,-0.44117392841058467,-0.518648549651709,-0.19733616434868254,0.03939075760229776,-0.0631364282810825,0.6621432701147303,0.6809043641841701,0.07441666722297668,229.3542595040729,301.96000000000004,72.60574049592712,0.2577553689479828,True,-0.8325898609447457,0.5867895351510902,True,False,400.9325627540658,0.34408223591497866
176.44200000001,52.2,True,False,29.80795450791039,-73.57722874714929,0.45383681742248555,31.918617102136015,-69.43552021593227,0.0,4.648510099399492,-0.43424424773672227,-0.5086958614335657,-0.20530987426407776,0.057387879500396484,-0.09198263650732204,0.6444781302419227,0.6688344684090894,0.10841666907072067,229.1763430274537,301.96000000000004,72.78365697254631,0.2607043385505676,True,-0.8102269815448135,0.5555169622772942,True,False,400.94234568030583,0.34325735983306604
176.54300000000512,52.3,True,False,29.80557345558397,-73.61619314132153,0.43865190597879816,31.918617102136015,-69.43552021593227,0.0,4.684333416967322,-0.41649459200335254,-0.4804081339134959,-0.19922831029823823,0.07313830076677172,-0.11722778037384492,0.6096231121599852,0.6358142183832369,0.1381722241640091,228.78013332018116,301.96000000000004,73.17986667981886,0.2640598714351654,True,-0.7439119744551297,0.46743396418556704,True,False,400.9529021961659,0.3378861091589825
176.64300000001094,52.4,True,False,29.807264652126584,-73.65403827780108,0.4253142392105032,31.918617102136015,-69.43552021593227,0.0,4.717383152392244,-0.4031214615573385,-0.4546449416975693,-0.19092184302549553,0.07191202531208339,-0.11526227737236762,0.5838128180262864,0.6076256543130079,0.1358555555343628,228.02291794503984,301.96000000000004,73.93708205496017,0.24674539268016815,True,-0.7237382884938282,0.4410847355657145,True,False,400.9638513499402,0.33638647603611005
176.7430000000022,52.5,True,False,29.813430110784587,-73.69006376458196,0.41172195316874105,31.918617102136015,-69.43552021593227,0.0,4.746888778548745,-0.4121601370099104,-0.45221195767497935,-0.19060464580891295,0.07078132376399034,-0.11344996246542301,0.5899085894719525,0.6118591612489475,0.13371944427490234,227.1202870324857,301.96000000000004,74.83971296751432,0.23985986411571503,True,-0.7466831236069357,0.46765839780850055,True,False,400.9752503010492,0.33807887858667474
176.8420000000042,52.6,True,False,29.82418666256762,-73.72734190327303,0.3980244644362164,31.918617102136015,-69.43552021593227,0.0,4.775601769632716,-0.43581712744131634,-0.4647157445928479,-0.19622986979239382,0.0825632588198988,-0.13233432374580478,0.6157886275213483,0.6371006920759744,0.1559777706861496,226.1502139427931,301.96000000000004,75.8097860572069,0.25181442499160767,True,-0.7774748902891933,0.5036322933645412,True,False,400.98707491734535,0.34297392876416594
176.9429999999993,52.7,True,False,29.829864398192107,-73.7674337741693,0.3847343607669164,31.918617102136015,-69.43552021593227,0.0,4.809195663961992,-0.429783535050911,-0.4561864878064452,-0.19789365645094448,0.08222507847449385,-0.1317922803726028,0.6061224481413291,0.6267535390071903,0.15533888339996338,226.03414289520845,301.96000000000004,75.92585710479158,0.2610495686531067,True,-0.743465539326907,0.46000575577531444,True,False,400.9993533931103,0.3401079140518407
177.04200000000128,52.8,True,False,29.837721003648763,-73.80767369969489,0.3726647710245354,31.918617102136015,-69.43552021593227,0.0,4.842091971274095,-0.408405738860025,-0.4337169207568323,-0.18878826316982544,0.09453193252717663,-0.15151799410748235,0.5766996926498453,0.595739552895887,0.1785888820886612,225.92832167210966,301.96000000000004,76.03167832789033,0.2549801766872406,True,-0.6959641187591901,0.40206119587466765,True,False,401.011572091645,0.33727204233930197
177.14400000000023,52.9,True,False,29.848736140909665,-73.85359984956209,0.3627288069852114,31.918617102136015,-69.43552021593227,0.0,4.8789173842915075,-0.4504887298205754,-0.4820436569543304,-0.21310136613390673,0.11575795303767239,-0.1855395566065882,0.6391791512330428,0.659777373744553,0.21868889033794403,226.1268166159584,301.96000000000004,75.83318338404162,0.26841527223587036,True,-0.7979468700981696,0.5294065878507433,True,False,401.02459236828116,0.34446449796132717
177.24400000000605,53.0,True,False,29.86083421103337,-73.89659501313793,0.3554665338351622,31.918617102136015,-69.43552021593227,0.0,4.912805590818572,-0.42846525828683085,-0.4569918483180614,-0.19747030665537912,0.13213768158726535,-0.2117933689164751,0.6118806668757639,0.6264375683082543,0.24963332712650296,225.93264823101106,301.96000000000004,76.02735176898894,0.2108723670244217,True,-0.8414792553426986,0.5858485831622634,True,False,401.0382044691712,0.3445801230672993
177.34300000000803,53.1,True,False,29.868995675196548,-73.93903462775359,0.34983837268364687,31.918617102136015,-69.43552021593227,0.0,4.947988485359647,-0.4515036858772611,-0.465684416769215,-0.20524984485362624,0.1223510145130402,-0.19610706985919052,0.634019844426884,0.6486274388140209,0.231144443154335,225.08817824640872,301.96000000000004,76.8718217535913,0.2621360719203949,True,-0.7877855712664843,0.5143837982047229,True,False,401.0522698360127,0.34377911396457755
177.4429999999993,53.2,True,False,29.876185805057265,-73.98381561320815,0.34539211335622155,31.918617102136015,-69.43552021593227,0.0,4.98583158802699,-0.4647727995123657,-0.4697009760322436,-0.20923447909971266,0.11316277875790247,-0.18137995052726652,0.6458626373919077,0.6607819322985489,0.21378611028194425,224.4748171929416,301.96000000000004,77.48518280705841,0.260170578956604,True,-0.8141760959319573,0.5503630136807287,True,False,401.06718559474507,0.34446732498978616
177.54300000000512,53.3,True,False,29.879827926399507,-74.02633450712209,0.3410679049209452,34.504826763951925,-77.00220490286357,0.0,5.499674432147032,-0.4710271267507674,-0.46665294289944925,-0.20811881519792438,-0.17081334018142194,-0.169684203428617,0.42227804805506947,0.6630471500970351,0.24076944589614865,223.85275345635,224.81,0.9572465436500156,0.2779425084590912,True,-0.784294636418807,0.5106311970952838,True,False,401.08244672837696,0.3429795847716289
177.64300000001094,53.4,True,False,29.887919405436694,-74.07413259537527,0.33964204655839614,34.504826763951925,-77.00220490286357,0.0,5.467123649140552,-0.47809478983715964,-0.46642489867368064,-0.20789009137655234,-0.17095719844876567,-0.16982711074179827,0.4269704297137566,0.6679272521556454,0.24097222089767453,223.33641750506752,224.81,1.4735824949325016,0.2763030230998993,True,-0.7974149482166648,0.5268621451141872,True,False,401.0979738398619,0.3452003297683867
177.74400000000605,53.5,True,False,29.885424963307333,-74.12039539337277,0.3393384578514907,34.504826763951925,-77.00220490286357,0.0,5.444602744442433,-0.48763306716220234,-0.4599382807204838,-0.21103269680465708,-0.14687144683431072,-0.14590057448685753,0.46339849247161724,0.6703202445563848,0.2070222198963165,222.5697875432125,224.81,2.2402124567875097,0.3279626667499542,True,-0.7046436305650066,0.4123732896929674,True,False,401.1141239879289,0.34095079130197015
177.84300000000803,53.6,True,False,29.880936888059072,-74.17014207988701,0.3396839159779891,34.504826763951925,-77.00220490286357,0.0,5.42226312693052,-0.4949981327079266,-0.4612426059551868,-0.21723248335747491,-0.11421319925198703,-0.11345820950239324,0.5157045200142018,0.6765854660962396,0.16098888218402863,222.29285535843505,224.81,2.517144641564952,0.35159584879875183,True,-0.6729972851760826,0.37729958862224783,True,False,401.13084883260785,0.3393502429827811
177.9429999999993,53.7,True,False,29.86849683773544,-74.21718749406782,0.3384319157299325,34.504826763951925,-77.00220490286357,0.0,5.40850045317794,-0.49864754464171934,-0.46443940210873474,-0.219017954891373,-0.07894773729175975,-0.07842586475163943,0.5702230960883037,0.681434759906137,0.11128055304288864,222.24436512202337,224.81,2.565634877976656,0.40768831968307495,True,-0.576657457612209,0.2774284367305174,True,False,401.14763795427564,0.3356795862411649
178.04300000000512,53.8,True,False,29.856050434124256,-74.27030566372501,0.33523520947311836,34.504826763951925,-77.00220490286357,0.0,5.392067768265885,-0.5313966687668938,-0.48903831745152093,-0.2310480943251948,-0.04921399465957074,-0.04888867270249499,0.6528643358171609,0.7221778835663458,0.06936944276094437,221.94774704947815,224.81,2.8622529505218695,0.4940641224384308,True,-0.4941935567868807,0.20387695801713204,True,False,401.1645719474764,0.3366465976998457
178.14300000001094,53.9,True,False,29.848433196368056,-74.32783684292238,0.33112215755594254,34.504826763951925,-77.00220490286357,0.0,5.369752841264672,-0.564404755461275,-0.5233929393062361,-0.24125815981271903,-0.04892430652238038,-0.04860089950662131,0.700819216556826,0.7697356019458389,0.06896111369132996,221.9895586605346,224.81,2.820441339465401,0.4858911633491516,True,-0.5995732526232362,0.30029301469526304,True,False,401.1823566548113,0.3425867872610722
178.2430000000022,54.0,True,False,29.839516444214073,-74.39210240336493,0.3303151393225771,34.504826763951925,-77.00220490286357,0.0,5.345816629603146,-0.6120787912970992,-0.5686726322908398,-0.2570894134082061,-0.04503810884362099,-0.04474039097265056,0.7720363521557826,0.835481304083048,0.0634833350777626,222.1232078781372,224.81,2.6867921218627977,0.5268985033035278,True,-0.6510058618143426,0.35294169203973946,True,False,401.2014808915163,0.3510018079391795
178.34300000000803,54.1,True,False,29.8159540386384,-74.45896559159354,0.33032875967381903,34.504826763951925,-77.00220490286357,0.0,5.334191000384064,-0.6834198033329506,-0.6292081172787204,-0.28455318381036865,-0.04866811448454912,-0.0483464009890115,0.8604127148914782,0.9289593545667544,0.06859999895095825,222.036239759205,224.81,2.7737602407950246,0.661072313785553,True,-0.5826872968640158,0.28249008609275295,True,False,401.2222189193495,0.3563368542943617
178.4429999999993,54.2,True,False,29.78123822046739,-74.53207232764746,0.32617079211656497,34.504826763951925,-77.00220490286357,0.0,5.330463738482997,-0.7701737444957973,-0.697586564513938,-0.31446767974118944,-0.05311201666755,-0.05276092740267629,0.9643534745060942,1.039131662351329,0.07486388832330702,221.62308103362795,224.81,3.186918966372057,0.8215076327323914,True,-0.49522952346639637,0.20427546426498125,True,False,401.2445619327453,0.3623354380978903
178.54300000000512,54.3,True,False,29.719705062170366,-74.61810122363248,0.3126371757338665,34.504826763951925,-77.00220490286357,0.0,5.346151892172917,-0.9466549553304622,-0.8466931406475633,-0.3897596332214296,-0.05463732870792491,-0.05427615658955478,1.1931555317010831,1.2700570376449059,0.07701388746500015,221.42533866506972,224.81,3.3846613349302967,1.207971453666687,True,-0.22611782532184388,0.04256102585470846,True,False,401.2689095475496,0.3733683117631194
178.64300000001094,54.4,True,False,29.64194807945007,-74.72518606944314,0.28134199868841464,34.504826763951925,-77.00220490286357,0.0,5.369581349410195,-1.1114810719590522,-1.0035161620801683,-0.4796841635678032,-0.0542491027319698,-0.05389049692497429,1.4211011014974335,1.4974761637099117,0.07646666467189789,221.745739193123,224.81,3.0642608068770167,1.5250730514526367,True,-0.08842507277519118,0.006536850359675101,True,False,401.29607953472174,0.3885682593480315
178.7430000000022,54.5,True,False,29.47103103797794,-74.86059482572239,0.21064057784032333,34.504826763951925,-77.00220490286357,0.0,5.470428971602374,-1.67215412233345,-1.4708343926679563,-0.7511979565326541,-0.046549624952273126,-0.0462419154238073,2.161493397659713,2.226982985900805,0.06561388820409775,221.05783888176998,224.81,3.752161118230038,2.85849666595459,True,0.9509568316931127,0.7557735590161407,True,False,401.327307055382,0.42426194172840287
178.84300000000803,54.6,True,False,29.372485500876767,-75.09183327710093,0.12176059855683663,34.504826763951925,-77.00220490286357,0.0,5.476353402510003,-1.9197845423811357,-1.7516380651558514,-0.9040661176291805,-0.03598279490893699,-0.03574493587429033,2.548136231620079,2.5988090734927956,0.05071944370865822,222.27144673839305,224.81,2.5385532616069564,2.866374969482422,True,0.21409742483519167,0.03841960807175788,True,False,401.35997802488725,0.5354713360015078
178.9429999999993,54.7,True,False,29.155166360388865,-75.30919378661372,0.01629674868737193,34.504826763951925,-77.00220490286357,0.0,5.611163254904997,-2.3719027916353004,-2.0883705408444673,-1.1212804479222043,-0.011587647060958972,-0.011511048604648919,3.1439518018273804,3.160255427783385,0.016333334147930145,221.23803506614053,224.81,3.571964933859491,3.6903772354125977,True,0.63018467294562,0.33220144816414526,True,False,401.4127616200962,0.5999255599043934
179.04300000000512,54.8,True,False,28.981070053878145,-75.59160889657244,-0.10252202548485821,34.504826763951925,-77.00220490286357,0.0,5.701023529599715,-2.5671099813156673,-2.3420997927915534,-1.2731843956796043,-0.009551925851047947,-0.009488784233847379,3.4615281775996802,3.4749798698071275,0.013463889248669146,222.26995399604468,224.81,2.5400460039553363,3.720886468887329,True,0.037320268786929844,0.0011674795730664549,True,False,401.4733456872183,0.7308280210180657
179.14300000001094,54.9,True,False,28.746683811494112,-75.87144324202028,-0.22139115026410494,34.504826763951925,-77.00220490286357,0.0,5.868119988085848,-2.749130139176117,-2.6116499863632274,-1.4420181863754176,-0.01280947371097135,-0.012724798547217836,3.773839280641943,3.7918903166359574,0.018055556342005726,223.44026635102261,224.81,1.3697336489774037,4.041119575500488,True,-0.029276007786632086,0.0007179105921350604,True,False,401.55563577643005,0.8165049200769393
179.2430000000022,55.0,True,False,28.52818601855613,-76.17786490397256,-0.341755600077702,34.504826763951925,-77.00220490286357,0.0,6.033222276138749,-2.74710058259506,-2.767494051722614,-1.5377725817728904,-0.015521140735148434,-0.015418540490747734,3.877556687749883,3.899433925227374,0.021877778694033623,225.08905234977075,224.81,0.27905234977073806,3.9813549518585205,True,-0.39159418776490185,0.12862298703317768,True,False,401.65300741510487,0.8973076276040961
179.34300000000803,55.1,True,False,28.29449571730475,-76.4775022893253,-0.45240711390534866,34.504826763951925,-77.00220490286357,0.0,6.232457343745218,-2.8041848892447514,-2.8085451608506897,-1.567845031009941,-0.01759036266949145,-0.01747408413431267,3.9440064415289577,3.9688006769811994,0.024794444441795346,224.9168345786927,224.81,0.10683457869268141,3.9743831157684326,True,-0.5449024067125885,0.2491590466373139,True,False,401.76675477159324,0.9436985476441988
179.4429999999993,55.2,True,False,28.055732627675884,-76.77524058735288,-0.5492217372370958,34.504826763951925,-77.00220490286357,0.0,6.4530867016541205,-2.8294809543997457,-2.7868681922553953,-1.5315782508313256,-0.015568436730578505,-0.0154655238428758,3.9495286310621,3.9714728744277923,0.021944444626569748,224.4350041567979,224.81,0.37499584320210094,3.903165578842163,True,-0.6580501469337756,0.36299725413368517,True,False,401.8930379093193,0.9656636120604682
179.54300000000512,55.3,True,False,27.805047062520227,-77.06258953835008,-0.636055557362485,34.504826763951925,-77.00220490286357,0.0,6.700051817107018,-2.832567259607007,-2.761648433435982,-1.4905746655601293,-0.014043123368754195,-0.01395029334328316,3.936232129286389,3.956025701394894,0.019794443622231483,224.1578956723096,224.81,0.6521043276904208,3.8451356887817383,True,-0.710830562465798,0.42428636537984704,True,False,402.03008666151356,0.9663806373829875
179.64300000001094,55.4,True,False,27.54697214448949,-77.34886810827848,-0.7190599758199747,34.504826763951925,-77.00220490286357,0.0,6.966485217350518,-2.869401701413443,-2.7875616339906384,-1.5002224091476424,-0.02091885452255996,-0.020780573475875228,3.971011453755175,4.00049571770436,0.02948611043393612,224.0584339539858,224.81,0.7515660460142174,3.916548728942871,True,-0.6618002348316665,0.36777506746151384,True,False,402.1776834533585,0.9798525930679216
179.7430000000022,55.5,True,False,27.279149756281836,-77.63978061790982,-0.8119668068971668,34.504826763951925,-77.00220490286357,0.0,7.253751512947553,-2.904539788467461,-2.851256346452893,-1.5202599727561459,-0.04881394435439576,-0.048491266871703936,4.001332551545175,4.070136869440449,0.06880555301904678,224.38192547498664,224.81,0.4280745250133637,4.058245658874512,True,-0.5321834557830982,0.2381051823923238,True,False,402.33767394854084,0.9895046289831522
179.84300000000803,55.6,True,False,27.04311212842071,-77.95698485769945,-0.8842882786128468,34.504826763951925,-77.00220490286357,0.0,7.522552097809437,-2.85137281061672,-2.8832600972603406,-1.4944717451316456,-0.08422326986776436,-0.08366652418649559,3.9363486577364477,4.0550605043054535,0.11871666461229323,225.2017767042925,224.81,0.39177670429248784,3.880244016647339,True,-0.8200532722385008,0.565001377958684,True,False,402.51304005914994,1.0340435086696653
179.9429999999993,55.7,True,False,26.774713740513484,-78.2476435974375,-0.9417591485743293,34.504826763951925,-77.00220490286357,0.0,7.82979979929721,-2.8527658287596602,-2.847679226186608,-1.4519730924511454,-0.1272749231172332,-0.12643359074091265,3.8514255133874555,4.03082495886308,0.17939999699592588,224.86129167210785,224.81,0.051291672107830685,3.862194538116455,True,-0.7841191548867155,0.5167077927886436,True,False,402.6976636677335,1.0241692763945562
180.04300000000512,55.8,True,False,26.541564193030304,-78.54970382036726,-0.9677378660122818,34.504826763951925,-77.00220490286357,0.0,8.112231731966014,-2.771793121908795,-2.724249064559544,-1.3383523461973201,-0.21487596036469547,-0.21345555406689495,3.5835609975736054,3.8864341080757376,0.3028777837753296,224.36023326604268,224.81,0.44976673395733063,3.5164740085601807,True,-1.1027204408261566,1.0218062285462248,True,False,402.8918731612873,1.026026563017136
180.14300000001094,55.9,True,False,26.33207318878166,-78.83243688064974,-0.9275215840821884,34.504826763951925,-77.00220490286357,0.0,8.37518060061808,-2.5479124662040475,-2.444128799682957,-1.113697191315733,-0.35429622976133157,-0.35195420604129396,3.031360539933309,3.53066899112302,0.4993972182273864,223.62873880459398,224.81,1.1812611954060297,2.8319907188415527,True,-1.6153351822835766,2.1912745391455157,True,False,403.0803756575875,0.9776596935439298
180.24400000000605,56.0,True,False,26.06202658516551,-79.0336418241582,-0.8871939756304095,34.504826763951925,-77.00220490286357,0.0,8.68375557141695,-2.3617214032532168,-2.2503784091468626,-1.0131876941930522,-0.5372332444520171,-0.533681942191344,2.505155444531008,3.2621972611935512,0.7572555541992188,223.5941258280111,224.81,1.2158741719888977,2.7509243488311768,True,-1.229098170266992,1.2756347950790035,True,False,403.2311708656579,0.8323064665587703
180.34300000000803,56.1,True,False,25.863717702313412,-79.24698475594495,-0.8193718721849237,34.504826763951925,-77.00220490286357,0.0,8.927922625332911,-2.0408702073769,-1.9932037182107638,-0.8486452589458131,-0.6925569565021023,-0.6879789094235387,1.8765821122344246,2.8527201520036707,0.9761916399002075,224.22387047124403,224.81,0.5861295287559951,2.182887315750122,True,-1.4675081964910692,1.8166986673641004,True,False,403.3978655079292,0.753818454431592
180.4429999999993,56.2,True,False,25.535461425781286,-79.36879066162584,-0.86947637584041,34.504826763951925,-77.00220490286357,0.0,9.276327006048962,-2.256226901163157,-2.126261037184806,-0.9674913989072472,-0.8501056087622277,-0.844486109221972,1.9026623596679961,3.100249317036052,1.1982638835906982,223.21203223403035,224.81,1.597967765969655,3.328339099884033,True,0.1494802622731588,0.018837159951636557,True,False,403.5306318796597,0.6445740396094723
180.54400000000896,56.3,True,False,25.35970020146257,-79.64250934811635,-0.9568547831044533,34.504826763951925,-77.00220490286357,0.0,9.518642098932492,-2.3931145821833595,-2.277696988053068,-1.0311194924929348,-1.0188851854610228,-1.0121499930658,1.868185116988448,3.303770720380676,1.4361666440963743,223.5338060123284,224.81,1.276193987671621,3.456740379333496,True,-0.0078005767146032134,5.1151853948086545e-05,True,False,403.68626537626074,0.7162740347229294
180.64300000001094,56.4,True,False,25.14682439848958,-79.91878246941957,-1.0549685695964846,34.504826763951925,-77.00220490286357,0.0,9.801970871908187,-2.643830275122996,-2.4239180765613746,-1.1196255843770262,-1.0879085681926166,-1.080717106760313,2.0555002319074687,3.5868115876831235,1.533458352088928,222.45979183755355,224.81,2.3502081624464632,3.7937493324279785,True,0.06748479304514898,0.003823504389231204,True,False,403.87037972886765,0.7847394188003504
180.7430000000022,56.5,True,False,24.924161556078307,-80.21055288009578,-1.1542697384700333,34.504826763951925,-77.00220490286357,0.0,10.103595526760266,-2.7885624810239267,-2.4992390453914233,-1.1718709629270583,-1.1564352550958097,-1.1487908079619902,2.118383752673739,3.744633028293073,1.63004994392395,221.80903079453722,224.81,3.0009692054627957,3.877439022064209,True,-0.08602829431977987,0.006219750140451927,True,False,404.07232942502094,0.8478774778317677
180.84300000000803,56.6,True,False,24.66160109113546,-80.50096486183674,-1.2818212079563973,34.504826763951925,-77.00220490286357,0.0,10.446550286889309,-2.9880610853944134,-2.6943107026738375,-1.297822786576947,-1.3536262898720404,-1.3446783400700275,2.1196425677462236,4.023408904472826,1.9079999923706052,221.99785840145634,224.81,2.8121415985436706,4.299060821533203,True,0.1329033450574002,0.014852854338372422,True,False,404.29927904777355,0.9088999121273065
180.9429999999993,56.7,True,False,24.406970272167495,-80.82264614755408,-1.388714511709323,34.504826763951925,-77.00220490286357,0.0,10.796410377195068,-3.093645335400211,-2.8385928316987235,-1.350925533955226,-1.5254997919054831,-1.5154156973048665,2.0517987656115584,4.19860104384959,2.150263786315918,222.49302360020295,224.81,2.3169763997970567,4.300796031951904,True,-0.20391357856040315,0.034971884580019874,True,False,404.5405933711953,1.0143502240485898
181.04300000000512,56.8,True,False,24.11702968602943,-81.13021638377488,-1.4449191147405993,34.504826763951925,-77.00220490286357,0.0,11.177960767449076,-3.14958135148707,-2.895912121304396,-1.3311876414832242,-1.4982255837521927,-1.4883217813395098,2.169858621383824,4.278570988537276,2.1118195056915283,222.55782235197537,224.81,2.2521776480246274,4.201828956604004,True,-0.5184248468258703,0.2258942167015311,True,False,404.82316633531025,1.095935168663805
181.1420000000071,56.9,True,False,23.804316041134975,-81.4226495226881,-1.4501555794745784,34.504826763951925,-77.00220490286357,0.0,11.57761894199564,-3.1883620483124426,-2.873018918487377,-1.274353829259768,-1.659985536672154,-1.6490124436069966,1.9580925953291464,4.291839961730341,2.3398277759552,221.9816760503707,224.81,2.828323949629317,4.039529800415039,True,-0.8120907759598541,0.554579493997831,True,False,405.1318727474495,1.154248110590907
181.2430000000022,57.0,True,False,23.466309219704485,-81.68650220409442,-1.453872586611614,34.504826763951925,-77.00220490286357,0.0,11.991309802560236,-3.130670661971603,-2.7840531099981476,-1.1919639515808476,-1.759733865372534,-1.7481014004816935,1.7183316457306435,4.1895167397947075,2.480427742004394,221.61364321657518,224.81,3.1963567834248376,3.9569318294525146,True,-0.7382176369449365,0.4596859977379298,True,False,405.4415887856434,1.107811794874598
181.3420000000042,57.1,True,False,23.1333819129298,-81.95188349139971,-1.5031878740118179,34.504826763951925,-77.00220490286357,0.0,12.40197871831954,-3.141856912094431,-2.8461764381927255,-1.2063102124505238,-1.7793620193024198,-1.7675998053535231,1.7377341240221604,4.239337822514146,2.508094549179077,222.1449517338281,224.81,2.665048266171918,4.181830406188965,True,-0.41711944529753264,0.14710244747963172,True,False,405.76238009542624,1.0830487077251238
181.4429999999993,57.2,True,False,22.33786194786871,-82.49912770951445,0.15880924986644587,34.504826763951925,-77.00220490286357,0.0,13.351074607614382,-3.225764735067479,-2.850969662925979,-0.45206614179149696,-1.8986023397866398,-1.8860519050340754,1.6408614514768496,4.305065173133762,2.676169395446777,221.44599591267195,224.81,3.3640040873280572,4.162917137145996,True,-0.2953334135855794,0.07650728986439533,True,False,404.93427125071776,0.8077714478791447
181.54300000000512,57.3,True,False,22.059278691012086,-82.79336188361914,0.12149000171596788,34.504826763951925,-77.00220490286357,0.0,13.726950353651409,-3.1243306933521615,-2.732137277129832,-0.43869304218798877,-2.0421414295283906,-2.028642150490483,1.2907513300170366,4.1504236389198645,2.878494501113891,221.15798189287662,224.81,3.652018107123389,3.895829677581787,True,-0.4999675594158788,0.21692841967676132,True,False,405.17621432162156,0.8108027574568613
181.64400000000023,57.4,True,False,21.71472830979738,-83.05600093375827,0.07886686169600805,34.504826763951925,-77.00220490286357,0.0,14.150443980689897,-3.3345791516621284,-2.830517827592415,-0.4830803382532597,-2.0528422518978595,-2.03927223662934,1.506293153883342,4.373928359154754,2.8935778141021724,220.31486839781812,224.81,4.495131602181908,4.472318649291992,True,0.1299066352631879,0.0145730308966848,True,False,405.41446799152993,0.8094266140663602
181.7430000000022,57.5,True,False,21.36962539446225,-83.34577086901227,0.027351817095428624,34.504826763951925,-77.00220490286357,0.0,14.58678662982096,-3.486982273779777,-2.9566340645678837,-0.5275508648451743,-2.086777410748382,-2.072983072045699,1.6557212129589356,4.571731659821865,2.9414110183715816,220.28874834671035,224.81,4.521251653289656,4.670169353485107,True,0.12348275057930636,0.01313962973048404,True,False,405.6794013014252,0.8718880611644179
181.8420000000042,57.6,True,False,21.010890856569,-83.64777153419585,-0.026637863702514045,34.504826763951925,-77.00220490286357,0.0,15.041604373338485,-3.6567788672262087,-3.0836116667876685,-0.5753363737615869,-2.1668977546643995,-2.1525737920759775,1.7568657472089542,4.78337669385772,3.0543444156646724,220.13941798386196,224.81,4.6705820161380585,4.835446834564209,True,0.03194116558832949,0.0008780941195328936,True,False,405.9711787413387,0.9549965936402429
181.94200000001,57.7,True,False,20.398296732406692,-83.75151734884334,-0.06765085299882304,34.504826763951925,-77.00220490286357,0.0,15.63801163909098,-3.9058805874781855,-3.1165781744167567,-0.7051455341440457,-2.2323601166994766,-2.217603424683595,1.8996911240444305,4.996895304175365,3.146616697311401,218.58566082697573,224.81,6.224339173024288,5.08262300491333,True,0.06559037291662051,0.0037119271434155323,True,False,405.8785796883474,0.9306739741981912
182.04200000000128,57.8,True,False,19.820748613910897,-83.83456250513817,-0.1486007181128302,34.504826763951925,-77.00220490286357,0.0,16.1957791267315,-3.858066486792811,-2.8871784858325746,-0.8038127059794962,-2.3622914491128295,-2.3466758649131583,1.5904358039755357,4.818762976695192,3.329761028289795,216.79286429293197,224.81,8.017135707068046,4.477725505828857,True,-0.7378169144697226,0.469879910693948,True,False,406.1046887108403,0.9772677953912647
182.14300000001094,57.9,True,False,19.454612840910524,-84.12561850590394,-0.2262711554079653,34.504826763951925,-77.00220490286357,0.0,16.65088467587503,-3.8703414629980286,-2.8352704294075517,-0.8165958208902981,-2.439321842613991,-2.4231970601965878,1.4891680951245734,4.797739201756865,3.4383389949798584,216.2285391414658,224.81,8.581460858534221,4.678796291351318,True,-0.3400659483598769,0.09986200623930319,True,False,406.4013347049763,0.9380116146951841
182.24400000000605,58.0,True,False,19.07128059783635,-84.39998164350865,-0.30201941629970175,34.504826763951925,-77.00220490286357,0.0,17.114948085403302,-3.944099066135964,-2.8524347947710993,-0.8405961887239123,-2.531088870664305,-2.5143574756488625,1.4528916292042342,4.867473852206648,3.567688941955566,215.88448867125078,224.81,8.92551132874922,4.709977626800537,True,-0.4155684922890659,0.14904777230954047,True,False,406.7286299030717,0.9828492793510537
182.3420000000042,58.1,True,False,18.68642214328065,-84.69103556387203,-0.3854511530878621,34.504826763951925,-77.00220490286357,0.0,17.58806531932771,-3.915812133168394,-2.939705432996378,-0.8566566687702754,-2.5908479839535907,-2.5737215600073964,1.3745814606608522,4.896473495798505,3.651922225952148,216.9154977375467,224.81,7.894502262453299,4.860010623931885,True,-0.20091752558784837,0.034793957128301224,True,False,407.06506575859316,0.9837013476468672
182.4429999999993,58.2,True,False,18.289240112825862,-85.01220408057995,-0.4886510929253828,34.504826763951925,-77.00220490286357,0.0,18.08605366759689,-4.181919919384102,-3.0284553489801542,-0.94486425107584,-2.628902005435609,-2.6115240309126166,1.6080100637217614,5.163331871273436,3.7055611610412598,215.92904396131777,224.81,8.880956038682234,5.397382736206055,True,0.2690208999066108,0.06234477005887102,True,False,407.4149576310772,1.0142449963325224
182.54300000000512,58.3,True,False,17.865914675645904,-85.33655867072306,-0.5975940178244016,34.504826763951925,-77.00220490286357,0.0,18.6095364856358,-4.517216781100894,-3.0492576636527486,-1.0546513843920988,-2.685405574842984,-2.6676540916887883,1.8711369756134133,5.450066031416917,3.7852056026458736,214.01884888849608,224.81,10.791151111503924,5.673766613006592,True,0.2222491844091916,0.042573958088792024,True,False,407.762657135783,1.1237097569038175
182.64300000001094,58.4,True,False,17.369641418112394,-85.64220994200826,-0.7110080953413567,34.504826763951925,-77.00220490286357,0.0,19.190212711502692,-4.867290521792265,-3.2854979393963966,-1.156982496837393,-2.699338260721138,-2.6814946775724473,2.250519261543296,5.872394207928039,3.8048443794250484,214.03122209295663,224.81,10.778777907043398,6.144462585449219,True,0.2893048785123975,0.0719601481352829,True,False,408.1549196536952,1.2739821889636544
182.7430000000022,58.5,True,False,16.863602767450324,-86.0726247168106,-0.882860823575918,34.504826763951925,-77.00220490286357,0.0,19.836463890925387,-5.467524327788411,-3.7969949089501673,-1.3776448299920527,-2.719388094439957,-2.7014119747802687,2.958471686984168,6.65665025471157,3.833105564117431,214.810410440948,224.81,9.999589559052017,7.579318523406982,True,1.4228619300627114,1.7383206266788755,True,False,408.58330902118524,1.3948610469045424
182.84300000000803,58.6,True,False,16.091886526549665,-86.3208030220294,-1.0347900718703709,34.504826763951925,-77.00220490286357,0.0,20.636681881849807,-5.9540324509247995,-4.166819184112351,-1.5716285158410432,-2.764010374872582,-2.745739286115182,3.4922355192902073,7.267247383965423,3.8960027694702144,214.93848606441094,224.81,9.871513935589064,8.067749977111816,True,1.1526835386727923,1.139737327589429,True,False,408.7500818225446,1.6377446517928544
182.9429999999993,58.7,True,False,15.530795572552154,-86.89194047921285,-1.2583163126533794,34.504826763951925,-77.00220490286357,0.0,21.39674576710954,-6.6135587316013025,-4.758389148440295,-1.7965017662260068,-2.833488928206671,-2.8147585615730937,4.250485569525165,8.147479756607817,3.9939360618591304,215.76756047919034,224.81,9.042439520809669,9.041370391845703,True,1.2736868470246874,1.3900212036049318,True,False,409.1132799660018,1.955427983651593
183.04300000000512,58.8,True,False,14.887286987014653,-87.51966781033889,-1.527891311684847,34.504826763951925,-77.00220490286357,0.0,22.25904070057457,-7.346602939290607,-5.238898188894078,-2.1009575869363295,-2.9222940490030687,-2.9029766490287585,5.003102896911487,9.023227193260238,4.119111061096191,215.52967660090226,224.81,9.280323399097744,10.15968132019043,True,1.633673308250751,2.285983291832634,True,False,409.4967256169955,2.244404575529408
183.14300000001094,58.9,True,False,14.051156346475828,-87.93357097204978,-1.706188451032701,34.504826763951925,-77.00220490286357,0.0,23.19153719970482,-7.604433869198118,-5.273373531799702,-2.255116210864124,-3.010864734104536,-2.990961850492572,5.129354782216925,9.253965791858814,4.243955612182617,214.75716141849554,224.81,10.052838581504462,9.279449462890625,True,-0.4477515143862245,0.17160182486501183,True,False,409.81122133862345,2.7122607401709597
183.24400000000605,59.0,True,False,13.350514978706757,-88.62948813986878,-2.0303426712965114,34.504826763951925,-77.00220490286357,0.0,24.139151239861462,-7.965914679774137,-5.713021034428365,-2.6697419294617193,-3.063482185120116,-3.043231481497622,5.582259454878265,9.802775424606137,4.318122386932373,215.68190764094538,224.81,9.128092359054628,10.907804489135742,True,1.3681740014644124,1.6002442886211934,True,False,410.58032277677137,2.6650856092018045
183.34400000001187,59.1,True,False,12.601385991851501,-89.36603827599819,-2.388381600970812,34.504826763951925,-77.00220490286357,0.0,25.152039546238566,-8.736740933326985,-6.1033209219172235,-2.982148320869235,-3.114798907063535,-3.0942089817109446,6.376596805142943,10.657446617834113,4.390455722808838,214.9634304193453,224.81,9.846569580654728,11.766737937927246,True,1.2816471779744223,1.402703069532428,True,False,411.1310817902856,3.0861179944137485
183.4429999999993,59.2,True,False,11.548506783471055,-89.86067533800659,-2.7196625939097188,34.504826763951925,-77.00220490286357,0.0,26.312219385252785,-9.283553483981201,-6.445502763901468,-3.484831615522299,-3.2226349289479717,-3.201332169249676,6.874545554285712,11.30171983237069,4.542455673217773,214.76002246618208,224.81,10.049977533817932,12.258217811584473,True,0.7908667356398951,0.5334699746368677,True,False,411.79886984939833,3.553422031701583
183.54200000000128,59.3,True,False,10.520846002190728,-90.46239391548764,-3.1071497396132983,34.504826763951925,-77.00220490286357,0.0,27.502872966948324,-9.651088949098488,-6.855837558730679,-3.647104785081167,-3.2775815138157833,-3.2559155377062314,7.319906801664941,11.838328705316187,4.619905471801758,215.38975308914343,224.81,9.420246910856592,12.725404739379883,True,0.6205895216406869,0.3279759841769586,True,False,412.7543795183788,3.919514771555244
183.64400000000023,59.4,True,False,9.565601665173835,-91.20874996525599,-3.5128938790498623,34.504826763951925,-77.00220490286357,0.0,28.701757283088252,-10.0929169283924,-7.025993136291082,-3.903563297115086,-3.283205940747839,-3.2615027851817198,7.780973675501193,12.297623822293446,4.627833366394043,214.84352312490398,224.81,9.966476875096035,13.157898902893066,True,0.4686794232120892,0.18724818279052827,True,False,413.82725039262937,4.2949539599215845
183.74200000001292,59.5,True,False,8.526981242879044,-91.88349831686897,-3.8687571366203666,34.504826763951925,-77.00220490286357,0.0,29.938292396034328,-10.236498799833127,-7.000330425494858,-4.019164414882132,-3.32754236524653,-3.305546130191793,7.834865027799375,12.40123113828196,4.690327644348144,214.37002998563077,224.81,10.439970014369258,12.895668029785156,True,-0.2578318974738636,0.05662822772161619,True,False,415.05460768305585,4.62487523321369
183.84500000000116,59.6,True,False,7.487874731850152,-92.58281441757852,-4.258735065138476,34.504826763951925,-77.00220490286357,0.0,31.18767528936574,-10.546846898690081,-7.0195451059257925,-4.150336758908813,-3.4327515571581886,-3.410059852035398,7.977389067010457,12.66925384537445,4.838624954223633,213.64852016696173,224.81,11.161479833038277,13.238858222961426,True,-0.17006068031272648,0.024676982897783497,True,False,416.4320950691588,4.877355756559893
183.9429999999993,59.7,True,False,6.411565395430793,-93.28343265488054,-4.6639771553451626,34.504826763951925,-77.00220490286357,0.0,32.47013568547396,-10.825674332601695,-7.0801652927029295,-4.336800169452833,-3.464523175623533,-3.441621448835765,8.211306087317935,12.935376505055673,4.883408546447753,213.18680255391823,224.81,11.623197446081786,13.616317749023438,True,-0.04893072579367974,0.002040858579799743,True,False,417.9350726445633,5.165109956825372
184.04300000000512,59.8,True,False,5.3087397661013975,-93.95112598934213,-4.9935383037614445,34.504826763951925,-77.00220490286357,0.0,33.75910872611619,-10.856616751564331,-6.92717659389125,-4.26616815234661,-3.5139813265598114,-3.4907526638553956,8.106991082482722,12.878350160377765,4.953122138977051,212.5448223509819,224.81,12.265177649018124,13.10384750366211,True,-0.8471732840797372,0.612027614352531,True,False,419.56326244556647,5.447122730736336
184.14300000001094,59.9,True,False,4.215731097347183,-94.61153927448285,-5.2654600043840425,34.504826763951925,-77.00220490286357,0.0,35.03595258177272,-10.769347496406223,-6.822236626988767,-4.090065602543806,-3.626018923236509,-3.602049652287039,7.835607650737849,12.748402178036981,5.111044406890869,212.36384925659368,224.81,12.446150743406346,12.706817626953125,True,-1.245815827625826,1.325195686362228,True,False,421.17497547812496,5.575053745210698
184.2430000000022,60.0,True,False,3.1353335981189523,-95.24126831402029,-5.448794250551094,34.504826763951925,-77.00220490286357,0.0,36.28647868831361,-10.483051692855454,-6.513698149343197,-3.837953262270475,-3.653907975366042,-3.629754347891918,7.413119165645077,12.34190570276068,5.150355339050292,211.86013195189204,224.81,12.949868048107971,11.965441703796387,True,-1.7508147132745027,2.6204714492528454,True,False,422.6818448300109,5.4966105814804145
184.34300000000803,60.1,True,False,2.095702420918648,-95.86740206313004,-5.65214492186213,34.504826763951925,-77.00220490286357,0.0,37.499960061017646,-10.308832742457811,-6.209874923517837,-3.6908515101691677,-3.593526406551977,-3.56977192266036,7.215641554303658,12.034723888719089,5.065244674682617,211.0619499300463,224.81,13.748050069953715,11.813812255859375,True,-1.4133575525556523,1.7073205760116845,True,False,423.8169209549121,5.17602518238669
184.4429999999993,60.2,True,False,1.0193073401006056,-96.37399938103839,-5.669080785866727,34.504826763951925,-77.00220490286357,0.0,38.68522240326102,-9.726542009613684,-5.827547761691549,-3.275109238423602,-3.657317272528394,-3.633141108391014,6.453751581002918,11.338691828406661,5.155160903930664,210.9732794481561,224.81,13.836720551843907,10.483956336975098,True,-2.406587112697494,4.940795060176026,True,False,425.11691071610585,4.9793741814482555
184.54300000000512,60.3,True,False,0.033080438670085296,-96.93331848544499,-5.974692244613973,34.504826763951925,-77.00220490286357,0.0,39.818972655712045,-9.887074778609342,-5.755952304663451,-3.3929679064533835,-3.5622060683420975,-3.5386586229929358,6.702264950961998,11.440508494440861,5.021097183227539,210.2080861639827,224.81,14.601913836017312,11.702479362487793,True,-0.4212883530536615,0.15171119776109365,True,False,425.40424881747015,4.371398251168688
184.64400000000023,60.4,True,False,-1.1039961121210276,-98.30646311406473,-4.117676733691697,34.504826763951925,-77.00220490286357,0.0,41.495297137736806,-9.974674555262329,-5.976564594402871,-1.5706304865716236,-3.593250361058379,-3.569497701925367,6.820303935400008,11.628132130074361,5.064855575561523,210.9360965153874,224.81,13.873903484612633,11.137442588806152,True,-1.0601547747502114,0.9874274670800426,True,False,426.00202120819387,3.8639107985047065
184.74400000000605,60.5,True,False,-2.049259372802975,-98.92557603052202,-4.237182974830873,34.504826763951925,-77.00220490286357,0.0,42.624352369207266,-9.802389926049168,-5.876214565427897,-1.5777802075177942,-3.701898281453398,-3.6774274210376077,6.484648272043659,11.428768344894266,5.2179999351501465,210.94875426991,224.81,13.861245730090006,11.065762519836426,True,-0.8474737424952359,0.6240260171226288,True,False,427.29297278028514,3.7673621051429342
184.84500000000116,60.6,True,False,-3.1019115535922226,-99.2895659045797,-4.2702635385701555,34.504826763951925,-77.00220490286357,0.0,43.71490852449609,-9.232723476761318,-5.526637939774853,-1.3948752684629704,-3.6790974649478905,-3.654777326014878,5.86059928987101,10.760432598910624,5.185861110687256,210.95670514316362,224.81,13.853294856836394,9.771445274353027,True,-1.9488875165580577,3.281785861427745,True,False,428.6696010227855,3.7248988963114567
184.9429999999993,60.7,True,False,-3.791862528751906,-100.11281763794767,-4.368881188534611,34.504826763951925,-77.00220490286357,0.0,44.729596821041525,-8.951285882313924,-5.492367571963062,-1.3251907904718565,-3.57911859089961,-3.5554593477787866,5.710673767240998,10.501981741198371,5.044936180114746,211.5281569336869,224.81,13.281843066313138,10.162803649902344,True,-0.7662395756237377,0.5055192677826835,True,False,428.8706536048232,3.2364213592427773
185.04300000000512,60.8,True,False,-4.783135211470869,-100.50966227510563,-4.468052833023234,34.504826763951925,-77.00220490286357,0.0,45.783670760327254,-9.15101678896005,-5.225042916722502,-1.4559501086774571,-3.577670028640313,-3.5540203610297163,5.818462897742028,10.53765542013121,5.042894363403319,209.72178311719568,224.81,15.088216882804321,10.391733169555664,True,-0.44615278166152805,0.17149542327859355,True,False,430.2580684757761,3.2615392160075167
185.14500000000407,60.9,True,False,-5.6515138126761695,-101.09841582494413,-4.5947550163796045,34.504826763951925,-77.00220490286357,0.0,46.83117625372592,-9.253788881361881,-5.186566888459567,-1.4720564813569346,-3.659380847909456,-3.635191042807018,5.805529111048466,10.608161233186548,5.158069610595703,209.2765736523125,224.81,15.533426347687511,10.579121589660645,True,-0.23744762456867718,0.048484000436810976,True,False,431.7995440136019,3.323564436005969
185.2430000000022,61.0,True,False,-6.598410537947421,-101.55092583895562,-4.675482726465471,34.504826763951925,-77.00220490286357,0.0,47.876046372840506,-9.08255422704753,-5.166544096270791,-1.443917723012013,-3.673461197829222,-3.6491783166206093,5.617889844771922,10.449209022025041,5.177916526794434,209.65333879086023,224.81,15.156661209139767,10.097071647644043,True,-0.8206417035714146,0.578620472822994,True,False,433.4474864219648,3.445707459917446
185.3420000000042,61.1,True,False,-7.4963084278746654,-102.04950210531089,-4.7619931869435685,34.504826763951925,-77.00220490286357,0.0,48.90258126673704,-9.003041182447502,-5.0416369226225655,-1.4632075834457334,-3.671404049978035,-3.647134767246229,5.510988184860905,10.318568379014447,5.1750168800353995,209.25351601422318,224.81,15.55648398577683,10.047286033630371,True,-0.6807240859551165,0.39824850183069027,True,False,434.94233946088866,3.4101900332107933
185.4429999999993,61.2,True,False,-8.364752204110452,-102.51328338095873,-4.771407566703057,34.504826763951925,-77.00220490286357,0.0,49.88602936709301,-8.774994221321263,-4.620463137339677,-1.4193869171207765,-3.7474153417028933,-3.722643597377493,5.107115557447531,9.91711667712629,5.282158374786376,207.75620142541416,224.81,17.05379857458584,9.251022338867188,True,-1.395676628894332,1.6720206989608333,True,False,436.55309024314965,3.4459988305917935
185.54300000000512,61.3,True,False,-9.184914891942043,-103.01551968187505,-4.83381172924727,34.504826763951925,-77.00220490286357,0.0,50.84767518530905,-8.70005407744125,-4.429887164315468,-1.5085504231333902,-3.771834204281781,-3.746901042615263,4.975321211805225,9.7629320001201,5.316577911376953,206.98168803536953,224.81,17.82831196463048,9.405244827270508,True,-0.8623595438755185,0.6378787005493917,True,False,437.4125172707969,3.2359922474227236
185.64300000001094,61.4,True,False,-9.854821230240173,-103.75001601642441,-4.9733350882800815,34.504826763951925,-77.00220490286357,0.0,51.799843335046496,-8.604025227671157,-4.650752563712643,-1.4897275470007991,-3.549284365255141,-3.525822336945707,5.17840450344236,9.780529102624328,5.002883434295653,208.40743857565784,224.81,16.402561424342174,9.817745208740234,True,-0.13819516332337578,0.016319453930396008,True,False,438.7071587838169,3.1142765902504195
185.7430000000022,61.5,True,False,-10.103357388638683,-105.32000632134894,-4.683844803979021,34.504826763951925,-77.00220490286357,0.0,52.83737285831127,-8.884960397150449,-5.113481679557844,-1.1029355714401439,-3.4962846453574956,-3.473172963991463,5.632800284079348,10.251351917971872,4.928177833557129,209.9406024431046,224.81,14.869397556895404,10.748205184936523,True,0.7954080848029665,0.5445097485082968,True,False,439.07537164889663,2.837754977604149
185.84300000000803,61.6,True,False,-10.981325817658858,-105.85239142857961,-4.782706221945699,34.504826763951925,-77.00220490286357,0.0,53.86393356640586,-9.062447146411301,-4.977522922808354,-1.16021746619681,-3.746217114817693,-3.7214532911969216,5.462601273045128,10.339423713562615,5.280469417572021,208.7754761145945,224.81,16.034523885405502,10.399659156799316,True,-0.008454999355814508,6.151599790232778e-05,True,False,440.24636471026645,3.089695654118175
185.9429999999993,61.7,True,False,-11.049983532061605,-107.62266397994007,-4.907190382386281,34.504826763951925,-77.00220490286357,0.0,54.889463972575804,-9.055623156183527,-5.4677307419275945,-1.154769290335689,-3.899308021390916,-3.873532212588259,5.397133935732839,10.578298077338689,5.496258258819579,211.12775202565516,224.81,13.682247974344854,10.840371131896973,True,0.36401305502526426,0.11339716696642624,True,False,440.86780883338844,3.0346051652151003
186.04400000000896,61.8,True,False,-11.975382873121728,-108.18177347428899,-5.047341664406062,34.504826763951925,-77.00220490286357,0.0,55.9694147209575,-9.172589073943334,-5.733579131925527,-1.1976708269339749,-4.005928225255756,-3.9794476190956596,5.456313928804302,10.817130857185584,5.646544456481933,212.01762162434866,224.81,12.792378375651351,11.055850982666016,True,0.3146475073869688,0.08490758241779674,True,False,442.3172911653247,3.206296994000268
186.14300000001094,61.9,True,False,-12.888721231341993,-108.79093433608735,-5.188030628227731,34.504826763951925,-77.00220490286357,0.0,57.06725602796174,-9.322047499542023,-5.841161244788834,-1.2474007004118213,-4.063588580895188,-4.036726819336671,5.559440061269958,11.00089697576251,5.7278194427490225,212.07548333228823,224.81,12.734516667711773,11.20326042175293,True,0.23978809643948296,0.04941856096930848,True,False,443.9553529509754,3.3722694493411267
186.24400000000605,62.0,True,False,-13.852954051540836,-109.30856396343447,-5.282234015081281,34.504826763951925,-77.00220490286357,0.0,58.156476863284716,-9.450423585963286,-5.696147613834255,-1.2684287968333856,-4.039816192505351,-4.0131115748643085,5.6663288533770535,11.03433747864913,5.694311141967773,211.07704367343536,224.81,13.732956326564668,10.872889518737793,True,-0.4246042834912398,0.155291520896861,True,False,445.8265571050081,3.62866734547839
186.3420000000042,62.1,True,False,-14.808528227783732,-109.74113759467676,-5.28392278611154,34.504826763951925,-77.00220490286357,0.0,59.191593105271416,-9.112459450878438,-5.301175044546257,-1.1677895287641287,-4.104127688401679,-4.076997948966476,5.155773133524759,10.542266079777335,5.784961223602295,210.18501978725587,224.81,14.624980212744152,9.726662635803223,True,-1.5946077704225985,2.192354851501017,True,False,447.9150863898956,3.740969323433595
186.44400000000314,62.2,True,False,-15.65621890732143,-110.30577152168239,-5.323801622331159,34.504826763951925,-77.00220490286357,0.0,60.21011586411103,-8.897833227440264,-5.215449885584429,-1.0957506359931022,-4.187404795214152,-4.159724564571007,4.827286190868845,10.313697380298816,5.902344226837158,210.379473496073,224.81,14.43052650392702,9.843811988830566,True,-0.9572399916475387,0.7894041257623728,True,False,448.59898773289035,3.438263972546626
186.54300000000512,62.3,True,False,-16.522682300536694,-110.81932717186154,-5.378745277900846,-15.517062806055462,-108.49313436775242,0.0,2.5342540380888754,-8.66982289781507,-5.22399310349964,-1.0836299883037874,-5.6591666004831955,-1.9056196175874458,4.480586338044287,10.122051818919438,5.971394538879394,211.07823068543658,198.61,12.468230685436568,9.817174911499023,True,-0.6588181294784814,0.3732721410027394,True,False,450.1867822138517,3.318972351540112
186.64300000001094,62.4,True,False,-17.421074198694296,-111.24791388074212,-5.433580841825573,-15.517062806055462,-108.49313436775242,0.0,3.3487414872584953,-8.561518197794708,-5.009750392820553,-1.0944997981436542,-5.709063651681978,-1.922421526125718,4.203343486888312,9.919535919060712,6.024044513702393,210.33456665380717,198.61,11.724566653807159,9.650224685668945,True,-0.598783713707439,0.3082446213914018,True,False,452.0716683125547,3.2653652034149885
186.7430000000022,62.5,True,False,-18.277606131368618,-111.75110013687593,-5.53947900285816,-15.517062806055462,-108.49313436775242,0.0,4.270238916467274,-8.644354083206913,-4.979567435274061,-1.1228325330804596,-5.754438041209815,-1.9377005120479414,4.1957799165839615,9.976018712808127,6.071922302246094,209.94477899923058,198.61,11.33477899923056,10.008147239685059,True,-0.05612567367521493,0.002706426090390559,True,False,453.9990538947193,3.2304105680775033
186.8420000000042,62.6,True,False,-19.266209894682564,-112.0869908539636,-5.471532049941033,-15.517062806055462,-108.49313436775242,0.0,5.193448597573991,-8.621170216422861,-4.983618030079667,-0.9140480674067303,-5.82611644431486,-1.9618368877295926,4.116246695867205,9.957962872509203,6.147555351257325,210.03293421766438,198.61,11.422934217664364,9.859025001525879,True,-0.25472931355916195,0.05603939748925796,True,False,455.27179146902165,3.091239435289926
186.9429999999993,62.7,True,False,-20.144049694875953,-112.57434598171548,-5.564527028034929,-15.517062806055462,-108.49313436775242,0.0,6.169707927225058,-8.808766046378135,-4.989939969413268,-0.9954750677561508,-5.838071129750829,-1.9658624068028296,4.239112335425803,10.123925135942697,6.160169601440429,209.5271226553828,198.61,10.917122655382784,10.178220748901367,True,0.009906775843207427,8.469349466219465e-05,True,False,457.4188701363382,3.204493940906469
187.04300000000512,62.8,True,False,-21.239877604750408,-112.7034576528892,-5.648475021890602,-15.517062806055462,-108.49313436775242,0.0,7.1047471021512685,-8.864350980920662,-4.803494032732477,-1.0495316325305741,-5.917752764090132,-1.9926937224855024,4.072227822152556,10.082176016884729,6.244247436523438,208.4460986431495,198.61,9.836098643149493,9.923770904541016,True,-0.3854989936621749,0.12821775093126403,True,False,457.71710615639154,3.1687661210182543
187.14300000001094,62.9,True,False,-22.10761572069244,-113.22792690573033,-5.7655370603970395,-15.517062806055462,-108.49313436775242,0.0,8.115026068862703,-8.946066184241506,-4.817509500059261,-1.1193626542183355,-5.9700742837006455,-2.0103120258913907,4.091073875042991,10.160733140673985,6.299455642700194,208.3094530175195,198.61,9.699453017519495,10.278264999389648,True,0.10144201929747787,0.008885778207062451,True,False,459.87877199994875,3.1705082998302014
187.24400000000605,63.0,True,False,-23.21385863235368,-113.40021880231886,-5.978930473328559,-15.517062806055462,-108.49313436775242,0.0,9.127986833890919,-9.100047862073112,-4.7444455295482815,-1.3804869288757373,-5.992629748261019,-2.0179071611444113,4.134012434478874,10.26258420062277,6.32325553894043,207.53807137226926,198.61,8.928071372269255,10.432923316955566,True,0.14100889645544434,0.017164915340666158,True,False,461.21925884606924,3.1942368400765213
187.34300000000803,63.1,True,False,-24.03830478197677,-113.95060381665819,-6.055537855287158,-15.517062806055462,-108.49313436775242,0.0,10.11906802022514,-8.949274419662109,-4.6234003628285905,-1.3687518855572691,-6.060783295147702,-2.0408566067296214,3.874650078208905,10.073000722397577,6.395169258117675,207.30850995126147,198.61,8.698509951261466,9.754188537597656,True,-0.7446220786726698,0.4786006600058358,True,False,463.404667854628,3.3805052764443078
187.4429999999993,63.2,True,False,-24.88383800015057,-114.39493768752845,-6.0909034901592936,-15.517062806055462,-108.49313436775242,0.0,11.071032470462495,-8.620873409147352,-4.412788101818142,-1.3091822606643029,-6.093940442641766,-2.052021662503476,3.458122091281216,9.684635107637853,6.4301557540893555,207.10018115540123,198.61,8.490181155401224,9.107414245605469,True,-1.204386779421604,1.2518780544874066,True,False,465.4823748737865,3.346917873056838
187.54300000000512,63.3,True,False,-25.699365190917455,-114.84896549488761,-6.155286384934487,-15.517062806055462,-108.49313436775242,0.0,12.003160882593669,-8.390020271461461,-4.296369760587137,-1.2993379216090792,-6.104965108321659,-2.0557340146358825,3.2003008678288984,9.426093213798696,6.441788673400879,207.11726401935573,198.61,8.507264019355711,9.077147483825684,True,-0.7934109683048884,0.5430442221038423,True,False,466.8104363796864,3.131151623384346
187.64300000001094,63.4,True,False,-26.529640328148872,-115.25909880400137,-6.238385424028611,-15.517062806055462,-108.49313436775242,0.0,12.92498117726686,-8.32656659448099,-4.214430221949221,-1.2533504686454067,-6.169733437524784,-2.0775435508169338,3.0361511675488924,9.332370189185903,6.510130405426025,206.84798982284738,198.61,8.237989822847366,9.12526798248291,True,-0.5270426112657329,0.23953357045884777,True,False,468.7214609989754,3.070231056298141
187.7430000000022,63.5,True,False,-27.363719144954274,-115.64744041310693,-6.313268306355091,-15.517062806055462,-108.49313436775242,0.0,13.839341075447473,-8.241286674963845,-4.1801503872746615,-1.2431658397724372,-6.233653993616929,-2.0990676150927388,2.8916248871325974,9.240804257161232,6.577577590942383,206.90117362543276,198.61,8.291173625432746,9.028264045715332,True,-0.5367341191068373,0.24803224729003648,True,False,470.9122766090501,3.097583405959341
187.84300000000803,63.6,True,False,-28.190006202783188,-115.99417992592181,-6.354669172622217,-15.517062806055462,-108.49313436775242,0.0,14.726478832443203,-8.03798048315007,-3.979473501697556,-1.2229234390280799,-6.224111123262677,-2.095854230112413,2.6149844387730585,8.96913260010211,6.567508220672607,206.33733585889027,198.61,7.727335858890267,8.577054023742676,True,-0.8625899095096674,0.6402019694750085,True,False,473.140233268437,3.094262316612796
187.9429999999993,63.7,True,False,-29.04264818310759,-116.30120654682767,-6.454949751357669,-15.517062806055462,-108.49313436775242,0.0,15.617536647806382,-8.097613845705325,-3.879783944800588,-1.2113103294315752,-6.217124677476025,-2.0935016737930567,2.5936545382034883,8.979090903454034,6.560136318206786,205.59638059141284,198.61,6.986380591412829,8.94180679321289,True,-0.21553050858661216,0.039945575131995786,True,False,474.94744571913657,2.983533907303612
188.04400000000896,63.8,True,False,-30.572699401058763,-115.56619658901171,-6.1807731240442685,-15.517062806055462,-108.49313436775242,0.0,16.634314006492964,-7.983576536431401,-3.5290456788461335,-0.538430720622314,-6.216974645134423,-2.0934511531786955,2.2763597880081208,8.7287832895794,6.559978008270264,203.83855361508785,198.61,5.228553615087835,8.373147964477539,True,-0.6702769319097044,0.3897318604337838,True,False,476.1549676017849,2.812986763430733
188.14300000001094,63.9,True,False,-31.298693835960076,-115.93848816447219,-6.138692907596763,-15.517062806055462,-108.49313436775242,0.0,17.44973269486893,-7.516598092537556,-3.4051520223859257,-0.4430869484120184,-6.215815961628797,-2.093060987952122,1.8475976387550137,8.251927482733848,6.55875539779663,204.37441008784668,198.61,5.764410087846671,7.6318278312683105,True,-1.1405105065647785,1.1261580010319217,True,False,478.02047807585143,2.721264743104177
188.24400000000605,64.0,True,False,-32.03296824061081,-116.19890520451864,-6.0808749560136475,-15.517062806055462,-108.49313436775242,0.0,18.225093594051355,-7.056284201580069,-3.134941623412838,-0.40055908639685717,-6.2388558679668735,-2.1008192500081404,1.3181798677607737,7.721334451743092,6.583066463470459,203.95815646971562,198.61,5.3481564697155966,7.086799621582031,True,-1.1664840046161657,1.1753478365065726,True,False,478.8310137352678,2.4630211336085783
188.34300000000803,64.1,True,False,-32.88658165172311,-116.23291794329184,-6.08525421452167,-15.517062806055462,-108.49313436775242,0.0,19.01589952450826,-7.042309159006962,-2.862375913714254,-0.3894839581814463,-6.265692225213983,-2.1098558966462355,1.081397354325439,7.601796771977323,6.611383438110351,202.11469594940226,198.61,3.50469594940224,7.418715476989746,True,-0.3496598809315232,0.10546436428527804,True,False,479.3309014735404,2.2221311496170313
188.4429999999993,64.2,True,False,-33.54930717265543,-116.5336877070558,-6.068639639016999,-15.517062806055462,-108.49313436775242,0.0,19.743665690518547,-6.7945882361027685,-2.750153066346411,-0.3183381759545828,-6.210903758155259,-2.091406894343364,0.8801329950215055,7.330059425851928,6.553572177886963,202.03888789858595,198.61,3.4288878985859483,7.008180141448975,True,-0.5956669271684145,0.30599603420273813,True,False,481.25725735461776,2.1893081670926207
188.54300000000512,64.3,True,False,-34.2336737744994,-116.65089439574507,-5.940964245248969,-15.517062806055462,-108.49313436775242,0.0,20.417163730998254,-6.125054557982979,-2.464086677326822,-0.19932036639597772,-6.181506457294115,-2.081507897339047,0.386721268916993,6.602122120322193,6.522552967071533,201.9431157992773,198.61,3.3331157992773077,5.676657676696777,True,-1.6829246600047698,2.4407621088598472,True,False,482.8877572585759,2.110489657324167
188.64300000001094,64.4,True,False,-34.70844158342032,-117.0560841725341,-5.877833518851769,-15.517062806055462,-108.49313436775242,0.0,21.01506908709797,-5.788797016208814,-2.4075604063998486,-0.1319092236763876,-6.2484674278269186,-2.1040557649082943,0.550828425849715,6.2694910483493205,6.593208312988281,202.57668418640355,198.61,3.9666841864035316,5.7905120849609375,True,-0.8726206437656172,0.6547852461542865,True,False,481.13878074056777,1.7477274354396273
188.7430000000022,64.5,True,False,-35.23129686786109,-117.41923975579095,-5.9094160667486335,-15.517062806055462,-108.49313436775242,0.0,21.640849845651342,-5.960619671586852,-2.4398088461173466,-0.11102329528457325,-6.273547683629855,-2.112501076885522,0.45282923549689114,6.440625286018479,6.6196722984313965,202.2678104255876,198.61,3.657810425587598,6.548483371734619,True,0.19432920563461575,0.0324610008441323,True,False,481.9652825368995,1.6344727849349558
188.84300000000803,64.6,True,False,-35.030103181347606,-119.04454931405101,-6.271124786737873,-15.517062806055462,-108.49313436775242,0.0,22.183126516718843,-6.2551434558656265,-2.7065331055908795,-0.5665746002798445,-6.32763027563562,-2.130712388828055,0.5803652616185951,6.815580760662879,6.676738739013671,203.40139496606025,198.61,4.791394966060252,7.075272083282471,True,0.42885115987887534,0.15828930412105946,True,False,481.90514954959957,1.6657770839721169
188.94400000000314,64.7,True,False,-35.67714598863432,-119.33609113799137,-6.379110259803124,-15.517062806055462,-108.49313436775242,0.0,22.891017134451886,-6.577794821896169,-2.7419788989233855,-0.5950787325033218,-6.2962030191164144,-2.120129841824608,0.6826347436275058,7.12641796424439,6.643577575683594,202.63616350856415,198.61,4.026163508564126,7.413512229919434,True,0.47591107003517674,0.19507488865761383,True,False,482.9721460439439,1.8016630094771506
189.04300000000512,64.8,True,False,-36.32822946887783,-119.74519084680567,-6.551241215177289,-15.517062806055462,-108.49313436775242,0.0,23.658263521982615,-7.121590561414333,-3.002588314224121,-0.6348745261701082,-6.253982472094726,-2.105912853997649,1.2477061663810016,7.728686092030195,6.599027633666992,202.87747066894653,198.61,4.26747066894651,8.386131286621094,True,1.1459375712501263,1.1309875118826156,True,False,483.9952332461521,1.9556428934638623
189.14300000001094,64.9,True,False,-37.385852166395395,-119.46800427827611,-6.619261389255134,-15.517062806055462,-108.49313436775242,0.0,24.468177652613104,-7.23475774177391,-2.97254742735423,-0.6133558394091068,-6.255422692193177,-2.1063978214614125,1.3074066999696687,7.821621174029574,6.600547313690185,202.3531278717236,198.61,3.743127871723572,7.848433017730713,True,0.005080106622849634,2.2225832647647755e-05,True,False,483.26950206704595,2.197408667484321
189.24200000001292,65.0,True,False,-38.74843465465147,-118.70001782522623,-6.658023588437287,-15.517062806055462,-108.49313436775242,0.0,25.3747336514532,-7.467218993665401,-2.766840338861948,-0.5561329663452064,-6.267608752806557,-2.110501251843544,1.3674230242033982,7.9633388073163776,6.61340570449829,200.33419808627764,198.61,1.7241980862776385,7.9767913818359375,True,-0.010733797759845842,9.967331346977865e-05,True,False,484.04097711043346,2.2129931578460873
189.3420000000042,65.1,True,False,-39.469088834752775,-118.98551796719002,-6.66956637345796,-15.517062806055462,-108.49313436775242,0.0,26.149372162198095,-7.420621834313271,-2.6473029674966453,-0.47316261221672823,-6.338165980491377,-2.134260092452212,1.1978829939134885,7.878695412922331,6.687855720520019,199.63172955185703,198.61,1.0217295518570297,7.730045795440674,True,-0.29416140629078313,0.07484678810588287,True,False,484.6406656662923,2.213942387800987
189.44200000001,65.2,True,False,-40.19296750315761,-119.24728714752581,-6.677023175148793,-15.517062806055462,-108.49313436775242,0.0,26.91750498525403,-7.362808601034849,-2.5497092753519586,-0.42311739774248647,-6.399145993069049,-2.1547939831206397,1.0414430901540395,7.79178849073103,6.752200126647949,199.10168330877934,198.61,0.49168330877932537,7.544777870178223,True,-0.4670207208886854,0.18862210234373505,True,False,486.6478866085627,2.263283784017136
189.54300000000512,65.3,True,False,-40.89133334776365,-119.54603279073298,-6.688181934092384,-15.517062806055462,-108.49313436775242,0.0,27.677069372903738,-7.235598905714491,-2.5675456344898953,-0.39294321691190004,-6.396087050538011,-2.1537639408356646,0.9359462831729286,7.677641702343556,6.748972415924071,199.54936410481173,198.61,0.9393641048117157,7.504362106323242,True,-0.3316387659442075,0.09499389509301309,True,False,488.5426542185674,2.230598420792241
189.64400000000023,65.4,True,False,-41.56723035728439,-119.92701381588077,-6.755177796308297,-15.517062806055462,-108.49313436775242,0.0,28.448986426258358,-7.419427793780992,-2.5825879583177,-0.41856822170692676,-6.441392750560054,-2.16901979683806,1.0618809584684303,7.856059403389047,6.796777725219726,199.20604372146667,198.61,0.5960437214666585,8.026001930236816,True,0.2877837729952937,0.07141186122746275,True,False,490.4776357984132,2.2306828248135893
189.7430000000022,65.5,True,False,-42.34754736524317,-120.1549262653993,-6.827578632219364,-15.517062806055462,-108.49313436775242,0.0,29.255295109515348,-7.633024528902551,-2.538038439509112,-0.4499266113112199,-6.411018431859923,-2.158791807158293,1.2795026023259168,8.043923332507207,6.764727592468261,198.39794636439427,198.61,0.21205363560575016,8.234914779663086,True,0.3236459790474946,0.0902333849721269,True,False,492.1869403981375,2.3552123366861957
189.84300000000803,65.6,True,False,-43.25127318522877,-120.1320543858137,-6.841242321845797,-15.517062806055462,-108.49313436775242,0.0,30.077414858047092,-7.5809990272538865,-2.4096664708155893,-0.42898416722890015,-6.419621792460588,-2.16168882961676,1.187556311098831,7.954749446198619,6.773805618286132,197.65459100564345,198.61,0.9554089943565567,7.7828803062438965,True,-0.332985358383997,0.09542287737885263,True,False,493.89887081582754,2.4980125151024537
189.9429999999993,65.7,True,False,-44.03120580021803,-120.29870250012262,-6.8398035912581365,-15.517062806055462,-108.49313436775242,0.0,30.86142883308524,-7.481440217542794,-2.287603596468803,-0.407338186509856,-6.45107525944911,-2.172280202510668,1.0367986458620702,7.82336742990151,6.806994438171386,197.01476594494994,198.61,1.59523405505007,7.581113815307617,True,-0.4590401909006232,0.18132892082483068,True,False,495.9981612139569,2.5104047911123923
190.04400000000896,65.8,True,False,-44.71074995483461,-120.68137666834548,-6.894412629372421,-15.517062806055462,-108.49313436775242,0.0,31.635812297438463,-7.615177677069039,-2.283941307515266,-0.4145871897002626,-6.500382575088281,-2.188883528513574,1.118840516226072,7.950303072808303,6.859022140502929,196.70990198069532,198.61,1.9000980193046841,8.03102970123291,True,0.12716609777599963,0.013894618088944223,True,False,497.96817619979595,2.4864340101137605
190.14300000001094,65.9,True,False,-45.64037705548966,-120.5358149954599,-6.8627082931838475,-15.517062806055462,-108.49313436775242,0.0,32.4413350229476,-7.3923213620561565,-2.1004362806479535,-0.37207734953722693,-6.523533198063985,-2.196679072348263,0.8741027106966075,7.684936414113912,6.883450031280517,195.90051866784125,198.61,2.709481332158753,7.308145999908447,True,-0.7022541942469882,0.42312225290508015,True,False,499.9299175880417,2.590744664952902
190.2430000000022,66.0,True,False,-46.37454908774055,-120.68728945389877,-6.808342051347582,-15.517062806055462,-108.49313436775242,0.0,33.179540049394475,-7.092989658522184,-1.9733869424018144,-0.3212451903112318,-6.396905449847172,-2.154039521656774,0.7191443387513985,7.3623880854206964,6.749835968017578,195.57424078084517,198.61,3.035759219154836,6.908389568328857,True,-0.8408115157085021,0.6051610089490471,True,False,501.4173296269328,2.4758898592442775
190.34300000000803,66.1,True,False,-47.178322349925416,-120.57782289965228,-6.683553048973778,-15.517062806055462,-108.49313436775242,0.0,33.889158337399415,-6.551855523910646,-1.7485135958475393,-0.24740253245840432,-6.248825336304475,-2.104176283964241,0.46725072746762997,6.781158499921834,6.593585968017577,195.00687879123257,198.61,3.6031212087674414,6.017880439758301,True,-1.4021477721050024,1.6792071617903297,True,False,502.46496241583037,2.31764357579755
190.4429999999993,66.2,True,False,-47.62453986683143,-121.09694760354886,-6.620254247938942,-15.517062806055462,-108.49313436775242,0.0,34.49269765169277,-6.240937575978866,-1.7178765934394362,-0.20367592429003414,-6.3320056163928236,-2.132185703852894,0.42419974888774853,6.473051970867533,6.681355476379394,195.38975310915072,198.61,3.220246890849305,6.077000617980957,True,-0.7294157218303488,0.4547255339975743,True,False,501.5019895985712,1.9715183240580667
190.54400000000896,66.3,True,False,-48.26046455293624,-121.17133022188311,-6.542972168202867,-15.517062806055462,-108.49313436775242,0.0,35.11220596990926,-5.880363517510655,-1.5719335712069904,-0.14448301991083018,-6.51748355060306,-2.1946419655276146,0.8908915090655192,6.086842387507486,6.877066612243652,195.00024437457316,198.61,3.6097556254268706,5.639443874359131,True,-0.8207717718849308,0.5755025164640772,True,False,502.5362728925408,1.8289433922090448
190.64400000000023,66.4,True,False,-48.75094852801585,-121.48983242835908,-6.507878298588225,-15.517062806055462,-108.49313436775242,0.0,35.684805178939946,-5.714974885706309,-1.4895882001750202,-0.1403892398356068,-6.597997141390824,-2.221753427147153,1.1470807398005265,5.905913218999624,6.962022304534911,194.62612577306342,198.61,3.983874226936604,5.687844753265381,True,-0.4020180519088088,0.13798183674545275,True,False,503.30648752275874,1.6715368085546325
190.7430000000022,66.5,True,False,-49.337807669061434,-121.58380876496851,-6.475251805737459,-15.517062806055462,-108.49313436775242,0.0,36.2658039930521,-5.545279583449037,-1.4110752257405164,-0.1169408073626923,-6.722078858846836,-2.263535649099751,1.4531157242183395,5.721997811194564,7.092949867248535,194.31212227894048,198.61,4.297877721059546,5.5166497230529785,True,-0.3784254013987116,0.12207887840845155,True,False,504.593702803532,1.6110739678924042
190.84400000001187,66.6,True,False,-49.962635925788476,-121.54170454542874,-6.413710194032887,-15.517062806055462,-108.49313436775242,0.0,36.83425974861742,-5.306880542599965,-1.3203409570508218,-0.07411554691949548,-6.758813283497894,-2.2759052867509673,1.7381633617950474,5.468663578635275,7.13171100616455,194.02179077146553,198.61,4.5882092285344935,5.145046234130859,True,-0.5946492731143724,0.3009343364516367,True,False,505.778784096083,1.5647390164490314
190.9429999999993,66.7,True,False,-50.54610197742333,-121.49975343278442,-6.3159477723189354,-15.517062806055462,-108.49313436775242,0.0,37.365836331762715,-4.96506350858321,-1.2027393835324438,-0.026345628508205314,-6.769933301057541,-2.279649746864188,2.101735211304612,5.108663002094053,7.143444538116454,193.67264225041157,198.61,4.93735774958845,4.659024238586426,True,-0.8256712127636563,0.5795816157088947,True,False,506.6321709600347,1.4693325924418572
191.04400000000896,66.8,True,False,-51.018110552284384,-121.60060725300083,-6.208925368324708,-15.517062806055462,-108.49313436775242,0.0,37.843496621183775,-4.614649180433848,-1.0844588716181165,0.00600392741790514,-6.844023067339661,-2.304598104468225,2.541426307245123,4.7403626551889495,7.2216219902038565,193.26500188525654,198.61,5.344998114743488,4.291728973388672,True,-0.8241588486378539,0.5772006260125383,True,False,506.9533588600152,1.3231282479246842
191.14400000000023,66.9,True,False,-51.40630060240174,-121.80842150178715,-6.122724949646947,-15.517062806055462,-108.49313436775242,0.0,38.279684704350444,-4.331915793184566,-0.9821852957346129,0.015931857751160284,-6.905087586085645,-2.3251604510248622,2.902549800349448,4.441866994226545,7.28605556488037,192.80601402283892,198.61,5.803985977161079,4.105777263641357,True,-0.6185443580674157,0.3246369892587125,True,False,507.1836919004587,1.1776888097434906
191.2430000000022,67.0,True,False,-51.75543849557537,-122.07539293308982,-6.085241468978111,-15.517062806055462,-108.49313436775242,0.0,38.70009845401518,-4.217366391076649,-0.9448313886871542,0.009278629403495013,-6.885067306574633,-2.3184189924181284,3.000561794009945,4.321907637795071,7.264930725097656,192.6697711421028,198.61,5.94022885789722,4.203822135925293,True,-0.21754264865820616,0.040132542513759945,True,False,507.7303535570636,1.079619605720405
191.3420000000042,67.1,True,False,-52.171197997814666,-122.20364789560547,-6.084184491995799,-15.517062806055462,-108.49313436775242,0.0,39.134432509660876,-4.200727359390138,-0.9333222429491297,0.018868541997324958,-6.863830499763641,-2.311267890757597,2.9984750365113118,4.30316171635606,7.242522239685058,192.5760724866137,198.61,6.03392751338632,4.31653356552124,True,0.024604642754225914,0.0005125716063113836,True,False,508.51301568672994,1.0484024709703648
191.44400000000314,67.2,True,False,-52.7267865274873,-122.00972970789655,-6.059703788859008,-15.517062806055462,-108.49313436775242,0.0,39.58865859074405,-4.074439932115306,-0.8579165040003954,0.0315915948222879,-6.878088091262275,-2.3160688708271753,3.1601663445411745,4.163782113445904,7.257566452026367,191.95261809446808,198.61,6.657381905531925,4.051035404205322,True,-0.20840102261582594,0.03674222096805285,True,False,509.19849908491494,1.0484432477649404
191.54300000000512,67.3,True,False,-53.107935979882996,-122.1883999254138,-6.070175438430022,-15.517062806055462,-108.49313436775242,0.0,40.00792477329526,-4.11370274639918,-0.8529113666157779,0.01890571939033836,-6.898609081118152,-2.322978934375814,3.1490954172488594,4.201191269751301,7.27921962738037,191.76986799150242,198.61,6.840132008497597,4.264858722686768,True,0.11766083441305586,0.011699168779020538,True,False,509.92050712524247,1.0186633715361648
191.64300000001094,67.4,True,False,-53.69218803025617,-121.91545188665806,-6.062063308293947,-15.517062806055462,-108.49313436775242,0.0,40.46602023255717,-4.015833744910073,-0.7774527575323734,0.018733448688737372,-6.857349283368288,-2.3090854610853975,3.2280194072980146,4.090397713786907,7.2356834411621085,191.0240082680015,198.61,7.585991731998514,4.0324201583862305,True,-0.10747695933874368,0.009741455065633767,True,False,510.37742428889476,1.0283875039754762
191.7430000000022,67.5,True,False,-54.15646507549332,-121.87592062169398,-6.05008317067498,-15.517062806055462,-108.49313436775242,0.0,40.89134842063938,-3.95409839164743,-0.7315422865209646,0.01935567882646332,-6.884258849167626,-2.318146759348573,3.3321395619048637,4.021199846786668,7.26407766342163,190.54631566504918,198.61,8.063684334950823,3.9734835624694824,True,-0.08860908875414264,0.006611527093471362,True,False,510.953107640179,1.0081622162693473
191.84300000000803,67.6,True,False,-54.631492124977875,-121.78660014657109,-6.035326409668423,-15.517062806055462,-108.49313436775242,0.0,41.31167889783227,-3.8636819408732705,-0.6737718281365389,0.01808755428210189,-6.866684277586585,-2.3122288476241386,3.4209011150592787,3.9219901346919137,7.24553346633911,189.9550467486935,198.61,8.65495325130653,3.860891103744507,True,-0.11347752989260407,0.010838483661331307,True,False,511.5203543837929,0.9880532365951447
191.9429999999993,67.7,True,False,-55.111930883575226,-121.64451110355883,-6.003774673171023,-15.517062806055462,-108.49313436775242,0.0,41.72184425601658,-3.709171654380855,-0.6208891372574002,0.02646160305702018,-6.796914267790533,-2.2887350880703425,3.509396609434328,3.7607788664619255,7.171914100646973,189.57537473080967,198.61,9.034625269190332,3.6353209018707275,True,-0.23304791795787505,0.04570150130657253,True,False,512.0867154416692,0.9611839751884222
192.04300000000512,67.8,True,False,-55.52981208902042,-121.59687771528274,-5.962614582824475,-15.517062806055462,-108.49313436775242,0.0,42.103778867215205,-3.5417569432222735,-0.5775255449619692,0.037681797383886204,-6.608643110979566,-2.2253382603794547,3.481533787150795,3.5885342411556844,6.973255634307861,189.334912539507,198.61,9.275087460493017,3.4513773918151855,True,-0.2552824255812052,0.05476651804891041,True,False,512.5791902197121,0.9144138148838664
192.14300000001094,67.9,True,False,-55.91210193428864,-121.59282465075135,-5.924257189474805,-15.517062806055462,-108.49313436775242,0.0,42.46599900722914,-3.385714547239997,-0.552385535786906,0.04698376217624227,-6.440208308489756,-2.1686209578915507,3.4557414656162395,3.430479962853467,6.795527935028075,189.3458466148944,198.61,9.2641533851056,3.3214399814605713,True,-0.20351095036441258,0.03476377970024267,True,False,512.9660901525963,0.8633826560311642
192.2430000000022,68.0,True,False,-56.30094619253836,-121.53036250050667,-5.885411516722603,-15.517062806055462,-108.49313436775242,0.0,42.81698800088248,-3.2314729371021955,-0.4966924842487226,0.04569412315846891,-6.404197835077392,-2.15649509742168,3.5806602733193635,3.269422084579025,6.757530689239502,188.8130498912301,198.61,9.79695010876991,3.1466782093048096,True,-0.22873664857169684,0.043969025392528706,True,False,513.4267166818564,0.8222315474179654
192.34300000000803,68.1,True,False,-56.640797357167976,-121.5513164870065,-5.857498669199317,-15.517062806055462,-108.49313436775242,0.0,43.14716286953259,-3.12463136445039,-0.4652557745955439,0.03989117934628574,-6.333580052170359,-2.1327158659626373,3.6163206213943018,3.1590796285471505,6.683016777038574,188.54438505665547,198.61,10.06561494334455,3.0919997692108154,True,-0.1253083652902025,0.013180332297358493,True,False,513.8374009428459,0.7807174406184356
192.4429999999993,68.2,True,False,-57.007040872134354,-121.49284239304588,-5.839494365092278,-15.517062806055462,-108.49313436775242,0.0,43.47885335041147,-3.0370115993280544,-0.4306302071777148,0.03790802816263869,-6.3043481484086925,-2.122872563370538,3.6795614299874395,3.0673900680850923,6.652172088623046,188.15883852614286,198.61,10.45116147385715,3.0201754570007324,True,-0.08829629637822167,0.006544780377710667,True,False,514.2130144041694,0.7554412463609841
192.54300000000512,68.3,True,False,-57.35612198276963,-121.45615422505827,-5.830894587674266,-15.517062806055462,-108.49313436775242,0.0,43.80121866584874,-2.9810128118376973,-0.41416848160442077,0.04039613546924032,-6.275226961284654,-2.1130665425571085,3.7064945007277883,3.009646642962427,6.621444225311278,187.99274931037675,198.61,10.617250689623253,2.9993038177490234,True,-0.01975219845091436,0.00032742877945376975,True,False,514.5808687802056,0.7353945543584989
192.64300000001094,68.4,True,False,-57.73845676155422,-121.32388358203629,-5.820066995791869,-15.517062806055462,-108.49313436775242,0.0,44.12793030434662,-2.909694519993514,-0.3894445797069431,0.04112342110992782,-6.319177399281201,-2.127866039154475,3.827098466831438,2.9356412042930935,6.667819499969482,187.71288132668965,198.61,10.897118673310361,2.9002585411071777,True,-0.06641033481843239,0.0037005987178470685,True,False,514.9174805656723,0.7261727916696877
192.7430000000022,68.5,True,False,-58.10415332419746,-121.19693862957773,-5.797297451587024,-15.517062806055462,-108.49313436775242,0.0,44.44149999182286,-2.7856027260787766,-0.344900260738242,0.04275264960461163,-6.192565467726905,-2.0852318144313675,3.8257220285533635,2.8068734808314426,6.534222126007079,187.152833609794,198.61,11.457166390206035,2.7290799617767334,True,-0.1454195102677076,0.01774599750822343,True,False,515.2880302778642,0.7042708042603799
192.84300000000803,68.6,True,False,-58.50441541069691,-120.89751339495348,-5.719551654295233,-15.517062806055462,-108.49313436775242,0.0,44.741268455490165,-2.485579188805225,-0.27310032032220316,0.05094250024496649,-6.076083882563256,-2.0460087963713263,4.0043636723386244,2.5005374799794007,6.411314010620117,186.4078562401012,198.61,12.20214375989879,2.198338270187378,True,-0.5632594116382093,0.26624879252787237,True,False,515.6945839813006,0.678041500414958
192.9429999999993,68.7,True,False,-58.635996265413816,-121.20171642610585,-5.663257389610594,-15.517062806055462,-108.49313436775242,0.0,44.95275832033531,-2.3550416169570756,-0.27243590620313257,0.05459746888121355,-6.038970309916402,-2.0335114876494798,4.083223949084302,2.370747211448011,6.372152805328369,186.68369136419366,198.61,11.926308635806343,2.290656328201294,True,-0.15009329073128885,0.01892730017896128,True,False,515.7077898928299,0.5965047210504756
193.04400000000896,68.8,True,False,-58.92675281351497,-121.08923522324328,-5.622895696414127,-15.517062806055462,-108.49313436775242,0.0,45.200253796913884,-2.1691040901579277,-0.23950689167257797,0.05641335521500754,-6.010667974006168,-2.023981199827685,4.235795277176746,2.1822868979807653,6.342288970947266,186.42226312442565,198.61,12.187736875574348,2.0646955966949463,True,-0.22021304114034201,0.04070180323306508,True,False,516.0030022797669,0.5661732994418236
193.1420000000071,68.9,True,False,-59.15319780073684,-121.08766213268717,-5.581309507131771,-15.517062806055462,-108.49313436775242,0.0,45.4173359731256,-2.005196812003864,-0.22382139517018634,0.059786377072790234,-6.006871975001777,-2.022702967416133,4.387411426014253,2.017649690061778,6.338283538818359,186.48838869054725,198.61,12.121611309452772,1.9213144779205322,True,-0.18090730617372763,0.027475716099407792,True,False,516.2624230068525,0.5275435194710005
193.24200000001292,69.0,True,False,-59.36834633166637,-121.08330524769899,-5.552690333186603,-15.517062806055462,-108.49313436775242,0.0,45.62288317971333,-1.9008517453189442,-0.19822048868624303,0.05345368385293247,-5.911726615670662,-1.990664528532164,4.393173438597442,1.911158999093767,6.237888813018799,186.06552608033857,198.61,12.544473919661442,1.8556690216064453,True,-0.1046768133182363,0.009196537292450775,True,False,516.5358401980784,0.5002293081386562
193.34300000000803,69.1,True,False,-59.61300124997313,-120.97181378502961,-5.522360710367347,-15.517062806055462,-108.49313436775242,0.0,45.827603333023575,-1.7634464020304292,-0.16628074124177297,0.04760445373145826,-5.858936470944962,-1.9728884242916591,4.47625627338655,1.7712686125322663,6.1821861267089835,185.5245662385375,198.61,13.085433761462532,1.6773245334625244,True,-0.17598103132553922,0.026002861547604648,True,False,516.7983119395172,0.48182436685915775
193.44200000001,69.2,True,False,-59.786766996628934,-121.0158829560156,-5.506638822450105,-15.517062806055462,-108.49313436775242,0.0,46.006803206979356,-1.692625208761406,-0.16216671051059464,0.04807675185562977,-5.723279216048777,-1.9272083543364542,4.400175420469193,1.7003758817780321,6.039044380187988,185.5984309643359,198.61,13.01156903566412,1.702722430229187,True,0.003112721039080002,8.134359158388277e-06,True,False,517.0606440102542,0.4554202185037866
193.54400000000896,69.3,True,False,-60.015207738292794,-120.9156216980649,-5.506140973389338,-15.517062806055462,-108.49313436775242,0.0,46.199600581413826,-1.625156933425662,-0.1505230174712814,0.04460464525328186,-5.585818861625506,-1.8809211239857622,4.322166183353042,1.6321128138245105,5.894000053405762,185.42828276229756,198.61,13.18171723770246,1.6517493724822998,True,0.03546719282068511,0.001054853478896894,True,False,517.2353787025875,0.44348187830119956
193.64300000001094,69.4,True,False,-60.24291898544317,-120.80964437281402,-5.5119004979127535,-15.517062806055462,-108.49313436775242,0.0,46.390717063697736,-1.597941478326707,-0.14187159936539623,0.04439109870465078,-5.552967201670366,-1.8698589354869328,4.316036226227306,1.6042270783350583,5.8593358993530265,185.22074032699425,198.61,13.38925967300578,1.6428951025009155,True,0.07094836282244965,0.0042195935345705204,True,False,517.37064581008,0.4375985707376884
193.7430000000022,69.5,True,False,-60.505851372324386,-120.57341213508548,-5.496065073031289,-15.517062806055462,-108.49313436775242,0.0,46.58244527283181,-1.4851036024775472,-0.11612904330167281,0.04120438240468532,-5.450032813905956,-1.8351976854308794,4.3215576645453035,1.4896370916400914,5.750722408294677,184.64234657157192,198.61,13.967653428428099,1.400518774986267,True,-0.16705825494207427,0.023406568558295444,True,False,517.4931837246521,0.4381781366409927
193.84300000000803,69.6,True,False,-60.66442680259283,-120.57346137388592,-5.468931093134174,-15.517062806055462,-108.49313436775242,0.0,46.735626415091055,-1.4086130747111807,-0.10437941014993393,0.03864607649330483,-5.340184737002478,-1.798208378510025,4.2809242354645525,1.4124750813768483,5.6348137855529785,184.3966547608524,198.61,14.213345239147612,1.3606081008911133,True,-0.09764450644445999,0.007992314610342093,True,False,517.6953605986429,0.4210887091879577
193.9429999999993,69.7,True,False,-60.87132602225675,-120.36656409410134,-5.242178919179779,-15.517062806055462,-108.49313436775242,0.0,46.88269963804362,-1.328119747561844,-0.10714024760948632,0.07969520094003375,-5.2345176818595505,-1.7626269532881795,4.242709164409491,1.3324342747473732,5.523316860198974,184.65555408646875,198.61,13.954445913531247,1.3171734809875488,True,-0.032260974621080685,0.000889243568242764,True,False,514.5929965918921,0.3765175662349534
194.04300000000512,69.8,True,False,-62.48375059133564,-116.70183791916152,-5.420336308518948,-15.517062806055462,-108.49313436775242,0.0,47.678638566080124,-1.2592162080430944,0.042643721266134166,0.12219925080932159,-5.142357604602602,-1.7315937528935808,4.26927461290402,1.2599380721138056,5.426072120666504,178.08427128105717,198.61,20.525728718942858,1.3211003541946411,True,0.09914520269463045,0.008559095526362597,True,False,501.82484202422836,0.3389160419540629
194.14400000000023,69.9,True,False,-62.812976567170615,-116.20090473559117,-5.447077952871834,-15.517062806055462,-108.49313436775242,0.0,47.91986208809636,-1.159237293733311,0.059143636433799995,0.12462552737421742,-5.0546994014030036,-1.7020764752708721,4.275104830780577,1.1607450507810682,5.333577632904053,177.08927260673622,198.61,21.520727393263765,1.194582462310791,True,0.04898247249005738,0.0020791773245285978,True,False,498.18005923756164,0.331038917533057
194.2430000000022,70.0,True,False,-62.721463394797816,-116.7489328110677,-5.4111332922655455,-15.517062806055462,-108.49313436775242,0.0,47.92091028850669,-1.1388476552319073,0.03781923177521711,0.1192474687893166,-4.9037971433624,-1.6512629326485602,4.126480728944287,1.1394754390153747,5.174349784851074,178.1108849994122,198.61,20.4991150005878,1.2337571382522583,True,0.15904359147890634,0.021883188301486556,True,False,497.0418477859439,0.3259146284920156
194.34300000000803,70.1,True,False,-62.39465277173559,-117.89132595097904,-5.318671443286521,-15.517062806055462,-108.49313436775242,0.0,47.810401023474654,-1.0907657340539718,-0.004924686064430559,0.07914888833892726,-4.8527156500933195,-1.6340621851637787,4.099555605399217,1.0907768512024507,5.120450019836426,180.2587458524415,198.61,18.351254147558503,1.1318622827529907,True,0.06898578690849022,0.004119487774681423,True,False,496.6653610844561,0.32486064737449893
194.4429999999993,70.2,True,False,-62.42780298462434,-118.15857951485424,-5.291473508678969,-15.517062806055462,-108.49313436775242,0.0,47.89612065703057,-1.0880709994613118,-0.01570968620439648,0.05219169650384964,-4.68191693441399,-1.5765488786586335,3.9181561465665307,1.0881844026218068,4.94022798538208,180.83323561021544,198.61,17.776764389784574,1.1537262201309204,True,0.1161400498405929,0.011666805345204768,True,False,496.6526702835374,0.3241269547815314
194.54300000000512,70.3,True,False,-62.44014301596693,-118.44408407248895,-5.247859037297261,-15.517062806055462,-108.49313436775242,0.0,47.966622316064544,-0.9884309825765706,-0.02234901749706783,0.017288673537628217,-4.528439723715408,-1.5248682683838188,3.845676271688071,0.9886836126387293,4.77828311920166,181.29354557626692,198.61,17.316454423733102,0.9185512661933899,True,-0.12698147544681415,0.01394483997440985,True,False,496.48415042664806,0.32507183106750975
194.64400000000023,70.4,True,False,-62.6012658682713,-118.25158286801648,-5.253457544444014,-15.517062806055462,-108.49313436775242,0.0,48.08481564003632,-0.9013809792072957,-0.007066920573877414,0.025136163186483776,-4.341903880735019,-1.4620557755096404,3.735530806180566,0.901408681477553,4.581455707550049,180.45631866245768,198.61,18.153681337542338,0.8409290909767151,True,-0.10993190428392419,0.010448665243079778,True,False,496.20957388789105,0.3195967443119129
194.7430000000022,70.5,True,False,-62.68960285069907,-118.18276264732357,-5.2460261853478345,-15.517062806055462,-108.49313436775242,0.0,48.157423420068575,-0.74615371370611,0.0009155750855781186,0.03897482052992675,-4.160914263442831,-1.401110871491054,3.6913774893579405,0.7461542754385027,4.3904805183410645,179.93898598945745,198.61,18.671014010542546,0.6324166655540466,True,-0.20734997220499085,0.0371787109617954,True,False,496.29581770430434,0.3136455063339068
194.84300000000803,70.6,True,False,-62.72157067639551,-118.16598215128872,-5.2645626031022665,-15.517062806055462,-108.49313436775242,0.0,48.185366528900225,-0.6043781959307872,0.008933471744567155,0.06145020970641207,-4.012889282266627,-1.3512661986025933,3.669889776122282,0.6044442163127745,4.234288692474365,179.14731838779807,198.61,19.46268161220192,0.5715553164482117,True,-0.06497645016905573,0.0036553648413046804,True,False,496.3827960475337,0.30386052471377006
194.9429999999993,70.7,True,False,-62.640225325937266,-118.47616926735537,-5.256840330654042,-15.517062806055462,-108.49313436775242,0.0,48.16900903778158,-0.505790066774575,0.006289813276819888,0.06692242189977726,-3.8394844325089257,-1.2928753246787077,3.57789717289471,0.5058291741278732,4.051316738128662,179.29132178453855,198.61,19.318678215461496,0.561170756816864,True,0.09197838049698259,0.007320019830980044,True,False,496.05704344441835,0.2978297753772311
195.04400000000896,70.8,True,False,-62.64737551240526,-118.63762777290576,-5.252266116561256,-15.517062806055462,-108.49313436775242,0.0,48.209720205011735,-0.5005611220017698,0.004567639367309051,0.06264874207027202,-3.6895510580237283,-1.2423880356623918,3.4241137930182917,0.5005819615098616,3.8931112289428706,179.48124926104984,198.61,19.128750738950203,0.6726821660995483,True,0.3039843746640322,0.0798886152567718,True,False,495.57073592589325,0.29525670472904303
195.14300000001094,70.9,True,False,-62.71116192426874,-118.62541756031699,-5.2738537984660425,-15.517062806055462,-108.49313436775242,0.0,48.269515786612835,-0.4622268069341279,0.006994077839603893,0.05751108826648795,-3.5899858453280364,-1.2088612929568532,3.355768300248004,0.46227971853991817,3.7880527973175044,179.09676818540183,198.61,19.513231814598203,0.6517581939697266,True,0.3361789071742654,0.09765737528459212,True,False,495.4925784427823,0.29436678931588667
195.2430000000022,71.0,True,False,-62.78337040366838,-118.60341838864106,-5.307615063837202,-15.517062806055462,-108.49313436775242,0.0,48.33551155098285,-0.5022193993499667,0.010788234709389086,0.06170830956683828,-3.502111857661224,-1.179271353908369,3.227320341381349,0.5023352576632325,3.6953306198120117,178.70234422756107,198.61,19.907655772438922,0.7733713984489441,True,0.4835824217310699,0.20194162731790277,True,False,495.38440884438825,0.29416254616714826
195.34300000000803,71.1,True,False,-62.84841013030002,-118.58939561391828,-5.327882745057904,-15.517062806055462,-108.49313436775242,0.0,48.39618715021982,-0.4809443714697469,0.012594241172794046,0.05941245609478531,-3.3116295314301993,-1.1151299558377523,3.047054370920121,0.4811092426457305,3.494338989257812,178.46228689368854,198.61,20.14771310631145,0.6655002236366272,True,0.32728863713921996,0.09242673165973143,True,False,495.1717572497385,0.2955181424744773
195.4429999999993,71.2,True,False,-62.91556136522326,-118.5605414712175,-5.342597300347238,-15.517062806055462,-108.49313436775242,0.0,48.45585982572522,-0.46096329052675544,0.014535506004906485,0.05726706818915859,-3.1334726783950377,-1.0551389327562866,2.878629853451668,0.4611924068629845,3.306352853775024,178.19329286894256,198.61,20.41670713105746,0.6023312211036682,True,0.2493525280035767,0.053609649929738476,True,False,495.08412521606124,0.29624054655537624
195.54300000000512,71.3,True,False,-63.266555944442906,-117.95422358817946,-5.350218949340197,-38.656605360186475,-116.50480879396564,0.0,24.65259562409665,-0.5190898574255944,0.01925646613217156,0.025010212334491216,-2.3087596225840947,-2.183285442647137,2.8379761676680233,0.5194469092891241,3.1775944232940674,177.86958021538143,223.4,45.53041978461854,0.6528608798980713,True,0.23966467750204523,0.049735026200344236,True,False,494.7280857242587,0.2962635107970555
195.64300000001094,71.4,True,False,-63.31122829631124,-117.96513974756986,-5.35137786129316,-38.656605360186475,-116.50480879396564,0.0,24.69783388511114,-0.462594117145151,0.01833664387263304,0.022495459483177778,-2.198304198340356,-2.0788329403364574,2.722280248412054,0.46295739515187945,3.0255722999572754,177.70161766148442,223.4,45.698382338515565,0.48341089487075806,True,0.03600442785827174,0.0011199355529069054,True,False,494.6492914293111,0.2983783501286598
195.7430000000022,71.5,True,False,-63.36289647469003,-117.97468315356012,-5.354727177844568,-38.656605360186475,-116.50480879396564,0.0,24.74997679327378,-0.465727821299666,0.021241338538668282,0.0184142491293358,-2.0359752065638563,-1.9253260437334483,2.500960100572328,0.46621196680849786,2.8021554946899414,177.3805285877007,223.4,46.01947141229928,0.5411352515220642,True,0.13486788666952054,0.015712085599720076,True,False,494.1748644381405,0.2971067477703407
195.84300000000803,71.6,True,False,-64.00352546192306,-114.75308579548914,-5.642796179938783,-38.656605360186475,-116.50480879396564,0.0,25.407378694135485,-0.0001494914987626113,6.832944990992833e-05,-9.373012327885103e-06,-1.96122087291578,-1.8546343845272997,2.699207869032557,0.00016436733838352807,2.6992695331573486,161.89185808006323,223.4,61.50814191993676,0.4060962498188019,True,0.4059963911060394,0.2575114435054479,True,True,489.85177483522926,0.00029219238300230157
195.9429999999993,71.7,True,False,-63.99985242094818,-114.75814672951081,-5.649004849406048,-38.656605360186475,-116.50480879396564,0.0,25.403365917732486,-6.657333751479315e-05,1.3644700973009039e-05,-1.2717166866047715e-05,-1.8478387463953216,-1.7474142374548096,2.5431803331384533,6.795724488604139e-05,2.5432193279266353,161.34529725429041,223.4,62.05470274570957,0.5177981853485107,True,0.5178116472006192,0.4188859872101603,True,True,489.80260232037074,0.0002921664512139343
196.04300000000512,71.8,True,False,-63.85779687410466,-115.06447833703322,-5.610188243930017,-38.656605360186475,-116.50480879396564,0.0,25.24231775305804,-6.514853531265813e-05,1.949702923705099e-05,-1.552385395847262e-05,-1.6940249944598658,-1.601959802876752,2.3314882879680137,6.800342493180092e-05,2.331522226333618,161.57011122850176,223.4,61.82988877149823,0.4390324354171753,True,0.4390328106241398,0.3011245462563217,True,True,489.4286715236184,0.0002921664294511158
196.14300000001094,71.9,True,False,-63.89452832879802,-114.97003249144946,-5.626747487725643,-38.656605360186475,-116.50480879396564,0.0,25.284546546622806,-6.198409352521101e-05,2.591391584128636e-05,-5.8711762043718876e-06,-1.6059318622317544,-1.518654268896755,2.2102505657005027,6.718302526956774e-05,2.210277795791626,160.6990162477101,223.4,62.70098375228989,0.38562482595443726,True,0.38561787787853785,0.23230926100422547,True,True,489.23455947068203,0.00029216641000813493
196.2430000000022,72.0,True,False,-63.82088333692532,-115.15140796478082,-5.596203725814985,-38.656605360186475,-116.50480879396564,0.0,25.200646418197724,-5.054721056187717e-05,7.681408241074873e-06,-2.3525797200828265e-05,-1.5436865607295325,-1.459791813354122,2.124576830133754,5.1127531997474706e-05,2.124608278274536,160.5532052881645,223.4,62.84679471183552,0.3603605628013611,True,0.36036620096014244,0.2028804994985943,True,True,489.1140032634354,0.00029216637745433743
196.34400000001187,72.1,True,False,-63.82029565294795,-115.14901096422072,-5.596855904311735,-38.656605360186475,-116.50480879396564,0.0,25.200188429953435,-5.371761551575835e-05,1.879922752952055e-05,-1.727718121066435e-05,-1.4754633030942939,-1.395276285714104,2.030685061496474,5.691215311693563e-05,2.0307111740112305,159.8866809375942,223.4,63.51331906240583,0.38293272256851196,True,0.3829352603390894,0.22908830448386153,True,True,489.0758753450209,0.0002921663769138613
196.44200000001,72.2,True,False,-63.82794357801477,-115.13173060157824,-5.5940408803333055,-38.656605360186475,-116.50480879396564,0.0,25.208760608144008,-7.057149017207151e-05,2.7863573292195296e-05,-5.664022141352383e-06,-1.3080200744834882,-1.2369330957519393,1.8002234076011956,7.587301194572629e-05,1.8002555370330808,159.63184434037345,223.4,63.768155659626544,0.38932421803474426,True,0.3893090226021256,0.2367778870606107,True,True,489.053563820623,0.0002921663989592403
196.54400000000896,72.3,True,False,-63.82248910750479,-115.15232506830115,-5.591431039600819,-38.656605360186475,-116.50480879396564,0.0,25.2022006382722,-6.26581366607128e-05,2.169967858308274e-05,-1.3250887958936252e-05,-1.208439007864487,-1.1427639622545345,1.6631694055932666,6.630926134712754e-05,1.6632000207900999,159.10503726336907,223.4,64.29496273663096,0.40882542729377747,True,0.4088227992693593,0.2611093465118641,True,True,489.03123535856366,0.0002921663814983689
196.64300000001094,72.4,True,False,-63.83510685714822,-115.1200365018817,-5.595015666692416,-38.656605360186475,-116.50480879396564,0.0,25.216552736911286,-3.6311650419394754e-05,5.607524515767785e-06,-1.087399033776209e-05,-1.2193476648115562,-1.1530797663245618,1.6781913047481534,3.674207788592349e-05,1.6782138347625732,158.5374437158225,223.4,64.86255628417749,0.35585013031959534,True,0.3558696902446698,0.19784915661337302,True,True,488.9875501452504,0.0002921664017035921
196.7430000000022,72.5,True,False,-63.88045634901232,-115.00402259537962,-5.596251511894168,-38.656605360186475,-116.50480879396564,0.0,25.26845895420528,-6.406846413994134e-05,2.3381140767876537e-05,-1.396310155556643e-05,-1.0770480914454408,-1.0185137491497607,1.4823334549073135,6.820150908050501e-05,1.4823639392852783,157.70248424302287,223.4,65.69751575697715,0.3631168603897095,True,0.36310497517278567,0.20597599135570444,True,True,488.9571135011864,0.00029216638408677715
196.84300000000803,72.6,True,False,-63.89043297825889,-114.98650134439865,-5.601003843302345,-38.656605360186475,-116.50480879396564,0.0,25.27946426983778,-5.408137311580909e-05,3.056902002016654e-05,-4.3848668939565435e-06,-0.9954294759940999,-0.9413308613251378,1.3700122330688735,6.212294184184053e-05,1.3700305223464966,157.09753217013335,223.4,66.30246782986661,0.3231731355190277,True,0.32316179397967054,0.16315193293837563,True,True,488.929780591068,0.00029216639713734336
196.9429999999993,72.7,True,False,-63.90211850982727,-114.9651126697528,-5.600450719459027,-38.656605360186475,-116.50480879396564,0.0,25.29242175719048,-3.85497069589867e-05,1.6783560734890058e-05,-9.65442112233269e-07,-0.9642412581040877,-0.9118376297928064,1.3270890452538178,4.204483104455874e-05,1.3271055221557617,156.7023965651943,223.4,66.69760343480567,0.21245895326137543,True,0.21245007383963316,0.07051247770668599,True,True,488.9195878443471,0.00029216640240823776
197.04300000000512,72.8,True,False,-63.91943268286273,-114.92681456627798,-5.606472190629939,-38.656605360186475,-116.50480879396564,0.0,25.31206254176007,-1.909612156056879e-05,5.729690305161217e-06,-1.2028606282413021e-05,-0.8271729376946765,-0.7822185626233048,1.1384455723110751,1.9937181587402933e-05,1.1384555101394653,155.87165781717425,223.4,67.52834218282574,0.20198184251785278,True,0.20199355178678904,0.0637422242944511,True,True,488.88647584033225,0.0002921663805162844
197.14400000000023,72.9,True,False,-63.94489977278247,-114.8574291447401,-5.612508671130198,-38.656605360186475,-116.50480879396564,0.0,25.341896022334563,-1.0054106236622873e-05,-1.185826764013289e-06,-1.6386186961364205e-05,-0.7232727982026429,-0.6839650849450754,0.9954474432610629,1.0123795599060126e-05,0.9954555630683899,155.05895932489554,223.4,68.34104067510445,0.15598684549331665,True,0.15600237493798014,0.03802021974818449,True,True,488.8299915955674,0.00029216638045096523
197.2430000000022,73.0,True,False,-63.96738668581042,-114.7940239678037,-5.617800278333146,-38.656605360186475,-116.50480879396564,0.0,25.368532398130164,-1.684716224058872e-05,7.384741528155949e-06,-1.5473384429804758e-05,-0.736070559618679,-0.696067326306534,1.0130622246345722,1.8394599288877956e-05,1.0130693912506104,154.4409732842862,223.4,68.9590267157138,0.14360719919204712,True,0.14361076437585488,0.03222004852948762,True,True,488.80498751767925,0.0002921663737731144
197.34300000000803,73.1,True,False,-63.97321680904981,-114.77796320279069,-5.615569880250033,-38.656605360186475,-116.50480879396564,0.0,25.37543715778072,-2.7074238669434126e-05,1.3562473658885214e-05,-1.6218630025342212e-05,-0.754301602196819,-0.7133075662499988,1.0381508061019278,3.0281266342037902e-05,1.0381611585617063,153.86803344128356,223.4,69.53196655871648,0.12257208675146103,True,0.1225603046964713,0.023466691643286502,True,True,488.772065930179,0.000292166371410337
197.44200000001,73.2,True,False,-63.94308096504249,-114.8541583959759,-5.608509143112025,-38.656605360186475,-116.50480879396564,0.0,25.340293906175635,-1.4936887068610914e-05,1.3350675956975422e-06,-1.8748979772992766e-05,-0.623627117203694,-0.5897348486660098,0.8583011813133733,1.4996432935385587e-05,0.8583111166954039,153.41133210285773,223.4,69.98866789714228,0.11548537015914917,True,0.11548889117202385,0.020836876897172205,True,True,488.72954427570494,0.00029216636946316976
197.54400000000896,73.3,True,False,-63.943580409154166,-114.85224579605985,-5.608586901322158,-38.656605360186475,-116.50480879396564,0.0,25.340916944521993,-1.719743692357062e-05,7.115469519551743e-06,-1.3514794094136318e-05,-0.4953544076110515,-0.4684333771732496,0.6817590827634704,1.8611333730387514e-05,0.6817666888237,152.98801879820888,223.4,70.4119812017911,0.12274693697690964,True,0.12274709931371573,0.02353827749829307,True,True,488.70913701229534,0.00029216637543019773
197.64300000001094,73.4,True,False,-63.949774348581265,-114.83790986612249,-5.618337063839197,-38.656605360186475,-116.50480879396564,0.0,25.348036403460142,-1.1923383690541071e-05,1.6471524319970035e-05,-9.409569376247364e-06,-0.5291219605247268,-0.5003657645855554,0.7282443364817249,2.0334163175681096e-05,0.7282416820526122,152.24065813438213,223.4,71.15934186561789,0.1289674937725067,True,0.1289691071940702,0.025985051952774355,True,True,488.6927322615203,0.0002921663797599292
197.7430000000022,73.5,True,False,-63.94319808722362,-114.8554818809733,-5.608249112938175,-38.656605360186475,-116.50480879396564,0.0,25.340324603464904,-3.843345303997591e-05,1.6145712094480965e-05,-1.5488636984395306e-05,-0.47453601817259267,-0.4487464049325133,0.6530970714723372,4.168710030229858e-05,0.6531139016151427,151.9362651959316,223.4,71.46373480406838,0.13690654933452606,True,0.13688583918350342,0.029273135851136296,True,True,488.6803081254875,0.0002921663816349191
197.84300000000803,73.6,True,False,-63.94538680162737,-114.85947172292515,-5.60459052042117,-38.656605360186475,-116.50480879396564,0.0,25.342249325391492,-3.101275654149962e-05,1.6937225500292434e-05,-7.34512327751332e-06,-0.4141576478400529,-0.39164941843452183,0.5700029859935777,3.5336393080648226e-05,0.5700138807296752,151.53163942349914,223.4,71.86836057650086,0.12431862950325012,True,0.1243025479627566,0.02413861036279488,True,True,488.6748396175069,0.0002921663940355716
197.9429999999993,73.7,True,False,-63.98510515182995,-114.77005145355753,-5.607948148967822,-38.656605360186475,-116.50480879396564,0.0,25.387837338485202,-2.401196975990508e-05,4.8704748262875695e-06,-1.4648059042431244e-05,-0.41516679280087154,-0.39260371938509464,0.5713886884669523,2.450094318152052e-05,0.5714027881622314,150.86549750551666,223.4,72.53450249448333,0.14395014941692352,True,0.14394922976082417,0.0323721015068957,True,True,488.63852627336297,0.00029216637661302745
198.04300000000512,73.8,True,False,-63.924488468352166,-114.91831876258756,-5.605133540307919,-38.656605360186475,-116.50480879396564,0.0,25.317639451330905,-7.786547966354508e-06,1.1401485066209834e-05,-4.70382783211023e-06,-0.3670917452946474,-0.34714140691731604,0.5052382657230113,1.380667197217872e-05,0.5052360892295837,150.71761581442394,223.4,72.68238418557607,0.1261657476425171,True,0.12617307633755107,0.024870561299651636,True,True,488.5446626872433,0.00029216638624255607
198.14300000001094,73.9,True,False,-63.930421494168044,-114.90000053707828,-5.610387980266457,-38.656605360186475,-116.50480879396564,0.0,25.324715033257153,-4.264491248826308e-06,5.685950980972196e-07,-8.248557818343582e-06,-0.33641214911059747,-0.31812915502252653,0.463008408004748,4.302230351445207e-06,0.4630111157894134,150.1967529314534,223.4,73.20324706854657,0.11658162623643875,True,0.11659576455880179,0.021238202231673147,True,True,488.4761467555161,0.0002921663872853486
198.2430000000022,74.0,True,False,-63.94165831198553,-114.8671593488423,-5.609516619696714,-38.656605360186475,-116.50480879396564,0.0,25.338030674864903,-1.9055615835491532e-05,3.9502179945348705e-06,-1.2847417610949064e-05,-0.2978572639517821,-0.2816696125535887,0.4099360856392174,1.9460748111883643e-05,0.4099472165107727,149.72091515217252,223.4,73.67908484782747,0.12999729812145233,True,0.12999882123273526,0.026401647687512457,True,True,488.45410713369506,0.00029216637781751453
198.34300000000803,74.1,True,False,-63.94745334407052,-114.85198802370063,-5.609256193421794,-38.656605360186475,-116.50480879396564,0.0,25.344798445490763,-1.9617186401575255e-05,1.1377014123321053e-05,-1.6363687005954586e-05,-0.32541059816554724,-0.3077255054654605,0.44786301403534534,2.2677531891200063e-05,0.44786944985389704,149.197892431321,223.4,74.20210756867898,0.11095432192087173,True,0.11094847851226004,0.019230691659469685,True,True,488.43060891046946,0.00029216636604182826
198.44200000001,74.2,True,False,-63.93435832451353,-114.88651053688166,-5.602254986906974,-38.656605360186475,-116.50480879396564,0.0,25.329502248848602,-2.6539078846889458e-05,1.3201813500818434e-05,-1.4653242927648094e-05,-0.2701969825454694,-0.2555125847092029,0.3718675787172066,2.964136612492426e-05,0.3718777894973755,148.78325190342,223.4,74.61674809657997,0.10600582510232925,True,0.10599240417231881,0.017550992837480912,True,True,488.411063412106,0.0002921663743091653
198.54400000000896,74.3,True,False,-63.91927908004305,-114.92954684977444,-5.596248026775191,-38.656605360186475,-116.50480879396564,0.0,25.31173904868547,-2.647989612030241e-05,1.7922406806610525e-05,-1.0824309336499344e-05,-0.2566746046379554,-0.24272510759523447,0.3532597324180501,3.197495213887967e-05,0.35326665639877314,148.5315749724284,223.4,74.86842502757162,0.09397611021995544,True,0.09395862886508123,0.013791945861104958,True,True,488.403769137926,0.00029216638451383327
198.64300000001094,74.4,True,False,-63.91366393946384,-114.94961528761,-5.594869562983326,-38.656605360186475,-116.50480879396564,0.0,25.30489349748896,-1.8274075226364415e-05,1.1936387655202986e-05,-6.323833297231622e-06,-0.2929629845140945,-0.27704132256444264,0.4032060412122944,2.1827028557137774e-05,0.4032111167907715,148.20254236472505,223.4,75.19745763527493,0.09809980541467667,True,0.09809329413943686,0.015032487138348115,True,True,488.3860080774316,0.0002921663863575888
198.7430000000022,74.5,True,False,-63.866118907891085,-115.0668831134473,-5.5950765306576775,-38.656605360186475,-116.50480879396564,0.0,25.25048917495652,-5.267118409797784e-07,8.15218056830692e-06,-2.839269419830792e-06,-0.2427001642605459,-0.22951013625448058,0.33403855884078265,8.169178256208469e-06,0.334033340215683,148.02223518984468,223.4,75.37776481015533,0.10716599225997925,True,0.10717797946734801,0.017945821079765008,True,True,488.31197492226715,0.0002921663888103645
198.84300000000803,74.6,True,False,-63.85656363197398,-115.08557545148781,-5.598375286854344,-38.656605360186475,-116.50480879396564,0.0,25.239891445492237,-2.270636128870984e-06,1.1326505412279512e-07,-1.0566562474876958e-05,-0.20877114035783906,-0.19742505331843388,0.2873345391097255,2.2734593469467732e-06,0.2873361110687256,147.6479194005424,223.4,75.75208059945761,0.11488065868616104,True,0.11489654871480713,0.02062368038586675,True,True,488.22509084401395,0.0002921663814027523
198.9429999999993,74.7,True,False,-63.85383668903964,-115.08571541420096,-5.596714317252683,-38.656605360186475,-116.50480879396564,0.0,25.237160946909842,-1.359538090603494e-05,-1.053783493172716e-06,-1.49714300744415e-05,-0.25093871424000397,-0.23730094568423815,0.34536162782011215,1.3636159343109141e-05,0.3453722298145294,147.23166275936916,223.4,76.1683372406308,0.1191488578915596,True,0.11915621214162314,0.022181227728398437,True,True,488.1984192264324,0.0002921663776721677
199.04300000000512,74.8,True,False,-63.8606787005009,-115.06535730672996,-5.59519291381098,-38.656605360186475,-116.50480879396564,0.0,25.245144751576554,-2.0253630745728553e-05,1.0589308518638068e-05,-1.4172436252236447e-05,-0.27423956043942943,-0.25933546058606505,0.3774342350960746,2.2854824726679085e-05,0.3774416744709015,146.5403801302546,223.4,76.85961986974537,0.11431602388620377,True,0.11431061897948015,0.020413870505594466,True,True,488.16763190854226,0.0002921663702639033
199.14400000000023,74.9,True,False,-63.901288278424126,-114.96970506084315,-5.606221026087329,-38.656605360186475,-116.50480879396564,0.0,25.291313906434485,-1.2130411552420423e-05,1.8066689097646847e-05,-1.5635259388958197e-06,-0.2684774042094148,-0.25388646031241646,0.3695146980395013,2.1761253166629127e-05,0.3695110976696014,145.79890197267332,223.4,77.60109802732669,0.11400967091321945,True,0.11400724087284482,0.020305658281278748,True,True,488.12320499912937,0.0002921663900266705
199.2430000000022,75.0,True,False,-63.89045356353003,-114.997671519614,-5.597660811207166,-38.656605360186475,-116.50480879396564,0.0,25.278816386712506,-2.814322464928331e-05,1.3261570319621577e-05,-1.519645174226092e-05,-0.25743750471648,-0.24344654633634208,0.3543053167108569,3.111125746417678e-05,0.3543166518211364,145.34525849791393,223.4,78.0547415020861,0.11121179163455963,True,0.11119789554004202,0.019317251715999857,True,True,488.10613949833237,0.00029216637266913026
199.34400000001187,75.1,True,False,-63.88227641389952,-115.02496584648176,-5.589315499770743,-38.656605360186475,-116.50480879396564,0.0,25.26904064778388,-3.289985409287666e-05,1.9764691725604777e-05,-1.2665624233997963e-05,-0.2443793586091332,-0.23109807141272917,0.33633412861577733,3.838024802343991e-05,0.336344450712204,144.88843928695132,223.4,78.51156071304867,0.11379692703485489,True,0.11377611867170534,0.020223412077480036,True,True,488.10099797654243,0.00029216638792042425
199.4429999999993,75.2,True,False,-63.847325877826776,-115.11930378046547,-5.587568433109112,-38.656605360186475,-116.50480879396564,0.0,25.228793556971727,-9.64526096278631e-06,1.2595417756482836e-05,-2.4691885039837364e-06,-0.2380722892184671,-0.2251337723788634,0.32766554499984935,1.586428717278443e-05,0.3276638984680176,144.6054911501016,223.4,78.7945088498984,0.09940878301858902,True,0.09940914129963885,0.015438490945100752,True,True,488.0819288800591,0.00029216638699439503
199.54300000000512,75.3,True,False,-63.8235714321317,-115.17848590390295,-5.588273671791854,-38.656605360186475,-116.50480879396564,0.0,25.201891073392613,-4.99578088735874e-06,8.008535345311138e-06,-4.739537359358957e-06,-0.23778366821634817,-0.22486083706493787,0.32726853620043306,9.438986441964872e-06,0.327266663312912,144.09928545611646,223.4,79.30071454388353,0.09499116241931915,True,0.09499725315517718,0.014098545114891827,True,True,487.99998191724563,0.00029216638131737834
199.64300000001094,75.4,True,False,-63.79829251271152,-115.23722860429372,-5.5882766169690425,-38.656605360186475,-116.50480879396564,0.0,25.173620963474672,-3.84960150995354e-06,6.4955140044379875e-06,-3.4830943700235647e-06,-0.23782403055020288,-0.22489900582667222,0.327323880888288,7.550571764263061e-06,0.3273222148418426,143.76663606171385,223.4,79.63336393828615,0.09603223949670792,True,0.0960402769299608,0.014409835068766799,True,True,487.9436346908801,0.0002921663843903601
199.7430000000022,75.5,True,False,-63.79437147879834,-115.24172804565632,-5.5877987598456444,-38.656605360186475,-116.50480879396564,0.0,25.16947870756922,-7.5197364831208145e-06,-1.7250360491991326e-06,-3.7309509223017347e-06,-0.21680584322844065,-0.20502309411999017,0.2983877927294899,7.715062290520716e-06,0.29839444160461426,143.2276424132692,223.4,80.1723575867308,0.10580455511808395,True,0.10581604336755154,0.017492635220238625,True,True,487.91412523351227,0.0002921663926001389
199.84300000000803,75.6,True,False,-63.79133348050143,-115.24129658370187,-5.58735882986176,-38.656605360186475,-116.50480879396564,0.0,25.16646619586542,-9.657457770759078e-06,1.0675560846376067e-06,-6.605667012320305e-06,-0.1908590554930468,-0.1804864366906058,0.26267704871120034,9.716283579015264e-06,0.26268333196640015,142.46334837437257,223.4,80.93665162562739,0.1266985982656479,True,0.1267099179423394,0.025082650226192955,True,True,487.89189053676523,0.0002921663901747308
199.9429999999993,75.7,True,False,-63.77612765310243,-115.2714248040657,-5.5800912806614935,-38.656605360186475,-116.50480879396564,0.0,25.149784020759363,-1.9739675014066674e-05,5.838789256902547e-06,-1.733892913332591e-05,-0.1509822172860386,-0.14277678536765392,0.20778967108013993,2.0585097270780355e-05,0.2078000009059906,142.11194774501766,223.4,81.28805225498233,0.10846684873104095,True,0.10846394463467568,0.018379047172744332,True,True,487.8546207212871,0.0002921663669046768
200.04300000000512,75.8,True,False,-63.76461648741796,-115.29953823421106,-5.5750149140313185,-38.656605360186475,-116.50480879396564,0.0,25.1369230393736,-2.1840464117845658e-05,1.5120918663683225e-05,-1.5125046128526522e-05,-0.12070423065456577,-0.11414431674748193,0.16612229383899715,2.6564036856559046e-05,0.16612777113914487,141.6511432501914,223.4,81.7488567498086,0.10457943379878998,True,0.1045686725199019,0.01708265587413999,True,True,487.7906038396968,0.0002921663661233817
200.14300000001094,75.9,True,False,-63.75189405638328,-115.33640320214172,-5.569700144691738,-38.656605360186475,-116.50480879396564,0.0,25.12247373115292,-2.3782437661655205e-05,2.177263864201636e-05,-5.438268389408885e-06,-0.10061848037104687,-0.09515016691495422,0.1384810143330211,3.224363711752041e-05,0.13848333060741425,141.0607441500311,223.4,82.3392558499689,0.09482118487358093,True,0.09480366419382749,0.014041142576265427,True,True,487.7631401220229,0.00029216639021798754
200.2430000000022,76.0,True,False,-63.74065776251788,-115.3711980473605,-5.5663832622636775,-38.656605360186475,-116.50480879396564,0.0,25.109654681968973,-2.0427717327875687e-05,1.887976699833041e-05,-5.698819580964146e-06,-0.09244653690389415,-0.08742234413277973,0.12723424576920392,2.7816132677617834e-05,0.12723611295223236,140.82199562302478,223.4,82.57800437697522,0.0997031182050705,True,0.09969085195015333,0.015526115679518752,True,True,487.7594645662947,0.0002921663857853009
200.34300000000803,76.1,True,False,-63.738767485065516,-115.38039715138012,-5.5698639669487235,-38.656605360186475,-116.50480879396564,0.0,25.107352676072768,-4.944352672148915e-06,5.440043856575233e-06,-1.8619927359790273e-06,-0.06657038325274606,-0.06295248203643047,0.09162236412921776,7.3512380255333896e-06,0.0916222184896469,140.40815260466067,223.4,82.9918473953393,0.10024666786193848,True,0.1002550517295978,0.0157023528963863,True,True,487.7214621027639,0.00029216638479762997
200.4429999999993,76.2,True,False,-63.72361749843011,-115.41477839436136,-5.571833196776532,-38.656605360186475,-116.50480879396564,0.0,25.090700743720078,-4.426303221464188e-06,6.001884568347386e-06,-2.5615589488327366e-06,-0.03775564490497333,-0.03570373853234707,0.05196479641604245,7.457531668059528e-06,0.05196388810873031,140.03935939543075,223.4,83.36064060456924,0.1261836141347885,True,0.12619606052680976,0.024879623165766054,True,True,487.6490859136112,0.00029216638760164686
200.54200000000128,76.3,True,False,-63.7247900341837,-115.40710602415645,-5.572716564427963,-38.656605360186475,-116.50480879396564,0.0,25.092206643108852,-1.1096821437701774e-05,4.022073278054787e-06,-8.286555822416013e-06,-0.039263288507871745,-0.03712944621482291,0.05403359158238477,1.1803241905268232e-05,0.054038889706134796,139.6154884957492,223.4,83.78451150425082,0.12875299155712128,True,0.12876186700385794,0.025901608397539064,True,True,487.6213901981916,0.00029216638099619174
200.64400000000023,76.4,True,False,-63.716893583578255,-115.42192879361029,-5.568602078142527,-38.656605360186475,-116.50480879396564,0.0,25.083673473688783,-1.9724532467194264e-05,7.547626788870539e-06,-1.6743077932647012e-05,-0.03630451452421501,-0.03433147274742027,0.04995752500880716,2.1119276767765436e-05,0.049966666847467416,139.25040669096086,223.4,84.14959330903913,0.12268581241369247,True,0.12268455718456112,0.02351429715257577,True,True,487.60694475154384,0.000292166364326991
200.7430000000022,76.5,True,False,-63.70118766537165,-115.45931657039824,-5.562323212077032,-38.656605360186475,-116.50480879396564,0.0,25.066394970771807,-2.6269720185459014e-05,1.7529826810648153e-05,-1.543810992954486e-05,-0.015237885364403021,-0.014409751871695855,0.0209652023056174,3.158152983364852e-05,0.020972222089767456,138.82072418410033,223.4,84.57927581589963,0.14111728966236115,True,0.14110750633360675,0.031106592272949634,True,True,487.57434687247405,0.0002921663653625501
200.84300000000803,76.6,True,False,-63.66691683538549,-115.5450449113251,-5.553058230311186,-38.656605360186475,-116.50480879396564,0.0,25.02872003912491,-2.934235517695212e-05,2.016427604375304e-05,-1.4240841919251398e-05,-0.007923700362422554,-0.0074930709476858405,0.010898146258591588,3.560297509617815e-05,0.010905555449426172,138.57097335337707,223.4,84.82902664662294,0.155784472823143,True,0.1557730649017081,0.0379085290090434,True,True,487.54999491612557,0.0002921663703998001
200.9429999999993,76.7,True,False,-63.633465270421226,-115.63009931896586,-5.551206700286815,-38.656605360186475,-116.50480879396564,0.0,24.99217172718582,-2.057915157686262e-05,2.4384198800505262e-05,-1.0455153067216765e-05,-0.006460459522151789,-0.006109352870498459,0.008893525151626237,3.190753250826597e-05,0.008891666308045387,138.30329662021236,223.4,85.09670337978766,0.20862698554992676,True,0.20862777956729536,0.06799805249567253,True,True,487.53252052988177,0.00029216636814556986
201.04300000000512,76.8,True,False,-63.63139145730465,-115.63511556798291,-5.5542304168100065,-38.656605360186475,-116.50480879396564,0.0,24.989924107610403,-1.0211925413505908e-05,9.862716692347882e-06,-9.81131077526675e-06,-0.0066582497095635474,-0.006296393752819161,0.009163256901273825,1.4197063118987862e-05,0.009163889102637768,137.93218613270807,223.4,85.46781386729192,0.1478673666715622,True,0.14787607241613662,0.034162371970124485,True,True,487.5065029178651,0.0002921663716119191
201.14300000001094,76.9,True,False,-63.61879891380887,-115.6634381683821,-5.553501469190419,-38.656605360186475,-116.50480879396564,0.0,24.976369062337746,-1.829457397590136e-05,2.259734614608187e-05,-5.516533221798536e-06,-0.012709001904707584,-0.01201830566408917,0.01749392459844786,2.907458494640239e-05,0.017491666600108147,137.42101095050361,223.4,85.97898904949635,0.17323173582553864,True,0.17322987964881068,0.04688110180950934,True,True,487.4926298601508,0.00029216637724020577
201.2430000000022,77.0,True,False,-63.61864916229048,-115.66408626645412,-5.552272252497436,-38.656605360186475,-116.50480879396564,0.0,24.976197571816737,-2.2387383203306276e-05,2.151129773495021e-05,-4.617670584370845e-06,-0.019627607208539927,-0.01856090546335789,0.0270124204225152,3.104723589843956e-05,0.02701388858258724,136.81055266219286,223.4,86.5894473378071,0.1622260957956314,True,0.16222025303242138,0.0411114080688468,True,True,487.48492424331084,0.00029216637976231893
201.34300000000803,77.1,True,False,-63.62075958590688,-115.66105363173058,-5.547221773301118,-38.656605360186475,-116.50480879396564,0.0,24.978409056209973,-3.217420073997137e-05,2.3077518204919076e-05,-1.4876194814963469e-05,-0.01614408499094966,-0.01526670225900257,0.022211957026502156,3.9594836023834546e-05,0.022219443693757057,136.32295977706517,223.4,87.07704022293483,0.1611337661743164,True,0.1611193562135139,0.0405553018796234,True,True,487.4799309889838,0.00029216637115608813
201.44200000001,77.2,True,False,-63.60538527307446,-115.70467102487852,-5.54640004085863,-38.656605360186475,-116.50480879396564,0.0,24.961607311854795,-1.3365331400710198e-05,1.825700543897647e-05,-7.128109509939323e-06,-0.012541485497713055,-0.01185989327276956,0.017263958089999743,2.2626319432237016e-05,0.017261110246181488,135.91406686135633,223.4,87.48593313864366,0.11205749958753586,True,0.11205261715405533,0.01961535678040799,True,True,487.47426730189056,0.0002921663748447623
201.54300000000512,77.3,True,False,-63.603623954343796,-115.71235328392963,-5.547254263303305,-38.656605360186475,-116.50480879396564,0.0,24.959601809175915,-1.3404071233850764e-05,1.5686621448624513e-05,-5.653398499110252e-06,-0.0071163954912441,-0.006729640681589422,0.00979550547638302,2.0633449011607152e-05,0.009794444777071476,135.35013906872175,223.4,88.04986093127825,0.12314236164093018,True,0.12314100158063053,0.02368959117922282,True,True,487.44716281480777,0.00029216637559720325
201.64300000001094,77.4,True,False,-63.57884901733191,-115.77395414874839,-5.547518051646594,-38.656605360186475,-116.50480879396564,0.0,24.93295765485037,-7.298305078715594e-06,1.5837434638334724e-05,-1.5897239176930835e-06,-0.008777425842251232,-0.008300399001197396,0.012086146014135088,1.7438164838810602e-05,0.012080555781722069,134.95697885980323,223.4,88.44302114019678,0.1253557652235031,True,0.12535897542487054,0.024550654274412616,True,True,487.4158578046533,0.0002921663828580741
201.7430000000022,77.5,True,False,-63.58147327503354,-115.76578787813371,-5.548557755693687,-38.656605360186475,-116.50480879396564,0.0,24.93582147206323,-1.1401570062963683e-05,8.318944877229851e-06,-6.673226957915183e-06,-0.011554555790053808,-0.010926600242793268,0.015900215941532896,1.4113845817886012e-05,0.015902778133749962,134.07765422497957,223.4,89.32234577502044,0.13151822984218597,True,0.1315248392586369,0.027025128155741825,True,True,487.38486214588625,0.0002921663749274555
201.84300000000803,77.6,True,False,-63.574213085248324,-115.77942783467796,-5.546964754168749,-38.656605360186475,-116.50480879396564,0.0,24.92816383683642,-1.4298691089085302e-05,1.605188809134375e-05,-6.279582738968014e-08,-0.013104580926180314,-0.012392386148930356,0.01803676311074002,2.149687600927425e-05,0.018036110326647755,133.21176615138418,223.4,90.18823384861581,0.1218842938542366,True,0.12188183778558415,0.023207597882045593,True,True,487.3766735702534,0.0002921663850652693
201.9429999999993,77.7,True,False,-63.56883905702619,-115.79169872487408,-5.546028217561578,-38.656605360186475,-116.50480879396564,0.0,24.922437957322632,-1.0282270882464286e-05,4.188109969027433e-06,-7.4823393113136685e-06,-0.021748801863925582,-0.02056681953376291,0.029928741864228062,1.1102493396216898e-05,0.029933333396911618,132.85486412751507,223.4,90.54513587248492,0.11513828486204147,True,0.11514612592723204,0.02071337482969733,True,True,487.36388964216724,0.0002921663770073159
202.04300000000512,77.8,True,False,-63.56278022336082,-115.79996471369974,-5.545318074536228,-38.656605360186475,-116.50480879396564,0.0,24.91614640132987,-2.474860854181449e-06,-2.3821035015571332e-05,-1.844602548733935e-06,-0.021958701157498997,-0.020765311428543983,0.030204060934488738,2.394925145929691e-05,0.030222222208976742,132.39500786218545,223.4,91.00499213781454,0.1220259815454483,True,0.12206092802605563,0.023275849360729173,True,True,487.3156610990684,0.0002921664686734521
202.14300000001094,77.9,True,False,-63.706835705593264,-115.43894482593366,-5.570519834622409,-38.656605360186475,-116.50480879396564,0.0,25.07289585102383,-9.624607005780964e-07,-1.6076585160706938e-05,-1.2723708647488263e-05,-0.017357062173766098,-0.0164137577599742,0.023877146922543023,1.610536932298107e-05,0.023888889700174328,130.7477091434092,223.4,92.65229085659078,0.12798653542995453,True,0.12801735566039552,0.02560294403699218,True,True,487.21632348080607,0.0002921664477159923
202.2430000000022,78.0,True,False,-63.94166647247312,-114.85083667992593,-5.6050842135925985,-38.656605360186475,-116.50480879396564,0.0,25.339099021198276,-1.903765833012653e-05,3.0890858096029925e-05,3.831473436375295e-06,-0.010501022276790792,-0.009930323124834337,0.014460213883458759,3.6286051708662015e-05,0.014452777802944182,128.01680397555165,223.4,95.38319602444832,0.1434544324874878,True,0.1434413013797513,0.03214405305030412,True,True,487.0313513752436,0.0002921663959982171
202.34300000000803,78.1,True,False,-64.04410504382736,-114.60918714591288,-5.62364359633284,-38.656605360186475,-116.50480879396564,0.0,25.45817200074334,-1.7521768644994052e-05,3.4330714371277036e-05,-4.828634400400498e-06,-0.00644633189329216,-0.006095993036011305,0.00888315647184438,3.854361588760069e-05,0.008872222155332565,126.74169496625636,223.4,96.65830503374363,0.12141786515712738,True,0.1213985446924218,0.023023914494144683,True,True,486.7424387017314,0.00029216638212622634
202.4429999999993,78.2,True,False,-63.9626941258931,-114.81802482394359,-5.601169170039507,-38.656605360186475,-116.50480879396564,0.0,25.36224297611208,-1.9807048398924884e-05,5.566743426458981e-06,3.641336442446194e-06,-0.015635483585249115,-0.014785741818463934,0.021508885667941645,2.0574445281790152e-05,0.021519444882869717,127.0842763324898,223.4,96.31572366751021,0.13931100070476532,True,0.13931669522587276,0.03032204796802572,True,True,486.6464202044431,0.0002921664081115982
202.54300000000512,78.3,True,False,-63.970843812993444,-114.79995041021222,-5.6100500067262224,-38.656605360186475,-116.50480879396564,0.0,25.371582736483454,-5.575152798908434e-07,2.3263001195271354e-05,7.929255295216467e-06,-0.014892761966950278,-0.014083384898623045,0.020512807423651202,2.3269680872296214e-05,0.020497221499681473,126.45200236000915,223.4,96.94799763999083,0.13455867767333984,True,0.13456133306761842,0.028287382601202345,True,True,486.6305952697114,0.0002921664059894578
202.64400000000023,78.4,True,False,-63.95911601273177,-114.82582424904334,-5.604728208855549,-38.656605360186475,-116.50480879396564,0.0,25.35815518574362,-2.143090157185055e-05,1.2151613598410762e-05,-3.4407833670871733e-07,-0.00850899683386594,-0.008046558306540814,0.011703913064953515,2.4636258953571415e-05,0.011711111292243002,126.25081588061524,223.4,97.14918411938473,0.17726697027683258,True,0.17727222648192492,0.04909458591553377,True,True,486.61316230149293,0.00029216639673277576
202.7430000000022,78.5,True,False,-63.96864205892691,-114.80118102947442,-5.6057149758659826,-38.656605360186475,-116.50480879396564,0.0,25.369303289572773,-1.802989237499501e-05,3.1284437065522684e-05,1.064456483960819e-06,-0.009175023386421935,-0.008676388308065365,0.012636221527272829,3.610807418792302e-05,0.012627777643501757,125.58532109939345,223.4,97.81467890060657,0.19229334592819214,True,0.19228766916873533,0.057763709200037636,True,True,486.60656236434136,0.00029216638975884256
202.84300000000803,78.6,True,False,-63.985780550226714,-114.76287847749454,-5.606762966697048,-38.656605360186475,-116.50480879396564,0.0,25.38900228514683,-2.8774455948274666e-05,5.5021362367449836e-05,-1.7254229038211263e-05,-0.019169461426859373,-0.01812765853458763,0.026400298217132707,6.209122024803044e-05,0.02638333290815353,124.59677147486711,223.4,98.8032285251329,0.21166647970676422,True,0.21163665970970527,0.06997356477999835,True,True,486.5998666386769,0.0002921663873246358
202.94400000000314,78.7,True,False,-64.05729399307437,-114.60793894716758,-5.620763049564973,-38.656605360186475,-116.50480879396564,0.0,25.471417279778755,-2.187173549071552e-05,4.978605520561344e-05,-1.1434387981638346e-05,-0.027464521921755955,-0.025971907302293804,0.03781834970536727,5.437852615060667e-05,0.03779999911785126,123.35996457179748,223.4,100.04003542820256,0.23632226884365082,True,0.2363049823882905,0.08723644515628098,True,True,486.5892923514165,0.00029216638805831834
203.04300000000512,78.8,True,False,-64.01374077039367,-114.72927491653772,-5.621039150684108,-38.656605360186475,-116.50480879396564,0.0,25.419221796929143,-1.5202054074933788e-05,5.805444555824813e-05,-2.6290793675537806e-06,-0.019528712453171743,-0.018467385342147594,0.026906672172968063,6.00118413079686e-05,0.026877777650952336,123.26919613963484,223.4,100.13080386036515,0.23851458728313446,True,0.2384948929642776,0.08886083093962881,True,True,486.50269356709316,0.00029216643442817253
203.14300000001094,78.9,True,False,-64.21717986111683,-114.246345205454,-5.653035033568151,-38.656605360186475,-116.50480879396564,0.0,25.66015640245094,-1.8554711565990923e-05,2.3815971928239505e-05,8.426386025112609e-06,-0.013528416558723087,-0.01279318758254607,0.018622350744325434,3.0190691283635912e-05,0.018619444221258163,121.3056659513455,223.4,102.09433404865449,0.23139774799346924,True,0.23140400575030617,0.08365539378598952,True,True,486.30800379324637,0.00029216640031116286
203.2430000000022,79.0,True,False,-64.20257643669288,-114.28214256333648,-5.657412268152978,-38.656605360186475,-116.50480879396564,0.0,25.642482005735737,-4.9248194654114035e-06,1.032111042147185e-05,1.0405559696315922e-05,-0.014382141361876372,-0.013600514996157517,0.0197979598703384,1.1435871943105603e-05,0.019794443622231483,120.90926856886222,223.4,102.49073143113777,0.2477903515100479,True,0.24781782958700038,0.09594388515492121,True,True,486.13672726079307,0.00029216641988860366
203.34300000000803,79.1,True,False,-64.06351205859731,-114.60573482041737,-5.651082364836059,-38.656605360186475,-116.50480879396564,0.0,25.477782280621717,-0.040272357731429356,0.06685513376281065,-0.0032243459269060927,-0.010749268764897933,-0.010165078158823523,0.08248470056064437,0.07804788086611655,0.014794444665312765,121.32163850222365,223.4,102.07836149777631,0.30193641781806946,True,0.30318221389977146,0.10602980456615835,True,False,486.07958988401106,0.17246987653466966
203.4429999999993,79.2,True,False,-63.95727448312179,-114.85763808128172,-5.645238471469804,-38.656605360186475,-116.50480879396564,0.0,25.35423099652159,-0.1246319782266278,0.20398087817230134,-0.018950224834870036,-0.009286027924627165,-0.008781360081636142,0.24201747514982644,0.23904252478717228,0.012780555523931978,121.53402355832152,223.4,101.86597644167848,0.3437466323375702,True,0.16836219618199627,0.027346924633324353,True,False,486.0022551665854,0.2510069405083525
203.54300000000512,79.3,True,False,-63.66041994612612,-115.58182123101683,-5.596267402831135,-38.656605360186475,-116.50480879396564,0.0,25.020844308084534,-0.17769976614401178,0.26312121111591164,-0.03727337142820415,-0.009830958678838854,-0.009296675479256219,0.31998662699674973,0.3175058717988387,0.013530555181205273,124.02526832143928,223.4,99.37473167856069,0.34888142347335815,True,0.05079535980029609,0.0023171590196651346,True,False,485.7720419752387,0.2805821898910124
203.64300000001094,79.4,True,False,-63.898954881040446,-115.02218509084322,-5.618386121568494,-38.656605360186475,-116.50480879396564,0.0,25.28585340418664,-0.20253932865742005,0.3328572974953544,-0.054353352714943674,-0.008531197876842065,-0.008067552789234992,0.39226127561938046,0.3896359328256434,0.011741667054593561,121.3859681649059,223.4,102.01403183509407,0.3166104853153229,True,-0.13697849680755542,0.01643695085301839,True,False,485.5041570197051,0.2940863739173469
203.7430000000022,79.5,True,False,-64.14186715537643,-114.4460051200886,-5.657859012738924,-38.656605360186475,-116.50480879396564,0.0,25.568285850579393,-0.2060544871033938,0.3786236551147712,-0.05305957099708546,-0.010390017738585562,-0.00982535135126356,0.43494507147025074,0.4310618561968942,0.014299999922513962,118.5945288217658,223.4,104.80547117823419,0.3464174270629883,True,-0.15798846138642586,0.021698127106599487,True,False,485.25009956955876,0.29845239442308946
203.84300000000803,79.6,True,False,-64.31744741277821,-114.0507499225804,-5.6715683513012545,-38.656605360186475,-116.50480879396564,0.0,25.777921168943877,-0.19684784051429863,0.3950667698103905,-0.04011606138703767,-0.01982539671927629,-0.018747945705778483,0.4500883961900037,0.44139191760108026,0.027286110445857045,116.45526570948147,223.4,106.94473429051854,0.39388710260391235,True,-0.0888688769887801,0.006848993118623629,True,False,485.17533949004564,0.2985452503374693
203.9429999999993,79.7,True,False,-64.39619001424091,-113.8913065717301,-5.674710439669951,-38.656605360186475,-116.50480879396564,0.0,25.871927103114388,-0.17557918414302226,0.3699284588059869,-0.02403131292285734,-0.02033399947832762,-0.01922890742611734,0.41898033731224577,0.4094815191664968,0.02798611111938953,115.37647024432398,223.4,108.02352975567601,0.3839449882507324,True,-0.04734034661539005,0.0019410183128496876,True,False,485.1548840607994,0.2972771839059758
204.04300000000512,79.8,True,False,-64.35290566652587,-114.02437017173759,-5.665670026744417,-38.656605360186475,-116.50480879396564,0.0,25.815739873035184,-0.17738539134480655,0.3701603762343582,-0.013853216547649597,-0.013528416558723087,-0.01279318758254607,0.41653636122926285,0.4104683680827449,0.018619444221258163,115.6273018172271,223.4,107.77269818277288,0.3656289577484131,True,-0.08138724725997648,0.005731833598073762,True,False,485.069726510823,0.29816886096678924
204.14300000001094,79.9,True,False,-64.13349672955977,-114.60324392803128,-5.6335952502228,-38.656605360186475,-116.50480879396564,0.0,25.547758077494848,-0.19861477975397246,0.37797205358762387,-0.0034866382648638247,-0.016898916392085545,-0.01598051083120394,0.4338424575920695,0.4269785756100235,0.02325833402574062,117.81256461636876,223.4,105.58743538363123,0.4023779034614563,True,-0.044433490342025816,0.001708908325493211,True,False,484.96887575371693,0.2981671461769396
204.2430000000022,80.0,True,False,-64.24851120382583,-114.31683011311588,-5.647815850996214,-38.656605360186475,-116.50480879396564,0.0,25.68526611537352,-0.18665700220056738,0.3782456129541461,0.004369411753204792,-0.01781722580146923,-0.016848912870871133,0.42965864873337845,0.4217944762435377,0.02452222257852554,116.27440909194115,223.4,107.12559090805887,0.3850395083427429,True,-0.0663875262384373,0.003814906049948627,True,False,484.7740803285752,0.2981263148372311
204.34300000000803,80.1,True,False,-64.3607896396355,-114.04293490916409,-5.664333850225557,-38.656605360186475,-116.50480879396564,0.0,25.821810790425644,-0.16637616365231392,0.36031731089023417,0.011915387325275525,-0.015187428387032246,-0.01436203708012726,0.4040329781918929,0.39687478171185325,0.020902777090668675,114.77881939744715,223.4,108.62118060255283,0.4329681992530823,True,0.06484414979209813,0.0036388303140090818,True,False,484.6569225910855,0.2955771332929718
204.4429999999993,80.2,True,False,-64.21571112932591,-114.42944842305883,-5.642605625660332,-38.656605360186475,-116.50480879396564,0.0,25.643225389704533,-0.16719417607002504,0.339427619457277,0.009677679883034017,-0.009187133169258984,-0.008687839960425846,0.3822964800934516,0.37837151235547395,0.012644444592297077,116.29486366955267,223.4,107.10513633044732,0.38098081946372986,True,0.004489733919828265,1.7439220716476624e-05,True,False,484.5659634226769,0.2959284565175229
204.54300000000512,80.3,True,False,-64.18878904694827,-114.51247369750028,-5.637634025254379,-38.656605360186475,-116.50480879396564,0.0,25.609798963505217,-0.17226112135001015,0.3471239157908462,0.009196101658625671,-0.011641340762584941,-0.011008668711643084,0.3925017987199362,0.3875163310658448,0.016022222116589546,116.42858103464181,223.4,106.97141896535817,0.4325268864631653,True,0.08112595509813936,0.005691726418918251,True,False,484.5155865074303,0.2953741322876507
204.64300000001094,80.4,True,False,-64.14158424855587,-114.64505369158258,-5.625697156447518,-38.656605360186475,-116.50480879396564,0.0,25.552746192561646,-0.16322561974346148,0.33019452820291834,0.003301243429871704,-0.012226636557352934,-0.011562155430597949,0.373628590623654,0.36833548484470635,0.0168277770280838,116.297155810444,223.4,107.10284418955597,0.37415310740470886,True,0.010485137861346638,9.506814506629964e-05,True,False,484.4771298942875,0.2957240003501784
204.74200000001292,80.5,True,False,-64.18741916108078,-114.5348367706382,-5.637410112271072,-38.656605360186475,-116.50480879396564,0.0,25.606703089398838,-0.18288028665220682,0.39089468329165844,0.0011277203027868314,-0.011500063120637874,-0.010875069086971327,0.4367952780698482,0.4315597903786674,0.015827778726816177,115.14071337064605,223.4,108.25928662935397,0.46197792887687683,True,0.054959885759114535,0.002612054852613691,True,False,484.4707284074351,0.2970123091363601
204.84300000000803,80.6,True,False,-64.1534742979648,-114.63081729660173,-5.6309898275277765,-38.656605360186475,-116.50480879396564,0.0,25.56564432519622,-0.1833909030793716,0.3918133239945285,-0.004841718232487356,-0.02326048115886915,-0.0219963435804921,0.4437118355453088,0.4326082571933976,0.03201388940215111,115.1042840348211,223.4,108.29571596517891,0.4211447834968567,True,-0.020761111815923106,0.0003727348007229654,True,False,484.41584283328774,0.2981540450295315
204.9429999999993,80.7,True,False,-64.15409169002452,-114.63885315517832,-5.627954132075276,-38.656605360186475,-116.50480879396564,0.0,25.565672288954183,-0.19753498124514718,0.4250341303055327,-0.005516099849711051,-0.021599450131186627,-0.020425584620984018,0.4789443273813408,0.46869401611296596,0.029727777466177937,114.91913438307363,223.4,108.48086561692635,0.4596664011478424,True,-0.01637041073267631,0.00023174148312521265,True,False,484.3741166980368,0.29943242998545366
205.04300000000512,80.8,True,False,-64.1553474411315,-114.64657132995917,-5.623970446759278,-38.656605360186475,-116.50480879396564,0.0,25.566362552838715,-0.19454268842510344,0.4219086515499544,-0.003154063425367466,-0.014184351851140005,-0.013413474753736923,0.47120535143533127,0.46460065418848445,0.019522221758961678,114.72958139597901,223.4,108.67041860402101,0.46196308732032776,True,-0.00478556068183883,1.9801827874140493e-05,True,False,484.3672308052324,0.2992197393014802
205.14300000001094,80.9,True,False,-64.17351082696489,-114.60763489483416,-5.624124515532591,-38.656605360186475,-116.50480879396564,0.0,25.587335410394957,-0.1962234154451813,0.4357628808602708,-0.003144868173855878,-0.006906496197670686,-0.006531148786808349,0.48110799678951477,0.47790471550782465,0.009505555965006351,114.24150813180064,223.4,109.15849186819936,0.47211024165153503,True,-0.010489669353549225,9.514067101085105e-05,True,False,484.3732149207903,0.2998831722121174
205.2430000000022,81.0,True,False,-64.19685819465705,-114.55254730382713,-5.623498113776827,-38.656605360186475,-116.50480879396564,0.0,25.61475824157941,-0.18762548693041772,0.42591512874838827,-0.0018931925164328636,-0.010254794311381626,-0.009697476912871933,0.470338925468804,0.4654105931783596,0.014113889075815678,113.81477521463594,223.4,109.58522478536403,0.4144938886165619,True,-0.0920273172815167,0.00732198215789062,True,False,484.38310393332165,0.3009532668186962
205.34300000000803,81.1,True,False,-64.24796003083281,-114.42251215900654,-5.632148169168861,-38.656605360186475,-116.50480879396564,0.0,25.675930229590012,-0.16361793185010876,0.38347564020764613,0.004387189436199781,-0.010537350948626546,-0.009964677442015667,0.4221717041695263,0.4169225278820646,0.014502777718007563,113.11162786616273,223.4,110.28837213383727,0.44884178042411804,True,0.057629006316374465,0.0028721084168768377,True,False,484.38544441294755,0.2968588771649035
205.4429999999993,81.2,True,False,-64.27166889949503,-114.36109754606481,-5.636908023538899,-38.656605360186475,-116.50480879396564,0.0,25.70461005417493,-0.14298397518266465,0.34925463583025723,0.0011496751512600062,-0.009695735251634918,-0.009168801040864592,0.3824043867457836,0.37739000756241875,0.013344444334506989,112.24388345187973,223.4,111.15611654812027,0.43281909823417664,True,0.10013802302698444,0.008672525792997139,True,False,484.37405622054035,0.2951390438868107
205.54300000000512,81.3,True,False,-64.2824580430974,-114.32524825220186,-5.643517420115125,-38.656605360186475,-116.50480879396564,0.0,25.718374946358235,-0.15074525142970496,0.38536943546545227,-0.007784317493869148,-0.005838835055548044,-0.005521511834362263,0.4168855984408036,0.4138039784965417,0.008036111481487751,111.38285684581786,223.4,112.01714315418212,0.46032464504241943,True,0.08389819634139623,0.006088843868460301,True,False,484.37055569843994,0.29635105286862845
205.64300000001094,81.4,True,False,-64.25875595021616,-114.38881338992104,-5.639339753525176,-38.656605360186475,-116.50480879396564,0.0,25.689444357254885,-0.15903923757649643,0.4047591225566951,-0.018037997886047468,-0.00944950728622575,-0.008935954828902188,0.4399098822047435,0.43488323304282384,0.013005555607378483,111.42881354974719,223.4,111.97118645025282,0.4975149631500244,True,0.1124723915621394,0.010941076131444002,True,False,484.3539902028606,0.2967320159075863
205.7430000000022,81.5,True,False,-64.33006109590866,-114.17644681870614,-5.654577340005007,-38.656605360186475,-116.50480879396564,0.0,25.778820743042544,-0.1871235514205617,0.5051422834871024,-0.037902869610801394,-0.0068055829196045315,-0.00643571984357127,0.5424266063313183,0.5386872469836349,0.00936666689813137,110.33966205224439,223.4,113.0603379477556,0.5570791959762573,True,0.030810320603125607,0.0008212955447670075,True,False,484.3000826535991,0.30189317477782546
205.84300000000803,81.6,True,False,-64.39183346311603,-113.98497952117062,-5.670027092717261,-38.656605360186475,-116.50480879396564,0.0,25.85829663906441,-0.19021534422410297,0.5512857669060791,-0.05055092832858918,-0.012906791415443949,-0.012205345906509764,0.5907288355225863,0.5831791096837383,0.017763888463377953,109.0545107112931,223.4,114.3454892887069,0.5613773465156555,True,-0.043322888960865114,0.0016238248448449928,True,False,484.2100821142561,0.3052810900358985
205.94400000000314,81.7,True,False,-64.33200657965493,-114.13311346074134,-5.598622474497931,-38.656605360186475,-116.50480879396564,0.0,25.78470799784865,-8.602618312203989e-05,0.00023535899888271826,-6.782425893290246e-06,-0.015855473462286215,-0.014993775903678595,0.021922637098915575,0.00025058803350843013,0.02182222157716751,109.01522503810581,223.4,114.3847749618942,0.7518796920776367,True,0.751746900108685,0.8828673940343468,True,True,483.7269645006644,0.00029219509431581083
206.04200000000128,81.8,True,False,-64.33637290418535,-114.129651906306,-5.618095233898985,-38.656605360186475,-116.50480879396564,0.0,25.789374388589096,-0.0797784349583511,0.2402267730279514,-0.022672502233334616,-0.009837013570257378,-0.00930240130543646,0.2591459265921214,0.25312744055875636,0.013538888655602932,108.51291298843725,223.4,114.88708701156276,0.8873619437217712,True,0.8578177813792048,0.8487327480856469,True,False,483.7246871109022,0.1725471810109184
206.14300000001094,81.9,True,False,-64.35964872171044,-114.07541338577522,-5.656468946028246,-38.656605360186475,-116.50480879396564,0.0,25.817598650798605,-0.20295344879590402,0.6141052580484827,-0.05995491843927096,-0.014172242068302957,-0.013402023101376443,0.655289044551805,0.6467730439195384,0.01950555481016636,108.33187509104465,223.4,115.06812490895533,1.2609704732894897,True,0.9909932018459807,0.946746986263025,True,False,483.65972347441607,0.2527770609963796
206.2430000000022,82.0,True,False,-64.40386802941069,-113.96069848358655,-5.708656297083448,-38.656605360186475,-116.50480879396564,0.0,25.872650274554477,-0.3696565156564857,1.1421742137170168,-0.11333474227873735,-0.021599450131186627,-0.020425584620984018,1.2135823053907973,1.2005031753591404,0.029727777466177937,107.9550944252578,223.4,115.44490557474218,1.8572114706039429,True,1.1365049049848188,1.156701433483277,True,False,483.5078081211069,0.2977801274339933
206.34300000000803,82.1,True,False,-64.46004949678924,-113.80021388138462,-5.756935858969984,-38.656605360186475,-116.50480879396564,0.0,25.944798379481362,-0.4926592398573383,1.5898869888051377,-0.161461852775158,-0.019131114232325646,-0.018091395395379517,1.6762527762285866,1.6644680122455577,0.02633055485785007,107.2263916265652,223.4,116.17360837343479,2.144740104675293,True,0.8457194212447519,0.6243294952616218,True,False,483.292907604456,0.35007042081066014
206.4429999999993,82.2,True,False,-64.51816694876183,-113.62772751593008,-5.805550922315776,-38.656605360186475,-116.50480879396564,0.0,26.021106134830223,-0.6162764262852144,2.012630903795135,-0.21666758115959067,-0.011554555790053808,-0.010926600242793268,2.1119833126242678,2.1048704920982897,0.015902778133749962,107.03600719243947,223.4,116.36399280756054,2.5422210693359375,True,0.769823292967019,0.51269844669442,True,False,483.1705358868579,0.40734177973174257
206.54300000000512,82.3,True,False,-64.5924423113956,-113.39457129140939,-5.858084002995468,-43.488748878226076,-124.18274508515609,0.0,23.701277820516037,-0.7067645729633726,2.423039232776119,-0.2859954503720883,-0.010885840486823818,-0.020456059075991774,2.5406527609290888,2.5240117442611836,0.023172222077846527,106.25883562427444,241.98,135.72116437572555,2.9192798137664795,True,0.6871742345338792,0.4070743471611494,True,False,483.07569140881094,0.4768187178816292
206.64300000001094,82.4,True,False,-64.68400381885877,-113.08709917414406,-5.920725114885463,-43.488748878226076,-124.18274508515609,0.0,23.923883258805887,-0.7758998652940907,2.8437976733878103,-0.3600862952600765,-0.012434808949685837,-0.023366793476473392,2.9670711100861933,2.9477458859490095,0.026469444856047634,105.25446413214245,241.98,136.72553586785756,3.357182741165161,True,0.7035601891087047,0.4260256478188188,True,False,483.0106417783487,0.5539398514514766
206.7430000000022,82.5,True,False,-64.77413248541372,-112.74974801701586,-5.966870022229151,-43.488748878226076,-124.18274508515609,0.0,24.16155990960094,-0.785596570785429,3.004582064510705,-0.39855143386507025,-0.0057809008475709096,-0.010863143676732743,3.1146464137460628,3.1055877631149365,0.012305555865168571,104.66373392981622,241.98,137.3162660701838,3.191455602645874,True,0.1097479052866861,0.010357287656317767,True,False,482.9536576256045,0.6441472233054409
206.84300000000803,82.6,True,False,-64.8448523507501,-112.41762769897434,-6.038030854566041,-43.488748878226076,-124.18274508515609,0.0,24.382394112141423,-0.7687144716861739,3.1537964642844103,-0.5357767351812027,-0.01000369876325382,-0.018798387972636287,3.262054587758642,3.2461290912581715,0.02129444479942322,103.7008860963529,241.98,138.2791139036471,3.2463345527648926,True,-0.07910294874107748,0.005402804983050057,True,False,482.9611692760142,0.6836226082557895
206.9429999999993,82.7,True,False,-64.90271723531521,-112.15102892196911,-6.064878459501074,-43.488748878226076,-124.18274508515609,0.0,24.562577931274014,-0.7057245030868269,3.131253308854703,-0.5326684330351513,-0.011753628169786269,-0.022086756873702876,3.22879995437332,3.209796622602541,0.025019444525241855,102.67279004272984,241.98,139.30720995727015,2.94126033782959,True,-0.5655356970503305,0.27607497364505035,True,False,482.9853645096215,0.7382709152911391
207.04300000000512,82.8,True,False,-64.96215903133319,-111.85301663265705,-6.098465153088678,-43.488748878226076,-124.18274508515609,0.0,24.76145285147719,-0.6649933976265127,3.117136559661585,-0.5451761092516852,-0.007342918676903322,-0.013798399712612723,3.199258956742039,3.1872804317263514,0.015630556270480156,102.02656118028294,241.98,139.95343881971704,2.974175214767456,True,-0.4699285877990036,0.19045608672120518,True,False,482.9883994483996,0.7268371611273988
207.14300000001094,82.9,True,False,-65.01696853831702,-111.5806618403027,-6.130907980706923,-43.488748878226076,-124.18274508515609,0.0,24.945475418266547,-0.6298698355268849,3.076032031491222,-0.5523780369266025,-0.009554798106579993,-0.01795483911085698,3.155557874783443,3.139858128716436,0.020338889211416245,101.57260242299394,241.98,140.40739757700604,2.942648410797119,True,-0.4446580952172794,0.1705147223190523,True,False,483.0137099554008,0.7192949036914169
207.2430000000022,83.0,True,False,-65.07333457084857,-111.28808075010197,-6.17631097061583,-43.488748878226076,-124.18274508515609,0.0,25.14292560216254,-0.5860362156992984,3.1248733737603502,-0.5681544581594558,-0.010541335636946097,-0.01980868494171209,3.196907819643948,3.1793508847164933,0.022438889369368553,100.62557059583703,241.98,141.35442940416294,3.1111361980438232,True,-0.21494143701517343,0.039824517873610854,True,False,483.0444494711944,0.709360613280865
207.34700000000885,83.1,True,False,-65.14212933366602,-110.85977183985517,-6.147207959976805,-43.488748878226076,-124.18274508515609,0.0,25.42381759773761,-0.5092587952605092,3.043732859498584,-0.33759176122480994,-0.0037034304175590695,-0.00695927810967926,3.092298295020447,3.086041840374432,0.00788333360105753,99.49639496223402,241.98,142.48360503776598,2.846325159072876,True,-0.4653199452799113,0.18767223020120777,True,False,483.05603008953966,0.6965816695428076
207.4429999999993,83.2,True,False,-65.17631595646172,-110.61301666750984,-6.141465864399624,-43.488748878226076,-124.18274508515609,0.0,25.58296493961649,-0.45948258467004377,2.827535550690936,-0.30611638880908365,-0.01606516230248763,-0.030188749276902918,2.891921019856138,2.8646258980949257,0.03419722244143486,99.21988762078473,241.98,142.76011237921526,2.44350266456604,True,-0.7906384365477268,0.5403793225179239,True,False,483.0811824280594,0.685361120245694
207.54300000000512,83.3,True,False,-65.20692403061723,-110.34312098043436,-6.147097383435398,-43.488748878226076,-124.18274508515609,0.0,25.752947934361515,-0.3989415412195691,2.722202230270452,-0.292478231948304,-0.027578681429192287,-0.051824306743825724,2.7987735888583614,2.7512795815402087,0.05870555713772774,98.33027055559815,241.98,143.64972944440186,2.457357168197632,True,-0.5600182604481496,0.2707468207387856,True,False,483.0595622005558,0.6332968681596546
207.64300000001094,83.4,True,False,-65.23412948764155,-110.10952628857764,-6.151657279342107,-43.488748878226076,-124.18274508515609,0.0,25.902066812220053,-0.3377054141117061,2.649518044543275,-0.2882482206441012,-0.014911592356280711,-0.028021025526361123,2.696926273206749,2.670953166021594,0.0317416675388813,97.25376588383016,241.98,144.72623411616985,2.398040771484375,True,-0.522243528905721,0.2353458973000047,True,False,483.08029998690216,0.6146805098789021
207.7450000000099,83.5,True,False,-65.25954640918937,-109.8780822808002,-6.158715246699183,-43.488748878226076,-124.18274508515609,0.0,26.049779328825803,-0.3125265239743852,2.55232108745404,-0.26963218401425776,-0.01597251206305772,-0.030014646158868345,2.5993080085043445,2.5713840167602515,0.03400000184774399,96.97543497819227,241.98,145.0045650218077,2.34665584564209,True,-0.4328317995683806,0.16151471231923115,True,False,483.1073910005794,0.5886799833980612
207.84300000000803,83.6,True,False,-65.2847550134526,-109.648264304386,-6.1691296782792024,-43.488748878226076,-124.18274508515609,0.0,26.197652853135658,-0.2801196670493205,2.529006144789825,-0.2702942138354899,-0.03325126982245676,-0.062483915749382654,2.603221991959746,2.544472265176517,0.07078055292367935,96.32089434745879,241.98,145.6591056525412,2.376237392425537,True,-0.33115644466596006,0.09445630183456147,True,False,483.1475346667928,0.5779789935030122
207.9429999999993,83.7,True,False,-65.32663305614176,-109.43397793384818,-6.046547885007337,-43.488748878226076,-124.18274508515609,0.0,26.35183708684385,-0.22854217029106474,2.3198301233905214,-0.0037559982054623797,-0.06764436664885312,-0.12711348857278018,2.452227791895544,2.331060557984591,0.14399166405200958,95.62592078827568,241.98,146.35407921172433,2.1009521484375,True,-0.41332698297418613,0.14861051810230327,True,False,483.1369277508717,0.5294025395061678
208.04300000000512,83.8,True,False,-65.33926863845208,-109.222814085427,-6.031513900728134,-43.488748878226076,-124.18274508515609,0.0,26.481026213284906,-0.18916213836417548,2.143988400580905,0.002155433777604152,-0.11339438670417758,-0.21308435266106932,2.35829021035735,2.1523170250722767,0.24137777090072632,95.03248625299541,241.98,146.94751374700456,1.9509705305099487,True,-0.3633949189993184,0.11432525019526223,True,False,483.1684502565897,0.49676681487138524
208.14300000001094,83.9,True,False,-65.34909274251746,-109.07126793775542,-6.000071927976403,-43.488748878226076,-124.18274508515609,0.0,26.575014119309028,-0.1583103938497205,1.8242372791827006,0.010787602824276482,-0.1698814881437018,-0.31923173608792227,2.14350024717712,1.8310936162743716,0.3616194427013398,94.96160278366261,241.98,147.01839721633738,1.453834056854248,True,-0.6822388068691283,0.402187312766811,True,False,483.20596227951324,0.4693189105329123
208.24200000001292,84.0,True,False,-65.34950186694994,-108.8915974373484,-5.98265159504387,-43.488748878226076,-124.18274508515609,0.0,26.677925661884842,-0.13252828202053754,1.64824008038761,0.017029048309303275,-0.2376824436900678,-0.446639477708232,2.0975170465682162,1.6535595266368461,0.5059444308280945,94.58749274307317,241.98,147.39250725692682,1.4315474033355713,True,-0.402276420891841,0.13960096779928025,True,False,483.1974071699971,0.42363255790586224
208.34300000000803,84.1,True,False,-65.35602421571896,-108.75216881578513,-5.968099801650891,-43.488748878226076,-124.18274508515609,0.0,26.763415602097552,-0.10274462776793729,1.4647360031627343,0.014362007927297962,-0.3461010989962843,-0.6503737158286594,2.129063525463852,1.4683351175723864,0.7367305755615234,94.00190496425104,241.98,147.97809503574896,1.3054405450820923,True,-0.29544398655665827,0.07522894228852921,True,False,483.22326483560005,0.39364398909143217
208.4429999999993,84.2,True,False,-65.36226677460034,-108.62985537132263,-5.9559172418553095,-43.488748878226076,-124.18274508515609,0.0,26.8392094446478,-0.08989387810222631,1.282947600048277,0.015233371164092933,-0.3751608734569873,-0.7049812092806034,2.008292361584456,1.2860930968595903,0.7985888719558717,94.0011355282884,241.98,147.97886447171157,1.1536688804626465,True,-0.2404683417412432,0.049789543922481264,True,False,483.2543209034224,0.3705197316439478
208.54300000000512,84.3,True,False,-65.36975500669213,-108.50038081005127,-5.8924712684317,-43.488748878226076,-124.18274508515609,0.0,26.920530798092614,-0.07216508544341933,1.1465413362698516,0.10230678640371178,-0.35248357537563046,-0.6623673064039629,1.8304996403544844,1.1488101824638015,0.7503166794776917,93.6000435619474,241.98,148.3799564380526,1.1949056386947632,True,0.07489646199901667,0.0048623069430749075,True,False,483.14624786482455,0.3376190704045257
208.64300000001094,84.4,True,False,-65.45585021891992,-108.6261949200458,-5.848986228159755,-43.488748878226076,-124.18274508515609,0.0,26.917648380791107,-0.09023805077976285,1.067225618370162,0.14464369581692352,-0.48102054038557285,-0.9039067403938911,2.009495889507927,1.0710338119378426,1.0239278078079224,94.84147593122529,241.98,147.1385240687747,1.1341921091079712,True,0.09635479736048058,0.008044926798480226,True,False,483.01229853669395,0.3287230710460949
208.7430000000022,84.5,True,False,-65.30218420985379,-108.06213808729701,-5.857518669050142,-43.488748878226076,-124.18274508515609,0.0,27.123789022673936,-0.01270836846838739,0.9573931500958458,0.13424666587059478,-0.6138233260565377,-1.153462264602584,2.194777841604449,0.9574774913696796,1.30661940574646,90.73258419645182,241.98,151.24741580354814,0.9588344097137451,True,-0.014425287979019208,0.00018050426821740483,True,False,482.9036579006155,0.32280300393903694
208.84400000001187,84.6,True,False,-65.26202206745636,-107.82843871751831,-5.856512142767589,-43.488748878226076,-124.18274508515609,0.0,27.231209340376562,0.01680756626418995,0.9762253556521499,0.14220687599008566,-0.6570339374716511,-1.2346612148248637,2.311294399178216,0.9763700319560672,1.398599982261658,88.98249368860235,241.98,152.99750631139764,1.2072854042053223,True,0.39817759339700975,0.1372557792603169,True,False,482.8776249203734,0.31281411615544646
208.9429999999993,84.7,True,False,-65.25865387132237,-107.71757861714946,-5.848078033540693,-43.488748878226076,-124.18274508515609,0.0,27.29524629358762,0.024917948947148418,0.8640777944427958,0.1240658103632761,-0.6747824619235888,-1.2680132435579665,2.24396810567705,0.8644370069755569,1.4363805055618286,88.37659310454552,241.98,153.60340689545447,0.9394797682762146,True,0.11957165482462428,0.012365425145851261,True,False,482.8868118210295,0.31382470514264893
209.04300000000512,84.8,True,False,-65.27836906151244,-107.63265591742717,-5.859095636034324,-43.488748878226076,-124.18274508515609,0.0,27.362255009257883,0.0231028386775609,0.8984880855160422,0.10224002547604302,-0.7204672465219897,-1.353861520845329,2.371913830829419,0.8987850582699093,1.5336277484893799,88.55103937995027,241.98,153.42896062004974,1.0424600839614868,True,0.24916427935338703,0.05367896849472533,True,False,482.88336588955843,0.31235502835671985
209.14300000001094,84.9,True,False,-65.28214145329916,-107.51422529594971,-5.867041330974948,-43.488748878226076,-124.18274508515609,0.0,27.43704634056689,0.029719119061195017,0.9548788184081818,0.10730277470332829,-0.8136219949529169,-1.5289126838142064,2.623060132955154,0.955341187159006,1.7319222688674927,88.23269886754045,241.98,153.74730113245954,1.2323758602142334,True,0.49004027807842154,0.20752286722093444,True,False,482.89631344957985,0.31042964962821057
209.2430000000022,85.0,True,False,-65.28030614144113,-107.41840181972579,-5.860213481219749,-43.488748878226076,-124.18274508515609,0.0,27.493911563783698,0.03730496246274363,0.9059609725745403,0.10137322215558967,-0.8916249807321749,-1.6754915067480531,2.743502823465812,0.9067287047692676,1.897963881492615,87.63913104357964,241.98,154.34086895642037,0.9621908068656921,True,0.09010569781473543,0.007013168286158638,True,False,482.89474880566684,0.31835023492935155
209.34400000001187,85.1,True,False,-65.28735599287084,-107.32374727767656,-5.864369906930088,-43.488748878226076,-124.18274508515609,0.0,27.557305369198218,0.04493783611199507,0.96293590649465,0.08588545058361585,-1.0129286293180972,-1.9034384994134743,3.0553532845690214,0.9639839050166252,2.1561777591705322,87.33260494330847,241.98,154.64739505669152,1.1345499753952026,True,0.3015669758908235,0.07857139870166795,True,False,482.9107899452067,0.31578304274904656
209.4429999999993,85.2,True,False,-65.2861498150841,-107.20508619599786,-5.869057774226873,-43.488748878226076,-124.18274508515609,0.0,27.629107639566506,0.05611712826546305,1.024080179986486,0.08980677997054909,-1.124182867419153,-2.1125012052104495,3.3513058448576474,1.0256165692528159,2.3929998874664307,86.86890582036833,241.98,155.11109417963164,1.2254433631896973,True,0.3543609758804439,0.10846916239820485,True,False,482.92319630027237,0.3188322739065452
209.54400000000896,85.3,True,False,-65.28723806018823,-107.05348098814028,-5.884625184442014,-43.488748878226076,-124.18274508515609,0.0,27.723380369670576,0.07646113242868605,1.2435525041449391,0.1092856372791179,-1.1523958339870426,-2.1655174249061435,3.6237890701679674,1.2459009331955033,2.4530556201934814,86.50328709327128,241.98,155.4767129067287,1.627132534980774,True,0.6813552328477246,0.4007752345139868,True,False,482.93507905832325,0.32443599798184664
209.64300000001094,85.4,True,False,-65.27827071662199,-106.90278756744893,-5.885529172864429,-43.488748878226076,-124.18274508515609,0.0,27.809714017941584,0.08242928133510165,1.2383222064266597,0.11073224074579219,-1.172234917174429,-2.2027979140136136,3.662716196256604,1.2410626387700228,2.495286226272583,86.20358131378542,241.98,155.77641868621456,1.4056406021118164,True,0.28913913981011863,0.07212601444043275,True,False,482.92204229126185,0.3380542468439556
209.7430000000022,85.5,True,False,-65.29222311035845,-106.79416654913842,-5.900748209286097,-43.488748878226076,-124.18274508515609,0.0,27.888243976530944,0.09333279061404103,1.4252693332031976,0.011219305871834966,-1.1658105792184756,-2.190725659518411,3.8289504845559095,1.4283219811979693,2.4816110134124756,86.25705715250342,241.98,155.72294284749657,1.6227363348007202,True,0.3504666842912689,0.1064382263361786,True,False,482.91668935301936,0.3495553952853838
209.84300000000803,85.6,True,False,-65.28293269521262,-106.67755826329129,-5.8897410505818515,-43.488748878226076,-124.18274508515609,0.0,27.95385508149077,0.09748166102924954,1.3155942502111186,0.00871132011737528,-1.139953173366644,-2.142135877011751,3.672484527139777,1.319200858635855,2.4265694618225098,85.74621250007101,241.98,156.23378749992898,1.1798614263534546,True,-0.251889899116275,0.05485211904823558,True,False,482.9372292273425,0.36757469108944846
209.9429999999993,85.7,True,False,-65.33374763437187,-106.6481347493115,-5.878259132975367,-43.488748878226076,-124.18274508515609,0.0,28.01189979787018,0.09474510245876785,1.384274919044068,0.09292539623133515,-1.1941030687813918,-2.2438913143529104,3.8502882782554244,1.387513490361223,2.5418360233306885,86.07523571841898,241.98,155.904764281581,1.5842795372009277,True,0.3492319360631235,0.10567437827638251,True,False,482.88113242161154,0.3455290620176765
210.04300000000512,85.8,True,False,-65.3433412662949,-106.49846308653484,-5.873909050762029,-43.488748878226076,-124.18274508515609,0.0,28.11328935317593,0.09320824730663867,1.328594815938884,0.04273772631128949,-1.2548808138168297,-2.3581014338613984,3.9254392563141542,1.331860338889049,2.6712110042572026,86.01024640905959,241.98,155.9697535909404,1.3098199367523193,True,-0.041034746820189705,0.0014571030865809427,True,False,482.90263286318935,0.35694269090369984
210.14300000001094,85.9,True,False,-65.3826689977276,-106.39332251063198,-5.894066958000478,-43.488748878226076,-124.18274508515609,0.0,28.210056606361178,0.11056043506463134,1.6028000429078193,0.03502340187547957,-1.3174489462825463,-2.47567594871327,4.321247181942405,1.6066087225416734,2.8043971061706543,86.05796430915227,241.98,155.92203569084774,1.9942647218704224,True,0.6997052766005516,0.4234041764677889,True,False,482.92831736358687,0.3524284441846521
210.2430000000022,86.0,True,False,-65.37795261029726,-106.2628214658228,-5.884745562769843,-43.488748878226076,-124.18274508515609,0.0,28.288883020488065,0.1104952932574957,1.5019503957640585,0.036809739118291905,-1.3137050932800758,-2.468640710755938,4.218286438376305,1.5060093629084357,2.7964277267456055,85.76843926929654,241.98,156.21156073070344,1.4112015962600708,True,-0.17214355146292926,0.025621747567273093,True,False,482.93761268373703,0.3832964774436958
210.34300000000803,86.1,True,False,-65.41321494830213,-106.27270208334997,-5.850764087716329,-43.488748878226076,-124.18274508515609,0.0,28.30992498726304,0.0871506128263281,1.2661272726539199,0.08245600411393943,-1.2402093812555421,-2.330531703111954,3.833776250884531,1.269123122425109,2.6399805545806885,86.03685832892599,241.98,155.943141671074,1.0512144565582275,True,-0.3982664267403291,0.13726718991652373,True,False,482.97626887049387,0.3688284096527856
210.4429999999993,86.2,True,False,-65.39983550263157,-106.1309828061325,-5.8495500717883,-43.488748878226076,-124.18274508515609,0.0,28.389467033401324,0.10354081135937493,1.2559170225686969,0.08150558722471168,-1.3100226185892596,-2.4617208114691205,3.9773097233629597,1.2601778712526175,2.7885890007019043,85.27164755747252,241.98,156.70835244252746,1.3575944900512695,True,0.17131552955275686,0.025371766688037773,True,False,483.01108599646705,0.344160976343464
210.54300000000512,86.3,True,False,-65.31504084881232,-105.90359752770395,-5.846260719211129,-43.488748878226076,-124.18274508515609,0.0,28.469532075753996,0.12147021494890031,1.0935725452675837,0.023158861568215384,-1.3980018200966944,-2.6270463778021043,4.018930260155039,1.1002981072794562,2.9758665561676025,83.67882398480968,241.98,158.30117601519032,0.9075663685798645,True,-0.3483618525406722,0.10503927508674146,True,False,483.0280916374305,0.3496761213331148
210.64300000001094,86.4,True,False,-65.31803324553245,-105.86730335755304,-5.81395255915618,-43.488748878226076,-124.18274508515609,0.0,28.49514101853067,0.10120824548676052,0.8508708190981185,0.05856338370733039,-1.3999605498671486,-2.6307271126012974,3.791441930210452,0.856868869633628,2.9800360202789307,83.20394417650402,241.98,158.77605582349597,0.6480214595794678,True,-0.3803364359114738,0.12530057173764989,True,False,483.0482612599243,0.33068522795823496
210.7430000000022,86.5,True,False,-65.30689026753409,-105.77768159205598,-5.811829807850878,-43.488748878226076,-124.18274508515609,0.0,28.544310393997634,0.10859214294747274,0.8427464486830268,0.058347145096213526,-1.3494566157680359,-2.5358229606663207,3.679760513482234,0.8497139696849628,2.872530460357666,82.65471973187529,241.98,159.32528026812471,0.9016551971435547,True,0.09020255411422806,0.007038683291823917,True,False,483.0719031402947,0.3161450640521463
210.84300000000803,86.6,True,False,-65.17635871673367,-105.599721711751,-5.801687424935094,-43.488748878226076,-124.18274508515609,0.0,28.5601326713279,0.11105918737615061,0.6810491483508564,0.033867882301434976,-1.3667484990217724,-2.568316894947439,3.5696351692178294,0.6900449880769208,2.9093389511108403,80.69425075615591,241.98,161.28574924384407,0.5631917119026184,True,-0.23058605433553714,0.04600313557438896,True,False,483.08846024132845,0.31492859934420137
210.94400000000314,86.7,True,False,-65.32492710322079,-105.84027225832372,-5.7317732983331116,-43.488748878226076,-124.18274508515609,0.0,28.517801263014945,1.4958749138398198e-05,0.00020530925524050517,2.9607313619984776e-05,-1.3824835236404842,-2.597885268060397,2.9430216957654105,0.00020585347814209122,2.942833423614502,82.27852917361416,241.98,159.70147082638582,0.5617640614509583,True,0.5616445256570782,0.49280515978319883,True,True,482.9207332608809,0.0002921955684411223
211.04300000000512,86.8,True,False,-65.32630945585535,-105.84078994387896,-5.7408303004956505,-43.488748878226076,-124.18274508515609,0.0,28.51852679200401,-3.530520667505196e-06,5.254399030193427e-05,-5.414443155868121e-06,-1.4207926624544007,-2.6698736466955952,3.024425172017241,5.266246759347158e-05,3.0243804454803467,81.5903112643192,241.98,160.3896887356808,0.5884377360343933,True,0.5884788180027725,0.5410206890520792,True,True,482.9176873051124,0.00029216643911826655
211.14300000001094,86.9,True,False,-65.24774387191884,-105.71658862725327,-5.766692143899602,-43.488748878226076,-124.18274508515609,0.0,28.538619403595764,0.040768790242699866,0.22356171267021402,0.007821360863915744,-1.6180832768914422,-3.0406110710541223,3.6615043551308113,0.2272486163431861,3.444344520568847,79.74333934133968,241.98,162.23666065866033,0.8983149528503418,True,0.9088701170535358,0.9527966297749895,True,False,482.9026346033992,0.17249791631897235
211.2430000000022,87.0,True,False,-65.25094800658884,-105.66759056850658,-5.794625000913296,-43.488748878226076,-124.18274508515609,0.0,28.572788762700775,0.10811393415825885,0.5506842722567855,0.017110457341073314,-1.5283265684388387,-2.8719453136608006,3.793722551918976,0.5611967484493845,3.2532832622528076,78.92342702406387,241.98,163.05657297593612,1.1036344766616821,True,0.8785717277293521,0.7442835126432138,True,False,482.88902659309593,0.25181753530377476
211.34300000000803,87.1,True,False,-65.25107245121792,-105.54973684801395,-5.844112896209866,-43.488748878226076,-124.18274508515609,0.0,28.64939306967956,0.22988679431395348,1.1298786119937094,0.02931321378245347,-1.3838197339653653,-2.600396199336379,4.064357135815579,1.1530280204924672,2.9456777572631836,78.5379918295578,241.98,163.44200817044216,1.9779125452041626,True,1.4379698079811882,1.8525401167150324,True,False,482.8693419829568,0.2886109486016157
211.44400000000314,87.2,True,False,-65.23306663222913,-105.41200323467608,-5.85824973643188,-43.488748878226076,-124.18274508515609,0.0,28.725530529555304,0.275780758557041,1.3484107000662924,0.025393224038401878,-1.4589845328517075,-2.741641661119062,4.442740025425118,1.3763235240464233,3.105677843093872,78.44627500216697,241.98,163.533724997833,1.6446679830551147,True,0.47979140635047446,0.20099601463111033,True,False,482.8023179813989,0.33501789828187123
211.54300000000512,87.3,True,False,-65.20788378790706,-105.22888881254477,-5.886070136191021,-43.488748878226076,-124.18274508515609,0.0,28.826541395521783,0.3502254179097444,1.6743769527690273,0.025214234947191373,-1.4627336500524404,-2.748686791261639,4.7802001491428046,1.7106127625252152,3.1136584281921387,78.17475138934792,241.98,163.8052486106521,2.1596670150756836,True,0.8104207694716088,0.5684012509787211,True,False,482.82734785342655,0.3560307234041911
211.64300000001094,87.4,True,False,-65.1875510092958,-105.07448926875175,-5.886534979796095,-43.488748878226076,-124.18274508515609,0.0,28.913032602417655,0.3549857087910495,1.6898366225653407,0.01993351809929864,-1.450092629961349,-2.7249324974083393,4.769538152872488,1.7267202044364112,3.0867500305175786,78.11642257503911,241.98,163.86357742496088,1.7657127380371094,True,0.07042923990293803,0.004278321818084141,True,False,482.8422620204934,0.3952111662794332
211.7430000000022,87.5,True,False,-65.19718136310406,-104.95952101551164,-5.8855288142447835,-43.488748878226076,-124.18274508515609,0.0,28.996351228771243,0.3632505114268517,1.7561255417729429,-0.024085263545697094,-1.528297895358942,-2.87189143282202,4.999649636959874,1.7933008259963474,3.2532222270965576,78.303054602365,241.98,163.676945397635,1.8753176927566528,True,0.14808206157629566,0.018939552996572465,True,False,482.8883108258808,0.39690381823401666
211.84300000000803,87.6,True,False,-64.99666314955638,-104.61717368233545,-5.912854866145726,-43.488748878226076,-124.18274508515609,0.0,29.07579681834647,0.4703347509776838,1.8852650724685942,-0.12924199333622918,-1.527298257710194,-2.8700129699856296,5.157829669390669,1.9430489369666564,3.251094341278076,75.98013113165527,241.98,165.9998688683447,2.0373780727386475,True,0.16254305777916245,0.022866807052100018,True,False,482.9116475322959,0.4142547202995585
211.9429999999993,87.7,True,False,-64.95571609519064,-104.45751573086764,-5.912320152743349,-43.488748878226076,-124.18274508515609,0.0,29.153307780996546,0.4595268085575144,1.8056048825740953,-0.1292186872068854,-1.643288258171402,-3.0879748540064997,5.3262513875270985,1.8631623331740224,3.497997283935547,75.71109245372782,241.98,166.26890754627217,1.6735785007476807,True,-0.35077862744765387,0.1063613074890661,True,False,482.9714355346531,0.4376119077439582
212.04200000000128,87.8,True,False,-64.91673897595497,-104.3254738206494,-5.901723584088428,-43.488748878226076,-124.18274508515609,0.0,29.214208558517726,0.42246068981437185,1.6031785873637339,-0.12020056168320883,-1.8856201369703312,-3.5433512886242124,5.640390666204572,1.657906697441087,4.013838768005371,75.2094559419438,241.98,166.77054405805617,1.3381025791168213,True,-0.5864209515584164,0.2970124840144978,True,False,483.0328170370892,0.42684955697979365
212.14300000001094,87.9,True,False,-64.8705032506946,-104.17429338089964,-5.906616290641944,-43.488748878226076,-124.18274508515609,0.0,29.283400752749657,0.4380576147535449,1.5852357200866487,-0.12302008491419303,-2.029739548852542,-3.8141723802090177,5.93663462529409,1.644647914321543,4.320619583129883,74.5421427019827,241.98,167.4378572980173,1.5494822263717651,True,-0.18063376855081703,0.028156202531504783,True,False,483.0832936950636,0.403191783024796
212.2430000000022,88.0,True,False,-65.1422849476266,-104.26907840485794,-5.870947377984575,-43.488748878226076,-124.18274508515609,0.0,29.4181873160609,0.3581024402088461,1.541617072542111,-0.03908590877628202,-2.1598463369857828,-4.058661737504171,6.140292240181189,1.5826624896157861,4.597572326660156,76.90873499975714,241.98,165.07126500024285,1.4998642206192017,True,-0.1502099756685833,0.019546233046368978,True,False,483.0994030618466,0.38871459320400237
212.34300000000803,88.1,True,False,-65.10850880082496,-104.14634051482466,-5.858826474734646,-43.488748878226076,-124.18274508515609,0.0,29.476626795086496,0.32529293355884314,1.3856771884628363,-0.035247199592111596,-2.22563111859821,-4.182280798484705,6.124489339062178,1.4233470283980605,4.737605571746826,76.77431841137992,241.98,165.20568158862005,1.199907898902893,True,-0.40460772996643724,0.1415333288239538,True,False,483.15930470243967,0.3861833624617859
212.4429999999993,88.2,True,False,-65.08446343082049,-104.0794214895529,-5.8269556210130995,-43.488748878226076,-124.18274508515609,0.0,29.5045506087904,0.24284495679349408,1.0155511371927888,-0.025430197717161863,-2.2789850000331646,-4.282540411133625,5.867657146220809,1.0441828313535904,4.85117769241333,76.49458115373464,241.98,165.48541884626533,0.5607311129570007,True,-0.8755041091744984,0.6617582355619536,True,False,483.2096341320671,0.3692809660740417
212.54300000000512,88.3,True,False,-65.04915191034945,-104.0120131804321,-5.81158782587017,-43.488748878226076,-124.18274508515609,0.0,29.52472530744096,0.20546970719907381,0.7981585445886815,-0.023297526137704756,-2.2765800454568157,-4.278021155780911,5.650501864888064,0.824181328881209,4.846058368682861,75.53988425336951,241.98,166.44011574663048,0.5663523077964783,True,-0.4675641097032759,0.18860063249018558,True,False,483.22029686041253,0.33195860524114174
212.64300000001094,88.4,True,False,-65.02993652521182,-103.95888823785587,-5.800068099601783,-43.488748878226076,-124.18274508515609,0.0,29.547032863262988,0.18371995690518048,0.6914972713868893,-0.02032764320879693,-2.264049909541888,-4.254475229233832,5.518534343100773,0.7154868963864779,4.819386005401611,75.08556950835197,241.98,166.89443049164802,0.5220120549201965,True,-0.3512692078931161,0.10634776093048243,True,False,483.2489425438154,0.32118556110741986
212.7430000000022,88.5,True,False,-64.99407094099277,-103.85948477882533,-5.814643341753421,-43.488748878226076,-124.18274508515609,0.0,29.589082217976937,0.22995725598695668,0.840463036957896,-0.029379207412765226,-2.2749187988902912,-4.274899434684065,5.695729739601447,0.8713543803031809,4.842522144317627,74.64314074980145,241.98,167.33685925019856,1.0315146446228027,True,0.28979127262459403,0.07229667515521478,True,False,483.27744500036897,0.3138137082514183
212.84300000000803,88.6,True,False,-64.71543092383138,-103.55876471834002,-5.859469197512668,-43.488748878226076,-124.18274508515609,0.0,29.59595575135287,0.3289882744470996,1.0241770099729959,-0.1401777376404316,-2.2925576712124673,-4.3080454113032385,5.9418094125581895,1.0757192163761444,4.880069255828857,72.167944030128,241.98,169.81205596987198,1.1399016380310059,True,0.09916552987799943,0.008535674258123084,True,False,483.2790145895971,0.3307748381563052
212.94200000001,88.7,True,False,-64.68105727786791,-103.45464003521256,-5.873293313110657,-43.488748878226076,-124.18274508515609,0.0,29.64402594566102,0.3772126775626171,1.1269295460525832,-0.15918010886600104,-2.2910819036315258,-4.305272231882254,6.052157642380809,1.1883852935307808,4.876927852630615,71.49043827594994,241.98,170.48956172405005,1.1748063564300537,True,-0.043710098949999665,0.0016522622697598597,True,False,483.3247076757183,0.34699590712291667
213.04300000000512,88.8,True,False,-64.90578835919001,-103.44598932126276,-5.8843161074666686,-43.488748878226076,-124.18274508515609,0.0,29.811115707744506,0.38642723038160265,1.31615175998188,-0.1696465798110202,-2.2982891510737256,-4.318815685842597,6.241839485628914,1.3717074978594366,4.892269611358643,73.62724920567608,241.98,168.3527507943239,1.468468189239502,True,0.15587808337872722,0.02102163317116596,True,False,483.286004712443,0.3526340040181137
213.14300000001094,88.9,True,False,-64.70807970858135,-103.23543799632066,-5.90601184960509,-43.488748878226076,-124.18274508515609,0.0,29.816936045845505,0.45687124765548415,1.3629040102542491,-0.21788232734931512,-2.2869399876370498,-4.29748897634279,6.290353635339947,1.437441712940526,4.8681111335754395,71.4629072737683,241.98,170.5170927262317,1.3717859983444214,True,-0.1481584102193727,0.019000096774186,True,False,483.30950832720816,0.37233562015274924
213.2430000000022,89.0,True,False,-64.8043507503994,-103.1739641944321,-5.90967430621439,-43.488748878226076,-124.18274508515609,0.0,29.92864443451203,0.43413231416406894,1.377773481019136,-0.1976807377399325,-2.3066238329778073,-4.33447775122155,6.335736610555336,1.4445520520912487,4.910011291503906,72.50357212173006,241.98,169.47642787826993,1.2912925481796265,True,-0.30107402921775983,0.07843088915367183,True,False,483.3485562283555,0.3804766118375449
213.34300000000803,89.1,True,False,-64.75992607410008,-103.04985742895718,-5.919069350843622,-43.488748878226076,-124.18274508515609,0.0,29.984361256958504,0.4433717333718991,1.3834422178398977,-0.20241924600089903,-2.370007468157309,-4.4535847128982695,6.4796593985918545,1.4527528571835533,5.044933319091798,72.22177658714126,241.98,169.75822341285874,1.3246409893035889,True,-0.2568788055922202,0.0570535247676024,True,False,483.41070439043256,0.3818246551742238
213.44200000001,89.2,True,False,-64.89655037533558,-102.99803859879512,-5.919334635167605,-43.488748878226076,-124.18274508515609,0.0,30.117864364076485,0.42249205932484935,1.426672485389229,-0.12465335619585735,-2.386966474874118,-4.4854531243166695,6.545707485086983,1.487915965624145,5.081033229827881,73.49628246164691,241.98,168.48371753835306,1.4525551795959473,True,-0.07316327596367356,0.0046382261514888844,True,False,483.4656259426664,0.375670658134701
213.54400000000896,89.3,True,False,-64.81829727172317,-102.86823533074107,-5.914655461882601,-43.488748878226076,-124.18274508515609,0.0,30.153904568755056,0.4341963780408288,1.3895877977334123,-0.06876638125168207,-2.4021611911435232,-4.514006180373858,6.549606562123698,1.4558436531143615,5.113377571105957,72.63502598923216,241.98,169.34497401076783,1.3688085079193115,True,-0.15995060970703534,0.02215770492927521,True,False,483.50280443285055,0.37638771060367876
213.64300000001094,89.4,True,False,-64.89254507127501,-102.7955311939789,-5.89748114173148,-43.488748878226076,-124.18274508515609,0.0,30.257815676293262,0.3928835365607195,1.2809158630217816,5.799149496498211e-05,-2.4112514535045744,-4.531088090043489,6.453104911045132,1.3398145100876069,5.13272762298584,72.93767419966039,241.98,169.0423258003396,1.2674041986465454,True,-0.13056102114374246,0.014771763304002266,True,False,483.51090041179964,0.36122032148919553
213.7430000000022,89.5,True,False,-64.81261263147799,-102.67780952923555,-5.884262030609242,-43.488748878226076,-124.18274508515609,0.0,30.284805078315202,0.3932697021760652,1.2167405785608052,0.056080026786061776,-2.4279848837256326,-4.562532610800546,6.431133339913136,1.2787175975038954,5.168347358703613,72.07345251881922,241.98,169.90654748118075,1.278604507446289,True,-0.0024204479769347476,5.0760682671473665e-06,True,False,483.49301107601707,0.348065157432419
213.84300000000803,89.6,True,False,-64.89329718330727,-102.60264976632247,-5.869979638075066,-43.488748878226076,-124.18274508515609,0.0,30.39498646346957,0.3435927257964148,1.1113096076199132,0.07223716426865003,-2.4338675692816594,-4.57358702257566,6.327111140697954,1.163213224309514,5.1808695793151855,72.81985053802099,241.98,169.160149461979,1.1115254163742065,True,-0.09735406482005571,0.008203394936442402,True,False,483.4650578213099,0.3399548419732913
213.94400000000314,89.7,True,False,-64.85954481773636,-102.53269136101304,-5.847741059377629,-43.488748878226076,-124.18274508515609,0.0,30.420975417406815,0.2692281582954436,0.8560158262758407,0.07575812007567778,-2.432743942963201,-4.57147556720595,6.062863684951111,0.89735550148972,5.17847776412964,72.53573025906992,241.98,169.44426974093005,0.7147797346115112,True,-0.3354334213326464,0.09736359979257211,True,False,483.46957478372406,0.327524732573196
214.04300000000512,89.8,True,False,-64.83441154618396,-102.47856914336151,-5.828814369739267,-43.488748878226076,-124.18274508515609,0.0,30.44188837846012,0.19334097280759094,0.6019919968097601,0.05339783155084038,-2.408575000702952,-4.526058650498571,5.750380002623193,0.6322777048016068,5.127030372619629,72.17287869946513,241.98,169.80712130053485,0.43986910581588745,True,-0.35174882793685747,0.10698611038971323,True,False,483.5044911304916,0.31220107700209004
214.14300000001094,89.9,True,False,-64.82017148641573,-102.5139419100294,-5.783135007001489,-43.488748878226076,-124.18274508515609,0.0,30.406687118651465,4.1954850021729055e-05,0.00016122683477470343,9.313595179612098e-06,-2.3706978621592003,-4.4548820624695304,5.0465649693160834,0.00016659622352206937,5.046402931213379,71.4711959590955,241.98,170.5088040409045,0.38730114698410034,True,0.3871952374057411,0.23421364848861367,True,True,483.40829463086783,0.0002921951476953102
214.24400000000605,90.0,False,True,-44.516137703959,-123.3813869451771,-0.37049094236451463,-43.488748878226076,-124.18274508515609,0.0,1.302959196502888,-2.367768700465884e-05,-4.021303233980686e-05,-1.0113764982722668e-05,-2.3657062821643433,-4.445502166137141,5.035730946111898,4.6666056527769116e-05,5.035777568817139,69.8747318984136,241.98,172.1052681015864,0.0,False,0.0,0.0,False,True,25.512587729237822,0.00029986786391373536
214.34300000000803,90.1,False,True,-44.5090310946968,-123.38128402372341,-0.37032752836392935,-43.488748878226076,-124.18274508515609,0.0,1.2974265429068452,-0.04074003469693031,-0.04474912060108839,-0.005393092707416292,-2.4356226753831582,-4.576885119230702,5.125984741757888,0.06051639630445488,5.184605598449707,67.94628910626298,241.98,174.033710893737,0.0,False,0.0,0.0,False,False,25.512793110355204,0.6804592483225286
214.4429999999993,90.2,False,True,-44.50988168533433,-123.38625460399163,-0.371174056270518,-43.488748878226076,-124.18274508515609,0.0,1.2950325464398038,-0.06713399778710469,-0.10291442911242846,-0.014710190260742568,-2.421829355893712,-4.55096548916891,5.032866823427618,0.1228753570835749,5.15524435043335,67.02318800622993,241.98,174.95681199377006,0.0,False,0.0,0.0,False,False,25.520091367884582,1.3692791727431266
214.54200000000128,90.3,False,True,-44.51889996541901,-123.3971315537125,-0.37280741567695613,-43.488748878226076,-124.18274508515609,0.0,1.2955307341904507,-0.07369288754456456,-0.08999701878536706,-0.02603607277077045,-2.388944917387001,-4.489170902192525,4.971229507691345,0.11631897981374127,5.085244655609131,67.42206660839189,241.98,174.5579333916081,0.0,False,0.0,0.0,False,False,25.548432539160302,2.065084056482161
214.64300000001094,90.4,False,True,-44.5289976718473,-123.41084582781814,-0.37720589205896826,-43.488748878226076,-124.18274508515609,0.0,1.295355555864601,-0.1130157934925008,-0.15614325685157995,-0.06517967294587265,-2.402852929196035,-4.515306055609438,4.923987653733649,0.19275187739412047,5.114850044250488,67.78396625459304,241.98,174.19603374540694,0.0,False,0.0,0.0,False,False,25.611964029304268,2.769529997696793
214.7430000000022,90.5,False,True,-44.5429085147645,-123.43327442421304,-0.38377653914201765,-43.488748878226076,-124.18274508515609,0.0,1.293429090024353,-0.1548412541651184,-0.1945908012635365,-0.07171831686326276,-2.3842196834233733,-4.4802915083391195,4.830875565719961,0.24867929935523778,5.075186252593994,68.2334501097921,241.98,173.7465498902079,0.0,False,0.0,0.0,False,False,25.725041935670717,3.4821250461619897
214.84300000000803,90.6,False,True,-44.55915204605515,-123.45527132865173,-0.38954827561498306,-43.488748878226076,-124.18274508515609,0.0,1.2942105733230056,-0.17968360939949907,-0.23444763474993294,-0.0447116335511837,-2.3856797704137462,-4.483035221676395,4.787161533330081,0.29538431394823544,5.078294277191162,67.44084372435965,241.98,174.53915627564032,0.0,False,0.0,0.0,False,False,25.90228034174763,4.202917837267369
214.9429999999993,90.7,False,True,-44.57623113237253,-123.47907531946642,-0.393669042460113,-43.488748878226076,-124.18274508515609,0.0,1.2952871466316642,-0.17966700537255315,-0.21209358868123143,-0.0395294037449652,-2.3507517029390743,-4.41740036210474,4.73267512329012,0.2779638882646888,5.003944396972656,66.99596940566676,241.98,174.9840305943332,0.0,False,0.0,0.0,False,False,26.15857562818853,4.929294344627276
215.04400000000896,90.8,False,True,-44.59809832128293,-123.49779490055651,-0.3975760230130677,-43.488748878226076,-124.18274508515609,0.0,1.3037687456729226,-0.17246672037385669,-0.24403640172668967,-0.03500143833135891,-2.3349409634687595,-4.387689709901877,4.673987333145015,0.2988286047289053,4.9702887535095215,66.34303968029113,241.98,175.63696031970886,0.0,False,0.0,0.0,False,False,26.50889828919124,5.664246716648091
215.14300000001094,90.9,False,True,-44.614238316617275,-123.52650890632424,-0.402547148781928,-43.488748878226076,-124.18274508515609,0.0,1.302832452135715,-0.20388409821275427,-0.2803645655420355,-0.06645602218678878,-2.328922528800096,-4.37638020603066,4.614448229051937,0.34665979737431674,4.957477569580078,66.0842529870077,241.98,175.89574701299227,0.0,False,0.0,0.0,False,False,26.968521242546046,6.407413300823988
215.24400000000605,91.0,False,True,-44.63504500163492,-123.55686537588302,-0.40945693840463904,-43.488748878226076,-124.18274508515609,0.0,1.3060322404220666,-0.22510350378820848,-0.30857126354787084,-0.07222057735962467,-2.2939449554609146,-4.3106523178232985,4.50519230634493,0.38195263070864893,4.88302230834961,65.45574755782249,241.98,176.5242524421775,0.0,False,0.0,0.0,False,False,27.552981792611895,7.158842111855643
215.34400000001187,91.1,False,True,-44.65411998544693,-123.59274575853134,-0.4146928009152978,-43.488748878226076,-124.18274508515609,0.0,1.3062117067929007,-0.2531311014683285,-0.31683737088041075,-0.035189527355452804,-2.310402855304839,-4.341579077395199,4.5200567334153146,0.40553825234739593,4.918055534362793,65.25174950487053,241.98,176.72825049512946,0.0,False,0.0,0.0,False,False,28.27815405502838,7.919667079333864
215.4429999999993,91.2,False,True,-44.67731573368688,-123.63084711797477,-0.4164368291412896,-43.488748878226076,-124.18274508515609,0.0,1.3104512719208068,-0.291894165920824,-0.3582029786460878,-0.0015556990994156313,-2.3106051349231733,-4.341959189875033,4.466039355723996,0.4620731305859963,4.91848611831665,65.05010044587938,241.98,176.9298995541206,0.0,False,0.0,0.0,False,False,29.160131516418783,8.689782879082252
215.54300000000512,91.3,False,True,-44.705280610198315,-123.67521466821421,-0.4157926491579691,-62.61338202889922,-161.34839548790376,0.0,41.71293144212598,-0.3477992431618277,-0.4306422410350082,0.0119354873536004,-3.409869862358045,-3.4385566520390696,4.292298403055246,0.5535495039358217,4.842611312866211,64.71815217313522,225.24,160.52184782686476,0.0,False,0.0,0.0,False,False,30.215243421074312,9.469387523754165
215.6420000000071,91.4,False,True,-44.7394988247391,-123.72353196405163,-0.41243176889477023,-62.61338202889922,-161.34839548790376,0.0,41.65460425912669,-0.3740190887689545,-0.4691782884077272,0.054717725245079694,-3.4284588501945796,-3.457302026601777,4.272994936919141,0.6000154540316137,4.869010925292969,64.55770582537535,225.24,160.68229417462464,0.0,False,0.0,0.0,False,False,31.46007101446414,10.256432727847502
215.74400000000605,91.5,False,True,-44.777777488622085,-123.7736883312614,-0.4049730178754747,-62.61338202889922,-161.34839548790376,0.0,41.59287688083844,-0.3882714945900984,-0.49998771037540496,0.09523205293673911,-3.4264170967982577,-3.45524309620087,4.238379772468153,0.6330422292688448,4.8661112785339355,64.37008110954037,225.24,160.86991889045964,0.0,False,0.0,0.0,False,False,32.9114341320828,11.050999138845457
215.84400000001187,91.6,False,True,-44.82004494700798,-123.82261540596242,-0.3945639789810976,-62.61338202889922,-161.34839548790376,0.0,41.530555200575286,-0.3715851090500648,-0.49276488494306037,0.11528650666828585,-3.3789971139550845,-3.4074241752370615,4.188050351385948,0.6171650711930285,4.798766613006592,64.1279554792566,225.24,161.1120445207434,0.0,False,0.0,0.0,False,False,34.58622887683782,11.849868254703724
215.9429999999993,91.7,False,True,-44.861496997985356,-123.86515247110512,-0.3837292854673499,-62.61338202889922,-161.34839548790376,0.0,41.4743647233706,-0.33097092788514515,-0.4408019938922278,0.10450355769275455,-3.3292419239302933,-3.3572504012986912,4.18273837082709,0.5512242310752654,4.728105545043945,63.58676335577243,225.24,161.65323664422758,0.0,False,0.0,0.0,False,False,36.501334248014736,12.652845545624988
216.04400000000896,91.8,False,True,-44.8970107826762,-123.8986137345031,-0.3741471388321551,-62.61338202889922,-161.34839548790376,0.0,41.428926651692755,-0.2716378626027349,-0.35405308585071954,0.08934557632680298,-3.3568873522139566,-3.385128406958861,4.325064394361907,0.44625185265699374,4.767366886138916,62.972954656383,225.24,162.267045343617,0.0,False,0.0,0.0,False,False,38.6736866859227,13.462414509180638
216.14400000000023,91.9,False,True,-44.92036737079683,-123.9307527098568,-0.3650706804917216,-62.61338202889922,-161.34839548790376,0.0,41.389887155648964,-0.22788750499657734,-0.26332293010534996,0.0918670592671029,-3.307581744132542,-3.3354079972380233,4.349968191408624,0.348240836854083,4.6973443031311035,62.56775166619003,225.24,162.67224833381,0.0,False,0.0,0.0,False,False,41.12080627602398,14.282441982873571
216.2430000000022,92.0,False,True,-44.94074769191956,-123.9517078043486,-0.35535715419718455,-62.61338202889922,-161.34839548790376,0.0,41.3622322186552,-0.17740822100398063,-0.16595658419111972,0.1024207590994976,-3.282770797376876,-3.3103883192286445,4.419358286793276,0.24293057591867978,4.662108421325684,62.077740225939415,225.24,163.16225977406057,0.0,False,0.0,0.0,False,False,43.8608843904532,15.112098771450581
216.34300000000803,92.1,False,True,-44.95044061126672,-123.96875345421056,-0.34601816366025884,-62.61338202889922,-161.34839548790376,0.0,41.34267937724599,-0.14732734788176352,-0.07992567713774086,0.085413102683463,-3.327442588878346,-3.3554359286760205,4.565314923852584,0.16761104170012356,4.725550174713135,62.07970731965825,225.24,163.16029268034177,0.0,False,0.0,0.0,False,False,46.91204842675994,15.949648508946192
216.4429999999993,92.2,False,True,-44.96225139041762,-123.974294484765,-0.3370938578830175,-62.61338202889922,-161.34839548790376,0.0,41.33262438570241,-0.11219795190539962,-0.007750694034586415,0.09295615592925591,-3.2264494949662152,-3.2535931930587103,4.49822811804024,0.11246534430563104,4.582122325897217,61.75580129390073,225.24,163.48419870609928,0.0,False,0.0,0.0,False,False,50.292691968959005,16.798069173430505
216.54300000000512,92.3,False,True,-44.976041765564005,-123.96824511371352,-0.328877109106797,-62.61338202889922,-161.34839548790376,0.0,41.33220794443166,-0.05595180963351444,0.07333799576600676,0.07114374675056723,-3.1879899253589645,-3.214810068116775,4.541099035296755,0.0922446021414796,4.52750301361084,61.430618550407964,225.24,163.80938144959205,0.0,False,0.0,0.0,False,False,54.021310499915494,17.652864301803866
216.64300000001094,92.4,False,True,-44.971925441712884,-123.96074822570334,-0.3220312950789985,-62.61338202889922,-161.34839548790376,0.0,41.34074453030935,-0.02534549551712371,0.16346972224417367,0.066358957984319,-3.1695295334031717,-3.196194371295154,4.6014384800315264,0.16542292535678307,4.501286029815674,61.293706581616675,225.24,163.94629341838333,0.0,False,0.0,0.0,False,False,58.1167778092141,18.518375704507996
216.7430000000022,92.5,False,True,-44.97090652246172,-123.94460225587153,-0.3183895417553055,-62.61338202889922,-161.34839548790376,0.0,41.355781822374816,0.01053708313044693,0.22658138753684237,0.005340280485520726,-3.106104231920092,-3.132235481036683,4.582041449320817,0.22682626677485723,4.411211013793945,60.6393765975915,225.24,164.6006234024085,0.0,False,0.0,0.0,False,False,62.598080131752354,19.387914505007018
216.84300000000803,92.6,False,True,-44.967028501083284,-123.92140643891571,-0.3184879795500206,-62.61338202889922,-161.34839548790376,0.0,41.37841589647594,0.04241334216779864,0.2856913891000398,-0.008269117655630076,-3.0727183238112494,-3.0985687016445103,4.59970234452097,0.28882254309480954,4.363797187805176,60.383953031525024,225.24,164.856046968475,0.0,False,0.0,0.0,False,False,67.48464462438648,20.270281262230064
216.9429999999993,92.7,False,True,-44.96206556082814,-123.88857211003811,-0.3201026088106994,-62.61338202889922,-161.34839548790376,0.0,41.410232317108374,0.09660335020192962,0.3727939782415032,-0.024432320901542685,-3.0241896631659624,-3.0496317757170783,4.631667850099444,0.38510720258567355,4.294878005981445,60.32177807228397,225.24,164.91822192771602,0.0,False,0.0,0.0,False,False,72.79626791360778,21.16212746881102
217.04300000000512,92.8,False,True,-44.94361803779842,-123.85586367118884,-0.3251685047867143,-62.61338202889922,-161.34839548790376,0.0,41.44768391030532,0.12716215579461787,0.4435753020808997,-0.07971696794523606,-3.068229555326555,-3.094042169736974,4.767102428563181,0.46144258850099223,4.357422351837158,59.83525324510071,225.24,165.4047467548993,0.0,False,0.0,0.0,False,False,78.55267490815652,22.058945274074155
217.14300000001094,92.9,False,True,-44.92711461660735,-123.83310709729,-0.33331344375838984,-62.61338202889922,-161.34839548790376,0.0,41.475304917625586,0.13556799366156214,0.4770569221242478,-0.09418709123356586,-3.082889149971648,-3.108825093636663,4.818403907557063,0.49594554928145285,4.378241539001465,59.059042477915,225.24,166.180957522085,0.0,False,0.0,0.0,False,False,84.77395380391303,22.967352858932188
217.2430000000022,93.0,False,True,-44.913671308262984,-123.7934281304516,-0.34267729818888504,-62.61338202889922,-161.34839548790376,0.0,41.516928268039074,0.1407794273797692,0.4944842246409284,-0.095712567589113,-3.06270597612529,-3.0884721213854984,4.806235003409739,0.5141337331785533,4.349577903747559,59.31792319082018,225.24,165.92207680917983,0.0,False,0.0,0.0,False,False,91.48125952767415,23.885301452039524
217.34300000000803,93.1,False,True,-44.88726011398495,-123.74536064564414,-0.3511441139097438,-62.61338202889922,-161.34839548790376,0.0,41.57166856755445,0.14794327227591994,0.5278392592282033,-0.0760985520400329,-3.053616631249146,-3.0793063090383583,4.823016169009236,0.5481801669107388,4.336669445037842,59.37317035750058,225.24,165.86682964249945,0.0,False,0.0,0.0,False,False,98.69561011397033,24.815301016852487
217.4429999999993,93.2,False,True,-44.87438724086452,-123.69541777365181,-0.3580632464262065,-62.61338202889922,-161.34839548790376,0.0,41.6223337505224,0.14792520892425026,0.5192067557450977,-0.06230058310642302,-3.023596711924735,-3.049033836054522,4.7739807514685415,0.539868060406089,4.294035911560059,59.13456936361007,225.24,166.10543063638994,0.0,False,0.0,0.0,False,False,106.4383851295348,25.751508663436788
217.54300000000512,93.3,False,True,-44.84640972900527,-123.66108449043297,-0.3627022019626264,-62.61338202889922,-161.34839548790376,0.0,41.665317890606346,0.13595910292839936,0.5296057689970067,-0.04396368479143028,-2.9399939445064533,-2.9647277294759533,4.655303829888446,0.5467788842155538,4.175305366516113,58.067339977955896,225.24,167.1726600220441,0.0,False,0.0,0.0,False,False,114.73098937979069,26.69873274326549
217.6420000000071,93.4,False,True,-44.82588506325114,-123.62728726473772,-0.3664072897321998,-62.61338202889922,-161.34839548790376,0.0,41.70464067566995,0.10039346960916203,0.4971148778886882,-0.039347375787065486,-2.972126126717933,-2.997130235538577,4.652969544551558,0.507150914973493,4.220938682556152,58.144400563203746,225.24,167.09559943679628,0.0,False,0.0,0.0,False,False,123.59469763881782,27.65134722735312
217.7430000000022,93.5,False,True,-44.81035900889657,-123.58667213644672,-0.37079436355031387,-62.61338202889922,-161.34839548790376,0.0,41.74799850439204,0.0846664889566473,0.4822829842367904,-0.05031617093455237,-2.968281009155907,-2.9932527695048345,4.62599580650135,0.4896583413325972,4.21547794342041,58.47962194608477,225.24,166.76037805391525,0.0,False,0.0,0.0,False,False,133.05113616563196,28.61176149988981
217.8420000000042,93.6,False,True,-44.762210960236835,-123.52281134181922,-0.37540342057868836,-62.61338202889922,-161.34839548790376,0.0,41.82629704522229,0.05590450172858483,0.47298207187214164,-0.038382009265701254,-2.9157168553235793,-2.9402464003133826,4.525556550638438,0.4762744519979894,4.140827655792236,58.12233414501528,225.24,167.11766585498475,0.0,False,0.0,0.0,False,False,143.1222067528059,29.584735062396547
217.9429999999993,93.7,False,True,-44.76006865591143,-123.4664752172786,-0.37812745325810315,-62.61338202889922,-161.34839548790376,0.0,41.87816473753483,0.06671199256310308,0.47813574067821835,-0.016102529201611804,-2.856469409046952,-2.8805005130114134,4.4525753212401975,0.48276731089174624,4.056685924530029,57.35583320732582,225.24,167.8841667926742,0.0,False,0.0,0.0,False,False,153.83129081832976,30.567027130782503
218.04300000000512,93.8,False,True,-44.748268039314524,-123.4913681775548,-0.37735006229596524,-62.61338202889922,-161.34839548790376,0.0,41.86068339907223,0.0630232523887585,0.48924037029184053,-0.01487189228522287,-2.8709043806000962,-2.895056924094426,4.478995370884612,0.49328295152473534,4.077186107635498,56.45372681719405,225.24,168.78627318280596,0.0,False,0.0,0.0,False,False,165.19940643763994,31.55799698814468
218.14300000001094,93.9,False,True,-44.7702960381991,-123.44027919855415,-0.3780395405928113,-62.61338202889922,-161.34839548790376,0.0,41.89750587181022,0.04712738852128022,0.4853489873243107,0.02125606773531573,-2.8087719209937703,-2.832401752222519,4.377628448812447,0.4876316542694594,3.9889471530914307,57.04716765587915,225.24,168.1928323441209,0.0,False,0.0,0.0,False,False,177.249703193338,32.5589168469561
218.24400000000605,94.0,False,True,-44.76922657827341,-123.40430317285781,-0.3747409299751906,-62.61338202889922,-161.34839548790376,0.0,41.93051425106575,0.043229035044185266,0.48342862641772844,0.04268385487755934,-2.776817691306555,-2.800178695775498,4.32836465482779,0.48535758602393664,3.9435665607452393,56.98329804628189,225.24,168.25670195371814,0.0,False,0.0,0.0,False,False,190.0083124456885,33.569636604909434
218.34300000000803,94.1,False,True,-44.76074486198807,-123.36610284712113,-0.37108454319973516,-62.61338202889922,-161.34839548790376,0.0,41.96869318984602,0.033679370282752134,0.4692714080501038,0.02710269262392073,-2.7732012259502348,-2.7965318055685957,4.3062802174953125,0.4704784313823214,3.9384305477142334,57.0872033498864,225.24,168.1527966501136,0.0,False,0.0,0.0,False,False,203.4961629324083,34.58416427086766
218.4429999999993,94.2,False,True,-44.75900927395711,-123.32685429253883,-0.36950119237168877,-62.61338202889922,-161.34839548790376,0.0,42.00495472373767,0.06441315843897938,0.5098308197692558,0.0020154375775740968,-2.7390153708809026,-2.7620583493666615,4.3086506303149665,0.5138837609485987,3.8898806571960454,57.22044140545498,225.24,168.01955859454503,0.0,False,0.0,0.0,False,False,217.73635937131667,35.608236621904055
218.54300000000512,94.3,False,True,-44.751727993777166,-123.28300120338788,-0.3676112278863564,-62.61338202889922,-161.34839548790376,0.0,42.047745800530684,0.08199503842368006,0.5290129716862353,0.03150870190292072,-2.705672439985467,-2.728434908749578,4.287430076856739,0.5353297213292032,3.8425278663635254,57.1430727103306,225.24,168.09692728966942,0.0,False,0.0,0.0,False,False,232.75350645284823,36.64921237345353
218.64300000001094,94.4,False,True,-44.73906387387935,-123.23577728569025,-0.3654370480994236,-62.61338202889922,-161.34839548790376,0.0,42.09587765725487,0.06311783624682048,0.49469038591857917,0.00815154159501945,-2.663676315778075,-2.686085476635671,4.189599197456113,0.49870075112511436,3.782886028289795,56.87501202686684,225.24,168.36498797313317,0.0,False,0.0,0.0,False,False,248.57228291956864,37.68912184430312
218.7430000000022,94.5,False,True,-44.7111707365075,-123.1956056782956,-0.3657747976970467,-62.61338202889922,-161.34839548790376,0.0,42.144092580260605,0.06129383773611804,0.5012099764070657,-0.02694612354349847,-2.614771940274954,-2.636769675010391,4.124105277627139,0.5049439325255755,3.7134332656860347,55.79148608329332,225.24,169.4485139167067,0.0,False,0.0,0.0,False,False,265.21667086749426,38.73878424664545
218.84300000000803,94.6,False,True,-44.70951307702315,-123.1452089543999,-0.3691211669469629,-62.61338202889922,-161.34839548790376,0.0,42.19042527351013,0.09388703538592301,0.5454350735300818,-0.03905713787005452,-2.5955802641722796,-2.617416541843897,4.151730325571096,0.5534565880449192,3.6861777305603027,55.42468876227566,225.24,169.81531123772436,0.0,False,0.0,0.0,False,False,282.709741469134,39.80164465226429
218.94400000000314,94.7,False,True,-44.68338481815792,-123.14739102795342,-0.37045399307761484,-62.61338202889922,-161.34839548790376,0.0,42.19954433079031,0.11187028506161958,0.5943070611704799,-0.03166501129251784,-2.5637845129595034,-2.5853532971300166,4.155642981816545,0.6047444448995465,3.641022205352783,54.29475726456645,225.24,170.94524273543357,0.0,False,0.0,0.0,False,False,301.07886465878295,40.88025801728112
219.04300000000512,94.8,False,True,-44.697787315520834,-123.11924295703993,-0.3720836690442856,-62.61338202889922,-161.34839548790376,0.0,42.21891326363202,0.10294480466924863,0.6128626373813203,-0.008662236293010408,-2.5275213139889963,-2.548785020604054,4.112829672458291,0.6214485055950955,3.589522123336792,54.96619480015115,225.24,170.27380519984885,0.0,False,0.0,0.0,False,False,320.34798337998564,41.967362438216924
219.14300000001094,94.9,False,True,-44.712274398339424,-123.07120440438625,-0.37391644682916636,-62.61338202889922,-161.34839548790376,0.0,42.2562777779231,0.09291448728463003,0.6088194521763396,-0.019263189531460424,-2.398394093870435,-2.4185714700520275,3.9206777784622378,0.61586867698858,3.406138896942139,55.830671433584065,225.24,169.40932856641592,0.0,False,0.0,0.0,False,False,340.54565531946184,43.05677758604834
