timestamp,relative_t_s,is_blackout,gnss_available,pos_est_e,pos_est_n,pos_est_u,pos_ref_e,pos_ref_n,pos_ref_u,pos_err_2d,vel_est_e,vel_est_n,vel_est_u,vel_ref_e,vel_ref_n,vel_err_2d,speed_est,speed_ref,heading_est_deg,heading_ref_deg,heading_err_deg,ai_speed,ai_accepted,ai_innovation,ai_nis,nhc_active,zupt_active,pos_cov_trace,vel_cov_trace
1123.024000000005,0.0,False,True,0.0005631792677314494,0.0003454653051067052,2.0696062871350766e-09,0.0,0.0,0.0,0.0006606944563374212,0.02133539532360567,0.012860063969440182,1.5637626041290039e-07,0.021217561911478233,0.013242761892077067,0.0004004277875025429,0.024911449956046883,0.02501111105084419,32.29299217820419,31.970000000000002,0.3229921782041867,0.0,False,0.0,0.0,False,False,19.85347877961971,1.426659501002164
1123.1240000000107,0.1,False,True,0.001974741717384163,0.001494342452937106,0.0003215981421686367,0.0,0.0,0.0,0.0024764216557418973,0.01810568632130388,-0.007337150230011975,0.0064077814655728255,0.01545837467534109,0.009648213867273402,0.01719042909494121,0.01953585551398288,0.018222222104668617,32.35015084863111,31.970000000000002,0.38015084863110615,0.0,False,0.0,0.0,False,False,19.871897525324904,2.1042751672241686
1123.2230000000127,0.2,False,True,0.0041317379069379006,0.002109076728478627,0.001441311997613022,0.0,0.0,0.0,0.004638907498348905,0.04035381876845397,-0.0038708960659702193,0.015392855597008738,0.015618614004994463,0.009748225890200394,0.028236693105732447,0.0405390493913063,0.01841111108660698,32.46210169272817,31.970000000000002,0.492101692728163,0.0,False,0.0,0.0,False,False,19.925661259403586,2.7824120036070465
1123.3240000000078,0.3,False,True,0.008861201570059445,0.002247545066658942,0.0027163531351931383,0.0,0.0,0.0,0.009141791514352475,0.055478519846085504,0.005090777279036993,0.010058877199571674,0.01864430874602791,0.01163668768335013,0.037411335854055,0.055711598232479946,0.021977778524160385,32.42524997973336,31.970000000000002,0.45524997973335257,0.0,False,0.0,0.0,False,False,20.028349693526714,3.461008475853731
1123.4230000000098,0.4,False,True,0.01737927331047022,0.004695184099501987,0.0033049324209450536,0.0,0.0,0.0,0.018002330252726694,0.11553844820355208,0.04313232351634983,0.0016913302329899203,0.008136855160180539,0.005078549358599808,0.11394381034484953,0.12332692465639428,0.009591666981577873,32.46195472833291,31.970000000000002,0.4919547283329118,0.0,False,0.0,0.0,False,False,20.19355808385276,4.140180413581311
1123.524000000005,0.5,False,True,0.032140759491720496,0.010126623928639427,0.003816051147498474,0.0,0.0,0.0,0.0336983224047832,0.16957269392232394,0.08141821860305759,0.008846491218013001,0.013017082846037874,0.008124502210890948,0.17286303312751602,0.18810588732033198,0.015344444662332533,32.22459493196187,31.970000000000002,0.25459493196186533,0.0,False,0.0,0.0,False,False,20.4348987559276,4.820058123511243
1123.6230000000069,0.6,False,True,0.05220882772854189,0.016118762749144335,0.0026844937167198194,0.0,0.0,0.0,0.054640426474834254,0.1821345221485017,0.11660836285109549,-0.03049281954785726,0.024264463567512103,0.015144459801939356,0.1876642720880393,0.2162648710379839,0.028602777048945427,32.37182946290932,31.970000000000002,0.4018294629093146,0.0,False,0.0,0.0,False,False,20.76599955216102,5.500376727061817
1123.7230000000127,0.7,False,True,0.06809181107069863,0.03087467559373532,-0.0016362595882361184,0.0,0.0,0.0,0.07476456599155853,0.18965039116957289,0.09343296168997911,-0.05567841468730294,0.025704261561643345,0.01604309754780852,0.18129402771565215,0.21141662470329317,0.030300000682473183,32.38276603165701,31.970000000000002,0.41276603165701053,0.0,False,0.0,0.0,False,False,21.20050498471339,6.181410712065663
1123.823000000004,0.8,False,True,0.08783408741215913,0.04359254018397208,-0.008344984152502679,0.0,0.0,0.0,0.09805680226898097,0.23984467745175975,0.10441535880479288,-0.07866574285795787,0.009543661635178047,0.005956595726714603,0.25046493948857307,0.2615875311559638,0.011250000447034836,32.079139280034674,31.970000000000002,0.10913928003467052,0.0,False,0.0,0.0,False,False,21.75208258487283,6.863309088574218
1123.923999999999,0.9,False,True,0.11246476004256249,0.057639167649727055,-0.015763627542808658,0.0,0.0,0.0,0.12637482304155565,0.29067504901095864,0.11770180013142068,-0.07049721674731596,0.021274116318361486,0.013278059847017753,0.288931099175263,0.3136011764513968,0.025077776983380318,32.30942411476245,31.970000000000002,0.3394241147624447,0.0,False,0.0,0.0,False,False,22.434426832713704,7.546230422419869
1124.024000000005,1.0,False,True,-0.023710662751732087,0.00402076375562542,0.015430414898319256,0.0,0.0,0.0,0.024049159430319524,1.0958983219011564e-05,4.3943157810449884e-06,-2.549964666850868e-06,0.02725952434229019,0.017013801664032817,0.032121709986648206,1.1807172581872347e-05,0.03213333338499069,32.537422018729046,31.970000000000002,0.5674220187290459,0.0,False,0.0,0.0,False,True,20.78777639739166,0.00029998906449872387
1124.1240000000107,1.1,False,True,-0.028164334967000496,0.005175363829218454,0.013954121611750827,0.0,0.0,0.0,0.02863588928072934,-3.8782330638600926e-05,1.0051919527118147e-05,-1.3185673945495524e-05,0.01831440303546623,0.011430779823152423,0.021616485351028975,4.006382727525446e-05,0.02158888801932335,32.643886617809336,31.970000000000002,0.673886617809331,0.0,False,0.0,0.0,False,True,20.787925933785175,0.000299867010624715
1124.224000000002,1.2,False,True,-0.035525978989258196,0.005537783491035082,0.014673767643464465,0.0,0.0,0.0,0.03595500283880945,-5.204030471592236e-06,8.27848475218329e-06,3.5752304869286072e-06,0.014996509208761579,0.009359944440955538,0.01767781254195769,9.778304706920916e-06,0.017677778378129005,32.70738693461898,31.970000000000002,0.7373869346189758,0.0,False,0.0,0.0,False,True,20.788024516724136,0.00029986703521974937
1124.323000000004,1.3,False,True,-0.032598589610866424,0.004367290406399986,0.013371468828440598,0.0,0.0,0.0,0.032889835361575186,2.5754865601725074e-05,4.275581240630044e-06,-1.1329620407687924e-05,0.017183303836896244,0.010724813820768415,0.020231446484311178,2.6107349484544558e-05,0.0202555563300848,32.47874266082668,31.970000000000002,0.5087426608266835,0.0,False,0.0,0.0,False,True,20.78816220182995,0.0002998669989582734
1124.423999999999,1.4,False,True,-0.030605348627835864,0.003101517716711144,0.011596236720299398,0.0,0.0,0.0,0.030762099680913327,6.9142168840161805e-06,-1.10773487166059e-05,-1.5021177144254605e-05,0.015873111206163013,0.009907068166769971,0.018711114808289013,1.3058102837261806e-05,0.018711110576987267,32.36708258639559,31.970000000000002,0.39708258639558613,0.0,False,0.0,0.0,False,True,20.78831397654468,0.00029986698998938277
1124.523000000001,1.5,False,True,-0.02942626760920359,0.0030238015203184814,0.009346356896884324,0.0,0.0,0.0,0.02958122041165213,9.604588154070448e-06,-5.428731778671109e-07,-1.986682153661684e-05,0.008992249452516912,0.005612436474589523,0.010592140761797274,9.619918133568388e-06,0.01059999968856573,32.654829484717524,31.970000000000002,0.6848294847175195,0.0,False,0.0,0.0,False,True,20.788472421144007,0.00029986698695774197
1124.6240000000107,1.6,False,True,-0.030852112712100886,0.0012491141408095408,0.007608687950167902,0.0,0.0,0.0,0.030877388894415075,-0.02631381136796987,-0.03636846881660322,-0.034665013503413424,0.010198757160480026,0.006365468060601661,0.05620815796278758,0.04488966688196005,0.012022222392261028,32.96790371510463,31.970000000000002,0.9979037151046284,0.0,False,0.0,0.0,False,False,20.788636343215668,0.6763618815569556
1124.7230000000127,1.7,False,True,-0.033168512348358034,-0.002266425383275974,0.00290296874338585,0.0,0.0,0.0,0.033245855311920265,-0.017874665141943757,-0.0342938803404387,-0.0594105681131514,0.01883282448905827,0.0117543481906353,0.058888701342958295,0.03867265031958563,0.022199999541044235,32.77787710950426,31.970000000000002,0.8078771095042551,0.0,False,0.0,0.0,False,False,20.795567037869905,1.3541046898288056
1124.823000000004,1.8,False,True,-0.03419812446892694,-0.005306555926773353,-0.004013890360134153,0.0,0.0,0.0,0.03460738726047075,-0.010785626154607464,-0.011653584495849939,-0.078681080536643,0.01955861420806127,0.01220734370786646,0.03860203126689479,0.015878783427859536,0.023055555298924446,32.53947746811632,31.970000000000002,0.5694774681163174,0.0,False,0.0,0.0,False,False,20.822837678111835,2.0333265068097175
1124.9230000000098,1.9,False,True,-0.03414309628111226,-0.005430853787429215,-0.013886789909301912,0.0,0.0,0.0,0.03457231835618977,0.01858439280835286,0.000898045716508979,-0.11876759862259059,0.016035708088694756,0.010008551636395057,0.009460291323024781,0.01860607809733415,0.01890277862548828,32.6153983484392,31.970000000000002,0.6453983484391994,0.0,False,0.0,0.0,False,False,20.884062739259864,2.7138626722636
1125.023000000001,2.0,False,True,-0.030412858019519377,-0.004232338946701376,-0.02548519923527397,0.0,0.0,0.0,0.030705937957913116,0.055319874890257956,0.026752737438919632,-0.11321426194515406,0.007547740302952115,0.004710858300884992,0.05261198797767853,0.061449145790235075,0.008897222578525543,32.95325597846663,31.970000000000002,0.983255978466629,0.0,False,0.0,0.0,False,False,20.992897828851444,3.3960057436327657
1125.1240000000107,2.1,False,True,-0.026380458090439127,-0.0010291906526304238,-0.03876671614376995,0.0,0.0,0.0,0.026400526556507865,0.04664584138571792,0.0070855273312220145,-0.15239976361884308,0.020029906725895722,0.012501496948528045,0.02716138259940953,0.04718092004341426,0.023611111566424373,33.21129790428031,31.970000000000002,1.241297904280308,0.0,False,0.0,0.0,False,False,21.163040748487628,4.07922356004755
1125.224000000002,2.2,False,True,-0.026294822168114722,0.0005680140049214803,-0.05488451647885637,0.0,0.0,0.0,0.02630095649900521,0.008487542888942646,-0.05204439873763122,-0.17039831626234297,0.020039332197021382,0.012507379776647436,0.06557725173850097,0.05273194311091894,0.02362222224473953,33.397099681820904,31.970000000000002,1.4270996818208999,0.0,False,0.0,0.0,False,False,21.408226398936364,4.763972252550864
1125.3240000000078,2.3,False,True,-0.02848579798422882,-0.002647225746497858,-0.07241356437380154,0.0,0.0,0.0,0.028608538776931897,0.0026727238589031622,-0.0877451709628943,-0.18183169224982884,0.0099631109015628,0.006218391440270869,0.09424595907902521,0.08778586720044121,0.011744444258511066,33.62121286346077,31.970000000000002,1.651212863460765,0.0,False,0.0,0.0,False,False,21.742233939107827,5.450304760269044
1125.423999999999,2.4,False,True,-0.03245767243602354,-0.01297610744016773,-0.09459757606655443,0.0,0.0,0.0,0.03495539821348025,-0.06246749964272255,-0.1431293505384105,-0.2627596464059777,0.021217561911478233,0.013242761892077067,0.17735677904524377,0.15616721646094847,0.02501111105084419,33.535235682132615,31.970000000000002,1.5652356821326132,0.0,False,0.0,0.0,False,False,22.178878113367645,6.137599077340484
1125.524000000005,2.5,False,True,-0.04089034432624482,-0.030213185696559258,-0.1232725007519534,0.0,0.0,0.0,0.05084148747876713,-0.1231834247707713,-0.17211304842437453,-0.3095537823087875,0.013592058706513168,0.008483368533314509,0.22654491541060987,0.21165315394812184,0.016022222116589546,33.28009065316912,31.970000000000002,1.310090653169117,0.0,False,0.0,0.0,False,False,22.732013724730447,6.826554415002704
1125.6240000000107,2.6,False,True,3.4173351144165425,1.5250958628330267,-0.0840363834263451,7.416815455331449,3.3382611871432943,0.0,4.391288135689341,0.4358492168151278,0.08730097538023412,-0.35024936391798234,0.006816681204358622,0.005687511810960891,0.43672608583456407,0.4445064680077226,0.008877777494490147,33.30541295563349,39.84,6.534587044366507,0.0,False,0.0,0.0,False,False,12.54017297257829,7.236323413081141
1125.7250000000058,2.7,False,True,3.457995581007171,1.529881558072445,-0.11878414595121241,7.416815455331449,3.3382611871432943,0.0,4.352297287661231,0.37736011499744315,0.008412929408133929,-0.3447058865793638,0.014183645935638967,0.01183415380051123,0.36319258315189007,0.37745388297394655,0.018472222611308098,33.7874130942629,39.84,6.0525869057370985,0.0,False,0.0,0.0,False,False,13.015792006635635,7.92958110975445
1125.8240000000078,2.8,False,True,3.49284852907465,1.5352916850054168,-0.1545389571666037,7.416815455331449,3.3382611871432943,0.0,4.318357959224378,0.39309723487207093,0.009610913056467989,-0.3718207667324783,0.018905839981545637,0.01577412599586203,0.3742421478185659,0.3932147068890571,0.02462222240865231,34.32153211044189,39.84,5.518467889558113,0.0,False,0.0,0.0,False,False,13.643794696361727,8.623243841217656
1125.923999999999,2.9,False,True,3.528119797612258,1.5424924343318327,-0.1919198769487877,7.416815455331449,3.3382611871432943,0.0,4.283309390172291,0.42243980543454424,0.00394106359840754,-0.3793163180378965,0.008685083409384018,0.007246416986387406,0.41376792451703776,0.4224581886978429,0.01131111104041338,34.501713424739656,39.84,5.3382865752603506,0.0,False,0.0,0.0,False,False,14.438242575048001,9.318815713207988
1126.024000000005,3.0,False,True,3.5710435477215277,1.538798543906627,-0.23177532555669367,7.416815455331449,3.3382611871432943,0.0,4.24594245954487,0.395428878260664,0.0014468542055758905,-0.41426846033669373,0.009376136475654624,0.007822998516106253,0.3861053931972355,0.39543152523487457,0.01221111137419939,34.408127623424754,39.84,5.431872376575248,0.0,False,0.0,0.0,False,False,15.413226494209663,10.015407516797978
1126.1240000000107,3.1,False,True,3.6094310854413463,1.5392955843600604,-0.2739725113851002,7.416815455331449,3.3382611871432943,0.0,4.210991923535439,0.3962088377982491,-0.004304375792641452,-0.43009965554084223,0.01350539036025587,0.01126824988331251,0.38302015005919493,0.39623221827661054,0.017588889226317406,34.25464972581035,39.84,5.585350274189652,0.0,False,0.0,0.0,False,False,16.58288865489906,10.714056732702067
1126.224000000002,3.2,False,True,3.651549128866745,1.535002654489903,-0.31635115550355,7.416815455331449,3.3382611871432943,0.0,4.1748020126463805,0.39363872996344285,0.02166081270103435,-0.4145001083595171,0.029902965034055533,0.024949599624109677,0.3637506327254867,0.3942342457652577,0.03894444555044174,34.268955109124626,39.84,5.571044890875379,0.0,False,0.0,0.0,False,False,17.961425733474805,11.414578767188486
1126.3240000000078,3.3,False,True,3.6920047949761923,1.538019462732452,-0.35659457739607486,7.416815455331449,3.3382611871432943,0.0,4.137038158127852,0.42573285122306714,0.04042198986810898,-0.39032379705235287,0.04119016034911925,0.03436709396519754,0.3845903572230741,0.42764751592335914,0.05364444479346275,34.1744358374891,39.84,5.665564162510901,0.0,False,0.0,0.0,False,False,19.563098316487867,12.117301321842588
1126.423999999999,3.4,False,True,3.732445328626844,1.545506155129568,-0.39795608386554426,7.416815455331449,3.3382611871432943,0.0,4.097383779360172,0.4468505793348453,0.03095586147097368,-0.43719238660305076,0.025594549852546306,0.021354864664861643,0.4213654251535863,0.44792153957060044,0.03333333507180214,34.37800527292418,39.84,5.461994727075825,0.0,False,0.0,0.0,False,False,21.402197501401673,12.821093809199688
1126.524000000005,3.5,False,True,3.775922079181832,1.5499558628387438,-0.44328039690161886,7.416815455331449,3.3382611871432943,0.0,4.056370361471713,0.45430914138200806,0.02412471128765232,-0.469736073785014,0.0346208913427239,0.028886011024225784,0.4197152572830992,0.45494922534055376,0.045088887214660645,34.31410025365258,39.84,5.525899746347421,0.0,False,0.0,0.0,False,False,23.4930572280985,13.526969012666004
1126.6240000000107,3.6,False,True,3.820412759910706,1.5578764807565906,-0.4898229565959211,7.416815455331449,3.3382611871432943,0.0,4.012964247332046,0.5181743997788902,0.032956466674211496,-0.4627995558343518,0.03385305619154195,0.028245366205978163,0.4843442560017369,0.5192213759870269,0.04408888891339302,34.52387642743461,39.84,5.316123572565394,0.0,False,0.0,0.0,False,False,25.850115580245113,14.235581691484967
1126.724000000002,3.7,False,True,3.8694144876718433,1.5588333950083066,-0.5370633994473495,7.416815455331449,3.3382611871432943,0.0,3.968679489801955,0.46554472281762693,-0.0006714152300554364,-0.48189116544898214,0.024229506087717206,0.02021593762658679,0.44180923714508846,0.4655452069796791,0.03155555576086044,34.360943783031054,39.84,5.479056216968946,0.0,False,0.0,0.0,False,False,28.487864235969067,14.945692814468785
1126.8240000000078,3.8,False,True,3.9120041014236917,1.55551059550059,-0.5856801986343061,7.416815455331449,3.3382611871432943,0.0,3.9321625473119926,0.38920777173657617,-0.04853052869185347,-0.49022492087425856,0.03828944342151255,0.03194687490383547,0.36002817339333626,0.3922217507931726,0.04986666515469551,34.45244341042945,39.84,5.387556589570548,0.0,False,0.0,0.0,False,False,31.420862646632536,15.658279942444985
1126.923999999999,3.9,False,True,3.947331652342681,1.549044693689715,-0.635598520988413,7.416815455331449,3.3382611871432943,0.0,3.9036666762990566,0.3381525725702481,-0.08776793440844155,-0.5083023817436356,0.06391811800948308,0.0533302116110228,0.30840431721746436,0.3493570847230687,0.0832444429397583,34.540865360596385,39.84,5.299134639403618,0.0,False,0.0,0.0,False,False,34.66372037939324,16.372895713346413
1127.023000000001,4.0,False,True,3.9734695903154025,1.5424901271768938,-0.6841927297945564,7.416815455331449,3.3382611871432943,0.0,3.8834809702039164,0.18460618688418362,-0.043323395847983746,-0.4635817943792324,0.08181084093498552,0.06825904133302545,0.15171527093891762,0.18962162551702594,0.10654722154140472,34.366335969726,39.84,5.473664030274001,0.0,False,0.0,0.0,False,False,38.23118309232677,17.092143736587943
1127.1240000000107,4.1,False,True,3.981387733654965,1.5468293462840625,-0.7321139040435364,7.416815455331449,3.3382611871432943,0.0,3.874453725534423,0.13628707090221676,-0.09524525712707879,-0.49219705246517387,0.13263947702660878,0.11066801711456788,0.20594557885518439,0.16627033620074633,0.17274443805217743,34.96660163677875,39.84,4.8733983632212565,0.0,False,0.0,0.0,False,False,42.137947456328924,17.811977312556223
1127.224000000002,4.2,False,True,3.9918499681293627,1.538734637880174,-0.7801100113094068,7.416815455331449,3.3382611871432943,0.0,3.8689384060783722,0.10419380361067988,-0.12466758793482294,-0.46809486049779003,0.16058872801707835,0.13398753145743683,0.26473167223932154,0.1624757095456048,0.2091444432735443,34.91286118999963,39.84,4.927138810000371,0.0,False,0.0,0.0,False,False,46.39888477218491,18.534882570879976
1127.3240000000078,4.3,False,True,4.00163971456867,1.5281706036211686,-0.8311140006179343,7.416815455331449,3.3382611871432943,0.0,3.8652106360262004,0.08889132764395957,-0.14585661211656353,-0.5536522213645778,0.17474251266391086,0.1457967704309691,0.30402651450284285,0.17080930720668425,0.22757777571678162,34.47191956219832,39.84,5.368080437801679,0.0,False,0.0,0.0,False,False,51.0288087669945,19.25722562141511
1127.423999999999,4.4,False,True,4.008245280639333,1.5118953741792742,-0.8869946191078192,7.416815455331449,3.3382611871432943,0.0,3.8670353914289906,0.03697911727891812,-0.1839737705197811,-0.5643068629090229,0.22402055281449096,0.1869120033390628,0.4153802545356259,0.1876534128493086,0.2917555570602417,34.99601447076025,39.84,4.843985529239749,0.0,False,0.0,0.0,False,False,56.04263398544285,19.98401572535078
1127.524000000005,4.5,False,True,4.007393322602459,1.4976602290937941,-0.9450198907537759,7.416815455331449,3.3382611871432943,0.0,3.8745285088530492,-0.05401827801640041,-0.10072913118982155,-0.5961985700101118,0.3271495192873186,0.2729578660224102,0.5337891546171236,0.11429930984093215,0.42606666684150696,34.96049850399765,39.84,4.879501496002357,0.0,False,0.0,0.0,False,False,61.45547073682687,20.712928812328784
1127.625,4.6,False,True,3.9988584506276297,1.483755567791158,-1.0047749267327497,7.416815455331449,3.3382611871432943,0.0,3.8886528744814126,-0.124399109792126,-0.14806402814992223,-0.598526951250095,0.42364310401193533,0.3534674844643438,0.7428890403394105,0.1933858706034502,0.5517361164093018,34.879030658884076,39.84,4.960969341115926,0.0,False,0.0,0.0,False,False,67.28227400127264,21.44544199008657
1127.7230000000127,4.7,False,True,3.9819179285296866,1.4751674107003514,-1.0663347898180378,7.416815455331449,3.3382611871432943,0.0,3.907638601438123,-0.17851941638935592,-0.19611358574636356,-0.632518432421045,0.4323302948311118,0.36071565977237274,0.8265568210129863,0.26519751232297134,0.5630499720573425,34.240785523997346,39.84,5.599214476002658,0.0,False,0.0,0.0,False,False,73.53840495687575,22.17974860550499
1127.823000000004,4.8,False,True,3.9652721858374256,1.4410423646474377,-1.13295606585069,7.416815455331449,3.3382611871432943,0.0,3.9386025696459974,-0.1690275350287762,-0.1489594622207836,-0.6969423373023252,0.5815913040522585,0.48525188604013597,0.9826762823261247,0.2252980891685707,0.7574416399002075,33.69531100124264,39.84,6.144688998757368,0.0,False,0.0,0.0,False,False,80.23883018565274,22.91264621357074
1127.9230000000098,4.9,False,True,3.952861787533152,1.4161912661487188,-1.1976786332752463,7.416815455331449,3.3382611871432943,0.0,3.9614805052966457,-0.14255067255541007,-0.09744694067576959,-0.5984616948745666,0.4874588420943184,0.4067122751752056,0.8069005536475089,0.17267484035917535,0.6348472237586975,33.691486613964,39.84,6.148513386035999,0.0,False,0.0,0.0,False,False,87.39898774428673,23.65330796147766
1128.024000000005,5.0,False,True,3.9295274878026216,1.4036246566829633,-1.2529098222026385,7.416815455331449,3.3382611871432943,0.0,3.987981428425028,-0.2368968099503621,-0.19349420288333508,-0.500660264668794,0.5720381630316246,0.4772812034223411,1.050864137849376,0.30587596360962266,0.7450000047683716,34.546053178525774,39.84,5.29394682147423,0.0,False,0.0,0.0,False,False,95.03475347142219,24.40020776384168
1128.1240000000107,5.1,False,True,3.8981680224654243,1.3757644648759857,-1.301798999001596,7.416815455331449,3.3382611871432943,0.0,4.028929528016666,-0.390292496793577,-0.3637096332562151,-0.47712327131035687,0.5895448101994005,0.4918879100515708,1.300818321015494,0.5334912655111935,0.7677999734878541,34.31581398036883,39.84,5.5241860196311725,0.0,False,0.0,0.0,False,False,103.16209172832498,25.152145704425664
1128.2230000000127,5.2,False,True,3.8556900822886204,1.3384244254287545,-1.357418370424509,7.416815455331449,3.3382611871432943,0.0,4.084233220083584,-0.4592663067424965,-0.38309115568840846,-0.6352641571479041,0.7011519742249306,0.5850075740864942,1.5112199500387686,0.5980671986286936,0.9131527543067932,33.11915217382303,39.84,6.72084782617697,0.0,False,0.0,0.0,False,False,111.795980280545,25.898123268041246
1128.3240000000078,5.3,False,True,3.815913677232822,1.3370497618093415,-1.4214119297138597,7.416815455331449,3.3382611871432943,0.0,4.119628719241699,-0.4935854350042423,-0.37067504092076703,-0.6583780857370475,0.9135120620387599,0.7621906447639921,1.8064628498772624,0.6172734949841435,1.1897221803665161,32.69471044302371,39.84,7.145289556976292,0.0,False,0.0,0.0,False,False,120.95136573416269,26.648179353084707
1128.423999999999,5.4,False,True,3.759710673978714,1.3041278037513617,-1.4889722533769318,7.416815455331449,3.3382611871432943,0.0,4.184747782510022,-0.6304746300779236,-0.28776412023882975,-0.6928283875243931,0.9440805023197931,0.7876954850123323,1.9067871479236942,0.6930414475835642,1.229533314704895,32.38691487000965,39.84,7.453085129990356,0.0,False,0.0,0.0,False,False,130.64493698427827,27.40426933175891
1128.524000000005,5.5,False,True,3.699570977832254,1.2634012497284417,-1.5548581561844093,7.416815455331449,3.3382611871432943,0.0,4.257105855553445,-0.6158623396213974,-0.2881574940409494,-0.6219183824975641,0.8375986962093317,0.6988521737660234,1.75691122912416,0.6799420289523962,1.090855598449707,32.43196946252181,39.84,7.408030537478189,0.0,False,0.0,0.0,False,False,140.8917139622523,28.161844031740692
1128.6230000000069,5.6,False,True,3.6323810906857847,1.258846804217911,-1.6175189703623873,7.416815455331449,3.3382611871432943,0.0,4.318090739693642,-0.6741030166911415,-0.3214108128953267,-0.6365611698532307,0.9951203513589206,0.8302806867457044,2.027979280660875,0.7468063924191679,1.2960056066513062,32.29312056134174,39.84,7.546879438658267,0.0,False,0.0,0.0,False,False,151.70873040164156,28.922234225817554
1128.7230000000127,5.7,False,True,3.568444946529439,1.2441691620998685,-1.6817489781251975,7.416815455331449,3.3382611871432943,0.0,4.381230076401776,-0.6806635121905624,-0.3503174414151911,-0.6572399141035725,1.1148964450080612,0.9302161138072874,2.205402853436497,0.7655227799270756,1.4519972801208496,32.41300627026936,39.84,7.426993729730641,0.0,False,0.0,0.0,False,False,163.11138393726503,29.684365742276782
1128.823000000004,5.8,False,True,3.512339900352718,1.1947158051242577,-1.7498539018843322,7.416815455331449,3.3382611871432943,0.0,4.454179628641127,-0.7356679201627264,-0.3886227896629586,-0.7064616085741251,1.2779869823791679,1.0662910349816894,2.484266552460328,0.8320065873549151,1.6643999814987183,33.15993921455812,39.84,6.680060785441884,0.0,False,0.0,0.0,False,False,175.11571391662707,30.449052983405448
1128.9230000000098,5.9,False,True,3.461174589106721,1.1427227079370965,-1.8191789330788306,7.416815455331449,3.3382611871432943,0.0,4.524100338876469,-0.7419636689495197,-0.36698658415194535,-0.6847939241320989,1.5909593531605637,1.3274201683472717,2.8833217076847646,0.8277615834215462,2.07200288772583,33.58264111142896,39.84,6.2573588885710425,0.0,False,0.0,0.0,False,False,187.7382706334597,31.217231101825128
1129.023000000001,6.0,False,True,3.3805771903040163,1.1114121043473466,-1.88865742128428,7.416815455331449,3.3382611871432943,0.0,4.609780490394397,-0.8699843071045749,-0.2592254876430531,-0.7047758399768872,1.697643722327505,1.4164324884912618,3.0660305527681575,0.9077833155836287,2.210944414138794,33.53434491303261,39.84,6.305655086967392,0.0,False,0.0,0.0,False,False,200.9952835348328,31.99072333948388
1129.1240000000107,6.1,False,True,3.3297433978784055,1.0651967893412329,-1.957313382658611,7.416815455331449,3.3382611871432943,0.0,4.676641931917462,-0.8650054734243454,-0.26571744957629184,-0.6902204739930273,1.8813102909481454,1.5696750631389695,3.30316756362315,0.9048979125091433,2.4501445293426514,34.22734332160793,39.84,5.612656678392066,0.0,False,0.0,0.0,False,False,214.90234595587157,32.76594616097225
1129.224000000002,6.2,False,True,3.2378924488051304,1.052785467709745,-2.0274832928557514,7.416815455331449,3.3382611871432943,0.0,4.763065899039741,-0.863858779596872,-0.2606447848330496,-0.7183931728277733,1.9095409723215921,1.593229389493602,3.3359549814373577,0.9023234979469745,2.4869110584259033,34.25292222184678,39.84,5.58707777815322,0.0,False,0.0,0.0,False,False,229.4754035740729,33.54131319221227
1129.3240000000078,6.3,False,True,3.133591036655658,1.0488434627454124,-2.100068627469354,7.416815455331449,3.3382611871432943,0.0,4.856690739333496,-0.8218315712278772,-0.23625879590408635,-0.7257426326304687,1.9654395887190792,1.639868513643019,3.359871158348265,0.8551171557797973,2.559711217880249,34.045048608804194,39.84,5.794951391195808,0.0,False,0.0,0.0,False,False,244.73237105717578,34.318604286634184
1129.4230000000098,6.4,False,True,3.0432993611563917,1.0469374766342723,-2.173380812487504,7.416815455331449,3.3382611871432943,0.0,4.937388719996541,-0.7797182510789858,-0.21858461077398206,-0.7377677580271399,2.0675851907289498,1.7250939041889908,3.4474661795672463,0.8097776133809119,2.692741632461548,33.46059702685509,39.84,6.379402973144914,0.0,False,0.0,0.0,False,False,260.68966617447177,35.09913568390349
1129.524000000005,6.5,False,True,2.979794844026967,1.0140952090702569,-2.244128968031612,7.416815455331449,3.3382611871432943,0.0,5.008882050794667,-0.7472309291724255,-0.19154542279884285,-0.679650309495194,2.085409641300294,1.7399657707336063,3.428496476916545,0.7713907638201756,2.7159554958343506,34.02784948501733,39.84,5.812150514982677,0.0,False,0.0,0.0,False,False,277.36370707275347,35.88755927135382
1129.625,6.6,False,True,2.894078126287926,1.0073665586457157,-2.3127813320326047,7.416815455331449,3.3382611871432943,0.0,5.088047043481674,-0.7363625084021697,-0.19677051158217815,-0.6896904670636188,2.100619170318313,1.7526558721679852,3.4421981742858625,0.7621996969355521,2.7357637882232666,34.220535851943694,39.84,5.619464148056308,0.0,False,0.0,0.0,False,False,294.7715151161041,36.6765502433928
1129.7230000000127,6.7,False,True,2.8374613406481686,0.9718320860007331,-2.3803275859317012,7.416815455331449,3.3382611871432943,0.0,5.154655255048691,-0.763504947159058,-0.1998851574231319,-0.6646290363547513,2.2397064889293983,1.8687036590073667,3.646688720101267,0.7892362640517896,2.916905641555786,34.68649845199432,39.84,5.153501548005684,0.0,False,0.0,0.0,False,False,312.93020885946993,37.472636023757225
1129.823000000004,6.8,False,True,2.772933090047119,0.9398980554295594,-2.4456030366629693,7.416815455331449,3.3382611871432943,0.0,5.226642242794363,-0.7695261411949134,-0.1822788080320433,-0.6427022575476118,2.2595122679781747,1.8852286509922012,3.66737791580943,0.7908198567562124,2.942699909210205,34.58915624800615,39.84,5.250843751993853,0.0,False,0.0,0.0,False,False,331.8569090254338,38.271180946036274
1129.923999999999,6.9,False,True,2.7185824193605326,0.8998281476745765,-2.5084312167368608,7.416815455331449,3.3382611871432943,0.0,5.293330647924909,-0.7645401762598352,-0.14802993198677708,-0.6199567666008523,2.2743401033922535,1.897600285592721,3.6632494238220668,0.7787390717560213,2.9620110988616943,35.06359519154227,39.84,4.776404808457733,0.0,False,0.0,0.0,False,False,351.5683747646268,39.07312847647618
1130.024000000005,7.0,False,True,2.633567800897252,0.9077455440140826,-2.5734673502336327,7.416815455331449,3.3382611871432943,0.0,5.365339170560055,-0.7326290062079127,-0.11705329943008985,-0.682096713711152,2.1037865864983494,1.755298612292412,3.3986696067546966,0.7419209766846224,2.739888906478882,34.19151611641642,39.84,5.6484838835835784,0.0,False,0.0,0.0,False,False,372.0806343656868,39.87146725717429
1130.1230000000069,7.1,False,True,2.5614408887734688,0.9280254877746935,-2.6403657862859893,7.416815455331449,3.3382611871432943,0.0,5.420691681703447,-0.6694665034167954,-0.0853233391304753,-0.66342862444074,2.1542419042773417,1.797396109181414,3.3938122653933562,0.6748818203192942,2.805599927902222,33.228304004806375,39.84,6.611695995193625,0.0,False,0.0,0.0,False,False,393.41241883500254,40.67668481886719
1130.224000000002,7.2,False,True,2.5040814462344683,0.9161256643249513,-2.708705408461311,7.416815455331449,3.3382611871432943,0.0,5.477380389842994,-0.6062372562636947,-0.047436922001641055,-0.7037760374993776,2.12169414925012,1.7702398236536088,3.2780418705203322,0.6080903489212129,2.7632110118865967,33.829618371023265,39.84,6.010381628976736,0.0,False,0.0,0.0,False,False,415.58028597985253,41.482478912898465
1130.3240000000078,7.3,False,True,2.4725652766288295,0.9013875152894336,-2.779714306311591,7.416815455331449,3.3382611871432943,0.0,5.512165012241143,-0.548983339071795,0.009325728698655562,-0.72670811002001,2.305650695169869,1.9237243414499172,3.437129255345919,0.5490625426981687,3.0027887821197514,34.93599515460411,39.84,4.904004845395893,0.0,False,0.0,0.0,False,False,438.60111292582326,42.29354040047333
1130.4230000000098,7.4,False,True,2.433259858402263,0.9133768707704292,-2.8544512567386597,7.416815455331449,3.3382611871432943,0.0,5.542191834958017,-0.46707936598222466,0.08754012718843711,-0.7761903541893377,2.4284747541229925,2.026202844554827,3.484630079960387,0.47521196112316527,3.162750005722046,35.07895028745039,39.84,4.761049712549611,0.0,False,0.0,0.0,False,False,462.4915384249838,43.10586104894667
1130.523000000001,7.5,False,True,2.3847184819221385,0.945462233497524,-2.9317302986162175,7.416815455331449,3.3382611871432943,0.0,5.572027169923297,-0.3777204222038337,0.158781137284234,-0.7693292447218366,2.611908828318211,2.1792514370063714,3.6083491083369785,0.4097367043689363,3.4016473293304443,34.70941433517594,39.84,5.130585664824058,0.0,False,0.0,0.0,False,False,487.27002951846794,43.92570820093937
1130.6230000000069,7.6,False,True,2.3548247597846417,0.9648804604904827,-3.0082246007892435,7.416815455331449,3.3382611871432943,0.0,5.590767914647278,-0.22015402054610048,0.22958340257493925,-0.7605567987386844,2.6418927373391097,2.2042685724103412,3.477167405272446,0.31808227159101377,3.4406971931457524,34.4139283042624,39.84,5.4260716957376,0.0,False,0.0,0.0,False,False,512.955907753147,44.749446233517055
1130.724000000002,7.7,False,True,2.3247664193211026,1.0344232258507917,-3.0853817038334355,7.416815455331449,3.3382611871432943,0.0,5.588974211519167,-0.10908572321644283,0.3004339175694583,-0.7863033547158242,2.5851944865713534,2.156962271699631,3.2719785113205524,0.31962514581269486,3.366855621337891,33.4727881335514,39.84,6.367211866448609,0.0,False,0.0,0.0,False,False,539.5644105258397,45.5743675467964
1130.8240000000078,7.8,False,True,2.324901971963085,1.061002706129936,-3.165985086171908,7.416815455331449,3.3382611871432943,0.0,5.577946675207268,0.02138919432179549,0.39133851498119965,-0.8236985727094271,2.6027267630458684,2.171590362193004,3.1356977346688484,0.39192260835709153,3.3896889686584473,33.92082002276797,39.84,5.919179977232034,0.0,False,0.0,0.0,False,False,567.1139112613038,46.404043694364134
1130.923999999999,7.9,False,True,2.3506286907736142,1.1012998048244802,-3.2471605645668853,7.416815455331449,3.3382611871432943,0.0,5.538072278272167,0.11152838688199473,0.4741615406405128,-0.8053627016391176,2.669528452663249,2.227326487633059,3.1011210340617597,0.48710137312789886,3.476688861846924,34.95634407165503,39.84,4.883655928344971,0.0,False,0.0,0.0,False,False,595.6236201051645,47.24319725757019
1131.024000000005,8.0,False,True,2.373861717119597,1.1574154994065406,-3.32965101435558,7.416815455331449,3.3382611871432943,0.0,5.494312542936093,0.18802606548747042,0.5382876169723423,-0.8445310747035938,2.84254769193196,2.371685441405909,3.226117271256461,0.5701818656257507,3.7020223140716553,35.03188589165321,39.84,4.808114108346795,0.0,False,0.0,0.0,False,False,625.1115436152608,48.081960151001745
1131.1240000000107,8.1,False,True,2.3906660962360347,1.230783445646833,-3.4156170827719183,7.416815455331449,3.3382611871432943,0.0,5.450104568798499,0.28197869092273925,0.6042051169283551,-0.8680234063235743,3.0201908242694118,2.519902349754113,3.3418111219910682,0.6667651801473357,3.933377742767334,34.8398439279686,39.84,5.000156072031403,0.0,False,0.0,0.0,False,False,655.5959840352944,48.92600504234243
1131.2230000000127,8.2,False,True,2.4263712412791363,1.3141315994939793,-3.505820910632276,7.416815455331449,3.3382611871432943,0.0,5.385316521910814,0.4446114099283907,0.6904391155326184,-0.933141568719623,3.1704393398325514,2.6452625039444393,3.354321449015803,0.821209764978459,4.129055500030518,33.9855317746499,39.84,5.854468225350105,0.0,False,0.0,0.0,False,False,687.0951985069869,49.771919118274255
1131.3240000000078,8.3,False,True,2.4866255549714706,1.36379282311778,-3.6000824336779282,7.416815455331449,3.3382611871432943,0.0,5.310866009809429,0.596080322811859,0.7908287768891475,-0.9431776946242632,3.2991801073129414,2.752677624828882,3.3399999022653075,0.9903140439272157,4.296722412109375,34.014709628732795,39.84,5.825290371267206,0.0,False,0.0,0.0,False,False,719.6263609534315,50.628600030590434
1131.4230000000098,8.4,False,True,2.5531595210366858,1.4512327850494386,-3.6937877717067873,7.416815455331449,3.3382611871432943,0.0,5.216898047452101,0.7345989984924441,0.9579704617440231,-0.9309290659529137,3.373911870568445,2.815030223318868,3.227172662682691,1.2072046612568057,4.394050121307373,34.096332900423114,39.84,5.74366709957689,0.0,False,0.0,0.0,False,False,753.2113977038998,51.49617085483145
1131.524000000005,8.5,False,True,2.6414188434841077,1.5459864093032183,-3.7884722777740287,7.416815455331449,3.3382611871432943,0.0,5.100653064042365,0.8746870357036794,1.071769700272635,-0.9630237272994937,3.5108042221237774,2.9292466349362014,3.2247998981869515,1.3833899308765347,4.572333335876465,34.751488970454425,39.84,5.088511029545576,0.0,False,0.0,0.0,False,False,787.8671660557104,52.36370157134054
1131.625,8.6,False,True,2.7357852316738316,1.659478186358405,-3.8879770375733873,7.416815455331449,3.3382611871432943,0.0,4.972962529370234,1.0126407280907936,1.1980658408310947,-1.0270714686876845,3.5262356277115687,2.942121859537313,3.059393847771967,1.568694681304992,4.592430591583252,34.95294281964791,39.84,4.887057180352093,0.0,False,0.0,0.0,False,False,823.613515725231,53.23637251678126
1131.7230000000127,8.7,False,True,2.8453101827627205,1.786243417621831,-3.9923667991762017,7.416815455331449,3.3382611871432943,0.0,4.827775845462801,1.1778582936869875,1.3372387844374247,-1.0607237633686062,3.608219386375462,3.010525175128735,2.950685070644895,1.7820094631092458,4.699203014373779,34.894920188485166,39.84,4.9450798115148356,0.0,False,0.0,0.0,False,False,860.4691322800879,54.121902656677236
1131.8240000000078,8.8,False,True,2.963042724024926,1.9329110553981819,-4.098514043154944,7.416815455331449,3.3382611871432943,0.0,4.670235597368249,1.3264996694663984,1.445223275825171,-1.0564457629670936,3.6736367272959614,3.0651062664212394,2.851854356635219,1.9617012234489999,4.78439998626709,34.62931730578103,39.84,5.210682694218977,0.0,False,0.0,0.0,False,False,898.453244771109,55.01005618230248
1131.9230000000098,8.9,False,True,3.105196724269092,2.0810482649789295,-4.205687652531668,7.416815455331449,3.3382611871432943,0.0,4.491173612064538,1.5165803354169232,1.5175209157897882,-1.087026424567365,3.7439705015149842,3.123789393824113,2.746154652519966,2.1454336726249044,4.875999927520752,34.46045646119724,39.84,5.379543538802765,0.0,False,0.0,0.0,False,False,937.5879422419093,55.90625701823137
1132.024000000005,9.0,False,True,3.2625100124739204,2.2312707689342903,-4.31581013650357,7.416815455331449,3.3382611871432943,0.0,4.299265227752556,1.608616770960974,1.5712364121431674,-1.1169277829391022,3.8498806825519187,3.2121557685290667,2.7777473347232027,2.2486511020301583,5.013933181762695,34.41296975130726,39.84,5.42703024869274,0.0,False,0.0,0.0,False,False,977.8910666340098,56.7968617249544
1132.1240000000107,9.1,False,True,3.437037016928669,2.38578191692858,-4.428547314800167,7.416815455331449,3.3382611871432943,0.0,4.092169739754746,1.7441302054611956,1.6717423283826622,-1.140701579666789,3.81337429803232,3.1816965924423317,2.561587982910693,2.415928928198923,4.966388702392578,34.71808500161938,39.84,5.121914998380622,0.0,False,0.0,0.0,False,False,1019.3840543732608,57.70113895335469
1132.2230000000127,9.2,False,True,3.624910988056349,2.540724515633755,-4.5446232432788864,7.416815455331449,3.3382611871432943,0.0,3.8748682856767367,1.8835246978635336,1.7651072987523142,-1.1832014420475532,3.81318903475789,3.181542017652948,2.3937192329070367,2.5813308706112448,4.966147422790527,34.81010411450136,39.84,5.029895885498646,0.0,False,0.0,0.0,False,False,1062.0866636785718,58.60995220045679
1132.3240000000078,9.3,False,True,3.8208356295268944,2.725784518590858,-4.6620489911812575,7.416815455331449,3.3382611871432943,0.0,3.6477662448564936,2.034968131547369,1.9360927603897478,-1.1653135159998569,3.7509834121047905,3.1296406300214623,2.0902786800350257,2.8088343620169174,4.885133266448975,34.76478734488091,39.84,5.075212655119096,0.0,False,0.0,0.0,False,False,1106.0207124736585,59.54162385100044
1132.423999999999,9.4,False,True,4.035947543280952,2.927317202510105,-4.778920810415626,7.416815455331449,3.3382611871432943,0.0,3.405751429161983,2.267270143533788,2.094560917995199,-1.1721228686875165,3.6440919947526904,3.0404555588035658,1.67043559633523,3.0866971576351014,4.745922088623047,34.96598804189694,39.84,4.874011958103057,0.0,False,0.0,0.0,False,False,1151.207332946847,60.48856715048546
1132.523000000001,9.5,False,True,4.261336698490666,3.1510278926197866,-4.89960057418434,7.416815455331449,3.3382611871432943,0.0,3.161028707786688,2.406828663607817,2.2073308919149204,-1.235202617208191,3.660579327778145,3.0542117986074104,1.5129765358484024,3.265751656566388,4.767394542694092,34.87597447204125,39.84,4.9640255279587535,0.0,False,0.0,0.0,False,False,1197.6646574017718,61.414918644427395
1132.6230000000069,9.6,False,True,4.507376852104408,3.379122248786759,-5.025728383853026,7.416815455331449,3.3382611871432943,0.0,2.9097255218158193,2.5224241032500023,2.3006301538168894,-1.2818793848828935,3.6862591608651147,3.0756378195121665,1.3982663992317108,3.4140185209380607,4.800838947296143,35.011550579034946,39.84,4.828449420965055,0.0,False,0.0,0.0,False,False,1245.415582873249,62.34509908653058
1132.7230000000127,9.7,False,True,4.767268093504379,3.618876565445441,-5.155177505323811,7.416815455331449,3.3382611871432943,0.0,2.664366005845376,2.680002296833695,2.4227893794485293,-1.2996523250755645,3.670716816992437,3.062670033327689,1.1793907374836328,3.6127995638012456,4.78059720993042,35.12776561658717,39.84,4.712234383412836,0.0,False,0.0,0.0,False,False,1294.4814775612663,63.294552831040775
1132.823000000004,9.8,False,True,5.0449835807497,3.867179899169825,-5.286164551152682,7.416815455331449,3.3382611871432943,0.0,2.43009083065094,2.874307448072719,2.543277295039145,-1.3200885915018372,3.719749708247393,3.103580725756698,1.0142546769737475,3.837955537197889,4.844455718994141,35.243278292738175,39.84,4.5967217072618265,0.0,False,0.0,0.0,False,False,1344.8851088521756,64.25941378457478
1132.9230000000098,9.9,False,True,5.3412963327536955,4.128728824822474,-5.41857940245879,7.416815455331449,3.3382611871432943,0.0,2.220949957654163,3.051947592007192,2.6877012180138524,-1.3282084346203304,3.810277545512294,3.179112810686188,0.9036313804842171,4.066708981679368,4.962355613708496,35.2807142825111,39.84,4.559285717488901,0.0,False,0.0,0.0,False,False,1396.6485362829612,65.23799913122697
1133.024000000005,10.0,False,True,5.65564621986494,4.405105096825076,-5.552396769438785,7.416815455331449,3.3382611871432943,0.0,2.059095190509364,3.2350501502177007,2.8398242220381937,-1.3481389049795582,3.7776957401204045,3.1519281151674483,0.6259976648097744,4.3046661991957516,4.919922351837158,35.258849196845475,39.84,4.581150803154527,0.0,False,0.0,0.0,False,False,1449.7945541841516,66.22885467817876
1133.1240000000107,10.1,False,True,5.993485285693039,4.6885461090102,-5.689101030723898,7.416815455331449,3.3382611871432943,0.0,1.961922052993956,3.399510146948446,2.9409900054353297,-1.3885473194789242,3.8247980123119767,3.191227991658866,0.49344586144244773,4.4951186248280415,4.981266498565674,35.3570718050962,39.84,4.482928194903807,0.0,False,0.0,0.0,False,False,1504.3428583982723,67.20524252628728
1133.2230000000127,10.2,False,True,6.343172934394431,4.991060097569042,-5.828334553093268,7.416815455331449,3.3382611871432943,0.0,1.9709014437735166,3.5942428270794062,3.109289765741501,-1.396123127908463,3.771996514567469,3.1471729547493665,0.18174572739134648,4.752500851904879,4.912499904632568,35.50326571257872,39.84,4.336734287421284,0.0,False,0.0,0.0,False,False,1560.3204500884824,68.21895717609976
1133.3240000000078,10.3,False,True,6.711983830536715,5.3097126548160425,-5.968101946447786,7.416815455331449,3.3382611871432943,0.0,2.093659119508192,3.781975095766273,3.263761379198506,-1.3992247391818975,3.7808950098673884,3.1545974323801684,0.1091692899606195,4.995545412199157,4.924088954925537,35.854266374409825,39.84,3.9857336255901807,0.0,False,0.0,0.0,False,False,1617.7505317419202,69.24249463293322
1133.4230000000098,10.4,False,True,7.0928006146650056,5.64499442630757,-6.110558225866761,7.416815455331449,3.3382611871432943,0.0,2.3293784264557384,3.8943830074527757,3.3831776474726722,-1.4441472387238732,3.7989113141063244,3.1696293724220905,0.23391816946855093,5.158692664144246,4.947552680969238,36.11437044005182,39.84,3.7256295599481817,0.0,False,0.0,0.0,False,False,1676.649372387268,70.23131011508104
1133.523000000001,10.5,False,True,7.49178408728836,5.990084216931641,-6.256003982911461,7.416815455331449,3.3382611871432943,0.0,2.6528825222940684,4.08528644501431,3.518618165008738,-1.4647679021701334,3.962155718851106,3.3058326731523002,0.2458431232922003,5.391682402455389,5.160155773162842,36.3204407095927,39.84,3.5195592904073036,0.0,False,0.0,0.0,False,False,1737.0499246001318,71.26365820492524
1133.6230000000069,10.6,False,True,7.8984928645421935,6.349106181059078,-6.405063811299052,7.416815455331449,3.3382611871432943,0.0,3.049131139182392,4.21127650802955,3.6319151373427423,-1.5151604127094398,4.026918414050891,3.3598675594578116,0.3286301742818233,5.5610841921284475,5.244500160217285,36.368965586675515,39.84,3.471034413324485,0.0,False,0.0,0.0,False,False,1798.9672755489137,72.27288458201888
1133.724000000002,10.7,False,True,8.322702855630506,6.718638733629846,-6.55706399912176,7.416815455331449,3.3382611871432943,0.0,3.499654888529871,4.362953299834762,3.7383055484250316,-1.526550242374411,4.006741193120869,3.3430326541847757,0.532097477808924,5.745458194950549,5.218222141265869,36.253103934088834,39.84,3.5868960659111657,0.0,False,0.0,0.0,False,False,1862.4304809842142,73.30174388299156
1133.8240000000078,10.8,False,True,8.780898803188071,7.087258512475337,-6.710588069912855,7.416815455331449,3.3382611871432943,0.0,3.9894491255368254,4.482340361004455,3.8365023923523953,-1.549114520317583,4.074174462082899,3.3992957391340934,0.5981212742084924,5.900010654093364,5.306044578552246,36.51891917283249,39.84,3.3210808271675103,0.0,False,0.0,0.0,False,False,1927.4620646670955,74.32719703328712
1133.923999999999,10.9,False,True,9.25371645744541,7.461911409190226,-6.867819211145902,7.416815455331449,3.3382611871432943,0.0,4.514276957094567,4.622250443246015,3.9416025882274583,-1.5973469660398616,4.0620594887871855,3.3891875865532173,0.7867504302714085,6.074654732872427,5.290266513824462,36.68869971411692,39.84,3.1513002858830776,0.0,False,0.0,0.0,False,False,1994.0849537197503,75.361589868191
1134.023000000001,11.0,False,True,9.732086067993961,7.853795672408487,-7.028669820280391,7.416815455331449,3.3382611871432943,0.0,5.07449797492105,4.781507740578156,4.051964560569412,-1.6180942493322226,4.061628916433964,3.388828337635598,0.9787620607778733,6.2674742180019605,5.289705753326416,36.66650679609457,39.84,3.1734932039054318,0.0,False,0.0,0.0,False,False,2062.3214933136364,76.41263908522423
1134.1240000000107,11.1,False,True,10.206984211114031,8.267832911335947,-7.193316255543,7.416815455331449,3.3382611871432943,0.0,5.664425749332853,4.93348972004179,4.16348273316476,-1.6686632323381132,4.039382678184166,3.370267143558593,1.1952482478103241,6.455533230269915,5.260733127593994,36.45273641992079,39.84,3.38726358007921,0.0,False,0.0,0.0,False,False,2132.2001688228975,77.46569078413356
1134.224000000002,11.2,False,True,10.709119836784602,8.689810404107346,-7.360827809791175,7.416815455331449,3.3382611871432943,0.0,6.283179701530443,5.109222793369614,4.276067122263201,-1.6815678526253839,3.9796623660188817,3.3204393797815297,1.4795712694011685,6.6625001002917745,5.182955741882324,36.466659490972496,39.84,3.373340509027505,0.0,False,0.0,0.0,False,False,2203.748020441796,78.54532815348524
1134.3240000000078,11.3,False,True,11.223202714097587,9.126130796922242,-7.530872778249293,7.416815455331449,3.3382611871432943,0.0,6.9273384920545,5.239422269370593,4.385505576024826,-1.716875580837244,3.974065657692904,3.315769754820024,1.6569435964706687,6.8325840554010995,5.175666809082031,36.44027919632282,39.84,3.3997208036771855,0.0,False,0.0,0.0,False,False,2276.986543681992,79.61081934354792
1134.4230000000098,11.4,False,True,11.75307370783016,9.57111388442354,-7.703479417665913,7.416815455331449,3.3382611871432943,0.0,7.592864306594502,5.36121674415976,4.4912954201537385,-1.734053995615262,3.9746650173376525,3.31626983175722,1.817473747964452,6.993881578133342,5.17644739151001,36.55194744077425,39.84,3.288052559225753,0.0,False,0.0,0.0,False,False,2351.9398773911703,80.68337182234872
1134.523000000001,11.5,False,True,12.296255523335804,10.022668408345737,-7.878580380285625,7.416815455331449,3.3382611871432943,0.0,8.275882749055215,5.490301610619496,4.581380836160044,-1.7687007183514305,3.9830022308199786,3.3232260027632683,1.9633912002307836,7.1506966193165775,5.187305450439453,36.58300695035139,39.84,3.256993049648611,0.0,False,0.0,0.0,False,False,2428.6359975614864,81.7606930332633
1134.6230000000069,11.6,False,True,31.985135115073806,27.97040086097359,-0.09289426600149309,32.18473409795791,28.152727998797562,0.0,0.27033856394426836,8.675061610006026,7.486267640132025,-0.6312259804539373,3.5562093309530476,3.4534352111023945,6.516623823376557,11.458660354382106,4.957099914550781,36.50290803392481,44.16,7.657091966075183,0.0,False,0.0,0.0,False,False,26.711574006550723,20.69126528598197
1134.7230000000127,11.7,False,True,32.8586012884654,28.725394174663347,-0.1585221636582652,32.18473409795791,28.152727998797562,0.0,0.8843322562381201,8.794261857825946,7.6135986336631145,-0.6813319726815052,3.320933120999614,3.2249584617963696,7.015517801238302,11.63210753812606,4.629141807556152,36.6751461415184,44.16,7.484853858481602,0.0,False,0.0,0.0,False,False,27.764873250067467,21.565805821606613
1134.8240000000078,11.8,False,True,33.745249487322084,29.494015352234385,-0.22912110181956605,32.18473409795791,28.152727998797562,0.0,2.057731771862403,8.9387021193078,7.758824917757657,-0.7306467905445112,3.3618265836670203,3.264670107185274,7.162329802614477,11.836374431477523,4.6861443519592285,36.736922007553055,44.16,7.423077992446938,0.0,False,0.0,0.0,False,False,29.24636619943181,22.46174010409396
1134.923999999999,11.9,False,True,34.646672900469554,30.277185239930898,-0.3041750620376016,32.18473409795791,28.152727998797562,0.0,3.2518396695895606,9.089766143641507,7.904572836172592,-0.7704324138161993,3.371726767726793,3.274284176843893,7.357686278526633,12.046000177172878,4.699944496154785,36.52417505061149,44.16,7.635824949388502,0.0,False,0.0,0.0,False,False,31.176270385546044,23.373911232267496
1135.024000000005,12.0,False,True,35.56294080711262,31.075121430446828,-0.3833834025338714,32.18473409795791,28.152727998797562,0.0,4.466840487315913,9.235591989219843,8.054150974146049,-0.8137343961091964,3.435144594425011,3.335869234232099,7.477123280847224,12.254203658568741,4.788344383239746,36.29945086467844,44.16,7.860549135321555,0.0,False,0.0,0.0,False,False,33.57521604833371,24.298059992221013
1135.1240000000107,12.1,False,True,36.49486435777781,31.888574487425306,-0.46689037993537474,32.18473409795791,28.152727998797562,0.0,5.703838343011432,9.402879024083951,8.214910165423506,-0.856405151920871,3.3438915866016177,3.2472534298717144,7.835109585056346,12.485947419700933,4.661144256591797,36.15930502864726,44.16,8.000694971352736,0.0,False,0.0,0.0,False,False,36.46442566907177,25.246839038557393
1135.224000000002,12.2,False,True,37.44366322103569,32.71731886279043,-0.5546435314241688,32.18473409795791,28.152727998797562,0.0,6.963607202966204,9.573098241073854,8.359977341879006,-0.8986578778550085,3.524651959759997,3.422789845010094,7.807657958515994,12.709580287719248,4.913111209869385,36.2365963768673,44.16,7.9234036231327005,0.0,False,0.0,0.0,False,False,39.865714190569044,26.209446273807437
1135.323000000004,12.3,False,True,38.40895163877523,33.56118039966481,-0.6469923365221916,32.18473409795791,28.152727998797562,0.0,8.245740801642066,9.732670113716917,8.517253395608703,-0.9483182241054486,3.5161088134724197,3.4144935948579107,8.042623451576969,12.933231342067861,4.90120267868042,36.38584175525606,44.16,7.774158244743934,0.0,False,0.0,0.0,False,False,43.8011449647643,27.187530930480747
1135.423999999999,12.4,False,True,39.3890409513277,34.42072989814114,-0.7438832592164465,32.18473409795791,28.152727998797562,0.0,9.549339508452176,9.869116137332611,8.673736573917843,-0.9895002297796494,3.3883464609771985,3.2904235625007243,8.424988698915904,13.138993853635787,4.723111152648926,36.46600791003169,44.16,7.693992089968301,0.0,False,0.0,0.0,False,False,48.293014760239224,28.175422601835535
1135.523000000001,12.5,False,True,40.38320449918418,35.295966997414276,-0.8448239689132131,32.18473409795791,28.152727998797562,0.0,10.873857655457055,10.01415481979704,8.831005411544758,-1.0293139641556832,3.478306058209044,3.3777833357157014,8.512047347299045,13.351777160123557,4.848508358001709,36.36182025398022,44.16,7.798179746019773,0.0,False,0.0,0.0,False,False,53.36419429468463,29.186225731871744
1135.6240000000107,12.6,False,True,41.39230704393341,36.185881384774156,-0.9495431161757969,32.18473409795791,28.152727998797562,0.0,12.219286103454946,10.167896075187471,8.96728233565282,-1.0650689810959912,3.4348894015391886,3.3356214163970095,8.777755041972037,13.557221805485218,4.787988662719727,36.24395109072283,44.16,7.916048909277163,0.0,False,0.0,0.0,False,False,59.03825943984111,30.213445760868687
1135.7230000000127,12.7,False,True,42.43825987412559,37.0410941240341,-1.0538536894850776,32.18473409795791,28.152727998797562,0.0,13.569739983462748,10.376989114236167,8.98073979251352,-1.0916379330608716,3.3497723116688767,3.2529642025299266,9.065825345741883,13.723541463405562,4.669341564178467,36.569255973563585,44.16,7.590744026436409,0.0,False,0.0,0.0,False,False,65.30848861663145,31.09047590873109
1135.8329999999987,12.8,False,True,43.48396048744726,37.94613114051747,-1.1657085571127754,32.18473409795791,28.152727998797562,0.0,14.952700829521804,10.537023152197204,9.120000537153906,-1.145459419493085,3.316387540481102,3.220544248133271,9.324224533077691,13.93568321639192,4.622805595397949,36.603057541887445,44.16,7.55694245811255,0.0,False,0.0,0.0,False,False,72.24360366520541,32.10515393684219
1135.9230000000098,12.9,False,True,44.53259463424325,38.889010632207224,-1.2839378684848461,32.18473409795791,28.152727998797562,0.0,16.36268390601025,10.646766754938648,9.301855237165151,-1.1856447532418914,3.2909496673235465,3.1958415271507814,9.559887470746387,14.137827032017459,4.587347030639648,36.587705756630825,44.16,7.572294243369167,0.0,False,0.0,0.0,False,False,79.8337822734714,33.0785584836252
1136.024000000005,13.0,False,True,45.604581347963,39.826862417530855,-1.404047110056818,32.18473409795791,28.152727998797562,0.0,17.78700971608557,10.792967519456328,9.455180469307484,-1.2165400781975417,3.267608412392809,3.173174832322802,9.802786568796199,14.348818264345429,4.554811000823975,36.73158746641243,44.16,7.428412533587564,0.0,False,0.0,0.0,False,False,88.12588657488341,34.10596323159762
1136.1230000000069,13.1,False,True,46.692545278111574,40.780223452000655,-1.5275855077594984,32.18473409795791,28.152727998797562,0.0,19.233570304539313,10.966311083515084,9.612040220088547,-1.2542278758560705,3.1421236392994736,3.0513165575340166,10.210827789098401,14.582568222814034,4.379894256591797,36.70538969235068,44.16,7.454610307649315,0.0,False,0.0,0.0,False,False,97.13534566260051,35.16221106373474
1136.2230000000127,13.2,False,True,47.79766359253701,41.748728605631904,-1.6545240587990662,32.18473409795791,28.152727998797562,0.0,20.703014270963973,11.136055204993616,9.758062852536305,-1.284543144935283,3.155722409795591,3.064522324823989,10.415814721769987,14.806468726969113,4.398849964141846,36.685352340089395,44.16,7.474647659910597,0.0,False,0.0,0.0,False,False,106.8876136350563,36.228797667489495
1136.323000000004,13.3,False,True,48.91998669507996,42.732474391141785,-1.7847261208333858,32.18473409795791,28.152727998797562,0.0,22.195442873584543,11.310406845865392,9.916852857661276,-1.3194980957511078,3.122939360171036,3.0326867022931814,10.697026104671231,15.042249619638126,4.353152751922607,36.62012610536328,44.16,7.539873894636709,0.0,False,0.0,0.0,False,False,117.40833970412012,37.32091081636088
1136.423999999999,13.4,False,True,50.08215623944691,43.67609779144918,-1.9131683718059997,32.18473409795791,28.152727998797562,0.0,23.691617273416973,11.513492272366058,9.944211479499282,-1.3328193827203927,3.0119123245125583,2.9248683376682423,11.024882754592685,15.213410079756551,4.198389053344727,37.064022672513104,44.16,7.095977327486887,0.0,False,0.0,0.0,False,False,128.71156914553845,38.36257576354674
1136.523000000001,13.5,False,True,51.24266896369331,44.678117150997814,-2.0483993002682745,32.18473409795791,28.152727998797562,0.0,25.224856153767675,11.69676221256199,10.096175711473421,-1.3717991865251071,2.9660805716310312,2.8803611181944118,11.32664037390908,15.451440394156265,4.13450288772583,37.135923333071815,44.16,7.024076666928183,0.0,False,0.0,0.0,False,False,140.84035018013668,39.4722420024864
1136.6230000000069,13.6,False,True,52.42061984996315,45.69441589645569,-2.1869091789519612,32.18473409795791,28.152727998797562,0.0,26.780625206799307,11.862255512834857,10.229799197683953,-1.3983983871486272,2.9116321249144046,2.827486226538178,11.614985852560544,15.664031967431509,4.058605670928955,37.17190939948603,44.16,6.988090600513961,0.0,False,0.0,0.0,False,False,153.81414410352681,40.57833401904118
1136.7230000000127,13.7,False,True,53.615238677687636,46.72341303104966,-2.3279804033815115,32.18473409795791,28.152727998797562,0.0,28.357307155456933,12.030121041654787,10.350143494195446,-1.4230261014423784,2.8567093820366614,2.7741507458358954,11.897358849762172,15.869760005346697,3.9820473194122314,37.34145792655329,44.16,6.818542073446705,0.0,False,0.0,0.0,False,False,167.6579293898675,41.69598133683018
1136.823000000004,13.8,False,True,54.82700638233475,47.764626663111315,-2.4715863642134424,32.18473409795791,28.152727998797562,0.0,29.954950566127984,12.205233051287426,10.474129147037583,-1.449093115196238,2.8005749860736855,2.7196386287101717,12.189327976653166,16.083379471524673,3.903800010681153,37.49974727494263,44.16,6.660252725057365,0.0,False,0.0,0.0,False,False,182.3988745722947,42.83749592902169
1136.923999999999,13.9,False,True,56.01629377262283,48.850887696805025,-2.6158812950844554,32.18473409795791,28.152727998797562,0.0,31.565123972690742,12.309168480197494,10.635644972285265,-1.4675425233873396,2.73872731399467,2.659578348618295,12.458369993740106,16.267531240184674,3.8175888061523438,37.49369759026496,44.16,6.666302409735034,0.0,False,0.0,0.0,False,False,198.0074440517074,43.904971324160556
1137.024000000005,14.0,False,True,57.25532818339283,49.922054448766964,-2.7644438922550947,32.18473409795791,28.152727998797562,0.0,33.202985737460146,12.47151973520241,10.787690066953566,-1.5037094200254488,2.6500731002109466,2.573486233390854,12.803669732670453,16.48978658097769,3.6940112113952637,37.43748629395003,44.16,6.722513706049962,0.0,False,0.0,0.0,False,False,214.6113386469058,45.062601488693616
1137.1240000000107,14.1,False,True,58.55293371183963,50.95115452126976,-2.915335773059831,32.18473409795791,28.152727998797562,0.0,34.85757023629266,12.676854588838346,10.844080184994693,-1.5314420556534147,2.557178100628909,2.4832758906813672,13.126724674260027,16.682227588818776,3.5645222663879395,37.55440858762902,44.16,6.605591412370973,0.0,False,0.0,0.0,False,False,232.1814336938107,46.19215237202605
1137.224000000002,14.2,False,True,59.82982233915843,52.04171329087954,-3.070127614588942,32.18473409795791,28.152727998797562,0.0,36.53675576934921,12.860917957537751,10.96709520720113,-1.5643947749288054,2.546233712435124,2.472647794291366,13.362198469071537,16.90208235674915,3.5492665767669678,37.45104442650814,44.16,6.708955573491856,0.0,False,0.0,0.0,False,False,250.76469361315833,47.37019074540414
1137.3240000000078,14.3,False,True,61.12494009913101,53.144480261974856,-3.2284565199742836,32.18473409795791,28.152727998797562,0.0,38.23771965709204,13.041437241913785,11.088244214705105,-1.6021833327780322,2.454725853807524,2.3837845042913806,13.705695052250164,17.11806779691321,3.421711206436157,37.47082549262543,44.16,6.689174507374564,0.0,False,0.0,0.0,False,False,270.38229284558633,48.55699237957265
1137.4230000000098,14.4,False,True,62.43719058308597,54.25933485250956,-3.390568963243824,32.18473409795791,28.152727998797562,0.0,39.95955511262418,13.203572437185473,11.208847595989102,-1.6400655326127715,2.392449724503988,2.3233081493490353,13.994041073487463,17.31971678562079,3.334902763366699,37.49028785672809,44.16,6.669712143271907,0.0,False,0.0,0.0,False,False,291.061268013814,49.74541816162922
1137.524000000005,14.5,False,True,63.76719581691977,55.38760300543824,-3.5567151272636175,32.18473409795791,28.152727998797562,0.0,41.70360062221285,13.396532239490437,11.356515462584452,-1.6828577477831002,2.2890309260755095,2.2228781446037598,14.380539492102647,17.562389344722614,3.190744400024414,37.61410389526161,44.16,6.545896104738388,0.0,False,0.0,0.0,False,False,312.8339558096617,50.9968784546967
1137.6230000000069,14.6,False,True,65.1148567640645,56.52923661126395,-3.726976876135452,32.18473409795791,28.152727998797562,0.0,43.46975063004395,13.556686703404235,11.476156653929845,-1.7223772296535902,2.2501959395346947,2.185165485572297,14.634180888726405,17.76192348592335,3.1366112232208248,37.705579400837856,44.16,6.454420599162142,0.0,False,0.0,0.0,False,False,335.73051196385404,52.2196982940399
1137.724000000002,14.7,False,True,66.47922984193573,57.68329967427792,-3.9006409152061834,32.18473409795791,28.152727998797562,0.0,45.25668018993877,13.730774854020485,11.605104606349574,-1.7509035517610354,2.162506053827558,2.1000098294294647,14.972363532580655,17.978115335488237,3.0143778324127197,37.71430489129366,44.16,6.44569510870634,0.0,False,0.0,0.0,False,False,359.7788438238158,53.48311251303235
1137.823000000004,14.8,False,True,67.86261931643709,58.851148817274634,-4.076906568808104,32.18473409795791,28.152727998797562,0.0,47.06702172871449,13.937014636006715,11.751878253584616,-1.7744095202773822,2.129563594169768,2.0680194038005983,15.270658870131198,18.2303872545632,2.968458414077759,37.564190638772594,44.16,6.595809361227404,0.0,False,0.0,0.0,False,False,385.0169351158928,54.81228412943947
1137.9230000000098,14.9,False,True,69.26656503263683,60.03271500499381,-4.255410236581457,32.18473409795791,28.152727998797562,0.0,48.9018993187724,14.141899687988053,11.879445500798932,-1.7956638351896808,2.057287735056091,1.9978323103122195,15.610385174599216,18.46928672665971,2.867711067199707,37.39227216503189,44.16,6.767727834968101,0.0,False,0.0,0.0,False,False,411.4805684767168,56.150125776654136
1138.023000000001,15.0,False,True,70.68893811569774,61.22664953345169,-4.438064222453537,32.18473409795791,28.152727998797562,0.0,50.75882201864214,14.305561973229958,11.99924506835867,-1.857415882251931,1.9858708428811551,1.9284793596977148,15.9121058161997,18.67166263567476,2.7681610584259033,37.15856355357895,44.16,7.001436446421047,0.0,False,0.0,0.0,False,False,439.19591058656954,57.458410835179166
1138.1240000000107,15.1,False,True,72.09879739516244,62.46974070042063,-4.626375719857752,32.18473409795791,28.152727998797562,0.0,52.63829223727351,14.408970062451457,12.166101889800936,-1.9060462907523417,1.890899407887666,1.8362525903675921,16.229845330798895,18.858219784848206,2.635777711868286,36.95986867870012,44.16,7.200131321299875,0.0,False,0.0,0.0,False,False,468.08346337107344,58.57481523728458
1138.224000000002,15.2,False,True,73.55095212861954,63.69560302874618,-4.817093781501563,32.18473409795791,28.152727998797562,0.0,54.53860980585021,14.634124606690598,12.351144676710051,-1.908314942123874,1.8612311824210963,1.8074417738654829,16.56250214584741,19.149631271363173,2.5944223403930664,36.93730413778197,44.16,7.222695862218023,0.0,False,0.0,0.0,False,False,498.37178995992303,59.999725760866816
1138.3240000000078,15.3,False,True,75.02497064434174,64.94021475098857,-5.0091855472442814,32.18473409795791,28.152727998797562,0.0,56.46773458261585,14.846245707753242,12.541089768137747,-1.933520372730487,1.7806832767008272,1.7292216951502668,16.95893312880897,19.434246684332038,2.482144355773926,36.943529424866924,44.16,7.216470575133069,0.0,False,0.0,0.0,False,False,530.0284924764762,61.43436959260688
1138.4230000000098,15.4,False,True,76.51908389499754,66.20204667164283,-5.2031073831791925,32.18473409795791,28.152727998797562,0.0,58.42332773296982,15.03601930536286,12.69554864494746,-1.9449163459677343,1.6971802989374238,1.6481319456999006,17.31964323437843,19.67889305696517,2.3657472133636475,36.90639375477355,44.16,7.253606245226444,0.0,False,0.0,0.0,False,False,563.0823549128067,62.83924701816072
1138.523000000001,15.5,False,True,78.03390387115294,67.4803352030487,-5.398473014648463,32.18473409795791,28.152727998797562,0.0,60.405356197138076,15.260380217745181,12.870221983169696,-1.9623962834176651,1.6415501312769982,1.5941094847255468,17.681155109371655,19.96301125297015,2.2882027626037598,36.92215038215845,44.16,7.237849617841545,0.0,False,0.0,0.0,False,False,597.5698773364901,64.32208318679687
1138.6230000000069,15.6,False,True,79.56961861196076,68.77611481053172,-5.595541858895793,32.18473409795791,28.152727998797562,0.0,62.4146363961304,15.453914598411131,13.045370166490827,-1.9789806015289213,1.5156808584468469,1.4718778222066797,18.11684533336537,20.223875968660252,2.1127500534057617,37.333722151329326,44.16,6.826277848670669,0.0,False,0.0,0.0,False,False,633.5312518527804,65.79875674044553
1138.7230000000127,15.7,False,True,81.12975465149144,70.05362482369944,-5.790796722028882,32.18473409795791,28.152727998797562,0.0,64.43058428818485,15.567202228699566,13.09595558991745,-1.9805118831841575,1.502984841336367,1.4595487188132246,18.253990675709545,20.343102960028464,2.095052719116211,37.37395853906277,44.16,6.786041460937223,0.0,False,0.0,0.0,False,False,670.8957291247357,66.9957968469868
1138.823000000004,15.8,False,True,82.69622314912937,71.3726271992399,-5.989837837339858,32.18473409795791,28.152727998797562,0.0,66.4783439404368,15.762167724059017,13.284091920891758,-2.00031042303537,1.34760068112419,1.3086551464203704,18.74008615173966,20.613418676291168,1.8784583806991577,37.38341317814041,44.16,6.776586821859589,0.0,False,0.0,0.0,False,False,709.8446612734933,68.49536522005445
1138.923999999999,15.9,False,True,84.2817099641025,72.70765247366326,-6.190835519729369,32.18473409795791,28.152727998797562,0.0,68.55097511603054,15.947568575403777,13.416413567575399,-2.019643224754846,1.318233230918826,1.280136412802313,19.008068702497464,20.84046776066764,1.837522268295288,37.21744913873154,44.16,6.942550861268453,0.0,False,0.0,0.0,False,False,750.3646910167572,69.94455841495008
1139.023000000001,16.0,False,True,85.93298785912575,73.97225456049954,-6.389366353468972,32.18473409795791,28.152727998797562,0.0,70.62792504890263,16.14367261392084,13.446020604236217,-2.0108900102629357,1.173482421190737,1.1395688880507264,19.379250456333892,21.00984615733782,1.6357500553131104,37.46012007501992,44.16,6.699879924980071,0.0,False,0.0,0.0,False,False,792.4466305256371,71.30781253635217
1139.1240000000107,16.1,False,True,87.39174612505798,75.49504249798845,-6.587157486618096,32.18473409795791,28.152727998797562,0.0,72.72626017540482,16.141834154657374,13.713140678510078,-2.0050901941843535,1.1563006878446123,1.1228837052048173,19.572449615181718,21.180392752379998,1.611799955368042,37.24181283543002,44.16,6.918187164569974,0.0,False,0.0,0.0,False,False,835.8243049877287,72.61956941573554
1139.224000000002,16.2,False,True,89.01487615353341,76.8762698762398,-6.789263872810533,32.18473409795791,28.152727998797562,0.0,74.85752186079739,16.320766414851228,13.911406886517165,-2.037037529664381,1.029225748357515,0.999481219683573,20.013721302668007,21.445154649252892,1.434666633605957,37.385665479343906,44.16,6.774334520656088,0.0,False,0.0,0.0,False,False,881.1799952104723,74.16353490752326
1139.3240000000078,16.3,False,True,90.65471609177008,78.2779243228629,-6.994755936949273,32.18473409795791,28.152727998797562,0.0,77.01476547314037,16.47603234988207,14.121682045944693,-2.0728037531104206,0.9415678472815102,0.9143566238189988,20.390022858949536,21.69980520191638,1.3124778270721436,37.471940589609865,44.16,6.6880594103901325,0.0,False,0.0,0.0,False,False,928.2573781635562,75.71023995334558
1139.4230000000098,16.4,False,True,92.30898496058742,79.69864692880145,-7.203066684315578,32.18473409795791,28.152727998797562,0.0,79.19537423442698,16.60934502646457,14.29277007282641,-2.0934111942156917,0.9102294938433492,0.8839239458887845,20.646050057153282,21.912407867754414,1.2687944173812866,37.56917607473108,44.16,6.59082392526891,0.0,False,0.0,0.0,False,False,977.0836983072509,77.20533188867137
1139.524000000005,16.5,False,True,93.97996455155199,81.13995225203992,-7.4143590305325535,32.18473409795791,28.152727998797562,0.0,81.40206656391591,16.81024679282665,14.533336391943111,-2.132435730123825,0.7577307920653723,0.7358324424489884,21.167295178907548,22.2216620421857,1.0562222003936768,37.526075675356424,44.16,6.633924324643569,0.0,False,0.0,0.0,False,False,1027.7126126728665,78.89514737652758
1139.6230000000069,16.6,False,True,95.66918219523907,82.6041676557031,-7.629268367126416,32.18473409795791,28.152727998797562,0.0,83.63751808205461,16.974106080915043,14.75097168132045,-2.165751001753428,0.7352264398091187,0.7139784638858171,21.464817506436674,22.488028877366617,1.0248527526855469,37.475131984676864,44.16,6.684868015323134,0.0,False,0.0,0.0,False,False,1080.200095167475,80.53447624180198
1139.7230000000127,16.7,False,True,97.37578577996298,84.08738340229417,-7.848021424633776,32.18473409795791,28.152727998797562,0.0,85.89853837239473,17.157965613563196,14.913343250501114,-2.209310148393791,0.668006333184589,0.6487010121085349,21.803641330242943,22.73331456043056,0.9311527609825134,37.67811966896812,44.16,6.481880331031872,0.0,False,0.0,0.0,False,False,1134.5722583829295,82.15796067908163
1139.823000000004,16.8,False,True,99.09828930597381,85.58925226323494,-8.07123317435548,32.18473409795791,28.152727998797562,0.0,88.18377509585024,17.292104906653496,15.124033968314402,-2.254924846040267,0.5354612520902976,0.5199864715652264,22.227534947747106,22.97288174299075,0.7463944554328918,37.72806905215104,44.16,6.43193094784895,0.0,False,0.0,0.0,False,False,1190.8641378258612,83.79704469787671
1139.9230000000098,16.9,False,True,100.8345003031006,87.11242965377443,-8.296267346249369,32.18473409795791,28.152727998797562,0.0,90.49329709577741,17.432115035882145,15.339513842475261,-2.2457585918375,0.6264969525668832,0.6083912487409721,22.34803731950262,23.220235131189316,0.8732916712760925,37.680926483319965,44.16,6.479073516680029,0.0,False,0.0,0.0,False,False,1249.120601972428,85.48864927244361
1140.024000000005,17.0,False,True,102.58581223148252,88.65666062158826,-8.521741120666576,32.18473409795791,28.152727998797562,0.0,92.82800043729173,17.594123531756402,15.545105513801408,-2.2637168965066374,0.5052548467207516,0.49065302850942444,22.77423923134,23.477723234715995,0.704288899898529,37.17474856338324,44.16,6.985251436616755,0.0,False,0.0,0.0,False,False,1309.391813270263,87.22450361892201
1140.1240000000107,17.1,False,True,104.35333879680482,90.22229061706697,-8.749755628175336,32.18473409795791,28.152727998797562,0.0,95.18896001008571,17.756407774689706,15.767494395772774,-2.2965732536685497,0.4516413784695164,0.43858898451837053,23.1177481847808,23.74666074591935,0.6295555830001831,36.81509942477759,44.16,7.344900575222404,0.0,False,0.0,0.0,False,False,1371.7291194232268,89.01389329029215
1140.224000000002,17.2,False,True,106.13547518273822,91.81007404454299,-8.97905488701678,32.18473409795791,28.152727998797562,0.0,97.57545701955996,17.88631994397847,15.9881741537474,-2.2894119231603205,0.518869438491627,0.5038741598407811,23.26782936506609,23.990459643552445,0.7232666611671448,37.15578355917307,44.16,7.004216440826928,0.0,False,0.0,0.0,False,False,1436.1759362327186,90.7940750716094
1140.3240000000078,17.3,False,True,107.93077489193236,93.42092922518151,-9.210630480919534,32.18473409795791,28.152727998797562,0.0,99.98700309185284,18.019674239904468,16.228929459022975,-2.342099954894769,0.38845462790316565,0.37722832518325194,23.709414455932794,24.25050125457658,0.5414777994155884,37.31126894691313,44.16,6.848731053086862,0.0,False,0.0,0.0,False,False,1502.7772187646592,92.63503214006877
1140.4230000000098,17.4,False,True,109.74104458135031,95.05623277711783,-9.446803485105711,32.18473409795791,28.152727998797562,0.0,102.42587684476558,18.185719548454664,16.477141579703463,-2.381360128828755,0.441842920930416,0.42907370149341073,23.92458234528742,24.540101673233526,0.6158972382545471,37.16150293479471,44.16,6.998497065205285,0.0,False,0.0,0.0,False,False,1571.5973136303237,94.58227313461784
1140.524000000005,17.5,False,True,111.56731402093615,96.7180084249227,-9.687181894343263,32.18473409795791,28.152727998797562,0.0,104.89419276175974,18.339669243262076,16.758371376394013,-2.426208055922263,0.3842458694961858,0.37314119950390046,24.307879308587346,24.8432380969429,0.535611093044281,37.380714286817934,44.16,6.7792857131820625,0.0,False,0.0,0.0,False,False,1642.7015775406733,96.59012773466549
1140.6240000000107,17.6,False,True,113.40777082233069,98.40857976702297,-9.93540482195773,32.18473409795791,28.152727998797562,0.0,107.39211517801328,18.469466784628732,17.053055465611344,-2.538250496367086,0.3438882990609463,0.33394995911135306,24.65897573651339,25.138176227040038,0.4793555438518525,37.61499184057834,44.16,6.545008159421652,0.0,False,0.0,0.0,False,False,1716.1400599436172,98.59827152413934
1140.7230000000127,17.7,False,True,115.26334853037557,100.12642208897047,-10.18981742956865,32.18473409795791,28.152727998797562,0.0,109.9193741657771,18.642087376268965,17.303790973338604,-2.5500016558513354,0.31626452437469627,0.3071245089516211,24.99444846562187,25.435184367199724,0.44084998965263367,37.50454332609013,44.16,6.655456673909866,0.0,False,0.0,0.0,False,False,1791.9666443281337,100.68825374537799
1140.823000000004,17.8,False,True,117.13627134517583,101.86927463525366,-10.450012152471166,32.18473409795791,28.152727998797562,0.0,112.47618827409765,18.816368919736295,17.553259952324982,-2.6538928021989685,0.2599129921057206,0.2524015307390028,25.370489918759123,25.73271602993967,0.36230000853538513,37.10991787825826,44.16,7.0500821217417355,0.0,False,0.0,0.0,False,False,1870.240615811797,102.79636167286893
1140.9230000000098,17.9,False,True,119.02276579054511,103.63938158945462,-10.71818340798107,32.18473409795791,28.152727998797562,0.0,115.0611951031217,18.9135199876494,17.848879131694037,-2.7095323079991056,0.24316176847381507,0.2361344159164989,25.666925262981675,26.00584020140546,0.3389500081539154,37.20482147858626,44.16,6.955178521413733,0.0,False,0.0,0.0,False,False,1951.00730173199,104.91130966275105
1141.024000000005,18.0,False,True,120.92067754303054,105.43840998377117,-10.993140416046963,32.18473409795791,28.152727998797562,0.0,117.6738896228454,19.04471506205899,18.131688754636937,-2.7896078533187403,0.18633194196483133,0.18094696612305028,26.035893390896945,26.29561387170956,0.25973331928253174,37.38989140592641,44.16,6.770108594073583,0.0,False,0.0,0.0,False,False,2034.3207426220386,107.09953902942237
1141.1240000000107,18.1,False,True,122.83326341510602,107.27031488811552,-11.277103074973086,32.18473409795791,28.152727998797562,0.0,120.31936013190328,19.207002379450778,18.506409332250414,-2.889645325203726,0.22544604572451454,0.21893067591164203,26.35775704525083,26.672010175032423,0.31425556540489197,37.732111596935,44.16,6.4278884030649985,0.0,False,0.0,0.0,False,False,2120.2855856747124,109.58144040778038
1141.2230000000127,18.2,False,True,124.76137202236552,109.13862268093484,-11.570086929640581,32.18473409795791,28.152727998797562,0.0,123.00060579872401,19.355169765739255,18.85974652413615,-2.9700317681461974,0.1811407892958993,0.1759058372848068,26.771800275684324,27.02429713452789,0.25249722599983215,37.82335377102536,44.16,6.336646228974634,0.0,False,0.0,0.0,False,False,2208.9953020047096,112.05589040077726
1141.3240000000078,18.3,False,True,126.70377354871076,111.03799290945452,-11.868602221106494,32.18473409795791,28.152727998797562,0.0,125.71322904930393,19.49286076116568,19.127658046257306,-3.0002740611720724,0.19072401335799108,0.18521210706028204,27.04419976982994,27.310051684109727,0.2658555507659912,37.49512607043732,44.16,6.6648739295626696,0.0,False,0.0,0.0,False,False,2300.47541409569,114.40412146048659
1141.4230000000098,18.4,False,True,128.6600562561733,112.96520246127095,-12.171822228250745,32.18473409795791,28.152727998797562,0.0,128.4548310106675,19.632793388085183,19.416532990071186,-3.06412608171295,0.13654857984139038,0.13260233854791326,27.422136003523356,27.612466922999907,0.1903388947248459,37.00881920591389,44.16,7.151180794086107,0.0,False,0.0,0.0,False,False,2394.7693518086617,116.8511177034151
1141.523000000001,18.5,False,True,130.62908376758583,114.9226391628587,-12.480390281722723,32.18473409795791,28.152727998797562,0.0,131.22616913289448,19.74775684016546,19.732201041684046,-3.107234987726615,0.18146561717075704,0.1762212776642067,27.663624071220188,27.916548106235105,0.2529500126838684,37.186589242059405,44.16,6.9734107579405915,0.0,False,0.0,0.0,False,False,2491.9546623630454,119.38441602095608
1141.6230000000069,18.6,False,True,132.60676012939416,116.91148492181128,-12.791583067829125,32.18473409795791,28.152727998797562,0.0,134.02499857406116,19.805770396001336,20.044714137367393,-3.116620734401412,0.1333302546143476,0.12947702262145455,27.99324151385488,28.179054381364523,0.1858527809381485,37.48928430298983,44.16,6.670715697010163,0.0,False,0.0,0.0,False,False,2592.0799155272284,121.86446163017736
1141.7230000000127,18.7,False,True,134.59184975971544,118.93477565957527,-13.109545619950794,32.18473409795791,28.152727998797562,0.0,136.8524662388088,19.896022210424835,20.42110061791226,-3.242630308031954,0.17515251163043874,0.17009062028850658,28.266872971743517,28.51092861070321,0.24414999783039096,37.14011469437433,44.16,7.019885305625662,0.0,False,0.0,0.0,False,False,2695.2213797938007,124.55833176274504
1141.823000000004,18.8,False,True,136.58510585433592,120.99175327516441,-13.436981160561936,32.18473409795791,28.152727998797562,0.0,139.70870494402206,19.96909968198474,20.718451693870897,-3.3060805041909096,0.16119914146878736,0.15654050123044805,28.550746325043846,28.775322460405285,0.22470000386238098,37.31396599237112,44.16,6.84603400762887,0.0,False,0.0,0.0,False,False,2801.4476545200414,127.12263653627878
1141.923999999999,18.9,False,True,138.58448340267586,123.08202793715392,-13.769753271590384,32.18473409795791,28.152727998797562,0.0,142.59200061326462,20.018451284813874,21.087041545919213,-3.3493617163780507,0.16888325667732065,0.16400254622210345,28.840577523455856,29.075792560165738,0.23541110754013064,37.21407835910931,44.16,6.945921640890684,0.0,False,0.0,0.0,False,False,2910.8188354336553,129.90657990878947
1142.024000000005,19.0,False,True,140.59300034246425,125.20546720371554,-14.105746975182734,32.18473409795791,28.152727998797562,0.0,145.50459228944493,20.15188751095408,21.38174378531331,-3.370512355468948,0.15597807803852276,0.1514703260491005,29.164377332706756,29.381585007533737,0.217422217130661,37.09570011488158,44.16,7.064299885118414,0.0,False,0.0,0.0,False,False,3023.4403285186254,132.76662623372013
1142.1230000000069,19.1,False,True,144.56983380516283,124.96302286529618,-13.987842383562784,32.18473409795791,28.152727998797562,0.0,148.33288181767657,22.00743121220257,18.9755430942296,-2.810199327866412,0.18121452926433113,0.17597744617498978,28.806377822386597,29.058531695197413,0.2526000142097473,42.35044291816175,44.16,1.8095570818382478,0.0,False,0.0,0.0,False,False,3132.344946834993,131.37258102337768
1142.224000000002,19.2,False,True,124.90633535693888,149.12373450962204,-14.162271040459752,32.18473409795791,28.152727998797562,0.0,152.4181083607568,15.07693177915409,24.405699978669027,-2.802569391740046,0.13957359688502458,0.13553993287953592,28.49851466504241,28.68714107962088,0.19455555081367493,70.78817716256489,44.16,26.628177162564903,0.0,False,0.0,0.0,False,False,3090.41950031165,121.43414231090603
1142.323000000004,19.3,False,True,126.41644607368242,151.57660240106802,-14.442543385281418,32.18473409795791,28.152727998797562,0.0,155.28383146465487,15.125282555716518,24.65165785025034,-2.8028775046932974,0.17281898050417346,0.16782452799537145,28.688573703131617,28.921936435101845,0.24089722335338593,71.82407481572038,44.16,27.66407481572039,0.0,False,0.0,0.0,False,False,3203.013096785859,123.31001734647614
1142.423999999999,19.4,False,True,127.9232454549466,154.05430746606595,-14.72478697887849,32.18473409795791,28.152727998797562,0.0,158.16785472783383,15.010705069566926,24.902443449708866,-2.841994367248117,0.14296130596243006,0.13882973747879102,28.884015799551655,29.07667375150518,0.19927777349948883,71.74638598691149,44.16,27.586385986911502,0.0,False,0.0,0.0,False,False,3318.4843461379205,124.96494209833315
1142.524000000005,19.5,False,True,142.28604705914182,150.147289739773,-16.044282461945333,32.18473409795791,28.152727998797562,0.0,164.33189650870955,18.747780621110053,23.476463266555392,-3.037786368187694,0.17853623331900323,0.1733765527340884,29.79682344689421,30.04369494125505,0.24886666238307953,61.58200080640082,44.16,17.422000806400824,0.0,False,0.0,0.0,False,False,3403.331112381053,124.07529491520216
1142.6230000000069,19.6,False,True,144.1601011087573,152.50877739434645,-16.356047194652334,32.18473409795791,28.152727998797562,0.0,167.34069988640366,18.733300371199284,23.753289824913896,-3.1975082859523174,0.14258068671395016,0.1384601180912924,30.05453444106799,30.251534180995403,0.19874721765518188,61.09107110037686,44.16,16.93107110037686,0.0,False,0.0,0.0,False,False,3522.7379415979112,125.76662218742132
1142.7230000000127,19.7,False,True,146.02649266948683,154.8959051616688,-16.6791447200842,32.18473409795791,28.152727998797562,0.0,170.3636667602492,18.594530843391325,23.989265521532705,-3.2644422226849787,0.1892154975700402,0.1837471872386985,30.090834753185774,30.351959369181245,0.2637527883052826,61.056226392523314,44.16,16.89622639252332,0.0,False,0.0,0.0,False,False,3645.017198555597,127.27229219112537
1142.8240000000078,19.8,False,True,147.89177276121575,157.31039890872887,-17.01089189617509,32.18473409795791,28.152727998797562,0.0,173.40652453439796,18.711070991187214,24.300609419668405,-3.3705012991327497,0.21640683833297863,0.21015270077539738,30.371083402666567,30.66959073421953,0.3016555607318878,61.09386613215668,44.16,16.93386613215668,0.0,False,0.0,0.0,False,False,3770.2637076491087,129.24434005411226
1142.923999999999,19.9,False,True,149.76221621314627,159.75470728769497,-17.34778380884926,32.18473409795791,28.152727998797562,0.0,176.47533893805905,18.697798047423227,24.585558159653427,-3.367336954350656,0.2318308708137179,0.2251309801479159,30.56832275633733,30.887818340632688,0.32315555214881897,62.2031542109376,44.16,18.0431542109376,0.0,False,0.0,0.0,False,False,3898.5808628971763,131.0565954564783
1143.0250000000087,20.0,False,True,151.63035061749133,162.2276881943392,-17.69035932882637,32.18473409795791,28.152727998797562,0.0,179.56433459116406,18.664890039477434,24.874059973231336,-3.484173445191545,0.21990214276878745,0.21354699123717666,30.795429515511405,31.098182900897815,0.3065277636051178,62.771885981342145,44.16,18.611885981342148,0.0,False,0.0,0.0,False,False,4029.9614114637734,132.84117918151546
1143.1240000000107,20.1,False,True,153.49227865737447,164.73250732654893,-18.042627216521513,32.18473409795791,28.152727998797562,0.0,182.6733600946019,18.57367075818499,25.222322670963052,-3.561184308711284,0.25982531231142114,0.2523163848826269,30.96608061964317,31.32326302209961,0.3621777892112732,63.32504965732369,44.16,19.165049657323696,0.0,False,0.0,0.0,False,False,4164.441938562703,134.69681700653962
1143.224000000002,20.2,False,True,155.34339991733924,167.27259870469146,-18.404117318509538,32.18473409795791,28.152727998797562,0.0,185.80203279736926,18.448754441110456,25.579504891887325,-3.668617731049245,0.33661867987096544,0.3268904312417556,31.076421913270135,31.538351430321786,0.4692222177982331,62.433659545964844,44.16,18.273659545964847,0.0,False,0.0,0.0,False,False,4302.060436219017,136.53916861032945
1143.3240000000078,20.3,False,True,157.18400285962127,169.84749683926898,-18.77195578617104,32.18473409795791,28.152727998797562,0.0,188.95032338608257,18.363304404530115,25.918457799663432,-3.6881516221808246,0.2485860925245149,0.24140197750520212,31.423784228153377,31.764404659404043,0.3465111255645752,62.08115091164286,44.16,17.92115091164286,0.0,False,0.0,0.0,False,False,4442.86815874343,138.4697956191333
1143.423999999999,20.4,False,True,159.01767628775843,172.4592118296128,-19.146011578951615,32.18473409795791,28.152727998797562,0.0,192.1222436370516,18.31016415821289,26.315842007212883,-3.7929642334305966,0.3622217998293355,0.3517536234078416,31.563626542301797,32.05909624504868,0.5049111247062683,62.490956070612036,44.16,18.330956070612043,0.0,False,0.0,0.0,False,False,4586.953824514217,140.55415951041505
1143.523000000001,20.5,False,True,160.84134093131073,175.10918552507002,-19.528529152047305,32.18473409795791,28.152727998797562,0.0,195.3169805483974,18.163128712832982,26.68363190193184,-3.8573872284832187,0.35798317342122504,0.34763749290982215,31.790058338915852,32.27871521787589,0.4990027844905853,63.03125696055823,44.16,18.871256960558235,0.0,False,0.0,0.0,False,False,4734.354289622812,142.52168121291035
1143.6240000000107,20.6,False,True,162.65144206601315,177.79643397386883,-19.92071361591111,46.88211769386151,37.05486144308423,0.0,182.2381044239172,18.038893981215736,27.061337074044204,-3.9863020487929095,0.5191741010087387,0.1625002990877716,32.1012150007857,32.52257155116398,0.544011116027832,63.63568507975936,17.379999999999995,46.25568507975937,0.0,False,0.0,0.0,False,False,4885.085393343137,144.53918859128783
1143.724000000002,20.7,False,True,164.45182753138496,180.52224091000036,-20.324010217906018,46.88211769386151,37.05486144308423,0.0,185.4872654453226,17.968815326220415,27.45480164858628,-4.079629991105245,0.6359965104482852,0.1990654444546066,32.30018210675597,32.81226078451513,0.6664222478866577,63.85050354193657,17.379999999999995,46.47050354193657,0.0,False,0.0,0.0,False,False,5039.237014691295,146.7312526688175
1143.8240000000078,20.8,False,True,166.2425334834603,183.29171005637892,-20.74099476981115,46.88211769386151,37.05486144308423,0.0,188.76473386152819,17.845303715286416,27.93458127898496,-4.2600610469973565,0.5612924852810494,0.1756832564580372,32.70005296056874,33.14808736447749,0.5881444215774536,63.132077637333296,17.379999999999995,45.7520776373333,0.0,False,0.0,0.0,False,False,5196.9040962138615,149.05206253306
1143.923999999999,20.9,False,True,168.0155898299383,186.10693896998816,-21.172342304622195,46.88211769386151,37.05486144308423,0.0,192.06727958407666,17.615823214273615,28.369996993199692,-4.366889649223569,0.7317702511758983,0.22904240494387776,32.81744306918144,33.39422041178235,0.7667777538299559,62.290419940552695,17.379999999999995,44.9104199405527,0.0,False,0.0,0.0,False,False,5358.102191169875,151.2473682591983
1144.024000000005,21.0,False,True,169.76836796780145,188.96746424986753,-21.619966702645897,46.88211769386151,37.05486144308423,0.0,195.39311502179626,17.43973954298908,28.840508604387747,-4.585598311250498,0.7246233102780714,0.22680542888670738,33.13818220857501,33.70340415873537,0.7592889070510864,60.958232776111885,17.379999999999995,43.57823277611188,0.0,False,0.0,0.0,False,False,5522.867515383545,153.59088404868032
1144.1240000000107,21.1,False,True,171.50435751374772,191.8752031465587,-22.092725357742733,46.88211769386151,37.05486144308423,0.0,198.7461719452876,17.280051375936612,29.314269329435536,-4.869574790686182,0.7320671823890808,0.22913534373041755,33.46312597227458,34.02831999781496,0.7670888900756836,60.71658420312546,17.379999999999995,43.336584203125454,0.0,False,0.0,0.0,False,False,5691.288859664173,155.982116097733
1144.224000000002,21.2,False,True,173.2143224094001,194.8307054093295,-22.59297321650798,46.88211769386151,37.05486144308423,0.0,202.12135683185417,16.91924653711098,29.79577592598011,-5.13538238461874,0.8837125695965196,0.2766000010170778,33.59345318528935,34.26440086175093,0.9259889125823975,61.13677613184661,17.379999999999995,43.756776131846614,0.0,False,0.0,0.0,False,False,5863.343729666576,158.21069202955152
1144.3240000000078,21.3,False,True,174.8924283355633,197.83694553224254,-23.11928212630341,46.88211769386151,37.05486144308423,0.0,205.5176834110344,16.642871986152816,30.32902653228034,-5.390795811289936,1.0042674385157926,0.3143333976133369,33.84446418789342,34.59530370358432,1.0523110628128052,61.531556860906036,17.379999999999995,44.151556860906034,0.0,False,0.0,0.0,False,False,6039.070082952676,160.76114992833186
1144.4230000000098,21.4,False,True,173.78037863223057,200.15353044245344,-23.427372124442552,46.88211769386151,37.05486144308423,0.0,206.6502950845902,14.522173347038352,30.81313772444918,-5.7727522069441655,1.0566000289880795,0.3307133780231095,33.324163287611235,34.06380740826404,1.107147216796875,60.869711806746494,17.379999999999995,43.48971180674649,0.0,False,0.0,0.0,False,False,6215.679619781842,162.0252442701273
1144.524000000005,21.5,False,True,175.2107598706453,203.26126582138522,-24.01993785745649,46.88211769386151,37.05486144308423,0.0,209.98287849084343,14.085451421255705,31.34156985418613,-6.07856245333457,1.194521392042328,0.3738824473263783,33.54360953068491,34.36122731605178,1.2516666650772095,60.96538555596687,17.379999999999995,43.585385555966866,0.0,False,0.0,0.0,False,False,6398.617621169433,164.37660702391224
1144.6260000000038,21.6,False,True,176.5967994697383,206.4192857591544,-24.635537995391456,46.88211769386151,37.05486144308423,0.0,213.33121405957178,13.63534056060432,31.818828901197705,-6.233440305364711,1.3167411235568924,0.4121369420844086,33.73615555905943,34.61734225568676,1.3797333240509033,60.91304261489446,17.379999999999995,43.533042614894455,0.0,False,0.0,0.0,False,False,6585.317563276836,166.7024402512753
1144.7230000000127,21.7,False,True,177.9451024910277,209.62884856688885,-25.274737011222882,46.88211769386151,37.05486144308423,0.0,216.70091604732386,13.330719865183696,32.37242725349107,-6.550540011263782,1.4530322091073469,0.4547957382799706,34.056051820434284,35.00974347816011,1.522544503211975,60.63413475798478,17.379999999999995,43.25413475798479,0.0,False,0.0,0.0,False,False,6775.916000655581,169.3917967243238
1144.8240000000078,21.8,False,True,179.25649681741092,212.89075455580056,-25.94141004467177,46.88211769386151,37.05486144308423,0.0,220.09370176152655,12.897166662480307,32.865692524742826,-6.782920657714013,1.5352860232283019,0.4805409928483224,34.320407506385735,35.30567451629737,1.608733296394348,60.77999712457371,17.379999999999995,43.399997124573716,0.0,False,0.0,0.0,False,False,6970.479039279938,171.8503533462359
1144.9230000000098,21.9,False,True,180.5215217998209,216.2017386404969,-26.633109267928177,46.88211769386151,37.05486144308423,0.0,223.50188799958886,12.403332985719178,33.35398916918396,-7.051063807414101,1.6449959630947701,0.5148799516033209,34.55645973904967,35.58554850852619,1.723691701889038,60.86377788725358,17.379999999999995,43.48377788725358,0.0,False,0.0,0.0,False,False,7168.959536041259,174.33614630972184
1145.023000000001,22.0,False,True,181.73450494388166,219.56023437226463,-27.352552947107935,46.88211769386151,37.05486144308423,0.0,226.92152276734046,11.85632989549553,33.81592546617099,-7.337809776181093,1.81258940061881,0.5673363119454287,34.73248341070519,35.83419280135179,1.8993027210235596,60.749341108170626,17.379999999999995,43.36934110817063,0.0,False,0.0,0.0,False,False,7371.351527719141,176.75189706552723
1145.1240000000107,22.1,False,True,182.89200514312157,222.96699282599332,-28.099638072287966,46.88211769386151,37.05486144308423,0.0,230.35192658038793,11.293674089302327,34.319243608402836,-7.603892727419521,1.9479233665154316,0.6096955318915044,34.98109043604988,36.129732303025406,2.0411109924316406,60.68710248457778,17.379999999999995,43.30710248457778,0.0,False,0.0,0.0,False,False,7577.694769184487,179.39828842016652
1145.2230000000127,22.2,False,True,183.99675016091717,226.4317437725485,-28.88417197368217,46.88211769386151,37.05486144308423,0.0,233.8033917576978,10.801226266609984,34.97577532270083,-8.086785300464548,1.9940182399426705,0.6241231212180629,35.46269761589816,36.60561908077165,2.0894110202789307,59.47995176604798,17.379999999999995,42.09995176604798,0.0,False,0.0,0.0,False,False,7788.176500608157,182.61039130720667
1145.323000000004,22.3,False,True,185.05440632435767,229.9586706030182,-29.715758297604037,46.88211769386151,37.05486144308423,0.0,237.28350329047606,10.351897002199959,35.56276128669349,-8.544941177972754,2.150286880269383,0.6730348460937665,35.84075082489257,37.03878726252388,2.253155469894409,58.85782849189122,17.379999999999995,41.477828491891216,0.0,False,0.0,0.0,False,False,8002.958591560521,185.72700788854203
1145.423999999999,22.4,False,True,186.06789300603756,233.54798497631944,-30.589735330999197,46.88211769386151,37.05486144308423,0.0,240.79499090533173,9.917836631397654,36.22352617933149,-8.934599489930447,2.2264225461978016,0.6968651343546334,36.349711080484354,37.55672153305993,2.3329334259033203,58.74070931827591,17.379999999999995,41.36070931827591,0.0,False,0.0,0.0,False,False,8222.168436364538,189.22316517617358
1145.524000000005,22.5,False,True,187.03555599402313,237.2001924470747,-31.503675994179137,46.88211769386151,37.05486144308423,0.0,244.33816687135499,9.435423128313872,36.820623235773226,-9.344213773668333,2.4562498080694053,0.7688005385284841,36.721148947542254,38.01033418796898,2.5737555027008057,59.36149460697365,17.379999999999995,41.98149460697365,0.0,False,0.0,0.0,False,False,8445.886421019366,192.54986699930953
1145.6240000000107,22.6,False,True,187.95676630921,240.90986188968202,-32.46291832429199,46.88211769386151,37.05486144308423,0.0,247.90909158202814,8.988783175423345,37.37276561637335,-9.840632828588717,2.5197243725744274,0.7886679311747875,37.15164767860058,38.438546184671864,2.6402666568756104,59.17540013708952,17.379999999999995,41.795400137089516,0.0,False,0.0,0.0,False,False,8674.115958313201,195.80384404131598
1145.7230000000127,22.7,False,True,188.82196598529683,244.6698840836987,-33.47539876880897,46.88211769386151,37.05486144308423,0.0,251.49735219094956,8.315210346312908,37.82767826395989,-10.408976061751002,2.6475827254372515,0.8286873014413505,37.43056685509106,38.73081416579172,2.7742416858673096,58.2089191407322,17.379999999999995,40.8289191407322,0.0,False,0.0,0.0,False,False,8906.746067666514,198.72068533018125
1145.823000000004,22.8,False,True,189.62841547285925,248.4771676934243,-34.540923754296415,46.88211769386151,37.05486144308423,0.0,255.09977873338673,7.813779404935197,38.31799393055193,-10.901523647997847,2.7599169228878107,0.863847646782216,37.793578817485205,39.10656987579969,2.8919498920440674,57.62303020923967,17.379999999999995,40.24303020923967,0.0,False,0.0,0.0,False,False,9143.796879225625,201.91754920103705
1145.9230000000098,22.9,False,True,190.3808908863961,252.33765928220816,-35.65039465082307,46.88211769386151,37.05486144308423,0.0,258.7249136693325,7.235728865802051,38.89183784512498,-11.287894282535202,2.9257874767749024,0.9157647485100102,38.21986031654607,39.55920655411199,3.065755605697632,57.578394722251325,17.379999999999995,40.19839472225133,0.0,False,0.0,0.0,False,False,9385.503531271088,205.5696337985298
1146.023000000001,23.0,False,True,191.07892816283322,256.2626900726782,-36.80792096219984,46.88211769386151,37.05486144308423,0.0,262.3829115661422,6.725016662940856,39.60877796427517,-11.862631945000235,3.0156841410497237,0.943902197591673,38.84239649932825,40.17562869377507,3.1599528789520264,57.75401545743817,17.379999999999995,40.37401545743817,0.0,False,0.0,0.0,False,False,9632.102345239351,209.87014721834802
1146.1240000000107,23.1,False,True,191.73045496305983,260.2561179319876,-38.018403983764635,46.88211769386151,37.05486144308423,0.0,266.0823964637207,6.305519341590999,40.259779221913895,-12.347028486295827,3.064835471938019,0.959286451071173,39.43387837854768,40.75057542126771,3.2114555835723877,58.24625075292127,17.379999999999995,40.86625075292127,0.0,False,0.0,0.0,False,False,9883.819785401414,214.00881067223352
1146.2230000000127,23.2,False,True,192.32777264692305,264.3124050159541,-39.28170133188195,46.88211769386151,37.05486144308423,0.0,269.81554746808024,5.640834335673923,40.86596245741661,-12.918918476050509,3.2796557620353375,1.0265247076080657,39.90934683100539,41.253435003324284,3.4365527629852295,58.42026279774816,17.379999999999995,41.04026279774816,0.0,False,0.0,0.0,False,False,10140.611543581905,218.1309385678091
1146.3240000000078,23.3,False,True,192.8642869516436,268.4289221850928,-40.60097418217348,46.88211769386151,37.05486144308423,0.0,273.57768499176683,5.089451758737414,41.46438092535824,-13.46653852978022,3.3365798647041096,1.044341820771079,40.458029130115165,41.7755598972381,3.4962000846862797,58.13053817287945,17.379999999999995,40.750538172879445,0.0,False,0.0,0.0,False,False,10402.480965137085,222.3257649311429
1146.423999999999,23.4,False,True,193.34820865629547,272.6095927817541,-41.96839047487509,46.88211769386151,37.05486144308423,0.0,277.37762573403234,4.588982334299844,42.149031007866505,-13.881787324251961,3.448937953171821,1.0795096439453442,41.08534150098449,42.398108139003185,3.6139333248138423,57.819888592258536,17.379999999999995,40.439888592258534,0.0,False,0.0,0.0,False,False,10669.72044796242,227.10039682409462
1146.523000000001,23.5,False,True,193.77318567553954,276.85688266400035,-43.38547236105592,46.88211769386151,37.05486144308423,0.0,281.21521159858094,3.9105580505816286,42.79676663705808,-14.459850399364587,3.5182287289192704,1.101197497328452,41.69741488608868,42.97505903258047,3.686538934707641,57.573712557333685,17.379999999999995,40.19371255733369,0.0,False,0.0,0.0,False,False,10942.439554274719,231.90048576857578
1146.6230000000069,23.6,False,True,194.13034069046873,281.1661447719756,-44.86634628948629,46.88211769386151,37.05486144308423,0.0,285.0830717951117,3.2325422480024315,43.38847552244671,-15.15762816924284,3.594862465671947,1.1251836806113384,42.26484488612588,43.508724843956045,3.766838788986206,57.55433318799151,17.379999999999995,40.17433318799151,0.0,False,0.0,0.0,False,False,11220.562959948693,236.5546851922707
1146.7230000000127,23.7,False,True,194.4191009675283,285.5356498428664,-46.41525018293634,46.88211769386151,37.05486144308423,0.0,288.98073229416445,2.5426632931886854,44.00162589536962,-15.820449699758175,3.6933084735514528,1.155997054570737,42.861076690799415,44.07502941642344,3.8699944019317627,57.11727927304236,17.379999999999995,39.73727927304236,0.0,False,0.0,0.0,False,False,11504.175039967304,241.50013735758444
1146.823000000004,23.8,False,True,194.64407834363368,289.97007338462157,-48.03594992253392,46.88211769386151,37.05486144308423,0.0,292.915860694667,1.9568842289190385,44.686844939733014,-16.59354509219349,3.688730272064524,1.1545640880389618,43.56671627364091,44.729671433547715,3.86519718170166,56.61187514435331,17.379999999999995,39.23187514435332,0.0,False,0.0,0.0,False,False,11793.533420392481,246.86526765700754
1146.923999999999,23.9,False,True,194.80800830305708,294.47535345906954,-49.72497518902335,46.88211769386151,37.05486144308423,0.0,296.8962425196312,1.3217149595493443,45.41875654922652,-17.186960237594985,3.8751589324446822,1.2129158297985116,44.279526079602014,45.437983856155014,4.060544490814209,56.294947316355255,17.379999999999995,38.91494731635526,0.0,False,0.0,0.0,False,False,12088.937438792986,252.74572794005022
1147.024000000005,24.0,False,True,194.9099284611368,299.0528693140368,-51.47381890912451,46.88211769386151,37.05486144308423,0.0,300.92389218687833,0.7166882020446272,46.131560550118955,-17.789914164428296,3.766999747124915,1.179062253648618,45.055870911749324,46.13712735713226,3.947211027145386,56.40190088679184,17.379999999999995,39.02190088679185,0.0,False,0.0,0.0,False,False,12390.595079194758,258.68641427332994
1147.1240000000107,24.1,False,True,194.94471479737953,303.6990391586411,-53.2880627944597,46.88211769386151,37.05486144308423,0.0,304.99450842702754,-0.0209614771896941,46.791836341967155,-18.49496354227546,3.998152619148243,1.2514125707499635,45.71743076094091,46.79184103705436,4.189422130584717,55.93709399477214,17.379999999999995,38.55709399477214,0.0,False,0.0,0.0,False,False,12698.537785132123,264.6542096370804
1147.224000000002,24.2,False,True,194.9109161854025,308.4150514945119,-55.171952487025564,46.88211769386151,37.05486144308423,0.0,309.10981532069826,-0.6550107623509356,47.528410375448985,-19.182830309041822,4.087659746076728,1.2794280955384798,46.49151842518145,47.53292366261392,4.2832112312316895,55.59268807654913,17.379999999999995,38.21268807654913,0.0,False,0.0,0.0,False,False,13012.94013990369,271.1456324388293
1147.3240000000078,24.3,False,True,194.81347675574239,313.2017310533712,-57.12435388125111,46.88211769386151,37.05486144308423,0.0,313.2742897038567,-1.2937778308518735,48.20518080173742,-19.86519757546912,4.06311161218568,1.2717445861115046,47.238159357781434,48.222539514254095,4.25748872756958,54.777310100147645,17.379999999999995,37.397310100147656,0.0,False,0.0,0.0,False,False,13334.049372029767,277.470639137116
1147.4230000000098,24.4,False,True,194.6498271317894,318.0539802502925,-59.14564582012303,46.88211769386151,37.05486144308423,0.0,317.4835440191498,-1.9792146482080035,48.83980313668812,-20.56064120196915,4.1776410528123185,1.3075920375156158,47.929301727643434,48.87989014977562,4.37749719619751,54.46862391134237,17.379999999999995,37.08862391134237,0.0,False,0.0,0.0,False,False,13661.90811909964,283.7998042806458
1147.523000000001,24.5,False,True,194.41933412384867,322.969569851988,-61.23583206531796,46.88211769386151,37.05486144308423,0.0,321.73661699666286,-2.6306455106066977,49.471988897221635,-21.243083701929436,4.284347436755711,1.3409908901773437,48.62520022186205,49.5418810830725,4.4893083572387695,54.68395895567161,17.379999999999995,37.30395895567162,0.0,False,0.0,0.0,False,False,13996.643552633861,290.2499438263615
1147.6230000000069,24.6,False,True,194.11734867816637,327.9477394837433,-63.40728505801827,46.88211769386151,37.05486144308423,0.0,326.0320225649305,-3.409063403039554,50.0914037378843,-22.185976152076783,4.493584964978209,1.4064817550923667,49.322139853204575,50.20727478879603,4.708555698394775,54.874059169429856,17.379999999999995,37.49405916942985,0.0,False,0.0,0.0,False,False,14338.345094935159,297.0648327185851
1147.7230000000127,24.7,False,True,193.73890588511148,332.99157768949755,-65.66256486308008,46.88211769386151,37.05486144308423,0.0,330.3716940970576,-4.159792458058608,50.785360377199964,-22.91961994915931,4.519869179449012,1.4147086537463904,50.127814412162145,50.95543839411249,4.73609733581543,54.89140588343402,17.379999999999995,37.51140588343403,0.0,False,0.0,0.0,False,False,14687.230992606765,304.53919979832267
1147.823000000004,24.8,False,True,193.28432919834972,338.1000364635016,-67.98667273098587,46.88211769386151,37.05486144308423,0.0,334.7563366636674,-4.931741277176401,51.383815102882515,-23.56253740895655,4.648612637613966,1.4550050599360491,50.83964253844898,51.619943108765845,4.870999813079834,54.5321983281674,17.379999999999995,37.1521983281674,0.0,False,0.0,0.0,False,False,15043.533814720338,311.62776534670627
1147.9230000000098,24.9,False,True,192.73745624235693,343.26718684982,-70.3920403597765,46.88211769386151,37.05486144308423,0.0,339.17512882594565,-6.005717842679391,51.95919262348546,-24.54481516685595,4.693702950653312,1.4691182241725131,51.61128963861451,52.30512732887994,4.918247222900391,54.83451640849935,17.379999999999995,37.45451640849936,0.0,False,0.0,0.0,False,False,15407.14586434661,319.6076363155253
1148.023000000001,25.0,False,True,192.09107104539075,348.50397696576,-72.8822748081004,46.88211769386151,37.05486144308423,0.0,343.6367147050845,-6.92198609664427,52.776609695314434,-25.259873799622344,4.743702526417272,1.484767976346435,52.60172352664781,53.228605302540984,4.970638751983643,54.6992668256902,17.379999999999995,37.31926682569021,0.0,False,0.0,0.0,False,False,15778.511739327936,329.19716527765445
1148.1230000000069,25.1,False,True,191.36228136574456,353.8173151966534,-75.44243072328561,46.88211769386151,37.05486144308423,0.0,348.1565306046063,-7.653807496279821,53.49015492255339,-25.94324450408188,4.894775211813539,1.532053379283884,53.451952667442974,54.03496500256914,5.128938674926758,53.992701864054474,17.379999999999995,36.61270186405448,0.0,False,0.0,0.0,False,False,16158.260858192223,337.8089440205148
1148.224000000002,25.2,False,True,190.54925420354243,359.1966625563828,-78.08361104865983,46.88211769386151,37.05486144308423,0.0,352.7259362981567,-8.606735747762695,54.096792272035216,-26.88036200340244,4.875004371219025,1.5258651516670154,54.272089465311964,54.777174391853634,5.108222007751465,54.10871166237989,17.379999999999995,36.72871166237989,0.0,False,0.0,0.0,False,False,16546.327866921387,346.63912716697405
1148.323000000004,25.3,False,True,189.6469067163954,364.63605969270117,-80.81771406815137,46.88211769386151,37.05486144308423,0.0,357.33909166407113,-9.440213995178574,54.691150454332,-27.801698386428324,4.993467866003458,1.5629439529709523,55.05395079484376,55.49990611066964,5.23235273361206,54.172608071536864,17.379999999999995,36.79260807153687,0.0,False,0.0,0.0,False,False,16942.71920589743,355.2410884876254
1148.4230000000098,25.4,False,True,188.6684185668977,370.13809572211466,-83.64211205809069,46.88211769386151,37.05486144308423,0.0,362.0052431568342,-10.129548994775279,55.34957013393748,-28.68626141235805,5.080358357719992,1.5901404769585437,55.869647920093044,56.26884286040737,5.323400020599364,53.93388585459842,17.379999999999995,36.55388585459843,0.0,False,0.0,0.0,False,False,17347.847867009557,364.05654423791066
1148.523000000001,25.5,False,True,187.6171713915272,375.70657270754583,-86.5570695562134,46.88211769386151,37.05486144308423,0.0,366.73060532444396,-10.895394512634901,56.01996957468605,-29.61288855009625,5.08208124135694,1.5906797355728572,56.72589641301042,57.069664557755246,5.325205326080322,53.823990020610175,17.379999999999995,36.44399002061017,0.0,False,0.0,0.0,False,False,17762.10465367294,373.5141822391127
1148.6230000000069,25.6,False,True,186.48862273545575,381.33924470198957,-89.56589862065951,46.88211769386151,37.05486144308423,0.0,371.5127357250267,-11.675578608793998,56.63347031418892,-30.56369273882571,5.241687798080116,1.6406362206006975,57.53612521126245,57.824467967100624,5.492447376251221,53.44630836259525,17.379999999999995,36.06630836259526,0.0,False,0.0,0.0,False,False,18185.654988740047,382.8354025940403
1148.7230000000127,25.7,False,True,185.28238741572213,387.0336216033307,-92.67359684866858,46.88211769386151,37.05486144308423,0.0,376.3505908357088,-12.449127785878291,57.25406771263324,-31.59027182135578,5.288826822723672,1.6553906268555556,58.359642968282486,58.591885549723685,5.541841506958007,53.42519954020373,17.379999999999995,36.04519954020373,0.0,False,0.0,0.0,False,False,18618.678039647653,392.4833680374452
1148.823000000004,25.8,False,True,183.99750511101826,392.7883792891453,-95.87936390786578,46.88211769386151,37.05486144308423,0.0,381.2439706876567,-13.248518308198808,57.841086003659115,-32.52506936258821,5.35191731068628,1.6751378044277754,59.16578354362449,59.33897932594872,5.607950210571289,52.72547468701064,17.379999999999995,35.34547468701064,0.0,False,0.0,0.0,False,False,19061.408376458654,402.1688144594671
1148.9230000000098,25.9,False,True,182.6329413822712,398.6039678357314,-99.18186509749987,46.88211769386151,37.05486144308423,0.0,386.19430661961263,-14.042756266742147,58.470684928061935,-33.52495443009332,5.377689574789527,1.6832044637946615,60.016428202313094,60.13335180682859,5.634955406188965,52.01139435507429,17.379999999999995,34.631394355074285,0.0,False,0.0,0.0,False,False,19514.14670725247,412.5034767059602
1149.023000000001,26.0,False,True,181.19342430969937,404.4805433974529,-102.58464488759182,46.88211769386151,37.05486144308423,0.0,391.2047530954685,-14.74758518469515,59.06082630636778,-34.530641371745645,5.410893082894718,1.693597085436175,60.805947361683316,60.87423488447953,5.669747352600098,51.293157414224964,17.379999999999995,33.91315741422496,0.0,False,0.0,0.0,False,False,19977.196288026567,422.32113633796223
1149.1240000000107,26.1,False,True,179.68146308438838,410.42272359470434,-106.08681193800454,46.88211769386151,37.05486144308423,0.0,396.2817515655038,-15.49163932152474,59.78277763866123,-35.51269963650867,5.484449201571145,1.7166199813422516,61.738763794016634,61.757359003294695,5.7468223571777335,50.978965421865205,17.379999999999995,33.59896542186521,0.0,False,0.0,0.0,False,False,20451.02912243145,433.7694877789621
1149.2230000000127,26.2,False,True,178.09571755681898,416.4383779651953,-109.68710817749718,46.88211769386151,37.05486144308423,0.0,401.4335080653821,-16.223271229862952,60.53030977115774,-36.49322515334396,5.56201628072725,1.740898298649955,62.69604176662916,62.66668118218814,5.828100204467773,50.959520470211714,17.379999999999995,33.57952047021171,0.0,False,0.0,0.0,False,False,20936.250948756267,445.6826109203112
1149.3240000000078,26.3,False,True,176.43621162209152,422.5225838711834,-113.39066856496561,46.88211769386151,37.05486144308423,0.0,406.6566466780922,-16.966847464686456,61.15380834860347,-37.577982596024846,5.480027315596444,1.715235941206149,63.535864495819325,63.46386521815119,5.742188930511475,50.79353636039959,17.379999999999995,33.4135363603996,0.0,False,0.0,0.0,False,False,21433.007780378524,456.8776089294066
1149.423999999999,26.4,False,True,174.70026769664554,428.6701362312104,-117.19943689693827,46.88211769386151,37.05486144308423,0.0,411.9466020220506,-17.752031044233572,61.79723885193758,-38.597384043428356,5.612956935033527,1.756842606242366,64.426484031114,64.29644885931769,5.881477832794189,50.5024203709054,17.379999999999995,33.1224203709054,0.0,False,0.0,0.0,False,False,21941.430382520324,468.71551148618323
1149.523000000001,26.5,False,True,172.8881708898887,434.88324891176256,-121.11483557629548,46.88211769386151,37.05486144308423,0.0,417.30678321586015,-18.489905090903353,62.46501475910556,-39.7105895437159,5.616180629614651,1.757851615229106,65.3181676545063,65.14410686413537,5.8848557472228995,50.04194167032046,17.379999999999995,32.661941670320466,0.0,False,0.0,0.0,False,False,22461.944489192414,480.9095315628163
1149.6230000000069,26.6,False,True,171.002764354694,441.1605365087036,-125.1399874818808,46.88211769386151,37.05486144308423,0.0,422.73789935105555,-19.218225612991098,63.08073717971467,-40.792448567990625,5.656021744885326,1.7703217926414532,66.16415356185165,65.94330594418257,5.926602840423584,49.830680035326715,17.379999999999995,32.45068003532672,0.0,False,0.0,0.0,False,False,22994.84174367028,492.77694694445114
1149.7230000000127,26.7,False,True,169.0458345012091,447.50108671678083,-129.27606209657284,46.88211769386151,37.05486144308423,0.0,428.24067712632336,-19.92037145670702,63.730266981829345,-41.92904372585014,5.737040052119246,1.7956803363968465,67.03876332595819,66.77101263683542,6.0114970207214355,49.4543762800633,17.379999999999995,32.0743762800633,0.0,False,0.0,0.0,False,False,23540.437150126516,505.17448037102884
1149.823000000004,26.8,False,True,167.0143687797424,453.90342222636224,-133.52665053067813,46.88211769386151,37.05486144308423,0.0,433.81387757660696,-20.708942972626772,64.31644320979925,-43.082724956255596,5.756463676597809,1.8017598861683053,67.88595863772332,67.5682261584751,6.0318498611450195,48.93329469879377,17.379999999999995,31.553294698793774,0.0,False,0.0,0.0,False,False,24099.028481290512,517.7921988799995
1149.9230000000098,26.9,False,True,164.9054224556092,460.36038184830477,-137.89586823746268,46.88211769386151,37.05486144308423,0.0,439.450866505482,-21.469983510037277,64.82274922905228,-44.30162917943496,5.828225011052334,1.8242210187424082,68.65862469585375,68.28578922099291,6.107044219970702,48.289557695354944,17.379999999999995,30.909557695354952,0.0,False,0.0,0.0,False,False,24670.67218196244,529.7725912895361
1150.023000000001,27.0,False,True,162.7185362877754,466.8710416780909,-142.38406418060208,46.88211769386151,37.05486144308423,0.0,445.15168725331836,-22.267739846638435,65.3904473666706,-45.46228968335287,5.840732527365463,1.8281358425708305,69.50002637040396,69.07794760045269,6.120150089263915,48.0128458904618,17.379999999999995,30.632845890461795,0.0,False,0.0,0.0,False,False,25255.69207149333,542.8663632765023
1150.1240000000107,27.1,False,True,160.45544429467898,473.43943621889406,-146.99170155844638,46.88211769386151,37.05486144308423,0.0,450.9217200550893,-22.9941000152898,65.97744344939285,-46.690457873532694,5.85660116849172,1.8331026907324064,70.33391365592419,69.86953327188455,6.136777877807617,47.29672037375451,17.379999999999995,29.916720373754515,0.0,False,0.0,0.0,False,False,25854.64086497628,556.0746373643699
1150.224000000002,27.2,False,True,158.11695168056997,480.06951721325606,-151.72107329095533,46.88211769386151,37.05486144308423,0.0,456.76599426754007,-23.77575226689095,66.62417643784758,-47.89697677664656,5.849231358533883,1.8307959571722354,71.24480197825136,70.73943229824519,6.129055500030518,47.47130378060997,17.379999999999995,30.09130378060997,0.0,False,0.0,0.0,False,False,26468.09008269791,570.625130037533
1150.3240000000078,27.3,False,True,155.7013770720228,486.7622804197018,-156.57361116568688,46.88211769386151,37.05486144308423,0.0,462.6860640804115,-24.5357399040526,67.23108769106769,-49.153780717984496,5.880852143636088,1.8406931901553807,72.1184634111159,71.56830083747519,6.16218900680542,46.877877537569645,17.379999999999995,29.497877537569643,0.0,False,0.0,0.0,False,False,27096.507630325003,584.9958931728667
1150.423999999999,27.4,False,True,153.21447533479426,493.5167667947695,-161.55262575508425,46.88211769386151,37.05486144308423,0.0,468.68330599539183,-25.202294840518384,67.85863981028625,-50.42651106996302,5.909631035364617,1.8497009170512604,72.97350166681923,72.38750349425366,6.192344665527344,46.826867300728786,17.379999999999995,29.44686730072879,0.0,False,0.0,0.0,False,False,27740.240124325035,599.2181857279325
1150.524000000005,27.5,False,True,150.65732325402595,500.33014284934666,-166.66055276435029,46.88211769386151,37.05486144308423,0.0,474.7560211846776,-25.940746774847714,68.40888128125661,-51.732029115357996,5.846485029228817,1.8299363624185687,73.77793716465489,73.1621307876543,6.126177787780762,46.78863781217613,17.379999999999995,29.408637812176135,0.0,False,0.0,0.0,False,False,28399.562254909128,613.5034584903261
1150.6240000000107,27.6,False,True,148.02842672310007,507.20168197270425,-171.9002891816988,46.88211769386151,37.05486144308423,0.0,480.90394954122485,-26.637183843670165,69.02190118589556,-53.06269923161255,5.859729299004234,1.8340817883855471,74.63412382546571,73.9835279399206,6.1400556564331055,46.46841527300308,17.379999999999995,29.08841527300309,0.0,False,0.0,0.0,False,False,29074.875027862086,628.563168415029
1150.7230000000127,27.7,False,True,145.33388575109728,514.1353676568525,-177.27165580046727,46.88211769386151,37.05486144308423,0.0,487.1330003631258,-27.253635596385518,69.65181249706818,-54.36463314375631,6.062615002133092,1.8975845466606895,75.5023705528447,74.79395455080119,6.352647304534912,46.065865033540334,17.379999999999995,28.68586503354033,0.0,False,0.0,0.0,False,False,29766.770114588053,643.3762942902379
1150.823000000004,27.8,False,True,142.5765044026619,521.1337726107168,-182.77510991559376,46.88211769386151,37.05486144308423,0.0,493.44686429727585,-27.893991372322443,70.31628658021833,-55.70444915877334,5.932251505471695,1.8567810721490667,76.36045181661044,75.64690947494545,6.216047286987304,45.87016105412574,17.379999999999995,28.490161054125746,0.0,False,0.0,0.0,False,False,30475.79668112038,659.2165725363201
1150.9230000000098,27.9,False,True,139.75563346500152,528.1942862627576,-188.41584188074214,46.88211769386151,37.05486144308423,0.0,499.84340002033815,-28.523427380885114,70.89398646059486,-57.11019014419404,5.897420677798166,1.8458791032268387,77.1520311509268,76.41690405811815,6.179550170898437,45.52910687567298,17.379999999999995,28.149106875672985,0.0,False,0.0,0.0,False,False,31202.28547832076,674.416417701653
1151.024000000005,28.0,False,True,136.8696493339668,535.3128829259787,-194.19597268364092,46.88211769386151,37.05486144308423,0.0,506.31888353361603,-29.196255239809275,71.47794680382478,-58.49242591378136,6.102313226367843,1.9100099995075603,78.01081185945232,77.21086840153073,6.394244670867919,45.056474781114744,17.379999999999995,27.676474781114745,0.0,False,0.0,0.0,False,False,31946.511277086454,690.3619852339551
1151.1230000000069,28.1,False,True,133.9156165686133,542.490795592845,-200.11386886541442,46.88211769386151,37.05486144308423,0.0,512.8745591820896,-29.884400067260795,72.08030653350033,-59.86549772168854,6.031169417823339,1.8877421511224757,78.84747444282642,78.0297889100276,6.319697380065917,44.46138375330613,17.379999999999995,27.081383753306135,0.0,False,0.0,0.0,False,False,32709.05096718105,706.9935955876642
1151.224000000002,28.2,False,True,130.89198548818464,549.7262903864221,-206.17408260657285,46.88211769386151,37.05486144308423,0.0,519.5090489506642,-30.588221541312585,72.62958933804161,-61.338777101480574,6.010791517859652,1.8813639153197925,79.65424757895664,78.80797259461119,6.298344612121582,43.83206264926269,17.379999999999995,26.452062649262693,0.0,False,0.0,0.0,False,False,33490.32419623945,723.776281962123
1151.323000000004,28.3,False,True,127.7988241913641,557.0142018096757,-212.38204053018012,46.88211769386151,37.05486144308423,0.0,526.2178531985245,-31.275004395097977,73.12863912703043,-62.82038137066479,6.018386130912219,1.883741011731382,80.41537467664281,79.53567602330946,6.306302547454833,43.53778689252003,17.379999999999995,26.157786892520033,0.0,False,0.0,0.0,False,False,34290.52676181195,740.0825441515801
1151.423999999999,28.4,False,True,124.6368626469039,564.3514642507562,-218.73967521056332,46.88211769386151,37.05486144308423,0.0,532.9986000874903,-31.96422649410622,73.61660969457982,-64.33231223699948,6.018584995188328,1.8838032557922524,81.16827882994593,80.25656981388268,6.306510925292968,42.94974500835583,17.379999999999995,25.569745008355838,0.0,False,0.0,0.0,False,False,35109.95058420215,756.7240372105134
1151.524000000005,28.5,False,True,121.40530577140943,571.7389408588272,-225.2492803250213,46.88211769386151,37.05486144308423,0.0,539.8525449990045,-32.666911015783,74.13292246684001,-65.85979005216012,5.861595528744097,1.834665914000259,81.92364565332713,81.01121693190146,6.1420111656188965,42.52068442893745,17.379999999999995,25.14068442893745,0.0,False,0.0,0.0,False,False,35949.16403981546,774.3021114345966
1151.6240000000107,28.6,False,True,118.10526225407199,579.1800941295148,-231.91180243574155,46.88211769386151,37.05486144308423,0.0,546.7837819800083,-33.33395933096584,74.69014294691235,-67.39065216224515,6.045667397165525,1.8922799852992886,82.7664415873049,81.79101599875554,6.334888935089111,42.01021271089727,17.379999999999995,24.630212710897275,0.0,False,0.0,0.0,False,False,36808.8797852994,792.4489350233024
1151.7250000000058,28.7,False,True,114.74058099576894,586.6738215173065,-238.72648910646004,46.88211769386151,37.05486144308423,0.0,553.7921742989565,-33.95966583509517,75.18440480892026,-68.9030812521249,6.270707126733244,1.9627169028772902,83.54578677861484,82.49820379925204,6.570694446563721,41.23315108799745,17.379999999999995,23.85315108799745,0.0,False,0.0,0.0,False,False,37689.483846182986,809.5654239326806
1151.823000000004,28.8,False,True,111.3150550348773,594.2169320833525,-245.6944264998068,46.88211769386151,37.05486144308423,0.0,560.8753661684052,-34.55085338273749,75.67780651199952,-70.45566661481027,6.368060973828631,1.9931884330241287,84.2839278484603,83.19189785034995,6.67270565032959,40.92837705983449,17.379999999999995,23.548377059834493,0.0,False,0.0,0.0,False,False,38591.221225993,826.7821608183999
1151.9230000000098,28.9,False,True,107.82692877244403,601.8084907092104,-252.81946443954223,46.88211769386151,37.05486144308423,0.0,568.0325094276429,-35.21167186592796,76.15336600515857,-72.04509217989813,6.430469771435151,2.012722243083342,85.03471654331045,83.89992246426348,6.738100051879884,40.35013890014283,17.379999999999995,22.970138900142835,0.0,False,0.0,0.0,False,False,39514.605019537616,845.064470956846
1152.023000000001,29.0,False,True,104.27375037728432,609.450149121536,-260.10432812201225,46.88211769386151,37.05486144308423,0.0,575.2652995432338,-35.851896037266634,76.67980224135161,-73.65218146950224,6.441592973954409,2.0162037798793446,85.81021004494885,84.64721212916446,6.749755382537841,39.55494954326125,17.379999999999995,22.174949543261253,0.0,False,0.0,0.0,False,False,40460.36627599895,864.3163204516882
1152.1240000000107,29.1,False,True,100.65662354325794,617.1418318584662,-267.54734905642243,46.88211769386151,37.05486144308423,0.0,582.574107496242,-36.490640643261116,77.15385249725165,-75.20823721870124,6.573441354215214,2.057472019541127,86.5677856892414,85.34801585112149,6.887911319732666,39.337007430653976,17.379999999999995,21.957007430653977,0.0,False,0.0,0.0,False,False,41429.007196224076,882.8517248205906
1152.2230000000127,29.2,False,True,96.9760879740463,624.8814084017105,-275.15065623603226,46.88211769386151,37.05486144308423,0.0,589.9571638413539,-37.12007074097167,77.63767836763544,-76.85790637349533,6.628591833277277,2.0747339925960353,87.31382502021539,86.05526569670882,6.945700168609619,39.21628982463424,17.379999999999995,21.83628982463424,0.0,False,0.0,0.0,False,False,42420.922343458995,902.2723672021268
1152.3240000000078,29.3,False,True,93.23161318220743,632.6655942546863,-282.9191299307477,46.88211769386151,37.05486144308423,0.0,597.4114334128516,-37.76942509580551,78.04603869187979,-78.51156752081359,6.602018651265674,2.066416647766605,87.98708988349253,86.70474974049611,6.917855739593506,39.13644402702922,17.379999999999995,21.75644402702922,0.0,False,0.0,0.0,False,False,43436.49914322033,921.2425558107531
1152.4230000000098,29.4,False,True,89.42531675211545,640.4934270107742,-290.8525976123763,46.88211769386151,37.05486144308423,0.0,604.9363819448303,-38.35650350603412,78.51061642987891,-80.157786111758,6.62791560372511,2.0745223343020918,88.69089267354538,87.37927816941486,6.944991588592529,38.903383034767096,17.379999999999995,21.5233830347671,0.0,False,0.0,0.0,False,False,44476.18051123898,940.5926948778192
1152.524000000005,29.5,False,True,85.5605599520443,648.3646929305601,-298.94925976833457,46.88211769386151,37.05486144308423,0.0,612.5322293306416,-38.938632495388916,78.9147019658383,-81.7754570074078,6.614127983959594,2.0702068410383645,89.33157570688148,87.99856411878572,6.93054437637329,38.36387179217441,17.379999999999995,20.98387179217441,0.0,False,0.0,0.0,False,False,45540.39778183506,959.1275799882279
1152.6240000000107,29.6,False,True,81.63676813759027,656.2781587553236,-307.2129780492687,88.2533214640761,2.1150200916121857,0.0,654.1965994747147,-39.537203793691724,79.3546145294334,-83.49890861127513,-1.5163589422470338,-6.756100327885491,94.13097182360389,88.65858859094743,6.924177646636962,38.07112491791802,257.35,140.72112491791802,0.0,False,0.0,0.0,False,False,46629.683235557124,979.4599529005156
1152.7230000000127,29.7,False,True,77.65234313239361,664.2314809340005,-315.6450134275368,88.2533214640761,2.1150200916121857,0.0,662.2013201889881,-40.15129631024131,79.71182904410536,-85.1417989540871,-1.5117862820052417,-6.735726951570579,94.68997662291233,89.25302395409064,6.903297424316405,37.747266626144565,257.35,140.39726662614456,0.0,False,0.0,0.0,False,False,47744.488976851455,998.5442558759408
1152.823000000004,29.8,False,True,73.60955782400204,672.220231305687,-324.24230751343083,88.2533214640761,2.1150200916121857,0.0,670.2651967018772,-40.70440985758985,80.0631783896253,-86.80408276379396,-1.4975522336164127,-6.672307495723008,95.18519946143928,89.81626531816842,6.8383002281188965,37.51801506137925,257.35,140.16801506137926,0.0,False,0.0,0.0,False,False,48884.91922922923,1017.1973583139348
1152.923999999999,29.9,False,True,69.51023958545814,680.2465626498437,-333.00595156767486,88.2533214640761,2.1150200916121857,0.0,678.3905159498584,-41.28195491328805,80.46344849350787,-88.4687983210867,-1.4894226537565447,-6.63608635069818,95.7589400197335,90.43542638219904,6.801177978515625,37.11453634085867,257.35,139.76453634085868,0.0,False,0.0,0.0,False,False,50051.67784545079,1037.3345327969703
1153.024000000005,30.0,True,False,74.43162884714039,680.7018324434808,-320.62619361354916,88.2533214640761,2.1150200916121857,0.0,678.7275602807559,-29.65181059100373,92.3661455312215,-90.85365096209001,-1.5111274655566937,-6.732791610933187,103.01697621980344,97.00894140036553,6.900289058685303,16.547607804392147,257.35,119.19760780439215,5.33173942565918,True,-40.67115224014411,3.642125545439657,True,False,51082.484246123524,981.5721689751837
1153.1230000000069,30.1,True,False,55.73283166211732,632.8842124144966,-290.7167535236853,88.2533214640761,2.1150200916121857,0.0,631.6069634199921,-33.80048686460379,86.01769998247448,-86.69148623865614,-1.544701729191397,-6.8823809246710015,98.34053440599186,92.42033121861901,7.053599834442138,20.288162701941786,257.35,122.93816270194179,5.283909320831299,True,4.711697307282819,0.49336206782965447,True,False,42101.57433409465,798.2300862134916
1153.2250000000058,30.2,True,False,85.47463943138351,649.2352325627379,-294.200496978743,88.2533214640761,2.1150200916121857,0.0,647.1261781619669,-29.430032938108624,89.88306699101746,-87.44326124895376,-1.535138395988913,-6.83977172655513,100.6649525460651,94.57849951468827,7.009930610656738,17.01680393348366,257.35,119.66680393348365,4.954255104064941,True,1.142875458994312,0.15305363222055915,True,False,35323.61248983352,597.3656451669434
1153.3240000000078,30.3,True,False,83.57974387888925,654.8196558339538,-305.07411978736644,88.2533214640761,2.1150200916121857,0.0,652.7213676960389,-29.503485494810334,90.35172047023353,-89.15498448935385,-1.5349248471480064,-6.838820264896631,101.13476945684387,95.04677295034114,7.008955478668213,17.33067072143212,257.35,119.9806707214321,5.170816898345947,True,1.1353790134136137,0.21740416812357494,True,False,35990.99956971366,608.8041535938913
1153.4230000000098,30.4,True,False,81.33850385660479,664.1329898048057,-313.6358093321467,88.2533214640761,2.1150200916121857,0.0,662.054081571682,-29.570373526493253,91.12020025444578,-90.7799642018085,-1.549980719193528,-6.905901336026542,101.95223884790846,95.79821441397868,7.077705383300781,17.069201847392044,257.35,119.71920184739203,5.1714277267456055,True,0.707231097412401,0.08467805749068229,True,False,36744.345066473266,619.4002263152281
1153.523000000001,30.5,True,False,78.06284963168432,673.0853192293569,-322.84440326719226,88.2533214640761,2.1150200916121857,0.0,671.0476794097133,-29.746288447442993,91.8232264179616,-92.44139070281835,-1.5241071625142408,-6.790622334535338,102.57281648789667,96.52122350137674,6.959558486938476,16.84167204061559,257.35,119.4916720406156,4.9693121910095215,True,0.8077291980240648,0.10871420928610535,True,False,37522.5598478932,631.2030052824267
1153.625,30.6,True,False,74.7262593658888,682.3527785420619,-331.99548778456705,88.2533214640761,2.1150200916121857,0.0,680.3722432835576,-29.97369885058912,92.42283494320888,-94.18961908095538,-1.5396551889300278,-6.85989618747283,103.27417653857314,97.16173651044654,7.030555725097656,16.83495130844293,257.35,119.48495130844292,4.971363544464111,True,0.587618005680782,0.05663011828487994,True,False,38317.02893335497,643.0634124684865
1153.7230000000127,30.7,True,False,70.65178559405935,691.5752010974554,-341.13772786160257,88.2533214640761,2.1150200916121857,0.0,689.6848231312572,-30.270087300019963,93.01806644976776,-95.8941496728964,-1.5292851736757083,-6.813692837126199,103.88654325359956,97.81941970388212,6.983202934265136,16.883020230642803,257.35,119.5330202306428,5.294157981872559,True,1.2957018942327263,0.27026666513095465,True,False,39127.54993516322,655.021223583766
1153.823000000004,30.8,True,False,67.26200049916679,701.100346723944,-350.6358929419894,88.2533214640761,2.1150200916121857,0.0,699.3004521685649,-30.465608287865766,93.63517103072206,-97.6153083887026,-1.5126731623503864,-6.739678425343503,104.46713768314956,98.4667382535963,6.907347202301025,16.820570035190176,257.35,119.47057003519018,5.3462066650390625,True,0.8319637621156053,0.10932618775527565,True,False,39959.116551972635,666.7105164550984
1153.923999999999,30.9,True,False,22.274514969294444,635.1684078708923,-410.09194309994194,88.2533214640761,2.1150200916121857,0.0,636.4823600739454,-37.20090198622369,72.22085626214165,-117.28788716405545,-1.5174320121194824,-6.7608813645616435,86.6684770139997,81.2389019363602,6.929077625274657,25.96737650581665,257.35,128.61737650581665,5.248480319976807,True,-1.598178222622428,0.13147899394038798,True,False,26028.395572422007,299.4225981261828
1154.023000000001,31.0,True,False,18.429578616888385,642.1618893232154,-421.9372452700291,88.2533214640761,2.1150200916121857,0.0,643.8441968973294,-37.2747678583396,72.16053366069717,-119.2599159254044,-1.5170530542986265,-6.75919292722243,86.64258429155443,81.21915375753257,6.927347183227538,26.13838837936756,257.35,128.78838837936757,5.00547981262207,True,0.12434473879018526,0.0022831129599504407,True,False,26447.417115579636,300.99659877946067
1154.1240000000107,31.1,True,False,-59.984489422030435,624.3787390329167,-446.56785784158876,88.2533214640761,2.1150200916121857,0.0,639.6769375919127,-46.9566737074643,66.25390057342744,-121.70309076569347,-1.5136653029554987,-6.744098883640517,85.98706261750283,81.20657945550273,6.911877632141112,31.105154950714464,257.35,133.75515495071446,4.406835556030273,True,-1.0190492399657938,0.1499599385884953,True,False,21607.652754885963,192.08302778458835
1154.224000000002,31.2,True,False,-64.4912405657291,631.363024286924,-458.4719812018915,88.2533214640761,2.1150200916121857,0.0,647.5213911628404,-47.00297544158657,66.27108917255545,-123.60725621941782,-1.490347231476539,-6.640205784206418,85.95031273278552,81.24738125305447,6.8053998947143555,31.22996531376136,257.35,133.87996531376137,4.151280879974365,True,0.30663273834151994,0.013380755671931501,True,False,21896.143306025293,192.4229397808376
1154.323000000004,31.3,True,False,-69.22907101513866,637.9428066078855,-470.8501578435048,88.2533214640761,2.1150200916121857,0.0,655.0402110154467,-47.07245319881626,66.21648428382633,-125.58390018398362,-1.5011224151918454,-6.688214352760861,85.97581795296928,81.24308365064049,6.854602813720703,31.097619642903723,257.35,133.74761964290374,3.454019069671631,True,0.28061362618423047,0.011047644904941782,True,False,22209.399349918353,193.3551067433181
1154.4230000000098,31.4,True,False,-74.11568733678418,644.2304784789162,-483.4159591991005,88.2533214640761,2.1150200916121857,0.0,662.3261710961688,-47.08023928898704,66.12745646733643,-127.5525822523984,-1.4851467689699396,-6.617035250194248,85.85262685061424,81.17505423680204,6.781652927398681,31.0410262110921,257.35,133.6910262110921,3.6110706329345703,True,1.0002628060306105,0.1379469823962327,True,False,22526.373832802346,194.19344094932472
1154.523000000001,31.5,True,False,-79.06693446984434,650.7333178953536,-496.12069663533566,88.2533214640761,2.1150200916121857,0.0,669.8520465682071,-47.129109215050285,66.05128237309687,-129.48205843116853,-1.4793749980483764,-6.591319265456579,85.79537171025301,81.1413879505072,6.7552971839904785,31.202209107181933,257.35,133.85220910718192,3.727126359939575,True,0.9511978637344729,0.12265167365134469,True,False,22847.584954955648,195.0469537834586
1154.6240000000107,31.6,True,False,-84.11605118350072,657.0583042248085,-509.2325119910232,88.2533214640761,2.1150200916121857,0.0,677.2458239502816,-47.17026624883368,65.9642822361077,-131.44193095784266,-1.5187898485880937,-6.766931171869936,85.87133806642917,81.09451614573412,6.935277938842773,31.327137059130298,257.35,133.97713705913029,4.291449069976807,True,1.1280427421217905,0.1695875525689251,True,False,23172.322146113103,195.91214157994568
1154.7230000000127,31.7,True,False,-89.11253692728464,663.6859233189797,-522.2546220871942,88.2533214640761,2.1150200916121857,0.0,684.934090055371,-47.20048970753985,65.88507010285468,-133.35061160548383,-1.5452942358531596,-6.885020823668714,85.90624544823503,81.04769392826455,7.056305408477782,31.661656286816147,257.35,134.31165628681615,4.592848300933838,True,0.9542123011701431,0.1192912266026935,True,False,23501.04753903976,196.70638911612534
1154.823000000004,31.8,True,False,-94.16940966749428,670.0130220060639,-535.7379267555754,88.2533214640761,2.1150200916121857,0.0,692.3624728383378,-47.182235441290345,65.79640058488133,-135.33344049033386,-1.5734229518323106,-7.010347632483602,85.91266706769912,80.96499040426995,7.184750080108643,31.793572507238217,257.35,134.44357250723823,5.193997859954834,True,1.1289364995441282,0.16422734945418085,True,False,23833.631275409796,197.52041735193455
1154.923999999999,31.9,True,False,-98.78086358697574,676.6132711777768,-549.3878605964678,88.2533214640761,2.1150200916121857,0.0,699.9497675519336,-47.22852559562685,65.62106995777104,-137.26891514340858,-1.5787822445526114,-7.034225830643731,85.80612492194825,80.84960390960157,7.2092223167419425,31.852845740426876,257.35,134.5028457404269,4.344425678253174,True,-0.37417735797228424,0.01774219546716646,True,False,24170.50152750439,198.2810078967659
1155.024000000005,32.0,True,False,-103.64214702080216,683.1874963347985,-562.9639938001623,88.2533214640761,2.1150200916121857,0.0,707.5899863063754,-47.230088890085774,65.50222762228715,-139.17975314325932,-1.5355575573812847,-6.8416392899278495,85.56649620925114,80.75409042300781,7.011844635009765,32.2365112971477,257.35,134.8865112971477,5.277904033660889,True,0.7576162854189192,0.07153099434161772,True,False,24510.884272397638,199.0224752856638
1155.1230000000069,32.1,True,False,-108.25579367834057,689.7063641682838,-577.1195439181195,88.2533214640761,2.1150200916121857,0.0,715.120751190468,-47.25752578798117,65.29780929509268,-141.09038801068584,-1.5373654650011468,-6.849694378286571,85.41425727745496,80.60445175261722,7.020100116729736,32.38203346171173,257.35,135.03203346171173,4.218985557556152,True,-0.475281670393203,0.02770258989477347,True,False,24855.068377096628,199.70692902267888
1155.224000000002,32.2,True,False,-113.04411722354108,695.9782737035196,-591.0739094872537,88.2533214640761,2.1150200916121857,0.0,722.4727493373691,-47.193429753180375,65.14147876940974,-143.02224725156313,-1.5890846969218129,-7.080128156201585,85.4149682135854,80.44023911037206,7.2562665939331055,32.301980892637594,257.35,134.9519808926376,4.399760723114014,True,1.0340816629607126,0.12900346379023928,True,False,25203.29542204725,200.40192470107294
1155.3240000000078,32.3,True,False,-117.91761104554207,702.2155799217827,-605.5741869261126,88.2533214640761,2.1150200916121857,0.0,729.8268611707873,-47.13888080689215,64.98697783701466,-144.984238626277,-1.5691147997636319,-6.9911527658904395,85.19069702164262,80.28313255046181,7.1650776863098145,32.22442414832516,257.35,134.87442414832518,4.408944129943848,True,0.8336450291682542,0.08251353515874553,True,False,25555.132091986387,201.13539093658335
1155.423999999999,32.4,True,False,-122.83817089368321,708.2414362706861,-620.4939823446822,88.2533214640761,2.1150200916121857,0.0,737.0034828762539,-47.100700381506776,64.75167373520625,-146.9355747873083,-1.6045895958699745,-7.149209855757679,85.08603385856155,80.07031427401213,7.327066898345947,32.05892054092449,257.35,134.70892054092448,4.799091339111328,True,0.9835811025200041,0.11299653775178026,True,False,25908.93455374782,201.7728346336478
1155.523000000001,32.5,True,False,-127.5834876356469,714.6394049520185,-635.3226347694172,88.2533214640761,2.1150200916121857,0.0,744.4974997829413,-47.08998202558671,64.53481993235816,-148.86716345841987,-1.5756110703713617,-7.020096741330633,84.80367954061603,79.88873131344603,7.19474172592163,31.883874050381266,257.35,134.53387405038126,4.257739543914795,True,0.1995160617776559,0.0045769634508709255,True,False,26268.203179803764,202.46440181208823
1155.6240000000107,32.6,True,False,-132.3745874186131,720.9133159393693,-650.312727423245,88.2533214640761,2.1150200916121857,0.0,751.896046200263,-47.06736303913958,64.30076780311876,-150.81335883209374,-1.5736139449032243,-7.011198597458367,84.58769271333964,79.68641919128225,7.185622215270995,31.78279796053344,257.35,134.43279796053343,4.162985801696777,True,0.5801308336752449,0.03808425330755179,True,False,26631.982737611565,203.14899675928774
1155.7230000000127,32.7,True,False,-137.22141236072437,727.0930084590275,-665.5353727779864,88.2533214640761,2.1150200916121857,0.0,759.2311500528865,-47.01878003213126,64.08479682430053,-152.7651527649299,-1.585392860383223,-7.063679268438965,84.41740531559283,79.48350055025146,7.239408493041992,31.7497953441501,257.35,134.3997953441501,4.380631923675537,True,0.8895436133772865,0.08812892358646436,True,False,26999.659054531003,203.84789674818356
1155.8240000000078,32.8,True,False,-141.94950940973925,733.4828473020938,-680.9055439584413,88.2533214640761,2.1150200916121857,0.0,766.7413136259838,-46.977802078641204,63.84625710772098,-154.72047688516733,-1.5545102519676943,-6.926082558960054,84.09518120717274,79.26700722750417,7.098388671874999,31.995260894087277,257.35,134.64526089408727,4.457546234130859,True,0.13978424912836473,0.002141388997847612,True,False,27371.719395447108,204.53169443839022
1155.9230000000098,32.9,True,False,-146.66635460143658,739.843527801376,-696.4553968758995,88.2533214640761,2.1150200916121857,0.0,774.2290392967706,-46.92734364001642,63.619545149457906,-156.6524615527086,-1.5699287915557434,-6.994779486490926,83.92662226925691,79.05455145740885,7.168794631958007,32.11177593090862,257.35,134.7617759309086,4.391645431518555,True,0.14343815321264408,0.00222018135161771,True,False,27747.627973666986,205.23437876899737
1156.024000000005,33.0,True,False,-148.83120341187907,769.3115135634739,-704.4264745958413,88.2533214640761,2.1150200916121857,0.0,802.9941042941583,-47.149232428147386,67.22573258420732,-158.43742771268901,-1.5720201082485743,-7.004097297070267,87.10539551059135,82.11180938237094,7.178344249725341,33.347678385896835,257.35,135.99767838589685,4.224791526794434,True,1.4433047230977785,0.1699286423237197,True,False,25235.767040536914,162.13267843038943
1156.1240000000107,33.1,True,False,-152.74001695164463,775.0826814445741,-721.0527436434448,88.2533214640761,2.1150200916121857,0.0,809.6646186281214,-47.078437256011675,67.14479747678219,-160.45011692810436,-1.5381635842143744,-6.8532503789985055,86.88859310961712,82.0048966993211,7.023744583129883,33.239181630427574,257.35,135.88918163042757,4.433384895324707,True,0.991380884740126,0.10111891803830801,True,False,25529.60041378319,162.61842710706398
1156.224000000002,33.2,True,False,-157.42671553758385,781.9005915704075,-737.0805625461142,88.2533214640761,2.1150200916121857,0.0,817.5721485395942,-47.14706169111532,67.07040340904842,-162.38747289789038,-1.5538582231351166,-6.923177460380267,86.91254346958974,81.98344003247442,7.09541130065918,33.30093430196998,257.35,135.95093430196997,4.0491719245910645,True,-0.5067540988553807,0.02606240045271332,True,False,25845.209221854067,163.2654919478561
1156.3240000000078,33.3,True,False,-162.14349308867926,788.6062096883878,-753.4152623276277,88.2533214640761,2.1150200916121857,0.0,825.3889725768804,-47.16966772968391,67.05272201729126,-164.33830430922944,-1.4958927137241438,-6.664913545269776,86.72014481735529,81.98198023746998,6.830722332000732,33.44828495138024,257.35,136.09828495138026,3.933239698410034,True,0.0073687019824388855,5.421978683461115e-06,True,False,26164.1875477436,163.9558135587846
1156.423999999999,33.4,True,False,-166.90727945727008,795.1931393462288,-769.8594615798207,88.2533214640761,2.1150200916121857,0.0,833.1145392459445,-47.158296589027216,67.02471012269058,-166.2844615830771,-1.482142256866972,-6.603648719710962,86.6455209482912,81.95252713741876,6.767933368682861,33.41688860928752,257.35,136.0668886092875,3.759521007537842,True,0.6489190167886241,0.041372102201839206,True,False,26486.391804437917,164.6166878585136
1156.524000000005,33.5,True,False,-171.68658244107255,801.5558887928308,-786.6139982338224,88.2533214640761,2.1150200916121857,0.0,840.6393139700148,-47.16227807868018,66.99475118162334,-168.23590656584884,-1.4761247742472898,-6.576837972487988,86.60255962971011,81.93031892686847,6.740455627441406,33.31729227101839,257.35,135.96729227101838,3.8639421463012695,True,1.270316661830667,0.1560067426184313,True,False,26811.516313619635,165.31296352062134
1156.6240000000107,33.6,True,False,-176.4607592262593,808.1005633732781,-803.6517681079029,88.2533214640761,2.1150200916121857,0.0,848.3432327158457,-47.17469823603542,66.9567063160426,-170.19439618753705,-1.4414870478273571,-6.422510426217093,86.4640737838136,81.90636528593966,6.582288742065429,33.27277427125256,257.35,135.92277427125256,3.8121719360351562,True,0.6120964217865961,0.03565066297252819,True,False,27139.407944776816,165.99959190904917
1156.724000000002,33.7,True,False,-181.14433703379842,814.8778686232762,-820.6829793627857,88.2533214640761,2.1150200916121857,0.0,856.2467788887978,-47.1947055025516,66.9010929505931,-172.13816396266657,-1.4328148763893225,-6.383871777633557,86.3992863911402,81.8724402070469,6.542688846588135,33.22453257657813,257.35,135.87453257657813,3.8169047832489014,True,-0.31190061466385544,0.0091107973723155,True,False,27469.831873487503,166.67343868249708
1156.8240000000078,33.8,True,False,-185.88093039012423,821.4830235279502,-837.9792277699584,88.2533214640761,2.1150200916121857,0.0,864.010134833448,-47.2103156064187,66.84593423422996,-174.09842250748002,-1.3854901558974475,-6.173017638336927,86.20720364412118,81.83637836136603,6.326589107513427,33.11925537376283,257.35,135.76925537376283,3.6221792697906494,True,0.3619814631770337,0.012079038231454259,True,False,27804.501991103032,167.37023572562967
1156.9230000000098,33.9,True,False,-190.51543695673934,828.2513993637696,-855.4219823206439,88.2533214640761,2.1150200916121857,0.0,871.9021377588157,-47.25752933345953,66.74371803060286,-176.03319509292558,-1.3757168242993336,-6.129472797484996,86.11412579009694,81.78018082183121,6.281960964202881,33.23396023076,257.35,135.88396023076,3.452519655227661,True,-0.6211379230214202,0.03502164233578745,True,False,28142.337223618393,168.04109798417332
1157.024000000005,34.0,True,False,-195.2363617967762,834.9364561183653,-873.1350307344362,88.2533214640761,2.1150200916121857,0.0,879.7487964305502,-47.30387429335816,66.67357075022431,-177.9913144671493,-1.349382753982688,-6.012141988700893,85.99434940162106,81.74974960051559,6.1617112159729,33.249069247251974,257.35,135.89906924725196,3.2244253158569336,True,-0.10358865513466675,0.0009588839914070771,True,False,28483.473233511166,168.76242884343148
1157.1240000000107,34.1,True,False,-201.02936063424437,842.8740816820336,-890.7837628365094,88.2533214640761,2.1150200916121857,0.0,889.1345622617557,-47.33499020881861,66.84652760215529,-179.95360606959483,-1.3184826021904978,-5.874467115134634,86.05731836969458,81.90884903680836,6.020611286163329,33.80577286448336,257.35,136.45577286448335,2.9791793823242188,True,-0.1337728413548822,0.0017386587869695999,True,False,28783.844422358525,168.35595039065333
1157.224000000002,34.2,True,False,-205.7593666320245,849.582971468012,-908.8693665503635,88.2533214640761,2.1150200916121857,0.0,897.0202837013258,-47.359624030929155,66.80556232444016,-181.91172288758656,-1.300381387921327,-5.793817595913382,85.97746098639634,81.88966446283452,5.937955379486084,33.7226616880002,257.35,136.37266168800022,2.856360912322998,True,-0.1491635441720085,0.0019271028743891262,True,False,29130.449725999584,169.0024708521019
1157.3240000000078,34.3,True,False,-210.5298469504348,856.1657344354431,-927.0773602329408,88.2533214640761,2.1150200916121857,0.0,904.80605899774,-47.38151105751895,66.75284995083496,-183.85552372898874,-1.2714107987121566,-5.664739841430613,85.85131715470685,81.8593340227764,5.80566644668579,33.694278595437225,257.35,136.34427859543723,2.5879268646240234,True,0.6295042760759912,0.0337705009426553,True,False,29480.12994071869,169.6436075126698
1157.423999999999,34.4,True,False,-215.26333587646783,862.8499150795055,-945.5495395370425,88.2533214640761,2.1150200916121857,0.0,912.6811714574794,-47.43727517379125,66.67187134234032,-185.79018344802236,-1.2349870938931884,-5.502454911910182,85.6958855142584,81.8256286514413,5.639344215393066,33.716582245196264,257.35,136.36658224519627,2.532381772994995,True,-0.06922601378899707,0.0004022635192986431,True,False,29832.651803387926,170.28148230502876
1157.523000000001,34.5,True,False,-220.0339259393652,869.3578298809814,-964.1448564125491,88.2533214640761,2.1150200916121857,0.0,920.4081258023261,-47.47170992237461,66.58041458455298,-187.72598161955753,-1.1930277227635568,-5.315505955994315,85.50286437602712,81.77111255941817,5.447744369506836,33.611803577074134,257.35,136.26180357707415,2.191770553588867,True,0.837072744809932,0.05792437859805559,True,False,30188.594956300785,170.9055297086295
1157.6230000000069,34.6,True,False,-224.8275182483656,875.928608695087,-983.0778419793969,88.2533214640761,2.1150200916121857,0.0,928.2078430088437,-47.48568728988636,66.52481425361765,-189.6775371298235,-1.1783216740026503,-5.249983513987128,85.41658916664662,81.73396728943973,5.380591869354248,33.66892158927914,257.35,136.3189215892791,2.4617362022399902,True,0.48305935341386164,0.019003619635372226,True,False,30547.546568730028,171.5553320671434
1157.7230000000127,34.7,True,False,-229.61883229945667,882.3882700109002,-1002.1413486455347,88.2533214640761,2.1150200916121857,0.0,935.9079552294298,-47.50125999875458,66.4926881991104,-191.63046709967216,-1.1370623671416928,-5.066153677366406,85.26609333566226,81.71687270945577,5.192188739776611,33.582688113621955,257.35,136.23268811362195,2.326523542404175,True,0.9857620946821015,0.07793419907185331,True,False,30909.915853611128,172.25327810264497
1157.823000000004,34.8,True,False,-234.40525361335423,888.9133338407969,-1021.485945344158,88.2533214640761,2.1150200916121857,0.0,943.6735692703251,-47.508385547162206,66.45710300250636,-193.59580435830267,-1.0906373712528754,-4.859308239120938,85.09193767982393,81.69206348711943,4.980197429656982,33.52725148397202,257.35,136.17725148397201,2.297315835952759,True,0.5845323504821938,0.0269920592911483,True,False,31275.16159924698,172.94575237464832
1157.923999999999,34.9,True,False,-239.06643011672853,895.7361560384529,-1040.7180229183546,88.2533214640761,2.1150200916121857,0.0,951.6811201163138,-47.52356355562514,66.41991059066822,-195.518425589119,-1.0846350302380496,-4.832564954949545,85.04992271580774,81.67064108905906,4.952788829803467,33.52092722605468,257.35,136.1709272260547,2.079861640930176,True,-0.8953018674315594,0.06238122538323584,True,False,31643.067768757523,173.63717220843188
1158.023000000001,35.0,True,False,-243.80811953186088,902.4246990676237,-1060.4020866903297,88.2533214640761,2.1150200916121857,0.0,959.5948721487558,-47.526977475065,66.38318430622982,-197.47498902600546,-1.0306570885722428,-4.592067550788407,84.8492438720025,81.6427629771936,4.706308364868164,33.42699627455155,257.35,136.07699627455156,1.507056474685669,True,-0.3267136629601204,0.008185517656351712,True,False,32015.23350349688,174.3380377844902
1158.1240000000107,35.1,True,False,-248.46594232659714,909.1450441947806,-1080.2278798358113,88.2533214640761,2.1150200916121857,0.0,967.5139933005244,-47.578616271808464,66.33727273871204,-199.41658763584513,-1.001373224779835,-4.461594009031558,84.74620406028066,81.63552217478777,4.572588920593262,33.55634942929937,257.35,136.2063494292994,1.345692753791809,True,-0.9128846096706811,0.06296198124184879,True,False,32390.867605351646,175.08879067475888
1158.2230000000127,35.2,True,False,-253.22597085179177,915.7753510504086,-1100.265165308095,88.2533214640761,2.1150200916121857,0.0,975.3887980945257,-47.610864092870074,66.28750233478301,-201.358756872617,-0.9903182868616976,-4.41233900244136,84.68732405950034,81.61389186562303,4.522108554840088,33.62315167471927,257.35,136.27315167471926,1.3856946229934692,True,0.01118514939767401,9.314097165054122e-06,True,False,32769.71509886882,175.8189171451298
1158.3240000000078,35.3,True,False,-260.4880170823813,923.8656796686934,-1119.1928560869726,88.2533214640761,2.1150200916121857,0.0,985.5175288354636,-47.443333083262985,66.54948396711829,-203.21837307904303,-0.95061021131207,-4.2354206391394635,84.68811014637791,81.72945411746717,4.340788841247559,35.47959225509345,257.35,138.12959225509346,1.19704008102417,True,0.5138941735481971,0.021297074574391412,True,False,33074.38688375966,175.6138934151869
1158.423999999999,35.4,True,False,-265.1291371681786,930.5331899807292,-1139.6031841093313,88.2533214640761,2.1150200916121857,0.0,993.3979365034107,-47.41198492303739,66.52325409612826,-205.16722998821461,-0.9341686213600292,-4.162165535633868,84.59678455290585,81.6898993136873,4.265711307525635,35.52698936593546,257.35,138.17698936593547,1.1577749252319336,True,-0.4867036253499095,0.017140896702480316,True,False,33458.56719873053,176.26935848866214
1158.524000000005,35.5,True,False,-269.85398714100967,937.2358576347343,-1160.2121904210364,88.2533214640761,2.1150200916121857,0.0,1001.3450081184449,-47.40805356222194,66.50515994960725,-207.12265853059,-0.9076118128147016,-4.043842322097894,84.49528273473658,81.67288315274139,4.144444465637207,35.50232304528091,257.35,138.1523230452809,0.9526606202125549,True,-0.33099594017540346,0.007809707919152692,True,False,33846.3155285069,176.95425953138076
1158.6230000000069,35.6,True,False,-274.60383579308086,943.8211175997773,-1181.011361679531,88.2533214640761,2.1150200916121857,0.0,1009.1955661103564,-47.398674899854534,66.49013079874511,-209.07852113208332,-0.8587443194252442,-3.82611439573884,84.32282891768969,81.65520115642563,3.921299934387207,35.43542274392291,257.35,138.08542274392292,0.8259392976760864,True,0.3848916040611897,0.010406737347999767,True,False,34237.36561500664,177.65040155600155
1158.724000000002,35.7,True,False,-279.30187004727844,950.5520393403665,-1201.9343818878845,88.2533214640761,2.1150200916121857,0.0,1017.1674386689785,-47.42909029020517,66.46023885797882,-211.02139722257132,-0.8257564013855001,-3.67913753051568,84.21046757808502,81.64852696047879,3.770666599273681,35.48449466065801,257.35,138.13449466065802,0.719057559967041,True,-0.5399288799834023,0.020186176818810703,True,False,34631.43044108884,178.3652133946228
1158.8240000000078,35.8,True,False,-284.0520597726531,957.1755903068218,-1223.1231819129966,88.2533214640761,2.1150200916121857,0.0,1025.0619443124535,-47.43137109980648,66.43508040601064,-212.96392668013462,-0.8087794773831374,-3.603497259189892,84.13719992343212,81.62937506168142,3.693144559860229,35.49634495918363,257.35,138.14634495918364,0.6211199760437012,True,0.1738090278552913,0.0020623373054065204,True,False,35029.3425856351,179.06541000637685
1158.923999999999,35.9,True,False,-286.25305187544274,968.8995688606243,-1238.420122056718,88.2533214640761,2.1150200916121857,0.0,1036.7870501749244,-48.27452224086186,66.38862787010682,-214.44405509257166,-0.7635862249431782,-3.402139823874898,84.42772232166423,82.08458690923035,3.4867777824401855,30.581614755686996,257.35,133.231614755687,0.5301535725593567,True,-2.6221537979473766,0.5064297317688533,True,False,35116.00927008074,177.69223785598217
1159.023000000001,36.0,True,False,-290.87285692676784,976.0979469455926,-1259.752743283758,88.2533214640761,2.1150200916121857,0.0,1045.169556074177,-48.27911827343052,66.3890365275882,-216.37938028520298,-0.7496958909845909,-3.3402517792982063,84.38731918833443,82.08762045717572,3.4233500957489014,30.53778954778097,257.35,133.18778954778097,0.47933724522590637,True,-0.7417211130724368,0.03652727072228772,True,False,35505.27489775547,178.3175782316656
1159.1240000000107,36.1,True,False,-295.6728525998095,982.8053324792254,-1281.4844053817894,88.2533214640761,2.1150200916121857,0.0,1053.163233284493,-48.29984447905031,66.35967868777358,-218.33180849389703,-0.7066840738925738,-3.1486136760350627,84.24079548938136,82.07607405477553,3.2269444465637203,30.48675236268767,257.35,133.13675236268767,0.3892443776130676,True,-0.3996400173855168,0.010471583319336304,True,False,35908.22738719203,179.00843882895958
1159.224000000002,36.2,True,False,-300.524108891911,989.3959246683653,-1303.369606234067,88.2533214640761,2.1150200916121857,0.0,1061.07090945709,-48.30925105988971,66.33706180856393,-220.28437500959626,-0.677105157655187,-3.016825535297241,84.13550387890207,82.06332620215127,3.0918776988983154,30.446542851862553,257.35,133.09654285186255,0.35101813077926636,True,0.4762062036108592,0.014660164589316824,True,False,36314.80768443521,179.70627794347968
1159.3240000000078,36.3,True,False,-305.33269116030544,996.0623431936275,-1325.4625254110676,88.2533214640761,2.1150200916121857,0.0,1069.0375252699139,-48.35979306382117,66.30259324054144,-222.22906099065585,-0.6467938576546219,-2.88177427654383,84.04169799561866,82.0652390211367,2.9534666538238525,30.451407571570165,257.35,133.10140757157015,0.29099756479263306,True,-0.3167004491978176,0.006394087664540463,True,False,36724.652140702834,180.43354481930947
1159.423999999999,36.4,True,False,-310.1650875812638,1002.6977953472779,-1347.7851211069783,88.2533214640761,2.1150200916121857,0.0,1076.9879845219025,-48.401088050899894,66.25404745819391,-224.17674642313358,-0.6312330391933526,-2.8124434289593134,83.97701597047066,82.0503755573585,2.882411003112793,30.4563431505094,257.35,133.1063431505094,0.23567990958690643,True,-0.09428834439468403,0.0005589778505687034,True,False,37138.19364719404,181.1398319716837
1159.524000000005,36.5,True,False,-315.0247511708648,1009.281780555372,-1370.2879095629903,88.2533214640761,2.1150200916121857,0.0,1084.9046443126774,-48.435611797654204,66.21349086922103,-226.13026981489716,-0.5978241845385988,-2.6635910909022136,83.86004020425398,82.03800865026818,2.7298555374145503,30.41214831901077,257.35,133.06214831901076,0.23222355544567108,True,0.4026723388693352,0.01005423558146395,True,False,37555.12492077095,181.86157045904977
1159.6230000000069,36.6,True,False,-319.8579019758917,1015.9167649362148,-1392.9853598240804,88.2533214640761,2.1150200916121857,0.0,1092.862639377716,-48.44738060834443,66.17173956745965,-228.0757574386562,-0.5626749329366703,-2.5069844566439565,83.72402385934049,82.01126633087367,2.5693528652191158,30.423355739009235,257.35,133.07335573900923,0.26566174626350403,True,-0.15873231467642057,0.001541084047885041,True,False,37975.340161298096,182.56560898505742
1159.7230000000127,36.7,True,False,-324.68449201198234,1022.5781929131608,-1415.863254307432,88.2533214640761,2.1150200916121857,0.0,1100.84636752065,-48.462838488229806,66.13265622951803,-230.02287422835232,-0.5364265432185398,-2.3900353956793152,83.61997506268948,81.98887079541869,2.449494361877441,30.355436158449557,257.35,133.00543615844956,0.2590312659740448,True,-0.36805572499037353,0.008173049509919149,True,False,38398.9405599845,183.28334484880207
1159.823000000004,36.8,True,False,-329.549322792168,1029.0894587878272,-1438.8616942042802,88.2533214640761,2.1150200916121857,0.0,1108.7089551739516,-48.457100387849955,66.10385334532228,-231.962619028638,-0.5016508193446912,-2.2350930051141877,83.4861469443002,81.96224743806165,2.2906973361968994,30.254114268166205,257.35,132.9041142681662,0.33856725692749023,True,0.9957058253254001,0.059006849718298185,True,False,38826.0356798264,184.00864398227722
1159.923999999999,36.9,True,False,-334.4086410169853,1035.6544941549,-1462.1970773230905,88.2533214640761,2.1150200916121857,0.0,1116.6230245590316,-48.49104532325929,66.06972286318265,-233.91897049370115,-0.47949400453336144,-2.1363738564738943,83.40971579955057,81.95480312806654,2.1895222663879395,30.140668732371484,257.35,132.7906687323715,0.26015618443489075,True,0.29213580189240496,0.00501100511196582,True,False,39256.208851721276,184.77307125565108
1160.024000000005,37.0,True,False,-339.25331654912287,1042.2852572261716,-1485.6640148852002,88.2533214640761,2.1150200916121857,0.0,1124.5959486704164,-48.529847921256355,66.03952021711511,-235.86471788044895,-0.4552902013827289,-2.028534401153543,83.33320562343121,81.95342805378567,2.0789999961853027,30.008313998265773,257.35,132.65831399826578,0.2555961012840271,True,-0.16048598924445123,0.001491920456393518,True,False,39689.85212618859,185.55205433086334
1160.1240000000107,37.1,True,False,-344.1215489264567,1048.7546641113179,-1509.284932753334,88.2533214640761,2.1150200916121857,0.0,1132.4321493930338,-48.56329735547202,66.00441602037324,-237.80842428799696,-0.4196524502806725,-1.8697512692725688,83.21486123295514,81.94496192095338,1.916266679763794,29.853970845137077,257.35,132.50397084513708,0.2944072484970093,True,1.087202028101533,0.0675560316355036,True,False,40127.48916397526,186.34279390465457
1160.2230000000127,37.2,True,False,-349.0009518146535,1055.280229293524,-1533.2241872288141,88.2533214640761,2.1150200916121857,0.0,1140.3281358336365,-48.583897884707866,65.96009112134267,-239.7611378410788,-0.38279258892319223,-1.7055230549197986,83.07816737017093,81.92147920055857,1.7479528188705447,29.787330562839685,257.35,132.4373305628397,0.32006776332855225,True,0.638090960398273,0.02296686768423894,True,False,40568.56352426056,187.11701610606224
1160.3240000000078,37.3,True,False,-353.8732983544417,1061.861179750386,-1557.305132291653,88.2533214640761,2.1150200916121857,0.0,1148.2760429721015,-48.596291436566695,65.93123593937713,-241.69963819073894,-0.37241769180661716,-1.6592979535548131,83.03024913176006,81.90560062585183,1.7005777359008787,29.8414383960783,257.35,132.4914383960783,0.3519231975078583,True,0.22994835992742857,0.002943574762715955,True,False,41013.4396749061,187.90911936294836
1160.4230000000098,37.4,True,False,-358.75913932886607,1068.44777738529,-1581.538341243149,88.2533214640761,2.1150200916121857,0.0,1156.2377304783386,-48.61360855624419,65.88971577866813,-243.63270371479393,-0.3602111826267149,-1.6049121492607006,82.96936276256305,81.88246199433311,1.6448389291763306,29.957363776822802,257.35,132.6073637768228,0.3180571496486664,True,0.42058985341999566,0.009718815043806063,True,False,41461.82322649974,188.69864190437957
1160.523000000001,37.5,True,False,-363.65290009977014,1074.9668694961742,-1605.9706792354505,88.2533214640761,2.1150200916121857,0.0,1164.1436010470964,-48.604046056571114,65.85894445731783,-245.56989760433197,-0.31847136476750215,-1.4189414075927511,82.8118992039772,81.85202415396556,1.4542416334152222,29.90351673537447,257.35,132.55351673537447,0.260075181722641,True,0.8466549465011823,0.03887776458117461,True,False,41913.771483080985,189.49765630133402
1160.6230000000069,37.6,True,False,-370.9608211728279,1081.4418206053865,-1630.059123555063,88.2533214640761,2.1150200916121857,0.0,1172.9552297956848,-48.22192325944664,66.12772487246605,-247.46681773786582,-0.3086841185566496,-1.3753345705227293,82.77887121201755,81.84271427346802,1.4095499515533445,32.73794681912439,257.35,135.38794681912438,0.17920894920825958,True,1.7713865632842722,0.18550402704710592,True,False,42277.303522864284,189.06159098717413
1160.724000000002,37.7,True,False,-375.79518111737815,1088.0571451753142,-1654.9019885171876,88.2533214640761,2.1150200916121857,0.0,1180.9366247938103,-48.20629984155517,66.11639688570861,-249.4149516352379,-0.29128986059698425,-1.297834877916653,82.7074774476595,81.824356285659,1.3301222324371338,32.74394582385638,257.35,135.39394582385637,0.1478332281112671,True,0.04057328489052736,8.701161300110553e-05,True,False,42733.31317766514,189.78093732304836
1160.8240000000078,37.8,True,False,-380.63120156082766,1094.6134558096567,-1679.9447571483606,88.2533214640761,2.1150200916121857,0.0,1188.8673298474753,-48.219635584098086,66.10334568112167,-251.38326872881095,-0.26203458311029676,-1.1674887017485633,82.61535361140507,81.82166929427122,1.1965333223342896,32.67122760864652,257.35,135.32122760864652,0.1237587109208107,True,0.5093996205867111,0.013539032315097106,True,False,43194.74544171668,190.54549858641013
1160.923999999999,37.9,True,False,-385.47731063809255,1101.129203000724,-1705.1622750182883,88.2533214640761,2.1150200916121857,0.0,1196.7676825630372,-48.238020858516535,66.09105750819143,-253.3335736079531,-0.2470310018139607,-1.100640610777818,82.5703300437683,81.82257963971645,1.1280221939086914,32.64123786622743,257.35,135.29123786622745,0.10898911207914352,True,1.0394953420836135,0.055656536347794196,True,False,43659.888180798705,191.31834031773792
1161.024000000005,38.0,True,False,-390.2831523386071,1107.785673236843,-1730.5183023305672,88.2533214640761,2.1150200916121857,0.0,1204.7841092851895,-48.27921733984098,66.0701650239117,-255.28502954512297,-0.22630436379375482,-1.008293579990523,82.51425364237983,81.83000386920759,1.033377766609192,32.64466775936518,257.35,135.29466775936518,0.11111309379339218,True,-0.3901258821384985,0.007738279749058499,True,False,44127.78985211694,192.1039964100441
1161.1240000000107,38.1,True,False,-395.1130469012989,1114.3893913112397,-1756.1444304060408,88.2533214640761,2.1150200916121857,0.0,1212.7643311619736,-48.30626925812955,66.03762384332185,-257.24077723052113,-0.21605784399076883,-0.9626404606188954,82.47244297736354,81.81970063811639,0.9865888953208922,32.645498835163046,257.35,135.29549883516304,0.11590408533811569,True,0.02056003238719395,2.122243377956048e-05,True,False,44600.288183706645,192.8726274530072
1161.2230000000127,38.2,True,False,-399.9573092647042,1120.9583504393302,-1781.9570662533479,88.2533214640761,2.1150200916121857,0.0,1220.7211056667145,-48.32501088475771,66.0150626754071,-259.18727222169923,-0.2066763536307467,-0.9208414588578241,82.43657792704006,81.81256124245151,0.9437500238418578,32.65070261802585,257.35,135.30070261802587,0.11862276494503021,True,0.4487306781294915,0.009982033674851395,True,False,45076.474690780895,193.6520530247607
1161.3240000000078,38.3,True,False,-404.7837007315238,1127.5807730504957,-1807.9518791817836,88.2533214640761,2.1150200916121857,0.0,1228.722371546482,-48.31939863452823,65.9913757608356,-261.1296260458293,-0.18356630952816416,-0.8178752203315175,82.34400020818212,81.7901336299816,0.8382222056388855,32.60464586141568,257.35,135.2546458614157,0.09796794503927231,True,-0.18605448201192676,0.0016945603116044602,True,False,45555.90880472677,194.4142191695346
1161.423999999999,38.4,True,False,-409.6047390013588,1134.2244071739517,-1834.1315975905202,88.2533214640761,2.1150200916121857,0.0,1236.7434304213446,-48.31783450851339,65.9778813608743,-263.07404247911546,-0.160459933348827,-0.7149253241478781,82.26216134711296,81.77832206924823,0.732711136341095,32.55600007923718,257.35,135.20600007923719,0.10709632188081741,True,-0.4057929656606163,0.00796085848351465,True,False,46039.21711149389,195.200902115335
1161.523000000001,38.5,True,False,-414.42727265174466,1140.835071745895,-1860.5396658065963,88.2533214640761,2.1150200916121857,0.0,1244.737376212415,-48.31687945179145,65.95788115312152,-265.0212074232318,-0.15825842232134246,-0.7051165453948797,82.23872592405917,81.76162257543724,0.722658336162567,32.61195942579763,257.35,135.2619594257976,0.11043217033147812,True,-0.24143448640289833,0.002783327659088151,True,False,46526.526650783475,195.99265006780735
1161.6230000000069,38.6,True,False,-419.26799506699854,1147.4031067241547,-1887.1208332068934,88.2533214640761,2.1150200916121857,0.0,1252.7021545905736,-48.32338636827877,65.94184362077762,-266.9669230270986,-0.15381039315124828,-0.6852984597838399,82.21608182981542,81.75253152169074,0.7023472189903258,32.61364979181348,257.35,135.26364979181346,0.12415528297424316,True,0.41922689384772127,0.008288459915714128,True,False,47017.54053352884,196.80782339376591
1161.7230000000127,38.7,True,False,-424.07813452453496,1154.032057746541,-1913.8688164084567,82.8780380943458,-10.236618994033911,0.0,1269.8527917028944,-48.36138407621663,65.90799878389987,-268.91548340295293,-0.31472007915733247,-0.369925633727914,81.86113355161346,81.74770806246427,0.4856888949871063,32.68745284923989,229.61,163.07745284923988,0.11217672377824783,True,-0.49477246408560394,0.01140243952614792,True,False,47512.10045211469,197.642655254925
1161.823000000004,38.8,True,False,-428.91000398631326,1160.6294267156343,-1940.86241914437,82.8780380943458,-10.236618994033911,0.0,1277.8318735313146,-48.35720770350595,65.88984568576913,-270.8709420498203,-0.3777440060453669,-0.4440046888568459,81.86701803668682,81.73060198832799,0.5829499959945679,32.732083753427204,229.61,163.1220837534272,0.10208466649055481,True,-0.14507782153933935,0.0009684286177273518,True,False,48010.69587350023,198.47011380611548
1161.923999999999,38.9,True,False,-433.7493960352658,1167.1845629438324,-1968.0487228190361,82.8780380943458,-10.236618994033911,0.0,1285.777797821734,-48.365290387737254,65.86734990149904,-272.82196460995675,-0.30186113876926673,-0.3548110859530747,81.82583844372495,81.717250916417,0.4658444523811341,32.662114325130815,229.61,163.0521143251308,0.10892628133296967,True,0.3496762804210327,0.005557312086243412,True,False,48512.979073209164,199.3190694138853
1162.023000000001,39.0,True,False,-438.5779339555967,1173.7991670054016,-1995.3971276913962,82.8780380943458,-10.236618994033911,0.0,1293.7762841055062,-48.39153215334295,65.8316529148764,-274.7713467739682,-0.24348111026355576,-0.2861905228804766,81.79122226808148,81.70402015600443,0.37575000524520874,32.662674527539195,229.61,163.05267452753918,0.12745003402233124,True,-0.31422788503669263,0.004433468741912204,True,False,49018.82480550665,200.17875506337913
1162.1240000000107,39.1,True,False,-443.4008487348938,1180.412319872273,-2022.9569516348026,82.8780380943458,-10.236618994033911,0.0,1301.7735449553759,-48.42913439592544,65.79815311982215,-276.72268580796776,-0.2472286259700183,-0.2905953963360575,81.78764407938932,81.6993146379954,0.38153332471847534,32.719588915316024,229.61,163.109588915316,0.12652470171451569,True,-0.5154734273786383,0.011787218944001065,True,False,49528.807071415074,201.06803078012695
1162.224000000002,39.2,True,False,-448.24137225068046,1186.937084876818,-2050.6858349343656,82.8780380943458,-10.236618994033911,0.0,1309.6994713616948,-48.427889171266045,65.77347314883615,-278.6645595584602,-0.18788742464954228,-0.22084505958147496,81.74562865565011,81.67870113833285,0.2899555563926697,32.63010861413246,229.61,163.02010861413245,0.1280520260334015,True,0.6830694250013245,0.02044964335014528,True,False,50042.545392808854,201.94807497995578
1162.3240000000078,39.3,True,False,-453.07356390513985,1193.549366102887,-2078.602569513684,82.8780380943458,-10.236618994033911,0.0,1317.704374130093,-48.41473793479086,65.75942970863616,-280.60324960126786,-0.10177715875830903,-0.11963005364482096,81.69573241062626,81.65959493470156,0.15706667304039001,32.62867816167128,229.61,163.01867816167126,0.10245348513126373,True,-0.3751465517042991,0.006095485297763947,True,False,50559.775262149764,202.83822801402712
1162.423999999999,39.4,True,False,-457.9112809382244,1200.1279427098032,-2106.7638405744883,82.8780380943458,-10.236618994033911,0.0,1325.6830163384582,-48.40432295576608,65.73582373527239,-282.5519351297014,-0.13306052212206462,-0.15640088202178207,81.68169955353329,81.63441065482682,0.20534443855285645,32.7110043379852,229.61,163.1010043379852,0.10382571816444397,True,-0.10373323717812521,0.0004605601155028383,True,False,51081.37153918976,203.74114664733483
1162.523000000001,39.5,True,False,-462.753152299104,1206.690094825879,-2135.118310538056,82.8780380943458,-10.236618994033911,0.0,1333.6506374379705,-48.39834682578554,65.72220250018748,-284.5030534155055,-0.08294233708308978,-0.09749138564812602,81.64931361702946,81.61989878053436,0.12800000607967377,32.67158143350123,229.61,163.0615814335012,0.09015446901321411,True,0.137021992475308,0.0007941237587638114,True,False,51606.79166499055,204.6806277766113
1162.6240000000107,39.6,True,False,-467.5925645833876,1213.2700646555559,-2163.659672446622,82.8780380943458,-10.236618994033911,0.0,1341.6357513675628,-48.41799365694021,65.69171992959255,-286.4619950453267,-0.0628907353565823,-0.07392250025702307,81.62925763945043,81.60701058776463,0.09705555438995363,32.61660210592918,229.61,163.00660210592915,0.09724369645118713,True,-0.09548722462643866,0.00038109348649172683,True,False,52135.93864375855,205.6453182352556
1162.724000000002,39.7,True,False,-472.421778388812,1219.8615586907201,-2192.388646996427,82.8780380943458,-10.236618994033911,0.0,1349.6293613172402,-48.441686450352115,65.65497572884425,-288.41518013442527,-0.05215575283356358,-0.061304477207719775,81.60990237248436,81.59149970498983,0.0804888904094696,32.683240651703485,229.61,163.07324065170346,0.09717181324958801,True,-0.43192302972151353,0.007706443520233365,True,False,52669.2586287415,206.62533633537623
1162.8240000000078,39.8,True,False,-477.263186852756,1226.3683069786161,-2221.202998922986,82.8780380943458,-10.236618994033911,0.0,1357.5529215559382,-48.46400991288256,65.62264378032647,-290.35128572630964,-0.02824503173099762,-0.03319953811250463,81.58868231242371,81.57874498639704,0.04358888790011406,32.633747524397556,229.61,163.02374752439752,0.10394324362277985,True,1.1624224187992196,0.05516903980975918,True,False,53206.33504520121,207.62624269353068
1162.923999999999,39.9,True,False,-482.11478187379714,1232.8741188052672,-2250.3924279389084,82.8780380943458,-10.236618994033911,0.0,1365.4820368820226,-48.46117808930361,65.59258723765129,-292.30031686165324,-0.033205733132681756,-0.03903040411465625,81.56456179496716,81.55288641324779,0.051244445145130164,32.56599901746757,229.61,162.95599901746755,0.09439508616924286,True,0.5339335008700452,0.011506046236534692,True,False,53747.179307219914,208.62734248883464
1163.024000000005,40.0,False,True,-486.96030441724133,1239.4316005976216,-2279.7197419366257,82.8780380943458,-10.236618994033911,0.0,1373.4578244903378,-48.44927277957958,65.55704860943254,-294.2459630926959,-0.022895538803157017,-0.026911682038138478,81.5252712977957,81.51722919266584,0.03533333167433739,32.596739931012465,229.61,162.98673993101244,0.0,False,0.0,0.0,False,False,54292.54718785504,209.63811787490275
1163.1230000000069,40.1,False,True,-491.80389576812206,1245.9858863524678,-2309.2415675176517,82.8780380943458,-10.236618994033911,0.0,1381.4319773506575,-48.42255423803575,65.52866648748969,-296.1905485278267,-0.04512689178072094,-0.05304267234823887,81.49439277010262,81.47852410644272,0.06964166462421417,32.52781312515015,229.61,162.91781312515013,0.0,False,0.0,0.0,False,False,54841.90304705344,210.66339069692293
1163.224000000002,40.2,False,True,-496.6458679586095,1252.5376871610822,-2338.95816643145,82.8780380943458,-10.236618994033911,0.0,1389.405234613865,-48.41688957171286,65.50734968479749,-298.1414297481483,-0.01702765838074425,-0.020014507286172583,81.46399260527062,81.45801408410209,0.026277778670191765,32.46053281668719,229.61,162.85053281668718,0.0,False,0.0,0.0,False,False,55395.28925389456,211.74436588340353
1163.3240000000078,40.3,False,True,-498.07936163948335,1259.273451976789,-2368.7013246773195,82.8780380943458,-10.236618994033911,0.0,1396.1258254906095,-49.4790913282057,65.18358123378995,-300.1058557494689,-0.02609227556650471,-0.030669163531562807,81.84434965338097,81.83568745435583,0.04026666656136513,27.174624022671658,229.61,157.56462402267164,0.0,False,0.0,0.0,False,False,55934.00266885536,210.1998103120565
1163.423999999999,40.4,False,True,-503.03146939390234,1265.7899493482732,-2398.809174352288,82.8780380943458,-10.236618994033911,0.0,1404.1131557251952,-49.56306376017343,65.14636619589919,-302.05113774990656,-0.027244253409190802,-0.03202321165787613,81.86586504746573,81.85686481795655,0.042044445872306824,27.059080676510526,229.61,157.4490806765105,0.0,False,0.0,0.0,False,False,56494.98917559418,211.03590588447815
1163.523000000001,40.5,False,True,-507.9914760109189,1272.3029681381424,-2429.111578657974,82.8780380943458,-10.236618994033911,0.0,1412.102891173361,-49.6370685801583,65.11400960148337,-303.9969483638065,-0.028414229585545646,-0.03339841523447495,81.88530611636811,81.87595998590433,0.04385000094771385,26.98190991977782,229.61,157.3719099197778,0.0,False,0.0,0.0,False,False,57060.058330552754,211.87484603932222
1163.6230000000069,40.6,False,True,-512.9578044548333,1278.8127420682465,-2459.6083919213825,82.8780380943458,-10.236618994033911,0.0,1420.094576611489,-49.68950029812932,65.08146900059698,-305.93931690436125,-0.02993519740783714,-0.035186178465367104,81.89170402245702,81.88189083767826,0.046197220683097846,27.016974380136894,229.61,157.40697438013686,0.0,False,0.0,0.0,False,False,57629.215763515196,212.6989853948086
1163.7230000000127,40.7,False,True,-517.928588891786,1285.3197062931195,-2490.2993467504034,82.8780380943458,-10.236618994033911,0.0,1428.0878106832245,-49.726188440925,65.05781549686286,-307.8797796760587,-0.03563748278055711,-0.041888710874004184,81.89702279362042,81.88536605576257,0.054997220635414124,26.862771648042152,229.61,157.25277164804214,0.0,False,0.0,0.0,False,False,58202.46404400872,213.52381350509535
1163.823000000004,40.8,False,True,-522.9035389265583,1291.8245743170999,-2521.1850180837187,82.8780380943458,-10.236618994033911,0.0,1436.0831000275532,-49.772812254520616,65.03954498274533,-309.83364699024173,-0.017006058449190068,-0.01998911847593189,81.90472042372767,81.89917735414875,0.026244444772601128,26.718850615378763,229.61,157.10885061537874,0.0,False,0.0,0.0,False,False,58779.83329168106,214.37604915732027
1163.9230000000098,40.9,False,True,-527.8828655032788,1298.3276632677014,-2552.2658907789773,82.8780380943458,-10.236618994033911,0.0,1444.0808018163518,-49.81371927988946,65.02223402928652,-311.78380691492816,-0.03634847006714399,-0.042724413582478846,81.92213047712335,81.91030183472002,0.056094445288181305,26.589079990771843,229.61,156.97907999077182,0.0,False,0.0,0.0,False,False,59361.354728266466,215.23323978977845
1164.024000000005,41.0,False,True,-532.8677175102368,1304.8285437325196,-2583.5415532068287,82.8780380943458,-10.236618994033911,0.0,1452.0809955929026,-49.88332085927267,64.99537526707836,-313.7294416421016,-0.02116757566003728,-0.024880614104727423,81.9381962514004,81.93134019444263,0.03266666829586029,26.395754548746847,229.61,156.7857545487468,0.0,False,0.0,0.0,False,False,59947.05167801572,216.11427030824916
1164.1240000000107,41.1,False,True,-537.859462539723,1311.32665540549,-2615.0115645144215,82.8780380943458,-10.236618994033911,0.0,1460.0837417542264,-49.951579730451094,64.96685819233296,-315.6707845097501,-0.02586187951517957,-0.030398353338825616,81.95865214481712,81.95030799789781,0.03991110995411873,26.262065434801794,229.61,156.65206543480178,0.0,False,0.0,0.0,False,False,60536.94792223483,217.003897984557
1164.2230000000127,41.2,False,True,-546.7130968174598,1315.8020019262492,-2647.0990066941586,82.8780380943458,-10.236618994033911,0.0,1467.9112443644888,-49.17818947503889,65.18839602617231,-317.6410853727591,-0.0223231502727296,-0.026238889916250698,81.66546272064463,81.65795305117503,0.034449998289346695,29.42276926369539,229.61,159.81276926369537,0.0,False,0.0,0.0,False,False,61105.957171403556,217.56998698533573
1164.3240000000078,41.3,False,True,-551.6264540788462,1322.3222948883488,-2678.9601568029457,82.8780380943458,-10.236618994033911,0.0,1475.9096210660582,-49.088955752689834,65.21746321582206,-319.58191680298347,-0.015177295223160884,-0.01783956895516885,81.63259435736491,81.62746526259801,0.023422222584486008,29.28203105888862,229.61,159.67203105888862,0.0,False,0.0,0.0,False,False,61704.09379811108,218.3536232236421
1164.425000000003,41.4,False,True,-556.5310421822138,1328.8460793180939,-2711.015799001467,82.8780380943458,-10.236618994033911,0.0,1483.9091767554391,-49.00280631466294,65.2582253790795,-321.5309271674304,-0.004274914135824614,-0.00502478369051495,81.60972920685832,81.6082778052515,0.0065972222946584225,29.144935618464785,229.61,159.53493561846477,0.0,False,0.0,0.0,False,False,62306.45329084898,219.1617803404588
1164.524000000005,41.5,False,True,-561.4267750655654,1335.3744284579225,-2743.265910397614,82.8780380943458,-10.236618994033911,0.0,1491.9107826159643,-48.91185135236789,65.3087574174905,-323.47130075551104,-0.006472670057141253,-0.007608051507901019,81.59634588717795,81.59413580725487,0.00998888909816742,29.04594387164975,229.61,159.43594387164973,0.0,False,0.0,0.0,False,False,62913.07745389966,219.9812202643713
1164.625,41.6,False,True,-566.3152420338896,1341.9071508385991,-2775.710402274381,82.8780380943458,-10.236618994033911,0.0,1499.914894005944,-48.85748801411511,65.34569019604366,-325.41853677983715,-0.013499729104071372,-0.015867738268718012,81.59576243400616,81.59113531656928,0.020833333954215053,28.926153142291707,229.61,159.3161531422917,0.0,False,0.0,0.0,False,False,63524.00076569665,220.82646153358945
1164.7230000000127,41.7,False,True,-571.1978338606465,1348.4444763666331,-2808.3492379745003,82.8780380943458,-10.236618994033911,0.0,1507.922267613336,-48.79434852102174,65.4008203646363,-327.35817722254075,-0.025370490728080338,-0.029820769255340423,81.60626212069377,81.59752295234435,0.039152778685092926,28.92923037323683,229.61,159.31923037323682,0.0,False,0.0,0.0,False,False,64139.26360514421,221.69029007707235
1164.8240000000078,41.8,False,True,-576.0742655101384,1354.986755117645,-2841.182784622812,82.8780380943458,-10.236618994033911,0.0,1515.933045898312,-48.73428446881854,65.44475465560397,-329.312755743694,-0.029541005898792123,-0.034722841190592386,81.60707082748436,81.59685284752057,0.045588888227939606,28.825926688468737,229.61,159.2159266884687,0.0,False,0.0,0.0,False,False,64758.891368415585,222.55777758514245
1164.923999999999,41.9,False,True,-580.944006276771,1361.5330722447336,-2874.2109241838975,82.8780380943458,-10.236618994033911,0.0,1523.9461251613695,-48.660530863834275,65.4815878861624,-331.2500354780104,-0.01158456735879526,-0.013616634925678524,81.58640690100596,81.58238545202866,0.01787777803838253,28.817332715713363,229.61,159.20733271571336,0.0,False,0.0,0.0,False,False,65382.87719355905,223.4095942686738
1165.024000000005,42.0,False,True,-585.8053823443154,1368.0838241691993,-2907.4329780677,82.8780380943458,-10.236618994033911,0.0,1531.9610833213874,-48.566990487052145,65.53345060314747,-333.1910421980328,-0.009287813662224137,-0.010917003974275955,81.57153065828082,81.56828864776178,0.0143333338201046,28.763114542781576,229.61,159.15311454278154,0.0,False,0.0,0.0,False,False,66011.22422532355,224.2731900747366
1165.1230000000069,42.1,False,True,-590.656649929622,1374.6405180115682,-2940.8492028400697,82.8780380943458,-10.236618994033911,0.0,1539.9784610741726,-48.45836121907943,65.60042624422961,-335.13345324936483,-0.024879099527041502,-0.029243182334482608,81.5662656940054,81.55751771273688,0.038394443690776825,28.53220088317955,229.61,158.92220088317953,0.0,False,0.0,0.0,False,False,66643.9614791009,225.1521891034056
1165.2230000000127,42.2,False,True,-606.2210259409674,1371.7366100839943,-2975.856984377674,82.8780380943458,-10.236618994033911,0.0,1544.2498262725162,-49.00340142233766,64.58053398406679,-337.1282890331427,-0.015650685676591367,-0.01839599758836855,81.07293923999563,81.06774155375226,0.02415277808904648,30.657632029767957,229.61,161.04763202976793,0.0,False,0.0,0.0,False,False,67153.37251452566,225.26216185349543
1165.3240000000078,42.3,False,True,-611.1179125113727,1378.1933390743218,-3009.6675483552294,82.8780380943458,-10.236618994033911,0.0,1552.2139439905927,-48.93432998576738,64.55404582248464,-339.08299051796354,-0.02699225742631148,-0.03172701265489825,81.0138860713783,81.00489789640758,0.04165555536746979,30.581372930370147,229.61,160.9713729303701,0.0,False,0.0,0.0,False,False,67793.29301424744,226.04376848494604
1165.4230000000098,42.4,False,True,-616.0087218711542,1384.6474856540558,-3043.6739416856076,82.8780380943458,-10.236618994033911,0.0,1560.174467376959,-48.88185720986449,64.52888577219606,-341.0448760896012,-0.03077758266875223,-0.03617632787789087,80.96341905286008,80.9531535104514,0.0474972240626812,30.364051529678935,229.61,160.75405152967892,0.0,False,0.0,0.0,False,False,68437.56811860041,226.84763872828483
1165.523000000001,42.5,False,True,-639.0176038371696,1377.3271849373302,-3081.7343090838885,82.8780380943458,-10.236618994033911,0.0,1564.1184826668957,-50.143755998049585,63.60851518047565,-343.1983708314851,-0.025426288941968907,-0.029886355123547124,81.00427842303746,80.99653985854417,0.03923888877034187,33.507091935078606,229.61,163.89709193507858,0.0,False,0.0,0.0,False,False,68998.4903385362,227.21266853769941
1165.6230000000069,42.6,False,True,-644.0316097181494,1383.6863135658223,-3116.1513252456552,82.8780380943458,-10.236618994033911,0.0,1572.0746731625554,-50.13636162154577,63.574057389361855,-345.1419524038489,-0.047754841611526655,-0.05613159507973062,80.97943862086613,80.96490307282707,0.07369722425937653,33.564619152375045,229.61,163.95461915237505,0.0,False,0.0,0.0,False,False,69650.29970009837,227.98793966261798
1165.7230000000127,42.7,False,True,-649.0456106588308,1390.0425024069696,-3150.763244732699,82.8780380943458,-10.236618994033911,0.0,1580.0296976436011,-50.14365719208047,63.549719433585004,-347.09643733702467,-0.04299213394989678,-0.050533453217582534,80.96337941645116,80.95031313518345,0.06634721904993057,33.54201563368985,229.61,163.93201563368984,0.0,False,0.0,0.0,False,False,70306.49280036177,228.79169081148723
1165.8240000000078,42.8,False,True,-654.0609727214281,1396.395745950921,-3185.5706710801373,82.8780380943458,-10.236618994033911,0.0,1587.9841673558237,-50.16358405986657,63.515151445442015,-349.05208961174804,-0.03111777434891179,-0.036576193127063866,80.9449582229519,80.93552760604415,0.048022221773862846,33.572339671389635,229.61,163.96233967138963,0.0,False,0.0,0.0,False,False,70967.10939383908,229.60326848488268
1165.923999999999,42.9,False,True,-659.0778660999592,1402.7445080785124,-3220.5732253188635,82.8780380943458,-10.236618994033911,0.0,1595.9367873546848,-50.17428351075537,63.460091106383,-350.998995162775,-0.043314327296387595,-0.05091216301647004,80.91206095236102,80.89896098868074,0.06684444099664688,33.704074920713936,229.61,164.09407492071392,0.0,False,0.0,0.0,False,False,71632.13760450702,230.38847635377846
1166.024000000005,43.0,False,True,-664.0956175329791,1409.0886951943069,-3255.770476421042,82.8780380943458,-10.236618994033911,0.0,1603.8871499257925,-50.180745149641844,63.423651209506765,-352.946026880791,-0.04825343118045715,-0.05671764304575358,80.8889606532172,80.87438850784883,0.07446666806936264,33.68569677319178,229.61,164.07569677319177,0.0,False,0.0,0.0,False,False,72301.57979478789,231.19644057690465
1166.1240000000107,43.1,False,True,-669.112574327825,1415.4285957738764,-3291.1623113454384,82.8780380943458,-10.236618994033911,0.0,1611.8347265679267,-50.15839074727747,63.37436038188315,-354.8906716071398,-0.02430671099661409,-0.02857039021259483,80.82919035007116,80.82186409734294,0.03751111030578613,33.74899737322629,229.61,164.1389973732263,0.0,False,0.0,0.0,False,False,72975.43544625078,231.97452955208573
1166.2230000000127,43.2,False,True,-674.1272948588868,1421.7644216262547,-3326.748543503502,82.8780380943458,-10.236618994033911,0.0,1619.7790140810025,-50.13601987395771,63.34215666568142,-356.83397155412933,-0.01406311726069461,-0.016529951246776732,80.78696503113804,80.7827289701308,0.021702777594327927,33.92610002601827,229.61,164.31610002601823,0.0,False,0.0,0.0,False,False,73653.70688234082,232.78097272646045
1166.3240000000078,43.3,False,True,-679.1399295307216,1428.097214343355,-3362.529994920924,82.8780380943458,-10.236618994033911,0.0,1627.720983186758,-50.11667356273872,63.31369767632601,-358.79505679431065,-0.008258234023546975,-0.009706824117525837,80.75089376769652,80.74840730592352,0.01274444442242384,33.97808030677381,229.61,164.3680803067738,0.0,False,0.0,0.0,False,False,74336.43889045,233.60774480945372
1166.423999999999,43.4,False,True,-684.1515872195536,1434.42705846562,-3398.5070243825057,82.8780380943458,-10.236618994033911,0.0,1635.6612079157564,-50.11648021390103,63.28318476896883,-360.745532437325,-0.018258832753876207,-0.02146164393353827,80.72985843550714,80.72436474530959,0.0281777773052454,33.92533544062901,229.61,164.31533544062898,0.0,False,0.0,0.0,False,False,75023.66665940436,234.45747856819332
1166.524000000005,43.5,False,True,-689.1636731031284,1440.7526659213224,-3434.678687123528,82.8780380943458,-10.236618994033911,0.0,1643.5991934677693,-50.125237457596256,63.228964345082595,-362.68772238311476,-0.011159775544391886,-0.013117329696834063,80.69065420779658,80.68730607928447,0.017222221940755844,33.90710723151582,229.61,164.2971072315158,0.0,False,0.0,0.0,False,False,75715.39776534453,235.30182494253603
1166.6230000000069,43.6,False,True,-694.1769035839494,1447.073607989221,-3471.044993384533,82.8780380943458,-10.236618994033911,0.0,1651.5348861155326,-50.1393721588249,63.18987701288841,-364.6384028369782,-0.009975399614829222,-0.01172520048318917,80.66845072132945,80.6654647131293,0.015394444577395918,33.895639354104986,229.61,164.28563935410497,0.0,False,0.0,0.0,False,False,76411.6522640161,236.18216085200893
1166.7230000000127,43.7,False,True,-699.1906815152133,1453.390083175948,-3507.6056723499387,82.8780380943458,-10.236618994033911,0.0,1659.4681694737963,-50.136186466454376,63.13962672164994,-366.5751764711432,-0.015845081439669603,-0.01862449262447582,80.62886156331251,80.62412576858353,0.02445277757942677,33.773317456406005,229.61,164.163317456406,0.0,False,0.0,0.0,False,False,77112.44255852466,237.0480730464625
1166.8240000000078,43.8,False,True,-704.2039737027618,1459.701717387067,-3544.3607008884906,82.8780380943458,-10.236618994033911,0.0,1667.3982146018452,-50.129657284514145,63.093057500732975,-368.52539429989173,-0.009187015389769388,-0.010798524514953433,80.58633994203608,80.58359910213517,0.0141777778044343,33.7193864458469,229.61,164.1093864458469,0.0,False,0.0,0.0,False,False,77817.7652740283,237.93669831293641
1166.923999999999,43.9,False,True,-709.2152731392366,1466.0094580966042,-3581.310549091619,82.8780380943458,-10.236618994033911,0.0,1675.3251307810312,-50.096331444982916,63.06175669001486,-370.47156976267775,-0.007682245705688829,-0.00902980076371233,80.54065363016142,80.53836092866689,0.011855555698275566,33.77902896560857,229.61,164.16902896560856,0.0,False,0.0,0.0,False,False,78527.64278132953,238.83762591947448
1167.024000000005,44.0,False,True,-714.2241633788448,1472.31412703389,-3618.455248942365,82.8780380943458,-10.236618994033911,0.0,1683.2494271917517,-50.081473347180605,63.03162205569589,-372.42242725224645,-0.014270113788492652,-0.016773257367981943,80.50978195949958,80.50552373344608,0.022022223100066185,33.76544438322028,229.61,164.15544438322027,0.0,False,0.0,0.0,False,False,79242.10545799679,239.77377529621225
1167.1240000000107,44.1,False,True,-726.5241909890788,1477.8031261260037,-3656.3228963124384,82.8780380943458,-10.236618994033911,0.0,1693.9286441589336,-49.77250137282312,63.671672612716115,-374.4141119883125,-0.014630105808233481,-0.017196396166104338,80.82151810412488,80.81697709150339,0.022577777504920963,34.41520920297531,229.61,164.8052092029753,0.0,False,0.0,0.0,False,False,79883.13868068298,239.9574491012612
1167.224000000002,44.2,False,True,-731.4980204668607,1484.1732285777027,-3693.8617583344653,82.8780380943458,-10.236618994033911,0.0,1701.9016297298344,-49.70408818281434,63.73037642126471,-376.3631284522268,-0.03178736015739342,-0.03736323205766212,80.83107131240082,80.82114364992044,0.0490555539727211,34.484852248397765,229.61,164.87485224839773,0.0,False,0.0,0.0,False,False,80606.02808487145,240.82138787692867
1167.3240000000078,44.3,False,True,-736.465026052203,1490.548361639322,-3731.5962220740694,82.8780380943458,-10.236618994033911,0.0,1709.8767835314093,-49.636023524033774,63.77228481111896,-378.3261463398539,-0.038656022522522406,-0.04543673752031545,80.82450399934181,80.81236997705801,0.059655554592609406,34.47712092691968,229.61,164.86712092691968,0.0,False,0.0,0.0,False,False,81333.61890214062,241.67337462500439
1167.423999999999,44.4,False,True,-741.4245164178716,1496.9277306807417,-3769.5259682577607,82.8780380943458,-10.236618994033911,0.0,1717.8530432798832,-49.55378378933695,63.81509601727684,-380.2687773339726,-0.02219715469522954,-0.026090793252134384,80.80269307344821,80.79569275360299,0.034255556762218475,34.46214542246324,229.61,164.85214542246322,0.0,False,0.0,0.0,False,False,82065.898610286,242.51804971943747
1167.523000000001,44.5,False,True,-738.7139334451406,1507.0883272572348,-3806.896848201523,82.8780380943458,-10.236618994033911,0.0,1725.4820660367802,-49.363821900669954,63.90985427138966,-382.20947808017814,-0.027184853597416802,-0.031953392429714234,80.76297742425945,80.75429639116005,0.04195277765393257,32.98754760352448,229.61,163.37754760352445,0.0,False,0.0,0.0,False,False,82581.16803486166,242.87058593944136
1167.6230000000069,44.6,False,True,-743.6472250289657,1513.4812975667116,-3845.2148962617184,82.8780380943458,-10.236618994033911,0.0,1733.4532874667486,-49.30200977583415,63.94955191814541,-384.1514831237319,-0.030588585681592735,-0.03595417862565747,80.75777322683768,80.74796194621894,0.04720555618405342,32.95165945147016,229.61,163.34165945147012,0.0,False,0.0,0.0,False,False,83320.97545947014,243.72833895961526
1167.7230000000127,44.7,False,True,-748.5740024788404,1519.8778726308476,-3883.726985318388,82.8780380943458,-10.236618994033911,0.0,1741.4255233152478,-49.23353922165715,63.98194936457637,-386.090298009656,-0.013969519166586224,-0.016419934960648825,80.73634444720823,80.73184767352762,0.021558333188295364,32.795925316123444,229.61,163.18592531612342,0.0,False,0.0,0.0,False,False,84065.54708303745,244.57816446370518
1167.8240000000078,44.8,False,True,-753.4945686202581,1526.2778859461982,-3922.4332882612575,82.8780380943458,-10.236618994033911,0.0,1749.3987427554382,-49.17778360669654,64.01831694243333,-388.0357608477314,-0.016192475108630224,-0.01903282317487289,80.73192805570956,80.72669511759365,0.024988889694213867,32.706526855931486,229.61,163.09652685593147,0.0,False,0.0,0.0,False,False,84814.90541571841,245.4504793067984
1167.923999999999,44.9,False,True,-758.410647785212,1532.6816572682685,-3961.3344385490477,82.8780380943458,-10.236618994033911,0.0,1757.3740239952301,-49.14379969238075,64.05710949897313,-389.9872449080676,-0.017956438539996865,-0.021106206264913864,80.74259225073187,80.73677183024026,0.027711110189557076,32.70488537299903,229.61,163.094885372999,0.0,False,0.0,0.0,False,False,85569.10509722936,246.34789874220127
