timestamp,relative_t_s,is_blackout,gnss_available,gnss_trust_status,pos_est_e,pos_est_n,pos_est_u,pos_ref_e,pos_ref_n,pos_ref_u,pos_err_2d,pos_err_3d,vel_est_e,vel_est_n,vel_est_u,vel_ref_e,vel_ref_n,vel_ref_u,vel_err_2d,speed_est,speed_ref,speed_err,heading_est_deg,heading_ref_deg,heading_err_deg,ai_speed,ai_accepted,ai_innovation,ai_nis,nhc_active,zupt_active,zaru_active,pos_cov_trace,vel_cov_trace
3673.024000000005,0.0,False,True,NORMAL,-0.10321142480432616,0.0817956159374355,-0.000126260316885164,0.0,0.0,0.0,0.1316932837950498,0.1316933443207786,-3.9005488612558454,3.0853333953315825,-0.009540019180126138,-3.897934435257376,3.0950070643164906,0.0,0.010020733253162991,4.973284988756685,4.9772443771362305,0.003959388379545459,141.52025489608678,141.55,0.029745103913171533,0.0,False,0.0,0.0,False,False,False,19.853467548521067,0.7577354074168928
3673.1240000000107,0.1,False,True,NORMAL,-0.2844482437879587,0.22468137713317396,-0.000769335761980247,0.0,0.0,0.0,0.3624810679532291,0.36248188437772744,-3.908797032566697,3.077741766253055,-0.014639321287129824,-3.8197934203805217,3.032962153845657,0.0,0.09963361214742693,4.975056645058495,4.877466678619385,0.09758996643911022,141.52538122766765,141.55,0.024618772332360095,0.0,False,0.0,0.0,False,False,False,11.444713148826631,0.7750140870341884
3673.2230000000127,0.2,False,True,NORMAL,-0.47412106443593005,0.3739486407950434,-0.0012363001128749608,0.0,0.0,0.0,0.6038446569228876,0.6038459225102781,-3.908420589038058,3.0812233778939535,-0.005191548966662549,-3.7959813026947855,3.014055044534871,0.0,0.1309739597004735,4.976915611631045,4.8470611572265625,0.12985445440448284,141.50267370825486,141.55,0.04732629174509384,0.0,False,0.0,0.0,False,False,False,8.047097074604952,0.8021652700889033
3673.324000000008,0.3,False,True,NORMAL,-0.6654264164917467,0.5254752739669506,-0.0006482172923953573,0.0,0.0,0.0,0.8478894853196903,0.8478897331029238,-3.8934947372937843,3.088933618209877,0.013080299011415988,-3.6292613759531682,2.8816774071994793,0.0,0.33581900816920274,4.969991163678418,4.6341776847839355,0.3358134788944822,141.50113679299872,141.55,0.048863207001261344,0.0,False,0.0,0.0,False,False,False,6.215616848679229,0.8392748219397098
3673.423999999999,0.4,False,True,NORMAL,-0.8561651775025485,0.6771998541034506,0.00033453232775206536,0.0,0.0,0.0,1.0916127763844217,1.0916128276442996,-3.8799774754633845,3.076763536357415,0.008117750487961697,-3.5267294182919673,2.800265793292058,0.0,0.44859245626249344,4.951837948556253,4.503255367279053,0.44858258127720063,141.50990902512413,141.55,0.040090974875852226,0.0,False,0.0,0.0,False,False,False,5.076501958213095,0.8848455226249328
3673.524000000005,0.5,False,True,NORMAL,-1.0456766054923434,0.8272122109202961,0.0007450537185582326,0.0,0.0,0.0,1.3333115184268207,1.3333117265946017,-3.86978732270777,3.0557872968626296,0.0029094922560777997,-3.41225909961304,2.7093749764119,0.0,0.5738759192441164,4.930830551403768,4.357089042663574,0.573741508740194,141.47370148951543,141.55,0.07629851048460523,0.0,False,0.0,0.0,False,False,False,4.305871292361498,0.9392981485014743
3673.6240000000107,0.6,False,True,NORMAL,-1.432569066824091,1.132935528470422,0.0013623173520372878,-27.144953392274413,17.581576951408028,0.0,30.52350753697947,30.523507567380765,-3.859590106065415,3.061037730087497,0.00944284596785394,-3.952479127553519,1.3501540011471507,0.0,1.7134034855415234,4.9260925460102,4.176722049713135,0.7493704962970655,144.3279050996203,161.14,16.81209490037969,0.0,False,0.0,0.0,False,False,False,4.363244405698495,1.0068260772088276
3673.7230000000127,0.7,False,True,NORMAL,-1.81686320720149,1.44013015401339,0.0027133260805628926,-27.144953392274413,17.581576951408028,0.0,30.03428802446146,30.034288147023684,-3.826292701482566,3.082854780771862,0.01757732860265815,-3.860850166873195,1.3188538465122872,0.0,1.7643393988920832,4.913706283117325,4.079894542694092,0.8338117404232328,144.35599461276053,161.14,16.78400538723946,0.0,False,0.0,0.0,False,False,False,4.442466716043047,1.0846945191382877
3673.823000000004,0.8,False,True,NORMAL,-2.1980058927873953,1.7487644994306988,0.004645550191457517,-27.144953392274413,17.581576951408028,0.0,29.547049593515254,29.54704995871477,-3.7965610102355414,3.0898321275743124,0.021067153615234348,-3.6950984118979546,1.2622335866817178,0.0,1.8304128183374797,4.894991121649877,3.9047389030456543,0.9902522186042226,144.37319332271096,161.14,16.766806677289026,0.0,False,0.0,0.0,False,False,False,4.545838047629633,1.1724569375546932
3673.92300000001,0.9,False,True,NORMAL,-2.5755993399976878,2.0589628964252933,0.007262097030588664,-27.144953392274413,17.581576951408028,0.0,29.06208364254143,29.062084549875763,-3.7553079339703035,3.1141358123175804,0.031263783167388585,-3.5448294794048296,1.2109022086007195,0.0,1.9148366327583508,4.878542767722672,3.7459444999694824,1.1325982677531892,144.3981833202159,161.14,16.741816679784108,0.0,False,0.0,0.0,False,False,False,4.675972533775464,1.2711784369856178
3674.024000000005,1.0,False,True,NORMAL,-2.9495133562452938,2.3713305936565177,0.0104012632319534,-27.144953392274413,17.581576951408028,0.0,28.57920420166688,28.579206094411557,-3.722972390981816,3.1332181323069053,0.03151954085990614,-3.273606185488486,1.1182532144712742,0.0,2.0644644842544095,4.865961291320517,3.4593334197998047,1.406627871520712,144.4052277791916,161.14,16.734772220808452,0.0,False,0.0,0.0,False,False,False,4.835784820260728,1.3792792941309804
3674.1240000000107,1.1,False,True,NORMAL,-3.3207402905586676,2.6847346833029087,0.01377035408363826,-27.144953392274413,17.581576951408028,0.0,28.098203491980897,28.098206866264952,-3.7015662952856543,3.1348636606209177,0.035862276173791056,-3.166031433805801,1.081506029547697,0.0,2.122045039330427,4.850666264450312,3.3456554412841797,1.505010823166132,144.41240234099828,161.14,16.727597659001674,0.0,False,0.0,0.0,False,False,False,5.0284862690603624,1.4981992548459782
3674.2230000000127,1.2,False,True,NORMAL,-3.6899003506043786,2.9983480104624656,0.017799570306228526,-27.144953392274413,17.581576951408028,0.0,27.61901662861274,27.619022364238205,-3.68163490562857,3.1374028825702185,0.04472204827801428,-3.0589038573702534,1.0449115982325898,0.0,2.1831888909331325,4.837120261674564,3.232450008392334,1.6046702532822303,144.42630397162986,161.14,16.713696028370123,0.0,False,0.0,0.0,False,False,False,5.257642879020455,1.628206322412919
3674.323000000004,1.3,False,True,NORMAL,-4.057973945472015,3.3124439162141543,0.02235068773909172,-27.144953392274413,17.581576951408028,0.0,27.140684913117752,27.140694116149277,-3.679836991724153,3.1445152324635512,0.04630030037924958,-2.978328157301687,1.0173872014345364,0.0,2.239818810788529,4.840369441773713,3.1473028659820557,1.693066575791657,144.4366868967169,161.14,16.70331310328305,0.0,False,0.0,0.0,False,False,False,5.52710599097955,1.7678125778275886
3674.423999999999,1.4,False,True,NORMAL,-4.425113638087125,3.6272806122283434,0.026947659078206756,-27.144953392274413,17.581576951408028,0.0,26.662961290479206,26.662974908174114,-3.6629568605780483,3.1522186878202274,0.04563912640305113,-2.803520765144635,0.9576735654267907,0.0,2.356832343709381,4.832570291087225,2.9625778198242188,1.8699924712630063,144.44721621566677,161.14,16.692783784333187,0.0,False,0.0,0.0,False,False,False,5.841002316078821,1.917683740191207
3674.523000000001,1.5,False,True,NORMAL,-4.790923173214479,3.942310718744885,0.03190763142205337,-27.144953392274413,17.581576951408028,0.0,26.18648984495841,26.186509284306165,-3.653233841969032,3.148383442510604,0.053560320473881096,-2.7066290346284245,0.9245756657509723,0.0,2.416895051353485,4.822700053412272,2.8601889610290527,1.9625110923832194,144.4406223425846,161.14,16.69937765741537,0.0,False,0.0,0.0,False,False,False,6.203846184163203,2.079560034914662
3674.6240000000107,1.6,False,True,NORMAL,-5.1559232660154,4.256759860004166,0.038248191414832225,-27.144953392274413,17.581576951408028,0.0,25.711246496677187,25.711274945771194,-3.6467680140493908,3.140599382675023,0.073250879381696,-2.579350144180103,0.8810976111795015,0.0,2.4989456105141,4.812720792935371,2.725688934326172,2.0870318586091994,144.44069143576138,161.14,16.699308564238606,0.0,False,0.0,0.0,False,False,False,6.620589880772907,2.2543659366203603
3674.724000000002,1.7,False,True,NORMAL,-5.520205602301004,4.570771116779174,0.045332924656461986,-27.144953392274413,17.581576951408028,0.0,25.23709146170319,25.237132177021024,-3.6388787116626973,3.139625752825131,0.06844378545089926,-2.583103753961447,0.8823798320594796,0.0,2.4919510244228817,4.806109460467452,2.7296555042266846,2.0764539562407673,144.45469074773237,161.14,16.685309252267643,0.0,False,0.0,0.0,False,False,False,7.0963246150106745,2.435851681731342
3674.824000000008,1.8,False,True,NORMAL,-5.883929636731733,4.884485464766774,0.05254286785643797,-27.144953392274413,17.581576951408028,0.0,24.763829739236378,24.7638854808136,-3.6356019769518726,3.13466120692687,0.07575507854862044,-2.4385389004784765,0.8329969487965138,0.0,2.594343532805691,4.8003856737796164,2.5768887996673584,2.223496874112258,144.45140385886555,161.14,16.68859614113444,0.0,False,0.0,0.0,False,False,False,7.636430154375759,2.630489088731153
3674.923999999999,1.9,False,True,NORMAL,-6.247658186357455,5.197465477659014,0.060115634944604195,-27.144953392274413,17.581576951408028,0.0,24.291215776849906,24.291290163493716,-3.638969015562578,3.1249390509179173,0.07570026321470406,-2.3188306283034614,0.7921049927781273,0.0,2.6804626660955497,4.796596665155019,2.4503889083862305,2.3462077567687887,144.46533847109012,161.14,16.674661528909894,0.0,False,0.0,0.0,False,False,False,8.246736157626984,2.8347171003665883
3675.024000000005,2.0,False,True,NORMAL,-6.611314519114216,5.509804981311922,0.06847829083459676,-27.144953392274413,17.581576951408028,0.0,23.81927798803636,23.819376422309404,-3.6341576395726407,3.1218510221402505,0.09155285458514728,-2.3096723348464487,0.7889765495515798,0.0,2.6826413527140565,4.790934726512386,2.44071102142334,2.3502237050890464,144.47224909007113,161.14,16.667750909928827,0.0,False,0.0,0.0,False,False,False,8.933466554572796,3.0535098043099542
3675.123000000007,2.1,False,True,NORMAL,-6.974544421494829,5.821999745272149,0.07735775475091042,-27.144953392274413,17.581576951408028,0.0,23.348084592008313,23.34821274397242,-3.630440408039617,3.1220442570642732,0.08603642374112577,-2.100482535897392,0.7175179953289144,0.0,2.850003093665862,4.7882416291781755,2.2196528911590576,2.568588738019118,144.47587081769967,161.14,16.664129182300314,0.0,False,0.0,0.0,False,False,False,9.7030522365633,3.2788963088417398
3675.2230000000127,2.2,False,True,NORMAL,-7.3374546207023,6.134042070328014,0.0861600171422658,-27.144953392274413,17.581576951408028,0.0,22.877566794556067,22.877729039131665,-3.627763576109808,3.1188022440530294,0.09000882408598179,-2.1458029124074685,0.7329992883867348,0.0,2.8086051968952677,4.78409824331182,2.2675445079803467,2.516553735331473,144.48628428876881,161.14,16.653715711231143,0.0,False,0.0,0.0,False,False,False,10.562154997777498,3.5177118930569806
3675.324000000008,2.3,False,True,NORMAL,-7.700579029068272,6.445703001701107,0.09462520706930248,-27.144953392274413,17.581576951408028,0.0,22.40739572106204,22.40759551870933,-3.634724591209614,3.114416383408832,0.07929497445475174,-1.9188774933765655,0.6554823040892843,0.0,2.9984142591678635,4.786524027223644,2.0277445316314697,2.758779495592174,144.48316883844126,161.14,16.656831161558728,0.0,False,0.0,0.0,False,False,False,11.517816483251703,3.764245882045708
3675.423999999999,2.4,False,True,NORMAL,-8.063811962308765,6.756639871712034,0.10280808800700543,-27.144953392274413,17.581576951408028,0.0,21.937849052487547,21.938089947684333,-3.629934073600271,3.104321016809697,0.08436264429930705,-1.8385987068424257,0.6280593319878739,0.0,3.0562647673122294,4.776319749984359,1.942911148071289,2.83340860191307,144.49683499916873,161.14,16.64316500083129,0.0,False,0.0,0.0,False,False,False,12.577494891959816,4.0262042228319945
3675.524000000005,2.5,False,True,NORMAL,-8.426601096185784,7.066718640184622,0.11155744788822743,-27.144953392274413,17.581576951408028,0.0,21.46948900150142,21.469778830946762,-3.6258486039400863,3.097254352642052,0.09062455332513299,-1.8010931802933585,0.6152475662324662,0.0,3.080598974860471,4.768622717688453,1.9032777547836304,2.865344962904823,144.4868601785786,161.14,16.653139821421405,0.0,False,0.0,0.0,False,False,False,13.749272091876435,4.300186623461638
3675.625,2.6,False,True,NORMAL,-8.789254316376999,7.376347113322526,0.12088071162839406,-27.144953392274413,17.581576951408028,0.0,21.00186669353588,21.002214567980577,-3.627215799884205,3.095315110116027,0.09584072147819964,-1.7464043469848427,0.5965660388349349,0.0,3.127490790167979,4.768403306122733,1.8454861640930176,2.922917142029715,144.49766003905094,161.14,16.642339960949073,0.0,False,0.0,0.0,False,False,False,15.041360096707908,4.585686300985336
3675.724000000002,2.7,False,True,NORMAL,-9.150969681070508,7.686349885841704,0.1308321317485254,-27.144953392274413,17.581576951408028,0.0,20.53531028443904,20.53572705128517,-3.607091493985982,3.104740340267533,0.1031876809244276,-1.6409141945432908,0.5605309462249093,0.0,3.215408934113745,4.759256415289113,1.7340110540390015,3.0252453612501116,144.54609032893444,161.14,16.593909671065546,0.0,False,0.0,0.0,False,False,False,16.46235166600226,4.883791893262695
3675.824000000008,2.8,False,True,NORMAL,-9.511253307427374,7.996486841667345,0.14116398797067306,-27.144953392274413,17.581576951408028,0.0,20.07040934047393,20.070905768442113,-3.5985810331513295,3.0979987762452956,0.10344944351852557,-1.465541741636261,0.5006242873047452,0.0,3.360983614203778,4.748408351202942,1.5486888885498047,3.199719462653137,144.5565174886983,161.14,16.583482511301668,0.0,False,0.0,0.0,False,False,False,18.021076909261332,5.19175741449067
3675.923999999999,2.9,False,True,NORMAL,-9.869777277427172,8.30697824002387,0.15235753248982634,-27.144953392274413,17.581576951408028,0.0,19.607393785411595,19.60798571689361,-3.5718983668446027,3.1118291908852074,0.12042144686453987,-1.4969277132833458,0.5113456330302144,0.0,3.3268630792105935,4.737292354954719,1.5818555355072021,3.155436819447517,144.5984947926461,161.14,16.54150520735385,0.0,False,0.0,0.0,False,False,False,19.727038214637712,5.517228897730399
3676.023000000001,3.0,False,True,NORMAL,-10.226282259402486,8.618550780727075,0.16406806960018896,-27.144953392274413,17.581576951408028,0.0,19.14620774562382,19.146910700424964,-3.5582012726616967,3.1196216231788783,0.11378929534271268,-1.3082726664563014,0.4469016832735972,0.0,3.493652903507823,4.732106863604893,1.3824971914291382,3.349609672175755,144.63694164618252,161.14,16.503058353817437,0.0,False,0.0,0.0,False,False,False,21.589758239211594,5.847288072602707
3676.123000000007,3.1,False,True,NORMAL,-10.580944318605393,8.931418183673854,0.17544031699329923,-27.144953392274413,17.581576951408028,0.0,18.68667020363976,18.687493748612326,-3.53503991139643,3.1377264357566825,0.11365565251949249,-1.2447752478810168,0.4252111718286953,0.0,3.55007764506492,4.726714965048349,1.3153972625732422,3.411317702475107,144.6683394862448,161.14,16.471660513755126,0.0,False,0.0,0.0,False,False,False,23.61881503543503,6.191772516751157
3676.224000000002,3.2,False,True,NORMAL,-10.933167842762794,9.246515652805003,0.1871543549803949,-27.144953392274413,17.581576951408028,0.0,18.228966990886335,18.229927709878933,-3.509430571751595,3.164222946866317,0.12062510722242055,-1.1147441539754779,0.38079297351710223,0.0,3.671785050356328,4.7252946781571294,1.177988886833191,3.5473057913239385,144.69983328929723,161.14,16.440166710702727,0.0,False,0.0,0.0,False,False,False,25.824916905741347,6.551252984160656
3676.324000000008,3.3,False,True,NORMAL,-11.282515205278285,9.564181080077432,0.19960590766973374,-27.144953392274413,17.581576951408028,0.0,17.77345160046022,17.77457240870448,-3.4775166785582368,3.189085598582268,0.12840594656435622,-1.136088762580638,0.3880842223209928,0.0,3.6507387465466166,4.7184096054428695,1.2005444765090942,3.5178651289337752,144.76638345754753,161.14,16.373616542452453,0.0,False,0.0,0.0,False,False,False,28.219074945942232,6.92378399386508
3676.423999999999,3.4,False,True,NORMAL,-11.62908343466937,9.884461404953331,0.21213098088616,-27.144953392274413,17.581576951408028,0.0,17.32015612737903,17.32145513026654,-3.453847909263497,3.216520898935737,0.12209551776416935,-0.9609580595612509,0.3282601443753371,0.0,3.815304704618269,4.719647452258928,1.0154777765274048,3.7041696757315234,144.82271402511776,161.14,16.317285974882225,0.0,False,0.0,0.0,False,False,False,30.812059535943938,7.303706487842143
3676.523000000001,3.5,False,True,NORMAL,-11.973089371429026,10.20762819893008,0.2238181790206507,-27.144953392274413,17.581576951408028,0.0,16.868923441381607,16.870408194482252,-3.4262708259296346,3.2468149805992192,0.11164844492564435,-0.9124385863695542,0.31168605030697216,0.0,3.8644966510646843,4.720290170197172,0.9642055630683899,3.7560846071287823,144.88242096170933,161.14,16.257579038290658,0.0,False,0.0,0.0,False,False,False,33.614758327013014,7.694664065148983
3676.623000000007,3.6,False,True,NORMAL,-21.81830624087963,15.051088683231196,0.2017067194004292,-27.144953392274413,17.581576951408028,0.0,5.897163788707479,5.900612370889485,-7.758831929348221,5.331352101710516,0.1295148945989789,-0.8235851806288278,0.2813340162025824,0.0,8.579063476253111,9.413967715065024,0.8703110814094543,8.54365663365557,144.8539834015999,161.14,16.286016598400124,0.0,False,0.0,0.0,False,False,False,14.540971489214332,3.70414294750706
3676.724000000002,3.7,False,True,NORMAL,-24.47384321374063,16.410311859737224,0.16604429871499768,-27.144953392274413,17.581576951408028,0.0,2.916623304582441,2.9213459586240647,-8.702229393487798,5.769318213217268,0.1184903988269865,-0.857904752755682,0.2930574703004695,0.0,9.566758113050035,10.440968779871124,0.9065777659416199,9.534391013929504,144.87405312890957,161.14,16.265946871090364,0.0,False,0.0,0.0,False,False,False,9.752054133746537,2.7836713122519177
3676.824000000008,3.8,False,True,NORMAL,-25.908050698558405,17.17500924541862,0.14161667592336988,-27.144953392274413,17.581576951408028,0.0,1.3020082846416166,1.3096873123669595,-9.058174460140997,5.929477673541476,0.10459883517664084,-0.8534045159881679,0.2915202040729487,0.0,9.955140092636045,10.82632116793962,0.9018222093582153,9.924498958581404,144.89467841310412,161.14,16.24532158689584,0.0,False,0.0,0.0,False,False,False,7.516830715579211,2.3841896411711834
3676.923999999999,3.9,False,True,NORMAL,-26.90275251690406,17.723453191381406,0.1242398726388476,-27.144953392274413,17.581576951408028,0.0,0.2806957988626646,0.3069620130447195,-9.22245906829108,5.984949207342966,0.08564969321255878,-0.7781937907943135,0.2658284652243452,0.0,10.198723358326227,10.994242506001928,0.8223444223403931,10.171898083661535,144.9131311471173,161.14,16.22686885288266,0.0,False,0.0,0.0,False,False,False,6.216962375885048,2.1669056858270026
3677.023000000001,4.0,False,True,NORMAL,-27.681128935796792,18.163243641831098,0.11065066566415052,-27.144953392274413,17.581576951408028,0.0,0.7910880812016108,0.7987890347464504,-9.275679542165939,5.98789534001733,0.06181943468939561,-0.7559555085494404,0.25823194041482905,0.0,10.267168075069534,11.040521797992927,0.7988444566726685,10.241677341320258,144.980956473788,161.14,16.159043526211974,0.0,False,0.0,0.0,False,False,False,5.369369001441832,2.0337593627577912
3677.1240000000107,4.1,False,True,NORMAL,-28.330040272996175,18.535888303928342,0.10011338396661221,-27.144953392274413,17.581576951408028,0.0,1.5215587640337744,1.524848766946163,-9.270278800211694,5.947663183864297,0.06336509679866435,-0.7542206174985511,0.25763930728045437,0.0,10.24205148822489,11.014207478631821,0.797011137008667,10.217196341623154,145.00885181085698,161.14,16.131148189143005,0.0,False,0.0,0.0,False,False,False,4.777031192554223,1.9490543696469178
3677.2230000000127,4.2,False,True,NORMAL,-28.88929283271192,18.85988270821641,0.09262488431951112,-27.144953392274413,17.581576951408028,0.0,2.162587730325706,2.1645704101623697,-9.200559133419409,5.871241401607817,0.06294064690343036,-0.6864568154068412,0.2344914131172038,0.0,10.210920071880688,10.914291729814675,0.7254027724266052,10.18888895738807,145.0431426562714,161.14,16.096857343728573,0.0,False,0.0,0.0,False,False,False,4.343861993311132,1.8904862165460266
3677.323000000004,4.3,False,True,NORMAL,-29.379230335598965,19.144726163059307,0.08606702798456567,-27.144953392274413,17.581576951408028,0.0,2.726798290552075,2.7281562364835,-9.099485563299984,5.773484773844273,0.032552087452677014,-0.6805923218655492,0.23248812121762633,0.0,10.078710597843859,10.776537660608646,0.7192055583000183,10.057332102308628,145.03125828424893,161.14,16.10874171575108,0.0,False,0.0,0.0,False,False,False,4.016958619823446,1.8449351737929218
3677.42300000001,4.4,False,True,NORMAL,-29.81117955104327,19.396528064263702,0.08159938383747581,-27.144953392274413,17.581576951408028,0.0,3.225338660010664,3.226370705793437,-8.95420362559744,5.671760833502309,0.06500281627671398,-0.5997799483185537,0.20488287752992349,0.0,9.984144909053297,10.599369486960683,0.6338083148002625,9.96556117216042,144.96844650399564,161.14,16.17155349600438,0.0,False,0.0,0.0,False,False,False,3.764885364611301,1.8163751853800632
3677.524000000005,4.5,False,True,NORMAL,-30.191862781328634,19.61804680757,0.07955298541382899,-27.144953392274413,17.581576951408028,0.0,3.664814633806617,3.665677969714659,-8.79176205092117,5.531415906659635,0.04872314343048023,-0.6104233170886185,0.20851861764817234,0.0,9.760509158188132,10.38709015521021,0.6450555324554443,9.742034622754765,144.99836829225805,161.14,16.141631707741908,0.0,False,0.0,0.0,False,False,False,3.5675353902191866,1.7887845197836854
3677.623000000007,4.6,False,True,NORMAL,-30.52621530212101,19.810235905128888,0.07795221350073038,-27.144953392274413,17.581576951408028,0.0,4.049673176316777,4.050423358436656,-8.60924688066128,5.375004162711449,0.0428405594275792,-0.4970552544027202,0.16979245654826305,0.0,9.638562231324636,10.149374443843392,0.525255560874939,9.624118882968453,144.93587238556663,161.14,16.20412761443339,0.0,False,0.0,0.0,False,False,False,3.4112301229516016,1.766058157422473
3677.7230000000127,4.7,False,True,NORMAL,-30.816999790901505,19.974057897538525,0.07994291979176163,-27.144953392274413,17.581576951408028,0.0,4.382680667270623,4.383409711821667,-8.399652689321607,5.195292783010256,0.09636165352149802,-0.5890314414732286,0.20121122258748336,0.0,9.270741874817533,9.876498995212128,0.6224499940872192,9.254049001124908,144.9480940429819,161.14,16.191905957018037,0.0,False,0.0,0.0,False,False,False,3.28667358745826,1.7513549234267785
3677.823000000004,4.8,False,True,NORMAL,-31.065545972234776,20.11156846698665,0.08683967584747512,-27.144953392274413,17.581576951408028,0.0,4.666037210196686,4.66684522737163,-8.15931910246351,5.033988189744803,0.12510232813753472,-0.5151665851708909,0.17597922817022502,0.0,9.05722467306459,9.587258487717753,0.5443944334983826,9.04286405421937,144.99244120446014,161.14,16.147558795539794,0.0,False,0.0,0.0,False,False,False,3.1870127896772953,1.7347201701289838
3677.92300000001,4.9,False,True,NORMAL,-31.271929624576437,20.225783032162884,0.09544725160163713,-27.144953392274413,17.581576951408028,0.0,4.901403739694044,4.902332995352832,-7.871918610517524,4.878362242402775,0.11590092839029884,-0.41343551375172377,0.14122822539830332,0.0,8.83568949204317,9.260967594086114,0.43689167499542236,8.824075919090692,145.01109730032297,161.14,16.128902699676985,0.0,False,0.0,0.0,False,False,False,3.10680841828813,1.7139112242822385
3678.024000000005,5.0,False,True,NORMAL,-31.436298977971454,20.316694865310566,0.10411219221353064,-27.144953392274413,17.581576951408028,0.0,5.088862047534012,5.089926943228121,-7.556143769788871,4.679157995463745,0.11037697180323017,-0.497591492429276,0.16997563371220414,0.0,8.375911044402843,8.887622191353065,0.5258222222328186,8.361799969120247,145.10790516372143,161.14,16.03209483627853,0.0,False,0.0,0.0,False,False,False,3.0419298281770573,1.6926419239255228
3678.125,5.1,False,True,NORMAL,-31.557752913767963,20.385075428653042,0.11351527068680185,-27.144953392274413,17.581576951408028,0.0,5.228040103978624,5.229272324663148,-7.168771884090938,4.501412875250377,0.11618326567407618,-0.40402232814766115,0.1380127118442235,0.0,8.049912890252143,8.464869059802556,0.42694443464279175,8.037924625159764,145.19772276336252,161.14,15.942277236637494,0.0,False,0.0,0.0,False,False,False,2.989271271618211,1.6713361612465627
3678.224000000002,5.2,False,True,NORMAL,-31.6377968363578,20.433136353816476,0.12524625356080488,-27.144953392274413,17.581576951408028,0.0,5.321375126647914,5.3228488483647665,-6.802987655618358,4.312526892402292,0.14788735300399225,-0.38837666573889534,0.13266820450589684,0.0,7.656268856451251,8.05472092875903,0.41041111946105957,7.644309809297971,145.2729038574094,161.14,15.867096142590583,0.0,False,0.0,0.0,False,False,False,2.946437695326142,1.6516394730647708
3678.323000000004,5.3,False,True,NORMAL,-31.683174663768195,20.460636137752598,0.13939252781510067,-27.144953392274413,17.581576951408028,0.0,5.37442407216938,5.376231429572613,-6.485293459390298,4.092571656345891,0.1607010828472941,-0.38193647919055146,0.13046825774950177,0.0,7.276622140040118,7.668648773854253,0.40360555052757263,7.26504322332668,145.34945265280322,161.14,15.790547347196764,0.0,False,0.0,0.0,False,False,False,2.9114222518538377,1.6290776561570395
3678.42300000001,5.4,False,True,NORMAL,-31.69871314506631,20.468821377865773,0.1571137891704283,-27.144953392274413,17.581576951408028,0.0,5.391929920191715,5.394218479724947,-6.158976217537887,3.891348560790165,0.22217871922175286,-0.23180420081321884,0.07918356026952786,0.0,7.047266853684376,7.285299010319411,0.24495555460453033,7.040343455714881,145.30940759300734,161.14,15.830592406992594,0.0,False,0.0,0.0,False,False,False,2.8826684145745904,1.609992655521815
3678.523000000001,5.5,False,True,NORMAL,-31.685967687487377,20.45754767283943,0.1783303045435118,-27.144953392274413,17.581576951408028,0.0,5.375129618889124,5.37808703140603,-5.81568574792507,3.628488440097569,0.2399645004371076,-0.254933632594335,0.08708449885914252,0.0,6.592685792844544,6.854788769797394,0.26939722895622253,6.585391540841171,145.33140931547777,161.14,15.808590684522187,0.0,False,0.0,0.0,False,False,False,2.8588234833528063,1.5853146130384057
3678.623000000007,5.6,False,True,NORMAL,-31.64903174195188,20.42386084466087,0.2016643714456088,-27.144953392274413,17.581576951408028,0.0,5.3259083272130985,5.329724948680595,-5.520061397833687,3.3169541408248584,0.27977751137331963,-0.2576726655898714,0.08802014361243601,0.0,6.174038380800759,6.439973804930325,0.2722916603088379,6.167682144621487,145.40591165340666,161.14,15.734088346593296,0.0,False,0.0,0.0,False,False,False,2.838705036414197,1.5619160502683396
3678.7230000000127,5.7,False,True,NORMAL,-31.590848746736366,20.369974498816514,0.2261128168244721,-27.144953392274413,17.581576951408028,0.0,5.247965928359295,5.252834795722433,-5.1889792086000615,3.0511261316920435,0.28175131693725847,-0.2397952726796097,0.08191328440106053,0.0,5.771537625632434,6.019541170120674,0.2533999979496002,5.766141172171074,145.37623864305968,161.14,15.763761356940279,0.0,False,0.0,0.0,False,False,False,2.821376591017632,1.5343097284011982
3678.823000000004,5.8,False,True,NORMAL,-31.513535172169867,20.3008520198384,0.25134293009318115,-27.144953392274413,17.581576951408028,0.0,5.145771435404174,5.1519061456832995,-4.890948150325663,2.802603929382735,0.3190014771280425,-0.17989639368534227,0.061452022360596006,0.0,5.450497448042239,5.637017171711078,0.19010277092456818,5.44691440078651,145.26047388327197,161.14,15.879526116728016,0.0,False,0.0,0.0,False,False,False,2.8061293793253976,1.5096308861741914
3678.92300000001,5.9,False,True,NORMAL,-31.419323605865127,20.21757848743956,0.2794105025290549,-27.144953392274413,17.581576951408028,0.0,5.021826840980494,5.029593924932277,-4.564512833596246,2.5244439979500894,0.36857334012503346,-0.1243505637936792,0.042477747720545446,0.0,5.086766895529693,5.216090001797426,0.1314055621623993,5.084684439635026,145.28105440067165,161.14,15.858945599328365,0.0,False,0.0,0.0,False,False,False,2.792552399460554,1.485496794757751
3679.023000000001,6.0,False,True,NORMAL,-31.30957900151749,20.121850024173686,0.3107680783156526,-27.144953392274413,17.581576951408028,0.0,4.8782264963182635,4.888115234717934,-4.256031377351332,2.2794770977013408,0.4230112308815776,-0.12179026270585804,0.04160315720499659,0.0,4.701066832919703,4.828024329261815,0.12870000302791595,4.699324326233899,145.37542124703478,161.14,15.764578752965178,0.0,False,0.0,0.0,False,False,False,2.780237579368098,1.461761393623042
3679.123000000007,6.1,False,True,NORMAL,-31.185159163502377,20.01674779686668,0.3453450555985275,-27.144953392274413,17.581576951408028,0.0,4.717342442566107,4.729966482741913,-3.9102041767814444,2.0400619360157712,0.4784638778156131,-0.08984700003511938,0.030691442680323686,0.0,4.316560985020864,4.4103910718778065,0.09494444727897644,4.31544662459883,145.48535516957196,161.14,15.654644830428026,0.0,False,0.0,0.0,False,False,False,2.7688384116116165,1.437956978973668
3679.2230000000127,6.2,False,True,NORMAL,-31.045811855002402,19.905696925119674,0.38310542446128715,-27.144953392274413,17.581576951408028,0.0,4.540730161377351,4.556862974096726,-3.5588751457532446,1.8492959804080566,0.5400154775532919,-0.054738850040402486,0.018698612950295092,0.0,3.9534868028963253,4.010671754982396,0.05784444510936737,3.9528273098730287,145.50930140138524,161.14,15.630698598614742,0.0,False,0.0,0.0,False,False,False,2.758092390169777,1.414883555874077
3679.324000000008,6.3,False,True,NORMAL,-30.893498900118335,19.790764758231585,0.42308403097189323,-27.144953392274413,17.581576951408028,0.0,4.351103789866971,4.371624902419939,-3.2193764962167863,1.6421547355131736,0.5820751106429787,-0.03888287975355839,0.013282265125555566,0.0,3.5733408974165903,3.6140084670295685,0.04108889028429985,3.5729195767452686,145.55022635581258,161.14,15.589773644187403,0.0,False,0.0,0.0,False,False,False,2.7477466305760334,1.3906309035318245
3679.423999999999,6.4,False,True,NORMAL,-30.731801625930125,19.670364804096124,0.46323119048591044,-27.144953392274413,17.581576951408028,0.0,4.150724628883063,4.176493514978257,-2.915728636578912,1.4061837275806723,0.6055395503846721,-0.060711125620086716,0.020738722843261226,0.0,3.173418164855267,3.2371015056496137,0.06415555626153946,3.1729459493880743,145.54094462624852,161.14,15.599055373751469,0.0,False,0.0,0.0,False,False,False,2.7375403947039882,1.3656138909259432
3679.524000000005,6.5,False,True,NORMAL,-30.564568768854805,19.54500371767972,0.5026674822414354,-27.144953392274413,17.581576951408028,0.0,3.9431984467253445,3.975108625932141,-2.639346543766105,1.197145374207918,0.6311607066503254,-0.059491433699791846,0.02032208005446748,0.0,2.835589084228786,2.8981558317449907,0.06286666542291641,2.8352891663220743,145.55305315192123,161.14,15.586946848078753,0.0,False,0.0,0.0,False,False,False,2.727348006662324,1.3416390786227839
3679.6240000000107,6.6,False,True,NORMAL,-30.394901584328668,19.41621526758291,0.5389592979824467,-27.144953392274413,17.581576951408028,0.0,3.732031752573084,3.7707476880713537,-2.3922770036961976,0.9841124339556562,0.602928805308363,-0.06237242988908945,0.0213062189725337,0.0,2.5210020092529497,2.586786915283086,0.06591111421585083,2.520875801067235,145.48160632973241,161.14,15.658393670267571,0.0,False,0.0,0.0,False,False,False,2.7169783180190326,1.3144027717515263
3679.7230000000127,6.7,False,True,NORMAL,-30.22463756402534,19.284502684288647,0.5716677235458825,-27.144953392274413,17.581576951408028,0.0,3.5191491371409915,3.565279040353548,-2.151874515340044,0.7788313141131004,0.6157400674364046,-0.09264649870483985,0.03164774231104907,0.0,2.190594283400335,2.2884803135734173,0.09790277481079102,2.1905775387626263,145.47116714548247,161.14,15.668832854517518,0.0,False,0.0,0.0,False,False,False,2.706404700226079,1.2915070253481093
3679.823000000004,6.8,False,True,NORMAL,-30.051762014605,19.151229629889208,0.6038790741876218,-27.144953392274413,17.581576951408028,0.0,3.3035353635035585,3.3582757233676164,-1.8601051039475798,0.5912466529194098,0.649334728109928,-0.101305252343567,0.034605544362115465,0.0,1.8447835216464266,1.951810339741093,0.10705278068780899,1.844757559053284,145.50454883417277,161.14,15.635451165827192,0.0,False,0.0,0.0,False,False,False,2.695835986017088,1.2711518319726285
3679.923999999999,6.9,False,True,NORMAL,-29.875639315102838,19.0179597461781,0.6329612161105079,-27.144953392274413,17.581576951408028,0.0,3.085423980953802,3.149679514386329,-1.6016221821012593,0.41975654544651286,0.6064549530284131,-0.1256175650276139,0.042910551216844776,0.0,1.5233523994761242,1.6557140971931084,0.1327444463968277,1.5229696507962807,145.51403709163068,161.14,15.625962908369331,0.0,False,0.0,0.0,False,False,False,2.6851206720013363,1.246184933724588
3680.024000000005,7.0,False,True,NORMAL,-29.70070901482277,18.885382898224055,0.6542568770794438,-27.144953392274413,17.581576951408028,0.0,2.8691107941556346,2.942762105632415,-1.4040827264069615,0.24998694861671977,0.5367453665120492,-0.14817131790281488,0.05061483976654424,0.0,1.2716378036997154,1.4261633065932895,0.15657778084278107,1.2695855257505084,145.5784572990168,161.14,15.561542700983125,0.0,False,0.0,0.0,False,False,False,2.6740170186871497,1.2206889645168906
3680.1240000000107,7.1,False,True,NORMAL,-29.528570283894158,18.753067067087862,0.6706110858859728,-27.144953392274413,17.581576951408028,0.0,2.655940243520273,2.7392951293469077,-1.1877085535482448,0.07319237584578343,0.5436960061299783,-0.1711771955241361,0.05847357265745131,0.0,1.0166379124416103,1.1899616515054652,0.18088889122009277,1.0090727602853724,145.49897972337558,161.14,15.641020276624374,0.0,False,0.0,0.0,False,False,False,2.6627742450917387,1.2022799745805741
3680.224000000002,7.2,False,True,NORMAL,-29.360367652740617,18.62270089910105,0.6845078729801695,-27.144953392274413,17.581576951408028,0.0,2.4478560864431804,2.541761288577029,-1.0273436645542637,-0.054496514297350584,0.5200404933027615,-0.18508796688201265,0.06322544686140329,0.0,0.850442896613543,1.02878806134711,0.1955888867378235,0.8331991746092866,145.432070524193,161.14,15.707929475806964,0.0,False,0.0,0.0,False,False,False,2.6515969826331727,1.1827705301794789
3680.324000000008,7.3,False,True,NORMAL,-29.1986100411148,18.497840206942456,0.6939712354785134,-27.144953392274413,17.581576951408028,0.0,2.2487872253214354,2.353431549979828,-0.8814052778829651,-0.14311347741252894,0.48033048363435643,-0.15589953047991817,0.0532547720206964,0.0,0.7516109890763459,0.8929483362978249,0.16474445164203644,0.7282038846557884,145.31794778187458,161.14,15.822052218125407,0.0,False,0.0,0.0,False,False,False,2.6403980247963412,1.1632308991239613
3680.423999999999,7.4,False,True,NORMAL,-29.040820567079084,18.377238357061213,0.6992408329736938,-27.144953392274413,17.581576951408028,0.0,2.056061627711545,2.1717106527909267,-0.6855372492853226,-0.28189037731761735,0.4547032946421089,-0.13230483169327426,0.04519489973685022,0.0,0.6426903502780638,0.7412310739452004,0.13981111347675323,0.6014199604684471,145.18547661825343,161.14,15.954523381746526,0.0,False,0.0,0.0,False,False,False,2.629234165497666,1.1461305832251505
3680.524000000005,7.5,False,True,NORMAL,-28.886755901013395,18.257630449048534,0.7013321919150539,-27.144953392274413,17.581576951408028,0.0,1.8684015390491873,1.9956931513982168,-0.5484200737821736,-0.4300606540933643,0.4305637298914889,-0.1324730582541455,0.04525236538231718,0.0,0.6316125285408478,0.6969338157432577,0.13998888432979584,0.5569449314134619,145.03484376205415,161.14,16.105156237945835,0.0,False,0.0,0.0,False,False,False,2.6182169384871994,1.1305009032917563
3680.623000000007,7.6,False,True,NORMAL,-28.739080330988248,18.138371155070892,0.7037062730243461,-27.144953392274413,17.581576951408028,0.0,1.6885675828837015,1.8293340320071458,-0.4261106265978606,-0.5775356578486976,0.47343639834598344,-0.1525848044773299,0.05212247241058531,0.0,0.6865025392293377,0.7177170070343529,0.16124166548252106,0.5564753415518319,144.8517773669886,161.14,16.2882226330114,0.0,False,0.0,0.0,False,False,False,2.607596699096786,1.1208013041667075
3680.7230000000127,7.7,False,True,NORMAL,-28.597390833370802,18.02236589107093,0.7060249175779462,-27.144953392274413,17.581576951408028,0.0,1.5178502592903467,1.6740192931590478,-0.30026899493032577,-0.6562561604277755,0.44126521872237673,-0.1577947796573982,0.05390218296900655,0.0,0.7243091706679533,0.7216880333051631,0.16674722731113434,0.5549408059940287,144.76655665582382,161.14,16.373443344176167,0.0,False,0.0,0.0,False,False,False,2.5973582711564873,1.1064870741573996
3680.823000000004,7.8,False,True,NORMAL,-28.462660421339756,17.910143762094,0.7058253212322398,-27.144953392274413,17.581576951408028,0.0,1.3580530046844863,1.5305219200080593,-0.21826262635784355,-0.7809665556370206,0.43027625146725446,-0.18855515437463777,0.06440982682011359,0.0,0.8458981983122694,0.8108929245518024,0.19925278425216675,0.6116401402996356,144.70569967230486,161.14,16.434300327695098,0.0,False,0.0,0.0,False,False,False,2.5873679283391597,1.0950391375679196
3680.923999999999,7.9,False,True,NORMAL,-28.335749128369837,17.798862754557227,0.7055036606686937,-27.144953392274413,17.581576951408028,0.0,1.2104576016338762,1.4010506845115072,-0.1324204819658335,-0.9113739032377812,0.4444786733067125,-0.20093342829672856,0.06863820488963954,0.0,0.9824040695616502,0.9209438503768469,0.2123333364725113,0.7086105139043356,144.73304871693227,161.14,16.406951283067713,0.0,False,0.0,0.0,False,False,False,2.5777993607692276,1.0863839439161966
3681.024000000005,8.0,False,True,NORMAL,-28.214728472924257,17.691199422082658,0.7060648831879767,-27.144953392274413,17.581576951408028,0.0,1.0753770544586632,1.2864538190418813,-0.02968131867353578,-0.9711121196283345,0.45350694357775034,-0.18660206233440052,0.0637426569382154,0.0,1.0466845410025327,0.9715656074435924,0.19718888401985168,0.7743767234237408,144.8410812280035,161.14,16.29891877199651,0.0,False,0.0,0.0,False,False,False,2.568708979747038,1.0777888379757161
3681.1240000000107,8.1,False,True,NORMAL,-28.09833887572935,17.589576218974955,0.7060229468574731,-27.144953392274413,17.581576951408028,0.0,0.9534190413161528,1.1863710506555367,0.06699574602974154,-1.0361479528137636,0.43610599593090593,-0.21441309970330963,0.07324281675384167,0.0,1.1445255864586914,1.0383116151263236,0.2265777736902237,0.8117338414361,144.97400633693604,161.14,16.165993663063944,0.0,False,0.0,0.0,False,False,False,2.559998516779646,1.0682621139563666
3681.224000000002,8.2,False,True,NORMAL,-27.98538484275219,17.492869541542653,0.7041592665877892,-27.144953392274413,17.581576951408028,0.0,0.8451000103639823,1.1000155909070817,0.1825316286944062,-1.1044798071189972,0.41738790573655715,-0.21309878915573513,0.07279385255003676,0.0,1.2419729052112198,1.1194612274694689,0.22518889605998993,0.8942723314094789,145.16382831600376,161.14,15.9761716839962,0.0,False,0.0,0.0,False,False,False,2.551602762515556,1.0594696415847276
3681.324000000008,8.3,False,True,NORMAL,-27.87470612009271,17.400593139711507,0.7024988922811729,-27.144953392274413,17.581576951408028,0.0,0.7518604816416727,1.0289795321145718,0.2942908495872769,-1.166801390518541,0.4398951374758616,-0.2122050450103387,0.07248855245989921,0.0,1.338797092173323,1.2033422576585608,0.22424444556236267,0.9790978120961982,145.1151599240216,161.14,16.024840075978318,0.0,False,0.0,0.0,False,False,False,2.5436490476726905,1.0542249935866919
3681.423999999999,8.4,False,True,NORMAL,-27.767719326011157,17.3126265004264,0.703811942749057,-27.144953392274413,17.581576951408028,0.0,0.6783596047128836,0.977508569815335,0.37015241010863426,-1.2256662809823353,0.4795435074705394,-0.24793354631204703,0.08469329217660237,0.0,1.448817607738718,1.2803400482084046,0.2619999945163727,1.018340053692032,144.89182974506434,161.14,16.248170254935644,0.0,False,0.0,0.0,False,False,False,2.536296610979812,1.0507927974522149
3681.524000000005,8.5,False,True,NORMAL,-27.664456952763302,17.227269601948464,0.7076574807688434,-27.144953392274413,17.581576951408028,0.0,0.6288224290224503,0.9466766910248717,0.4701320892716749,-1.3144120149219807,0.495520944791727,-0.29480750145728046,0.10070528263791621,0.0,1.6086297098206932,1.3959595718838749,0.3115333318710327,1.0844262400128422,144.91107384492543,161.14,16.228926155074532,0.0,False,0.0,0.0,False,False,False,2.5295072645176067,1.0465459344887142
3681.6240000000107,8.6,False,True,NORMAL,-27.565716854339065,17.1421851637165,0.711304152900676,-27.144953392274413,17.581576951408028,0.0,0.6083642281556237,0.935981106664625,0.5173642847629785,-1.4181707671174013,0.4792369224823053,-0.3436897404918081,0.11740329633706768,0.0,1.7605117831930408,1.5095940274970179,0.36318889260292053,1.1464051348940973,144.89715495332698,161.14,16.242845046672983,0.0,False,0.0,0.0,False,False,False,2.523113459335529,1.040766962936377
3681.7230000000127,8.7,False,True,NORMAL,-27.472862589898572,17.058745972515975,0.713708397577025,-27.144953392274413,17.581576951408028,0.0,0.6171520674645283,0.9435339692600931,0.574508662919683,-1.474459535517949,0.47157122701477494,-0.3687853924714324,0.12597588934470205,0.0,1.8577398160376257,1.5824320287612887,0.38970834016799927,1.1927236885932895,144.97576746985825,161.14,16.164232530141703,0.0,False,0.0,0.0,False,False,False,2.5170391778180496,1.035698010983194
3681.824000000008,8.8,False,True,NORMAL,-27.38491339221262,16.97920434732312,0.7146763541729856,-27.144953392274413,17.581576951408028,0.0,0.6484084790642233,0.9649848946674606,0.6283405351391044,-1.5230608755388977,0.44862199106543743,-0.342301822010642,0.11692918790280699,0.0,1.905705641929189,1.6475819429382592,0.3617222309112549,1.2858597120270043,145.05280889126493,161.14,16.087191108735055,0.0,False,0.0,0.0,False,False,False,2.5112522064008913,1.0299693584836964
3681.923999999999,8.9,False,True,NORMAL,-27.302250600232043,16.90618777930403,0.7130228048056574,-27.144953392274413,17.581576951408028,0.0,0.6934644514512545,0.9946328295403867,0.664170234793678,-1.5107083801266235,0.41310470035629565,-0.4954255014270913,0.1692357382380796,0.0,2.041292363256559,1.6502611643526899,0.5235333442687988,1.126727820083891,145.1047383256544,161.14,16.035261674345577,0.0,False,0.0,0.0,False,False,False,2.5056577267873856,1.023279506001463
3682.024000000005,9.0,False,True,NORMAL,-27.230921397836582,16.843325357965682,0.7111795536847185,-27.144953392274413,17.581576951408028,0.0,0.743240145040955,1.0286798679762794,0.5695213968443088,-1.462347000121559,0.43807060997806646,-0.577050100448201,0.19711843550322558,0.0,2.017040339318216,1.5693353275281914,0.6097888946533203,0.9595464328748711,145.13048811619976,161.14,16.0095118838002,0.0,False,0.0,0.0,False,False,False,2.500371053343144,1.0207779835599111
3682.1240000000107,9.1,False,True,NORMAL,-27.170791681350494,16.788602552321645,0.712121884606247,-27.144953392274413,17.581576951408028,0.0,0.7933952450001126,1.066111435697011,0.5811141025335953,-1.4709797436856547,0.4653737883891651,-0.6288027950723405,0.21479698748590964,0.0,2.07502821341587,1.5816051993139564,0.6644777655601501,0.9171274337538062,144.96781181932002,161.14,16.17218818067994,0.0,False,0.0,0.0,False,False,False,2.49555458131947,1.0191143870766368
3682.224000000002,9.2,False,True,NORMAL,-27.113773062958384,16.741629311187037,0.7156523397892884,-27.144953392274413,17.581576951408028,0.0,0.8405261752313653,1.1039214295840765,0.6403210800211016,-1.4122289360239948,0.4895674369933878,-0.7162945386484425,0.2446838822282817,0.0,2.141440175234146,1.5506133151959112,0.756933331489563,0.7936799837063482,145.12884380505557,161.14,16.01115619494442,0.0,False,0.0,0.0,False,False,False,2.491163914859804,1.0169436907084488
3682.324000000008,9.3,False,True,NORMAL,-27.058109388174937,16.69755877417345,0.7246653795005954,-27.144953392274413,17.581576951408028,0.0,0.8882736170399147,1.1463725096912936,0.6833577253981096,-1.5109419582727635,0.5817192633437139,-0.8117668487440912,0.27729691250990873,0.0,2.330921652733524,1.6582892938599139,0.8578222393989563,0.8004670544609576,145.2142722978107,161.14,15.925727702189306,0.0,False,0.0,0.0,False,False,False,2.4873691743186224,1.0206992594045499
3682.423999999999,9.4,False,True,NORMAL,-27.005512353935767,16.65854512627753,0.7347571265653547,-27.144953392274413,17.581576951408028,0.0,0.9335049830486694,1.187981308108538,0.7007669364621697,-1.3975717145876256,0.5187319453369289,-0.7888556038511864,0.2694705058509152,0.0,2.2356218547272872,1.5634196482883187,0.8336111307144165,0.7298085175739022,145.47457611339735,161.14,15.665423886602582,0.0,False,0.0,0.0,False,False,False,2.4838511321826435,1.0124554762467943
3682.524000000005,9.5,False,True,NORMAL,-26.955538571875962,16.633068155343075,0.7411756339474804,-27.144953392274413,17.581576951408028,0.0,0.967236739583006,1.2185599003564058,0.7460685938515813,-1.2951837874088616,0.5118357585727358,-0.9291409879628707,0.317391536310118,0.0,2.325236830447669,1.494697089680193,0.981855571269989,0.512841518410204,145.421806902049,161.14,15.71819309795103,0.0,False,0.0,0.0,False,False,False,2.480258338165962,1.0083869276890063
3682.625,9.6,False,True,NORMAL,-26.908658296938626,16.61447403545951,0.7529512155628688,-27.144953392274413,17.581576951408028,0.0,0.9955518178959234,1.2482223179920633,0.7465757127001786,-1.2989989568071796,0.6366649764043938,-1.1506225221580695,0.3930489072723656,0.0,2.5421225613029366,1.4982568486677845,1.2159028053283691,0.2823540433394154,145.3900709053924,161.14,15.74992909460758,0.0,False,0.0,0.0,False,False,False,2.4771608427925034,1.0138606080364294
3682.724000000002,9.7,False,True,NORMAL,-26.83400277352197,16.484479750831905,0.8142678020205617,-49.051343752606485,23.92444052727815,0.0,23.429964928184734,23.44410989117254,0.7465347556329609,-1.300886735744833,0.589666752749463,-1.285570334347892,0.15329498142807,0.0,2.498818833626404,1.4998734748654008,1.294677734375,0.2051957404904008,145.4316022678627,173.2,27.768397732137316,0.0,False,0.0,0.0,False,False,False,2.7412495522377434,1.0829915753902746
3682.823000000004,9.8,False,True,NORMAL,-26.7588090569228,16.351877237910422,0.8713145289427123,-49.051343752606485,23.92444052727815,0.0,23.543593989230715,23.559711520689028,0.7573395763504717,-1.3511635226847867,0.5512677856935504,-1.2780955789486168,0.15240367080935346,0.0,2.530555388996508,1.5489370868245984,1.2871500253677368,0.2617870614568616,145.39582133390266,173.2,27.804178666097357,0.0,False,0.0,0.0,False,False,False,3.033801840673349,1.1566815805429809
3682.92300000001,9.9,False,True,NORMAL,-26.68432231695243,16.220003155315837,0.9245058895355965,-49.051343752606485,23.92444052727815,0.0,23.656753858496682,23.674811810472402,0.7323952230569425,-1.286318129206897,0.5125594261641349,-1.4661107659129606,0.17482312451315576,0.0,2.63976558558883,1.4802084624413414,1.4764971733093262,0.0037112891320152386,145.3268315422617,173.2,27.873168457738302,0.0,False,0.0,0.0,False,False,False,3.3570538523533484,1.2335755077355077
3683.023000000001,10.0,False,True,NORMAL,-26.61123498088505,16.0904566592056,0.9784986435637366,-49.051343752606485,23.92444052727815,0.0,23.768251617060734,23.78838465569628,0.7293514982906313,-1.3046117929978263,0.5672956543986656,-1.6005059139239846,0.19084877567196465,0.0,2.768508239774186,1.494645623045072,1.6118444204330444,0.11719879738797245,145.18108180352277,173.2,28.018918196477216,0.0,False,0.0,0.0,False,False,False,3.7137860427252845,1.3226540361874164
3683.1240000000107,10.1,False,True,NORMAL,-26.536630285223502,15.960166792733144,1.0325520594976672,-49.051343752606485,23.92444052727815,0.0,23.88183365315821,23.904144878926186,0.7627424149403569,-1.3011855364512945,0.5137726642799461,-1.7010933210315355,0.20284309779691578,0.0,2.886622362985968,1.5082638336243068,1.7131444215774536,0.2048805879531468,145.04615698469243,173.2,28.153843015307586,0.0,False,0.0,0.0,False,False,False,4.106541706253815,1.4069028236866274
3683.224000000002,10.2,False,True,NORMAL,-26.4604423359198,15.832785775031695,1.0843465303827737,-49.051343752606485,23.92444052727815,0.0,23.996326874086563,24.02081411705195,0.7610165711336357,-1.2464348175776914,0.5221167534221861,-1.719430128146707,0.20502962966613175,0.0,2.8739110754481536,1.460392404804246,1.7316111326217651,0.2712187278175191,145.03526065855095,173.2,28.16473934144898,0.0,False,0.0,0.0,False,False,False,4.537745098311486,1.5007801897464077
3683.324000000008,10.3,False,True,NORMAL,-26.383992566219764,15.70356729093988,1.1430205489093999,-49.051343752606485,23.92444052727815,0.0,24.112062677733118,24.1391396398082,0.7679788228671389,-1.337934864258614,0.6513636171103363,-1.7950719728744353,0.21404937356727266,0.0,2.9963118088762917,1.5426798674291151,1.8077888488769531,0.265108981447838,145.2974659525788,173.2,27.90253404742117,0.0,False,0.0,0.0,False,False,False,5.011376307818447,1.6118003633064264
3683.423999999999,10.4,False,True,NORMAL,-26.30772715872489,15.569053300975629,1.2127753936034193,-49.051343752606485,23.92444052727815,0.0,24.229828548112874,24.260161079973802,0.7573293270303161,-1.352344935026378,0.7437332767700519,-1.9078950054488633,0.22750270569626,0.0,3.0982800567953785,1.5499627520917045,1.921411156654358,0.3714484045626534,145.52236965709085,173.2,27.67763034290914,0.0,False,0.0,0.0,False,False,False,5.53126710827484,1.7247891405945797
3683.523000000001,10.5,False,True,NORMAL,-26.241081581576996,15.43933915023661,1.2845039944020735,-49.051343752606485,23.92444052727815,0.0,24.337317142400295,24.371191111667198,0.5755822159276209,-1.2419380797539823,0.6908387392030314,-1.9574329120016036,0.2334097434227021,0.0,2.9313506848670436,1.368833474618136,1.9713000059127808,0.6024665312946447,145.7292182475042,173.2,27.47078175249584,0.0,False,0.0,0.0,False,False,False,6.099528211937766,1.8281393193063686
3683.623000000007,10.6,False,True,NORMAL,-26.19041544670097,15.319884813732497,1.3543470907588293,-49.051343752606485,23.92444052727815,0.0,24.426633456849167,24.46415087587366,0.4377404815928796,-1.1471486503282784,0.706023187932082,-2.017256404899051,0.24054326306581703,0.0,2.820052935528771,1.2278301002887806,2.0315473079681396,0.8037172076793591,145.4328257174135,173.2,27.767174282586495,0.0,False,0.0,0.0,False,False,False,6.718902106384564,1.9440417220369055
3683.7230000000127,10.7,False,True,NORMAL,-26.146767956420536,15.20441807424435,1.4251304534995861,-49.051343752606485,23.92444052727815,0.0,24.508332949930335,24.54973280494378,0.4352093240157876,-1.1621861394346569,0.7096440668830557,-2.2978655431083133,0.2740038769902629,0.0,3.087448783799341,1.2410011194210546,2.3141443729400635,1.0731432535190089,145.192139264145,173.2,28.00786073585499,0.0,False,0.0,0.0,False,False,False,7.393368171841617,2.0636554777087697
3683.823000000004,10.8,False,True,NORMAL,-26.10759035678817,15.086305719869527,1.4894510275278476,-49.051343752606485,23.92444052727815,0.0,24.58716020125245,24.632233173739163,0.34834266863161223,-1.200060948061805,0.5767674136821779,-2.196878279733026,0.2619618748920743,0.0,2.935244523175576,1.249595492090297,2.2124416828155518,0.9628461907252548,145.28866712903883,173.2,27.91133287096119,0.0,False,0.0,0.0,False,False,False,8.125354541243802,2.1723475454929027
3683.9260000000068,10.9,False,True,NORMAL,-26.077490088087185,14.969016887310389,1.5520956481432902,-49.051343752606485,23.92444052727815,0.0,24.657606631018353,24.70640738090072,0.25366270538805424,-1.14571570312097,0.6761249986266716,-2.4746079319834497,0.2950791309038577,0.0,3.0853444579975418,1.1734603702225164,2.4921388626098633,1.318678492387347,145.374897991397,173.2,27.825102008602983,0.0,False,0.0,0.0,False,False,False,8.919426768409652,2.3156090303751946
3684.023000000001,11.0,False,True,NORMAL,-26.05208658380437,14.850592834111266,1.61853872830127,-49.051343752606485,23.92444052727815,0.0,24.724492760731927,24.77741330103884,0.2544073802682294,-1.2227653608614584,0.6527366045329231,-2.673813294279488,0.3188329322305141,0.0,3.309229761759188,1.2489508568625092,2.6927554607391357,1.4438046038766266,145.3149233212585,173.2,27.885076678741484,0.0,False,0.0,0.0,False,False,False,9.780724771234315,2.448143618751146
3684.1240000000107,11.1,False,True,NORMAL,-26.02813481546138,14.727812111078833,1.6824735687570653,-49.051343752606485,23.92444052727815,0.0,24.79205767960947,24.849081296873916,0.22462798659155325,-1.2328490997872188,0.6259602045829822,-2.851973527552181,0.3400772538526459,0.0,3.455368893592451,1.2531458954193364,2.872177839279175,1.6190319438598384,145.28841015350417,173.2,27.911589846495815,0.0,False,0.0,0.0,False,False,False,10.712191616508111,2.586127230301237
3684.224000000002,11.2,False,True,NORMAL,-26.008583518446986,14.603312407462177,1.7464906257749278,-49.051343752606485,23.92444052727815,0.0,24.85663349359656,24.917914401909847,0.16639795369632943,-1.2571449725459312,0.6543809357742665,-2.878198795707758,0.3432044277516101,0.0,3.439576655566007,1.268109522475025,2.8985888957977295,1.6304793733227045,145.18536678409598,173.2,28.014633215903984,0.0,False,0.0,0.0,False,False,False,11.718747144452122,2.738391602601542
3684.324000000008,11.3,False,True,NORMAL,-25.99611687937811,14.475059530025684,1.8151361007581812,-49.051343752606485,23.92444052727815,0.0,24.916546458272823,24.982574056160495,0.08293482768117423,-1.307912576183924,0.7185285638908026,-3.1295734455014093,0.37317903998560503,0.0,3.625779699212574,1.3105393899393392,3.1517443656921387,1.8412049757527995,145.35612074116287,173.2,27.84387925883709,0.0,False,0.0,0.0,False,False,False,12.806240750963005,2.9031210968579484
3684.423999999999,11.4,False,True,NORMAL,-25.985238605283186,14.341990503186267,1.885079754934659,-49.051343752606485,23.92444052727815,0.0,24.977360852011426,25.048394775195824,0.13463065421728723,-1.3534679606044122,0.6803445196387511,-3.2675626834642633,0.38963326042428614,0.0,3.822737418881457,1.3601473940120026,3.2907111644744873,1.9305637704624847,145.5154208148401,173.2,27.68457918515992,0.0,False,0.0,0.0,False,False,False,13.978724887128957,3.056866444428716
3684.524000000005,11.5,False,True,NORMAL,-25.96863896423906,14.204910898466537,1.9536215392827705,-49.051343752606485,23.92444052727815,0.0,25.04556880073334,25.121647113018224,0.19736216666524728,-1.3881241337902062,0.6904911673234775,-3.3846994999241615,0.4036009801390319,0.0,4.005177232924161,1.4020843183067169,3.408677816390991,2.0065934980842743,145.6030123847872,173.2,27.59698761521281,0.0,False,0.0,0.0,False,False,False,15.24037324332023,3.2245621073026784
3684.623000000007,11.6,False,True,NORMAL,-25.950785223722917,14.06425204701359,2.023917357975783,-49.051343752606485,23.92444052727815,0.0,25.11690906964305,25.198320632229304,0.15971264365757148,-1.4250528952687203,0.7154252065367714,-3.360388286194072,0.40070204341213683,0.0,3.9654119146010474,1.4339748543324784,3.3841943740844727,1.9502195197519943,145.52225311969033,173.2,27.677746880309655,0.0,False,0.0,0.0,False,False,False,16.597347919015576,3.4028799452548024
3684.7230000000127,11.7,False,True,NORMAL,-25.935626631219986,13.91975869279111,2.0975146727145777,-49.051343752606485,23.92444052727815,0.0,25.187894644953474,25.275078722875005,0.14345920640106694,-1.4648141891808768,0.7565210882391169,-3.5675706508236678,0.42540704467854196,0.0,4.164694336220421,1.4718223917058924,3.5928444862365723,2.12102209453068,145.28866731657422,173.2,27.911332683425826,0.0,False,0.0,0.0,False,False,False,18.055740268434576,3.59110845006625
3684.824000000008,11.8,False,True,NORMAL,-25.921577001610647,13.770825130213153,2.1707236351362242,-49.051343752606485,23.92444052727815,0.0,25.260285342548844,25.353383535282365,0.1375333857857116,-1.5138570623782879,0.7076581601938163,-3.6872119548243494,0.43967340645183056,0.0,4.294759389438015,1.5200916543150615,3.7133333683013916,2.19324171398633,145.13716240803157,173.2,28.062837591968446,0.0,False,0.0,0.0,False,False,False,19.620031610466455,3.7697379040410532
3684.92300000001,11.9,False,True,NORMAL,-25.907406906994783,13.619372080662803,2.240933278469137,-49.051343752606485,23.92444052727815,0.0,25.334487332549088,25.433403829641847,0.14586850653158928,-1.5152039286287275,0.6965347064644447,-3.6666741626759363,0.43722442300701453,0.0,4.283393289530989,1.5222091073599864,3.692650079727173,2.1704409723671865,145.09329757496133,173.2,28.10670242503869,0.0,False,0.0,0.0,False,False,False,21.295029497172177,3.9620469119884207
3685.024000000005,12.0,False,True,NORMAL,-25.89330538356426,13.46681772852249,2.3099425289712148,-49.051343752606485,23.92444052727815,0.0,25.409774019126694,25.514553693730093,0.13616196207886086,-1.5358831141775664,0.6836503035771073,-3.915307110020413,0.4668721070171713,0.0,4.519450200876179,1.5419069428253265,3.943044424057007,2.4011374812316806,145.2039400696371,173.2,27.99605993036289,0.0,False,0.0,0.0,False,False,False,23.087357498448508,4.161561836475776
3685.1240000000107,12.1,False,True,NORMAL,-25.88039419895641,13.309167937880742,2.382853140039766,-49.051343752606485,23.92444052727815,0.0,25.486798844990492,25.597947270279427,0.1220617300782006,-1.6171126986573692,0.7745619177939153,-4.012639796009646,0.4784783271456344,0.0,4.6354350882370525,1.6217128432952004,4.041066646575928,2.4193538032807274,145.34438385087162,173.2,27.855616149128366,0.0,False,0.0,0.0,False,False,False,25.005549576183352,4.390590457848528
3685.2230000000127,12.2,False,True,NORMAL,-25.866373264613625,13.148897254354235,2.461420833534861,-49.051343752606485,23.92444052727815,0.0,25.56668123468034,25.68489404057403,0.15835695677752926,-1.5883009718727643,0.7967919521079866,-4.018638823732819,0.4791936678927254,0.0,4.660668174828614,1.5961757118224196,4.047108173370361,2.450932461547942,145.69555498225557,173.2,27.504445017744388,0.0,False,0.0,0.0,False,False,False,27.057145051390595,4.612551208104833
3685.324000000008,12.3,False,True,NORMAL,-25.851096614320472,12.989113609988078,2.5408844703240616,-49.051343752606485,23.92444052727815,0.0,25.64825222243335,25.773803288554276,0.14717604908549192,-1.607371915450389,0.7924807836760206,-4.273050629274718,0.5095304390235014,0.0,4.900987601133514,1.6140958038490365,4.3033223152160645,2.689226511367028,145.806628481036,173.2,27.39337151896399,0.0,False,0.0,0.0,False,False,False,29.247020322296596,4.837485464761107
3685.423999999999,12.4,False,True,NORMAL,-25.83709829688719,12.828113672420477,2.619165523460228,-49.051343752606485,23.92444052727815,0.0,25.72993707237193,25.862901805240302,0.13279029958008348,-1.6126268359016425,0.7731402790473025,-4.440673975179494,0.5295183128961649,0.0,5.050283290174931,1.6180848480635097,4.472133159637451,2.8540483115739415,145.62064505435066,173.2,27.579354945649357,0.0,False,0.0,0.0,False,False,False,31.581348421531803,5.066933134783747
3685.523000000001,12.5,False,True,NORMAL,-25.823853421051354,12.666225156383126,2.698910169548797,-49.051343752606485,23.92444052727815,0.0,25.812084775158013,25.952800167674354,0.132107217136651,-1.6251434848453663,0.8217526427240778,-4.638149941361966,0.5530658962213415,0.0,5.244039422618246,1.630504113197796,4.671008110046387,3.0405039968485905,145.26323657947924,173.2,27.936763420520776,0.0,False,0.0,0.0,False,False,False,34.06880005733873,5.320807654950268
3685.6240000000107,12.6,False,True,NORMAL,-25.813405946042387,12.504101217991241,2.7858389477830596,-49.051343752606485,23.92444052727815,0.0,25.892583946778753,26.04201993094948,0.07684228304263194,-1.6173352829923155,0.9168229219611729,-4.722323355212578,0.5631029681482634,0.0,5.271271363764773,1.6191597061670715,4.755777835845947,3.136618129678876,145.22082024115102,173.2,27.979179758849,0.0,False,0.0,0.0,False,False,False,36.720383100596585,5.5966589217956875
3685.7230000000127,12.7,False,True,NORMAL,-25.807222563077065,12.342288461493384,2.8769739422180867,-49.051343752606485,23.92444052727815,0.0,25.969894423129503,26.128765669520153,0.04682537626378254,-1.618919846964822,0.9058769667393709,-4.827988629156528,0.5757027892347124,0.0,5.346043406367125,1.6195968902041173,4.862191677093506,3.2425947868893887,145.36392094116485,173.2,27.83607905883514,0.0,False,0.0,0.0,False,False,False,39.542828160972995,5.854374974592713
3685.824000000008,12.8,False,True,NORMAL,-25.80194998745465,12.18015913849722,2.967408609848448,-49.051343752606485,23.92444052727815,0.0,26.04731187255121,26.21579618557769,0.058626136184511145,-1.6236666129584674,0.9028163858678592,-4.9414048173726455,0.5892268508917912,0.0,5.467833850701838,1.6247246824862194,4.97641134262085,3.3516866601346305,145.44613980839642,173.2,27.753860191603565,0.0,False,0.0,0.0,False,False,False,42.54152816752328,6.122124497616312
3685.923999999999,12.9,False,True,NORMAL,-25.797577873799685,12.017370764242585,3.059890109385433,-49.051343752606485,23.92444052727815,0.0,26.125005988289367,26.30359035131269,0.028816136914729472,-1.6321008721342258,0.9468136048718407,-5.020224087143254,0.5986254797904491,0.0,5.519868407971939,1.6323552390849208,5.055788993835449,3.4234337547505285,145.41143669179996,173.2,27.788563308200025,0.0,False,0.0,0.0,False,False,False,45.7267170835223,6.4129511292184995
3686.024000000005,13.0,False,True,NORMAL,-25.796645838446953,11.854463609840023,3.155084037383016,-49.051343752606485,23.92444052727815,0.0,26.20048316093245,26.389768342091486,-0.010175429860025627,-1.6260422159170032,0.9570649550798142,-5.083597399345956,0.6061822897584359,0.0,5.542782399138581,1.6260740534542435,5.1196112632751465,3.4935372098209028,145.49090128325895,173.2,27.709098716740982,0.0,False,0.0,0.0,False,False,False,49.10788235522229,6.704123733682021
3686.1240000000107,13.1,False,True,NORMAL,-25.798820646730167,11.689172041187627,3.250783356719017,-49.051343752606485,23.92444052727815,0.0,26.275114190351903,26.475445570345993,-0.0333207358043138,-1.6797891571309294,0.9569214316402089,-5.128689065185636,0.6115591453786777,0.0,5.586864546011104,1.6801196040309687,5.165022373199463,3.484902769168494,145.64915831144612,173.2,27.550841688553874,0.0,False,0.0,0.0,False,False,False,52.692779283935224,7.001464746448422
3686.2230000000127,13.2,False,True,NORMAL,-25.802009477690937,11.520666751061528,3.343479747273475,-49.051343752606485,23.92444052727815,0.0,26.351188742034427,26.5624547988086,-0.0304558834111127,-1.690316645391057,0.8970063794489453,-5.175727692508954,0.6171681621001064,0.0,5.638998858511988,1.6905909980005298,5.2123942375183105,3.521803239517781,145.7320930472907,173.2,27.467906952709313,0.0,False,0.0,0.0,False,False,False,56.48808544202466,7.289244481697328
3686.324000000008,13.3,False,True,NORMAL,-25.80352383861039,11.349934951457518,3.4298541910837583,-49.051343752606485,23.92444052727815,0.0,26.43065116923792,26.652264838133974,0.00016866502211169976,-1.7243193466891547,0.8304824967567266,-5.105045225534143,0.6087397881926686,0.0,5.6130538742456455,1.7243193549381746,5.141211032867432,3.4168916779292573,145.31809493016917,173.2,27.881905069830793,0.0,False,0.0,0.0,False,False,False,60.500400521562646,7.583034013532775
3686.423999999999,13.4,False,True,NORMAL,-25.80754739517906,11.175094363551139,3.511191789982059,-49.051343752606485,23.92444052727815,0.0,26.510750587414478,26.742258029084503,-0.08063979639554976,-1.7724924114384273,0.7962694812092851,-5.2033270078983636,0.6204591812120192,0.0,5.654037636208551,1.7743258227759429,5.240189075469971,3.465863252694028,145.06528136504375,173.2,28.1347186349563,0.0,False,0.0,0.0,False,False,False,64.74035232908876,7.89880722221974
3686.524000000005,13.5,False,True,NORMAL,-25.814824763641163,10.996015088452198,3.593134134379241,-49.051343752606485,23.92444052727815,0.0,26.590975895063124,26.832640793620545,-0.06490757284651855,-1.8090930905403901,0.8425774067343559,-5.486509525403242,0.65422665203942,0.0,5.954973709946193,1.8102571097095037,5.5253777503967285,3.715120640687225,145.43230686232528,173.2,27.767693137674712,0.0,False,0.0,0.0,False,False,False,69.22269963073653,8.249331688713333
3686.623000000007,13.6,False,True,NORMAL,-25.821848653299252,10.815415049376679,3.6801791515589737,-49.051343752606485,23.92444052727815,0.0,26.673132391022403,26.92581865304336,-0.07557022031526756,-1.802907690969997,0.8983229368602995,-5.333912631260317,0.6360305740586017,0.0,5.796428622122773,1.8044907869970588,5.371699810028076,3.567209023031017,145.7008781285224,173.2,27.49912187147754,0.0,False,0.0,0.0,False,False,False,73.96204930380067,8.615333366590445
3686.724000000002,13.7,False,True,NORMAL,-25.82648397504514,10.632963017311653,3.7720281644444875,-49.051343752606485,23.92444052727815,0.0,26.759250476897368,27.023798448010496,-0.017136214602501754,-1.8461329503305244,0.9386573208499724,-5.770828875233561,0.688129681914474,0.0,6.287087268536445,1.8462124796856372,5.811711311340332,3.9654988316546946,146.12064736957734,173.2,27.079352630422648,0.0,False,0.0,0.0,False,False,False,78.96953840741726,8.985744797631721
3686.823000000004,13.8,False,True,NORMAL,-25.82973193304634,10.452490716522535,3.8643844746889418,-49.051343752606485,23.92444052727815,0.0,26.846539575927725,27.123240119315955,-0.047822945421459935,-1.763313065451815,0.9084688840391163,-5.9235384582950426,0.7063391972352928,0.0,6.373634370343095,1.7639614510815878,5.965502738952637,4.2015412878710485,145.97648347981965,173.2,27.223516520180397,0.0,False,0.0,0.0,False,False,False,84.25269452792203,9.343619224814898
3686.923999999999,13.9,False,True,NORMAL,-25.838476650176776,10.272547960028799,3.951515679299186,-49.051343752606485,23.92444052727815,0.0,26.929748787962755,27.218116135150296,-0.12707139718725108,-1.8355420644228904,0.8341552081657637,-5.963099844434118,0.7110566069260932,0.0,6.367447905557696,1.8399352733857153,6.005344390869141,4.165409117483425,145.55626774321073,173.2,27.643732256789235,0.0,False,0.0,0.0,False,False,False,89.8176684136587,9.696051196255196
3687.024000000005,14.0,False,True,NORMAL,-25.857028751973225,10.088348958716052,4.039269959451892,-49.051343752606485,23.92444052727815,0.0,27.007659621711696,27.308046067918642,-0.24397063874175848,-1.8484379618320579,0.9209303948883582,-5.99381562394933,0.7147192418862579,0.0,6.295275387533874,1.8644689783715667,6.036277770996094,4.171808792624527,145.39220858839565,173.2,27.8077914116044,0.0,False,0.0,0.0,False,False,False,95.68265087287975,10.123477393216893
3687.1240000000107,14.1,False,True,NORMAL,-25.883134728964823,9.908900329484934,4.1380644422913955,-49.051343752606485,23.92444052727815,0.0,27.077689642934985,27.392058223646956,-0.2781489010901834,-1.740534622790304,1.054959261901718,-6.036965536616735,0.7198645574588423,0.0,6.262390371718137,1.7626195234109552,6.079733371734619,4.317113848323664,145.94749942523396,173.2,27.25250057476603,0.0,False,0.0,0.0,False,False,False,101.8717841266492,10.581812145768705
3687.224000000002,14.2,False,True,NORMAL,-25.912766326704688,9.740346309861101,4.243823053024146,-49.051343752606485,23.92444052727815,0.0,27.14004963265572,27.469843977867715,-0.3144830537071537,-1.6305457696863832,1.0602129527532775,-6.1578646478113095,0.7342809036594905,0.0,6.303769796660038,1.6605960068936503,6.201488971710205,4.540892964816555,146.32555355298967,173.2,26.87444644701037,0.0,False,0.0,0.0,False,False,False,108.39410045363006,11.0007924538576
3687.324000000008,14.3,False,True,NORMAL,-25.94488771093915,9.577263834383972,4.346746150747581,-49.051343752606485,23.92444052727815,0.0,27.198341674863762,27.543492733523646,-0.3279446309820768,-1.6311037398561983,0.9982490017154297,-6.228960938797964,0.7427586230928129,0.0,6.360598712647647,1.6637448996654647,6.2730889320373535,4.609344032371888,146.26933166153714,173.2,26.93066833846285,0.0,False,0.0,0.0,False,False,False,115.25157422867117,11.40125867089501
3687.42300000001,14.4,False,True,NORMAL,-25.982272635913464,9.413374183601041,4.4414656563986386,-49.051343752606485,23.92444052727815,0.0,27.253496814494078,27.61303507031792,-0.41975386850426893,-1.6466892758024223,0.8961411113057234,-6.207383378308581,0.7401856547797561,0.0,6.260497366583536,1.6993466041885055,6.251358509063721,4.552011904875215,146.0418790087898,173.2,27.158120991210183,0.0,False,0.0,0.0,False,False,False,122.4507468328443,11.797163361720944
3687.523000000001,14.5,False,True,NORMAL,-26.026727287989726,9.247292039338326,4.527630509663261,-49.051343752606485,23.92444052727815,0.0,27.30479172379338,27.67762795312794,-0.46933917302090283,-1.6749536094518849,0.8271559539867261,-6.3283677164163485,0.7546121636745224,0.0,6.342791602935562,1.7394679799145032,6.373199939727783,4.6337319598132805,145.908249497676,173.2,27.29175050232402,0.0,False,0.0,0.0,False,False,False,130.00414891593027,12.217133920711255
3687.6240000000107,14.6,False,True,NORMAL,-26.07311322219273,9.079321345845914,4.608974245304903,-49.051343752606485,23.92444052727815,0.0,27.356473490195444,27.742013002189477,-0.45837951103916924,-1.6844602603963548,0.7997187588461129,-6.420338445858534,0.7655790091944273,0.0,6.445746408524725,1.745714222029214,6.465822219848633,4.720107997819419,145.96442336912293,173.2,27.235576630877063,0.0,False,0.0,0.0,False,False,False,137.9296957712365,12.665500684061433
3687.7230000000127,14.7,False,True,NORMAL,-46.44550880367263,22.145658270622903,2.8556435993507385,-49.051343752606485,23.92444052727815,0.0,3.15506610036567,4.255483810824508,-6.5742051705007265,2.2392057396849787,0.4502429611746128,-6.436948697757245,0.7675596618186341,0.0,1.4780329894184967,6.945085742341604,6.482550144195557,0.4625355981460473,145.5847362668379,173.2,27.615263733162067,0.0,False,0.0,0.0,False,False,False,19.7169232231595,2.1952662809694345
3687.823000000004,14.8,False,True,NORMAL,-48.054086653997295,23.109677322231118,2.0274778182545172,-49.051343752606485,23.92444052727815,0.0,1.2877735829814696,2.4018799105157256,-6.987827935814829,2.517293583035567,0.30774752097174585,-6.4973262839611685,0.7747592530883697,0.0,1.8102535075275223,7.4274158523504115,6.543355464935303,0.8840603874151087,145.56993028565697,173.2,27.630069714342994,0.0,False,0.0,0.0,False,False,False,11.448965931870696,1.5416995732795993
3687.92300000001,14.9,False,True,NORMAL,-48.860412462258545,23.549981905389203,1.5649914100217397,-49.051343752606485,23.92444052727815,0.0,0.4203260842975364,1.620454297591491,-7.155007219354901,2.6601330964884937,0.16156854628072143,-6.589614246913577,0.7857639264141586,0.0,1.9577867603524108,7.633507476910873,6.636297225952148,0.9972102509587248,145.5655381775555,173.2,27.634461822444507,0.0,False,0.0,0.0,False,False,False,8.266262234184545,1.3165636962573828
3688.024000000005,15.0,False,True,NORMAL,-49.44654472748441,23.846019880755104,1.272709653868982,-49.051343752606485,23.92444052727815,0.0,0.40290645110937784,1.334961973764368,-7.349511669746229,2.774046863208098,0.2394519289273072,-6.64037965775774,0.7918173351656073,0.0,2.105255830598837,7.855613138578725,6.687422275543213,1.1681908630355125,145.45793235017717,173.2,27.742067649822786,0.0,False,0.0,0.0,False,False,False,6.562822718655509,1.2290170283920603
3688.1240000000107,15.1,False,True,NORMAL,-49.93673835821297,24.082278654547373,1.0756076382344086,-49.051343752606485,23.92444052727815,0.0,0.8993533688472621,1.402058584184385,-7.355236729227386,2.8643051787674976,0.205393533591868,-6.74132004633077,0.8038537477820309,0.0,2.1499659981006305,7.893272546928167,6.7890777587890625,1.1041947881391048,145.6932954203089,173.2,27.506704579691075,0.0,False,0.0,0.0,False,False,False,5.50151220348445,1.1816243354630467
3688.224000000002,15.2,False,True,NORMAL,-50.370631377854714,24.287184052247603,0.9276210766810021,-49.051343752606485,23.92444052727815,0.0,1.3682480414896916,1.6530528016198387,-7.402711099321514,2.9293932191942926,0.08358320990875434,-6.851395813032524,0.8169794882890917,0.0,2.1831720764549782,7.9612484104366095,6.899933338165283,1.0613150722713263,145.80107428034276,173.2,27.398925719657257,0.0,False,0.0,0.0,False,False,False,4.7794095414532825,1.155332968437188
3688.324000000008,15.3,False,True,NORMAL,-50.77093376042345,24.469197780616096,0.8097024348338715,-49.051343752606485,23.92444052727815,0.0,1.8038154728375804,1.9772122529015856,-7.4669883116348,2.899820474226871,0.048349292244177736,-6.946279408974549,0.8282936721101888,0.0,2.135968411095401,8.01029794881789,6.995489120483398,1.0148088283344912,145.63399500034757,173.2,27.566004999652478,0.0,False,0.0,0.0,False,False,False,4.259785673389531,1.1492599077252013
3688.423999999999,15.4,False,True,NORMAL,-51.14740970071929,24.633868183339548,0.7156874644451648,-49.051343752606485,23.92444052727815,0.0,2.2128669318381498,2.325723243377581,-7.518493321251537,2.925565343284553,0.03460357989600972,-7.040180528000584,0.8394907026518688,0.0,2.1402080586892276,8.067631275630514,7.090055465698242,0.9775758099322722,145.4690068920874,173.2,27.73099310791258,0.0,False,0.0,0.0,False,False,False,3.8716726856955272,1.1548900311468622
3688.523000000001,15.5,False,True,NORMAL,-51.500917147005275,24.784268926225163,0.6406874140175313,-49.051343752606485,23.92444052727815,0.0,2.5960960479501125,2.673984863955416,-7.488656509063013,2.8722990255236622,0.04912072986019355,-7.192355548923198,0.8576364752968024,0.0,2.0363348079985206,8.020603344060596,7.2433085441589355,0.7772947999016608,145.47096549532733,173.2,27.729034504672654,0.0,False,0.0,0.0,False,False,False,3.5742899477749335,1.165367373690814
3688.623000000007,15.6,False,True,NORMAL,-51.82981705852234,24.920316727338665,0.5813071008621102,-49.051343752606485,23.92444052727815,0.0,2.951556084090888,3.008255518244195,-7.43422639636894,2.8398281780396144,0.06655493963479027,-7.271544135317648,0.8670791425366389,0.0,1.979445446365896,7.958162237178664,7.323058128356934,0.6351041088217304,145.47507021763835,173.2,27.72492978236164,0.0,False,0.0,0.0,False,False,False,3.3424569497445678,1.1796557081329841
3688.724000000002,15.7,False,True,NORMAL,-52.13533464567744,25.048086328176325,0.5271641227151384,-49.051343752606485,23.92444052727815,0.0,3.2823131651962583,3.32437689299795,-7.385449183437098,2.8853796469003825,-0.07492917675311493,-7.3205278301932,0.8729200945216073,0.0,2.0135064519557915,7.929077837168625,7.37238883972168,0.5566889974469449,145.52870793714888,173.2,27.67129206285108,0.0,False,0.0,0.0,False,False,False,3.1594519543383375,1.186428573309485
3688.824000000008,15.8,False,True,NORMAL,-52.4168047826199,25.169652975754552,0.4733353672519634,-49.051343752606485,23.92444052727815,0.0,3.588437262427691,3.619520459435351,-7.286710047069397,2.884467994559077,-0.12739124135673127,-7.388005291749057,0.8809662946707927,0.0,2.0060607637980357,7.836855167839824,7.440344333648682,0.3965108341911421,145.44128908195302,173.2,27.758710918046972,0.0,False,0.0,0.0,False,False,False,3.013892091118647,1.1985427998173015
3688.92300000001,15.9,False,True,NORMAL,-52.67404272993878,25.283441512018065,0.42310091753810514,-49.051343752606485,23.92444052727815,0.0,3.8692158839858672,3.892280301225764,-7.213270011724949,2.889390807772377,-0.17520280916295533,-7.522706901535441,0.897028489183868,0.0,2.0162486943100473,7.770446801959972,7.576000213623047,0.19444658833692507,145.35992260966404,173.2,27.840077390335978,0.0,False,0.0,0.0,False,False,False,2.897935458089341,1.2118833729889074
3689.023000000001,16.0,False,True,NORMAL,-52.905166752422744,25.389196043336003,0.3808365247424709,-49.051343752606485,23.92444052727815,0.0,4.122797646712084,4.140349851680727,-7.05698060786177,2.876809932837387,-0.11072721771954415,-7.595251103080696,0.9056788614983746,0.0,2.043304389076995,7.6208274281346196,7.6490583419799805,0.028230913845360917,145.47438496836867,173.2,27.725615031631378,0.0,False,0.0,0.0,False,False,False,2.805865744209018,1.230320790153141
3689.123000000007,16.1,False,True,NORMAL,-53.11209420984939,25.487250946373162,0.34475315900693154,-49.051343752606485,23.92444052727815,0.0,4.351099939329178,4.364736581132433,-7.010265465603099,2.8849965946560268,-0.17275240897138508,-7.720706539751206,0.9206385166184591,0.0,2.088882279734347,7.580700973485519,7.775402545928955,0.194701572443436,145.32343966371795,173.2,27.87656033628207,0.0,False,0.0,0.0,False,False,False,2.7331330776911322,1.2419115084598704
3689.224000000002,16.2,False,True,NORMAL,-53.294126934810095,25.575819031072076,0.3127145399600799,-49.051343752606485,23.92444052727815,0.0,4.552829899522104,4.563556779255069,-6.824588694753913,2.828716547907112,-0.13823581745500543,-7.85655255758865,0.9368371735297758,0.0,2.155030621914958,7.387600974671443,7.912210941314697,0.5246099666432542,145.35203541788673,173.2,27.84796458211332,0.0,False,0.0,0.0,False,False,False,2.676069218662138,1.253884897339702
3689.323000000004,16.3,False,True,NORMAL,-53.4447434381493,25.659681576285795,0.2886855627187559,-49.051343752606485,23.92444052727815,0.0,4.723666192174134,4.732479439914253,-6.616283241113562,2.936463157743721,-0.10197852351216458,-7.9085125656660855,0.9430330293771132,0.0,2.3756305066051793,7.238647650177926,7.964539051055908,0.7258914008779822,145.38776178888327,173.2,27.81223821111672,0.0,False,0.0,0.0,False,False,False,2.6319737693163567,1.2672321076281357
3689.423999999999,16.4,False,True,NORMAL,-53.564216120705915,25.740337947970005,0.2711798504694986,-49.051343752606485,23.92444052727815,0.0,4.864514410835956,4.872067216750128,-6.402925085102719,2.9164342857614227,-0.08347998943418422,-8.056149726943955,0.9606376950196696,0.0,2.5609162463360935,7.03583957951021,8.113222122192383,1.077382542682173,145.22333546881663,173.2,27.976664531183417,0.0,False,0.0,0.0,False,False,False,2.5984392831343834,1.2740720018603713
3689.523000000001,16.5,False,True,NORMAL,-53.65675997860202,25.80949180765089,0.26027280443363876,-49.051343752606485,23.92444052727815,0.0,4.976271389735275,4.983073236169181,-6.249827726592387,2.844340298269282,-0.032591532350391306,-8.186703153472035,0.976205248626252,0.0,2.6909877337057826,6.866630785504748,8.24470043182373,1.3780696463189823,144.98666594931888,173.2,28.213334050681112,0.0,False,0.0,0.0,False,False,False,2.573449724800658,1.2809730510146797
3689.6240000000107,16.6,False,True,NORMAL,-53.72352695209329,25.86726480341819,0.25530659675276873,-49.051343752606485,23.92444052727815,0.0,5.060025890993623,5.066462619606631,-6.0276421842259555,2.8116478914041334,-0.01668809422237964,-8.339078457640655,0.9943749036023632,0.0,2.940275286134141,6.651152844905728,8.398155212402344,1.7470023674966155,144.95034873569574,173.2,28.249651264304248,0.0,False,0.0,0.0,False,False,False,2.5552966319659456,1.2820885291116368
3689.7230000000127,16.7,False,True,NORMAL,-53.76163824030059,25.918420887844462,0.24907942045661066,-49.051343752606485,23.92444052727815,0.0,5.114961567707586,5.1210225928832465,-5.7717204283450645,2.8282094498513866,-0.10887933952543348,-8.42293227056679,1.0043738654263423,0.0,3.2179652688231046,6.42740425017786,8.482603073120117,2.0551988229422573,144.91409629278564,173.2,28.285903707214345,0.0,False,0.0,0.0,False,False,False,2.5421623226829957,1.273385328814104
3689.823000000004,16.8,False,True,NORMAL,-53.77067232265215,25.962082872181774,0.24355091989685324,-49.051343752606485,23.92444052727815,0.0,5.140432713088814,5.146199134154861,-5.48773948608015,2.766833733583069,-0.04945377142336113,-8.47059968311634,1.010057860246598,0.0,3.4617504855491683,6.1457833981012095,8.530608177185059,2.384824779083849,144.73686852350082,173.2,28.463131476499143,0.0,False,0.0,0.0,False,False,False,2.532898434483587,1.270277027150878
3689.923999999999,16.9,False,True,NORMAL,-53.7536558245731,25.996507663875324,0.24496731784696496,-49.051343752606485,23.92444052727815,0.0,5.1385991321301745,5.144434859879375,-5.243117808288196,2.733197818274931,-0.002945695579356318,-8.565100231431842,1.0213263684035752,0.0,3.73712069387115,5.912753560348314,8.625778198242188,2.7130246378938736,144.45390451655373,173.2,28.746095483446254,0.0,False,0.0,0.0,False,False,False,2.526817281859717,1.2653524251191657
3690.024000000005,17.0,False,True,NORMAL,-53.71923330225203,26.02043559826517,0.25218443844556576,-49.051343752606485,23.92444052727815,0.0,5.116872891258093,5.12308356132184,-5.097227965342149,2.6263815361367944,0.04423877133215981,-8.658118778423466,1.032418158601721,0.0,3.901366764559562,5.7340747208269205,8.71945571899414,2.98538099816722,144.37919571672342,173.2,28.820804283276573,0.0,False,0.0,0.0,False,False,False,2.523072768598293,1.258340781334216
3690.1240000000107,17.1,False,True,NORMAL,-53.670530177830486,26.03108013267372,0.26492749341150656,-49.051343752606485,23.92444052727815,0.0,5.076890156187631,5.083797816078072,-4.882521041339034,2.508039874482249,0.09438610510706053,-8.804316078351205,1.0498511311730931,0.0,4.184111700641706,5.48901409463588,8.86668872833252,3.37767463369664,144.36224360481535,173.2,28.83775639518467,0.0,False,0.0,0.0,False,False,False,2.5208804055109013,1.2473802203007665
3690.224000000002,17.2,False,True,NORMAL,-53.60072196142728,26.034094785111076,0.2775321595219907,-49.051343752606485,23.92444052727815,0.0,5.014726630085246,5.022400548946198,-4.548051162272231,2.4965237933909306,0.03212649210703053,-8.974146801307711,1.0701022188234157,0.0,4.650268929242755,5.188198186809447,9.03772258758545,3.8495244007760023,144.26605125010533,173.2,28.933948749894682,0.0,False,0.0,0.0,False,False,False,2.5192560515622855,1.2268069150937004
3690.324000000008,17.3,False,True,NORMAL,-53.503901765379986,26.020368440935442,0.2883855487082202,-49.051343752606485,23.92444052727815,0.0,4.921197687185643,4.929640240531256,-4.144531281341552,2.1556660619844252,0.05436108561035706,-9.026917412026195,1.0763947331836987,0.0,5.000252086672536,4.671620244926816,9.090867042541504,4.419246797614688,144.29710398339287,173.2,28.902896016607087,0.0,False,0.0,0.0,False,False,False,2.5173135183525153,1.2006335075793764
3690.42300000001,17.4,False,True,NORMAL,-53.39199751052608,25.98517089778278,0.2968804045797673,-49.051343752606485,23.92444052727815,0.0,4.804985401232939,4.814148178098085,-4.003525538524683,1.9984698144166984,-0.013206758022281155,-9.043684386748613,1.0783940738732003,0.0,5.123450066475385,4.474605942063957,9.107752799987793,4.633146857923836,144.24390961484482,173.2,28.956090385155164,0.0,False,0.0,0.0,False,False,False,2.5147784921773355,1.1779762193871381
3690.523000000001,17.5,False,True,NORMAL,-53.26969335087403,25.942409473938895,0.30125825161232156,-49.051343752606485,23.92444052727815,0.0,4.676181348375084,4.685875429101326,-3.659802354989146,1.9138570754201596,-0.028042270329548636,-9.213981016830582,1.0987007175847017,0.0,5.613677982871327,4.130012370770808,9.279255867004395,5.149243496233587,144.77247179605902,173.2,28.427528203940938,0.0,False,0.0,0.0,False,False,False,2.5116265775372564,1.1552923308747147
3690.623000000007,17.6,False,True,NORMAL,-53.13346883849006,25.899706504521102,0.3038042969958512,-49.051343752606485,23.92444052727815,0.0,4.534911343968429,4.545076231321834,-3.408214103256557,1.9060166340962885,-0.046358534391259816,-9.26674878665196,1.104992893188514,0.0,5.913042167112015,3.904974107864051,9.3323974609375,5.427423353073449,144.61459878820736,173.2,28.585401211792657,0.0,False,0.0,0.0,False,False,False,2.507856208759809,1.1348708338866031
3690.7230000000127,17.7,False,True,NORMAL,-52.992045947310864,25.860096873753672,0.3060397144986243,-49.051343752606485,23.92444052727815,0.0,4.390432698379383,4.401086182506459,-3.2201356410164,1.885834323312665,-0.02845947129685653,-9.27826957138442,1.1063666635956346,0.0,6.108073063644625,3.731708005930828,9.343999862670898,5.61229185674007,144.04076502895623,173.2,29.159234971043816,0.0,False,0.0,0.0,False,False,False,2.5036093401879524,1.1170973393571153
3690.823000000004,17.8,False,True,NORMAL,-52.84504764479871,25.81698284066283,0.31007552211162914,-49.051343752606485,23.92444052727815,0.0,4.23956432072753,4.250888431727971,-2.9418353448452184,1.7346484590242972,-0.00018149657504952857,-9.427463070793788,1.1241569113246699,0.0,6.514297117065317,3.4151720999937845,9.494250297546387,6.079078197552603,143.54534746428283,173.2,29.65465253571716,0.0,False,0.0,0.0,False,False,False,2.4987679678982304,1.0952811414151944
3690.92300000001,17.9,False,True,NORMAL,-52.69310131594552,25.767076474752464,0.31218340824530266,-49.051343752606485,23.92444052727815,0.0,4.081385228701357,4.09330720389336,-2.748475788308694,1.6303122159591277,-0.05459974945806398,-9.538330027339695,1.1373769955087938,0.0,6.807723974930805,3.195627806930065,9.605902671813965,6.4102748648839,143.49445494992142,173.2,29.70554505007857,0.0,False,0.0,0.0,False,False,False,2.4930173534239666,1.0706817970174707
3691.023000000001,18.0,False,True,NORMAL,-52.53530825266781,25.719579141969227,0.31096937941958447,-49.051343752606485,23.92444052727815,0.0,3.9192513677541228,3.9315688012012666,-2.4331021683026677,1.6655893260871932,-0.055565751439512034,-9.64398488466092,1.1499755744881839,0.0,7.229293678493922,2.9485884698571847,9.712306022644043,6.763717552786858,143.33697302848645,173.2,29.863026971513534,0.0,False,0.0,0.0,False,False,False,2.4864302188972305,1.0505514891479906
3691.1240000000107,18.1,False,True,NORMAL,-52.36684335548624,25.67691370197083,0.3196154952621698,-49.051343752606485,23.92444052727815,0.0,3.7501599758827946,3.7637552935233347,-2.11554653417941,1.619190904150626,0.16803835209880297,-9.727752523708158,1.1599642606992213,0.0,7.626045445515847,2.6640788881642816,9.796667098999023,7.132588210834742,143.25100655507612,173.2,29.94899344492387,0.0,False,0.0,0.0,False,False,False,2.4796886105382967,1.0418116902101706
3691.224000000002,18.2,False,True,NORMAL,-52.19445117083083,25.63430575667008,0.3344603693168414,-49.051343752606485,23.92444052727815,0.0,3.5780949323879647,3.5936926807705736,-1.9256039838708492,1.5589028612106461,0.10367717523397112,-9.744411544340531,1.16195072864284,0.0,7.828877484237953,2.4775247392084756,9.813444137573242,7.335919398364767,143.14415654397237,173.2,30.055843456027617,0.0,False,0.0,0.0,False,False,False,2.47260557736415,1.0180098773078459
3691.324000000008,18.3,False,True,NORMAL,-52.026624162875784,25.588562794985798,0.3481614226268,-49.051343752606485,23.92444052727815,0.0,3.409046265689671,3.426778781569976,-1.7857884728883875,1.4390448266056493,0.17972043947670308,-9.853925286898052,1.1750094518281333,0.0,8.072456028292253,2.293445112245227,9.923733711242676,7.630288598997449,142.92942544613345,173.2,30.27057455386654,0.0,False,0.0,0.0,False,False,False,2.464894876858284,1.001692686958702
3691.423999999999,18.4,False,True,NORMAL,-51.86556265978477,25.53855571928836,0.36725746634467854,-49.051343752606485,23.92444052727815,0.0,3.2442558330991575,3.2649768693183447,-1.6550875533213785,1.3450590796804838,0.2524560832251376,-9.966019510993958,1.1883758788075578,0.0,8.312408774266286,2.132720970260821,10.036622047424316,7.903901077163495,142.77713514744698,173.2,30.422864852553005,0.0,False,0.0,0.0,False,False,False,2.4569442729134425,0.9860828885198344
3691.524000000005,18.5,False,True,NORMAL,-51.71113948873769,25.48621050344558,0.3887634003197194,-49.051343752606485,23.92444052727815,0.0,3.0844187161278493,3.1088222525303566,-1.528348002948188,1.2574228725544445,0.2713791231037477,-10.102276511946137,1.2046235424882885,0.0,8.57409107991414,1.9791310968550782,10.173844337463379,8.194713240608301,142.8959500370014,173.2,30.30404996299859,0.0,False,0.0,0.0,False,False,False,2.4486588560376226,0.9682122671598564
3691.623000000007,18.6,False,True,NORMAL,-51.86354933679891,25.613457295526306,0.41652163592855945,-138.71796942896728,25.595282065457674,0.0,86.85442199385042,86.85542072984877,-1.5198489582761832,1.2875129690600768,0.2837855890730531,-10.095801442191272,-1.6586792579122882,0.0,9.067910985703474,1.99189118715634,10.231149673461914,8.239258486305573,143.00161033816963,189.32999999999998,46.328389661830386,0.0,False,0.0,0.0,False,False,False,2.7062445437073013,1.0263923452901147
3691.7230000000127,18.7,False,True,NORMAL,-52.01527559611845,25.744015081142162,0.44089418952063414,-138.71796942896728,25.595282065457674,0.0,86.70282140381983,86.70394239634685,-1.514676228114674,1.3236427432570799,0.20366548276844165,-10.146820908494595,-1.6670614483695432,0.0,9.13554778570089,2.011535281269713,10.282853126525879,8.271317845256165,142.93141177755496,189.32999999999998,46.39858822244503,0.0,False,0.0,0.0,False,False,False,2.990065593688427,1.0820743550784429
3691.823000000004,18.8,False,True,NORMAL,-52.16783443041467,25.876261219222116,0.46165766917474743,-138.71796942896728,25.595282065457674,0.0,86.550591087251,86.55182231100648,-1.53650045780981,1.3212800183419526,0.21160411031382448,-10.340082251607171,-1.698813120885353,0.0,9.307202317006341,2.026478360042235,10.478705406188965,8.45222704614673,142.90293887168474,189.32999999999998,46.427061128315245,0.0,False,0.0,0.0,False,False,False,3.301840484307846,1.144956755654774
3691.92300000001,18.9,False,True,NORMAL,-52.321825800564994,26.010854710628617,0.4774661950962352,-138.71796942896728,25.595282065457674,0.0,86.39714309213547,86.39846241948054,-1.5433269451967249,1.3705898097880862,0.10456640811593206,-10.462581669990204,-1.7189390361523786,0.0,9.439189230842288,2.064067461704001,10.6028470993042,8.538779637600198,142.8711406816469,189.32999999999998,46.45885931835312,0.0,False,0.0,0.0,False,False,False,3.6433059452256478,1.2041861221314865
3692.023000000001,19.0,False,True,NORMAL,-52.47574746330807,26.148622358911993,0.4881857591372358,-138.71796942896728,25.595282065457674,0.0,86.24399709576541,86.24537877700936,-1.5351063096646675,1.3847631558794296,0.10982487270407858,-10.472296213025327,-1.7205350769545598,0.0,9.461302261505738,2.0673945873619366,10.612691879272461,8.545297291910524,142.80159099764245,189.32999999999998,46.528409002357535,0.0,False,0.0,0.0,False,False,False,4.016325523956313,1.272456581191279
3692.1240000000107,19.1,False,True,NORMAL,-52.63142926133445,26.287941592415446,0.4982572105750454,-138.71796942896728,25.595282065457674,0.0,86.08932672087606,86.09076858468413,-1.5785296508631135,1.4016215141895996,0.09160415605211379,-10.466296026413689,-1.7195492824999723,0.0,9.419877827683075,2.1109947246957224,10.606611251831055,8.495616527135333,142.66763575591082,189.32999999999998,46.66236424408913,0.0,False,0.0,0.0,False,False,False,4.423244972349814,1.3424702349437816
3692.2230000000127,19.2,False,True,NORMAL,-52.790115669718624,26.42860283271607,0.5077165423284036,-138.71796942896728,25.595282065457674,0.0,85.93189439999543,85.93339427288625,-1.595198516820267,1.4116032918228796,0.09758247901505071,-10.531417248735739,-1.730248306379748,0.0,9.472446182996523,2.130089707395153,10.672605514526367,8.542515807131213,142.5552130600771,189.32999999999998,46.774786939922876,0.0,False,0.0,0.0,False,False,False,4.866217672090896,1.4169046209931377
3692.324000000008,19.3,False,True,NORMAL,-52.94870029333529,26.573511164960994,0.5152510497828093,-138.71796942896728,25.595282065457674,0.0,85.77484748008351,85.77639502727945,-1.5764939555130821,1.4865633530755917,0.05310767007306483,-10.626065110820457,-1.7457983790059377,0.0,9.609521344062689,2.166841894203781,10.768522262573242,8.601680368369461,142.70318553340218,189.32999999999998,46.62681446659781,0.0,False,0.0,0.0,False,False,False,5.347364591024427,1.491642210027767
3692.423999999999,19.4,False,True,NORMAL,-53.10725451049935,26.723405291459226,0.5190481262153613,-138.71796942896728,25.595282065457674,0.0,85.61814743887086,85.61972075299917,-1.594590387768009,1.5113191768890544,0.02283385857797624,-10.761986841255217,-1.7681294991515364,0.0,9.736320729833945,2.1969988983144115,10.906266212463379,8.709267314148967,142.82219595844424,189.32999999999998,46.507804041555744,0.0,False,0.0,0.0,False,False,False,5.868805425461431,1.5697436386288537
3692.524000000005,19.5,False,True,NORMAL,-53.26535227709301,26.876517661896443,0.5235067713502711,-138.71796942896728,25.595282065457674,0.0,85.46222172842442,85.46382510804223,-1.5673649441051478,1.5509282318553272,0.06633904412021971,-10.879818611333086,-1.7874885479670637,0.0,9.892766038882492,2.204996881715624,11.025677680969238,8.820680799253614,142.92782199452978,189.32999999999998,46.402178005470205,0.0,False,0.0,0.0,False,False,False,6.433374831602938,1.6570850832605948
3692.623000000007,19.6,False,True,NORMAL,-53.423734373347365,27.03200748346655,0.5252153367019398,-138.71796942896728,25.595282065457674,0.0,85.30633454585944,85.30795135742036,-1.6002769809820145,1.5588681995468079,-0.032167737086847045,-10.841208878537868,-1.7811452018436613,0.0,9.826012001658311,2.234044869607416,10.986550331115723,8.752505461508306,142.79713840321446,189.32999999999998,46.53286159678555,0.0,False,0.0,0.0,False,False,False,7.043158411571053,1.735566869229648
3692.7230000000127,19.7,False,True,NORMAL,-53.58431114364356,27.19043161093698,0.5196369339890169,-138.71796942896728,25.595282065457674,0.0,85.1486011342213,85.1501867153436,-1.6112584249418798,1.6096143498617665,-0.07940031717161072,-10.844311547179426,-1.7816549515796674,0.0,9.8361566393058,2.277501277107678,10.989694595336914,8.712193318229236,142.86639220158614,189.32999999999998,46.463607798413875,0.0,False,0.0,0.0,False,False,False,7.700144620661146,1.8221946174056232
3692.823000000004,19.8,False,True,NORMAL,-53.74575787900157,27.352016420670378,0.5131722203337608,-138.71796942896728,25.595282065457674,0.0,84.99036916784696,84.99191842178075,-1.617676282218447,1.6220818448061702,-0.0498939559335125,-10.949152950885424,-1.7988797615854197,0.0,9.938784388962338,2.2908570591160604,11.095941543579102,8.805084484463041,143.01831430850174,189.32999999999998,46.31168569149821,0.0,False,0.0,0.0,False,False,False,8.407828548368162,1.9182522092905978
3692.923999999999,19.9,False,True,NORMAL,-53.907210993687734,27.51611664832562,0.5072545212412294,-138.71796942896728,25.595282065457674,0.0,84.83250763629519,84.83402418258491,-1.6113860115047562,1.659922708298753,-0.0684600259171151,-11.128156322330348,-1.828288935390211,0.0,10.135903394378753,2.3134191742092645,11.277344703674316,8.963925529465051,142.93925448145814,189.32999999999998,46.39074551854185,0.0,False,0.0,0.0,False,False,False,9.16922860498153,2.014113275631371
3693.023000000001,20.0,False,True,NORMAL,-54.069432446909545,27.681321746777257,0.50159793507088,-138.71796942896728,25.595282065457674,0.0,84.67423678283045,84.67572246661557,-1.633043052931412,1.6441792607339905,-0.04467169748987267,-11.104084055466215,-1.8243340071988141,0.0,10.08618867370234,2.3173595004132004,11.252949714660645,8.935590214247444,143.00453131147813,189.32999999999998,46.32546868852182,0.0,False,0.0,0.0,False,False,False,9.987218101671164,2.1165499695342214
3693.123000000007,20.1,False,True,NORMAL,-54.233356804376854,27.84638342212697,0.4993341853685555,-138.71796942896728,25.595282065457674,0.0,84.5145977192408,84.51607280437125,-1.6454440964147923,1.6570542462602833,-0.0006032965566178522,-11.155004710666303,-1.8326999635880434,0.0,10.129665716166437,2.335233403639886,11.304553031921387,8.9693196282815,143.05336374871547,189.32999999999998,46.27663625128446,0.0,False,0.0,0.0,False,False,False,10.86539710396677,2.225734476856193
3693.2230000000127,20.2,False,True,NORMAL,-54.398599965104594,28.011522087122632,0.4985816688359383,-138.71796942896728,25.595282065457674,0.0,84.3539820199715,84.35545546262064,-1.6594191181400713,1.6457190536529445,-0.01444703409572689,-11.239513612501055,-1.8465842662246277,0.0,10.196783463372826,2.3371056914921744,11.3901948928833,9.053089201391126,143.20260156696273,189.32999999999998,46.12739843303723,0.0,False,0.0,0.0,False,False,False,11.806693097521986,2.332291654819166
3693.324000000008,20.3,False,True,NORMAL,-54.56674932961429,28.177611953814505,0.49762253642383253,-138.71796942896728,25.595282065457674,0.0,84.1908324692306,84.19230309268663,-1.7035681720537539,1.6760782801844858,-0.004735614146388048,-11.195662185943787,-1.8393797414450064,0.0,10.122168437166325,2.3898499781661506,11.345755577087402,8.955905598921252,143.24510518266672,189.32999999999998,46.08489481733329,0.0,False,0.0,0.0,False,False,False,12.814190978807732,2.446328297768738
3693.42300000001,20.4,False,True,NORMAL,-54.73681902391029,28.34667667408563,0.49451943626527145,-138.71796942896728,25.595282065457674,0.0,84.02620898058646,84.0276641655713,-1.6978257138663568,1.7052161252380305,-0.05732638902483373,-11.258758251178596,-1.8497460442353417,0.0,10.200450333657955,2.4063196355508563,11.409697532653809,9.003377897102952,143.22934179828405,189.32999999999998,46.10065820171599,0.0,False,0.0,0.0,False,False,False,13.890988950004708,2.557035392496824
3693.524000000005,20.5,False,True,NORMAL,-54.908142374274256,28.518815065318844,0.48914697010575126,-138.71796942896728,25.595282065457674,0.0,83.86080226267116,83.86222880950157,-1.7286412934129558,1.737551699426272,-0.05012293416557061,-11.206900302084971,-1.841226096115126,0.0,10.13138906297317,2.4509766684877974,11.357144355773926,8.906167687286128,143.12562971172406,189.32999999999998,46.204370288275925,0.0,False,0.0,0.0,False,False,False,15.040536088235335,2.6787952892534546
3693.6240000000107,20.6,False,True,NORMAL,-55.081738896153745,28.69149248135031,0.4852639119436738,-138.71796942896728,25.595282065457674,0.0,83.69352171271927,83.69492850670014,-1.7432891441767737,1.7159966212030775,-0.027538229075978932,-11.107894399818555,-1.8249600237839183,0.0,10.011703429270726,2.446160551596106,11.256811141967773,8.810650590371667,143.10788589299062,189.32999999999998,46.22211410700936,0.0,False,0.0,0.0,False,False,False,16.267242646694296,2.8056677287776743
3693.7260000000097,20.7,False,True,NORMAL,-55.256466908382336,28.8630979882291,0.48332582995708456,-138.71796942896728,25.595282065457674,0.0,83.5254513540557,83.52684974160482,-1.7512711003950685,1.7161135163727785,-0.011223410655805139,-11.14435569691202,-1.8309503948853911,0.0,10.040503006716055,2.451937207221322,11.293761253356934,8.841824046135612,143.13872461925197,189.32999999999998,46.19127538074804,0.0,False,0.0,0.0,False,False,False,17.574986163261777,2.936680856620825
3693.823000000004,20.8,False,True,NORMAL,-55.431545939875264,29.03537363679763,0.4802224463700102,-138.71796942896728,25.595282065457674,0.0,83.35743858602892,83.35882185600742,-1.7503095294635351,1.7293994549978149,-0.05084426108568138,-11.162396722246356,-1.8339144264865355,0.0,10.064024599658204,2.46057024363817,11.312044143676758,8.851473900038588,143.16249562844445,189.32999999999998,46.16750437155554,0.0,False,0.0,0.0,False,False,False,18.967046592715427,3.0650597433228923
3693.9270000000106,20.9,False,True,NORMAL,-55.60478422537916,29.211296624835654,0.4732219163358097,-138.71796942896728,25.595282065457674,0.0,83.1918091880419,83.19315509680874,-1.714456180614564,1.7890603057626777,-0.08916633959832912,-11.139325741228332,-1.8301240035177986,0.0,10.095873478759822,2.4779218657784843,11.288663864135742,8.810741998357258,143.20946694887775,189.32999999999998,46.12053305112221,0.0,False,0.0,0.0,False,False,False,20.44683802209498,3.198664002207398
3694.024000000005,21.0,False,True,NORMAL,-55.77742144747695,29.393125126033784,0.4608565454381931,-138.71796942896728,25.595282065457674,0.0,83.02745396182318,83.02873297924124,-1.7382882613411965,1.847509718199898,-0.1581410783540027,-11.05085874891545,-1.8155894104991575,0.0,10.007110687541871,2.5367180052894462,11.199010848999023,8.662292843709578,143.15933553655097,189.32999999999998,46.170664463448986,0.0,False,0.0,0.0,False,False,False,22.01817269995313,3.3321989173822004
3694.1240000000107,21.1,False,True,NORMAL,-55.95047963874343,29.5780722464452,0.4438718595844256,-138.71796942896728,25.595282065457674,0.0,82.86326076012566,82.86444959105388,-1.7228755639885616,1.8514326900283857,-0.1815526387213468,-11.021595605428073,-1.810781652600812,0.0,9.993898553639008,2.5290518410453053,11.169355392456055,8.64030355141075,143.2826331591671,189.32999999999998,46.047366840832865,0.0,False,0.0,0.0,False,False,False,23.685261061508484,3.475278569021943
3694.224000000002,21.2,False,True,NORMAL,-56.12119807459333,29.764047380543314,0.42756612539898253,-138.71796942896728,25.595282065457674,0.0,82.70190591769327,82.70301116168973,-1.6914931530094184,1.8680699919338979,-0.14456204498751427,-10.984010684932114,-1.8046066769543616,0.0,9.991968574574624,2.5200862250013705,11.131266593933105,8.611180368931734,143.25004158661667,189.32999999999998,46.07995841338334,0.0,False,0.0,0.0,False,False,False,25.45397651473762,3.632553399982702
3694.324000000008,21.3,False,True,NORMAL,-56.29196792584611,29.950736436088867,0.41163111478466907,-138.71796942896728,25.595282065457674,0.0,82.54099409727984,82.54202049103138,-1.723903872046214,1.8657111189771618,-0.1741381672987559,-10.92997983262546,-1.795729733947753,0.0,9.907471105757644,2.5402209627374823,11.07651138305664,8.536290420319158,143.22908078414878,189.32999999999998,46.100919215851206,0.0,False,0.0,0.0,False,False,False,27.328937260242512,3.783975681045698
3694.423999999999,21.4,False,True,NORMAL,-56.46538877918535,30.139900487225873,0.3923615189663742,-138.71796942896728,25.595282065457674,0.0,82.37803457323047,82.37896896483907,-1.7445131947386234,1.917569903762944,-0.211253749067141,-10.962411518823217,-1.8010580642941216,0.0,9.939710432300217,2.59237354994117,11.10937786102295,8.517004311081779,143.36324560913312,189.32999999999998,45.96675439086687,0.0,False,0.0,0.0,False,False,False,29.313798722713724,3.940079650241283
3694.524000000005,21.5,False,True,NORMAL,-56.639680103425015,30.335308781839352,0.3685503785584022,-138.71796942896728,25.595282065457674,0.0,82.2150438294564,82.21586988690792,-1.7413132900547041,1.9905959885066578,-0.2649690590922988,-10.866804718508062,-1.7853504439029968,0.0,9.87584757229489,2.6447389972509456,11.012489318847656,8.367750321596711,143.45471637799378,189.32999999999998,45.87528362200618,0.0,False,0.0,0.0,False,False,False,31.413173359606294,4.098721230064872
3694.623000000007,21.6,False,True,NORMAL,-56.813381253253276,30.54023534534155,0.3379147728797253,-138.71796942896728,25.595282065457674,0.0,82.05372707667546,82.05442287632808,-1.7327097065106143,2.107935281537314,-0.34774305448123977,-10.849242691759882,-1.7824651088792343,0.0,9.911931641657501,2.7286762501597535,10.994691848754883,8.266015598595128,143.43581528761928,189.32999999999998,45.89418471238076,0.0,False,0.0,0.0,False,False,False,33.63130903164835,4.258322349097258
3694.7230000000127,21.7,False,True,NORMAL,-56.98734889814522,30.753549224007905,0.2998534141938281,-138.71796942896728,25.595282065457674,0.0,81.89323569399495,81.89378465123109,-1.7466431913282756,2.1583422917897717,-0.4134841192367039,-10.748060122047933,-1.7658414232209467,0.0,9.81960918722338,2.776545315016801,10.892152786254883,8.115607471238082,143.04420079247984,189.32999999999998,46.28579920752014,0.0,False,0.0,0.0,False,False,False,35.97285369364861,4.423685904035654
3694.823000000004,21.8,False,True,NORMAL,-57.16333993778853,30.967995725693164,0.2592476671479554,-138.71796942896728,25.595282065457674,0.0,81.73141160850169,81.73182276733614,-1.7731776015378078,2.1305877419154124,-0.3986308216807506,-10.717226352548193,-1.760775620946079,0.0,9.753907774952104,2.771924048850471,10.860905647277832,8.088981598427361,143.04513745570702,189.32999999999998,46.28486254429299,0.0,False,0.0,0.0,False,False,False,38.44442716557302,4.606127441456958
3694.92300000001,21.9,False,True,NORMAL,-57.340233233154144,31.18209888880837,0.22366292059960746,-138.71796942896728,25.595282065457674,0.0,81.56928631888984,81.56959296009194,-1.7646883057743936,2.1514755203886917,-0.3130641092862081,-10.697192166102903,-1.757484125001331,0.0,9.750363620094966,2.7826195807851084,10.84060287475586,8.05798329397075,143.27951519682313,189.32999999999998,46.05048480317686,0.0,False,0.0,0.0,False,False,False,41.05481758083563,4.80896720701006
3695.024000000005,22.0,False,True,NORMAL,-57.51673235868844,31.402462914526428,0.19321132162112406,-138.71796942896728,25.595282065457674,0.0,81.40862516439776,81.40885444331114,-1.765294204911419,2.255804993972518,-0.29596787028345994,-10.802565267650113,-1.7747962897540788,0.0,9.895353200861132,2.864423118312864,10.947388648986816,8.082965530673953,143.47339025934102,189.32999999999998,45.856609740658996,0.0,False,0.0,0.0,False,False,False,43.81073646573854,5.0073173500039365
3695.123000000007,22.1,False,True,NORMAL,-57.693847063519584,31.63160274928296,0.1617562730305798,-138.71796942896728,25.595282065457674,0.0,81.24866505050417,81.24882606894012,-1.7769998917115513,2.326991701158039,-0.333133101527425,-10.801543278525232,-1.7746283831076417,0.0,9.912904249317359,2.9279035148722454,10.9463529586792,8.018449443806954,143.39285651388124,189.32999999999998,45.93714348611877,0.0,False,0.0,0.0,False,False,False,46.715640349842,5.199760829808919
3695.224000000002,22.2,False,True,NORMAL,-57.873034214372495,31.866323534286582,0.1281318000611134,-138.71796942896728,25.595282065457674,0.0,81.08778891396534,81.08789014836918,-1.806743125346781,2.367423998914434,-0.3393563578619025,-10.776470666873116,-1.7705091043037564,0.0,9.878183159666811,2.978089506986629,10.920944213867188,7.942854706880558,143.23174026932242,189.32999999999998,46.09825973067757,0.0,False,0.0,0.0,False,False,False,49.77474100949887,5.402877445909449
3695.324000000008,22.3,False,True,NORMAL,-58.0541595712895,32.103881661460996,0.09473666518930125,-138.71796942896728,25.595282065457674,0.0,80.92596671932124,80.92602217144014,-1.8157640129934178,2.3837385445738266,-0.32854633957434076,-10.847715354421318,-1.7822141765706088,0.0,9.946421824391521,2.996532729634186,10.993144035339355,7.996611305705169,143.29314919763263,189.32999999999998,46.036850802367326,0.0,False,0.0,0.0,False,False,False,52.995263838763876,5.614719644529514
3695.423999999999,22.4,False,True,NORMAL,-58.23481670988435,32.34437882425128,0.06368212410061308,-138.71796942896728,25.595282065457674,0.0,80.76563736306912,80.76566246911936,-1.7973787589035641,2.4262047112318323,-0.2925444821994226,-10.866628740638493,-1.7853215318008941,0.0,9.999412409084464,3.019443608309527,11.012310981750488,7.992867373440961,143.40867476708468,189.32999999999998,45.92132523291531,0.0,False,0.0,0.0,False,False,False,56.38489344979738,5.839150120850957
3695.523000000001,22.5,False,True,NORMAL,-58.4147767902394,32.58715797998799,0.0332497979172424,-138.71796942896728,25.595282065457674,0.0,80.6070038940589,80.6070107517075,-1.8018228481975134,2.4293784035023855,-0.31610204146799104,-10.95750201857966,-1.8002514630285031,0.0,10.085446439242023,3.0246396485681393,11.104402542114258,8.079762893546118,143.38049712531313,189.32999999999998,45.94950287468686,0.0,False,0.0,0.0,False,False,False,59.94936484840366,6.055349985248284
3695.6240000000107,22.6,False,True,NORMAL,-58.596354294359294,32.83156995039527,0.0022252736749676597,-138.71796942896728,25.595282065457674,0.0,80.44772883140915,80.44772886218593,-1.8297272342004418,2.458861004643181,-0.3043884433775037,-10.950273751113539,-1.7990639022998824,0.0,10.065500150531106,3.064946849739759,11.097077369689941,8.032130519950183,143.35292430255112,189.32999999999998,45.97707569744887,0.0,False,0.0,0.0,False,False,False,63.69482413684436,6.286183502918009
3695.7230000000127,22.7,False,True,NORMAL,-58.777319066510856,33.078318185640235,-0.02806031529910681,-138.71796942896728,25.595282065457674,0.0,80.29012025117699,80.29012515452791,-1.7895682088307583,2.476103700256159,-0.30132333610398565,-11.003677858708249,-1.8078378749321569,0.0,10.161297754696122,3.055101292670993,11.15119743347168,8.096096140800686,143.39841981893952,189.32999999999998,45.93158018106044,0.0,False,0.0,0.0,False,False,False,67.62921531574844,6.5217422135789
3695.824000000008,22.8,False,True,NORMAL,-58.957867443200996,33.32758616598079,-0.05808693087641447,-138.71796942896728,25.595282065457674,0.0,80.13402770036463,80.13404875316324,-1.8213993249721177,2.5092559065548894,-0.2992089754421676,-11.049017098162787,-1.8152868383931933,0.0,10.190711443318735,3.1006226319224153,11.197144508361816,8.0965218764394,143.36179255746524,189.32999999999998,45.96820744253472,0.0,False,0.0,0.0,False,False,False,71.75956925674154,6.76312552660044
3695.92300000001,22.9,False,True,NORMAL,-59.143202772441285,33.5806536895646,-0.09106492585569718,-138.71796942896728,25.595282065457674,0.0,79.97443121658105,79.97448306326446,-1.8853072598336489,2.5520945651211964,-0.36035092414348646,-11.108470327391693,-1.8250546452089822,0.0,10.209122008295367,3.172943449433445,11.257394790649414,8.084451341215969,143.38539378055282,189.32999999999998,45.94460621944717,0.0,False,0.0,0.0,False,False,False,76.09132329242394,6.995078926672472
3696.023000000001,23.0,False,True,NORMAL,-59.333739429039625,33.837680958759144,-0.12777254624754583,-138.71796942896728,25.595282065457674,0.0,79.8109836563722,79.8110859343568,-1.9254258721332405,2.5884508187696955,-0.37380148369348665,-11.056179491560087,-1.816463576409797,0.0,10.137747900176645,3.22604129394984,11.204402923583984,7.978361629634144,143.31100377094603,189.32999999999998,46.01899622905398,0.0,False,0.0,0.0,False,False,False,80.63136133892937,7.2451330320532605
3696.1240000000107,23.1,False,True,NORMAL,-59.52763630368457,34.09505884301268,-0.16467269371033139,-138.71796942896728,25.595282065457674,0.0,79.64518231356816,79.6453525502748,-1.9525116207656161,2.5591068663009993,-0.36420146556222466,-11.149173914517352,-1.8317419989643573,0.0,10.191081939760714,3.2189019218319923,11.298644065856934,8.07974214402494,143.13767448905298,189.32999999999998,46.192325510947,0.0,False,0.0,0.0,False,False,False,85.38944981537725,7.505744437152698
3696.2230000000127,23.2,False,True,NORMAL,-59.72221094082651,34.34618222712244,-0.1982457516195784,-138.71796942896728,25.595282065457674,0.0,79.47897906211485,79.47922630558331,-1.9389811220731927,2.4633608158941356,-0.30725969262271513,-11.312194354749593,-1.8585252736134532,0.0,10.32161933399499,3.1349313072280927,11.463850021362305,8.328918714134211,142.89450483622275,189.32999999999998,46.435495163777205,0.0,False,0.0,0.0,False,False,False,90.37549896876962,7.784706161299398
3696.324000000008,23.3,False,True,NORMAL,-59.91355390809388,34.592550909463604,-0.22958576203827108,-138.71796942896728,25.595282065457674,0.0,79.31637127502614,79.31670354887375,-1.8878782232742273,2.4640128309291107,-0.3195405157511385,-11.31076394639801,-1.8582902661525103,0.0,10.366922369444627,3.104101064220742,11.462400436401367,8.358299372180625,142.82614672070994,189.32999999999998,46.50385327929007,0.0,False,0.0,0.0,False,False,False,95.59728525129064,8.055687501769144
3696.423999999999,23.4,False,True,NORMAL,-60.08895911870562,34.84322089266458,-0.25257193168380165,-138.71796942896728,25.595282065457674,0.0,79.17098985691031,79.17139273439409,-1.6202259889605413,2.5493868330904594,-0.14018287715947372,-11.321552236754947,-1.8600627171605701,0.0,10.65640541188039,3.020679638763132,11.473333358764648,8.452653720001516,142.9319291780775,189.32999999999998,46.39807082192249,0.0,False,0.0,0.0,False,False,False,101.07002720721182,8.39571423170042
3696.524000000005,23.5,False,True,NORMAL,-60.253074378275144,35.100808155399314,-0.2705523187592232,-138.71796942896728,25.595282065457674,0.0,79.03856515374436,79.03902820834703,-1.6620792024301225,2.602358421604062,-0.2194248643489568,-11.365650220541237,-1.8673077498051698,0.0,10.683501588307367,3.0878433622261894,11.518022537231445,8.430179175005255,142.94805346902868,189.32999999999998,46.38194653097128,0.0,False,0.0,0.0,False,False,False,106.80073659440113,8.662131396598511
3696.6240000000107,23.6,False,True,NORMAL,-60.41753076611363,35.362355276034236,-0.2914447297902837,-138.71796942896728,25.595282065457674,0.0,78.90725197278175,78.90779019796835,-1.6270485543395685,2.6285839910944278,-0.1984233562722539,-11.478426626366012,-1.8858362327784695,0.0,10.836495737816541,3.0913978709341814,11.63231086730957,8.54091299637539,142.865906189786,189.32999999999998,46.464093810214024,0.0,False,0.0,0.0,False,False,False,112.79123875394248,8.96605617982007
3696.725000000006,23.7,False,True,NORMAL,-60.58047166548773,35.627108651311225,-0.31802760954861853,-138.71796942896728,25.595282065457674,0.0,78.77884298075475,78.77948491166242,-1.6317694331423462,2.6664835144453796,-0.33323423889444387,-11.517536061026158,-1.89226167690303,0.0,10.886254614908816,3.12614871939047,11.671944618225098,8.545795898834628,142.74164947533706,189.32999999999998,46.58835052466293,0.0,False,0.0,0.0,False,False,False,119.04769950292635,9.22898419681064
3696.823000000004,23.8,False,True,NORMAL,-60.744661459504265,35.89179985323967,-0.35049721930652383,-138.71796942896728,25.595282065457674,0.0,78.65020682906584,78.65098780406751,-1.6520264471883837,2.6273405241234897,-0.3161579562636631,-11.580587896529044,-1.9026207130152968,0.0,10.91315175663353,3.103564017691816,11.735841751098633,8.632277733406816,142.59558069679608,189.32999999999998,46.73441930320388,0.0,False,0.0,0.0,False,False,False,125.5783062397835,9.542479552968242
3696.923999999999,23.9,False,True,NORMAL,-60.90976527858883,36.15616246333607,-0.38370644824839467,-138.71796942896728,25.595282065457674,0.0,78.52164560097594,78.52258311163541,-1.650049934502886,2.6599116778044727,-0.34802662257375455,-11.646748047022244,-1.9134904265245998,0.0,10.993178792357089,3.1301429552136404,11.802888870239258,8.672745915025617,142.57887345824454,189.32999999999998,46.75112654175547,0.0,False,0.0,0.0,False,False,False,132.39737708405232,9.850953522088266
3697.023000000001,24.0,False,True,NORMAL,-61.07338193938847,36.42249282487173,-0.41888931460998713,-138.71796942896728,25.595282065457674,0.0,78.39585741131754,78.3969765202302,-1.6222832814898922,2.6666955529087475,-0.3556307046580945,-11.80464254364194,-1.9394315395685926,0.0,11.175725790103627,3.1213888282789926,11.962900161743164,8.841511333464172,142.6614562027533,189.32999999999998,46.66854379724663,0.0,False,0.0,0.0,False,False,False,139.51382641347925,10.174687991442708
3697.123000000007,24.1,False,True,NORMAL,-61.23447825058952,36.68947340023074,-0.45145606124035814,-138.71796942896728,25.595282065457674,0.0,78.27370239462483,78.27500430621214,-1.5996429425310843,2.6729159542713745,-0.29570422794932627,-11.766511809432876,-1.9331668900225718,0.0,11.16159584133362,3.1150180163504606,11.9242582321167,8.809240215766238,142.67063656917946,189.32999999999998,46.65936343082052,0.0,False,0.0,0.0,False,False,False,146.94248019523835,10.529061157936091
3697.2230000000127,24.2,False,True,NORMAL,-61.39450319890345,36.957467104483875,-0.47903486375524906,-138.71796942896728,25.595282065457674,0.0,78.15380783233081,78.155275913361,-1.600856023747586,2.6869581307913,-0.2558718223484928,-11.811204541954824,-1.9405096362956689,0.0,11.210025637735429,3.1276962776769754,11.969550132751465,8.84185385507449,142.64441893789106,189.32999999999998,46.685581062108895,0.0,False,0.0,0.0,False,False,False,154.69680997545467,10.884739960951078
3697.323000000004,24.3,False,True,NORMAL,-61.554358314613935,37.228258519928744,-0.5032907816164927,-138.71796942896728,25.595282065457674,0.0,78.03556254296777,78.03718551439624,-1.596246290462182,2.7288701781060847,-0.22924653487637955,-11.984722485583056,-1.969017587409778,0.0,11.401341461160468,3.1614450285859803,12.145394325256348,8.983949296670367,142.72260838923376,189.32999999999998,46.60739161076623,0.0,False,0.0,0.0,False,False,False,162.78633987102296,11.245413881908645
3697.423999999999,24.4,False,True,NORMAL,-61.7151960050616,37.50123457574513,-0.5278053635335996,-138.71796942896728,25.595282065457674,0.0,77.91776960456822,77.91955722828737,-1.6205075184910607,2.7306509382216353,-0.2610451034657603,-12.009408322345367,-1.9730733214331055,0.0,11.404134417972685,3.175295130203924,12.170411109924316,8.995115979720392,142.7513764367588,189.32999999999998,46.57862356324114,0.0,False,0.0,0.0,False,False,False,171.21783398701047,11.591170913254782
3697.523000000001,24.5,False,True,NORMAL,-61.87728990764086,37.77399740544028,-0.5539453611489017,-138.71796942896728,25.595282065457674,0.0,77.79981450255212,77.80178656107235,-1.6213705330940447,2.7246056556813523,-0.26175484884028133,-12.053506306131657,-1.9803183540777052,0.0,11.444027556970418,3.1705391315289706,12.215100288391113,9.044561156862143,142.73926151328635,189.32999999999998,46.59073848671363,0.0,False,0.0,0.0,False,False,False,180.0002960884247,11.95702964713876
3697.623000000007,24.6,False,True,NORMAL,-62.03875747524373,38.04760914318391,-0.5812004964261811,-138.71796942896728,25.595282065457674,0.0,77.68373057143133,77.68590470292395,-1.6079808189633125,2.7476290991913337,-0.28334785670530765,-12.093610439231028,-1.9869072211537244,0.0,11.504966870969346,3.183562152821412,12.255742073059082,9.07217992023767,142.68764764169467,189.32999999999998,46.64235235830529,0.0,False,0.0,0.0,False,False,False,189.14591856608223,12.324747128546935
3697.724000000002,24.7,False,True,NORMAL,-62.19578429011485,38.324269040655736,-0.6104584929959795,-138.71796942896728,25.595282065457674,0.0,77.57365485678477,77.57605679210074,-1.5325554784592017,2.7855688502452014,-0.30181207469066135,-12.183946372982227,-2.001748869973308,0.0,11.67777970944161,3.1793269907343107,12.347289085388184,9.167962094653873,142.63173286750816,189.32999999999998,46.69826713249182,0.0,False,0.0,0.0,False,False,False,198.66564801548893,12.705014083952253
3697.823000000004,24.8,False,True,NORMAL,-62.348543091815344,38.60406135968406,-0.6427903716780516,-138.71796942896728,25.595282065457674,0.0,77.46946248549534,77.47212916432264,-1.5226205555506114,2.810277530321208,-0.3448254989507805,-12.153710175392524,-1.9967812451574527,0.0,11.66738533588468,3.196252986484881,12.31664752960205,9.12039454311717,142.53027246823038,189.32999999999998,46.79972753176963,0.0,False,0.0,0.0,False,False,False,208.5698007353311,13.080757965957012
3697.92300000001,24.9,False,True,NORMAL,-62.50020488915716,38.88513489449636,-0.6795551635112824,-138.71796942896728,25.595282065457674,0.0,77.36774405179102,77.37072841122604,-1.5106153912856688,2.8111931659248004,-0.39047033771383477,-12.266404709160334,-2.0152962770458167,0.0,11.789062905660211,3.191357998804186,12.430852890014648,9.239494891210462,142.5443709063828,189.32999999999998,46.78562909361722,0.0,False,0.0,0.0,False,False,False,218.86779196179236,13.462930446967734
3698.023000000001,25.0,False,True,NORMAL,-62.649256453221916,39.166517454566126,-0.7192540088387294,-138.71796942896728,25.595282065457674,0.0,77.26983579491366,77.27318325332632,-1.4704158900094118,2.8164580354704896,-0.4035065688351039,-12.280120631347385,-2.0175497202979518,0.0,11.841340615729882,3.1771935344197177,12.44475269317627,9.267559158756551,142.6834447625522,189.32999999999998,46.646555237447785,0.0,False,0.0,0.0,False,False,False,229.57368815071317,13.86850135470474
3698.123000000007,25.1,False,True,NORMAL,-62.79575192364175,39.45048285912086,-0.7630366021313806,-138.71796942896728,25.595282065457674,0.0,77.17609539202333,77.17986735421924,-1.4594935183873463,2.8628500556242327,-0.47214529701792207,-12.467365789860178,-2.0483129699862554,0.0,12.05374523578394,3.2134143478864265,12.63450813293457,9.421093785048143,142.78240881649634,189.32999999999998,46.54759118350364,0.0,False,0.0,0.0,False,False,False,240.6986803132352,14.258960846211293
3698.2230000000127,25.2,False,True,NORMAL,-62.942504004095085,39.73506336284033,-0.8101113927379497,-138.71796942896728,25.595282065457674,0.0,77.08342607521939,77.08768290694991,-1.475548090679276,2.8287600187651014,-0.4693505151134617,-12.478911632008577,-2.0502098821825125,0.0,12.036542548298813,3.190474167215775,12.646208763122559,9.455734595906783,142.59371252575866,189.32999999999998,46.736287474241294,0.0,False,0.0,0.0,False,False,False,252.25602391750783,14.684794974943282
3698.323000000004,25.3,False,True,NORMAL,-63.08883752637813,40.01721475856961,-0.8573609178569193,-138.71796942896728,25.595282065457674,0.0,76.99193292120857,76.99670644051828,-1.451122354981577,2.8142678958204375,-0.47563998726592827,-12.49228218586337,-2.0524065835016434,0.0,12.066139850787515,3.1663638259955014,12.659758567810059,9.493394741814557,142.64041547589895,189.32999999999998,46.689584524101065,0.0,False,0.0,0.0,False,False,False,264.2630858222552,15.11874753031575
3698.425000000003,25.4,False,True,NORMAL,-63.23159462001908,40.29918814129833,-0.9046331545160237,-138.71796942896728,25.595282065457674,0.0,76.90512099778631,76.91044140315672,-1.4040195178374393,2.825199758753976,-0.4698047459161606,-12.603874740565587,-2.0707405668789782,0.0,12.223215153233207,3.154841435529209,12.772847175598145,9.618005740068936,142.6300384763207,189.32999999999998,46.69996152367929,0.0,False,0.0,0.0,False,False,False,276.73444460486047,15.569620680056401
3698.523000000001,25.5,False,True,NORMAL,-63.37178207146428,40.58027718852993,-0.9504595905025408,-138.71796942896728,25.595282065457674,0.0,76.8218590516426,76.82773849062343,-1.3997295110665895,2.7965811858779777,-0.44672397381418355,-12.50889844919488,-2.0551365353028745,0.0,12.12240897437035,3.127316586685363,12.676597595214844,9.54928100852948,142.54196660082096,189.32999999999998,46.78803339917903,0.0,False,0.0,0.0,False,False,False,289.68643676667557,16.03487370449951
3698.623000000007,25.6,False,True,NORMAL,-63.51163298125323,40.861612073130985,-0.9990659926810869,-138.71796942896728,25.595282065457674,0.0,76.74017118686893,76.74667423835173,-1.397288684712417,2.830116506143245,-0.5254040697567369,-12.660115197352187,-2.0799805345686755,0.0,12.286590821014153,3.1562596703645607,12.829841613769531,9.67358194340497,142.50880829155452,189.32999999999998,46.8211917084455,0.0,False,0.0,0.0,False,False,False,303.1260804197228,16.46336033859405
3698.724000000002,25.7,False,True,NORMAL,-63.64859068158797,41.14561666840094,-1.0515297201673934,-138.71796942896728,25.595282065457674,0.0,76.66305845569286,76.67026963910702,-1.341865321982281,2.849975399255832,-0.5238704799693913,-12.77507674014563,-2.0988680223605996,0.0,12.458305444324964,3.1500733830661867,12.946344375610352,9.796270992544166,142.34565735486828,189.32999999999998,46.984342645131676,0.0,False,0.0,0.0,False,False,False,317.0663497341104,16.94211287017426
3698.824000000008,25.8,False,True,NORMAL,-63.78169007573033,41.427244786372206,-1.1029318436262712,-138.71796942896728,25.595282065457674,0.0,76.59044984136595,76.59839075042294,-1.3201225608649243,2.782586960169482,-0.5041719892081635,-12.7585319972317,-2.096149820932416,0.0,12.435404416955686,3.0798561275828784,12.929577827453613,9.849721699870734,142.2644085731207,189.32999999999998,47.06559142687928,0.0,False,0.0,0.0,False,False,False,331.52984507831457,17.43606230479673
3698.92300000001,25.9,False,True,NORMAL,-63.913549612234384,41.705961443453035,-1.154722248905597,-138.71796942896728,25.595282065457674,0.0,76.51963940151956,76.52835159345001,-1.3170681692161046,2.7917461814471194,-0.5316361163783548,-12.90159447672686,-2.1196541230606694,0.0,12.58265086222009,3.0868293286132347,13.07455825805664,9.987728929443406,142.23958885378775,189.32999999999998,47.090411146212205,0.0,False,0.0,0.0,False,False,False,346.5286814373543,17.91688362399327
3699.023000000001,26.0,False,True,NORMAL,-64.04242755580061,41.98683029719535,-1.2095457149944455,-138.71796942896728,25.595282065457674,0.0,76.45338061514644,76.46294794422401,-1.2604907021083125,2.8256308933990644,-0.5648332053986118,-12.91210609599474,-2.1213811186782574,0.0,12.65832015453427,3.09403082658087,13.085210800170898,9.991179973590029,142.2287473651547,189.32999999999998,47.10125263484531,0.0,False,0.0,0.0,False,False,False,362.07435417666045,18.408831402646047
3699.1240000000107,26.1,False,True,NORMAL,-64.16634253565853,42.26892629700376,-1.2675771085276828,-138.71796942896728,25.595282065457674,0.0,76.39342566215555,76.40394123424099,-1.2178088950500987,2.81628910276906,-0.5957946652661359,-13.032722457067566,-2.141197658991765,0.0,12.81283955534362,3.068312698412419,13.207444190979004,10.139131492566584,142.2979626386528,189.32999999999998,47.03203736134719,0.0,False,0.0,0.0,False,False,False,378.1819761085349,18.910144179895816
3699.224000000002,26.2,False,True,NORMAL,-64.28376742153378,42.55110717852899,-1.3281065108932497,-138.71796942896728,25.595282065457674,0.0,76.34101409955515,76.35256577648687,-1.1306888224551392,2.8273285277355313,-0.6147933820452036,-13.00064178555082,-2.1359269982394307,0.0,12.865834165036674,3.045035930325315,13.174933433532715,10.129897503207399,142.21738110732466,189.32999999999998,47.11261889267536,0.0,False,0.0,0.0,False,False,False,394.8687402198709,19.431838510467337
3699.324000000008,26.3,False,True,NORMAL,-64.39383145657435,42.82035384457128,-1.388225575260254,-138.71796942896728,25.595282065457674,0.0,76.29404028582388,76.30666912782083,-1.0705918783562849,2.5576047931103174,-0.5875879052948808,-13.030332169427421,-2.140804949155716,0.0,12.849530806068003,2.772635794283719,13.205021858215332,10.432386063931613,142.13855169770966,189.32999999999998,47.19144830229027,0.0,False,0.0,0.0,False,False,False,412.1543374367794,19.984881274717797
3699.423999999999,26.4,False,True,NORMAL,-64.49935382870504,43.07677178899376,-1.448918221068091,-138.71796942896728,25.595282065457674,0.0,76.24962547169388,76.26339061820508,-1.039855564257608,2.57075409533941,-0.6262650108618605,-13.185606760224218,-2.166315627481771,0.0,13.036836336826259,2.7730986663337203,13.362378120422363,10.589279454088643,142.16196580864468,189.32999999999998,47.168034191355275,0.0,False,0.0,0.0,False,False,False,430.05315811329507,20.512553189325647
3699.524000000005,26.5,False,True,NORMAL,-64.59496155637672,43.34180672338067,-1.5275023830634211,-138.71796942896728,25.595282065457674,0.0,76.2178419631151,76.23314697062332,-0.8722989891759042,2.729944592398846,-0.9454182290447427,-13.202590036224882,-2.1691058772499545,0.0,13.267885016426028,2.865920969616051,13.379589080810547,10.513668111194496,142.42899199906532,189.32999999999998,46.90100800093467,0.0,False,0.0,0.0,False,False,False,448.54804498208307,20.905708424394362
3699.623000000007,26.6,False,True,NORMAL,-64.67918372340021,43.61576300163556,-1.6228035131587946,-138.71796942896728,25.595282065457674,0.0,76.20025932978203,76.21753743836358,-0.8121443512942719,2.7491809726988845,-0.960604372862723,-13.158503345136104,-2.161862699927415,0.0,13.28724690668695,2.866631205437626,13.334911346435547,10.468280140997921,142.45430481095502,189.32999999999998,46.87569518904496,0.0,False,0.0,0.0,False,False,False,467.6568979472557,21.468453730880686
3699.724000000002,26.7,False,True,NORMAL,-64.7555241246121,43.890203191316665,-1.714847124186671,-138.71796942896728,25.595282065457674,0.0,76.1915182576193,76.21081389842563,-0.7146636729433196,2.7396228209232625,-0.880267847694802,-13.224682316791824,-2.1727355056401514,0.0,13.439934181311829,2.831303121594078,13.4019775390625,10.570674417468421,142.25766977694727,189.32999999999998,47.072330223052745,0.0,False,0.0,0.0,False,False,False,487.44121695612904,22.102211281799086
3699.823000000004,26.8,False,True,NORMAL,-64.82508447501407,44.163087521256585,-1.8053081860351383,-138.71796942896728,25.595282065457674,0.0,76.19003771007442,76.21142292274254,-0.6765433350961075,2.718063777875082,-0.9289533892745458,-13.274692968784032,-2.180951953993373,0.0,13.517164248979363,2.800996534246254,13.452658653259277,10.651662119013023,142.2288472079652,189.32999999999998,47.101152792034725,0.0,False,0.0,0.0,False,False,False,507.91495955752555,22.665640695806577
3699.92300000001,26.9,False,True,NORMAL,-64.88917772184722,44.435882299100506,-1.9022390592026028,-138.71796942896728,25.595282065457674,0.0,76.19487320087397,76.21861462618969,-0.6053216015670382,2.7378317790033955,-1.0096640740747478,-13.243307739222432,-2.1757955501579045,0.0,13.559588015328885,2.803950265508392,13.420852661132812,10.61690239562442,142.26015309613138,189.32999999999998,47.06984690386855,0.0,False,0.0,0.0,False,False,False,529.0762560902222,23.224204139617612
3700.023000000001,27.0,False,True,NORMAL,-64.9442635874977,44.71231712020628,-2.006318422729435,-138.71796942896728,25.595282065457674,0.0,76.21037136025627,76.236776010542,-0.4963957114426659,2.7908646431120467,-1.0719231964618885,-13.313758173712253,-2.187370131439865,0.0,13.750185524557674,2.8346664986399377,13.492247581481934,10.657581082841997,141.99019702221253,189.32999999999998,47.339802977787485,0.0,False,0.0,0.0,False,False,False,550.9428220953729,23.809232259154495
3700.1240000000107,27.1,False,True,NORMAL,-64.99292458471393,44.99334124756809,-2.112105888723356,-138.71796942896728,25.595282065457674,0.0,76.23428977382702,76.26354259149653,-0.47682423288188874,2.8296179041241376,-1.043826123416527,-13.353511292130612,-2.19390132892185,0.0,13.821896219643905,2.8695119502109203,13.532533645629883,10.663021695418962,141.6073902962172,189.32999999999998,47.72260970378278,0.0,False,0.0,0.0,False,False,False,573.5473008484227,24.451162605020045
3700.2230000000127,27.2,False,True,NORMAL,-65.03659518174133,45.27523315542954,-2.2159052322986823,-138.71796942896728,25.595282065457674,0.0,76.26431266236821,76.2964980969768,-0.3965877076661377,2.808220253104774,-1.0321607480899975,-13.40853966605087,-2.202942158710432,0.0,13.943552003879853,2.836085823775388,13.588299751281738,10.75221392750635,141.94837337809795,189.32999999999998,47.381626621902,0.0,False,0.0,0.0,False,False,False,596.9182278413966,25.102694041627842
3700.323000000004,27.3,False,True,NORMAL,-65.07077423193148,45.55691191452318,-2.317754069961316,-138.71796942896728,25.595282065457674,0.0,76.30449545486422,76.33968830529909,-0.2869932961369749,2.8253549287679376,-1.004816005162685,-13.392850344973512,-2.200364497928299,0.0,14.036429201916357,2.839893594052574,13.572400093078613,10.732506499026039,142.20470538930655,189.32999999999998,47.1252946106934,0.0,False,0.0,0.0,False,False,False,621.0770466599837,25.781566491500165
3700.42300000001,27.4,False,True,NORMAL,-65.09531239680818,45.838523349992855,-2.419713788631499,-138.71796942896728,25.595282065457674,0.0,76.35498966131051,76.39332078786553,-0.203770001397043,2.806873780625597,-1.0343783682409695,-13.476419129740348,-2.2140943450033816,0.0,14.190607309156803,2.8142605838537382,13.657089233398438,10.8428286495447,142.16662944373252,189.32999999999998,47.163370556267466,0.0,False,0.0,0.0,False,False,False,646.0388460618442,26.432019532483935
3700.523000000001,27.5,False,True,NORMAL,-65.11188464563095,46.11791431139297,-2.5251534031239675,-138.71796942896728,25.595282065457674,0.0,76.41357308380233,76.45528465150664,-0.1276749750584897,2.780945447376703,-1.0744139216084017,-13.37439243088934,-2.1973319740211035,0.0,14.15128154758476,2.7838747242901207,13.553694725036621,10.7698200007465,142.09710158091673,189.32999999999998,47.232898419083256,0.0,False,0.0,0.0,False,False,False,671.8134783488321,27.086615288812283
3700.623000000007,27.6,False,True,NORMAL,-65.12218930587021,46.393787893561374,-2.632234176327877,-257.2317845713653,-2.2187801641167013,0.0,198.1647757958884,198.18225708421465,-0.07841822972658559,2.736526195991402,-1.0672015424697896,-13.207378486785437,-3.3959930407281926,0.0,14.490596592969066,2.737649546618526,13.636994361877441,10.899344815258916,141.91768854236207,194.42,52.50231145763797,0.0,False,0.0,0.0,False,False,False,698.426604985596,27.781986238743364
3700.7230000000127,27.7,False,True,NORMAL,-65.12633393687987,46.66464912299852,-2.7385406342331002,-257.2317845713653,-2.2187801641167013,0.0,198.22737909367396,198.24629486361775,-0.00447439046651904,2.6806983927515207,-1.058927615634673,-13.271638199568372,-3.4125160424448757,0.0,14.59948278846986,2.6807021268821782,13.703344345092773,11.022642218210596,141.88139311631875,194.42,52.53860688368127,0.0,False,0.0,0.0,False,False,False,725.9070382553967,28.4953547693239
3700.824000000008,27.8,False,True,NORMAL,-65.12231538806176,46.93194158504515,-2.847689208983821,-257.2317845713653,-2.2187801641167013,0.0,198.29735650873965,198.31780286243884,0.08484536682884147,2.665150848181142,-1.1240438793797356,-13.3004240533995,-3.419917705036717,0.0,14.703519876188178,2.666501036908289,13.73306655883789,11.0665655219296,141.93421576040458,194.42,52.48578423959543,0.0,False,0.0,0.0,False,False,False,754.2663128486874,29.171464980097
3700.923999999999,27.9,False,True,NORMAL,-65.1089701559108,47.197964418153944,-2.9615625841076962,-257.2317845713653,-2.2187801641167013,0.0,198.37638585281402,198.39849121645088,0.1820592761905201,2.655305813994632,-1.1534236230977712,-13.300305828754361,-3.4198873061144375,0.0,14.787905202213597,2.661539882451644,13.73294448852539,11.071404606073747,141.87926369655608,194.42,52.54073630344391,0.0,False,0.0,0.0,False,False,False,783.5211474763488,29.8871972579283
3701.023000000001,28.0,False,True,NORMAL,-65.08692741683724,47.461743676299484,-3.0756376135252257,-257.2317845713653,-2.2187801641167013,0.0,198.4636001386455,198.48743065172138,0.2587955052806118,2.6202793489162364,-1.128076965252819,-13.353048798566741,-3.4334490253162753,0.0,14.897312931571566,2.6330284806492963,13.787403106689453,11.154374626040157,141.61318611937415,194.42,52.80681388062584,0.0,False,0.0,0.0,False,False,False,813.7087687067701,30.653462747085584
3701.1240000000107,28.1,False,True,NORMAL,-65.0565822871174,47.71995102423515,-3.1895587046067515,-257.2317845713653,-2.2187801641167013,0.0,198.5577629952908,198.58337929047386,0.3481070891164644,2.543867609797035,-1.1503448563776955,-13.442642759720785,-3.456486183589193,0.0,15.039582010116142,2.5675749184137975,13.879911422729492,11.312336504315695,141.5197841231423,194.42,52.90021587685766,0.0,False,0.0,0.0,False,False,False,844.8529622974777,31.401013814282756
3701.224000000002,28.2,False,True,NORMAL,-65.02161294387004,47.97299278054331,-3.3062748317338713,-257.2317845713653,-2.2187801641167013,0.0,198.65539043378487,198.68290213720573,0.3512797758306467,2.5169675163660776,-1.1839776861646993,-13.358092742215968,-3.434745966836331,0.0,14.945560820012915,2.5413624218811552,13.792611122131348,11.251248700250192,141.48459012341755,194.42,52.93540987658247,0.0,False,0.0,0.0,False,False,False,876.9655915200035,32.13593163458369
3701.324000000008,28.3,False,True,NORMAL,-64.97833427655357,48.22289757641216,-3.4252257226005054,-257.2317845713653,-2.2187801641167013,0.0,198.76053935210334,198.7900504924474,0.5142935704988965,2.481128401010981,-1.1950401311679872,-13.389934887849929,-3.442933489067407,0.0,15.113638817288061,2.533869771507567,13.825489044189453,11.291619272681887,141.43001587513942,194.42,52.9899841248606,0.0,False,0.0,0.0,False,False,False,910.0744927816746,32.932803058019616
3701.423999999999,28.4,False,True,NORMAL,-64.92130299517599,48.469228447794485,-3.5478177127320594,-257.2317845713653,-2.2187801641167013,0.0,198.8783435698996,198.90998605306322,0.6263320570525992,2.4454890266354488,-1.2567996714630882,-13.531883894199494,-3.4794326200784336,0.0,15.347956718794459,2.5244223943480883,13.972055435180664,11.447633040832576,141.27689898061462,194.42,53.14310101938537,0.0,False,0.0,0.0,False,False,False,944.2011202781417,33.69369435523949
3701.524000000005,28.5,False,True,NORMAL,-64.85229838982558,48.712460135083916,-3.674684220760364,-257.2317845713653,-2.2187801641167013,0.0,199.0071806289616,199.04110441315999,0.7537600499558967,2.4191447191531528,-1.2805304891030047,-13.517001443362654,-3.4756059182449506,0.0,15.44029529109754,2.5338538602524223,13.95668888092041,11.422835020667987,141.15555812825278,194.42,53.26444187174724,0.0,False,0.0,0.0,False,False,False,979.3669949314778,34.50216201761755
3701.625,28.6,False,True,NORMAL,-64.77236632015358,48.952626851472836,-3.8036544639097243,-257.2317845713653,-2.2187801641167013,0.0,199.14602825451973,199.1823495112727,0.8448813434840761,2.384189608625259,-1.2988743738842021,-13.503999503287547,-3.4722627492689724,0.0,15.498013284777324,2.5294632977064766,13.94326400756836,11.413800709861883,141.062257668378,194.42,53.35774233162198,0.0,False,0.0,0.0,False,False,False,1015.6052071768739,35.32175939767884
3701.724000000002,28.7,False,True,NORMAL,-64.6819466598975,49.1878145611181,-3.933269066005369,-257.2317845713653,-2.2187801641167013,0.0,199.29394888198956,199.33275863872115,0.9635118616374561,2.3195645842800916,-1.293417668028688,-13.587249973325882,-3.493668815368343,0.0,15.669025258024629,2.5117195241830945,14.02922248840332,11.517502964220226,141.07718256242146,194.42,53.34281743757856,0.0,False,0.0,0.0,False,False,False,1052.9470334464775,36.18353690337699
3701.823000000004,28.8,False,True,NORMAL,-64.57902361804685,49.420871633797994,-4.063714534331337,-257.2317845713653,-2.2187801641167013,0.0,199.4536034789704,199.49499672062677,1.094948975375646,2.3415768693177976,-1.315491698490661,-13.61937382612209,-3.5019287725314125,0.0,15.832177793752814,2.5849362649009966,14.06239128112793,11.477455016226934,141.23574447473445,194.42,53.18425552526554,0.0,False,0.0,0.0,False,False,False,1091.4202318376929,37.03664764360254
3701.92300000001,28.9,False,True,NORMAL,-64.46031573644673,49.652578088949305,-4.196224978764442,-257.2317845713653,-2.2187801641167013,0.0,199.62834719495604,199.67244503902464,1.2792086566267937,2.2925522337083732,-1.3347171901714454,-13.602137965942962,-3.497496942151308,0.0,15.968066469048207,2.625294370441185,14.044594764709473,11.419300394268287,141.2825422230115,194.42,53.13745777698847,0.0,False,0.0,0.0,False,False,False,1131.0489218205612,37.923810376049076
3702.023000000001,29.0,False,True,NORMAL,-64.32642832269602,49.88077089494599,-4.332250326754159,-257.2317845713653,-2.2187801641167013,0.0,199.81701551665188,199.86397394947284,1.3985396183876107,2.271303886225297,-1.3857897696228887,-13.542486243430305,-3.482158785928775,0.0,16.010514873775364,2.667345948275533,13.983002662658691,11.31565671438316,141.1521234213525,194.42,53.267876578647474,0.0,False,0.0,0.0,False,False,False,1171.8535178107581,38.78079313478181
3702.123000000007,29.1,False,True,NORMAL,-64.18065038328558,50.10691470001998,-4.472660567630761,-257.2317845713653,-2.2187801641167013,0.0,200.0167961805176,200.0667974624274,1.517019169821032,2.2515722152545576,-1.4224150479091615,-13.60141383999149,-3.4973107487523474,0.0,16.174568680680103,2.71494467754148,14.04384708404541,11.32890240650393,141.030521085298,194.42,53.38947891470201,0.0,False,0.0,0.0,False,False,False,1213.8560164541593,39.66521406274783
3702.2230000000127,29.2,False,True,NORMAL,-64.0215356505666,50.33102259959058,-4.620358224372192,-257.2317845713653,-2.2187801641167013,0.0,200.22907395915695,200.2823750824397,1.665275484558581,2.2305857761574828,-1.5315380869194646,-13.754775219117072,-3.5367443257296447,0.0,16.46329433035993,2.783640663639597,14.202197074890137,11.41855641125054,140.95209712799505,194.42,53.46790287200497,0.0,False,0.0,0.0,False,False,False,1257.071732592742,40.50616570046265
3702.324000000008,29.3,False,True,NORMAL,-63.849760978566536,50.55204465397453,-4.777340121132194,-257.2317845713653,-2.2187801641167013,0.0,200.45290469541084,200.5098251444563,1.7702179554426813,2.189855311521499,-1.6080998482805506,-13.696399029689854,-3.5217341453795155,0.0,16.487525438614888,2.81587249270463,14.141921997070312,11.326049504365683,140.8351342891273,194.42,53.58486571087269,0.0,False,0.0,0.0,False,False,False,1301.518046074776,41.38009083275526
3702.423999999999,29.4,False,True,NORMAL,-63.66496805024536,50.76825555951348,-4.939874363742508,-257.2317845713653,-2.2187801641167013,0.0,200.68816211450584,200.74894961525388,1.9256406109806725,2.134362799257563,-1.642585003925727,-13.59000423810559,-3.4943770152608176,0.0,16.505088517863864,2.874647164699104,14.032066345214844,11.15741918051574,140.58692898708438,194.42,53.83307101291564,0.0,False,0.0,0.0,False,False,False,1347.2401771510122,42.32378087929741
3702.524000000005,29.5,False,True,NORMAL,-63.466351078466474,50.977178051751764,-5.103385896571887,-257.2317845713653,-2.2187801641167013,0.0,200.93494765021697,200.99974560880608,2.0466988245971294,2.044087045508178,-1.62764565266185,-13.489453253785321,-3.468522494370721,0.0,16.485171680689017,2.8926230186841875,13.928244590759277,11.03562157207509,140.5428181748879,194.42,53.877181825112075,0.0,False,0.0,0.0,False,False,False,1394.289749751833,43.32287472378887
3702.6240000000107,29.6,False,True,NORMAL,-63.2536841179376,51.17943830284078,-5.269354127489641,-257.2317845713653,-2.2187801641167013,0.0,201.1936211487954,201.2626127324345,2.2066403859803887,2.00111797627223,-1.6917189656932141,-13.571474372240223,-3.489612459176703,0.0,16.706197234509844,2.9788814927753577,14.012933731079102,11.034052238303744,140.59150958879613,194.42,53.82849041120386,0.0,False,0.0,0.0,False,False,False,1442.6904191952744,44.271476303976016
3702.7230000000127,29.7,False,True,NORMAL,-63.02550251570292,51.377563062981885,-5.442046260387689,-257.2317845713653,-2.2187801641167013,0.0,201.46624530476674,201.53973271963187,2.356991658713382,1.9613772265499108,-1.7621236922677324,-13.507127838233515,-3.473067133251471,0.0,16.769122604155164,3.0663349954095165,13.946494102478027,10.880159107068511,140.41002838617342,194.42,54.009971613826565,0.0,False,0.0,0.0,False,False,False,1492.452821391308,45.225924090781724
3702.824000000008,29.8,False,True,NORMAL,-62.780200302012574,51.56920921404275,-5.619819305183024,-257.2317845713653,-2.2187801641167013,0.0,201.75372716806544,201.8319815966466,2.549052615093492,1.8715457946674194,-1.7933372036389796,-13.474172718401178,-3.4645934336661255,0.0,16.88840229127982,3.1623334574412407,13.912467002868652,10.750133545427412,140.16065068128583,194.42,54.25934931871416,0.0,False,0.0,0.0,False,False,False,1543.6169920494733,46.25369540916381
3702.923999999999,29.9,False,True,NORMAL,-62.517465686617676,51.75490256005796,-5.805039593048079,-257.2317845713653,-2.2187801641167013,0.0,202.05648815507277,202.13985972647234,2.7056396928045117,1.8423211256366328,-1.9110685536621033,-13.5007520200664,-3.4714277288726136,0.0,17.055294170427235,3.2733214442285257,13.939910888671875,10.66658944444335,140.13455963992138,194.42,54.28544036007861,0.0,False,0.0,0.0,False,False,False,1596.2020636254738,47.1935866857676
3703.024000000005,30.0,True,False,BLACKOUT,-44.15339233538792,13.292242229901241,-0.05257974675148791,-257.2317845713653,-2.2187801641167013,0.0,213.64220803384512,213.6422145040781,5.949681960612896,-4.917124105601239,-1.3951421864797,-13.499170765437675,-3.4710211432871283,0.0,19.502540504693698,7.718602522628517,13.938278198242188,6.21967567561367,139.52997589299935,194.42,54.89002410700067,10.225038528442383,False,[18.04710149],18.151894787703252,True,False,False,375.353628707872,9.159657708036761
3703.125,30.1,True,False,BLACKOUT,-59.13684714955987,23.77164595202712,4.1934090246492906,-257.2317845713653,-2.2187801641167013,0.0,199.79265872861234,199.83666120383356,3.386454288968512,-2.669886580988576,-0.7176607923995211,-13.460417096213314,-3.461056471560617,0.0,16.865438780672324,4.312350519915571,13.898263931274414,9.585913411358842,140.57138574480635,194.42,53.84861425519364,9.702396392822266,False,0.0,0.0,True,False,False,159.73061252486858,1.226802716145015
3703.2230000000127,30.2,True,False,BLACKOUT,-58.788316438487826,23.499673625502293,4.122426105874019,-257.2317845713653,-2.2187801641167013,0.0,200.10309570302292,200.14555530146438,3.584159932472386,-2.7695599495079875,-0.7019975831059138,-13.4772631845155,-3.465388080493832,0.0,17.075606447935016,4.529532507385188,13.915657997131348,9.38612548974616,140.3926632147864,194.42,54.027336785213606,10.512093544006348,False,0.0,0.0,True,False,False,161.8660942825294,1.2204287833319365
3703.323000000004,30.3,True,False,BLACKOUT,-58.42053009457784,23.217356463068292,4.053617066748874,-257.2317845713653,-2.2187801641167013,0.0,200.4318137251439,200.4728005602621,3.7715669457271925,-2.876783299171979,-0.6741831993969675,-13.520353296778335,-3.476467775189884,0.0,17.302315658429922,4.743479669662005,13.960149765014648,9.216670095352644,140.45521642515138,194.42,53.96478357484858,10.978961944580078,False,0.0,0.0,True,False,False,163.98944606071007,1.215233139593487
3703.423999999999,30.4,True,False,BLACKOUT,-58.03314511496703,22.92351154653608,3.9860978701265743,-257.2317845713653,-2.2187801641167013,0.0,200.77906463011456,200.81862904116727,3.976132646489175,-3.0001150314722107,-0.6762007330490213,-13.567944258226794,-3.4887047663567707,0.0,17.55087901979906,4.980995987204016,14.009288787841797,9.02829280063778,140.4305776254494,194.42,53.9894223745506,10.810571670532227,False,0.0,0.0,True,False,False,166.10065306141792,1.211830016203163
3703.524000000005,30.5,True,False,BLACKOUT,-57.62196850084692,22.61497956868882,3.917440876106898,-257.2317845713653,-2.2187801641167013,0.0,201.148687030696,201.18683017829645,4.2473996359129975,-3.1705245254730077,-0.6969391473445062,-13.519874856417541,-3.476344754551285,0.0,17.769906271512323,5.300248053985748,13.95965576171875,8.659407707733003,140.32462176326678,194.42,54.09537823673321,10.884182929992676,False,0.0,0.0,True,False,False,168.20025217531816,1.2102044332414155
3703.6240000000107,30.6,True,False,BLACKOUT,-57.1876027045847,22.291585453718636,3.8464168830030174,-257.2317845713653,-2.2187801641167013,0.0,201.5401516360191,201.5768529477217,4.43991628933145,-3.2973577739306776,-0.7235407147331097,-13.487365849894594,-3.4679857633992275,0.0,17.928094120965653,5.530409111952914,13.9260892868042,8.395680174851286,140.21082099073334,194.42,54.20917900926662,10.808732032775879,False,0.0,0.0,True,False,False,170.28853682934206,1.209910169271048
3703.724000000002,30.7,True,False,BLACKOUT,-56.72910091627431,21.957222263951095,3.7672223723948086,-257.2317845713653,-2.2187801641167013,0.0,201.95495845929466,201.9900918626914,4.7301194768762365,-3.3899060214201433,-0.8603494974310637,-13.449529345300098,-3.4582569208119605,0.0,18.179777312802955,5.819406593423806,13.887022018432617,8.06761542500881,140.11755955522653,194.42,54.30244044477348,10.986454010009766,False,0.0,0.0,True,False,False,172.36755606048382,1.2117919531033854
3703.823000000004,30.8,True,False,BLACKOUT,-56.24636305370649,21.614564971455863,3.675703467403262,-257.2317845713653,-2.2187801641167013,0.0,202.39359674402328,202.42697152050314,4.9246377744802246,-3.4632398284844528,-0.97002860239987,-13.544463735346254,-3.482667255402212,0.0,18.469111727562627,6.020472350193011,13.985044479370117,7.964572129177106,140.04027136018905,194.42,54.379728639810935,10.896526336669922,False,0.0,0.0,True,False,False,174.4387657065264,1.2145368287584941
3703.92300000001,30.9,True,False,BLACKOUT,-55.7402246485005,21.266202307598498,3.5782388443535376,-257.2317845713653,-2.2187801641167013,0.0,202.8555967230044,202.88715315434203,5.198130329639527,-3.5040134486628323,-0.9792638585946142,-13.538365006191183,-3.481099098497446,0.0,18.736509347716012,6.268865062539497,13.978747367858887,7.70988230531939,140.1935804696537,194.42,54.22641953034628,11.017118453979492,False,0.0,0.0,True,False,False,176.49966598985185,1.2186571985464554
3704.023000000001,31.0,True,False,BLACKOUT,-55.203020427980505,20.91333233337309,3.4755174470515655,-257.2317845713653,-2.2187801641167013,0.0,203.34875502421926,203.37845360663135,5.545954080760327,-3.5533860358452354,-1.0751640874448292,-13.612027272782784,-3.5000397645016523,0.0,19.158055625959847,6.58666524013799,14.054805755615234,7.468140515477244,140.20740377344762,194.42,54.212596226552364,11.301370620727539,False,[17.90288067],31.549477475514568,True,False,False,178.5498121102911,1.2248979326978398
3704.123000000007,31.1,True,False,BLACKOUT,-54.63759369305588,20.55298810865535,3.367423822988948,-257.2317845713653,-2.2187801641167013,0.0,203.86995759038584,203.89776642010904,5.762580617732193,-3.6534984585096075,-1.08670839380751,-13.651493060768095,-3.5101875422365807,0.0,19.414602617951278,6.823150765020133,14.095555305480957,7.272404540460824,140.00291644970306,194.42,54.41708355029692,11.545636177062988,False,0.0,0.0,True,False,False,180.58938840959456,1.2323939791724947
3704.2230000000127,31.2,True,False,BLACKOUT,-54.047070269841704,20.180471197237694,3.258756997835322,-257.2317845713653,-2.2187801641167013,0.0,204.4156417384465,204.4416153441169,6.047887846551354,-3.796839769843483,-1.086628109265015,-13.606501194252603,-3.4986188523766772,0.0,19.65665140055369,7.140934087521651,14.049099922180176,6.908165834658525,139.79976494618174,194.42,54.62023505381825,12.191267013549805,False,0.0,0.0,True,False,False,182.61668162363847,1.2421245976026796
3704.324000000008,31.3,True,False,BLACKOUT,-53.428534683484,19.793124280799876,3.1465946547250527,-257.2317845713653,-2.2187801641167013,0.0,204.9885084636559,205.01265731675076,6.32282388060271,-3.950098558912834,-1.1566187529403689,-13.73301911352148,-3.5311502115555187,0.0,20.060218242150654,7.455292110323053,14.179733276367188,6.7244411660441346,139.7073637885469,194.42,54.712636211453116,11.856693267822266,False,0.0,0.0,True,False,False,184.63284517124828,1.2533763635034127
3704.42300000001,31.4,True,False,BLACKOUT,-52.78391131248409,19.38985755483275,3.029219893841145,-257.2317845713653,-2.2187801641167013,0.0,205.5866389241975,205.6089547595474,6.569643539395489,-4.1152359604296,-1.190876464737779,-13.738698514638326,-3.532610547282825,0.0,20.316697796533834,7.752121209368041,14.18559741973877,6.433476210370729,139.51252996767175,194.42,54.90747003232826,11.808510780334473,False,0.0,0.0,True,False,False,186.63875639240473,1.2665450400826137
3704.523000000001,31.5,True,False,BLACKOUT,-52.1161509096959,18.97162524230681,2.913344347970354,-257.2317845713653,-2.2187801641167013,0.0,206.20731425853145,206.22789343104537,6.785564516368475,-4.249410290089173,-1.1266344526780394,-13.745289538604794,-3.5343052871998943,0.0,20.54330410113645,8.006333344254077,14.192402839660645,6.186069495406567,139.6154447094547,194.42,54.804555290545295,11.936380386352539,False,0.0,0.0,True,False,False,188.63210286305844,1.282247868827401
3704.623000000007,31.6,True,False,BLACKOUT,-51.425508730539434,18.541332979135593,2.797248433486041,-257.2317845713653,-2.2187801641167013,0.0,206.85068400464803,206.86959678016822,7.027279066760678,-4.356434973335201,-1.1952838370082133,-13.730858742857585,-3.5305947187491813,0.0,20.77455889902835,8.268081806503302,14.177502632141113,5.909420825637811,139.79437188818864,194.42,54.62562811181135,12.222887992858887,False,0.0,0.0,True,False,False,190.61382742730962,1.2988969396815415
3704.7230000000127,31.7,True,False,BLACKOUT,-50.70911873414896,18.09982465660546,2.6700865173467223,-257.2317845713653,-2.2187801641167013,0.0,207.51977545856013,207.5369522961666,7.300520861048801,-4.473731477267479,-1.3479544857781605,-13.849795506756962,-3.561176747036865,0.0,21.16999382602505,8.56223558267948,14.300308227539062,5.738072644859583,139.78948478664233,194.42,54.630515213357626,12.221900939941406,False,0.0,0.0,True,False,False,192.58842144413444,1.3166424724660448
3704.823000000004,31.8,True,False,BLACKOUT,-49.9664964424152,17.640739163061394,2.5283455743808494,-257.2317845713653,-2.2187801641167013,0.0,208.21455321634764,208.2299034779269,7.551924973626417,-4.70797839361389,-1.486864373539298,-13.821953602826863,-3.5540178008400973,0.0,21.405006667848607,8.899248921230239,14.271560668945312,5.372311747715074,139.31295939605778,194.42,55.10704060394221,12.106355667114258,False,0.0,0.0,True,False,False,194.55767576366424,1.3364768657655544
3704.923999999999,31.9,True,False,BLACKOUT,-49.19682893412747,17.158084579507108,2.379877918253958,-257.2317845713653,-2.2187801641167013,0.0,208.9354102450808,208.94896380022087,7.841425192128187,-4.945113277471828,-1.4824887489985394,-13.828943634970672,-3.555815137119859,0.0,21.714857458092684,9.270495907489023,14.278778076171875,5.008282168682852,139.09303828331971,194.42,55.32696171668027,12.04828929901123,False,0.0,0.0,True,False,False,196.51898890069234,1.3608104621151
3705.023000000001,32.0,True,False,BLACKOUT,-48.40045297102851,16.653239506994552,2.2280909788011414,-257.2317845713653,-2.2187801641167013,0.0,209.68232682903118,209.69416437718638,8.086094069850965,-5.151788172779289,-1.5532500400577887,-14.078349607450663,-3.6199445135669364,0.0,22.217315511117565,9.587796341374148,14.536296844482422,4.948500503108274,138.95918982715466,194.42,55.460810172845356,11.874415397644043,False,[21.36186159],45.03820181322627,True,False,False,198.47154358187714,1.3856578915149562
3705.1240000000107,32.1,True,False,BLACKOUT,-47.57870102048388,16.131649027035593,2.0724419589174423,-257.2317845713653,-2.2187801641167013,0.0,210.45463571490262,210.46483960406653,8.34894494104164,-5.280021426399906,-1.559730357616195,-14.121439719713498,-3.6310242082629887,0.0,22.530809542218474,9.878436510490255,14.580788612365723,4.7023521018754675,139.14476079872972,194.42,55.27523920127027,11.819278717041016,False,0.0,0.0,True,False,False,200.4161696432982,1.413897946863299
3705.224000000002,32.2,True,False,BLACKOUT,-46.73207089669684,15.594942132268313,1.9189069359530395,-257.2317845713653,-2.2187801641167013,0.0,211.25211989272475,211.2608349008377,8.583657534699123,-5.454116468945664,-1.5109701016718593,-13.972022240859332,-3.592604720333601,0.0,22.632364351250562,10.169885108978436,14.42651081085205,4.256625701873615,139.3933885247671,194.42,55.026611475232926,12.38122844696045,False,0.0,0.0,True,False,False,202.35126140688223,1.4457948745897817
3705.324000000008,32.3,True,False,BLACKOUT,-45.857856894191,15.04343100847869,1.771653543328467,-257.2317845713653,-2.2187801641167013,0.0,212.07763021177553,212.08503010000538,8.900622515417679,-5.576106006846832,-1.4340977508195876,-14.000722197096724,-3.5999842962084734,0.0,22.98644484596667,10.50304905070682,14.456144332885742,3.9530952821789214,139.7382438105102,194.42,54.68175618948982,12.227898597717285,False,0.0,0.0,True,False,False,204.27594855366794,1.4819222259157527
3705.423999999999,32.4,True,False,BLACKOUT,-44.95185185786563,14.476584431630858,1.6237150116872372,-257.2317845713653,-2.2187801641167013,0.0,212.9354480396181,212.94163867659157,9.2194782110898,-5.7608255301098135,-1.5246728820050113,-14.12485160908179,-3.6319015021606416,0.0,23.441204155711198,10.87133337144642,14.584311485290527,3.712978113844107,139.68077702541953,194.42,54.73922297458046,12.45539379119873,False,0.0,0.0,True,False,False,206.1937622994774,1.5166227475625997
3705.524000000005,32.5,True,False,BLACKOUT,-44.0159781277052,13.893384043694068,1.4648241018775217,-257.2317845713653,-2.2187801641167013,0.0,213.82371700276792,213.82873441735848,9.49799639211866,-5.903182228625997,-1.6531453141892998,-14.07891209814511,-3.6200891459393434,0.0,23.68719333273749,11.183000308015059,14.536877632141113,3.3538773241260547,139.25930430190758,194.42,55.16069569809241,12.534173965454102,False,0.0,0.0,True,False,False,208.10966029335535,1.5519726115882713
3705.6240000000107,32.6,True,False,BLACKOUT,-43.05391761616511,13.292881662732599,1.295893615538273,-257.2317845713653,-2.2187801641167013,0.0,214.73884219234765,214.74275234888086,9.743213838683179,-6.106865390603389,-1.7254644125956746,-14.066891976802676,-3.616998430513231,0.0,23.939936850868715,11.49887041431709,14.524466514587402,3.025596100270313,138.93901084802852,194.42,55.48098915197153,12.425189971923828,False,0.0,0.0,True,False,False,210.02432279732528,1.5912189155274616
3705.724000000002,32.7,True,False,BLACKOUT,-42.061157022646874,12.675495049598153,1.125682825472246,-257.2317845713653,-2.2187801641167013,0.0,215.6855080756498,215.6884455775848,10.111998031681516,-6.240866872085518,-1.6787513887248653,-14.057314856916424,-3.61453588031703,0.0,24.31158777178632,11.88279948109137,14.514577865600586,2.631778384509216,139.0251495407883,194.42,55.39485045921168,12.737695693969727,False,0.0,0.0,True,False,False,211.935370743392,1.6385374051927384
3705.824000000008,32.8,True,False,BLACKOUT,-41.034271837250344,12.047000926325738,0.9544690081725022,-257.2317845713653,-2.2187801641167013,0.0,216.66766492150654,216.66976723490012,10.425705676249073,-6.329015593362786,-1.7455249572700104,-13.873699052195887,-3.567323029135204,0.0,24.455838075520603,12.196383776710269,14.324989318847656,2.1286055421373877,139.19796257655312,194.42,55.222037423446864,12.783348083496094,False,0.0,0.0,True,False,False,213.84379392700143,1.683715283802637
3705.92300000001,32.9,True,False,BLACKOUT,-39.97687727474025,11.409126014208383,0.778224273323398,-257.2317845713653,-2.2187801641167013,0.0,217.6819114471168,217.6833025390096,10.722185573952936,-6.428482648984309,-1.7793697397120734,-14.09989327813702,-3.6254840046775922,0.0,24.979839870170444,12.501626000267995,14.558541297912598,2.0569152976446023,139.36036077485412,194.42,55.05963922514587,13.324490547180176,False,0.0,0.0,True,False,False,215.75238470693543,1.732758156077183
3706.023000000001,33.0,True,False,BLACKOUT,-38.88750712230638,10.758492710465573,0.6003419907746443,-257.2317845713653,-2.2187801641167013,0.0,218.7295890043526,218.7304128751164,11.065217474724376,-6.584183425871877,-1.7782759112630009,-14.315332755890719,-3.680879628258888,0.0,25.546066291114368,12.875966338433463,14.780988693237305,1.905022354803842,139.19570141592268,194.42,55.22429858407736,13.418554306030273,False,[25.93053333],66.08279444974195,True,False,False,217.66126525878218,1.7873947064784765
3706.123000000007,33.1,True,False,BLACKOUT,-37.770599459503515,10.09275791369339,0.4172081162407946,-257.2317845713653,-2.2187801641167013,0.0,219.8062459088555,219.8066418540543,11.272935781333008,-6.730512509571786,-1.8844015794139934,-13.812151117210814,-3.5514973026983014,0.0,25.285721709949822,13.129313758592271,14.261439323425293,1.1321255648330215,139.20876482109165,194.42,55.21123517890834,13.734745979309082,False,0.0,0.0,True,False,False,219.5732646393066,1.8377872922578251
3706.2230000000127,33.2,True,False,BLACKOUT,-36.62939749362707,9.411273373314451,0.22493279866532148,-257.2317845713653,-2.2187801641167013,0.0,220.90873982185443,220.9088543369045,11.551103536195955,-6.899178298006994,-1.9611047720954693,-13.966386250354372,-3.591155546710569,0.0,25.731018237329728,13.454614602121065,14.42069149017334,0.9660768880522745,139.1717014294972,194.42,55.248298570502755,14.07689380645752,False,0.0,0.0,True,False,False,221.49124763519234,1.893577459924543
3706.324000000008,33.3,True,False,BLACKOUT,-35.46231554485205,8.712322713089888,0.020267804434032262,-257.2317845713653,-2.2187801641167013,0.0,222.03870473954242,222.0387056645701,11.79053543930433,-7.079834906484276,-2.1321951125303147,-13.999947271493044,-3.599785040772596,0.0,26.02421459955666,13.752846550753214,14.455344200134277,0.7024976493810637,139.1510153463725,194.42,55.26898465362751,14.431417465209961,False,0.0,0.0,True,False,False,223.41786418909967,1.9465619000810328
3706.423999999999,33.4,True,False,BLACKOUT,-34.269219609464486,7.992446711573358,-0.1960910856227301,-257.2317845713653,-2.2187801641167013,0.0,223.19626907432092,223.196355213096,12.071383268446896,-7.31768512384633,-2.194982688604932,-13.969988407510934,-3.5920817638737654,0.0,26.30652312946767,14.116189627002804,14.424410820007324,0.30822119300452044,139.07679825871543,194.42,55.34320174128453,14.665576934814453,False,0.0,0.0,True,False,False,225.3544406364887,2.0091267386059837
3706.524000000005,33.5,True,False,BLACKOUT,-33.048598303230584,7.249730559613609,-0.4179704828561791,-257.2317845713653,-2.2187801641167013,0.0,224.38305127762789,224.38344056543727,12.341042856231141,-7.536637915348639,-2.2426052560640475,-14.031434743191591,-3.607881366236834,0.0,26.663508823000818,14.460368247261354,14.487855911254883,0.02748766399352931,139.05006301304715,194.42,55.36993698695284,14.690016746520996,False,0.0,0.0,True,False,False,227.30053424179457,2.075308736902509
3706.623000000007,33.6,True,False,BLACKOUT,-31.799033647723853,6.486592296995804,-0.6452671859689839,-257.2317845713653,-2.2187801641167013,0.0,225.60077282378106,225.60169562401023,12.65025025390349,-7.726127337007478,-2.3033288061920487,-13.864121008679595,-3.564860241447423,0.0,26.83892746163085,14.823018421159691,14.315099716186523,0.5079187049731679,138.7985982760597,194.42,55.62140172394027,15.234067916870117,False,0.0,0.0,True,False,False,229.25797524833166,2.1446446106320933
3706.7230000000127,33.7,True,False,BLACKOUT,-30.52224530925829,5.7030233401397545,-0.8837918618262083,-257.2317845713653,-2.2187801641167013,0.0,226.8479009450978,226.84962255038454,12.885516515407664,-7.945251800113507,-2.467164710952438,-13.804604136152799,-3.5495567589956147,0.0,27.049670520902147,15.138149227565785,14.253646850585938,0.8845023769798477,138.53215390084864,194.42,55.887846099151375,15.521552085876465,False,0.0,0.0,True,False,False,231.23063462381597,2.2092158555590444
3706.824000000008,33.8,True,False,BLACKOUT,-29.21446973093058,4.899413307658294,-1.1298664707496862,-257.2317845713653,-2.2187801641167013,0.0,228.12839486864314,228.13119283338983,13.269995051146509,-8.12694884951569,-2.4543274675171194,-13.57734958292558,-3.491123143119035,0.0,27.244647068382577,15.560850434988996,14.019000053405762,1.5418503815832345,138.54284009838207,194.42,55.877159901617915,15.666818618774414,False,0.0,0.0,True,False,False,233.21923472037557,2.291312337206136
3706.92300000001,33.9,True,False,BLACKOUT,-27.871656610362507,4.077464048785419,-1.3811309023015295,-257.2317845713653,-2.2187801641167013,0.0,229.44653187502334,229.45068862839656,13.586267360215,-8.312036327941803,-2.5709611635197493,-13.591247444139626,-3.4946966789279106,0.0,27.601160704486254,15.927228531677057,14.033349990844727,1.8938785408323309,138.6593529883655,194.42,55.76064701163449,15.478139877319336,False,0.0,0.0,True,False,False,235.22516194840458,2.3665556174807945
3707.024000000005,34.0,True,False,BLACKOUT,-26.497476717809135,3.236348919284751,-1.6457856542198988,-257.2317845713653,-2.2187801641167013,0.0,230.79878520905652,230.80465303887578,13.897330490852417,-8.510266262071564,-2.722133874847636,-13.679623137270719,-3.517420585806404,0.0,28.025289995906437,16.296024871830852,14.124600410461426,2.1714244613694262,138.58208869860408,194.42,55.83791130139588,15.658222198486328,False,[31.58754236],96.95995223776612,True,False,False,237.2532515570661,2.4425049006631845
3707.123000000007,34.1,True,False,BLACKOUT,-25.091038805996043,2.379603160550741,-1.91876623716375,-257.2317845713653,-2.2187801641167013,0.0,232.18628506805132,232.1942131870975,14.231427745409448,-8.624648912608638,-2.7374777840293887,-13.603692435300525,-3.497896640480964,0.0,28.303312603551085,16.640856484525404,14.046199798583984,2.5946566859414197,138.63521664517194,194.42,55.78478335482805,15.470986366271973,False,0.0,0.0,True,False,False,239.304129090061,2.5317325503928103
3707.2230000000127,34.2,True,False,BLACKOUT,-23.652291366924143,1.5074814886037602,-2.1978049366718837,-257.2317845713653,-2.2187801641167013,0.0,233.60921358445628,233.61955187459756,14.543521036028556,-8.817784526330978,-2.843296206133283,-13.594836670475624,-3.495619571208983,0.0,28.637259195473156,17.007860773130968,14.037055969238281,2.970804803892687,138.62646808735516,194.42,55.79353191264482,15.536016464233398,False,0.0,0.0,True,False,False,241.37953287166513,2.6177155975375928
3707.323000000004,34.3,True,False,BLACKOUT,-22.181854681956814,0.613838452967359,-2.4851264577877044,-257.2317845713653,-2.2187801641167013,0.0,235.06699740551778,235.08013340722115,14.865212663318005,-9.055076186397045,-2.9031342161831266,-13.643454708528722,-3.5081206530131706,0.0,29.043292358269856,17.40600333985734,14.087255477905273,3.3187478619520654,138.50975264315156,194.42,55.91024735684846,15.456538200378418,False,0.0,0.0,True,False,False,243.48275722707638,2.7117786020698995
3707.42300000001,34.4,True,False,BLACKOUT,-20.678571730958986,-0.3053266571157815,-2.7750173241994496,-257.2317845713653,-2.2187801641167013,0.0,236.56095157367378,236.57722741335786,15.200446356638608,-9.328226015265763,-2.8946831120517826,-13.423603050073257,-3.4515905321527494,0.0,29.22107200359468,17.834499433203302,13.860252380371094,3.974247052832208,138.45432260916573,194.42,55.96567739083423,15.777863502502441,False,0.0,0.0,True,False,False,245.6149053215149,2.8164600605493217
3707.523000000001,34.5,True,False,BLACKOUT,-19.137835538222518,-1.2455413770296204,-3.0692725813761617,-257.2317845713653,-2.2187801641167013,0.0,238.09593814245022,238.11572017427216,15.614277498090697,-9.476068383011011,-2.9904220314824532,-13.513092641032765,-3.4746008538770923,0.0,29.739221639524295,18.264762078573114,13.952652931213379,4.312109147359735,138.75268649219157,194.42,55.66731350780839,15.31210994720459,False,0.0,0.0,True,False,False,247.77936313102475,2.9168601884509116
3707.6240000000107,34.6,True,False,BLACKOUT,-17.556068236347734,-2.200849683904799,-3.3747606478621415,-257.2317845713653,-2.2187801641167013,0.0,239.67571700571992,239.69947503412746,16.021068539404983,-9.63009775449256,-3.119339298237141,-13.554751126733377,-3.4853124366236687,0.0,30.20740795776151,18.69260334745791,13.99566650390625,4.696936843551661,138.84009760660777,194.42,55.579902393392274,15.33382797241211,False,0.0,0.0,True,False,False,249.9809445881639,3.017887946676306
3707.7230000000127,34.7,True,False,BLACKOUT,-15.930433843654399,-3.172063088080665,-3.6942525103396355,-257.2317845713653,-2.2187801641167013,0.0,241.30323373579327,241.33151081647222,16.491619314461726,-9.794170329024768,-3.2704979513127377,-13.420073859689866,-3.4506830768243972,0.0,30.576939334462757,19.180700718354274,13.856608390808105,5.324092327546168,138.74174045107435,194.42,55.67825954892561,15.295397758483887,False,0.0,0.0,True,False,False,252.223490329763,3.122782773070701
3707.824000000008,34.8,True,False,BLACKOUT,-14.26088701710076,-4.158553913823994,-4.028297221053881,-257.2317845713653,-2.2187801641167013,0.0,242.97864058498018,243.01203048208563,16.899317216611035,-9.935646185841804,-3.410396262972179,-13.45808493036195,-3.460456805320342,0.0,31.040295466162334,19.603672806846145,13.895855903625488,5.707816903220657,138.4552046193455,194.42,55.96479538065449,15.523012161254883,False,0.0,0.0,True,False,False,254.51020828648134,3.230180224480486
3707.92300000001,34.9,True,False,BLACKOUT,-12.55167508653263,-5.157742668396371,-4.377517123861184,-257.2317845713653,-2.2187801641167013,0.0,244.69775944644707,244.7369120796472,17.284921394751567,-10.048128905605745,-3.574001793173875,-13.663255489329329,-3.5132119975117875,0.0,31.63059897384258,19.993333942252107,14.10770034790039,5.885633594351717,138.46385933534094,194.42,55.956140664659074,14.927634239196777,False,0.0,0.0,True,False,False,256.8441533644505,3.3374710143810096
3708.023000000001,35.0,True,False,BLACKOUT,-10.801197252207974,-6.17089420002421,-4.739803224872333,-257.2317845713653,-2.2187801641167013,0.0,246.4622761637522,246.50784836679776,17.724635291741514,-10.214901726951036,-3.671720227049116,-13.453287595933444,-3.4592232740522286,0.0,31.90144302298514,20.45744151932289,13.890902519226074,6.566539000096817,138.26202936638583,194.42,56.157970633614184,15.318928718566895,False,[34.99738151],117.00936106064313,True,False,False,259.2280701807811,3.458568055406656
3708.1240000000107,35.1,True,False,BLACKOUT,-9.008373947862594,-7.1983488667653965,-5.112453045807934,-257.2317845713653,-2.2187801641167013,0.0,248.27335275060923,248.32598507239237,18.13183079516605,-10.334191607872683,-3.781276191662881,-13.468823976838705,-3.463218119924569,0.0,32.33901140559978,20.87004561980539,13.906944274902344,6.963101344903045,138.18293738370986,194.42,56.23706261629013,15.365335464477539,False,0.0,0.0,True,False,False,261.6647954049345,3.580509926216564
3708.224000000002,35.2,True,False,BLACKOUT,-7.174780650681931,-8.240462732271624,-5.49529034049821,-257.2317845713653,-2.2187801641167013,0.0,250.12949820191199,250.18985608266908,18.540035148447217,-10.508085702251874,-3.8754697021426403,-13.468823976838705,-3.463218119924569,0.0,32.77494808165112,21.310860340012752,13.906944274902344,7.403916065110408,138.13117644955443,194.42,56.28882355044561,15.19160270690918,False,0.0,0.0,True,False,False,264.1578127857229,3.7092518133800536
3708.324000000008,35.3,True,False,BLACKOUT,-5.299409058562641,-9.300554508139253,-5.888554608298083,-257.2317845713653,-2.2187801641167013,0.0,252.03188956833117,252.1006712302813,18.96739669393858,-10.693749815100702,-3.9898156538548313,-13.475345728552162,-3.464895047973115,0.0,33.23834949476739,21.77426054894169,13.913678169250488,7.860582379691202,138.09595510916265,194.42,56.32404489083734,14.895495414733887,False,0.0,0.0,True,False,False,266.71102670437136,3.8409450213720016
3708.423999999999,35.4,True,False,BLACKOUT,-3.380289462838532,-10.379990126817994,-6.293996919509756,-257.2317845713653,-2.2187801641167013,0.0,253.98265081869212,254.06062527300938,19.4149952205436,-10.894962558474107,-4.119030570378628,-13.46487453478705,-3.4622026059271773,0.0,33.709520252292116,22.263024245692304,13.90286636352539,8.360157882166913,137.9398522590589,194.42,56.480147740941106,14.637664794921875,False,0.0,0.0,True,False,False,269.3288082719075,3.976372090713806
3708.523000000001,35.5,True,False,BLACKOUT,-1.418321951353386,-11.478295198813512,-6.711579580115656,-257.2317845713653,-2.2187801641167013,0.0,255.98098811497312,256.06895863571253,19.824355009159316,-11.071138881436255,-4.232622641739365,-13.351846232254474,-3.433139811278716,0.0,34.04407964105526,22.706280357232217,13.786161422729492,8.920118934502725,137.83928016252705,194.42,56.580719837473,14.11033821105957,False,0.0,0.0,True,False,False,272.0150757725969,4.115965011232459
3708.625,35.6,True,False,BLACKOUT,0.5863270282932221,-12.593078254657726,-7.143597197491804,-257.2317845713653,-2.2187801641167013,0.0,258.0267519651507,258.12562001979853,20.268624583772848,-11.22452223544799,-4.407729705783593,-13.32879612097264,-3.4272129714005803,0.0,34.49035676491127,23.169096700820848,13.762361526489258,9.40673517433159,137.88896082455864,194.42,56.53103917544138,13.832972526550293,False,0.0,0.0,True,False,False,274.7741705297406,4.253094797965403
3708.725000000006,35.7,True,False,BLACKOUT,2.635941542011328,-13.72456580657137,-7.592238490087,-257.2317845713653,-2.2187801641167013,0.0,260.1223138805801,260.2330883340499,20.723665690589264,-11.405228802824878,-4.56509614612034,-13.386905381318257,-3.4421545166840004,0.0,35.02772631699426,23.65480001395262,13.82236099243164,9.83243902152098,137.98533877024605,194.42,56.43466122975394,13.212692260742188,False,0.0,0.0,True,False,False,277.61068365631644,4.397832641713972
3708.824000000008,35.8,True,False,BLACKOUT,4.732947895062785,-14.878073574645075,-8.056046911199568,-257.2317845713653,-2.2187801641167013,0.0,262.2704305976202,262.3941284741268,21.21646137043989,-11.664926558649226,-4.711072276131004,-13.333331144469748,-3.4283790550598865,0.0,35.518007793261575,24.211748072001082,13.767044067382812,10.44470400461827,137.82545053676947,194.42,56.59454946323052,12.193785667419434,False,0.0,0.0,True,False,False,280.5290559038314,4.552259462936747
3708.92300000001,35.9,True,False,BLACKOUT,6.876559463572346,-16.053204763559666,-8.535371098562056,-257.2317845713653,-2.2187801641167013,0.0,264.47043065884446,264.6081277146733,21.65576999975132,-11.837697219642587,-4.875411471118771,-13.336194397594195,-3.4291152789588373,0.0,35.988078896188505,24.6800212671315,13.770000457763672,10.910020809367829,137.76663991340504,194.42,56.653360086594944,11.599279403686523,False,0.0,0.0,True,False,False,283.53376254300696,4.70406745666812
3709.024000000005,36.0,True,False,BLACKOUT,9.06570814562395,-17.247926121270517,-9.029282041849369,-257.2317845713653,-2.2187801641167013,0.0,266.72125872445264,266.87404855052444,22.12720364128074,-12.05672993457447,-5.002807394627499,-13.30158597999,-3.4202164694447426,0.0,36.46626521679494,25.19876738449664,13.73426628112793,11.464501103368711,137.81546948226145,194.42,56.60453051773851,11.625714302062988,False,[35.34247153],116.97305950527874,True,False,False,286.62909185468806,4.868666148466135
3709.1240000000107,36.1,True,False,BLACKOUT,11.300313841474884,-18.46377367195755,-9.538223753740686,-257.2317845713653,-2.2187801641167013,0.0,269.0230244645857,269.19206044096006,22.564910275737937,-12.260221079166215,-5.176026843198826,-13.223568797759121,-3.40015603063939,0.0,36.8689027102552,25.680502266547187,13.653711318969727,12.02679094757746,137.94816008870347,194.42,56.47183991129651,10.907215118408203,False,0.0,0.0,True,False,False,289.81985911729106,5.0287756834253345
3709.224000000002,36.2,True,False,BLACKOUT,13.583566039994126,-19.703649638602833,-10.059703670710133,-257.2317845713653,-2.2187801641167013,0.0,271.37920846537486,271.56559506910276,23.100133694646903,-12.53729825373948,-5.25357149619013,-13.303339953436234,-3.420667465955745,0.0,37.52766780080331,26.283074862233683,13.736077308654785,12.546997553578898,137.97020608053805,194.42,56.44979391946197,12.12399959564209,False,0.0,0.0,True,False,False,293.11122717104047,5.216500736283138
3709.324000000008,36.3,True,False,BLACKOUT,15.917093707159925,-20.967092895296897,-10.593434715678265,-257.2317845713653,-2.2187801641167013,0.0,273.79154284799,273.9964047102773,23.57041964866909,-12.73156688014175,-5.421049403172485,-13.214938398664016,-3.3979369093130036,0.0,37.95101072570857,26.789129840998722,13.644800186157227,13.144329654841496,138.08931749794752,194.42,56.33068250205247,11.982293128967285,False,0.0,0.0,True,False,False,296.50857405920226,5.38932184108381
3709.423999999999,36.4,True,False,BLACKOUT,18.299424161499864,-22.25102079199471,-11.143896970837398,-257.2317845713653,-2.2187801641167013,0.0,276.25846168102606,276.4831352724133,24.07618943812974,-12.946991053814465,-5.588195700010184,-13.13694153629402,-3.3778816953224178,0.0,38.423755293234905,27.336559315470954,13.564266204833984,13.77229311063697,138.02739934373236,194.42,56.39260065626763,12.476911544799805,False,0.0,0.0,True,False,False,300.01722866019793,5.570006427084039
3709.524000000005,36.5,True,False,BLACKOUT,20.73167827481399,-23.555320545048172,-11.711714928493324,-257.2317845713653,-2.2187801641167013,0.0,278.7811590349434,279.0270576475205,24.568892828152826,-13.139004007254794,-5.768163453108338,-13.149349582253313,-3.381072157212259,0.0,38.96001853849963,27.861513259403498,13.577077865600586,14.284435393802912,137.82995310366576,194.42,56.59004689633423,12.199418067932129,False,0.0,0.0,True,False,False,303.6427333382622,5.752250468145298
3709.623000000007,36.6,True,False,BLACKOUT,23.2140472109446,-24.882612156241578,-12.29296342759794,-371.73231309737224,-21.128264707960682,0.0,394.9642042584989,395.1554625655345,25.07848589445937,-13.40682821661333,-5.856806528983987,-13.559951249621646,1.071954072717727,0.0,41.26213714192402,28.437185120689723,13.602255821228027,14.834929299461695,137.53304892901716,175.48000000000002,37.94695107098289,12.338737487792969,False,0.0,0.0,True,False,False,307.3907849247259,5.958834890771858
3709.724000000002,36.7,True,False,BLACKOUT,25.747315890318312,-26.236518004698635,-12.886220218008757,-371.73231309737224,-21.128264707960682,0.0,397.51245227280083,397.7212646860144,25.586887693014837,-13.671288752527818,-6.0083292792323775,-13.495274565320415,1.0668411903872308,0.0,41.76874287072923,29.01022161187239,13.53737735748291,15.472844254389479,137.6134506766617,175.48000000000002,37.86654932333835,11.340855598449707,False,0.0,0.0,True,False,False,311.26755104721894,6.159788258267542
3709.823000000004,36.8,True,False,BLACKOUT,28.328519558953776,-27.615345003826548,-13.495181506708267,-371.73231309737224,-21.128264707960682,0.0,400.11342396430274,400.34094464635626,26.037185679694456,-13.905251230030453,-6.170896494757821,-13.534281175348273,1.0699247777624759,0.0,42.31024563299204,29.517639639529943,13.576505661010742,15.9411339785192,137.87835225474896,175.48000000000002,37.60164774525106,11.430209159851074,False,0.0,0.0,True,False,False,315.27842700527515,6.358869116732031
3709.92300000001,36.9,True,False,BLACKOUT,30.95738554328647,-29.01825303916783,-14.12174888537662,-371.73231309737224,-21.128264707960682,0.0,402.76698636701985,403.0144775299676,26.540134006959427,-14.152909476795273,-6.3604510786092625,-13.521274535367013,1.0688965645747128,0.0,42.855802799110805,30.077958038499318,13.563458442687988,16.51449959581133,137.8174062442459,175.48000000000002,37.66259375575413,11.010297775268555,False,0.0,0.0,True,False,False,319.429290013161,6.562756359148341
3710.023000000001,37.0,True,False,BLACKOUT,33.63643758692756,-30.444721691460874,-14.768605299627485,-371.73231309737224,-21.128264707960682,0.0,405.47579508778995,405.7446636797231,27.040906865862404,-14.376463569065589,-6.57667720640801,-13.444405968080645,1.0628198779959983,0.0,43.32934373632889,30.625044471492846,13.486350059509277,17.13869441198357,137.49863295932983,175.48000000000002,37.98136704067019,10.932363510131836,False,[39.16198555],140.2401442028653,True,False,False,323.72653117049356,6.76582814865829
3710.1240000000107,37.1,True,False,BLACKOUT,36.36531601164037,-31.89578548466338,-15.435957904695309,-371.73231309737224,-21.128264707960682,0.0,408.2396531304546,408.53137356206736,27.536661628393663,-14.644812294984568,-6.77037489494849,-13.454978794864623,1.0636556910843042,0.0,43.898411714537616,31.188752151889293,13.496955871582031,17.691796280307262,137.15986719838807,175.48000000000002,38.320132801611976,10.411491394042969,False,0.0,0.0,True,False,False,328.1763578110441,6.979396217101153
3710.224000000002,37.2,True,False,BLACKOUT,39.14053984340174,-33.373666181651835,-16.123747256328365,-371.73231309737224,-21.128264707960682,0.0,411.0552896399009,411.3713971176517,27.96781500683382,-14.912801644784452,-6.985412137712632,-13.409431311869067,1.0600550284417678,0.0,44.35322607457138,31.695272978050923,13.451266288757324,18.2440066892936,136.62732599194538,175.48000000000002,38.852674008054635,10.244734764099121,False,0.0,0.0,True,False,False,332.78467231919274,7.188407369737346
3710.324000000008,37.3,True,False,BLACKOUT,41.959208017917234,-34.8786827050303,-16.828525881716946,-371.73231309737224,-21.128264707960682,0.0,413.9199785438921,414.2619315374365,28.40554848347613,-15.187528822784786,-7.1101603700589475,-13.37325591109961,1.0571952564947193,0.0,44.825880438114595,32.210808999310025,13.41497802734375,18.795830971966275,136.4379323917294,175.48000000000002,39.0420676082706,10.516063690185547,False,0.0,0.0,True,False,False,337.55779634551243,7.422267986701208
3710.423999999999,37.4,True,False,BLACKOUT,44.824458683878994,-36.41007736600888,-17.549826301773884,-371.73231309737224,-21.128264707960682,0.0,416.83699201838255,417.2062731049901,28.89946483575908,-15.440364396786732,-7.315848031079827,-13.471293899660939,1.0649454481572669,0.0,45.472040298328125,32.76559049519533,13.513321876525879,19.252268618669454,136.6271809101714,175.48000000000002,38.852819089828586,10.44629955291748,False,0.0,0.0,True,False,False,342.5029316875421,7.6490162710477465
3710.523000000001,37.5,True,False,BLACKOUT,47.740969870412954,-37.96873029908455,-18.291306184819526,-371.73231309737224,-21.128264707960682,0.0,419.81119137666803,420.2094814340155,29.430758894920242,-15.732694264726694,-7.513749629833016,-13.392324267075352,1.0587026661801928,0.0,45.99747234784168,33.37195286401877,13.43410587310791,19.937846990910863,136.86448600806884,175.48000000000002,38.61551399193121,10.848407745361328,False,0.0,0.0,True,False,False,347.6274111842149,7.888060754431989
3710.623000000007,37.6,True,False,BLACKOUT,50.71160731440746,-39.558075820002344,-19.051874954351838,-371.73231309737224,-21.128264707960682,0.0,422.84574472317865,423.2747308424823,29.98198998496989,-16.054216153629202,-7.697625760813229,-13.379212098474992,1.0576661106443674,0.0,46.61555921307504,34.009668915858086,13.420952796936035,20.58871611892205,136.65424824364715,175.48000000000002,38.82575175635287,11.132490158081055,False,0.0,0.0,True,False,False,352.9396078884325,8.1397240495432
3710.724000000002,37.7,True,False,BLACKOUT,53.733904064918434,-41.175754727839696,-19.83184295106,-371.73231309737224,-21.128264707960682,0.0,425.93826290025487,426.3997019198327,30.463945025249615,-16.299362003117768,-7.901734173350008,-13.3128108293535,1.0524168948058963,0.0,47.090217498711525,34.55026987174065,13.354344367980957,21.195925503759696,136.64145462065042,175.48000000000002,38.838545379349625,10.926094055175781,False,0.0,0.0,True,False,False,358.4462023049482,8.382801820060736
3710.823000000004,37.8,True,False,BLACKOUT,56.80503779189151,-42.82095738651774,-20.633311030129963,-371.73231309737224,-21.128264707960682,0.0,429.08604501059494,429.5818519757328,30.958729514211843,-16.604691170443097,-8.12762740804921,-13.19359391243441,1.0429924464966271,0.0,47.54858989512495,35.13059495653216,13.234755516052246,21.89583944047991,136.71386959785218,175.48000000000002,38.76613040214784,11.307368278503418,False,0.0,0.0,True,False,False,364.15340338691317,8.630256370946656
3710.92300000001,37.9,True,False,BLACKOUT,59.9272588311093,-44.49473227911488,-21.45729997608007,-371.73231309737224,-21.128264707960682,0.0,432.29154264712804,432.8237442267894,31.48569127014398,-16.87080668149964,-8.352151510952917,-13.124996507185683,1.0375696196309114,0.0,48.0710245960005,35.72076248966914,13.16594409942627,22.554818390242872,136.76977344192957,175.48000000000002,38.710226558070474,10.856194496154785,False,0.0,0.0,True,False,False,370.06909842345766,8.885743870759924
3711.023000000001,38.0,True,False,BLACKOUT,63.103244300893785,-46.19566000132758,-22.302254225381642,-371.73231309737224,-21.128264707960682,0.0,435.5575005491865,436.1281082757544,32.0340181255457,-17.147747762754403,-8.546933475078529,-13.092099148566316,1.0349689865678193,0.0,48.651594512646696,36.33488090805912,13.132944107055664,23.201936801003455,136.815257533805,175.48000000000002,38.66474246619504,11.085685729980469,False,[44.36125892],174.2651725000068,True,False,False,376.2019966147872,9.157472851703153
3711.1240000000107,38.1,True,False,BLACKOUT,66.3328604190895,-47.92490260994633,-23.164762251426435,-371.73231309737224,-21.128264707960682,0.0,438.88398928516165,439.494894465252,32.558304238368564,-17.437104409620556,-8.703227045817382,-13.098335794884354,1.0354620118226783,0.0,49.252050610311294,36.93366736556467,13.139200210571289,23.794467154993384,136.7596223054631,175.48000000000002,38.72037769453692,10.568703651428223,False,0.0,0.0,True,False,False,382.5613940357958,9.443278453600128
3711.2230000000127,38.2,True,False,BLACKOUT,69.61633001045902,-49.68334531781374,-24.045509793036683,-371.73231309737224,-21.128264707960682,0.0,442.2714295562839,442.9246030002917,33.111087589022,-17.731749747727598,-8.911723786387581,-12.94890156598775,1.0236487960285863,0.0,49.73215836352517,37.560072822665354,12.989299774169922,24.570773048495433,136.82492736942618,175.48000000000002,38.65507263057384,10.718329429626465,False,0.0,0.0,True,False,False,389.1557547814488,9.726210414219851
3711.324000000008,38.3,True,False,BLACKOUT,72.95493494568021,-51.47089620499889,-24.947811913875434,-371.73231309737224,-21.128264707960682,0.0,445.72124007979284,446.41888084797495,33.66101111540173,-18.0192679959754,-9.13431863038749,-12.862338626368299,1.0168057407724638,0.0,50.267227638949365,38.18059308630475,12.902466773986816,25.27812631231793,136.80507605789856,175.48000000000002,38.67492394210143,10.57440185546875,False,0.0,0.0,True,False,False,395.99290573398855,10.01134259813988
3711.423999999999,38.4,True,False,BLACKOUT,76.34702689149779,-53.28695334114656,-25.87314160745772,-371.73231309737224,-21.128264707960682,0.0,449.23187351240745,449.9763278619301,34.18082780095001,-18.3018747269781,-9.372275241258219,-12.800276389837586,1.011899538236306,0.0,50.796122168461814,38.77225306427519,12.840210914611816,25.932042149663374,136.7041569986089,175.48000000000002,38.77584300139108,10.658382415771484,False,0.0,0.0,True,False,False,403.08039520279226,10.294853255700849
3711.523000000001,38.5,True,False,BLACKOUT,79.79180379649924,-55.13087348127862,-26.819733429997314,-371.73231309737224,-21.128264707960682,0.0,452.80261211722467,453.5961900649496,34.714710299078824,-18.57652807566323,-9.559561209533669,-12.795070311295275,1.011487982398561,0.0,51.38939216158103,39.372560324353735,12.834988594055176,26.53757173029856,136.719760461735,175.48000000000002,38.76023953826507,10.50325870513916,False,0.0,0.0,True,False,False,410.42734579961837,10.599987750313657
3711.623000000007,38.6,True,False,BLACKOUT,83.28971682406997,-57.004901443199685,-27.787030742836823,-371.73231309737224,-21.128264707960682,0.0,456.43420202397425,457.27923619465327,35.24355025233556,-18.904031162757974,-9.78638504725655,-12.826129000100755,1.0139432631990164,0.0,52.032872000930176,39.9933773091424,12.866144180297852,27.12723312884455,136.84973614345915,175.48000000000002,38.630263856540864,9.572450637817383,False,0.0,0.0,True,False,False,418.04343805502054,10.90295804431131
3711.7230000000127,38.7,True,False,BLACKOUT,86.84424744185294,-58.91332012848566,-28.777601947628252,-371.73231309737224,-21.128264707960682,0.0,460.1306035128698,461.02963317228745,35.847062103323665,-19.264342542961455,-10.025039048572003,-12.75684518347373,1.008466173492751,0.0,52.66238293884486,40.69553728668659,12.79664421081543,27.898893075871158,136.94265700994788,175.48000000000002,38.53734299005214,9.72751522064209,False,0.0,0.0,True,False,False,425.9386006521447,11.2214262101395
3711.824000000008,38.8,True,False,BLACKOUT,90.45700100343954,-60.856311028139935,-29.79086618584413,-371.73231309737224,-21.128264707960682,0.0,463.8936082049387,464.84919645138683,36.40800912840817,-19.59547545012406,-10.24024571574557,-12.743863261907755,1.007439914368498,0.0,53.295278224157386,41.34641201858593,12.783621788024902,28.562790230561028,136.6561881889949,175.48000000000002,38.82381181100516,9.078940391540527,False,0.0,0.0,True,False,False,434.12339994358763,11.546456112778243
3711.92300000001,38.9,True,False,BLACKOUT,94.1202985422228,-62.82956838179331,-30.827717368419858,-371.73231309737224,-21.128264707960682,0.0,467.71535627935987,468.7302024167802,36.85794164725694,-19.869671622943414,-10.496777935769003,-12.573174047990976,0.9939464294245763,0.0,53.653758089364814,41.872565157584994,12.61240005493164,29.260165102653353,136.15429031265685,175.48000000000002,39.325709687343135,9.277420043945312,False,0.0,0.0,True,False,False,442.6036972776009,11.84722880760272
3712.023000000001,39.0,True,False,BLACKOUT,97.83562864870703,-64.8312000762499,-31.89025427291497,-371.73231309737224,-21.128264707960682,0.0,471.5972842112793,472.67429250282413,37.44866048242762,-20.162962266188185,-10.753960154133221,-12.362285085154701,0.9772750359629022,0.0,54.111366010551876,42.53172015420802,12.400853157043457,30.13086699716456,135.87833809775384,175.48000000000002,39.60166190224618,8.764867782592773,False,[47.22962006],191.2114465221912,True,False,False,451.3881976549374,12.176002854032326
3712.123000000007,39.1,True,False,BLACKOUT,101.60823150100005,-66.86313115825538,-32.97497785500889,-371.73231309737224,-21.128264707960682,0.0,475.54489711268053,476.68679269982744,38.003396563433,-20.475659373921406,-10.940511487745145,-12.284172991437845,0.9711000449583713,0.0,54.66994733221609,43.16840021537058,12.322497367858887,30.845902847511695,135.6877741573184,175.48000000000002,39.79222584268166,8.867923736572266,False,0.0,0.0,True,False,False,460.4911725001357,12.529095592203602
3712.2230000000127,39.2,True,False,BLACKOUT,105.43752993551246,-68.9297825732811,-34.07784325797264,-371.73231309737224,-21.128264707960682,0.0,479.55817604359163,480.76745273715375,38.582572126815236,-20.857368926593132,-11.1167965715299,-12.125063404373762,0.9585219636126483,0.0,55.20142567449925,43.859374259796645,12.162891387939453,31.696482871857192,135.70955921020862,175.48000000000002,39.770440789791394,9.121601104736328,False,0.0,0.0,True,False,False,469.9261686442108,12.901342890980189
3712.323000000004,39.3,True,False,BLACKOUT,109.32195942012709,-71.02770712786608,-35.2038361480529,-371.73231309737224,-21.128264707960682,0.0,483.6353662224858,484.9149178368272,39.106017565477494,-21.10112216510639,-11.40306123007529,-11.958679948257958,0.9453688615009305,0.0,55.62059959004017,44.43577349904217,11.995988845825195,32.439784653216975,135.94111275323465,175.48000000000002,39.5388872467654,8.4679536819458,False,0.0,0.0,True,False,False,479.6994733640393,13.228562932090997
3712.42300000001,39.4,True,False,BLACKOUT,113.26049053973304,-73.15303600537158,-36.35674394724909,-371.73231309737224,-21.128264707960682,0.0,487.77514943704097,489.1282134970068,39.66460482664166,-21.405455385003314,-11.655094753848587,-11.75372530650662,0.9291665935942609,0.0,56.05961124203662,45.07188032790525,11.79039478302002,33.28148554488523,135.7611438199245,175.48000000000002,39.71885618007548,7.990182399749756,False,0.0,0.0,True,False,False,489.81797238824504,13.583346991242859
3712.524000000005,39.5,True,False,BLACKOUT,117.25459239311384,-75.30821310424686,-37.53361540701501,-371.73231309737224,-21.128264707960682,0.0,491.97932939239007,493.40899144108386,40.21743224097437,-21.698086592502484,-11.882334441469743,-11.589243266951192,0.9161638040602439,0.0,56.527302679164976,45.69736116925244,11.625399589538574,34.071961579713864,135.56059544165927,175.48000000000002,39.91940455834077,6.68694543838501,False,0.0,0.0,True,False,False,500.29567382543735,13.951788027131238
3712.6240000000107,39.6,True,False,BLACKOUT,121.30314914933224,-77.49535961400812,-38.73464083036229,-371.73231309737224,-21.128264707960682,0.0,496.2471324057892,497.7565557792545,40.75370288339384,-22.04484360272267,-12.1381740254757,-11.338426457763555,0.8963359967794284,0.0,56.9200110744234,46.33399862062896,11.373800277709961,34.960198342919,135.48507205698485,175.48000000000002,39.99492794301523,7.684085369110107,False,0.0,0.0,True,False,False,511.1434399639987,14.319196830712325
3712.7230000000127,39.7,True,False,BLACKOUT,125.40599972118967,-79.7154665898262,-39.96238810928648,-371.73231309737224,-21.128264707960682,0.0,500.57862748666446,502.17124047463136,41.30330855375478,-22.357295913639256,-12.416771553008175,-11.198216000601342,0.8852519472997636,0.0,57.41625302647065,46.96607262755428,11.233152389526367,35.732920238027916,135.37132901421052,175.48000000000002,40.1086709857895,5.985915184020996,False,0.0,0.0,True,False,False,522.3706381588381,14.686078738079754
3712.823000000004,39.8,True,False,BLACKOUT,129.56505770990245,-81.96892293178105,-41.21492665719115,-371.73231309737224,-21.128264707960682,0.0,504.9758802867657,506.65502055220134,41.8778512205007,-22.71183092545778,-12.633999405085165,-11.017729737857218,0.8709839767992381,0.0,57.91452014509239,47.640126855760705,11.052103042602539,36.588023813158166,135.2653020062051,175.48000000000002,40.214697993794914,3.582317590713501,False,0.0,0.0,True,False,False,533.9914233862198,15.08953834609991
3712.92300000001,39.9,True,False,BLACKOUT,133.78192792419335,-84.25621972793397,-42.49137670833891,-371.73231309737224,-21.128264707960682,0.0,509.44066050975283,511.209647478589,42.459553065317806,-23.034104997600494,-12.895001617870182,-10.812267417884259,0.8547415754343224,0.0,58.38290715769903,48.305109869940495,10.845999717712402,37.45911015222809,135.26316689586338,175.48000000000002,40.21683310413664,2.9842019081115723,False,0.0,0.0,True,False,False,546.0194800617394,15.484576542109075
3713.023000000001,40.0,False,True,NORMAL,138.05347349694233,-86.57152666788349,-43.79520200137256,-371.73231309737224,-21.128264707960682,0.0,513.9692293800663,515.8317443390627,42.97135838966157,-23.27203380139009,-13.181504242802763,-10.536129444362082,0.832912055556264,0.0,58.6864521765842,48.868447889264715,10.569000244140625,38.29944764512409,135.36801697710575,175.48000000000002,40.111983022894265,0.0,False,0.0,0.0,False,False,False,558.4605083493399,15.857764824224269
3713.123000000007,40.1,False,True,NORMAL,142.37863723151023,-88.91677611002386,-45.12661263826681,-371.73231309737224,-21.128264707960682,0.0,518.5608465032569,520.5206650022442,43.53191630169606,-23.632955041417357,-13.44670849508229,-10.358278544970641,0.818852418288432,0.0,59.17807016672837,49.53326458944055,10.390594482421875,39.142670107018674,135.0238227718194,175.48000000000002,40.45617722818065,0.0,False,0.0,0.0,False,False,False,571.3260844088155,16.265515859268838
3713.2230000000127,40.2,False,True,NORMAL,146.75977726723002,-91.29859610360712,-46.482251430902224,-371.73231309737224,-21.128264707960682,0.0,523.2188100391936,525.2794712121495,44.09088441269984,-24.003444830248085,-13.666067357625916,-10.294023024437534,0.8137728301938965,0.0,59.77969930797372,50.20130926592275,10.326138496398926,39.87517076952383,134.95079593877708,175.48000000000002,40.52920406122297,0.0,False,0.0,0.0,False,False,False,584.6349738741684,16.698861233985582
3713.324000000008,40.3,False,True,NORMAL,151.19791429431618,-93.71896870021376,-47.860554116288554,-371.73231309737224,-21.128264707960682,0.0,527.9445359372647,530.1094846032582,44.67185612902331,-24.404007101884563,-13.899986350100653,-10.321488035943903,0.8159440202224971,0.0,60.5005275766088,50.903146195898245,10.353689193725586,40.54945700217266,134.85751429582646,175.48000000000002,40.62248570417353,0.0,False,0.0,0.0,False,False,False,598.402968647439,17.142508639915988
3713.42300000001,40.4,False,True,NORMAL,155.6925069807708,-96.17683751378088,-49.2634931411322,-371.73231309737224,-21.128264707960682,0.0,532.7374861173673,535.0103932365412,45.21999760006856,-24.753369169457812,-14.158794146772284,-10.204115493088379,0.8066653751135979,0.0,61.0339878926712,51.55169704471106,10.235950469970703,41.31574657474036,134.8284530644332,175.48000000000002,40.65154693556684,0.0,False,0.0,0.0,False,False,False,612.6407514153478,17.573651391241807
3713.523000000001,40.5,False,True,NORMAL,160.2428035990107,-98.66938203265958,-50.691426669877295,-371.73231309737224,-21.128264707960682,0.0,537.5966421584986,539.9812685620867,45.78593476472975,-25.097521208116362,-14.39987642812955,-10.126708824915424,0.800546150075394,0.0,61.61926327109184,52.213383275477746,10.158302307128906,42.05508096834884,134.82017513673443,175.48000000000002,40.659824863265555,0.0,False,0.0,0.0,False,False,False,627.3600611138227,18.023447434347258
3713.623000000007,40.6,False,True,NORMAL,164.85211957957935,-101.19552407795825,-52.14568587062379,-371.73231309737224,-21.128264707960682,0.0,542.5252246801695,545.0254966230352,46.400384846643284,-25.42531969785691,-14.685307586800205,-10.111753232959776,0.7993638664954875,0.0,62.30052791412395,52.90975898314822,10.14330005645752,42.7664589266907,134.81439387774714,175.48000000000002,40.66560612225288,0.0,False,0.0,0.0,False,False,False,642.5750095259478,18.473074389453163
3713.7230000000127,40.7,False,True,NORMAL,169.5223305694778,-103.7551266331165,-53.62841583862784,-371.73231309737224,-21.128264707960682,0.0,547.5251479179085,550.1452486279313,47.003834951325544,-25.766731405308196,-14.969291773280847,-10.109504807877132,0.7991861218723562,0.0,62.989535261907434,53.603031140456494,10.141044616699219,43.461986523757275,134.74625294970684,175.48000000000002,40.73374705029323,0.0,False,0.0,0.0,False,False,False,658.2982430792667,18.930659392763744
3713.823000000004,40.8,False,True,NORMAL,174.25128912398094,-106.34834244083352,-55.13923169526369,-371.73231309737224,-21.128264707960682,0.0,552.5943860947211,555.3385367641487,47.57533613873799,-26.09758474903228,-15.24702535943612,-10.107272544835247,0.7990096549061353,0.0,63.64518941029408,54.26321533457846,10.138805389404297,44.124409945174165,134.59620916898842,175.48000000000002,40.88379083101165,0.0,False,0.0,0.0,False,False,False,674.5427665248911,19.3913236011825
3713.92300000001,40.9,False,True,NORMAL,179.03491878579587,-108.9742199748822,-56.67958233590278,-371.73231309737224,-21.128264707960682,0.0,557.7288369566392,560.6014900326057,48.09725709756092,-26.41996593194128,-15.559987453345723,-10.040932121043689,0.7937652490701507,0.0,64.19218184803059,54.87586664603861,10.072257995605469,44.80360865043314,134.27872368561555,175.48000000000002,41.20127631438447,0.0,False,0.0,0.0,False,False,False,691.3174421116877,19.83311334480137
3714.023000000001,41.0,False,True,NORMAL,183.8722714941712,-111.6350971731693,-58.24674038153635,-371.73231309737224,-21.128264707960682,0.0,562.9280070684234,565.9334094282657,48.64979706994589,-26.797578033800807,-15.783173459325731,-10.092020331896183,0.7978039225641075,0.0,64.90074126686865,55.54199261301812,10.123505592346191,45.418487020671925,134.19905186222863,175.48000000000002,41.28094813777142,0.0,False,0.0,0.0,False,False,False,708.6398979124358,20.333598646219833
3714.1240000000107,41.1,False,True,NORMAL,188.7672379028389,-114.33173268543621,-59.837659057131404,-371.73231309737224,-21.128264707960682,0.0,568.1959460559945,571.3380597823884,49.249531103408,-27.135132211537424,-16.0352000525753,-10.033951070142264,0.7932133764411218,0.0,65.53261589394408,56.230167295173224,10.065255165100098,46.16491213007313,134.5256268517496,175.48000000000002,40.9543731482504,0.0,False,0.0,0.0,False,False,False,726.5323421734724,20.83820258857079
3714.224000000002,41.2,False,True,NORMAL,193.72013616097178,-117.0600470375258,-61.45730861990762,-371.73231309737224,-21.128264707960682,0.0,573.5323698216058,576.8157244874569,49.80843405924964,-27.43115483025431,-16.357791202949105,-10.056880252443852,0.7950259958156171,0.0,66.18589835957394,56.862539151501174,10.088255882263184,46.77428326923799,134.58015806684242,175.48000000000002,40.89984193315763,0.0,False,0.0,0.0,False,False,False,745.0019312230627,21.306302702489727
3714.324000000008,41.3,False,True,NORMAL,198.73347229857725,-119.82515722624227,-63.10779008270349,-371.73231309737224,-21.128264707960682,0.0,578.9406609491017,582.3700559518023,50.45828869286017,-27.87104894407497,-16.651838052968202,-10.065885361273798,0.7957378761836086,0.0,66.96984628572217,57.644030628114855,10.097289085388184,47.54674154272667,134.27547160736597,175.48000000000002,41.204528392634074,0.0,False,0.0,0.0,False,False,False,764.0651296643997,21.8349932588985
3714.42300000001,41.4,False,True,NORMAL,203.80834523295732,-122.62732890851096,-64.78915938536966,-371.73231309737224,-21.128264707960682,0.0,584.4220302357677,588.0023338378509,51.03916999474084,-28.17238470129905,-16.975548000355317,-10.110745482182777,0.7992842008293061,0.0,67.66586851441023,58.298200088081984,10.142289161682129,48.155910926399855,134.03129227475105,175.48000000000002,41.448707725248994,0.0,False,0.0,0.0,False,False,False,783.7384970873094,22.32598555009822
3714.524000000005,41.5,False,True,NORMAL,208.94108756079322,-125.46423987366278,-66.50470606397491,-371.73231309737224,-21.128264707960682,0.0,589.9725366029307,593.7090784840267,51.615676561977004,-28.56583460173725,-17.33538557174954,-10.143443192063303,0.8018690510717397,0.0,68.38604309823096,58.99309259095027,10.175088882446289,48.81800370850398,133.59547638366823,175.48000000000002,41.88452361633182,0.0,False,0.0,0.0,False,False,False,804.0282662770657,22.81894160566582
3714.6240000000107,41.6,False,True,NORMAL,214.13125493911087,-128.33807760885156,-68.25033834754718,-371.73231309737224,-21.128264707960682,0.0,595.5921963346085,599.4899273709589,52.187671004376234,-28.910920102038258,-17.577260099695923,-10.091338674059287,0.7977500355050017,0.0,69.00202988222897,59.66065961760272,10.122821807861328,49.53783780974139,133.3693749795393,175.48000000000002,42.11062502046076,0.0,False,0.0,0.0,False,False,False,824.9569753296576,23.368206330052786
3714.7230000000127,41.7,False,True,NORMAL,219.37953904926863,-131.24848320959157,-70.0211805795493,-371.73231309737224,-21.128264707960682,0.0,601.2817012607977,605.3450668840319,52.778011198779126,-29.297191912761832,-17.83958454034636,-10.215390893291415,0.8075567286993642,0.0,69.8173660194857,60.36426028762095,10.247261047363281,50.11699924025767,133.74937043670684,175.48000000000002,41.73062956329312,0.0,False,0.0,0.0,False,False,False,846.5492532119193,23.927341160102763
3714.823000000004,41.8,False,True,NORMAL,224.68979073204198,-134.19683670737413,-71.81852595063248,-371.73231309737224,-21.128264707960682,0.0,607.0451613432818,611.2787650327899,53.427022456687574,-29.669878042889707,-18.107322881317256,-10.221267221171262,0.808021269720749,0.0,70.56916554293562,61.112587833173514,10.253155708312988,50.859432124860525,134.20668885295734,175.48000000000002,41.273311147042705,0.0,False,0.0,0.0,False,False,False,868.8246003995499,24.509102099752432
3714.923999999999,41.9,False,True,NORMAL,230.06355019199512,-137.18431159371306,-73.64600661371608,-371.73231309737224,-21.128264707960682,0.0,612.8843831351415,617.2932863567288,54.04816674237492,-30.07961968388905,-18.44229038035469,-10.259459074202997,0.8110404481564494,0.0,71.34215879519306,61.854570150789726,10.29146671295166,51.563103437838066,134.2384877380545,175.48000000000002,41.24151226194556,0.0,False,0.0,0.0,False,False,False,891.796624610444,25.0653297100134
3715.024000000005,42.0,False,True,NORMAL,235.49992273685245,-140.21275856492187,-75.50577696973001,-371.73231309737224,-21.128264707960682,0.0,618.7989212283745,623.3885042805992,54.67928415477221,-30.489319740287147,-18.75311673992402,-10.358793828858502,0.818893152996989,0.0,72.18140884172345,62.60529317800362,10.391111373901367,52.21418180410225,133.99702002443033,175.48000000000002,41.48297997556972,0.0,False,0.0,0.0,False,False,False,915.4790801124543,25.646078116357863
3715.1240000000107,42.1,False,True,NORMAL,240.99812766606848,-143.28291046716137,-77.39692964094908,-371.73231309737224,-21.128264707960682,0.0,624.7882445426739,629.5638452425314,55.28481442954858,-30.9137183045032,-19.06993668445752,-10.384846087860511,0.8209526607803579,0.0,72.93554451532236,63.34089268331952,10.417244911193848,52.92364777212567,133.77203269329024,175.48000000000002,41.707967306709804,0.0,False,0.0,0.0,False,False,False,939.8909875619821,26.228888885409624
3715.224000000002,42.2,False,True,NORMAL,246.55968774732577,-146.3928956890266,-79.32159620193728,-371.73231309737224,-21.128264707960682,0.0,630.8535694464783,635.8208408878918,55.94638719559661,-31.285986132801074,-19.423394535306553,-10.481698543196444,0.828609132550709,0.0,73.783723164244,64.10000911498716,10.514399528503418,53.58560958648374,133.67575040627247,175.48000000000002,41.80424959372755,0.0,False,0.0,0.0,False,False,False,965.0471493175621,26.812718156971346
3715.324000000008,42.3,False,True,NORMAL,252.18324641340425,-149.53747687668238,-81.2816348748367,-371.73231309737224,-21.128264707960682,0.0,636.9925832923308,642.1575004135382,56.52478612597282,-31.60563762031449,-19.777378922681898,-10.506355162443135,0.8305583109020456,0.0,74.46664158477842,64.76085064275799,10.539133071899414,54.22171757085857,133.22981406499807,175.48000000000002,42.25018593500198,0.0,False,0.0,0.0,False,False,False,990.9573081639792,27.371910053893476
3715.423999999999,42.4,False,True,NORMAL,257.8654176283146,-152.719180658518,-83.27454190693443,-371.73231309737224,-21.128264707960682,0.0,643.2025121963076,648.5708296134285,57.118638172234796,-32.02843801639836,-20.08076171927276,-10.479694450141807,0.8284507030938123,0.0,75.16055953524133,65.4855683980902,10.512389183044434,54.97317921504576,132.69520452139702,175.48000000000002,42.78479547860297,0.0,False,0.0,0.0,False,False,False,1017.6415809416162,27.986955843190117
3715.523000000001,42.5,False,True,NORMAL,263.6086475023765,-155.94024484704468,-85.29772109636541,-371.73231309737224,-21.128264707960682,0.0,649.486263291867,655.0634377135283,57.74595930900352,-32.392845754135216,-20.382822069346958,-10.608002039636059,0.8385937958370694,0.0,76.0038986277334,66.21096791747034,10.641097068786621,55.56987084868372,132.7385605275653,175.48000000000002,42.741439472434706,0.0,False,0.0,0.0,False,False,False,1045.1279598013625,28.61458465730625
3715.623000000007,42.6,False,True,NORMAL,269.4136753800351,-159.19339917292123,-87.35378489393301,-371.73231309737224,-21.128264707960682,0.0,655.8430909108515,661.6349776355502,58.35459824416742,-32.67024076339556,-20.738453882005196,-10.649821795464995,0.8418997706710232,0.0,76.71162589973602,66.8775281225048,10.6830472946167,56.1944808278881,132.6845729922545,175.48000000000002,42.79542700774556,0.0,False,0.0,0.0,False,False,False,1073.4265614405463,29.204312997265266
3715.7230000000127,42.7,False,True,NORMAL,275.28121121604477,-162.47803285745147,-89.44461130799738,-371.73231309737224,-21.128264707960682,0.0,662.2735519408756,668.2863129620584,58.996118476026176,-33.02243292720883,-21.07807439928213,-10.763362033243078,0.8508754607795662,0.0,77.54860502981909,67.60934160061998,10.796941757202148,56.812399843417836,132.51494674055897,175.48000000000002,42.96505325944105,0.0,False,0.0,0.0,False,False,False,1102.5528589059863,29.835076099282993
3715.824000000008,42.8,False,True,NORMAL,281.22611716828953,-165.80299828898208,-91.56424899328337,-371.73231309737224,-21.128264707960682,0.0,668.7940566360743,675.0329635546997,59.902000568869745,-33.476875703403664,-21.31467930643778,-10.829901155065198,0.8561355742799206,0.0,78.62415395333637,68.62179594716251,10.863688468933105,57.758107478229405,132.46650551204274,175.48000000000002,43.0134944879573,0.0,False,0.0,0.0,False,False,False,1132.5659126909966,30.642036616992954
3715.92300000001,42.9,False,True,NORMAL,287.2513307335428,-169.16924998569516,-93.70637130042275,-371.73231309737224,-21.128264707960682,0.0,675.4077110595293,681.8771591576927,60.60227073619521,-33.84815823085814,-21.527766836349713,-10.827423609287026,0.8559397169911763,0.0,79.41395122182837,69.41421348689555,10.86120319366455,58.553010293231,132.871713322097,175.48000000000002,42.60828667790298,0.0,False,0.0,0.0,False,False,False,1163.5076546193443,31.39110272085768
3716.023000000001,43.0,False,True,NORMAL,293.3453367040775,-172.57505503286944,-95.87156520280972,-371.73231309737224,-21.128264707960682,0.0,682.1029325293483,688.8074967504152,61.277848674499694,-34.26794271262797,-21.77611121138983,-10.872573696221464,0.8595089643049733,0.0,80.24725110300488,70.20873617955843,10.906494140625,59.30224203893343,132.7610818837407,175.48000000000002,42.71891811625932,0.0,False,0.0,0.0,False,False,False,1195.3831902170218,32.1341610762512
3716.123000000007,43.1,False,True,NORMAL,299.5107972894516,-176.01849074598485,-98.06228652126453,-371.73231309737224,-21.128264707960682,0.0,688.8819168506951,695.8264923108825,62.03136303298254,-34.600771549680374,-22.03831515770626,-11.012587356769679,0.870577456432846,0.0,81.20120250867022,71.02889124548436,11.046944618225098,59.98194662725926,132.2624274416796,175.48000000000002,43.2175725583204,0.0,False,0.0,0.0,False,False,False,1228.2131111441427,32.896115210697
3716.224000000002,43.2,False,True,NORMAL,305.74598425761803,-179.49457409067952,-100.27725001540786,-371.73231309737224,-21.128264707960682,0.0,695.741856822284,702.9311902349847,62.672376330345294,-34.920895344212774,-22.26095472516027,-10.934951567901196,0.8644401187290291,0.0,81.84515229697638,71.74465615315113,10.969066619873047,60.77558953327808,130.66606609200073,175.48000000000002,44.813933907999285,0.0,False,0.0,0.0,False,False,False,1262.0182808201037,33.649966839376546
3716.323000000004,43.3,False,True,NORMAL,312.04137323207686,-183.00321025450867,-102.51936011088621,-371.73231309737224,-21.128264707960682,0.0,702.6734320523736,710.1127877385446,63.235403158830906,-35.251827932370354,-22.5812471844069,-11.060848161196892,0.8743926151237617,0.0,82.61378075875064,72.39756615545393,11.095355987548828,61.3022101679051,130.4114126983173,175.48000000000002,45.068587301682726,0.0,False,0.0,0.0,False,False,False,1296.798599450895,34.3271468807044
3716.42300000001,43.4,False,True,NORMAL,318.39358846965024,-186.55640389006763,-104.79871697119363,-371.73231309737224,-21.128264707960682,0.0,709.6761439184427,717.3722885125676,63.80890159263759,-35.81204477880886,-23.005890021741653,-11.172587757492298,0.8832259592212219,0.0,83.47913894920676,73.17156875247598,11.207444190979004,61.96412456149697,129.64495590345578,175.48000000000002,45.835044096544266,0.0,False,0.0,0.0,False,False,False,1332.5528734266031,35.000810835934764
3716.523000000001,43.5,False,True,NORMAL,324.81268135312297,-190.1655087499701,-107.12223519757629,-371.73231309737224,-21.128264707960682,0.0,716.7625263414363,724.7231833197301,64.57295607681755,-36.37005241924063,-23.464474505911458,-11.170746235553572,0.8830803814897187,0.0,84.4091484582918,74.11104755349852,11.205596923828125,62.9054506296704,129.22098989934096,175.48000000000002,46.25901010065911,0.0,False,0.0,0.0,False,False,False,1369.310358524072,35.74189538897892
3716.623000000007,43.6,False,True,NORMAL,331.30056210246676,-193.82389599858524,-109.49735582248891,-371.73231309737224,-21.128264707960682,0.0,723.9330111817113,732.1671090746543,65.1846589100574,-36.79769255306204,-24.037937992341167,-11.205745610180434,0.8858471851074592,0.0,85.17947563799493,74.85392397496743,11.240705490112305,63.613218484855125,129.70045677041114,175.48000000000002,45.77954322958885,0.0,False,0.0,0.0,False,False,False,1407.0688931906461,36.33166725317106
3716.7230000000127,43.7,False,True,NORMAL,337.85437001324135,-197.53210667001602,-111.91686834461412,-371.73231309737224,-21.128264707960682,0.0,731.1850492911464,739.7005892433518,65.89149930543408,-37.36652087555327,-24.35231245016274,-11.272484380741394,0.8911230814284722,0.0,86.1273922713299,75.74923473581221,11.307652473449707,64.4415822623625,129.93058944657358,175.48000000000002,45.54941055342647,0.0,False,0.0,0.0,False,False,False,1445.863496975699,37.15816310735971
3716.824000000008,43.8,False,True,NORMAL,344.4777629478393,-201.2895024540754,-114.37291652669359,-371.73231309737224,-21.128264707960682,0.0,738.5221354941907,747.3259721498522,66.57635938652638,-37.7813948056344,-24.768651191426667,-11.333508443830139,0.8959472132972051,0.0,86.98209178326901,76.5496271880088,11.368866920471191,65.18076026753761,130.616114741347,175.48000000000002,44.863885258653,0.0,False,0.0,0.0,False,False,False,1485.7454141994804,37.89471152610502
3716.923999999999,43.9,False,True,NORMAL,351.1731864118908,-205.08600013510124,-116.8651618270631,-371.73231309737224,-21.128264707960682,0.0,745.9442403050105,755.0432276983119,67.33210989450335,-38.14855881488225,-25.076254815963512,-11.32135744130105,0.8949866407694075,0.0,87.8109695066168,77.38814872122221,11.356678009033203,66.031470712189,131.15696353817654,175.48000000000002,44.323036461823506,0.0,False,0.0,0.0,False,False,False,1526.7368133644045,38.734841133122295
3717.024000000005,44.0,False,True,NORMAL,357.9353010808629,-208.91459722379594,-119.39258435323677,-371.73231309737224,-21.128264707960682,0.0,753.4444464327186,762.8454122945556,67.91018348493854,-38.42338295901135,-25.47219570750987,-11.471876428345348,0.9068856098890777,0.0,88.5910913228753,78.02659404954738,11.50766658782959,66.5189274617178,131.4508080024698,175.48000000000002,44.02919199753018,0.0,False,0.0,0.0,False,False,False,1568.8492135607407,39.432732184038954
3717.123000000007,44.1,False,True,NORMAL,364.7547332894754,-212.77772544647533,-121.96101435860011,-371.73231309737224,-21.128264707960682,0.0,761.0142477621467,770.7250964645987,68.47846068730978,-38.83918149457687,-25.896404399756896,-11.429334134223469,0.9035225162755977,0.0,89.24538192721506,78.72599060838874,11.464991569519043,67.2609990388697,131.03310145841655,175.48000000000002,44.44689854158344,0.0,False,0.0,0.0,False,False,False,1612.072084950882,40.14799031398066
3717.2230000000127,44.2,False,True,NORMAL,371.62974253600896,-216.68150661612677,-124.57052681226072,-371.73231309737224,-21.128264707960682,0.0,768.6535085305211,778.6822409215225,69.02172424336142,-39.236441898452206,-26.29384467345522,-11.514914041481205,0.9102878599290489,0.0,89.9883882315717,79.39456398505656,11.550838470458984,67.84372551459758,130.34973745042606,175.48000000000002,45.130262549573956,0.0,False,0.0,0.0,False,False,False,1656.4299878164818,40.87617244805117
3717.324000000008,44.3,False,True,NORMAL,378.5623231119499,-220.6254729371352,-127.22146956463887,-371.73231309737224,-21.128264707960682,0.0,776.3640751707369,786.7188058854956,69.62988727545856,-39.64288452171699,-26.725010374107637,-11.512239699089035,0.9100764452885126,0.0,90.71156162885234,80.12415051153586,11.548155784606934,68.57599472692893,130.08593915335766,175.48000000000002,45.39406084664233,0.0,False,0.0,0.0,False,False,False,1701.9479578559908,41.62303839889484
3717.42300000001,44.4,False,True,NORMAL,385.55534022182087,-224.60902007401936,-129.91862216303892,-371.73231309737224,-21.128264707960682,0.0,784.1485877523673,794.8382577976319,70.23045492196051,-40.028058215965956,-27.21804159389352,-11.588844920181792,0.9161323135752156,0.0,91.49221040491784,80.83663923671176,11.625,69.21163923671176,130.37361455914183,175.48000000000002,45.10638544085816,0.0,False,0.0,0.0,False,False,False,1748.6378659863994,42.32942522889608
3717.523000000001,44.5,False,True,NORMAL,392.61086443970305,-228.63338522899264,-132.65981134333998,-371.73231309737224,-21.128264707960682,0.0,792.0093863647835,803.042647457513,70.88002943568348,-40.45924488350021,-27.605742012127752,-11.600755393515994,0.9170738715619341,0.0,92.27718905429018,81.61451506531418,11.636947631835938,69.97756743347824,130.17639250989606,175.48000000000002,45.30360749010396,0.0,False,0.0,0.0,False,False,False,1796.5360881324555,43.153251265653715
3717.623000000007,44.6,False,True,NORMAL,399.73503075261016,-232.6996030893434,-135.4398674416338,-371.73231309737224,-21.128264707960682,0.0,799.9526822577924,811.3373229083227,71.60329682245839,-40.86511232351555,-27.99537995374897,-11.668396386234852,0.9224210912010661,0.0,93.16851849594252,82.44385678180407,11.70479965209961,70.73905712970446,129.84548683886783,175.48000000000002,45.63451316113219,0.0,False,0.0,0.0,False,False,False,1845.7000845983023,44.01756072213127
3717.7230000000127,44.7,False,True,NORMAL,406.93004582453193,-236.8095075140808,-138.25659124284235,-371.73231309737224,-21.128264707960682,0.0,807.9811060292294,819.7245590576796,72.29700461597706,-41.33297617123151,-28.33909607042242,-11.739770810370011,0.9280634495865139,0.0,94.06473884453537,83.27827925464238,11.776396751403809,71.50188250323858,129.98374436201973,175.48000000000002,45.49625563798031,0.0,False,0.0,0.0,False,False,False,1896.1708315373307,44.92691121791523
3717.823000000004,44.8,False,True,NORMAL,414.19180792086894,-240.9637978438206,-141.10991737997205,-371.73231309737224,-21.128264707960682,0.0,816.0909175008768,828.2006969390966,72.93823731076273,-41.75283042356443,-28.727426672171347,-11.676214060422843,0.9230391013642834,0.0,94.76726871950814,84.04335375495238,11.712641716003418,72.33071203894896,130.3700099792866,175.48000000000002,45.10999002071338,0.0,False,0.0,0.0,False,False,False,1947.9669873182268,45.77993804095736
3717.92300000001,44.9,False,True,NORMAL,421.515840355942,-245.15346629546562,-144.00487359626032,-371.73231309737224,-21.128264707960682,0.0,824.2753932414912,836.7600178802104,73.54241139069882,-42.04053860933567,-29.171697653594638,-11.730455770640724,0.9273270682683572,0.0,95.48664490285583,84.71064372156448,11.76705265045166,72.94359107111282,130.52036425680637,175.48000000000002,44.959635743193644,0.0,False,0.0,0.0,False,False,False,2001.0762156895494,46.55282092839363
