timestamp,relative_t_s,is_blackout,gnss_available,pos_est_e,pos_est_n,pos_est_u,pos_ref_e,pos_ref_n,pos_ref_u,pos_err_2d,vel_est_e,vel_est_n,vel_est_u,vel_ref_e,vel_ref_n,vel_err_2d,speed_est,speed_ref,heading_est_deg,heading_ref_deg,heading_err_deg,ai_speed,ai_accepted,ai_innovation,ai_nis,nhc_active,zupt_active,pos_cov_trace,vel_cov_trace
274.2430000000022,0.0,False,True,-0.4878277783184732,0.011087978088638048,1.0997360635303065e-05,0.0,0.0,0.0,0.4879537729716121,-18.423143754714687,0.44838443092618846,0.000830943615339187,-18.436371107204234,0.38940609948508226,0.060443415137297736,18.428599360905856,18.44048309326172,178.72652783281436,178.79000000000002,0.06347216718566329,0.0,False,0.0,0.0,False,False,19.853478780201577,1.4266628229166625
274.34300000000803,0.1,False,True,-2.3317592673808734,0.04929072153259152,-0.00126949168398392,0.0,0.0,0.0,2.3322801839071117,-18.455486026533315,0.3156704379528811,-0.026440724507723647,-18.363004139426558,0.38785646997354634,0.11731889302970555,18.458185509441705,18.36709976196289,178.07569713386704,178.79000000000002,0.7143028661329964,0.0,False,0.0,0.0,False,False,19.871908256776795,2.105911809745943
274.4429999999993,0.2,False,True,-4.179975787890444,0.06991579939717212,-0.00606501884540259,0.0,0.0,0.0,4.180560465578232,-18.508844383658083,0.0968311193387307,-0.06946981872064975,-18.4477706948056,0.3896468772887929,0.29911714022088254,18.509097673418434,18.451885223388672,178.23331932851855,178.79000000000002,0.5566806714814705,0.0,False,0.0,0.0,False,False,19.925760585406035,2.7886650962193746
274.5430000000051,0.3,False,True,-6.033125673529778,0.07660744899672671,-0.008186600182013552,0.0,0.0,0.0,6.033612027123215,-18.554153329128596,0.0370018726523611,0.027038191988430493,-18.51449203481634,0.3910561403490188,0.35626877879031166,18.554190224835832,18.51862144470215,179.5178458597072,178.79000000000002,-0.7278458597071957,0.0,False,0.0,0.0,False,False,20.028783952914765,3.47746132576205
274.64300000001094,0.4,False,True,-7.8884986992471875,0.073193135933581,-0.004483608429587757,0.0,0.0,0.0,7.888838251806939,-18.553307185219595,-0.10528813391527514,0.04702164306008541,-18.456548262843253,0.389832273781011,0.5044863795750759,18.55360593254757,18.460664749145508,180.5054317001477,178.79000000000002,1.7154317001476844,0.0,False,0.0,0.0,False,False,20.19488462079555,4.1715536991326765
274.7430000000022,0.5,False,True,-9.74683513590288,0.06053050964243866,-0.0014679618791221226,0.0,0.0,0.0,9.747023089593483,-18.613421547894273,-0.14796439190757157,0.013291287949227272,-18.498927726686137,0.3907273968839994,0.5507246847620897,18.614009648135657,18.503053665161133,179.55313451980098,178.79000000000002,-0.7631345198009308,0.0,False,0.0,0.0,False,False,20.43811272338645,4.870800900414871
274.84300000000803,0.6,False,True,-11.60844600855426,0.03829457045624527,-0.0020915614579762867,0.0,0.0,0.0,11.608509172484027,-18.618795905133286,-0.2967543918162961,-0.025763279526310544,-18.48754911524128,0.3904870621307807,0.6996617296095654,18.62116065464423,18.49167251586914,178.31838528530352,178.79000000000002,0.47161471469653077,0.0,False,0.0,0.0,False,False,20.772694007872612,5.577348986300052
274.9429999999993,0.7,False,True,-13.47242470034882,0.007541965904346415,-0.011260477747341005,0.0,0.0,0.0,13.472426811373616,-18.66077793075788,-0.31829769922168094,-0.1576150462609838,-18.454589852594573,0.3897909089759908,0.7374977970380617,18.66349234217407,18.45870590209961,179.36905397994795,178.79000000000002,-0.5790539799478897,0.0,False,0.0,0.0,False,False,21.213005021331888,6.287312431173309
275.0430000000051,0.8,False,True,-15.334068836785882,-0.009253846183597876,-0.03126621859262588,0.0,0.0,0.0,15.334071629053945,-18.712467817213298,-0.1861231726057725,-0.26492211506069896,-18.480892045934425,0.39034645401556595,0.6212443708077767,18.713393429456463,18.485013961791992,179.0546443487898,178.79000000000002,-0.2646443487897795,0.0,False,0.0,0.0,False,False,21.763341870838673,6.92285547925086
275.14300000001094,0.9,False,True,-17.20899863562158,-0.032112394517263346,-0.06025275154385252,0.0,0.0,0.0,17.209028596835644,-18.78612815950066,-0.2710477940675369,-0.3148085439638339,-18.498641688188275,0.390721355286382,0.7215170671746134,18.788083407624434,18.50276756286621,178.77897049950738,178.79000000000002,0.011029500492615946,0.0,False,0.0,0.0,False,False,22.451654404505746,7.616670585211455
275.24400000000605,1.0,False,True,-19.089914050578695,-0.06509333734997197,-0.09300019369878444,0.0,0.0,0.0,19.09002502882197,-18.832180139641665,-0.38857106258663543,-0.34014029913480454,-18.40840607673016,0.3888154326246915,0.885389303828251,18.83618847544783,18.412511825561523,178.69724638375854,178.79000000000002,0.09275361624149187,0.0,False,0.0,0.0,False,False,23.286399101311673,8.314764741637173
275.34300000000803,1.1,False,True,-20.979974125090287,-0.1109823987873296,-0.1310756679606631,0.0,0.0,0.0,20.98026766707943,-18.969021350590122,-0.5292101661605173,-0.42136918610276897,-18.373341570739207,0.3880748133114378,1.0937303752242138,18.976402040405645,18.377439498901367,178.20859550427528,178.79000000000002,0.5814044957247324,0.0,False,0.0,0.0,False,False,24.281757249845022,9.01671182722956
275.4429999999993,1.2,False,True,-22.881554706795704,-0.16479055658639769,-0.1751565178372188,0.0,0.0,0.0,22.882148101251875,-19.062590283518247,-0.5469529898208444,-0.4602478114283447,-18.39058778523682,0.3884390813704473,1.1517576500913778,19.070435388064904,18.394689559936523,178.8085859332362,178.79000000000002,-0.018585933236193477,0.0,False,0.0,0.0,False,False,25.45202897805274,9.724362241864203
275.5430000000051,1.3,False,True,-24.79895314047894,-0.2571624830790116,-0.22951185857632253,0.0,0.0,0.0,24.800286478312575,-19.106418586420304,-0.7498498991200847,-0.5708384168587421,-18.441975554838965,0.38952447452106514,1.3189611463296267,19.12112721757579,18.446088790893555,179.26452288922044,178.79000000000002,-0.4745228892204335,0.0,False,0.0,0.0,False,False,26.801672092178457,10.385744379225196
275.64300000001094,1.4,False,True,-26.712215927003903,-0.34176980795033646,-0.290992225143317,0.0,0.0,0.0,26.714402226748543,-19.158837144079005,-0.9422965983064131,-0.6587689144811479,-18.384043224405794,0.38830084961696204,1.5397386747051518,19.18199581880158,18.38814353942871,179.14822568024042,178.79000000000002,-0.35822568024040197,0.0,False,0.0,0.0,False,False,28.35970723910122,11.083184532527817
275.7430000000022,1.5,False,True,-28.632682617587815,-0.4531076175493636,-0.36079471088119813,0.0,0.0,0.0,28.636267570907293,-19.25049666759919,-1.2844595936741292,-0.7372808002764742,-18.30103675925025,0.386547618265721,1.9219103048573762,19.29330086835918,18.305118560791016,179.47516992637514,178.79000000000002,-0.6851699263750888,0.0,False,0.0,0.0,False,False,30.134033769803803,11.786561038527951
275.84300000000803,1.6,False,True,-30.57576597532285,-0.5591757368101404,-0.42673808692351123,0.0,0.0,0.0,30.58087870683816,-19.42229895370158,-1.433860037208907,-0.6333914341661965,-18.326047965503093,0.3870758955613831,2.1254585153279675,19.47515471705584,18.330135345458984,180.05223537474274,178.79000000000002,1.2622353747427038,0.0,False,0.0,0.0,False,False,32.134429875946914,12.474398794636933
275.9429999999993,1.7,False,True,-32.52396583511569,-0.7104392878283234,-0.49451346506668425,0.0,0.0,0.0,32.53172417234387,-19.54169824215522,-1.5914109831547534,-0.7221161286972637,-18.317861543694352,0.3869029850375742,2.326263618174963,19.606390772009977,18.32194709777832,177.88455953403883,178.79000000000002,0.9054404659612137,0.0,False,0.0,0.0,False,False,34.382093360864644,13.174516252061611
276.0430000000051,1.8,False,True,-34.482397288043096,-0.8778347842048703,-0.5727854807902413,0.0,0.0,0.0,34.4935692070102,-19.626930816392925,-1.7564989443761845,-0.8433241857738774,-18.29186255116223,0.38635384409147344,2.5247228255532757,19.7053724099056,18.295942306518555,176.42036910650302,178.79000000000002,2.369630893497011,0.0,False,0.0,0.0,False,False,36.88813134806114,13.877430906952691
276.14300000001094,1.9,False,True,-36.45293036191309,-1.0553517641159076,-0.6638141420523405,0.0,0.0,0.0,36.46820394969442,-19.783730661006963,-1.7938406538445637,-0.9772490394681059,-18.225356693486546,0.3849491323681193,2.678741188534278,19.86489021260003,18.229421615600586,178.24257940472884,178.79000000000002,0.5474205952711824,0.0,False,0.0,0.0,False,False,39.66680288246179,14.58266639051527
276.24400000000605,2.0,False,True,-38.441898337548054,-1.2412274039941331,-0.7667988732997626,0.0,0.0,0.0,38.46193174117501,-19.995628851692405,-1.9236721437199444,-1.0824455854803363,-18.212570772632223,0.38467907295462317,2.9168101502882813,20.08794881741682,18.216632843017578,178.31071676709055,178.79000000000002,0.4792832329094343,0.0,False,0.0,0.0,False,False,42.73258292355508,15.296311734906524
276.34300000000803,2.1,False,True,-40.44736212339061,-1.4416596934568378,-0.8780440234423827,0.0,0.0,0.0,40.473046406373115,-20.113646865158795,-2.084973645534149,-1.142457417372066,-18.21563138455932,0.38474371804912894,3.114798006385004,20.221421941072396,18.219694137573242,177.27715504933818,178.79000000000002,1.5128449506618469,0.0,False,0.0,0.0,False,False,46.10023093653827,16.017087660275656
276.44200000001,2.2,False,True,-42.463533364710855,-1.6596541536798144,-0.9993793379330626,0.0,0.0,0.0,42.49595413360828,-20.209777961246072,-2.2749155589253816,-1.2842488724415313,-18.183389125080584,0.3840627091656999,3.343114886676312,20.33741296338126,18.18744468688965,176.84703544766506,178.79000000000002,1.9429645523349697,0.0,False,0.0,0.0,False,False,49.78455518600087,16.742366855149555
276.54400000000896,2.3,False,True,-44.578192180067745,-2.046624988043429,-1.1622242936763936,0.0,0.0,0.0,44.6251486483209,-20.518096295158607,-2.8687652690712544,-1.4029231755246676,-18.156095331614818,0.3834862199210512,4.0194761225108,20.71767578051242,18.160144805908203,177.28687030348877,178.79000000000002,1.5031296965112872,0.0,False,0.0,0.0,False,False,53.78789567890057,17.417380643910057
276.64300000001094,2.4,False,True,-46.63821357364857,-2.3478469324252447,-1.3085511305014237,0.0,0.0,0.0,46.69727348100054,-20.68233157645788,-3.1556736185650647,-1.5236135609759327,-18.119745559306814,0.3827184536958368,4.3688746322522185,20.92169007096354,18.12378692626953,177.1336408559519,178.79000000000002,1.6563591440481138,0.0,False,0.0,0.0,False,False,58.1442924658723,18.135925615522453
276.7430000000022,2.5,False,True,-48.715492526562656,-2.6772666541532755,-1.4646480419109946,0.0,0.0,0.0,48.78900458958989,-20.86324748182391,-3.432720815995546,-1.5983246672154843,-18.0904761932825,0.38210023715031083,4.716049224306769,21.14376190956569,18.094511032104492,176.7558623882162,178.79000000000002,2.0341376117837875,0.0,False,0.0,0.0,False,False,62.86036124840724,18.860974124290955
276.84300000000803,2.6,False,True,-50.81125521325893,-3.037776269316927,-1.6264789730575622,0.0,0.0,0.0,50.901981700218286,-21.05200625210155,-3.7774714872774915,-1.6382939557158653,-18.055528009614008,0.38136207475342154,5.125892942149295,21.388227090521486,18.059555053710938,177.4988091898868,178.79000000000002,1.2911908101132248,0.0,False,0.0,0.0,False,False,67.95128143017942,19.596589159529923
276.9429999999993,2.7,False,True,-52.96761704417027,-3.4676365010404777,-1.807351128712895,0.0,0.0,0.0,53.08100374183993,-21.312481070212794,-4.111120543834384,-1.7272834131679875,-18.05303947468263,0.3813095128541505,5.550305156377509,21.70537171978669,18.057065963745117,178.0999112741807,178.79000000000002,0.6900887258193205,0.0,False,0.0,0.0,False,False,73.42705669808254,20.30445559156616
277.04400000000896,2.8,False,True,-55.106818834189696,-3.8974191949739216,-1.9881765159972562,0.0,0.0,0.0,55.244469029990285,-21.471554730175754,-4.4845333348344925,-1.8892243325192344,-17.978646582159296,0.3797382141458269,5.98845097105246,21.934874099528688,17.982656478881836,178.0050860122614,178.79000000000002,0.7849139877386238,0.0,False,0.0,0.0,False,False,79.310234214714,21.037493603631848
277.14300000001094,2.9,False,True,-57.26412619601451,-4.364441325505284,-2.183762533018655,0.0,0.0,0.0,57.43020544170857,-21.674592506320423,-4.85590927579275,-2.022496007908745,-17.9659235897745,0.37946948388380664,6.415872184654736,22.21188454881241,17.96993064880371,177.8102977897474,178.79000000000002,0.9797022102526103,0.0,False,0.0,0.0,False,False,85.61298462262802,21.778924865371664
277.2430000000022,3.0,False,True,-59.442934757414626,-4.8643812498615455,-2.391484739459577,0.0,0.0,0.0,59.6416356039827,-21.90157872168196,-5.142889211332475,-2.131948120909691,-17.95531156150391,0.3792453406122025,6.787267086926888,22.497298947697523,17.95931625366211,177.74836195508334,178.79000000000002,1.041638044916709,0.0,False,0.0,0.0,False,False,92.3507192743418,22.52421620133972
277.34300000000803,3.1,False,True,-61.643186352445206,-5.402975104591321,-2.6103104639566124,0.0,0.0,0.0,61.879516511226235,-22.10345317892967,-5.628987883263034,-2.2445663690310167,-17.96012272903791,0.37934696028412657,7.298443314103572,22.80894883643387,17.964128494262695,179.05691611071126,178.79000000000002,-0.26691611071124327,0.0,False,0.0,0.0,False,False,99.53944594367181,23.29033931619542
277.44400000000314,3.2,False,True,-63.868258290419426,-5.9846336687059924,-2.8535309725142994,0.0,0.0,0.0,64.14803393090344,-22.39798558055471,-6.004183399030384,-2.619843802122722,-18.00871685597762,0.38037334716468146,7.747789670734197,23.188789885544455,18.012733459472656,177.968244879947,178.79000000000002,0.8217551200530063,0.0,False,0.0,0.0,False,False,107.19520878718956,24.05282260804867
277.5430000000051,3.3,False,True,-66.11467864850276,-6.603457991329388,-3.1283155712353357,0.0,0.0,0.0,66.44363318059932,-22.530421581111806,-6.372303053437527,-2.8758481722980007,-17.837724948880453,0.3767617203863398,8.220174998345577,23.4142294946359,17.841703414916992,178.39328693771475,178.79000000000002,0.3967130622852662,0.0,False,0.0,0.0,False,False,115.33347785138525,24.81996163142748
277.64300000001094,3.4,False,True,-68.38166145959899,-7.258088110988448,-3.417240188997894,0.0,0.0,0.0,68.76577249622139,-22.809234640812516,-6.72029933974366,-2.9026441829531655,-17.42610792276717,0.3680677003056858,8.900730338404347,23.77863764212325,17.429994583129883,180.16420903531412,178.79000000000002,1.3742090353140985,0.0,False,0.0,0.0,False,False,123.97111630064643,25.615106496766007
277.7430000000022,3.5,False,True,-70.67706124043428,-7.958105396459896,-3.714477532222071,0.0,0.0,0.0,71.12368400951445,-23.098760975893345,-7.280046369685288,-3.0421026815303764,-17.264080462192922,0.36464541719667226,9.616902267018,24.218832213098576,17.26793098449707,179.81144349863564,178.79000000000002,-1.0214434986356267,0.0,False,0.0,0.0,False,False,133.12664124456435,26.44287001878132
277.84300000000803,3.6,False,True,-72.99696282476495,-8.707186127537236,-4.026086488272498,0.0,0.0,0.0,73.51443172534012,-23.29927071071997,-7.701568251861535,-3.1900764394781844,-17.312127302140066,0.3656602444871193,10.046196385060446,24.539155836937322,17.315988540649414,180.42330288931552,178.79000000000002,1.6333028893155086,0.0,False,0.0,0.0,False,False,142.81768676112608,27.264273777761986
277.94200000001,3.7,False,True,-75.33038011452625,-9.50085464952336,-4.36023466639296,0.0,0.0,0.0,75.92715197655171,-23.369075084505997,-8.171802187860933,-3.4928871229310445,-17.364783175749384,0.3667724220538408,10.438332131841818,24.756656100992473,17.368656158447266,180.00022059173253,178.79000000000002,1.21022059173251,0.0,False,0.0,0.0,False,False,153.06064580908009,28.085635208031377
278.0430000000051,3.8,False,True,-77.68188671998892,-10.335481931950278,-4.7175455813607705,0.0,0.0,0.0,78.3664322981649,-23.661057024747713,-8.520743460677426,-3.6533311764251746,-17.488571103006436,0.3693870241160479,10.822846321127752,25.148532534743257,17.49247169494629,179.00985731366302,178.79000000000002,-0.219857313663001,0.0,False,0.0,0.0,False,False,163.87343376449346,28.93169377879672
278.1420000000071,3.9,False,True,-80.06237103309282,-11.216613759821477,-5.097018448163226,0.0,0.0,0.0,80.84426806940388,-23.948629237330312,-9.101893096746544,-3.9361261596239294,-17.569537160210583,0.37109715873761845,11.42061119681734,25.619939506012006,17.573455810546875,178.89512005096955,178.79000000000002,-0.10512005096951828,0.0,False,0.0,0.0,False,False,175.27641987992774,29.820469285867098
278.2430000000022,4.0,False,True,-82.47054401584856,-12.150328841823002,-5.503914241398346,0.0,0.0,0.0,83.36078887123399,-24.214830417784512,-9.572408543283961,-4.201789705078469,-17.573865876144858,0.37118858824822787,11.957321353778626,26.038222241189928,17.57778549194336,179.62881975771626,178.79000000000002,-0.8388197577161984,0.0,False,0.0,0.0,False,False,187.28969298503372,30.711412229147815
278.34300000000803,4.1,False,True,-84.90261104662403,-13.129399931704334,-5.925030351639858,0.0,0.0,0.0,85.91178327273252,-24.426510197724735,-10.009013254342708,-4.220532499751763,-17.375519154035715,0.3669991833510791,12.545043196631847,26.397627673053474,17.37939453125,180.38362702159964,178.79000000000002,1.5936270215996238,0.0,False,0.0,0.0,False,False,199.93301492078928,31.638404176152495
278.4429999999993,4.2,False,True,-87.35635318294554,-14.157418124983849,-6.3597526215651214,0.0,0.0,0.0,88.49612945993255,-24.648332528705616,-10.551350611247575,-4.473912898753498,-16.98227152025498,0.3586931546694121,13.33407463454106,26.811775326656793,16.986059188842773,180.5374801625792,178.79000000000002,1.7474801625791698,0.0,False,0.0,0.0,False,False,213.22770151346293,32.58123643792428
278.5430000000051,4.3,False,True,-89.84210652839485,-15.234042973362655,-6.826159910103557,0.0,0.0,0.0,91.12453111415009,-25.066734380280664,-10.981146356328576,-4.854232872015195,-16.40890353744871,0.34658269169077466,14.257471034108175,27.36652604534695,16.41256332397461,178.3897645539233,178.79000000000002,0.4002354460767263,0.0,False,0.0,0.0,False,False,227.1944192970584,33.52556174948447
278.64300000001094,4.4,False,True,-92.36759769868614,-16.351846534767734,-7.323417061691174,0.0,0.0,0.0,93.80381649870608,-25.443089025545376,-11.37492487177299,-5.090910159737164,-15.406633222103505,0.32541311488746605,15.415198801719415,27.870050143483905,15.410069465637207,177.9758500745959,178.79000000000002,0.8141499254041081,0.0,False,0.0,0.0,False,False,241.8544011759287,34.5004222846329
278.7430000000022,4.5,False,True,-94.92975220042341,-17.50838355459631,-7.844355180906163,0.0,0.0,0.0,96.53083107240221,-25.80000100920004,-11.755815524798596,-5.327852224562618,-14.144592277618777,0.29875676051465627,16.76786407632359,28.352059020956816,14.14774703979492,178.81057754796407,178.79000000000002,-0.020577547964041733,0.0,False,0.0,0.0,False,False,257.22991495523183,35.491351264018334
278.8420000000042,4.6,False,True,-97.52256274926843,-18.71284910816305,-8.3911117662508,0.0,0.0,0.0,99.30166648616668,-26.05620996770032,-12.333495546536206,-5.607279482330112,-12.403605611932907,0.2619842946753591,18.57524476623353,28.827785039390626,12.4063720703125,180.2418007295495,178.79000000000002,1.4518007295494797,0.0,False,0.0,0.0,False,False,273.34545344546336,36.536953694345556
278.9429999999993,4.7,False,True,-100.13707141999552,-19.971119164900113,-8.967242345318061,0.0,0.0,0.0,102.10915078126898,-26.233963446841702,-12.83190558820504,-5.91533209901512,-10.374813683932295,0.21913291428408313,20.538798338652704,29.204086001017636,10.377127647399902,179.55556060791685,178.79000000000002,-0.7655606079168241,0.0,False,0.0,0.0,False,False,290.22478520665305,37.56692517254311
279.0430000000051,4.8,False,True,-102.77683107220543,-21.275517592655497,-9.57864667056351,0.0,0.0,0.0,104.9558223924716,-26.561229597356363,-13.25606296690264,-6.312754405893864,-9.67716102034436,0.2043973570020431,21.592956347954214,29.68538568228426,9.679319381713867,179.11412814014955,178.79000000000002,-0.3241281401495059,0.0,False,0.0,0.0,False,False,307.8892209868422,38.60280349907997
279.14300000001094,4.9,False,True,-105.44250506714755,-22.621847708485387,-10.227403597055378,0.0,0.0,0.0,107.84187437438827,-26.752250301486132,-13.67053934969516,-6.662384123943518,-9.17406220838395,0.19377109303274556,22.387760064124627,30.042745252471995,9.176108360290526,180.16496368834336,178.79000000000002,1.3749636883433256,0.0,False,0.0,0.0,False,False,326.36129200062135,39.64337866793794
279.2430000000022,5.0,False,True,-108.1289366395596,-24.020202881916685,-10.897375250309473,0.0,0.0,0.0,110.76478269418638,-26.97638114675475,-14.296564118930805,-6.7370489411383705,-8.635210491114405,0.18238966963859524,23.367469778109285,30.530589338918514,8.637136459350586,181.73364083713952,178.79000000000002,2.943640837139484,0.0,False,0.0,0.0,False,False,345.6735185015293,40.864285639816096
279.34300000000803,5.1,False,True,-110.83136075114616,-25.480136810055015,-11.57975738299383,0.0,0.0,0.0,113.72259185320137,-27.07210108497681,-14.902114443835774,-6.910593712548783,-8.107950007239793,0.17125307191855912,24.22489286589792,30.902615941896915,8.109758377075195,181.03932540256966,178.79000000000002,2.2493254025696405,0.0,False,0.0,0.0,False,False,365.8595593399457,42.06463884484384
279.44400000000314,5.2,False,True,-113.54648203225125,-26.998549957799714,-12.28425801849862,-167.97031719662033,33.38536576494577,0.0,81.29065820873913,-27.23032453712483,-15.466148511058208,-7.179418997547043,-6.191970466498049,4.832478545319883,29.234339437979152,31.31600747482429,7.854511260986327,179.42483385384494,142.02999999999997,-37.39483385384501,0.0,False,0.0,0.0,False,False,386.9438959164186,43.2696705275405
279.5430000000051,5.3,False,True,-116.27515935382617,-28.588172169059828,-13.014197965778298,-167.97031719662033,33.38536576494577,0.0,80.70383354245963,-27.343221894373748,-16.32629571414406,-7.41937994804648,-6.1837584137565695,4.826069508180423,29.918981421267908,31.846502403099755,7.844094276428222,180.42295947744108,142.02999999999997,38.3929594774411,0.0,False,0.0,0.0,False,False,408.96271798650145,44.64176786471048
279.6420000000071,5.4,False,True,-119.02118866384602,-30.253995659524666,-13.768467532508721,-167.97031719662033,33.38536576494577,0.0,80.28689498686842,-27.57736430602311,-16.99017409515273,-7.66601138656198,-6.149334778775297,4.799203831349602,30.56039004732353,32.39100242120821,7.800427913665771,181.82839592333383,142.02999999999997,39.798395923333864,0.0,False,0.0,0.0,False,False,431.9532250182061,45.996463712059494
279.7430000000022,5.5,False,True,-121.7880314356924,-31.984937002647527,-14.55248797800979,-167.97031719662033,33.38536576494577,0.0,80.03799099197096,-27.759491130904557,-17.628652767304455,-8.014397523459403,-6.072899084904841,4.739550147159063,31.155172543130497,32.88401961799926,7.703469276428222,182.10390060993853,142.02999999999997,40.07390060993856,0.0,False,0.0,0.0,False,False,455.94198605389863,47.3316425286605
279.84300000000803,5.6,False,True,-124.57434330815113,-33.77738209555367,-15.369379425055419,-167.97031719662033,33.38536576494577,0.0,79.96277415086175,-27.966746318269767,-18.220249090818402,-8.323431417453172,-5.935819152058041,4.632567105482718,31.742919838994784,33.37838187452957,7.529583454132079,181.90703824617273,142.02999999999997,39.87703824617275,0.0,False,0.0,0.0,False,False,480.95880399819964,48.70160614617292
279.9429999999993,5.7,False,True,-127.38109496141263,-35.62800199254726,-16.21835659227131,-167.97031719662033,33.38536576494577,0.0,80.06453578763858,-28.16828674696016,-18.79214884905347,-8.656111926864664,-5.7612669827590635,4.496339128017345,32.317614500013306,33.86144173870854,7.308164119720458,181.48380016059113,142.02999999999997,39.45380016059117,0.0,False,0.0,0.0,False,False,507.0364110713085,50.0872727393143
280.0430000000051,5.8,False,True,-130.20643747727655,-37.534725344910896,-17.098077859646065,-167.97031719662033,33.38536576494577,0.0,80.34780603406314,-28.3385635703181,-19.342318198219296,-8.938313420630456,-5.60272654954556,4.3726073941185435,32.85294478254958,34.31034040213133,7.107055664062499,181.61791301220387,142.02999999999997,39.58791301220391,0.0,False,0.0,0.0,False,False,534.2083724804219,51.512957078856836
280.14300000001094,5.9,False,True,-133.05579230117925,-39.49457703830875,-18.010333520848747,-167.97031719662033,33.38536576494577,0.0,80.81157164466005,-28.64853290773609,-19.85471566973768,-9.30679980342321,-5.433195362965063,4.240298006283847,33.45925255240051,34.856106668584836,6.892005443572997,179.89658752846034,142.02999999999997,-37.86658752846041,0.0,False,0.0,0.0,False,False,562.5096347471566,52.95096273592997
280.2430000000022,6.0,False,True,-135.92979098668124,-41.50263532179089,-18.95449046923515,-167.97031719662033,33.38536576494577,0.0,81.45433092584375,-28.831440802303774,-20.30644999990514,-9.576339164304825,-5.240121905987545,4.0896152238702745,33.93697578851704,35.264768400421886,6.64709186553955,178.4442385181297,142.02999999999997,-36.4142385181297,0.0,False,0.0,0.0,False,False,591.9731094788729,54.39831343928862
280.34300000000803,6.1,False,True,-138.82727515799996,-43.561257437432694,-19.925140855811954,-167.97031719662033,33.38536576494577,0.0,82.2806157093735,-29.118242624070746,-20.86599231293091,-9.836668567231296,-5.090266039948187,3.972661297580782,34.55868012395913,35.82264212362821,6.456999778747559,178.0800693758246,142.02999999999997,-36.05006937582461,0.0,False,0.0,0.0,False,False,622.6420889240487,55.999491626747044
280.4429999999993,6.2,False,True,-141.7454691629963,-45.689250228901976,-20.915178931451567,-167.97031719662033,33.38536576494577,0.0,83.30988866251806,-29.245637475855965,-21.69386351645467,-9.964092945560967,-5.041564725427098,3.93465270906677,35.25135432334294,36.41333582136844,6.395222187042236,180.1938906988409,142.02999999999997,38.163890698840945,0.0,False,0.0,0.0,False,False,654.5817723337166,57.8777709384081
280.5430000000051,6.3,False,True,-144.67505144442282,-47.895944374559065,-21.931454128918464,-167.97031719662033,33.38536576494577,0.0,84.5536562453681,-29.346008152674077,-22.4400193966872,-10.361411003776901,-5.027155854529285,3.923407410037535,35.86693254367474,36.942423648435835,6.3769445419311515,181.70535502229757,142.02999999999997,39.6753550222976,0.0,False,0.0,0.0,False,False,687.8382619481996,59.58927270517734
280.6420000000071,6.4,False,True,-147.61639298737242,-50.16866490534636,-22.99774257063159,-167.97031719662033,33.38536576494577,0.0,85.99743177541946,-29.480822706318165,-23.014391219058716,-10.964357830485632,-4.980828013459157,3.8872511817038102,36.38609767216902,37.40028222654545,6.318177700042724,179.58478214061736,142.02999999999997,-37.55478214061739,0.0,False,0.0,0.0,False,False,722.4216480418974,61.08605389396677
280.7420000000129,6.5,False,True,-150.56677896156023,-52.492690702567806,-24.118080538909126,-167.97031719662033,33.38536576494577,0.0,87.62376233497766,-29.526896777437564,-23.46612472537015,-11.442401535065096,-4.936112059331969,3.8523529388710473,36.75603236128541,37.71599982675895,6.261455535888671,179.03719443700376,142.02999999999997,-37.007194437003776,0.0,False,0.0,0.0,False,False,758.3477646324975,62.55599402447832
280.8440000000119,6.6,False,True,-153.53664846673576,-54.86954304934429,-25.2880544636625,-167.97031719662033,33.38536576494577,0.0,89.42739917286367,-29.870493326072513,-24.070922210159395,-11.957076960002446,-4.941314980781883,3.856413521268158,37.43527766729101,38.362164532133576,6.268055438995361,179.67965205137648,142.02999999999997,-37.64965205137649,0.0,False,0.0,0.0,False,False,795.669685614064,64.28125444655063
280.9429999999993,6.7,False,True,-156.53497835274817,-57.306545743365945,-26.49878802464931,-167.97031719662033,33.38536576494577,0.0,91.41000923042077,-30.096104394175885,-24.669131670273856,-12.257594259733773,-4.9396726454148805,3.8551317725149623,38.032613153498794,38.914541717338025,6.265972137451171,179.8722097211668,142.02999999999997,-37.84220972116685,0.0,False,0.0,0.0,False,False,834.4582021333206,66.15551781238187
281.0430000000051,6.8,False,True,-159.58027284070184,-59.82028691408288,-27.731384137044394,-167.97031719662033,33.38536576494577,0.0,93.58251191124333,-30.80978536489727,-25.60569174406479,-12.39432798816794,-4.940494001051617,3.855772793578302,39.207118338005166,40.061132334509786,6.267014026641845,182.3601631946964,142.02999999999997,40.33016319469645,0.0,False,0.0,0.0,False,False,874.8272089782197,68.75677555295562
281.14300000001094,6.9,False,True,-162.67727465007698,-62.42668783339592,-28.994164710495003,-167.97031719662033,33.38536576494577,0.0,95.95814667932586,-31.13025082260546,-26.522326642196006,-12.861283480844268,-4.979045464978882,3.8858600046409464,40.106649782868054,40.89653196535946,6.3159165382385245,179.33146126681115,142.02999999999997,-37.30146126681116,0.0,False,0.0,0.0,False,False,916.8605430037771,71.02733016640607
281.2430000000022,7.0,False,True,-165.80699612072343,-65.0951025929509,-30.294562385857194,-167.97031719662033,33.38536576494577,0.0,98.50422633607202,-31.464178590323407,-26.845968548903613,-13.14667002639953,-5.031298719734075,3.926640679208733,40.56661949138863,41.36061607003077,6.382199764251708,180.91766373245255,142.02999999999997,38.88766373245258,0.0,False,0.0,0.0,False,False,960.541827967703,72.8649502729186
281.34300000000803,7.1,False,True,-168.97315859792522,-67.79799296473985,-31.637069215625576,-167.97031719662033,33.38536576494577,0.0,101.18832825329419,-31.85907095371268,-27.211838886875537,-13.703466568968102,-5.064150313858217,3.952279468127935,41.099513925845436,41.89850328638209,6.423871994018554,181.21045220644652,142.02999999999997,39.18045220644653,0.0,False,0.0,0.0,False,False,1005.868195367812,74.58795260130205
281.4429999999993,7.2,False,True,-172.1682523915656,-70.55482281190646,-33.02921674082434,-167.97031719662033,33.38536576494577,0.0,104.02492711505528,-32.042804919094976,-27.924758056456763,-14.139483935007144,-5.131706345096649,4.005003083870779,41.757836066274145,42.50333468793742,6.509566783905029,179.88931842587036,142.02999999999997,-37.859318425870356,0.0,False,0.0,0.0,False,False,1052.9096334859028,76.7590220762947
281.5430000000051,7.3,False,True,-175.38393241737327,-73.37584601028489,-34.46393499894408,-167.97031719662033,33.38536576494577,0.0,107.0183069869685,-32.270795597058715,-28.495705911111713,-14.55488122738763,-5.217807722027694,4.072200280464822,42.338312043229884,43.051242767656674,6.618786334991454,178.80910759099646,142.02999999999997,-36.77910759099648,0.0,False,0.0,0.0,False,False,1101.74543559418,78.85809874176674
281.6420000000071,7.4,False,True,-178.61681252437396,-76.26388326159378,-35.93715816682142,-167.97031719662033,33.38536576494577,0.0,110.16490219143283,-32.386806542954396,-29.26503911506602,-14.909582130159015,-5.262788690216164,4.1073053516040625,43.00494994390469,43.65028925971852,6.67584466934204,179.7970453163879,142.02999999999997,-37.76704531638798,0.0,False,0.0,0.0,False,False,1152.4448989856655,81.26990858969073
281.7430000000022,7.5,False,True,-181.86039781371173,-79.23073028127492,-37.441863858471095,-167.97031719662033,33.38536576494577,0.0,113.4694647393778,-32.484899243800875,-30.071901278556705,-15.184531702834565,-5.387412962182762,4.204567462875938,43.6938218992673,44.26723308935352,6.833930492401122,180.18576008339534,142.02999999999997,38.15576008339536,0.0,False,0.0,0.0,False,False,1205.106250533916,83.88265274034345
281.84300000000803,7.6,False,True,-185.127314771691,-82.26116578519787,-38.98442171882736,-167.97031719662033,33.38536576494577,0.0,116.91228688794583,-32.85343991578422,-30.53680879990265,-15.666625504290712,-5.573172782881867,4.3495423707776855,44.28623344614601,44.85359746978893,7.06956672668457,178.7571139902017,142.02999999999997,-36.727113990201694,0.0,False,0.0,0.0,False,False,1259.7617219566898,86.02945634949265
281.94400000000314,7.7,False,True,-188.42616257032955,-85.3428109671398,-40.572721371661466,-167.97031719662033,33.38536576494577,0.0,120.4774732474019,-33.12351605698681,-31.09609483893569,-16.099367552391275,-5.672327511980258,4.4269269616163385,44.893795009733736,45.43274623231074,7.195344448089599,180.31615312827023,142.02999999999997,38.28615312827026,0.0,False,0.0,0.0,False,False,1316.437134716727,88.35876191000071
282.04400000000896,7.8,False,True,-191.7489334383241,-88.48277384244362,-42.20270837535955,-167.97031719662033,33.38536576494577,0.0,124.16628383637955,-33.33190130290351,-31.703162667140965,-16.500372521570423,-5.765998893402189,4.500032113438545,45.503299748158156,46.00115398080467,7.314166545867919,181.02402394063466,142.02999999999997,38.99402394063469,0.0,False,0.0,0.0,False,False,1375.213758586262,90.81588401170383
282.14300000001094,7.9,False,True,-195.09212925429253,-91.68814376222615,-43.87827510235425,-167.97031719662033,33.38536576494577,0.0,127.98037144318366,-33.532015016465174,-32.4042357285096,-17.01096201832362,-5.879856076351386,4.588891127997724,46.18585637044049,46.6307894444568,7.458594322204589,180.6569730665784,142.02999999999997,38.62697306657843,0.0,False,0.0,0.0,False,False,1436.1671237856015,93.35584614757121
282.2430000000022,8.0,False,True,-198.45400567942926,-94.96226355817097,-45.59984640117893,-167.97031719662033,33.38536576494577,0.0,131.9180397685666,-33.70551348626961,-33.07816019038701,-17.42046395816996,-6.0044017838657755,4.686091924211366,46.83471284553801,47.22527205802002,7.6165804862976065,180.6351798594615,142.02999999999997,38.60517985946151,0.0,False,0.0,0.0,False,False,1499.3750853387462,96.02266605601045
282.34300000000803,8.1,False,True,-201.83838258354342,-98.2989646709896,-47.36534356445651,-167.97031719662033,33.38536576494577,0.0,135.96988172170157,-33.98202459601319,-33.655862065985616,-17.88947930738158,-6.122275151539404,4.778085341077512,47.46929483779754,47.82776439526204,7.766102790832519,180.40817307569324,142.02999999999997,38.37817307569326,0.0,False,0.0,0.0,False,False,1564.900415340652,98.59334108309163
282.445000000007,8.2,False,True,-205.24580193572447,-101.70017729597342,-49.17904542798256,-167.97031719662033,33.38536576494577,0.0,140.13409901447483,-34.166362447607675,-34.368390433690514,-18.38455796313937,-6.242371254169564,4.8718134753567135,48.1616329353025,48.46159906466032,7.918444633483886,180.46196605877233,142.02999999999997,38.43196605877237,0.0,False,0.0,0.0,False,False,1632.8137620481066,101.37011336369194
282.5430000000051,8.3,False,True,-208.67007855698586,-105.17454638856313,-51.03492381887461,-167.97031719662033,33.38536576494577,0.0,144.4137106745021,-34.319169977619616,-35.11899141810377,-18.733009854701706,-6.382840735655471,4.981441865741586,48.87211107643657,49.10345187639657,8.096630096435547,180.30447624553148,142.02999999999997,38.274476245531496,0.0,False,0.0,0.0,False,False,1703.231016946289,104.46438134457341
282.64300000001094,8.4,False,True,-212.1073443921737,-108.7238757745379,-52.92533221671689,-167.97031719662033,33.38536576494577,0.0,148.80562388763514,-34.426146726137524,-35.86759630139167,-19.07515810214378,-6.528306014126374,5.094969189733684,49.560279337464195,49.71563177562119,8.281152725219727,181.13740865573314,142.02999999999997,39.10740865573317,0.0,False,0.0,0.0,False,False,1776.2590014831785,107.62419049962502
282.7430000000022,8.5,False,True,-215.55902733839156,-112.3413443114822,-54.850083534174374,-167.97031719662033,33.38536576494577,0.0,153.30022623159044,-34.60751219821947,-36.48177443749419,-19.419868247005972,-6.664839003059467,5.201525372990275,50.18257136080461,50.28518436535868,8.454344749450684,179.95986840702633,142.02999999999997,-37.92986840702634,0.0,False,0.0,0.0,False,False,1851.9613896226142,110.65997873547994
282.84300000000803,8.6,False,True,-219.02946376618868,-116.0274484449172,-56.81300146334529,-167.97031719662033,33.38536576494577,0.0,157.89624915913518,-34.80121635772281,-37.24030823120559,-19.838490336412296,-6.771804692695951,5.2850059714605715,50.93181978216588,50.97023854301873,8.590030670166016,179.2511458270722,142.02999999999997,-37.22114582707225,0.0,False,0.0,0.0,False,False,1930.426111688968,113.9817267517549
282.9429999999993,8.7,False,True,-222.52690077937368,-119.78047100326471,-58.817670713109464,-167.97031719662033,33.38536576494577,0.0,162.5921104024671,-35.147523905976854,-37.82014293574474,-20.25489465887131,-6.823046007234168,5.324996884608445,51.6118120041739,51.63053019678742,8.655030250549316,179.62157737003406,142.02999999999997,-37.59157737003408,0.0,False,0.0,0.0,False,False,2011.7408929249052,117.13706788144171
283.0430000000051,8.8,False,True,-226.05055695301527,-123.5981744515205,-60.866367186693495,-167.97031719662033,33.38536576494577,0.0,167.38323138551007,-35.3255995668549,-38.53392602937123,-20.719034812809213,-6.8593578204137575,5.3533361764512355,52.31078954756315,52.27582079695002,8.701091766357422,181.27773066143342,142.02999999999997,39.24773066143345,0.0,False,0.0,0.0,False,False,2095.977170791279,120.45221811774957
283.14400000000023,8.9,False,True,-229.59960806374974,-127.47676660163685,-62.968782873895904,-167.97031719662033,33.38536576494577,0.0,172.2637371076954,-35.655422647834015,-39.03791697295578,-21.32927893123893,-6.890346046166596,5.377520713008435,52.91654501888388,52.87029530637278,8.740400314331055,179.91998149504772,142.02999999999997,-37.88998149504772,0.0,False,0.0,0.0,False,False,2183.169124132102,123.26313135261125
283.2430000000022,9.0,False,True,-233.17368974302087,-131.40382364961934,-65.12041044459691,-167.97031719662033,33.38536576494577,0.0,177.22007995521872,-35.82621093758868,-39.50322398669369,-21.703272482781234,-6.914271741162916,5.396193348541365,53.40278930113507,53.329373664871504,8.770750045776367,177.94731448170404,142.02999999999997,-35.91731448170408,0.0,False,0.0,0.0,False,False,2273.353330998563,126.2918409059572
283.34300000000803,9.1,False,True,-236.77446620120728,-135.3875934735397,-67.31923309340162,-167.97031719662033,33.38536576494577,0.0,182.25894406135706,-36.18931822613934,-40.172172491714065,-22.273180493312946,-6.906861121015269,5.390409783670573,54.160974859345224,54.06912424273958,8.76134967803955,178.27589714853005,142.02999999999997,-36.24589714853009,0.0,False,0.0,0.0,False,False,2366.6735490305027,129.72668344208412
283.4429999999993,9.2,False,True,-240.39909970415616,-139.4460472946697,-69.56238160909427,-167.97031719662033,33.38536576494577,0.0,187.39430587856012,-36.30335183283791,-40.996903930885914,-22.589789820540183,-6.864821245047312,5.357600066673012,54.91235857280207,54.760199837264146,8.708022117614744,179.19775906239133,142.02999999999997,-37.16775906239138,0.0,False,0.0,0.0,False,False,2463.3367915308945,133.8527232021589
283.5430000000051,9.3,False,True,-244.02935389841758,-143.58297904006238,-71.84182875384307,-167.97031719662033,33.38536576494577,0.0,192.62079879138076,-36.30173205239069,-41.74173097696737,-22.99915307443572,-6.826317897148194,5.327550407416367,55.536630161231095,55.31896469527504,8.659180641174316,180.2822179505403,142.02999999999997,38.25221795054034,0.0,False,0.0,0.0,False,False,2563.464280999708,137.60850213198424
283.64300000001094,9.4,False,True,-247.67216762779728,-147.78797523052947,-74.16683992202569,-167.97031719662033,33.38536576494577,0.0,197.92969572455883,-36.55454253520335,-42.35819283237463,-23.501070289216603,-6.789809108978376,5.299057387867768,56.1885473605523,55.95043413578329,8.612869262695312,179.55929285509032,142.02999999999997,-37.529292855090354,0.0,False,0.0,0.0,False,False,2667.077961025905,141.1970736531141
283.7430000000022,9.5,False,True,-251.3336390178972,-152.05730922538507,-76.5386810879224,-167.97031719662033,33.38536576494577,0.0,203.31854104495056,-36.67488526679544,-43.02848706473694,-23.93575302871759,-7.1134420251757735,5.551634355497871,56.86745223528358,56.53757961226182,9.023397445678711,180.1919693781123,142.02999999999997,38.161969378112325,0.0,False,0.0,0.0,False,False,2774.2711378410686,145.0176335464151
283.84300000000803,9.6,False,True,-255.00650848347166,-156.38890263531513,-78.95331817428541,-167.97031719662033,33.38536576494577,0.0,208.78115705344587,-36.78250404469392,-43.6033811338641,-24.35698869854279,-7.975772970756762,6.224634302127518,57.55570238869087,57.04566109795679,10.11726379394531,179.3362335423823,142.02999999999997,-37.306233542382344,0.0,False,0.0,0.0,False,False,2885.1362817233776,148.6741335911556
283.9429999999993,9.7,False,True,-258.69337150008414,-160.78948555853532,-81.4141886249848,-167.97031719662033,33.38536576494577,0.0,214.3234599119873,-36.95475628755588,-44.40827733053957,-24.86042031544503,-10.705682440104697,8.355172393784555,58.932126252666514,57.77325599045605,13.58015251159668,180.47112596562727,142.02999999999997,38.441125965627286,0.0,False,0.0,0.0,False,False,2999.8226453586735,152.9913971883759
284.0430000000051,9.8,False,True,-262.40168000979,-165.26045484849757,-83.91883215484097,-167.97031719662033,33.38536576494577,0.0,219.94873113964715,-37.21141390656148,-45.01110846870566,-25.23245028167844,-14.231405453371528,11.106797407265697,60.64074660171214,58.401106243863424,18.05253028869629,179.18065480442658,142.02999999999997,-37.15065480442657,0.0,False,0.0,0.0,False,False,3118.4952750209623,157.18052313675608
284.14300000001094,9.9,False,True,-266.13503826050555,-169.79712837395246,-86.461688758432,-167.97031719662033,33.38536576494577,0.0,225.65335890709406,-37.45575110774851,-45.722362040391864,-25.62468179014207,-15.447634296854662,12.055994407498726,61.827952249621276,59.105563880215804,19.59531593322754,178.49865095460135,142.02999999999997,-36.46865095460138,0.0,False,0.0,0.0,False,False,3241.286224572613,161.7587245927011
284.24400000000605,10.0,False,True,-269.89446373531683,-174.40682118837526,-89.04555379425538,-167.97031719662033,33.38536576494577,0.0,231.44356678569744,-37.73275838847687,-46.47149424806404,-26.052618926325543,-15.722942180907344,12.27085645347267,62.73034174491097,59.86117968475914,19.944543838500977,178.81987435170322,142.02999999999997,-36.789874351703254,0.0,False,0.0,0.0,False,False,3368.373778937906,166.5385152939758
284.34300000000803,10.1,False,True,-273.6779573564642,-179.08681762465966,-91.67550747641108,-167.97031719662033,33.38536576494577,0.0,237.31526268343796,-37.937114034471676,-47.12843447762377,-26.546454716788375,-15.003327885689336,11.709238683917436,63.14927022683973,60.50052857270079,19.031713485717773,177.8976938351411,142.02999999999997,-35.86769383514116,0.0,False,0.0,0.0,False,False,3499.832514567925,170.8924668199224
284.4429999999993,10.2,False,True,-277.48484475772204,-183.8267831477501,-94.35194508819477,-167.97031719662033,33.38536576494577,0.0,243.2581948921813,-38.20063399068498,-47.670875984185216,-26.982297518885353,-13.995435429581148,10.922636309683693,63.396303680216484,61.08846744181624,17.753202438354492,176.50891379215338,142.02999999999997,-34.47891379215342,0.0,False,0.0,0.0,False,False,3635.6957668938308,175.1593981359003
284.5430000000051,10.3,False,True,-281.31645669231074,-188.6282331428566,-97.07122928110833,-167.97031719662033,33.38536576494577,0.0,249.27371589995414,-38.43160470108896,-48.358123917944845,-27.403386339385996,-13.635515510031173,10.641739412860765,63.99867117545983,61.76970445747715,17.29664421081543,177.3913759985302,142.02999999999997,-35.361375998530214,0.0,False,0.0,0.0,False,False,3776.1358961077076,180.03763674804338
284.64300000001094,10.4,False,True,-285.16649282378904,-193.49803095875833,-99.8343763864615,-167.97031719662033,33.38536576494577,0.0,255.36448322059172,-38.56911792847706,-49.03783240008973,-27.859555767677158,-13.884758039460852,10.836258941428767,64.7628322195916,62.38818689688025,17.612808227539062,177.29855844139487,142.02999999999997,-35.26855844139488,0.0,False,0.0,0.0,False,False,3921.325418579204,184.7974346472985
284.7430000000022,10.5,False,True,-289.03629058372934,-198.43930234704348,-102.6410915007545,-167.97031719662033,33.38536576494577,0.0,261.53326109197303,-38.82683727032922,-49.787595365613015,-28.27474651818274,-13.680837801294313,10.677110867123812,65.48512799947686,63.137373596837534,17.354135513305664,176.85531258841846,142.02999999999997,-34.825312588418505,0.0,False,0.0,0.0,False,False,4071.447632770669,190.19946586996213
284.84300000000803,10.6,False,True,-292.92841754856556,-203.4584668167827,-105.49459471899101,-167.97031719662033,33.38536576494577,0.0,267.786347440583,-39.01570202639495,-50.595694029170964,-28.795317846547544,-13.681739976822078,10.67781496348629,66.30424222779752,63.89169945232264,17.35527992248535,177.5526419564606,142.02999999999997,-35.52264195646064,0.0,False,0.0,0.0,False,False,4226.709769004188,195.59508332259261
284.9429999999993,10.7,False,True,-296.83840813908944,-208.55137502062803,-108.40140902619675,-167.97031719662033,33.38536576494577,0.0,274.11744089915624,-39.18410978408198,-51.26247004773519,-29.340968297567034,-13.753990703963115,10.734202520675382,67.00953936555405,64.52313767142712,17.446929931640625,177.33034980037158,142.02999999999997,-35.30034980037165,0.0,False,0.0,0.0,False,False,4387.154166364642,200.46341125837384
285.04400000000896,10.8,False,True,-300.76761274240704,-213.71075222695075,-111.36010284091095,-167.97031719662033,33.38536576494577,0.0,280.52025458233896,-39.399982282269846,-51.92507407871937,-29.832907996717275,-13.721566515495251,10.708897297407903,67.69339263648165,65.18107027292258,17.405799865722656,177.19423898397596,142.02999999999997,-35.164238983976006,0.0,False,0.0,0.0,False,False,4552.86680660577,205.6423682211911
285.14300000001094,10.9,False,True,-304.71780243545504,-218.93921934719404,-114.36868721996163,-167.97031719662033,33.38536576494577,0.0,286.9975103919175,-39.60381157868965,-52.644268326146296,-30.33877958429628,-13.79139941222188,10.763397876345552,68.46030057703692,65.87777226922327,17.494382858276367,177.00869535597684,142.02999999999997,-34.97869535597686,0.0,False,0.0,0.0,False,False,4724.054835190654,211.11913544430288
285.24400000000605,11.0,False,True,-308.68814074379026,-224.23900829003966,-117.42145402553788,-167.97031719662033,33.38536576494577,0.0,293.55037722863773,-39.802954588015474,-53.35151053076631,-30.71655652722871,-13.858823500289375,10.816018517995385,69.21394167449786,66.56319455863046,17.579910278320312,176.79617313259584,142.02999999999997,-34.76617313259588,0.0,False,0.0,0.0,False,False,4900.952113040198,217.04521219292116
285.34300000000803,11.1,False,True,-312.6754259814502,-229.61126042172182,-120.51857482816519,-167.97031719662033,33.38536576494577,0.0,300.1779370540067,-39.942750165183476,-54.09353210287676,-31.22585952531742,-13.831412400504124,10.794625723515413,69.9447995633982,67.24234905268571,17.54513931274414,176.4036628154136,142.02999999999997,-34.37366281541364,0.0,False,0.0,0.0,False,False,5083.726220279217,222.7811466736327
285.44200000001,11.2,False,True,-316.67936387583427,-235.0517631725784,-123.66459336909078,-167.97031719662033,33.38536576494577,0.0,306.8759892146364,-40.136007722497226,-54.716522914254924,-31.694511293194648,-13.787568173480638,10.760407813792893,70.57952057242777,67.85865453813936,17.48952293395996,175.7956107379213,142.02999999999997,-33.765610737921335,0.0,False,0.0,0.0,False,False,5272.449613123165,228.31572269987527
285.5430000000051,11.3,False,True,-320.6982383564453,-240.5614978070114,-126.85576847796325,-167.97031719662033,33.38536576494577,0.0,313.6442283268006,-40.24148188972368,-55.47816977440486,-32.128990884254684,-13.800819628357623,10.770749815863766,71.33041404406332,68.5361524029373,17.506332397460938,175.97819583276288,142.02999999999997,-33.94819583276294,0.0,False,0.0,0.0,False,False,5467.332938923761,234.59193775624533
285.64300000001094,11.4,False,True,-324.73250006820507,-246.1460455171831,-130.09139034418965,-167.97031719662033,33.38536576494577,0.0,320.487428570986,-40.44375234547099,-56.21278442902928,-32.58344644027321,-13.813812459583314,10.780889976977393,72.09234431438628,69.2500847439648,17.52281379699707,176.84110436123598,142.02999999999997,-34.81110436123601,0.0,False,0.0,0.0,False,False,5668.644673777962,240.98127236652218
285.7430000000022,11.5,False,True,-328.78331060803464,-251.80542567355744,-133.3753990376213,-167.97031719662033,33.38536576494577,0.0,327.4058740634618,-40.5724584511203,-56.97481869845766,-33.09672742835982,-13.854884000484804,10.812943963879228,72.8629504706649,69.94465205067507,17.574913024902344,176.61735714488307,142.02999999999997,-34.587357144883114,0.0,False,0.0,0.0,False,False,5876.540555265083,247.3391547914992
285.84300000000803,11.6,False,True,-332.851201111655,-257.5423708432823,-136.71136117584334,-167.97031719662033,33.38536576494577,0.0,334.40193451681716,-40.785351621286004,-57.76408469603983,-33.62251533608154,-13.841474664890459,10.802478744944922,73.67052414329608,70.7116283764078,17.557903289794922,175.83802665948872,142.02999999999997,-33.80802665948874,0.0,False,0.0,0.0,False,False,6091.220888269192,254.08918741281136
285.9429999999993,11.7,False,True,-336.9392817084142,-263.35526349535814,-140.09687585952835,-167.97031719662033,33.38536576494577,0.0,341.4754925642381,-40.97626031389863,-58.49376834547653,-34.08777833761894,-13.834756464460371,10.797235574032333,74.41709786992816,71.41830888901428,17.549381256103516,175.18793536568793,142.02999999999997,-33.15793536568794,0.0,False,0.0,0.0,False,False,6312.90418506684,260.8586963361461
286.04400000000896,11.8,False,True,-341.044083246136,-269.24463248217756,-143.53647302259253,-167.97031719662033,33.38536576494577,0.0,348.625077029201,-41.11977044053695,-59.29361139091244,-34.704164923665004,-13.82644141334614,10.790746152558155,75.21132216406995,72.15655114304589,17.538833618164062,176.1680088122459,142.02999999999997,-34.13800881224591,0.0,False,0.0,0.0,False,False,6541.728531828812,267.54311572903134
286.14300000001094,11.9,False,True,-345.17137173509184,-275.20488671546343,-147.02491960024167,-167.97031719662033,33.38536576494577,0.0,355.84850379827236,-41.425999338580475,-59.91147327480453,-35.064766629317695,-13.620695773361758,10.63017345661312,75.82386715232936,72.83884987530821,17.27784538269043,175.30714487040964,142.02999999999997,-33.2771448704097,0.0,False,0.0,0.0,False,False,6777.901491358207,274.60116541952993
286.2430000000022,12.0,False,True,-349.326762353864,-281.2320072296896,-150.55183148359959,-167.97031719662033,33.38536576494577,0.0,363.1449457036651,-41.68181303686327,-60.630937009718494,-35.473471037840596,-13.633814909161336,10.640412191217495,76.59174508975056,73.57638249272979,17.29448699951172,174.5640442277839,142.02999999999997,-32.53404422778397,0.0,False,0.0,0.0,False,False,7021.726211214721,282.1212247065277
286.34300000000803,12.1,False,True,-353.5104978486038,-287.3317406572481,-154.1191931273224,-167.97031719662033,33.38536576494577,0.0,370.5193935385778,-41.99289685793294,-61.363731541450264,-35.87376183661561,-13.872536568311398,10.826720782705058,77.47397027120958,74.35664687983295,17.597305297851562,174.846627491964,142.02999999999997,-32.81662749196404,0.0,False,0.0,0.0,False,False,7273.506989664628,290.03274260269404
286.4429999999993,12.2,False,True,-357.719287960498,-293.50698259333075,-157.7275840905013,-167.97031719662033,33.38536576494577,0.0,377.97259070088626,-42.18290537995066,-62.14110718020367,-36.29405742696242,-13.860602289704952,10.817406761323404,78.26300281034291,75.10602311316603,17.58216667175293,175.06396010255912,142.02999999999997,-33.033960102559114,0.0,False,0.0,0.0,False,False,7533.503169567339,298.0860495289743
286.5430000000051,12.3,False,True,-361.95032680844616,-299.75505194169386,-161.38502839024665,-167.97031719662033,33.38536576494577,0.0,385.5006900626228,-42.437871579013176,-62.82027978705807,-36.85482856794475,-13.740113740720215,10.723372345126524,78.9444746254295,75.8113480732342,17.4293270111084,174.92852903569363,142.02999999999997,-32.89852903569366,0.0,False,0.0,0.0,False,False,7801.771383077796,305.2804650996256
286.64300000001094,12.4,False,True,-366.207977451833,-306.07127888507824,-165.09416634478364,-167.97031719662033,33.38536576494577,0.0,393.10174705858765,-42.71514128872474,-63.504259080630014,-37.32793052279541,-13.57371197550165,10.593505291549176,79.62224304409268,76.53348428430196,17.218246459960938,175.32279049972175,142.02999999999997,-33.29279049972178,0.0,False,0.0,0.0,False,False,8078.442089109589,313.0681082209595
286.7420000000129,12.5,False,True,-370.49420240439275,-312.4530148712598,-168.85607040703357,-167.97031719662033,33.38536576494577,0.0,400.77438740608665,-43.0093577624699,-64.1304606430018,-37.91015072220355,-13.615908228561086,10.626437051916232,80.32788201160842,77.21736098458514,17.271772384643555,175.4231478198414,142.02999999999997,-33.39314781984141,0.0,False,0.0,0.0,False,False,8363.685443720391,320.2238409486962
286.84300000000803,12.6,False,True,-374.8093422903019,-318.90147740355354,-172.67232280810168,-167.97031719662033,33.38536576494577,0.0,408.51976962116714,-43.2934399557127,-64.83879000287189,-38.4148972991589,-13.743414199525953,10.725948164319258,81.13712884042333,77.96403422242477,17.43351364135742,174.7212859132009,142.02999999999997,-32.69128591320088,0.0,False,0.0,0.0,False,False,8657.735074898826,328.377383139589
286.94400000000314,12.7,False,True,-379.16065315182914,-325.4213712505486,-176.5376989908962,-167.97031719662033,33.38536576494577,0.0,416.34556864290045,-43.73277727483177,-65.55908693702969,-38.89262635673128,-13.730869448812385,10.716157704398995,81.96357372827735,78.80704085414614,17.417600631713867,174.82601476811175,142.02999999999997,-32.79601476811175,0.0,False,0.0,0.0,False,False,8961.073607975857,337.2536019427411
287.0430000000051,12.8,False,True,-383.5458960114208,-332.02250948535436,-180.45438582234232,-167.97031719662033,33.38536576494577,0.0,424.25905467800584,-43.972079917001196,-66.46367775908537,-39.44111027219121,-13.708546619003727,10.698736013403401,82.88497781187957,79.69293741286413,17.389284133911133,175.84233942289188,142.02999999999997,-33.81233942289194,0.0,False,0.0,0.0,False,False,9274.140630236569,346.84210329878556
287.14400000000023,12.9,False,True,-387.9543437570793,-338.70790679312654,-184.41531211290575,-167.97031719662033,33.38536576494577,0.0,432.2573023382354,-44.19687499617016,-67.24426839635859,-39.777415539077694,-13.754632752213707,10.734703602586679,83.71051419536268,80.46835024771293,17.447744369506836,176.8915567557798,142.02999999999997,-34.8615567557798,0.0,False,0.0,0.0,False,False,9597.315046413352,356.7135871481091
287.2430000000022,13.0,False,True,-392.3868349502482,-345.4648200545849,-188.42190500785193,-167.97031719662033,33.38536576494577,0.0,440.32969095458157,-44.452948867208605,-67.8939968328084,-40.354442359845756,-13.730209357051237,10.715642540560449,84.40001259135029,81.15207618369391,17.416763305664062,175.38691248247758,142.02999999999997,-33.35691248247759,0.0,False,0.0,0.0,False,False,9930.553481803585,364.80576727739765
287.34300000000803,13.1,False,True,-396.84236442036365,-352.2947966359132,-192.47536548129895,-167.97031719662033,33.38536576494577,0.0,448.476980089213,-44.6576405350991,-68.70553479375687,-40.71476710909455,-13.719598269218844,10.707361193843763,85.22658334336107,81.94361091298248,17.403303146362305,175.55562896212183,142.02999999999997,-33.52562896212188,0.0,False,0.0,0.0,False,False,10274.144097832346,375.18551727479456
287.44200000001,13.2,False,True,-401.3182562333167,-359.2038439907803,-196.56946506377378,-167.97031719662033,33.38536576494577,0.0,456.7029102921277,-44.86019572396046,-69.47541230358485,-41.16722454040198,-13.77556322445785,10.75103863819618,86.03800211733842,82.69987953525174,17.474294662475586,176.36157626512542,142.02999999999997,-34.33157626512546,0.0,False,0.0,0.0,False,False,10628.618313686882,385.02620678664874
287.5430000000051,13.3,False,True,-405.8129239548738,-366.18428900109825,-200.71689339584748,-167.97031719662033,33.38536576494577,0.0,465.0000156982974,-45.033158707181386,-70.133487902775,-41.78134210107211,-13.750169990603032,10.731220672580285,86.70482383361785,83.34681462752415,17.44208335876465,176.2541841369181,142.02999999999997,-34.22418413691811,0.0,False,0.0,0.0,False,False,10993.817242887128,393.3115732059928
287.64300000001094,13.4,False,True,-410.3303819557862,-373.23589745840746,-204.9208369548252,-167.97031719662033,33.38536576494577,0.0,473.37010118449876,-45.316001311067026,-70.89868124340941,-42.29752907848278,-13.767616561684122,10.744836722736682,87.52693646063203,84.14370432111485,17.464214324951172,174.97125708625137,142.02999999999997,-32.9412570862514,0.0,False,0.0,0.0,False,False,11369.993860919754,403.4064902314926
287.7430000000022,13.5,False,True,-414.87652979444147,-380.35475700408426,-209.17256902669192,-167.97031719662033,33.38536576494577,0.0,481.81279249137054,-45.60695546203771,-71.47850967012597,-42.737112358851384,-13.785860054481404,10.759074724679936,88.17937627376158,84.78898354844563,17.487356185913086,175.11656493894452,142.02999999999997,-33.086564938944555,0.0,False,0.0,0.0,False,False,11757.549695544007,412.6270462904907
287.84300000000803,13.6,False,True,-419.4407814121269,-387.5314142993364,-213.46264732807083,-167.97031719662033,33.38536576494577,0.0,490.3145216210159,-45.678076891671644,-72.0546362349172,-43.06445366872659,-13.771332021232633,10.747736426256155,88.73710208558263,85.31328918443896,17.46892738342285,175.90831516812707,142.02999999999997,-33.87831516812708,0.0,False,0.0,0.0,False,False,12156.572614120381,422.00337028653024
287.9429999999993,13.7,False,True,-424.0217546039196,-394.7774951165427,-217.80440845416715,-167.97031719662033,33.38536576494577,0.0,498.8845297627147,-45.9413869441816,-72.86698010920841,-43.770768853199954,-13.720413234445592,10.707997227557868,89.57102200848496,86.14062818781156,17.40433692932129,176.08729571720824,142.02999999999997,-34.0572957172083,0.0,False,0.0,0.0,False,False,12567.419985902667,432.02713923473164
288.0430000000051,13.8,False,True,-428.6304890985282,-402.1063963574303,-222.21211024393992,-167.97031719662033,33.38536576494577,0.0,507.5399492575775,-46.23330294799034,-73.71104470854456,-44.38326694225521,-13.694435090123607,10.6877227728003,90.45402077211288,87.01055346051827,17.371383666992188,176.86001840896682,142.02999999999997,-34.83001840896686,0.0,False,0.0,0.0,False,False,12990.64229882522,443.1467413911649
288.14300000001094,13.9,False,True,-433.26229117023956,-409.5235027956251,-226.67435104462257,-167.97031719662033,33.38536576494577,0.0,516.2829624386462,-46.40273848623719,-74.63108405535209,-44.861549071397874,-13.738031218876957,10.721747056023137,91.38976353831582,87.88067390671937,17.426685333251953,177.96349715193142,142.02999999999997,-35.93349715193145,0.0,False,0.0,0.0,False,False,13426.946208289173,455.60024585785993
288.2430000000022,14.0,False,True,-437.91388302043777,-417.0201613396243,-231.19386674545942,-167.97031719662033,33.38536576494577,0.0,525.1044349232096,-46.62909851772603,-75.30208682463116,-45.52876494533877,-13.744681756142462,10.726937419708541,92.09982561429042,88.5701818261659,17.435121536254883,176.80752991914466,142.02999999999997,-34.77752991914468,0.0,False,0.0,0.0,False,False,13876.289964234818,465.1104311963792
288.34300000000803,14.1,False,True,-442.58939556266864,-424.5879644688211,-235.77238912200167,-167.97031719662033,33.38536576494577,0.0,533.9992597448284,-46.881152326891566,-76.05397575930539,-46.04168258550643,-13.675696904411934,10.67309869135162,92.86650479362345,89.3423173658162,17.347614288330078,176.1298966673622,142.02999999999997,-34.099896667362216,0.0,False,0.0,0.0,False,False,14338.722791406075,476.5417434864453
288.4429999999993,14.2,False,True,-447.2894817406749,-432.22918147686676,-240.3975430276954,-167.97031719662033,33.38536576494577,0.0,542.9697065995365,-47.120571233233875,-76.77036440160663,-46.46139552836862,-13.69967522631404,10.691812399172363,93.63006280376017,90.07795004162638,17.37803077697754,175.84758237690568,142.02999999999997,-33.81758237690569,0.0,False,0.0,0.0,False,False,14814.959481429383,488.38589996379807
288.5430000000051,14.3,False,True,-452.0140010180049,-439.94944892581634,-245.07061690574733,-272.8430755904019,152.4543243879702,0.0,618.905849992546,-47.36981431336609,-77.63498457738413,-47.000082032669894,-11.07678101173911,13.389528154152629,97.99309253333473,90.9455339113112,17.37741470336914,177.41169979613636,129.60000000000002,-47.81169979613635,0.0,False,0.0,0.0,False,False,15305.5383113567,501.2324672776881
288.64300000001094,14.4,False,True,-456.7485837748947,-447.7544504392148,-249.79333568704908,-272.8430755904019,152.4543243879702,0.0,627.751391332705,-47.32184082443058,-78.46504569058466,-47.454293593365506,-11.016751391580263,13.31696480850662,98.70155505351758,91.63034439659323,17.283239364624023,178.5083032986962,129.60000000000002,-48.90830329869616,0.0,False,0.0,0.0,False,False,15810.821723630044,513.5758708477586
288.7430000000022,14.5,False,True,-461.489471677387,-455.63915872136624,-254.5629104362652,-272.8430755904019,152.4543243879702,0.0,636.6829249765165,-47.495917225414715,-79.2291199524438,-47.93720139095681,-11.028989531459127,13.331758178375434,99.48544102422503,92.37486455482451,17.302438735961914,177.37176934700847,129.60000000000002,-47.771769347008465,0.0,False,0.0,0.0,False,False,16331.020342896265,526.0477243624364
288.8440000000119,14.6,False,True,-466.2481505893933,-463.602569736496,-259.3805309545501,-272.8430755904019,152.4543243879702,0.0,645.702423592826,-47.67766101471079,-80.03910035015076,-48.41520897474194,-10.991285458945383,13.286181783941531,100.27710823925163,93.16338843502407,17.243288040161133,176.8339767914699,129.60000000000002,-47.2339767914699,0.0,False,0.0,0.0,False,False,16866.611816417782,539.3187809508872
288.9429999999993,14.7,False,True,-471.03078654262754,-471.6393542090306,-264.2489365304408,-272.8430755904019,152.4543243879702,0.0,654.8062984098576,-47.97505804997425,-80.69658910054278,-48.9529025430716,-10.998811197654916,13.295278839324798,101.00353493868006,93.88048619047645,17.255094528198242,177.03625242043643,129.60000000000002,-47.4362524204364,0.0,False,0.0,0.0,False,False,17417.782670467055,551.2180658402925
289.04400000000896,14.8,False,True,-475.8394553779747,-479.74723172189294,-269.16666986952174,-272.8430755904019,152.4543243879702,0.0,663.9927241729331,-48.198318656969136,-81.46096115670353,-49.401764238547095,-11.010458463702951,13.309357965426848,101.80545335228533,94.65181516448958,17.273366928100586,177.4912985567883,129.60000000000002,-47.89129855678827,0.0,False,0.0,0.0,False,False,17984.896886073308,564.8566474295934
289.14300000001094,14.9,False,True,-480.67001329390996,-487.9339349398081,-274.1292284929955,-272.8430755904019,152.4543243879702,0.0,673.2675238863669,-48.412839661736356,-82.27310320160089,-49.8494082309278,-10.98002846141524,13.272574411438516,102.61672312490661,95.46028784020224,17.225627899169922,177.50286382044058,129.60000000000002,-47.90286382044054,0.0,False,0.0,0.0,False,False,18568.767055994274,579.2938359499774
289.24400000000605,15.0,False,True,-485.52568245240633,-496.20060392603034,-279.1411942097631,-272.8430755904019,152.4543243879702,0.0,682.6324833229511,-48.700543508190655,-83.06027652284293,-50.38990610442544,-10.99392737012726,13.289375305968646,103.4651840384797,96.28474684000733,17.247432708740234,177.3620739564412,129.60000000000002,-47.76207395644115,0.0,False,0.0,0.0,False,False,19169.795435230488,593.3486566381858
289.3440000000119,15.1,False,True,-490.405225231496,-504.5415327629074,-284.207907821144,-272.8430755904019,152.4543243879702,0.0,692.0815307966758,-48.890312073602246,-83.75830021469936,-50.944366123191806,-10.961156972521962,13.24976270002348,104.15942145167968,96.98306795265823,17.196022033691406,177.41446742987563,129.60000000000002,-47.814467429875634,0.0,False,0.0,0.0,False,False,19787.96494456292,606.1689649712938
289.4429999999993,15.2,False,True,-495.3050148541836,-512.9495831974077,-289.3259308992351,-272.8430755904019,152.4543243879702,0.0,701.6064955877281,-49.105480380149544,-84.40270847530608,-51.41609543863106,-10.969718564120111,13.260111886454654,104.84446962192366,97.64817152068315,17.209453582763672,178.24932819309467,129.60000000000002,-48.64932819309465,0.0,False,0.0,0.0,False,False,20423.387750992886,619.2713249362889
289.5420000000013,15.3,False,True,-500.22516325923954,-521.427025245406,-294.496742060404,-272.8430755904019,152.4543243879702,0.0,711.2093131957283,-49.29748772096942,-85.14613248465777,-52.00012778474603,-10.963083999315922,13.252092075271053,105.60178552108341,98.38753057524121,17.199045181274414,179.6628250268938,129.60000000000002,-50.06282502689379,0.0,False,0.0,0.0,False,False,21076.534784484804,632.8996754659943
289.64400000000023,15.4,False,True,-505.1683268517243,-529.9783719460064,-299.7175995732351,-272.8430755904019,152.4543243879702,0.0,720.894865704631,-49.565784128726364,-85.88080152734952,-52.41702247187529,-10.962984304554341,13.25197156500588,106.38365877918243,99.15784904522435,17.198888778686523,179.6902831070136,129.60000000000002,-50.09028310701362,0.0,False,0.0,0.0,False,False,21748.200230061168,648.2560293347126
289.7430000000022,15.5,False,True,-510.1373509626968,-538.6036562199733,-304.9836328738565,-272.8430755904019,152.4543243879702,0.0,730.6638801024665,-49.814698090723546,-86.62488395198906,-52.903643540552984,-10.950075048719473,13.23636695530321,107.15749323759984,99.92684657070646,17.17863655090332,179.11602039013127,129.60000000000002,-49.516020390131224,0.0,False,0.0,0.0,False,False,22439.054887691545,663.4039595289582
289.84300000000803,15.6,False,True,-515.1280817975872,-547.3042130948232,-310.30088017872424,-272.8430755904019,152.4543243879702,0.0,740.5160599290699,-49.99991860708595,-87.38625354500766,-53.44130255680207,-10.948582058875319,13.234562240600358,107.9331063926304,100.67943766900758,17.176294326782227,179.31373172164416,129.60000000000002,-49.71373172164412,0.0,False,0.0,0.0,False,False,23149.35568887832,678.4041943761362
289.9429999999993,15.7,False,True,-520.1348379473776,-556.0825622987475,-315.67117084893795,-272.8430755904019,152.4543243879702,0.0,750.4516876690502,-50.13520438872058,-88.180730533476,-53.964510847472006,-10.939425946077016,13.22349440149028,108.71580327802411,101.43658095833226,17.161930084228516,179.73562213845946,129.60000000000002,-50.135622138459446,0.0,False,0.0,0.0,False,False,23879.53990354536,694.030296525511
290.04400000000896,15.8,False,True,-525.1600587106317,-564.9342354209258,-321.0903737006419,-272.8430755904019,152.4543243879702,0.0,760.4670970630985,-50.369210876360775,-88.85273191009027,-54.4195461866072,-10.9258723216612,13.207110883976119,109.41658223272282,102.13650362232728,17.140666961669922,179.8129095993294,129.60000000000002,-50.21290959932938,0.0,False,0.0,0.0,False,False,24630.024945147128,709.2741755241263
290.14300000001094,15.9,False,True,-530.210614051953,-573.8558369370929,-326.55527004706806,-272.8430755904019,152.4543243879702,0.0,770.5611593493388,-50.641895950065646,-89.57929841325411,-54.87838074191604,-10.980432103620663,13.273062331048733,110.23447657207373,102.90312108788588,17.226261138916016,179.7027597963973,129.60000000000002,-50.10275979639724,0.0,False,0.0,0.0,False,False,25401.35132907318,725.6839514260455
290.2430000000022,16.0,False,True,-535.2851840677407,-582.8482272854644,-332.06873479608623,-272.8430755904019,152.4543243879702,0.0,780.7340794403017,-50.84950436568687,-90.26850855417679,-55.39091423844768,-10.971148332895945,13.261840180013737,110.94510529492115,103.6053846613751,17.21169662475586,179.91196348520737,129.60000000000002,-50.311963485207336,0.0,False,0.0,0.0,False,False,26193.92794541733,741.1390009839209
290.34300000000803,16.1,False,True,-540.3771804211373,-591.9124396419433,-337.6360800981717,-272.8430755904019,152.4543243879702,0.0,790.9844351439209,-50.9904227022444,-91.01573857539903,-55.955991803262336,-10.93263576018158,13.215286476722017,111.66348050330325,104.32587347239868,17.151277542114258,179.80895460379446,129.60000000000002,-50.20895460379443,0.0,False,0.0,0.0,False,False,27007.96839503432,756.9392000379983
290.4520000000048,16.2,False,True,-545.4874243748395,-601.0547827368506,-343.25857774870025,-272.8430755904019,152.4543243879702,0.0,801.3182360611386,-51.214456371799294,-91.83112332274828,-56.49396120730796,-10.982885567387358,13.27602805928192,112.54373621412887,105.14692459685511,17.23011016845703,180.196655193672,129.60000000000002,50.59665519367198,0.0,False,0.0,0.0,False,False,27844.33222952892,774.6332793211178
290.5430000000051,16.3,False,True,-550.6223023531124,-610.2805317409881,-348.93285818917957,-272.8430755904019,152.4543243879702,0.0,811.742421938728,-51.483103193659815,-92.68385676000051,-56.99164760227911,-10.97418172838549,13.265506925277267,113.42945112974417,106.02267313342612,17.216455459594727,180.1905815847545,129.60000000000002,50.59058158475448,0.0,False,0.0,0.0,False,False,28704.173649902903,793.7979607878258
290.64300000001094,16.4,False,True,-555.7853266308783,-619.5944440141964,-354.6527341049216,-272.8430755904019,152.4543243879702,0.0,822.2624995797597,-51.77738236165582,-93.59438870416518,-57.40587071256081,-10.968692437549699,13.258871512505788,114.38080429973134,106.96170773286798,17.207843780517578,179.6076432451398,129.60000000000002,-50.00764324513976,0.0,False,0.0,0.0,False,False,29588.73888710721,815.1229647684017
290.7430000000022,16.5,False,True,-560.9686158253083,-628.9910370163767,-360.42506650802596,-272.8430755904019,152.4543243879702,0.0,832.8704459854648,-51.88840152694367,-94.3374713394421,-58.04077734952731,-11.024410867165088,13.326223524001707,115.15787825542465,107.66598679128609,17.295255661010742,179.49363364328877,129.60000000000002,-49.89363364328875,0.0,False,0.0,0.0,False,False,30497.795932067893,831.3373832587798
290.84300000000803,16.6,False,True,-566.1680475473718,-638.4626983686093,-366.255552422933,-272.8430755904019,152.4543243879702,0.0,843.5575120047765,-52.100232914323506,-95.09575570520906,-58.5689409486136,-11.031220505696929,13.334454962968051,115.9472913256933,108.43263818090732,17.305938720703125,179.94215932226328,129.60000000000002,-50.34215932226325,0.0,False,0.0,0.0,False,False,31431.037226255597,849.5672446633555
290.94200000001,16.7,False,True,-571.3948108453646,-648.0141709876791,-372.1360466973726,-272.8430755904019,152.4543243879702,0.0,854.3318738714513,-52.43503304553457,-95.93369667618705,-59.04094454017724,-11.021585371727129,13.322808086730186,116.84201933054969,109.32843568095615,17.290822982788086,180.67215542578694,129.60000000000002,51.07215542578691,0.0,False,0.0,0.0,False,False,32389.99532447407,870.5745306357362
291.0430000000051,16.8,False,True,-576.6301964735405,-657.6416227409126,-378.0757005254069,-272.8430755904019,152.4543243879702,0.0,865.1832513225786,-52.272679517984706,-96.61533838848209,-59.752132020507645,-11.023837014391113,13.325529855158264,117.42427993414206,109.8497002085615,17.294355392456055,181.66710095486994,129.60000000000002,52.06710095486992,0.0,False,0.0,0.0,False,False,33374.097644727146,884.5598617720003
291.14300000001094,16.9,False,True,-581.8725330560205,-667.3348367226248,-384.0681568171522,-272.8430755904019,152.4543243879702,0.0,876.1012922350403,-52.57405213161489,-97.24894124576385,-60.09699381439799,-11.030009579080662,13.3329912041374,118.12819839463099,110.55038458078647,17.304039001464844,180.11713361748883,129.60000000000002,50.51713361748879,0.0,False,0.0,0.0,False,False,34383.368209031534,903.920468014541
291.24400000000605,17.0,False,True,-587.1596172044906,-677.0884860899415,-390.11228549016874,-272.8430755904019,152.4543243879702,0.0,887.0942242782519,-53.1676308377865,-97.82404610057065,-60.78557964593243,-11.093713315940674,13.409995793946289,118.92529845170134,111.33885648950108,17.40397834777832,179.3357209203969,129.60000000000002,-49.735720920396886,0.0,False,0.0,0.0,False,False,35418.94045907188,920.6875194643928
291.34300000000803,17.1,False,True,-592.4844391696987,-686.9087460876844,-396.21167852938294,-272.8430755904019,152.4543243879702,0.0,898.1653329922899,-53.32880846637779,-98.58115385428975,-61.202281138351694,-11.110094867373997,13.429797688006731,119.70327081314612,112.08124601237601,17.429677963256836,180.01052654183835,129.60000000000002,50.410526541838315,0.0,False,0.0,0.0,False,False,36481.51548117538,941.3664546612206
291.4429999999993,17.2,False,True,-594.0887087081151,-596.4359386671862,-275.50826189812346,-272.8430755904019,152.4543243879702,0.0,814.8836621849904,-52.887627524119274,-79.14682465692825,-32.80624396893303,-11.080475796866455,13.393994382150973,101.54625115664855,95.19097120212885,17.383211135864258,193.3070535940391,129.60000000000002,63.707053594039074,0.0,False,0.0,0.0,False,False,30128.735344963075,614.8580253027453
291.5420000000013,17.3,False,True,-599.3808128204797,-604.3710906120342,-278.79124505567256,-272.8430755904019,152.4543243879702,0.0,824.2642796004617,-52.954454723174905,-79.55621424003053,-32.853419182049436,-11.085861745571341,13.400504875745137,101.95062877046638,95.56864286592342,17.391660690307617,193.69947648628755,129.60000000000002,64.09947648628751,0.0,False,0.0,0.0,False,False,30921.249545128492,624.1139210817902
291.64300000001094,17.4,False,True,-604.6888225684069,-612.3434073329194,-282.0824739201493,-272.8430755904019,152.4543243879702,0.0,833.6888929527655,-53.20574023536812,-79.89012017767257,-32.97115810748492,-11.112996957567802,13.433305712433201,102.37705239220783,95.98584320615429,17.43423080444336,193.55619696147136,129.60000000000002,63.95619696147131,0.0,False,0.0,0.0,False,False,31730.493566389592,632.9903923013313
291.7430000000022,17.5,False,True,-610.0232834784813,-620.3468918834978,-285.38973739190044,-272.8430755904019,152.4543243879702,0.0,843.1561020725101,-53.48347796612178,-80.17957083389852,-33.17411132753756,-11.140547969667441,13.466609165105288,102.77417355099702,96.3807345607035,17.477453231811523,193.38811640498005,129.60000000000002,63.78811640498004,0.0,False,0.0,0.0,False,False,32556.436732787894,641.2496800048069
291.84300000000803,17.6,False,True,-615.3776991133398,-628.3826092579153,-288.7164004569931,-272.8430755904019,152.4543243879702,0.0,852.6642277341707,-53.60483473104638,-80.53477665445024,-33.35914997431578,-11.16867891348993,13.500613634807715,103.16725230142073,96.74362282509881,17.52158546447754,193.3516324445085,129.60000000000002,63.75163244450849,0.0,False,0.0,0.0,False,False,33399.21326795694,649.9125436692218
291.9429999999993,17.7,False,True,-620.7468103870492,-636.455371922644,-292.06013623863464,-272.8430755904019,152.4543243879702,0.0,862.2154705283137,-53.77739074314305,-80.92047664012271,-33.51556565851495,-11.16426559660534,13.495278851117689,103.5867429729122,97.16033807477892,17.51466178894043,192.99121305273596,129.60000000000002,63.39121305273593,0.0,False,0.0,0.0,False,False,34259.303535575935,659.2963980664264
292.0430000000051,17.8,False,True,-626.1381369874509,-644.5658909349596,-295.41603920274775,-272.8430755904019,152.4543243879702,0.0,871.8134112532073,-54.04914126489288,-81.28990360618897,-33.602493623747655,-11.17876267388684,13.512802807238863,104.04529063752372,97.61843114789257,17.537405014038086,192.9088324569479,129.60000000000002,63.30883245694787,0.0,False,0.0,0.0,False,False,35137.272980265574,669.2939998505506
292.1420000000071,17.9,False,True,-631.5522660299517,-652.7138263767818,-298.78423016392367,-272.8430755904019,152.4543243879702,0.0,881.4579027450645,-54.23343958512198,-81.66880523025361,-33.76132559977126,-11.187282928632627,13.523102025999112,104.47234471369943,98.03601234735211,17.550771713256836,193.33913476375508,129.60000000000002,63.73913476375506,0.0,False,0.0,0.0,False,False,36033.408740278916,678.9225273237521
292.2430000000022,18.0,False,True,-636.9834735135515,-660.8940165406913,-302.1681351204224,-272.8430755904019,152.4543243879702,0.0,891.141825463846,-54.39071008687444,-81.93499804793572,-33.91677353020342,-11.194587393603044,13.531931607379187,104.78473015446956,98.34476726735214,17.562231063842773,193.72131374068078,129.60000000000002,64.12131374068076,0.0,False,0.0,0.0,False,False,36947.49508276361,687.2786622339457
292.34300000000803,18.1,False,True,-642.430782195169,-669.1026838865137,-305.56699389557195,-272.8430755904019,152.4543243879702,0.0,900.8612494265095,-54.55546354547556,-82.23834886851328,-34.06040197278859,-11.2357066195958,13.581636213213995,105.15736246777848,98.68862460932877,17.626739501953125,193.83570944669503,129.60000000000002,64.235709446695,0.0,False,0.0,0.0,False,False,37879.571936961715,696.2884116268335
292.4429999999993,18.2,False,True,-647.8964521435323,-677.3470971917508,-308.98031080628834,-272.8430755904019,152.4543243879702,0.0,910.6236514167804,-54.75793542179168,-82.64991723622944,-34.205936241538915,-11.239980120656224,13.5868019886053,105.61874152228525,99.1435338830157,17.63344383239746,193.4651017107432,129.60000000000002,63.865101710743176,0.0,False,0.0,0.0,False,False,38830.4320893196,706.846051049246
292.5420000000013,18.3,False,True,-653.3754039871739,-685.6310854145647,-312.4096595217779,-272.8430755904019,152.4543243879702,0.0,920.4303379827023,-54.82110145103902,-83.02984722004963,-34.381038068252174,-11.209458934135359,13.549908211813454,105.96992272480284,99.49526970509652,17.585561752319336,192.80103798132663,129.60000000000002,63.2010379813266,0.0,False,0.0,0.0,False,False,39800.474243759345,716.5187960360603
292.64300000001094,18.4,False,True,-658.8645987853102,-693.9479641300461,-315.8530411166886,-272.8430755904019,152.4543243879702,0.0,930.273857731288,-54.96279451168915,-83.30772708957991,-34.48659382996199,-11.178390642215579,13.512353098200531,106.26006752196898,99.80524121190275,17.536821365356445,192.7851218104234,129.60000000000002,63.185121810423354,0.0,False,0.0,0.0,False,False,40789.548109777934,725.7057384708553
292.7430000000022,18.5,False,True,-664.3650945833081,-702.2976345673532,-319.31119799677384,-272.8430755904019,152.4543243879702,0.0,940.1544568283683,-55.047121448267134,-83.68568165656225,-34.676543771743326,-11.173295267267006,13.506193847940228,106.63570362614635,100.16725459981296,17.528827667236328,193.1038753289843,129.60000000000002,63.50387532898426,0.0,False,0.0,0.0,False,False,41797.92517037642,735.5882733924942
292.84300000000803,18.6,False,True,-669.8739616042913,-710.6853134302562,-322.78564345873286,-272.8430755904019,152.4543243879702,0.0,950.075554270266,-55.13021897139608,-84.06789560149873,-34.812365467437026,-11.134631936620496,13.459457909613368,106.99157145035278,100.53234362481842,17.468172073364258,193.64523703399686,129.60000000000002,64.04523703399683,0.0,False,0.0,0.0,False,False,42826.14839766837,745.9719063868436
292.9429999999993,18.7,False,True,-675.3911782924517,-719.1101611886342,-326.27058157791913,-272.8430755904019,152.4543243879702,0.0,960.0362636418641,-55.21411479181328,-84.42905956605996,-34.8863969162879,-11.11891785377385,13.440462846474642,107.34444471076318,100.88044692334009,17.443519592285156,193.95630404200395,129.60000000000002,64.35630404200391,0.0,False,0.0,0.0,False,False,43874.64280841934,756.5819279961662
293.0430000000051,18.8,False,True,-680.9185912449261,-727.5744070355696,-329.7623270427092,-272.8430755904019,152.4543243879702,0.0,970.0392747758362,-55.33414425767476,-84.8558573726503,-34.94851237951298,-11.029017494623961,13.33179198003518,107.72074425520796,101.30342566358125,17.30248260498047,192.9455346079563,129.60000000000002,63.34553460795626,0.0,False,0.0,0.0,False,False,44944.02798812644,768.3546502124834
293.14300000001094,18.9,False,True,-686.4610664445573,-736.0790663075269,-333.2583140080251,-272.8430755904019,152.4543243879702,0.0,980.087459739724,-55.515359734950636,-85.23732806649475,-34.97122692680443,-10.972479622699973,13.263449432945025,108.1039839075715,101.72196057104009,17.21378517150879,191.92511379712786,129.60000000000002,62.32511379712785,0.0,False,0.0,0.0,False,False,46034.906200662495,780.2060153633806
293.2430000000022,19.0,False,True,-692.0133121209859,-744.6253530381672,-336.76372088529916,-272.8430755904019,152.4543243879702,0.0,990.1795972671263,-55.52955379361946,-85.68840654631157,-35.13691061867775,-10.979520261289135,13.271960103013603,108.52584786630614,102.10795444510897,17.224830627441406,191.73513782744698,129.60000000000002,62.13513782744696,0.0,False,0.0,0.0,False,False,47147.44093148165,791.6642071234505
293.3420000000042,19.1,False,True,-697.575974720425,-753.2103784826953,-340.283281862676,-272.8430755904019,152.4543243879702,0.0,1000.3132457531517,-55.723698195163685,-86.01210234425207,-35.25430892885821,-10.966277879055816,13.255952812668767,108.8915673869663,102.48518083227341,17.204055786132812,192.6987210713274,129.60000000000002,63.098721071327375,0.0,False,0.0,0.0,False,False,48281.63041300053,802.5918430718016
293.4429999999993,19.2,False,True,-703.1516162068755,-761.8356612162328,-343.8147006833315,-272.8430755904019,152.4543243879702,0.0,1010.4907807118345,-55.78913153384582,-86.49355232649528,-35.374067484251775,-10.924505773953687,13.205459011560805,109.3285301573245,102.92502995557945,17.13852310180664,193.32411640534488,129.60000000000002,63.724116405344844,0.0,False,0.0,0.0,False,False,49438.07272100742,815.2954571231011
293.5430000000051,19.3,False,True,-708.738257511841,-770.5014311426876,-347.36397306388903,-272.8430755904019,152.4543243879702,0.0,1020.7114853324086,-55.94369456546357,-86.82184620259916,-35.61138012689936,-10.837729994526494,13.100565113188386,109.63136559870108,103.28470331884417,17.00238800048828,192.81243492128146,129.60000000000002,63.21243492128142,0.0,False,0.0,0.0,False,False,50616.914438718035,825.7809727773401
293.64300000001094,19.4,False,True,-714.3447455113416,-779.1921865095284,-350.93352169619203,-272.8430755904019,152.4543243879702,0.0,1030.9650555719438,-56.18606542454737,-86.99326113421546,-35.77959251916123,-10.7916223830854,13.04483058518273,109.85570196354516,103.56013436963723,16.9300537109375,192.49849965825837,129.60000000000002,62.89849965825833,0.0,False,0.0,0.0,False,False,51817.400751927235,834.8996836772377
293.7430000000022,19.5,False,True,-719.9711351003014,-787.9071299184583,-354.52523804418865,-272.8430755904019,152.4543243879702,0.0,1041.2507701540437,-56.34172635464986,-87.30560704438223,-36.05473444077117,-10.727477314536928,12.967292517004838,110.16040169653277,103.90697353888395,16.829421997070312,192.86864675511012,129.60000000000002,63.26864675511009,0.0,False,0.0,0.0,False,False,53039.693068570625,845.1634072867597
293.8420000000042,19.6,False,True,-725.608538129494,-796.653059358898,-358.1437591290251,-272.8430755904019,152.4543243879702,0.0,1051.570915321959,-56.4063342292035,-87.61298176441336,-36.31568725595758,-10.673030601026575,12.901477746208581,110.42957770207889,104.20033164452042,16.74400520324707,192.27018447708616,129.60000000000002,62.67018447708614,0.0,False,0.0,0.0,False,False,54284.29680996623,855.2681297404188
293.9429999999993,19.7,False,True,-731.2567628618378,-805.434394047886,-361.7747558260634,-272.8430755904019,152.4543243879702,0.0,1061.929331728096,-56.55816041767148,-88.01371201534927,-36.30424668480914,-10.668016683992954,12.89541696165275,110.85376675059311,104.61949633099893,16.73613929748535,193.59483794234217,129.60000000000002,63.99483794234212,0.0,False,0.0,0.0,False,False,55552.377404720355,868.8408775423467
294.0430000000051,19.8,False,True,-736.924216764741,-814.2483521918521,-365.401170082815,-272.8430755904019,152.4543243879702,0.0,1072.3270818646097,-56.790917640391356,-88.26545086397198,-36.224038450221265,-10.65415303318442,12.878658686606645,111.16983379136748,104.95712525911695,16.71438980102539,195.79897069142058,129.60000000000002,66.19897069142056,0.0,False,0.0,0.0,False,False,56844.878335841924,881.3364426383099
294.14300000001094,19.9,False,True,-742.6109987856744,-823.1002299344709,-369.0353684611097,-272.8430755904019,152.4543243879702,0.0,1082.7689458616996,-56.94472277827514,-88.77210398840366,-36.45992911567383,-10.550087507361706,12.752865075050796,111.62339147892106,105.4665250153932,16.551130294799805,195.5367229830047,129.60000000000002,65.93672298300466,0.0,False,0.0,0.0,False,False,58162.259331698755,895.4103406225889
294.2430000000022,20.0,False,True,-748.3221454543734,-831.9859715901054,-372.68418973695134,-272.8430755904019,152.4543243879702,0.0,1093.253420860922,-57.278210595704806,-88.94272912428475,-36.51649640115931,-10.459184121647137,12.64298175777269,111.85561181894933,105.79037041773604,16.408519744873047,195.03988332987524,129.60000000000002,65.43988332987522,0.0,False,0.0,0.0,False,False,59504.430531193495,906.5255121467252
294.34300000000803,20.1,False,True,-754.0580698806976,-840.8982811803359,-376.3507218612366,-272.8430755904019,152.4543243879702,0.0,1103.7741026673673,-57.44027793077889,-89.30346268032443,-36.81414608454645,-10.41915424329311,12.594593947030516,112.22388345296858,106.18142010474912,16.345720291137695,195.12397091928378,129.60000000000002,65.52397091928376,0.0,False,0.0,0.0,False,False,60871.029364498936,918.4703560671069
294.4429999999993,20.2,False,True,-759.8191245841235,-849.8414315904396,-380.0408398422164,-272.8430755904019,152.4543243879702,0.0,1114.3349831831842,-57.780816137739414,-89.55954552175051,-36.98821353505044,-10.41448439476592,12.588949069853275,112.59611152307315,106.58111890764587,16.338394165039062,195.23862707591317,129.60000000000002,65.63862707591315,0.0,False,0.0,0.0,False,False,62262.620146657064,930.54422309584
294.5430000000051,20.3,False,True,-765.6094295266539,-858.81042265031,-383.7441831775169,-272.8430755904019,152.4543243879702,0.0,1124.9333616592694,-58.02528271286943,-89.82027567565689,-37.07865317095905,-10.380190612572084,12.547495008270754,112.91242303680765,106.93276091245107,16.28459358215332,194.4987671457504,129.60000000000002,64.89876714575038,0.0,False,0.0,0.0,False,False,63679.59846425823,943.0242078759194
294.64300000001094,20.4,False,True,-771.4208943607229,-867.8070305672712,-387.4575853882055,-272.8430755904019,152.4543243879702,0.0,1135.5672916145816,-58.20401396850947,-90.11188266356871,-37.1893910428118,-10.279314103330163,12.425556255563095,113.1843771783995,107.27468778430082,16.1263370513916,193.96257752856874,129.60000000000002,64.3625775285687,0.0,False,0.0,0.0,False,False,65122.381239376555,955.666891431505
294.7420000000129,20.5,False,True,-777.2480411827312,-876.8346404452648,-391.18648790695704,-272.8430755904019,152.4543243879702,0.0,1146.2373848560653,-58.33892247165807,-90.44031489630343,-37.38865933221951,-10.233572444611454,12.370264088408872,113.50832503563976,107.62379120666887,16.054576873779297,193.55834260576648,129.60000000000002,63.95834260576646,0.0,False,0.0,0.0,False,False,66591.29928798132,968.280491420064
294.84300000000803,20.6,False,True,-783.0998829040526,-885.8915073121386,-394.93521415724837,-272.8430755904019,152.4543243879702,0.0,1156.9460124046025,-58.697911954769324,-90.69702244117374,-37.58586567360637,-10.208761822665497,12.340273198391696,113.87660854297039,108.03422951798484,16.015653610229492,194.37850255878158,129.60000000000002,64.77850255878154,0.0,False,0.0,0.0,False,False,68086.69566685217,981.0531737738506
294.9429999999993,20.7,False,True,-788.9781547857117,-894.9780313799682,-398.69994307368984,-272.8430755904019,152.4543243879702,0.0,1167.6942921353696,-58.86752567841132,-91.03345891541746,-37.708712655223415,-10.153390501030977,12.273340768367817,114.21629405205643,108.40883830022076,15.928786277770996,195.06584620156835,129.60000000000002,65.46584620156833,0.0,False,0.0,0.0,False,False,69609.20328951313,994.8633392565548
295.0430000000051,20.8,False,True,-794.8759194045869,-904.0984659457699,-402.4752920316829,-272.8430755904019,152.4543243879702,0.0,1178.4829607519735,-59.08776669909242,-91.37523240061645,-37.7982665046383,-10.150337652905025,12.269650508906205,114.61733601414443,108.8154275355891,15.923996925354004,195.98373643778132,129.60000000000002,66.3837364377813,0.0,False,0.0,0.0,False,False,71159.67258998334,1009.5400847907547
295.14300000001094,20.9,False,True,-800.7956029078292,-913.2483978245842,-406.2683097568126,-272.8430755904019,152.4543243879702,0.0,1189.3091117249996,-59.30590336575485,-91.62340517566975,-38.06208799795582,-10.131539111398268,12.24692697573398,114.92242601452111,109.14228580166899,15.894505500793455,195.48101596510045,129.60000000000002,65.88101596510043,0.0,False,0.0,0.0,False,False,72737.87573105072,1021.5273150026734
295.2430000000022,21.0,False,True,-806.7309816503416,-922.4217549544503,-410.08013660223577,-272.8430755904019,152.4543243879702,0.0,1200.164522963248,-59.40167148449172,-91.84373742165064,-38.174448910507785,-10.088489819137113,12.194889320558147,115.13394695034522,109.37929730405378,15.826969146728514,194.18617777619676,129.60000000000002,64.5861777761967,0.0,False,0.0,0.0,False,False,74343.30319886036,1033.7220473184161
295.34300000000803,21.1,False,True,-812.6818170393926,-931.6243869813687,-413.906121397252,-272.8430755904019,152.4543243879702,0.0,1211.0543006873954,-59.61503629652799,-92.20890311671809,-38.345246989815855,-10.015140006199323,12.10622462777497,115.5066906649189,109.80179582604582,15.711896896362303,194.42004130206735,129.60000000000002,64.82004130206732,0.0,False,0.0,0.0,False,False,75977.18691916106,1048.8079458304182
295.44200000001,21.2,False,True,-818.652470760189,-940.8554615355094,-417.7481743097074,-272.8430755904019,152.4543243879702,0.0,1221.9796167905804,-59.798038119397845,-92.41258796609624,-38.49581125929247,-10.001270884336801,12.089459739360656,115.76007948207551,110.07221164999108,15.690138816833496,195.05537720705382,129.60000000000002,65.4553772070538,0.0,False,0.0,0.0,False,False,77639.9039725412,1061.197489837335
295.5430000000051,21.3,False,True,-824.6445523451049,-950.1102312878528,-421.6067859209623,-272.8430755904019,152.4543243879702,0.0,1232.936928306268,-60.04359357892031,-92.68280708077049,-38.67642096580541,-9.993450316606738,12.080006296912696,116.1045387027802,110.43249457583525,15.677869796752928,194.550560440187,129.60000000000002,64.95056044018696,0.0,False,0.0,0.0,False,False,79331.3533475741,1075.0811595482364
295.64300000001094,21.4,False,True,-830.6573814907837,-959.3977480883447,-425.48468338659086,-272.8430755904019,152.4543243879702,0.0,1243.9340138998537,-60.212989334656974,-93.06752892906619,-38.88152834676632,-9.988389591666765,12.073888931317729,116.52136357353285,110.8475034702094,15.669930458068846,194.73693063089397,129.60000000000002,65.13693063089393,0.0,False,0.0,0.0,False,False,81052.85722279284,1090.5682883198615
295.7430000000022,21.5,False,True,-836.6863841324572,-968.7128131892898,-429.3823514716462,-272.8430755904019,152.4543243879702,0.0,1254.9641536597123,-60.36706349881359,-93.23377308983821,-39.071833354340114,-9.965178341170308,12.04583134927417,116.72251341665083,111.0707828370595,15.633516311645508,194.44913681786548,129.60000000000002,64.84913681786544,0.0,False,0.0,0.0,False,False,82804.04998733202,1102.3718975263396
295.84300000000803,21.6,False,True,-842.7373092703475,-978.0525486002059,-433.30210301124737,-272.8430755904019,152.4543243879702,0.0,1266.0273407218174,-60.65143925899419,-93.56093512848469,-39.32319743768302,-9.92939096123743,12.002571838170107,117.11695089362148,111.49998056638387,15.577372550964354,194.30171564254368,129.60000000000002,64.70171564254366,0.0,False,0.0,0.0,False,False,84585.12808467004,1117.5336522174516
295.9429999999993,21.7,False,True,-848.8191799357934,-987.4198191730696,-437.2408587902882,-272.8430755904019,152.4543243879702,0.0,1277.1301953739514,-60.98597404992358,-93.7844763287892,-39.451918143134115,-9.91186717531015,11.981389219790993,117.45204429161622,111.86964302742355,15.54988098144531,195.42976834416342,129.60000000000002,65.8297683441634,0.0,False,0.0,0.0,False,False,86397.38871299075,1132.4206296344769
296.0430000000051,21.8,False,True,-854.9257509188834,-996.8144015314896,-441.19130802100824,-272.8430755904019,152.4543243879702,0.0,1288.269709841111,-61.14544561187731,-94.10717083961096,-39.55706647126575,-9.898128750848478,11.964782317395047,117.80299967316947,112.22711402558105,15.528327941894531,196.55140728279937,129.60000000000002,66.95140728279935,0.0,False,0.0,0.0,False,False,88241.4176720348,1148.587715665075
296.14400000000023,21.9,False,True,-861.0494740923112,-1006.2399575835323,-445.151906435406,-272.8430755904019,152.4543243879702,0.0,1299.4457304220298,-61.32901785668073,-94.40395020124197,-39.65490181668891,-9.85912864643419,11.917639289513877,118.12463708793291,112.57599319954338,15.46714401245117,197.14713803426145,129.60000000000002,67.54713803426142,0.0,False,0.0,0.0,False,False,90117.92433473896,1164.649838509762
296.2430000000022,22.0,False,True,-917.4564720659703,-972.5488909631891,-427.26947897830934,-272.8430755904019,152.4543243879702,0.0,1296.5950275495486,-69.93929499967072,-82.40562473963425,-35.03093127333647,-9.779259768720872,11.821094401098218,111.79402684855576,108.08418928677952,15.34184455871582,196.46125141207304,129.60000000000002,66.86125141207302,0.0,False,0.0,0.0,False,False,77711.02707361331,782.5535857822722
296.34300000000803,22.1,False,True,-924.4630011465213,-980.7872145352296,-430.7860195716381,-272.8430755904019,152.4543243879702,0.0,1307.227949870559,-70.19128661134876,-82.36084670117393,-35.299880593239166,-9.758775534690566,11.796333215698384,111.88236199208826,108.21333460110532,15.309708595275879,194.93713261357456,129.60000000000002,65.33713261357454,0.0,False,0.0,0.0,False,False,79172.97010052702,785.8112894240103
296.44200000001,22.2,False,True,-931.5036527805714,-989.0134368851451,-434.3386040081623,-272.8430755904019,152.4543243879702,0.0,1317.8704056053255,-70.62174606965303,-82.16360029713474,-35.75180813724435,-9.752247351491722,11.788441997785549,111.94678256022695,108.34338111630942,15.299467086791992,194.1174811089106,129.60000000000002,64.51748110891056,0.0,False,0.0,0.0,False,False,80651.98484577127,787.851543431043
296.5430000000051,22.3,False,True,-938.578063403115,-997.2315382067615,-437.9292238498194,-272.8430755904019,152.4543243879702,0.0,1328.5257455722058,-70.86646638121884,-82.19842613519302,-36.06058869589716,-9.752521512086068,11.788773401014778,112.1093570319906,108.52943064654491,15.299897193908691,194.98089143565304,129.60000000000002,65.38089143565301,0.0,False,0.0,0.0,False,False,82148.46129065126,791.9696961260333
296.64300000001094,22.4,False,True,-792.5945098997205,-1055.7541257428825,-441.68320983931403,-272.8430755904019,152.4543243879702,0.0,1315.2601310897367,-51.63293204706039,-88.29376947315465,-35.52051281888374,-9.756287420915273,11.793325602799861,108.49460800375108,102.28269354859079,15.305805206298826,215.6365195861305,129.60000000000002,86.03651958613047,0.0,False,0.0,0.0,False,False,73850.95649498056,626.7489381190405
296.7430000000022,22.5,False,True,-797.7749079422142,-1064.5822836554703,-445.2370008209747,-272.8430755904019,152.4543243879702,0.0,1325.4174942010213,-51.97502880281314,-88.2693887785991,-35.55530681432915,-9.742742307027887,11.776952372747362,108.59482676644264,102.43480177361955,15.284555435180664,215.11443253843728,129.60000000000002,85.51443253843726,0.0,False,0.0,0.0,False,False,75124.39731104451,629.4481584665584
296.84300000000803,22.6,False,True,-802.9857225076305,-1073.401937921693,-448.79654551779663,-272.8430755904019,152.4543243879702,0.0,1335.5803240255611,-52.24126250551446,-88.12369654585497,-35.63558712210955,-9.793266882722898,11.838026093355182,108.60100517670595,102.44479196658072,15.363819122314453,216.1594798358088,129.60000000000002,86.55947983580876,0.0,False,0.0,0.0,False,False,76411.58175345855,631.4409258618539
296.9429999999993,22.7,False,True,-808.2251172295339,-1082.2125389650068,-452.3645333898256,-272.8430755904019,152.4543243879702,0.0,1345.7474480642957,-52.54663193255363,-88.0883243204208,-35.72417031847015,-9.78735692862483,11.830882186050165,108.68396122586073,102.57047045341511,15.35454750061035,216.1694986366266,129.60000000000002,86.56949863662658,0.0,False,0.0,0.0,False,False,77712.48309307123,633.9666804407582
297.0430000000051,22.8,False,True,-813.4955586778829,-1091.0152199125387,-455.9413129618826,-272.8430755904019,152.4543243879702,0.0,1355.920947205837,-52.862197034423936,-87.96529463021905,-35.811421122669756,-9.758295297729296,11.795752708933216,108.67480347868685,102.62701854135442,15.308955192565918,216.0676055141626,129.60000000000002,86.46760551416257,0.0,False,0.0,0.0,False,False,79027.21404270532,636.154151126854
297.14300000001094,22.9,False,True,-818.7915369166616,-1099.8097980028342,-459.53210465661203,-272.8430755904019,152.4543243879702,0.0,1366.0985157197567,-53.057367741151026,-87.92626717569328,-36.004412771918844,-9.797001181017944,11.842540084568382,108.74407669869804,102.69426824838439,15.369677543640135,215.77125639397784,129.60000000000002,86.17125639397781,0.0,False,0.0,0.0,False,False,80355.70970456552,638.3793773474645
297.2430000000022,23.0,False,True,-824.111363621932,-1108.5991605292763,-463.14446771605446,-272.8430755904019,152.4543243879702,0.0,1376.2821720894108,-53.3391663642575,-87.86098335314931,-36.24284841693041,-9.804655793443668,11.851792921513947,108.80207425890993,102.78433277604286,15.381686210632324,214.95476468808357,129.60000000000002,85.35476468808353,0.0,False,0.0,0.0,False,False,81698.03409981879,640.592508925135
297.34300000000803,23.1,False,True,-829.456792080993,-1117.3795470641371,-466.7810172200306,-272.8430755904019,152.4543243879702,0.0,1386.4692172827044,-53.569402816960775,-87.74674734407068,-36.48814166259202,-9.809228986683719,11.857320962519465,108.79302935795079,102.8064812530318,15.388860702514648,214.35108893582765,129.60000000000002,84.75108893582761,0.0,False,0.0,0.0,False,False,83054.08315104365,642.5057615664792
297.4429999999993,23.2,False,True,-834.8303667548183,-1126.151547859096,-470.435150501674,-272.8430755904019,152.4543243879702,0.0,1396.661266010839,-53.902090659546396,-87.69326855510825,-36.59452397027528,-9.793475998564261,11.838278870984572,108.86734505968064,102.93466241916906,15.364147186279297,213.95803494218833,129.60000000000002,84.35803494218828,0.0,False,0.0,0.0,False,False,84424.02160385484,645.0734207194029
297.5430000000051,23.3,False,True,-840.225810601648,-1134.9168077330255,-474.10029640361864,-364.7125594623092,264.84805647126643,0.0,1478.3282879894991,-54.00678627704696,-87.61192892348285,-36.70839406861846,-9.893117091489609,11.844632623533107,108.80084302875673,102.9202752312101,15.432727813720703,214.19966761551203,129.87,84.32966761551201,0.0,False,0.0,0.0,False,False,85807.92619947181,647.0372092837014
297.64300000001094,23.4,False,True,-845.6345084235078,-1143.6729993625208,-477.77533911339873,-364.7125594623092,264.84805647126643,0.0,1488.3606705767806,-54.16717016014863,-87.51190366641957,-36.792460126983364,-9.919822120487211,11.876605484538613,108.79293892433013,102.91946174790847,15.474386215209961,214.36640235398292,129.87,84.4964023539829,0.0,False,0.0,0.0,False,False,87205.6180729421,649.0573880042032
297.7430000000022,23.5,False,True,-851.0638802547496,-1152.4160507651536,-481.45530457950247,-364.7125594623092,264.84805647126643,0.0,1498.390855850768,-54.42026646468738,-87.34912438623564,-36.80684919509149,-9.904595204200335,11.858374907892301,108.7371735147008,102.91469736208548,15.450633049011229,214.76370632148158,129.87,84.89370632148157,0.0,False,0.0,0.0,False,False,88617.09672697826,651.074844885738
297.84300000000803,23.6,False,True,-856.5156103798628,-1161.1446503036004,-485.13394311900277,-364.7125594623092,264.84805647126643,0.0,1508.4181915725244,-54.61433603757454,-87.22286638270106,-36.76592159491466,-9.911080414300756,11.866139390048485,108.7060813770405,102.91041794123487,15.460749626159666,214.23726334030275,129.87,84.36726334030273,0.0,False,0.0,0.0,False,False,90042.40232925641,653.1850006741117
297.9429999999993,23.7,False,True,-861.9897243078954,-1169.8575238580238,-488.81380556282704,-364.7125594623092,264.84805647126643,0.0,1518.4415302884959,-54.86794252307769,-87.03460470576347,-36.831327281570566,-9.95551400737284,11.919337950341998,108.66926429476786,102.88592485371485,15.530063629150389,213.764731087451,129.87,83.89473108745098,0.0,False,0.0,0.0,False,False,91481.49177806305,655.0541044036478
298.0430000000051,23.8,False,True,-867.4873585568723,-1178.5527500681433,-492.50505706244445,-364.7125594623092,264.84805647126643,0.0,1528.4594816098975,-55.08474245646171,-86.86991949662324,-36.99370271077796,-9.987680233752327,11.957849284113452,108.63090215632786,102.86258680805435,15.580241203308104,215.14521381845475,129.87,85.27521381845474,0.0,False,0.0,0.0,False,False,92934.28880581257,656.9247836959271
298.14400000000023,23.9,False,True,-867.1022029430985,-1192.888860547144,-501.5992038042661,-364.7125594623092,264.84805647126643,0.0,1541.879461279349,-53.35381452103425,-86.95933043452223,-37.36445485393012,-9.978714773144988,11.947115297422236,107.99946428323346,102.02232438817178,15.566255569458008,219.2220297989483,129.87,89.35202979894828,0.0,False,0.0,0.0,False,False,93923.55569305249,649.674321380181
298.2430000000022,24.0,False,True,-872.4428881304401,-1201.5789334518176,-505.34499182216854,-364.7125594623092,264.84805647126643,0.0,1551.8370415170289,-53.459889225798406,-86.84212765894807,-37.55130550411846,-10.00744459624634,11.981512363263835,107.95474408993802,101.97801180827008,15.611072540283201,218.78021778636455,129.87,88.91021778636453,0.0,False,0.0,0.0,False,False,95391.38759810112,651.3346903369402
298.34300000000803,24.1,False,True,-877.8032915676663,-1210.2521794368208,-509.10526344221506,-364.7125594623092,264.84805647126643,0.0,1561.788335642351,-53.7481795187253,-86.62279204111901,-37.65412689681223,-9.982694667352542,11.951880265261297,107.85352884623664,101.94299830089399,15.57246398925781,219.44223035743403,129.87,89.57223035743401,0.0,False,0.0,0.0,False,False,96872.80426034975,653.0593339645336
298.44200000001,24.2,False,True,-883.1865015249631,-1218.9056862240457,-512.8726507685212,-364.7125594623092,264.84805647126643,0.0,1571.7316557098209,-53.916019627212265,-86.44734370337949,-37.693619629311165,-10.027188784161421,12.005151288199366,107.79203701033204,101.88267961637132,15.641872406005858,219.85140474518863,129.87,89.98140474518863,0.0,False,0.0,0.0,False,False,98367.81464904701,654.7774461398835
298.5420000000013,24.3,False,True,-888.5873800276767,-1227.5366516274876,-516.6475412926975,-364.7125594623092,264.84805647126643,0.0,1581.66271517963,-54.101550427059024,-86.17196436545746,-37.804190854214404,-10.12218476284487,12.118886166480182,107.68136283739338,101.7476545243834,15.790060997009277,220.03305293179525,129.87,90.16305293179525,0.0,False,0.0,0.0,False,False,99876.24940979821,656.0793528655131
298.64300000001094,24.4,False,True,-894.0085542912212,-1236.1462744134794,-520.4372630630331,-364.7125594623092,264.84805647126643,0.0,1591.583560951191,-54.32193484383242,-86.02049135437896,-37.99024455249855,-10.058028379138392,12.0420742993578,107.58977738664865,101.73690352092676,15.68998050689697,219.60123145571617,129.87,89.73123145571616,0.0,False,0.0,0.0,False,False,101398.15334684425,657.8642505614929
298.7430000000022,24.5,False,True,-899.4527358764593,-1244.73902466489,-524.2511480866501,-364.7125594623092,264.84805647126643,0.0,1601.4993636603847,-54.561696860928826,-85.83451367382897,-38.2874559198404,-10.049422392846573,12.0317706968585,107.51349773329,101.70812407062978,15.67655563354492,218.18263888184345,129.87,88.31263888184341,0.0,False,0.0,0.0,False,False,102933.70005764558,659.4528953814685
298.84300000000803,24.6,False,True,-904.9162135166707,-1253.3092002240232,-528.0910961610598,-364.7125594623092,264.84805647126643,0.0,1611.4035633292647,-54.707855943300345,-85.56899750883939,-38.51150556835319,-10.09753815224924,12.089377767335524,107.36497899688138,101.562802425793,15.751613616943358,219.28127580159267,129.87,89.41127580159267,0.0,False,0.0,0.0,False,False,104482.59987111975,660.6211240742978
298.9429999999993,24.7,False,True,-910.4069076960549,-1261.8522478457128,-531.9563566861707,-364.7125594623092,264.84805647126643,0.0,1621.2945879437857,-55.10602764438376,-85.29195492495195,-38.79370493386414,-10.126886051086974,12.12451483048669,107.29907622194207,101.54502379567215,15.79739475250244,219.3386484758002,129.87,89.46864847580017,0.0,False,0.0,0.0,False,False,106044.8228029902,662.3064205930724
299.0430000000051,24.8,False,True,-915.9273327512982,-1270.367449184939,-535.837221366811,-364.7125594623092,264.84805647126643,0.0,1631.1726993483157,-55.30247346048258,-85.01207185957256,-38.823588678941334,-10.093471446217189,12.084508863178007,107.10555471671611,101.41703965658093,15.745269775390623,218.75808359999266,129.87,88.88808359999265,0.0,False,0.0,0.0,False,False,107620.44531960736,663.7120770843358
299.14300000001094,24.9,False,True,-921.4694065240348,-1278.8560410672974,-539.7213389372178,-364.7125594623092,264.84805647126643,0.0,1641.0364187023595,-55.539001994249745,-84.7597657875911,-38.85876272919318,-10.14236178718068,12.143043309116182,107.00938908770097,101.33508098819765,15.82153606414795,218.74055192953986,129.87,88.87055192953984,0.0,False,0.0,0.0,False,False,109209.48512374354,665.3710509279074
299.24400000000605,25.0,False,True,-927.031442772523,-1287.3221566438995,-543.6085486771632,-364.7125594623092,264.84805647126643,0.0,1650.8891231724879,-55.70172297551364,-84.56254574445065,-38.88543206971607,-10.165936088338515,12.17126787514414,106.91556755133804,101.25959749684557,15.858310699462889,220.02494093269064,129.87,90.15494093269062,0.0,False,0.0,0.0,False,False,110812.16975631678,667.1556212863306
299.34300000000803,25.1,False,True,-932.6077307792629,-1295.7648991400788,-547.4985241768017,-364.7125594623092,264.84805647126643,0.0,1660.7280701027157,-55.82403715928307,-84.29230417913789,-38.9140779230535,-10.215055074529907,12.230076068850643,106.75555786723528,101.10151170278971,15.93493366241455,220.69826489820952,129.87,90.82826489820951,0.0,False,0.0,0.0,False,False,112428.39729665585,668.5401165172904
299.4429999999993,25.2,False,True,-903.4837789662215,-1308.0441390528686,-540.0577339285954,-364.7125594623092,264.84805647126643,0.0,1662.607676424738,-51.57914862159904,-86.10592322002694,-37.79742712420447,-10.226878600485989,12.244231902645947,106.69003350150784,100.37249915241811,15.953377723693846,229.90052749611402,129.87,100.03052749611402,0.0,False,0.0,0.0,False,False,113378.18246524569,663.0050255238693
299.5430000000051,25.3,False,True,-908.6446721202128,-1316.6452642810254,-543.8483569994327,-364.7125594623092,264.84805647126643,0.0,1672.4183886709095,-51.638714458227426,-85.91658134311062,-38.01503429253949,-10.255321700026153,12.27828568585828,106.55898416847089,100.24078900620091,15.997747421264647,229.33643144633555,129.87,99.46643144633553,0.0,False,0.0,0.0,False,False,115008.41086777928,664.2324303312496
299.64300000001094,25.4,False,True,-913.8127464463387,-1325.2245722299922,-547.6576368771335,-364.7125594623092,264.84805647126643,0.0,1682.2134168680343,-51.72277206428975,-85.6695776362242,-38.17056326147935,-10.253147124957602,12.275682154275556,106.3626048385304,100.07258207113235,15.99435520172119,228.05329667719604,129.87,98.18329667719603,0.0,False,0.0,0.0,False,False,116651.82446142855,665.3660400794691
299.7430000000022,25.5,False,True,-918.9989279384955,-1333.7806699421044,-551.4820849964269,-364.7125594623092,264.84805647126643,0.0,1691.9950304869558,-52.00085777884892,-85.45237660601792,-38.31839912438658,-10.224090229137195,12.240893497374985,106.25099213841312,100.03098458654094,15.949028015136717,227.02393461875295,129.87,97.15393461875294,0.0,False,0.0,0.0,False,False,118308.5801948942,667.0884818057461
299.8420000000042,25.6,False,True,-924.2022607129554,-1342.3157156932295,-555.3218595746755,-364.7125594623092,264.84805647126643,0.0,1701.7650003345202,-52.06579771034991,-85.24853841648485,-38.47709244058365,-10.264988380089111,12.289859214502094,106.11807891723888,99.89074328165735,16.012826919555664,227.29712561451424,129.87,97.42712561451424,0.0,False,0.0,0.0,False,False,119978.78619655245,668.3628769015595
299.945000000007,25.7,False,True,-929.4148907990295,-1350.8322295748608,-559.1754663317214,-364.7125594623092,264.84805647126643,0.0,1711.5231548930976,-52.1868040111331,-85.08173921613935,-38.595042700334304,-10.321351262818952,12.35734023523241,106.05230001349365,99.81164692028462,16.100749969482422,227.00349470264268,129.87,97.13349470264268,0.0,False,0.0,0.0,False,False,121662.47538558651,669.9915192265289
300.0430000000051,25.8,False,True,-934.6391956377701,-1359.328538265971,-563.0411566898583,-364.7125594623092,264.84805647126643,0.0,1721.2687127565307,-52.29929276367732,-84.84443460606535,-38.71876446240527,-10.343556749363774,12.383925974379931,105.89446579337304,99.66842081222984,16.13538932800293,227.14224811160614,129.87,97.2722481116061,0.0,False,0.0,0.0,False,False,123359.64237596816,671.3281872495807
300.14300000001094,25.9,False,True,-939.8790108976733,-1367.7981664994732,-566.9189159144279,-364.7125594623092,264.84805647126643,0.0,1730.9968619952408,-52.49701243438734,-84.54813006397775,-38.83642002898506,-10.36381691741882,12.408182661658959,105.7153382524152,99.52046328193772,16.166994094848633,227.5218761831532,129.87,97.6518761831532,0.0,False,0.0,0.0,False,False,125070.04093689634,672.6820903736378
300.2430000000022,26.0,False,True,-945.1314845592314,-1376.240048131106,-570.807918849909,-364.7125594623092,264.84805647126643,0.0,1740.7056889888288,-52.55246079677453,-84.28950256868048,-38.94363868063807,-10.381310111405757,12.429126561773687,105.51255456580706,99.33016349061405,16.19428253173828,227.26620691102698,129.87,97.39620691102697,0.0,False,0.0,0.0,False,False,126793.57937762335,673.8392433425994
300.34300000000803,26.1,False,True,-950.385197860173,-1384.6590780948698,-574.7083656908907,-364.7125594623092,264.84805647126643,0.0,1750.3960198630768,-52.521805222057274,-84.09109670659166,-39.06529813899489,-10.404064591037889,12.456369588343554,105.33431218664444,99.1456129594299,16.229778289794922,227.26806334923083,129.87,97.39806334923081,0.0,False,0.0,0.0,False,False,128530.28837750008,674.9856590474119
300.4429999999993,26.2,False,True,-955.6449463202898,-1393.0575728388183,-578.6217103018739,-364.7125594623092,264.84805647126643,0.0,1760.0716353420785,-52.673163980278765,-83.87879817238021,-39.20159408067054,-10.428798624808891,12.485982655752574,105.2176667121092,99.04602458724041,16.268362045288086,227.2155363905572,129.87,97.34553639055719,0.0,False,0.0,0.0,False,False,130280.40496755527,676.6174454587194
300.5420000000013,26.3,False,True,-960.9145123518343,-1401.4299625801773,-582.5449249689838,-364.7125594623092,264.84805647126643,0.0,1769.7285682847769,-52.71815665061118,-83.56899665480266,-39.2626992615248,-10.46697259625407,12.531686821928705,104.97858790577281,98.80779950251294,16.327911376953125,227.28488458710083,129.87,97.41488458710083,0.0,False,0.0,0.0,False,False,132043.74619521547,677.6477251312184
300.64400000000023,26.4,False,True,-966.1940326238065,-1409.7743095640092,-586.4806906637606,-364.7125594623092,264.84805647126643,0.0,1779.3650641119461,-52.87224878883294,-83.31794302183442,-39.4526146340111,-10.467114429657473,12.531856633378577,104.81116120892943,98.67803363149214,16.32813262939453,227.36548210925085,129.87,97.49548210925084,0.0,False,0.0,0.0,False,False,133820.19376840972,679.1132359766173
300.7430000000022,26.5,False,True,-971.485544816649,-1418.0904041609213,-590.435622656324,-364.7125594623092,264.84805647126643,0.0,1788.9816427316564,-52.95799506801809,-83.0039489164084,-39.64602521725543,-10.473176584951192,12.539114608968765,104.56307564983635,98.45915283680824,16.337589263916016,228.8219227289551,129.87,98.95192272895507,0.0,False,0.0,0.0,False,False,135609.7792204236,680.2231650498236
300.84300000000803,26.6,False,True,-976.7825194714503,-1426.3779672027804,-594.409901198448,-364.7125594623092,264.84805647126643,0.0,1798.5758530287007,-52.98149802800604,-82.74731192077603,-39.83954562522545,-10.510503224081214,12.583804298121098,104.3638209303199,98.25556861270414,16.395816802978516,229.55582285049613,129.87,99.68582285049612,0.0,False,0.0,0.0,False,False,137412.36947247837,681.3714935260525
300.94400000000314,26.7,False,True,-982.0905508110138,-1434.6375916115792,-598.4095188748015,-364.7125594623092,264.84805647126643,0.0,1808.1501741396735,-53.17912876326446,-82.4451762552031,-40.15280790184657,-10.546006814896806,12.626311324585862,104.19295003837041,98.10824034591266,16.451200485229492,228.07573562053258,129.87,98.20573562053256,0.0,False,0.0,0.0,False,False,139228.0560957899,682.7084250943684
301.0430000000051,26.8,False,True,-987.4081090103651,-1442.8705793521706,-602.4337128360024,-364.7125594623092,264.84805647126643,0.0,1817.7053354616135,-53.17203522376125,-82.21457855662645,-40.33107132217192,-10.567467676073763,12.652005553621557,103.99431694411106,97.91068510168137,16.484678268432617,227.72526853384235,129.87,97.85526853384235,0.0,False,0.0,0.0,False,False,141056.87198368067,683.8883248013814
301.14400000000023,26.9,False,True,-992.7253597865664,-1451.0821318125602,-606.476500484099,-364.7125594623092,264.84805647126643,0.0,1827.2428652028948,-53.17298030026452,-82.01647065116373,-40.524681639760274,-10.549004879596323,12.629900787302105,103.80143981241189,97.74490928987309,16.45587730407715,229.05544516017045,129.87,99.18544516017043,0.0,False,0.0,0.0,False,False,142898.96635886581,685.2528826865974
301.2430000000022,27.0,False,True,-998.0470087144228,-1459.2703782108576,-610.5299017528988,-364.7125594623092,264.84805647126643,0.0,1836.762614335401,-53.25999825686206,-81.74845731478803,-40.54334373623382,-10.579080897328248,12.665909598025673,103.61338420396646,97.56760572889277,16.50279426574707,230.87932874476297,129.87,101.00932874476295,0.0,False,0.0,0.0,False,False,144754.43351911678,686.8470394639097
301.34300000000803,27.1,False,True,-1003.3778729410791,-1467.4295599297009,-614.5907205595223,-364.7125594623092,264.84805647126643,0.0,1846.2608491014353,-53.35728627626544,-81.43517706207632,-40.67303239623553,-10.628725033922757,12.725346533264242,103.4018092181627,97.35855412802239,16.580236434936523,229.70275326215813,129.87,99.8327532621581,0.0,False,0.0,0.0,False,False,146623.04586893145,688.1450169132304
301.4429999999993,27.2,False,True,-1008.719137012258,-1475.5538809838542,-618.653845056429,-364.7125594623092,264.84805647126643,0.0,1855.7325712033878,-53.46799514731214,-81.05124402099082,-40.58945754189611,-10.668042231507432,12.772419438282009,103.12475839736057,97.09856158781753,16.641569137573242,228.00582954187382,129.87,98.13582954187382,0.0,False,0.0,0.0,False,False,148504.44984568507,689.4566641814174
301.5430000000051,27.3,False,True,-1014.0629820576057,-1483.6433492956487,-622.7095603696462,-364.7125594623092,264.84805647126643,0.0,1865.1751036740368,-53.408905759643325,-80.73812221489663,-40.52484872244879,-10.688411220018537,12.796806411932058,102.82909863913059,96.80472918835137,16.673343658447266,229.17653045339395,129.87,99.30653045339395,0.0,False,0.0,0.0,False,False,150398.56284896203,690.6688467305769
301.64300000001094,27.4,False,True,-1019.4035536391215,-1491.7024515278638,-626.7662323127596,-364.7125594623092,264.84805647126643,0.0,1874.5906179772228,-53.40252587067214,-80.44392242940607,-40.60859013981996,-10.667627735613005,12.771923178958678,102.54494327413894,96.55596524915542,16.64092254638672,230.52022018005718,129.87,100.65022018005716,0.0,False,0.0,0.0,False,False,152305.53492804887,691.9642442753848
301.7430000000022,27.5,False,True,-1024.7481577504082,-1499.7323761672142,-630.8351689479015,-364.7125594623092,264.84805647126643,0.0,1883.9827744058955,-53.4895563550577,-80.15457035760024,-40.770142563018304,-10.691340813419858,12.800313896706987,102.3342452958937,96.36331142230625,16.677913665771484,231.06061594819198,129.87,101.19061594819198,0.0,False,0.0,0.0,False,False,154225.5419584756,693.4896947139844
301.84300000000803,27.6,False,True,-1030.1051713714699,-1507.7310337486508,-634.916836289707,-364.7125594623092,264.84805647126643,0.0,1893.352571252424,-53.65071606617524,-79.81858127113308,-40.86320427309269,-10.723867125465745,12.839256346616262,102.11850582522102,96.17382830349341,16.728652954101562,230.19269150555414,129.87,100.32269150555413,0.0,False,0.0,0.0,False,False,156158.67441283102,695.2315098235059
301.94400000000314,27.7,False,True,-1035.4607549445675,-1515.695324172342,-639.0101852031827,-364.7125594623092,264.84805647126643,0.0,1902.6922694162806,-53.46095539577794,-79.46722720268866,-41.00377399642,-10.745243620221713,12.86484956711712,101.73418517449137,95.77637470228814,16.761999130249023,229.12013630065482,129.87,99.25013630065479,0.0,False,0.0,0.0,False,False,158104.3870385824,695.74767671956
302.0430000000051,27.8,False,True,-1040.8225802845536,-1523.6345000721476,-643.1222504122549,-364.7125594623092,264.84805647126643,0.0,1912.0132361770725,-53.77555140394331,-79.31629079342356,-41.23753018502423,-10.80673084600036,12.938465758419941,101.77062270901467,95.82736516269806,16.8579158782959,229.06088786925847,129.87,99.19088786925845,0.0,False,0.0,0.0,False,False,160063.42634696758,698.4968437947836
302.14300000001094,27.9,False,True,-1046.2011094522693,-1531.5410764250767,-647.2519062892886,-364.7125594623092,264.84805647126643,0.0,1921.3121975763058,-53.79503195036668,-78.81523626515765,-41.35558735565085,-10.821794531603146,12.956500905509719,101.33484532761408,95.42403748570689,16.88141441345215,230.17439928704528,129.87,100.30439928704524,0.0,False,0.0,0.0,False,False,162035.72771095717,699.4952523799503
302.2420000000129,28.0,False,True,-1051.5846351716748,-1539.4016444919337,-651.3931712895804,-364.7125594623092,264.84805647126643,0.0,1930.5725140007278,-53.87548243774215,-78.39612507198292,-41.469712650185116,-10.860304746030529,13.002607641933391,101.01501796049655,95.12370910662311,16.94148826599121,229.1871855311579,129.87,99.31718553115786,0.0,False,0.0,0.0,False,False,164020.20960156017,700.9382839771445
302.34300000000803,28.1,False,True,-1056.9681704087977,-1547.220066942337,-655.5475797135239,-364.7125594623092,264.84805647126643,0.0,1939.796049789409,-53.79522230471521,-77.97232393608554,-41.618455828683885,-10.86475538041317,13.007936208119007,100.60036146180452,94.72913618738211,16.94843101501465,227.8703093548236,129.87,98.00030935482359,0.0,False,0.0,0.0,False,False,166016.90412624244,701.8212774146796
302.4429999999993,28.2,False,True,-1062.3524168340023,-1555.0000504225457,-659.7101005357217,-364.7125594623092,264.84805647126643,0.0,1948.9865322158048,-53.88970619937318,-77.6273456680863,-41.6319606152737,-10.858976891926257,13.001017855428561,100.3251909526273,94.49923401661687,16.939416885375977,228.05479372218645,129.87,98.18479372218644,0.0,False,0.0,0.0,False,False,168026.09788871589,703.812709467652
302.5430000000051,28.3,False,True,-1067.7474018574012,-1562.743105677954,-663.8827765364847,-364.7125594623092,264.84805647126643,0.0,1958.148984522738,-54.00999426860691,-77.2337594400792,-41.82155939998532,-10.886490126782904,13.033958348919972,100.03947962831629,94.2450692510912,16.982336044311523,228.5703460983295,129.87,98.7003460983295,0.0,False,0.0,0.0,False,False,170048.21930369103,705.5954182466761
302.64300000001094,28.4,False,True,-1073.1563660399395,-1570.447374475098,-668.0738686206491,-364.7125594623092,264.84805647126643,0.0,1967.2828840639072,-54.1692893821604,-76.8516165028019,-42.00028228330252,-10.922009612721293,13.076484405978256,99.78672527203146,94.02384203627274,17.037744522094727,228.2101452876353,129.87,98.34014528763527,0.0,False,0.0,0.0,False,False,172083.24095239548,707.6287549628848
302.7430000000022,28.5,False,True,-1078.5814423111183,-1578.1169888782752,-672.2821545087779,-364.7125594623092,264.84805647126643,0.0,1976.392911412112,-54.33223604141801,-76.54067156073792,-42.16543547927331,-10.958864288974475,13.120609032892224,99.60117777850492,93.86408405896856,17.09523582458496,228.71026177369706,129.87,98.84026177369705,0.0,False,0.0,0.0,False,False,174131.49823992912,709.9277835042376
302.84300000000803,28.6,False,True,-1084.0181981964024,-1585.75124638531,-676.5077306890579,-364.7125594623092,264.84805647126643,0.0,1985.4768650497815,-54.40288166426561,-76.14447857995665,-42.346088126326656,-10.97505775099747,13.139996816013735,99.28591761461172,93.58234423003928,17.12049674987793,228.75897655499148,129.87,98.88897655499146,0.0,False,0.0,0.0,False,False,176192.84667550237,711.7539168503563
302.9429999999993,28.7,False,True,-1089.4602244822042,-1593.3481028473984,-680.7516353566551,-364.7125594623092,264.84805647126643,0.0,1994.5305574140564,-54.43764405176969,-75.79265066181337,-42.53200522561641,-11.014085168266572,13.186722778672713,99.00976903301282,93.31657400617992,17.181377410888672,228.10255307356522,129.87,98.2325530735652,0.0,False,0.0,0.0,False,False,178266.9915921584,713.5976881822717
303.0430000000051,28.8,False,True,-1094.9115417084156,-1600.9124649219427,-685.015153017128,-364.7125594623092,264.84805647126643,0.0,2003.5600507253857,-54.58870047245488,-75.49459082907494,-42.73834798384022,-11.079876304217443,13.265491869144041,98.85024057177237,93.1630799390018,17.284008026123047,228.34429152294697,129.87,98.47429152294696,0.0,False,0.0,0.0,False,False,180354.40177767805,716.0493619105448
303.1420000000071,28.9,False,True,-1100.3780288777145,-1608.4442812338116,-689.296015546129,-364.7125594623092,264.84805647126643,0.0,2012.567480954302,-54.741042913526414,-75.14173540830252,-42.87890259618099,-11.084444317968417,13.270960968943344,98.60377011873705,92.9669951081129,17.291133880615234,228.50286442465978,129.87,98.63286442465977,0.0,False,0.0,0.0,False,False,182455.31517564692,718.548126641191
303.2430000000022,29.0,False,True,-1055.258213334311,-1629.213769092649,-679.2441603777486,-364.7125594623092,264.84805647126643,0.0,2016.0167407886333,-52.92069957577666,-78.4801810578346,-41.32158221971511,-11.063117953984344,13.245427768006664,100.82482062317916,94.65589924806646,17.25786590576172,232.85293908839702,129.87,102.982939088397,0.0,False,0.0,0.0,False,False,182119.54961466865,706.0008577556024
303.34300000000803,29.1,False,True,-1060.5587742177497,-1637.050694766451,-683.3838156122714,-364.7125594623092,264.84805647126643,0.0,2025.1964878868084,-53.09051809299773,-78.25833241820386,-41.471522470740396,-11.095178416662156,13.283812475136621,100.71530591823742,94.56727607508327,17.307878494262695,233.00300402370829,129.87,103.13300402370825,0.0,False,0.0,0.0,False,False,184225.23964085497,708.0632043111018
303.4429999999993,29.2,False,True,-1065.8712358957114,-1644.8614709742792,-687.5344530727258,-364.7125594623092,264.84805647126643,0.0,2034.3583678285713,-53.1587154662384,-77.95719173836052,-41.5412267383482,-11.149717028375816,13.349109369287557,100.50669913847952,94.35662548942707,17.392955780029297,233.9410529412683,129.87,104.07105294126829,0.0,False,0.0,0.0,False,False,186344.5513285587,709.6522061444275
303.5420000000013,29.3,False,True,-1071.1940072323591,-1652.6513084697858,-691.6918439881317,-364.7125594623092,264.84805647126643,0.0,2043.506753253486,-53.29671126671475,-77.83955817177092,-41.606591569768675,-11.140496634452877,13.338070161154114,100.45151238552032,94.33735340905037,17.378572463989258,234.99282951071376,129.87,105.12282951071377,0.0,False,0.0,0.0,False,False,188477.78636114183,711.9117549154766
303.64300000001094,29.4,False,True,-1076.5335812138574,-1660.423886406909,-695.8595205674357,-364.7125594623092,264.84805647126643,0.0,2052.647368897377,-53.49476836325029,-77.61200057069595,-41.7469400163111,-11.182146746983179,13.387936171743902,100.35609814639791,94.26193757197818,17.443544387817383,235.26128229399245,129.87,105.39128229399242,0.0,False,0.0,0.0,False,False,190625.390925306,714.0784687785585
303.7430000000022,29.5,False,True,-1081.8921106970429,-1668.169137474812,-700.0352912380437,-364.7125594623092,264.84805647126643,0.0,2061.771563680231,-53.6758213004614,-77.29302078736326,-41.76847339585023,-11.249731586406394,13.468852791499378,100.18827667931257,94.10262937195132,17.54897308349609,235.70301818392008,129.87,105.83301818392006,0.0,False,0.0,0.0,False,False,192786.80737477224,716.12936036374
303.84300000000803,29.6,False,True,-1087.272099410144,-1675.8872666193522,-704.2220967101657,-364.7125594623092,264.84805647126643,0.0,2070.880460833332,-53.92395296155676,-77.0695621034404,-41.96763604659135,-11.27981738575235,13.50487331335742,100.11119143272279,94.06120404192285,17.595905303955078,236.9149140468882,129.87,107.0449140468882,0.0,False,0.0,0.0,False,False,194962.21020986524,718.5770389154296
303.9429999999993,29.7,False,True,-1092.6781398108499,-1683.5812198851104,-708.4238999395792,-364.7125594623092,264.84805647126643,0.0,2079.9784929500643,-54.196855052563,-76.80950321172297,-42.068428541677754,-11.284346273047213,13.510295568618828,99.99574721693644,94.00531304782834,17.602970123291016,237.40370704636348,129.87,107.53370704636349,0.0,False,0.0,0.0,False,False,197151.98595008024,721.1099285967573
304.0430000000051,29.8,False,True,-1098.1093150405002,-1691.25013358195,-712.6365956561435,-364.7125594623092,264.84805647126643,0.0,2089.0646065218007,-54.42664954044699,-76.56877072506727,-42.18548578960909,-11.295756525810623,13.52395660698261,99.88480089766959,93.94166716929477,17.620769500732422,237.66450615198195,129.87,107.79450615198193,0.0,False,0.0,0.0,False,False,199356.07251095492,723.552323127508
304.14300000001094,29.9,False,True,-1103.5648126230788,-1698.8946024087866,-716.8566820719847,-364.7125594623092,264.84805647126643,0.0,2098.1391475081073,-54.683302111125414,-76.32060581166778,-42.21624252721272,-11.317402014952354,13.549871883681503,99.78629190596038,93.88875545685218,17.6545352935791,237.9756244496704,129.87,108.10562444967037,0.0,False,0.0,0.0,False,False,201574.5390436428,726.1912177758329
304.2430000000022,30.0,True,False,-1109.0452984673525,-1706.5139179433029,-721.0925387045588,-364.7125594623092,264.84805647126643,0.0,2107.201760753455,-54.92641477435197,-76.06570487865636,-42.50089012426905,-11.364509045408406,13.606271243415907,99.69304355056508,93.8237842908236,17.72801971435547,236.62322279758087,129.87,106.75322279758088,12.844260215759277,False,-75.4212949430198,26.32809682451387,True,False,203807.38381386685,728.6197516575193
304.34300000000803,30.1,True,False,-1114.5546637448733,-1714.1088285592782,-725.3527862896374,-364.7125594623092,264.84805647126643,0.0,2116.2546005064464,-55.26089077606276,-75.83250744084987,-42.70406157730144,-11.397556228401271,13.645837311235915,99.6512232599941,93.83141922687992,17.77957153320312,237.3361721693613,129.87,107.46617216936129,12.813936233520508,False,-74.52982206016395,25.823957855049677,True,False,206054.88059619052,731.6276926554758
304.4429999999993,30.2,True,False,-1120.089974884795,-1721.6825249168503,-729.6406998829295,-364.7125594623092,264.84805647126643,0.0,2125.299694283271,-55.445332022375474,-75.64141971059125,-43.054210288541334,-11.414950383546177,13.666662636114097,99.572125013514,93.78597559819526,17.806705474853516,239.97539180215733,129.87,110.10539180215733,12.85888671875,False,-73.40008634389078,25.69613167816044,True,False,208317.2399373032,734.0165074398737
304.5430000000051,30.3,True,False,-1077.1522345904345,-1761.8892533255632,-742.5656606843194,-364.7125594623092,264.84805647126643,0.0,2148.309664275418,-54.789325490696235,-78.28446477411518,-43.90070832590459,-11.459014109337835,13.719418369135315,101.69675706649828,95.55274780295508,17.875442504882812,245.5078261737701,129.87,115.63782617377008,12.78254508972168,False,-75.0181606192304,29.31675747695462,True,False,208391.2089348301,729.5261339124787
304.64300000001094,30.4,True,False,-1082.6510109305727,-1769.7072386602708,-746.9595740203711,-364.7125594623092,264.84805647126643,0.0,2157.5103404258402,-55.18620131206546,-78.07524192003838,-43.977558395128284,-11.485576082230281,13.75121995479914,101.6948560445881,95.60993785234008,17.91687774658203,245.78057452880228,129.87,115.91057452880224,12.557077407836914,False,-74.90087930956422,28.91737905984022,True,False,210665.39180758712,732.6339461247062
304.7430000000022,30.5,True,False,-1088.1811253585636,-1777.5045430095645,-751.362336289992,-364.7125594623092,264.84805647126643,0.0,2166.705080634208,-55.41608724775454,-77.87084506583273,-44.07768699729108,-11.476453504447619,13.740297858010438,101.60360683218275,95.57620643820128,17.902647018432617,246.45957309316788,129.87,116.58957309316787,12.698984146118164,False,-74.09332787306015,27.920995991613378,True,False,212954.92417899484,735.1550523214194
304.84300000000803,30.6,True,False,-1093.7370053456514,-1785.2754879985387,-755.776208072948,-364.7125594623092,264.84805647126643,0.0,2175.8867595270094,-55.70151249400314,-77.54805471364817,-44.199748661827925,-11.50023260814916,13.768767625916443,101.45203391624638,95.47962758615347,17.939741134643555,246.5730309390216,129.87,116.70303093902162,12.817391395568848,False,-73.4245702310433,27.13232118173471,True,False,215259.33075004167,737.7523969600775
304.9429999999993,30.7,True,False,-1099.318339054954,-1793.0177230556767,-760.2028629729047,-364.7125594623092,264.84805647126643,0.0,2185.0531384748865,-55.92516169205042,-77.29664642911344,-44.33334933730754,-11.547218591131617,13.825022060361734,101.35363980723237,95.40647388657312,18.013036727905273,246.06718089961444,129.87,116.19718089961444,13.251901626586914,False,-73.06461009402577,26.635794126533735,True,False,217578.49620793195,740.2214735379064
305.0430000000051,30.8,True,False,-1104.9271001995526,-1800.7331367613774,-764.6380062533921,-364.7125594623092,264.84805647126643,0.0,2194.2067432571707,-56.25006119991682,-77.01162768489941,-44.36951627243984,-11.58352427429749,13.868489399853356,101.26349392681495,95.36697637899586,18.069671630859375,245.58160268098527,129.87,115.71160268098525,13.297066688537598,False,-73.37585760685562,26.56898967579034,True,False,219912.65783849522,743.1352585730406
305.14300000001094,30.9,True,False,-1110.5615615279798,-1808.425444824494,-769.0728491872736,-364.7125594623092,264.84805647126643,0.0,2203.350572436792,-56.439165368628274,-76.83453357743102,-44.32734240519229,-11.617920097324436,13.909670140338951,101.20995275190337,95.33585336885983,18.123327255249023,247.0500980699971,129.87,117.1800980699971,13.383252143859863,False,-71.33647407287664,24.69730003936697,True,False,222262.16033794353,745.8196022347403
305.24400000000605,31.0,True,False,-1116.212886685665,-1816.0986286178336,-773.5129427927029,-364.7125594623092,264.84805647126643,0.0,2212.4854458278646,-56.58733778507065,-76.62914228936388,-44.4745297033926,-11.6348765252416,13.929971391949426,101.10230879688879,95.25834475574968,18.149778366088867,249.24909097903307,129.87,119.37909097903307,13.444478034973145,False,-69.39696969720127,22.50213481063548,True,False,224627.0123396261,748.1573988723537
305.34300000000803,31.1,True,False,-1121.88150236336,-1823.745237800214,-777.9644321818046,-364.7125594623092,264.84805647126643,0.0,2221.604545586295,-56.78497576883221,-76.30304135824343,-44.55525807864075,-11.643355961901934,13.940123481646472,100.90388812683572,95.11407673727727,18.163005828857422,249.1636640727424,129.87,119.29366407274236,13.217164993286133,False,-69.23342737805137,22.124080094162828,True,False,227006.71512175188,750.6071496403075
305.44200000001,31.2,True,False,-1127.5758626039099,-1831.3715737630478,-782.4323229521001,-364.7125594623092,264.84805647126643,0.0,2230.7167362665746,-57.102229042166776,-76.22367789842997,-44.802557327270115,-11.614391380063914,13.905445348577498,100.95742782206808,95.24029417188754,18.117822647094727,247.02522863916676,129.87,117.15522863916676,12.81566047668457,False,-71.62830762429631,23.897617665811495,True,False,229401.95476275776,753.7185411421328
305.5420000000013,31.3,True,False,-1133.304941012425,-1838.984631869904,-786.9195975841999,-364.7125594623092,264.84805647126643,0.0,2239.831741339004,-57.47933912813476,-76.0374842386949,-44.942935314727485,-11.624854038968381,13.917971870789124,100.96840043626466,95.3182744071508,18.134143829345703,246.89202789390518,129.87,117.02202789390518,13.035849571228027,False,-71.95772992862159,23.755566669897377,True,False,231813.53771490388,757.0986854202542
305.64300000001094,31.4,True,False,-1139.0695415055286,-1846.5779017070136,-791.4273191598819,-364.7125594623092,264.84805647126643,0.0,2248.943821554498,-57.81267073393524,-75.82791250349759,-45.21149619891212,-11.70084006213971,14.008946891165856,100.98000908001974,95.35290877591778,18.25267791748047,249.65250131271335,129.87,119.78250131271332,12.822944641113281,False,-69.36236134811057,21.027941839643507,True,False,234241.23770927102,760.29847724663
305.7430000000022,31.5,True,False,-1144.8730437009463,-1854.1505523776073,-795.962297704339,-364.7125594623092,264.84805647126643,0.0,2258.053472677502,-58.2573731744178,-75.6251009083762,-45.48807469023012,-11.697332130808997,14.00474698556516,101.00171808179107,95.46243982103881,18.24720573425293,248.98557988749604,129.87,119.11557988749604,13.577116966247559,False,-69.94764161094068,21.201549913464117,True,False,236685.1583239105,763.9420330446854
305.8440000000119,31.6,True,False,-1150.6941019539854,-1861.7124158875683,-800.5208865996749,-364.7125594623092,264.84805647126643,0.0,2267.162638130892,-58.163791886367015,-75.61216929084648,-45.68370321648711,-11.677314057701137,13.98078014886436,100.93507423201127,95.39510905422898,18.215978622436523,248.37469224828243,129.87,118.50469224828241,13.637649536132812,False,-70.04662552290542,21.151993702468502,True,False,239145.18219239212,765.5589007771846
305.9429999999993,31.7,True,False,-1156.5255690971876,-1869.2557929742338,-805.095168667034,-364.7125594623092,264.84805647126643,0.0,2276.2616463063173,-58.465550977674376,-75.2553724424642,-45.80193813069719,-11.685853406747393,13.99100396926006,100.76336540355611,95.29738575940603,18.229299545288086,247.6608402566365,129.87,117.7908402566365,13.731760025024414,False,-68.8796397900473,20.430289090368472,True,False,241620.7601396824,768.7559681673898
306.0430000000051,31.8,True,False,-1162.3818475060996,-1876.7782668119048,-809.6785435224341,-364.7125594623092,264.84805647126643,0.0,2285.3532772128865,-58.66001720056548,-75.19410431095632,-45.86555897730415,-11.647087647653533,13.944591279448257,100.77659746541293,95.36850078038145,18.168827056884766,249.6430727680386,129.87,119.77307276803857,13.360210418701172,False,-68.33869715637593,19.15740467439912,True,False,244112.3467844206,771.6751021142652
306.14300000001094,31.9,True,False,-1168.2636445110102,-1884.283692680748,-814.2713907254345,-364.7125594623092,264.84805647126643,0.0,2294.441461771501,-58.97592289764456,-74.91441306590507,-45.991385082704674,-11.629984495525953,13.924114360820676,100.66738219764291,95.34321562983894,18.142147064208984,250.76834388046558,129.87,120.89834388046557,13.085700988769531,False,-67.54323214806726,18.021703100249397,True,False,246620.22488312377,775.048657457092
306.2430000000022,32.0,True,False,-1174.1658646759176,-1891.763279307312,-818.8715125700137,-364.7125594623092,264.84805647126643,0.0,2303.5162484623156,-59.06848040050785,-74.67731946537214,-46.01105180888,-11.648466855231451,13.946242549409074,100.51265307821681,95.21442863011062,18.170978546142578,250.4525265652805,129.87,120.58252656528049,13.57666301727295,False,-66.84972935994088,17.478407919536078,True,False,249143.73547954124,777.5148059036597
306.34300000000803,32.1,True,False,-1180.083980826193,-1899.2176480299245,-823.4799353311528,-364.7125594623092,264.84805647126643,0.0,2312.5766859015066,-59.2938426049981,-74.41005498687854,-46.1574034139019,-11.604519286106374,13.893625886109733,100.35841576236815,95.14523663335214,18.1024227142334,249.38008882525327,129.87,119.51008882525322,13.657491683959961,False,-67.82381935282059,18.038925456111805,True,False,251682.7644640541,780.5194586728768
306.4429999999993,32.2,True,False,-850.8483328729665,-1356.2043833503765,-603.0244555359889,-364.7125594623092,264.84805647126643,0.0,1692.3767319486756,-44.69254367576323,-38.223706840268136,-38.53599083959109,-11.617559400307162,13.909238292255226,61.739764763176396,58.808802273305695,18.122764587402344,281.21753920952864,129.87,151.34753920952863,13.412342071533203,True,-65.22268236897723,15.659089787823143,True,False,224479.5905193615,683.0994115198816
306.5430000000051,32.3,True,False,-773.0707544655108,-1365.775114286129,-585.1579647922615,-468.2137422528006,392.26674941573657,0.0,1784.2782833469644,-39.45747738916117,-37.63193936520172,-37.43804074658881,-9.751109294413085,15.300282037604186,60.698339087789954,54.52573137796855,18.143394470214844,279.9165878025898,122.50999999999996,157.40658780258983,13.291302680969238,True,4.189956775606657,0.129147742451298,True,False,170405.00961196754,437.6565720736995
306.64300000001094,32.4,True,False,-694.5353229276703,-1426.945770098016,-571.0479143578302,-468.2137422528006,392.26674941573657,0.0,1833.2363865674135,-36.61968172581807,-42.13921588297784,-36.316578930299926,-9.736089552382426,15.276714843117624,63.39808064359207,55.827543425556755,18.115447998046875,286.84282989682106,122.50999999999996,164.33282989682107,13.307964324951172,True,1.272115626651276,0.3438654345217289,True,False,141601.26945075073,338.8719658905757
306.7430000000022,32.5,True,False,-715.9179766492954,-1419.5267231141281,-562.1893597754653,-468.2137422528006,392.26674941573657,0.0,1828.6478542463497,-37.781497629590525,-41.140347254462405,-35.86372808376581,-9.722073381703662,15.254722333547956,62.989960810905664,55.85668926236595,18.08936882019043,285.0405306131735,122.50999999999996,162.5305306131735,13.485206604003906,True,-0.3870475344943074,0.04776993688373858,True,False,130124.54315406809,299.7220628272818
306.84300000000803,32.6,True,False,-725.1785074415852,-1420.1410645099259,-556.4612974494794,-468.2137422528006,392.26674941573657,0.0,1830.5335218256248,-38.25182618833486,-40.593467686325525,-35.510076543348895,-9.7206987247242,15.252565385158215,62.71207733894687,55.7766243649016,18.086811065673828,284.8219637537869,122.50999999999996,162.31196375378693,13.131792068481445,True,-1.0648559641830353,0.46796657270388925,True,False,130899.81164580883,299.2419884151793
306.9429999999993,32.7,True,False,-734.7625139057578,-1412.525647912517,-553.0133358940744,-468.2137422528006,392.26674941573657,0.0,1824.3694376752655,-38.77130832580609,-39.67777371195851,-35.43069890449467,-9.69914705556964,15.218749066779463,62.11939128902611,55.475580898554874,18.046710968017578,284.467401366362,122.50999999999996,161.95740136636206,13.20754623413086,True,0.901890557280959,0.3308717612870723,True,False,131292.30047004635,298.2089734073353
307.0430000000051,32.8,True,False,-746.311472558823,-1402.248433560248,-559.6101731057217,-468.2137422528006,392.26674941573657,0.0,1815.9358715364076,-39.153242800862664,-38.721687552989906,-35.86802527235401,-9.670017858904115,15.173042992623705,61.432096932812115,55.06673686332501,17.992511749267578,284.43384627553326,122.50999999999996,161.9238462755333,12.710075378417969,True,1.7535019972116554,1.258583254331538,True,False,132126.51829324794,298.46343083298336
307.14300000001094,32.9,True,False,-742.4213011400491,-1414.3768386450636,-590.0617884166187,-468.2137422528006,392.26674941573657,0.0,1827.334353541274,-38.90975856915128,-39.085846804585216,-37.44382845217591,-9.672171590681787,15.176422372613894,61.63789701622194,55.15136201709932,17.996519088745117,283.93040759365687,122.50999999999996,161.42040759365693,13.763856887817383,True,2.088798555233124,1.790546761798775,True,False,132702.3424015041,297.47412882574554
307.2430000000022,33.0,True,False,-747.624750687764,-1417.2923589711813,-591.3180156519626,-468.2137422528006,392.26674941573657,0.0,1831.0037352175718,-39.2019694146947,-38.73467365996184,-37.49921020123839,-9.686615227401141,15.199085611101177,61.48175763517471,55.11051940904205,18.023393630981445,283.4478052154237,122.50999999999996,160.93780521542374,13.610054016113281,True,-0.11492728364022398,0.005148075229249844,True,False,132024.50280125698,292.4598728886988
307.34300000000803,33.1,True,False,-751.3396092465804,-1420.0412084585867,-597.5937768761526,-468.2137422528006,392.26674941573657,0.0,1834.2901599080715,-39.4416423921906,-38.2866488066253,-37.731898671262904,-9.682416424278184,15.192497348159806,61.20155719958553,54.96826931453554,18.015581130981445,283.80391910318485,122.50999999999996,161.29391910318492,13.186604499816895,True,0.32453493503294695,0.04269091997523582,True,False,132878.98396784702,292.57228284440146
307.4429999999993,33.2,True,False,-754.9824813450381,-1423.8452809047171,-604.0399415508676,-468.2137422528006,392.26674941573657,0.0,1838.6133950331243,-39.509751164922136,-38.09210337937555,-37.99100191926617,-9.675893723040053,15.182262700431306,61.059128155156436,54.88195310827686,18.00344467163086,284.80495994219547,122.50999999999996,162.29495994219548,12.568967819213867,True,0.15997779513295107,0.010143493878696447,True,False,133202.73238540327,290.7025306808013
307.5430000000051,33.3,True,False,-771.004641722814,-1392.6903124963592,-629.2676109124466,-468.2137422528006,392.26674941573657,0.0,1810.4568599311392,-39.153431145169655,-36.00518795021237,-39.202368371468445,-9.675511361329882,15.181662743869506,59.0681084745459,53.19177313992888,18.00273323059082,284.3381945237285,122.50999999999996,161.8281945237285,13.368406295776367,True,3.6364606352038003,5.14997936069721,True,False,133877.84503247193,290.23164388962715
307.64300000001094,33.4,True,False,-749.8455647510356,-1422.2315782770347,-664.5823461830545,-468.2137422528006,392.26674941573657,0.0,1836.2245681407112,-38.14426895606705,-37.560980805559275,-40.97298495007458,-9.660203566643569,15.157643571383304,59.92157655891671,53.53328434972371,17.97425079345703,286.0363617429126,122.50999999999996,163.52636174291263,13.017704963684082,True,0.9186403043068534,0.29692648390884463,True,False,127202.69838631137,266.8637524636829
307.7430000000022,33.5,True,False,-751.7859592871,-1426.6953892405093,-670.30340456811,-468.2137422528006,392.26674941573657,0.0,1840.9335849341908,-38.28884707765613,-37.40433354949793,-41.076790597520834,-9.651388745341245,15.143812401209269,59.84489671301886,53.52681551165016,17.957849502563477,285.52821412829576,122.50999999999996,163.0182141282958,13.362281799316406,True,0.12222122299084326,0.0056156472981245716,True,False,126956.03955368859,263.7897757736356
307.84300000000803,33.6,True,False,-765.1291351179988,-1355.82181226099,-616.5989619023427,-468.2137422528006,392.26674941573657,0.0,1773.1250294283543,-39.34705724760942,-33.56956217540439,-38.42458909771411,-9.646647665154799,15.13637326153548,57.04719516464344,51.72143094206689,17.94902801513672,285.35563485450905,122.50999999999996,162.84563485450906,12.759906768798828,True,-0.3430399864603615,0.03942838902392987,True,False,109995.3197330524,216.63772275955168
307.9429999999993,33.7,True,False,-770.4321710898973,-1358.8114774568553,-634.764600324447,-468.2137422528006,392.26674941573657,0.0,1776.9667794745133,-39.439148946367894,-33.19133947837019,-39.2595984453119,-9.631992858161192,15.11337867974597,56.761010829633356,51.54717728433059,17.92176055908203,285.25116506340953,122.50999999999996,162.74116506340957,12.888619422912598,True,0.8071845380367524,0.2659087679424269,True,False,109979.0877231987,215.1858244923566
308.0430000000051,33.8,True,False,-775.2387726047749,-1355.9101930708403,-641.8737550559342,-468.2137422528006,392.26674941573657,0.0,1774.9329540870963,-39.6393771432328,-32.802799770962025,-39.481992573319175,-9.617693760318872,15.090942234489823,56.525321727777126,51.45195713592704,17.89515495300293,285.5326188468425,122.50999999999996,163.0226188468426,12.588022232055664,True,1.4871449707336843,0.9228410188116444,True,False,110682.61379122829,216.32412317478872
308.14400000000023,33.9,True,False,-776.2700201655051,-1361.9936516153714,-649.0331346582238,-468.2137422528006,392.26674941573657,0.0,1781.103092183957,-39.88867349908737,-32.87954609105512,-39.87153860847163,-9.62108581098632,15.096264637339676,56.72570210674916,51.69304425810704,17.901466369628906,284.0854125857716,122.50999999999996,161.57541258577166,14.077510833740234,True,0.9579146465202548,0.3826799880423392,True,False,111372.27577591734,217.0561277076596
308.2430000000022,34.0,True,False,-780.2651484501619,-1365.2639784087278,-653.0143302182239,-468.2137422528006,392.26674941573657,0.0,1785.0183022470503,-40.01902113369995,-32.480246191710734,-39.914821318982796,-9.621647564919764,15.097146074862106,56.458910499294284,51.541133526278436,17.902511596679688,283.3803172432943,122.50999999999996,160.87031724329435,14.084538459777832,True,-0.0027494925926703218,3.1628035054191817e-06,True,False,112110.85582937188,217.4087328703186
308.34300000000803,34.1,True,False,-785.9393656462586,-1364.5835461879549,-658.7203924964805,-468.2137422528006,392.26674941573657,0.0,1785.3494147991141,-40.31077018606587,-32.28765260813438,-40.26078513205284,-9.62521388231839,15.102741916359427,56.45753146266342,51.64736879974994,17.909147262573242,283.68416871102096,122.50999999999996,161.17416871102097,14.004448890686035,True,0.7376679443689795,0.2261763602316567,True,False,112781.84912454631,218.97564494612521
308.4429999999993,34.2,True,False,-794.8924374541506,-1353.2350422574477,-683.6862723049232,-468.2137422528006,392.26674941573657,0.0,1775.8084003159668,-40.1768266010678,-31.303751827709743,-41.43129992734493,-9.63478932664738,15.117766565806532,55.56773713974374,50.932330343536314,17.926963806152344,283.37012432737765,122.50999999999996,160.8601243273777,14.540812492370605,True,2.589029982261014,2.73440700619478,True,False,113302.32937442671,219.4467098207482
308.5430000000051,34.3,True,False,-776.6675873452499,-1370.978853871895,-721.0992448725689,-468.2137422528006,392.26674941573657,0.0,1790.0220199945811,-39.248928712498895,-32.22570662057881,-43.261558359142875,-9.629551073727871,15.109547321756141,55.8384616325832,50.7836053493097,17.917217254638672,285.38322628911635,122.50999999999996,162.87322628911636,14.68298625946045,True,2.3892760479489326,2.307619162806983,True,False,113282.79071373111,217.596485538869
308.6420000000071,34.4,True,False,-767.153455156891,-1382.0620874258154,-741.139340659401,-468.2137422528006,392.26674941573657,0.0,1799.3353698515114,-38.97243210540143,-32.78594919500609,-44.15322220962897,-9.631745809442288,15.112991040251618,56.171027656423334,50.92905780424025,17.921300888061523,285.78476930657894,122.50999999999996,163.27476930657897,15.032681465148926,True,1.0746169618355736,0.4535210642738939,True,False,112964.55700808323,216.04587993236856
308.7459999999992,34.5,True,False,-769.4487594561518,-1386.0495792551683,-748.1494293695233,-468.2137422528006,392.26674941573657,0.0,1803.64949488726,-39.07120380058651,-32.74450563446169,-44.43607513099091,-9.638138323181245,15.123021413225834,56.19257503494855,50.97805033219944,17.933195114135742,285.92109930595683,122.50999999999996,163.41109930595684,14.977659225463867,True,0.2109060748314331,0.01764757439406417,True,False,113162.93717543872,215.4986452263078
308.8440000000119,34.6,True,False,-776.8985432170847,-1378.1708783356019,-755.963969481976,-468.2137422528006,392.26674941573657,0.0,1797.1465438589437,-39.076721116914165,-32.240221501774215,-44.752866359478844,-9.638511459005649,15.123606893623943,55.76683986144188,50.65986592691053,17.933889389038086,286.3117546861176,122.50999999999996,163.80175468611762,14.85401725769043,True,1.622521224395335,1.0446460037141225,True,False,113772.38675107015,216.60363489611433
308.9429999999993,34.7,True,False,-775.1988188247792,-1381.3805390607974,-760.9893013878512,-468.2137422528006,392.26674941573657,0.0,1800.0179280101809,-38.94064041496536,-32.406237297710675,-44.89114540967058,-9.634559704601594,15.117406270176925,55.83317172228334,50.661007606670914,17.926536560058594,287.05083401789494,122.50999999999996,164.54083401789498,14.676122665405273,True,1.635063633464231,1.0774044954287874,True,False,114496.44083948,217.23221695318645
309.0430000000051,34.8,True,False,-778.2158653246624,-1384.5924110529318,-769.0662607740825,-468.2137422528006,392.26674941573657,0.0,1803.6989195679203,-39.02439753872323,-32.19769112516078,-45.250176742432515,-9.650387224186185,15.14224093321764,55.71267045520627,50.59243932695443,17.95598602294922,287.25203107871044,122.50999999999996,164.74203107871048,14.146533966064453,True,0.4493690054228239,0.08105065452303878,True,False,115084.59367565357,217.65433864639368
309.14300000001094,34.9,True,False,-782.3464489156112,-1387.7970032496046,-773.1955915033316,-468.2137422528006,392.26674941573657,0.0,1807.569174595628,-39.138021119743044,-32.21233452199982,-45.54743826368178,-9.66699996915949,15.168307678634594,55.79844391201856,50.68943866849064,17.986896514892578,286.79530103915545,122.50999999999996,164.2853010391555,14.515254020690918,True,-0.13751853644937206,0.007597157069607669,True,False,115813.07310956193,218.80597692308697
309.24400000000605,35.0,True,False,-787.6824008798792,-1390.4029148697912,-782.7146132627057,-468.2137422528006,392.26674941573657,0.0,1811.0691195558663,-39.11420342745435,-31.852938681009764,-45.98532816264182,-9.64859740234715,15.13943255746187,55.466250035865684,50.44334061479721,17.952655792236328,285.1361394384988,122.50999999999996,162.6261394384988,15.024516105651855,True,-0.7465188668721794,0.22077869463649089,True,False,116451.81654543692,219.30811918421395
309.34300000000803,35.1,True,False,-804.1185164826577,-1382.5249361135222,-789.7234670910484,-468.2137422528006,392.26674941573657,0.0,1806.2994060714846,-39.18488765417432,-30.827382678136985,-46.36327813453638,-9.644033664187138,15.132271681823445,54.63471317161619,49.85762673106857,17.944164276123047,282.88391961031596,122.50999999999996,160.37391961031597,15.448015213012695,True,-2.02264108532858,1.6196064841183664,True,False,117039.57241758762,220.15952914703738
309.4429999999993,35.2,True,False,-807.271002389471,-1381.7312557322578,-784.120073847415,-468.2137422528006,392.26674941573657,0.0,1806.1087309241514,-39.31983307637588,-30.997428825137415,-45.858152284970615,-9.656825867353982,15.152343687010301,54.860691752888705,50.068851264269306,17.967966079711914,285.0004385430378,122.50999999999996,162.49043854303784,15.040992736816406,True,0.8777428532841931,0.3022496703862501,True,False,117407.659225531,220.7108419284476
309.54400000000896,35.3,True,False,-819.0573884066217,-1368.408190330979,-797.6652195803816,-468.2137422528006,392.26674941573657,0.0,1795.290368575125,-39.00957595772309,-30.12670727946618,-46.061025137729686,-9.658826859467267,15.1554834060683,53.96242457404847,49.2885940954295,17.971689224243164,285.7101073288507,122.50999999999996,163.20010732885075,14.388611793518066,True,1.9478402554888312,1.4642321359382426,True,False,117894.22138386869,221.49189766057145
309.64300000001094,35.4,True,False,-798.5719027022709,-1390.3519563092327,-806.3373462109487,-468.2137422528006,392.26674941573657,0.0,1812.9715839406094,-38.50620168598967,-31.622175428232506,-46.29865803267864,-9.653141663637207,15.14656287231028,54.952833911256405,49.82659477724747,17.961111068725586,287.75561031400343,122.50999999999996,165.2456103140035,14.964598655700684,True,1.7714895218053357,1.23500807504272,True,False,117878.08344558912,220.21180555075108
309.7430000000022,35.5,True,False,-804.4860510066181,-1392.2761621106022,-806.1789824281989,-468.2137422528006,392.26674941573657,0.0,1815.9494675550652,-38.621111205799416,-31.469316519486643,-46.18420534779487,-9.636258292681365,15.120071492758433,54.86978015037615,49.81875262362919,17.929697036743164,286.8364155650145,122.50999999999996,164.3264155650145,15.064745903015137,True,-0.3463698477693171,0.0475313640731379,True,False,118037.26350329869,219.00714895480058
309.84300000000803,35.6,True,False,-808.6308224296431,-1396.3623614539358,-812.4989725783001,-468.2137422528006,392.26674941573657,0.0,1820.7355339879982,-38.53004202255154,-31.2763699267036,-46.62303513408078,-9.630055422149866,15.110338685371168,54.65286782379245,49.62635846051569,17.918155670166016,286.1505539763493,122.50999999999996,163.64055397634928,14.930482864379883,True,-1.004827116607883,0.40708355791414835,True,False,118788.78276862626,219.81953019600687
309.94400000000314,35.7,True,False,-828.60832473905,-1372.0228403654016,-833.4222682413329,-468.2137422528006,392.26674941573657,0.0,1800.7226359702192,-37.76400502086077,-29.48916365414481,-47.409990486096206,-9.65005406720011,15.141718182862183,52.74760517572071,47.9137855761422,17.955366134643555,286.7011873941824,122.50999999999996,164.19118739418246,15.194955825805664,True,2.46945373609325,2.2443535497245044,True,False,118982.90824385111,218.8654202265207
310.04400000000896,35.8,True,False,-799.220313374467,-1402.280305048438,-837.3123893592896,-468.2137422528006,392.26674941573657,0.0,1824.8190268658884,-36.943203832101915,-31.580104777304676,-47.31932873801319,-9.663586391425248,15.162951498069466,54.121075725381374,48.6014745365382,17.980545043945312,290.3691299215369,122.50999999999996,167.85912992153698,14.642624855041504,True,1.403181318910729,0.7171092321996809,True,False,117169.86079963774,211.7382932809894
310.14400000000023,35.9,True,False,-813.6118905393403,-1397.9484939268896,-810.6962067422648,-468.2137422528006,392.26674941573657,0.0,1823.2307858129393,-37.78269150197689,-31.339075825210998,-45.69234277761158,-9.676054663491787,15.182515229064556,54.35293431445757,49.088384071100585,18.00374412536621,289.18538905580004,122.50999999999996,166.67538905580008,14.7114839553833,True,-1.4554610131636068,0.8190438219228645,True,False,116502.09339605959,208.4665148007528
310.2430000000022,36.0,True,False,-815.2127803782629,-1403.4295551521689,-814.2266155199193,-468.2137422528006,392.26674941573657,0.0,1828.9159495993324,-37.91703586027009,-31.39929580933092,-45.683776670504066,-9.642567773448409,15.129971580259442,54.44647159738356,49.23024868666493,17.941436767578125,290.66830565027374,122.50999999999996,168.15830565027377,14.105320930480957,True,-0.18752280529136378,0.013743164942819651,True,False,116401.52800127685,207.6611007247814
310.34300000000803,36.1,True,False,-826.2932576182537,-1397.138610346838,-819.9967040074205,-468.2137422528006,392.26674941573657,0.0,1824.881497761262,-37.945220005879975,-30.85821056819782,-45.78216994530461,-9.62215088824334,15.097935830014501,53.9829939519507,48.90878122347632,17.9034481048584,290.28108312151505,122.50999999999996,167.77108312151512,14.616510391235352,True,0.9713378210524954,0.37675150514521855,True,False,116745.13271678958,207.86317146525272
310.4429999999993,36.2,True,False,-830.2912791218267,-1400.288336079381,-824.4355718180886,-468.2137422528006,392.26674941573657,0.0,1828.7574681295355,-38.09286664988045,-30.663849933537662,-45.89040503271204,-9.630424457580595,15.11091773191875,53.90213326368934,48.901310640432655,17.918842315673828,290.8730381302441,122.50999999999996,168.36303813024412,13.547595024108887,True,-0.17887819730577625,0.013038479208191123,True,False,117464.68476561211,208.9998596426429
310.5430000000051,36.3,True,False,-833.9536379117402,-1403.5987660609958,-829.19941778337,-468.2137422528006,392.26674941573657,0.0,1832.7298275946516,-38.09381726086621,-30.560641950989908,-45.97754942618299,-9.61984851719496,15.094323222942647,53.80653065426688,48.837401138480665,17.8991641998291,291.68676482281813,122.50999999999996,169.17676482281817,12.664730072021484,True,-0.039132781284173745,0.0006186887183541624,True,False,118008.90834835949,209.56297727589288
310.64300000001094,36.4,True,False,-843.709581626386,-1396.810622715428,-822.6287559528123,-468.2137422528006,392.26674941573657,0.0,1828.057703919279,-38.259365018535696,-30.243049981495126,-45.504469512851294,-9.626891968429787,15.10537496968829,53.63113049822981,48.76905867253094,17.912269592285156,290.87783042489656,122.50999999999996,168.3678304248966,14.064005851745605,True,1.6778233155339688,1.1373170294854742,True,False,118511.13334426921,209.95280614598923
310.7430000000022,36.5,True,False,-851.9801421421253,-1392.620332615533,-802.1840351974827,-468.2137422528006,392.26674941573657,0.0,1825.6775578634122,-38.21844311123107,-29.778054018727012,-44.052785684207,-9.643438082005877,15.131337165034155,53.22954376017448,48.44978735751716,17.943056106567383,291.13089961255173,122.50999999999996,168.62089961255177,12.17099666595459,True,-2.382791693984677,2.3062507230906664,True,False,118938.32728802663,210.0556936916355
310.84300000000803,36.6,True,False,-855.8166565643243,-1398.0340870121552,-812.3271517735905,-468.2137422528006,392.26674941573657,0.0,1831.778672246512,-38.3298608818729,-29.620790470535955,-44.558046916214295,-9.623765418252779,15.10046915866017,53.141612504594164,48.441402367428665,17.906452178955078,291.7296418427387,122.50999999999996,169.21964184273872,11.515138626098633,True,-0.9451070697855748,0.3722558053577547,True,False,119562.95742976485,210.92929196857074
310.94400000000314,36.7,True,False,-860.5614175403355,-1399.4536939447116,-815.3023311837226,-468.2137422528006,392.26674941573657,0.0,1834.1752493857541,-38.3048039208728,-29.491188420366587,-44.582239330175064,-9.610056777099624,15.078959187880153,53.008363221910386,48.342405793072366,17.880945205688477,291.8683728200978,122.50999999999996,169.35837282009786,11.838462829589844,True,0.22346934903626448,0.020445776904000148,True,False,120029.01539165823,211.39736098914034
311.0430000000051,36.8,True,False,-871.5365655839726,-1390.5824755972285,-820.0810799766095,-468.2137422528006,392.26674941573657,0.0,1827.9006151728156,-38.023667427723595,-28.8633570123776,-44.592333053704,-9.66165920639811,15.159927588320986,52.36843607919411,47.73774882289796,17.976959228515625,292.2431054822248,122.50999999999996,169.7331054822248,12.027009010314941,True,1.5495832546498054,0.9675634197380475,True,False,120563.17237797835,212.12482082055232
311.14300000001094,36.9,True,False,-865.9691857997288,-1401.4702851612071,-830.9749663212575,-468.2137422528006,392.26674941573657,0.0,1837.3083415921512,-37.71921694870232,-29.47688435229562,-44.99279049842929,-9.656206707909092,15.151372175580471,52.718249444502426,47.870931036923466,17.966814041137695,293.139760209151,122.50999999999996,170.62976020915102,12.445307731628418,True,0.9233807614434308,0.3475112391183066,True,False,120740.6425869278,211.6542473337644
311.2430000000022,37.0,True,False,-868.4253734107648,-1405.111241059412,-839.0752248566599,-468.2137422528006,392.26674941573657,0.0,1841.3953921845796,-37.650678774947266,-29.418228135669654,-45.26608892505203,-9.626212328178195,15.104308558963162,52.60824073613383,47.78080952491879,17.9110050201416,292.885140886664,122.50999999999996,170.37514088666398,12.9134521484375,True,0.39942375104675065,0.0652455516851478,True,False,121238.70652347611,211.9940718432314
311.34300000000803,37.1,True,False,-873.1633720493899,-1407.6865896991965,-842.4102885245125,-468.2137422528006,392.26674941573657,0.0,1844.9434207214572,-37.69656115221991,-29.328241262682877,-45.35274592415234,-9.644969579043401,15.133740208206618,52.571471218770625,47.761663060086065,17.945905685424805,292.55844753378824,122.50999999999996,170.04844753378828,12.711281776428223,True,-0.5463701193041501,0.12289036857659812,True,False,121949.03874486778,213.24986225045947
311.4429999999993,37.2,True,False,-880.836735505783,-1403.7439703446091,-838.5776773423192,-468.2137422528006,392.26674941573657,0.0,1842.800108545451,-37.71352741575685,-29.122565698916137,-44.957973193159134,-9.656148277299227,15.151280493210438,52.4155509440017,47.649071166463784,17.966705322265625,292.7813832470125,122.50999999999996,170.27138324701252,13.194233894348145,True,1.1650678030403157,0.5559968545457646,True,False,122444.49060496433,214.14432274228136
311.5430000000051,37.3,True,False,-885.1939846304621,-1406.410383779002,-839.9025967145462,-468.2137422528006,392.26674941573657,0.0,1846.3780631308898,-37.72564556280148,-29.129409052823032,-44.809183541349974,-9.666770347113703,15.167947383004988,52.43621139606037,47.66284511961924,17.986469268798828,293.2959197403501,122.50999999999996,170.78591974035012,12.515096664428711,True,-0.402907441097172,0.06727965620976321,True,False,123023.92482046166,214.77969791610477
311.6420000000071,37.4,True,False,-889.10731646448,-1409.1147872651743,-844.2290709926796,-468.2137422528006,392.26674941573657,0.0,1849.8991436042027,-37.71359195591235,-29.07051658960918,-44.95201501954205,-9.641335605149143,15.128038208175573,52.35994483224506,47.617328285024556,17.939144134521484,293.15130100196654,122.50999999999996,170.6413010019666,12.735918998718262,True,0.05109406295066243,0.0010865456258212784,True,False,123678.57340050435,215.90190649973292
311.7430000000022,37.5,True,False,-895.862016931295,-1407.4580380352456,-849.0513456877404,-468.2137422528006,392.26674941573657,0.0,1849.8357649804957,-37.5017419362496,-28.758930113650717,-45.08235800621923,-9.628908337019352,15.108538815685769,51.97354791734619,47.25946158744202,17.9160213470459,293.936639721213,122.50999999999996,171.42663972121306,12.43835735321045,True,0.6474768770391712,0.17087967864245854,True,False,124242.40147497092,216.41130610538053
311.84300000000803,37.6,True,False,-842.7987974415284,-1441.2999852204357,-841.6201343911505,-468.2137422528006,392.26674941573657,0.0,1871.4381993363013,-33.74417017453988,-30.823830545202167,-44.471910463198114,-9.657302538118673,15.15309162213426,51.90428271844036,45.70314595569593,17.968852996826172,295.032349197329,122.50999999999996,172.522349197329,12.222416877746582,True,2.365443546625986,0.7843897932250974,True,False,104143.74734216188,153.0839795925673
311.9429999999993,37.7,True,False,-846.5951312975101,-1444.167579894237,-845.7216081042185,-468.2137422528006,392.26674941573657,0.0,1875.0102723568145,-33.50914964148741,-30.72228743969995,-44.51072963805928,-9.65338973745453,15.146952120267265,51.70188022121172,45.461214845438754,17.961572647094727,294.9966469552011,122.50999999999996,172.4866469552011,11.918394088745117,True,-0.02237025473287524,0.0001869051137730113,True,False,102798.20772629985,145.89724295852653
312.0430000000051,37.8,True,False,-851.7427550409934,-1447.4877169009872,-849.6306784615952,-468.2137422528006,392.26674941573657,0.0,1879.305988917882,-33.47677228906271,-30.605260745453286,-44.725879762516485,-9.640997322670975,15.127507415506956,51.57160315437756,45.358309803066305,17.938514709472656,295.2916141348259,122.50999999999996,172.78161413482596,11.178390502929688,True,-0.45946062434651935,0.08948670501370047,True,False,103289.91979817224,146.07345341936508
312.14300000001094,37.9,True,False,-854.6791174628011,-1451.1619789386302,-855.0292448811667,-468.2137422528006,392.26674941573657,0.0,1883.5033747669272,-33.10564537054473,-30.376976212308914,-45.03063304274795,-9.654864854079026,15.14926669799496,51.21111110256681,44.93044000678662,17.964317321777344,294.4336483455946,122.50999999999996,171.92364834559461,11.564875602722168,True,-0.12063358613950825,0.006180973591055366,True,False,103599.23286192367,145.72100608400385
312.24400000000605,38.0,True,False,-858.0787303930513,-1453.9473928703142,-859.2707412129155,-468.2137422528006,392.26674941573657,0.0,1886.929084029025,-32.91020512112392,-30.251436956667657,-45.14098622282662,-9.642578024432595,15.129987664885764,50.998589896117906,44.70157759025613,17.941455841064453,294.8177622779188,122.50999999999996,172.30776227791884,11.186015129089355,True,0.057562554054545245,0.0014115889374027159,True,False,104030.27545381951,146.10990289603384
312.34300000000803,38.1,True,False,-859.6873480460388,-1457.059910580819,-867.3128226558468,-468.2137422528006,392.26674941573657,0.0,1890.307033105145,-32.44789894959003,-30.178673905716874,-45.44955901010966,-9.64638011446752,15.135953452788485,50.72794805458476,44.31273524564244,17.948530197143555,296.1921622026966,122.50999999999996,173.68216220269665,11.180537223815918,True,0.5283056685424601,0.1176743923383084,True,False,104433.38647048741,145.90887874377387
312.4429999999993,38.2,True,False,-858.0637894001253,-1462.07413154875,-880.5242386377982,-468.2137422528006,392.26674941573657,0.0,1894.8781391099849,-31.72083493398551,-30.2068934509193,-46.14631272542973,-9.670169573470082,15.173281045093265,50.45386090409716,43.80260016099896,17.992794036865234,297.8162017244205,122.50999999999996,175.3062017244206,11.092259407043457,True,0.8654662649924632,0.31158439707506097,True,False,104636.25453496363,144.97698832105405
312.5420000000013,38.3,True,False,-853.7920158810819,-1469.460453566345,-895.4249038696298,-468.2137422528006,392.26674941573657,0.0,1901.2361198487815,-31.115334588405183,-30.217288637836248,-46.69747617181538,-9.670886117264747,15.174405360473152,50.20229331681527,43.37336255319285,17.99412727355957,298.42439047277946,122.50999999999996,175.91439047277947,11.53123664855957,True,1.1644687996953476,0.57043303986219,True,False,104848.81605833437,144.27733672276355
312.64300000001094,38.4,True,False,-859.2658230846231,-1470.3746875467118,-896.9823175508301,-468.2137422528006,392.26674941573657,0.0,1903.2484999632688,-30.873108235286523,-29.782436883544207,-46.568054821091124,-9.642988063800072,15.130631049938632,49.67797976662698,42.89688052562809,17.942218780517578,296.8885522862666,122.50999999999996,174.3785522862666,11.550199508666992,True,-0.46024755005743323,0.08918337251492589,True,False,105153.1280583202,143.7737810256519
312.74400000000605,38.5,True,False,-862.211414036714,-1474.0122647569926,-904.0758308104155,-468.2137422528006,392.26674941573657,0.0,1907.4148799127781,-30.4097852341026,-29.301825235783745,-46.78576038393108,-9.638845641090143,15.12413125244203,49.04179382394472,42.22975254642937,17.934511184692383,296.4639141163546,122.50999999999996,173.95391411635464,10.956154823303223,True,-1.0933413701351746,0.5107694639648656,True,False,105664.33438568612,143.74826820643247
312.84300000000803,38.6,True,False,-865.2520467652605,-1476.7215770666103,-908.3227815956603,-468.2137422528006,392.26674941573657,0.0,1910.6953655089585,-30.14356594568488,-29.123192589117746,-46.967401699330594,-9.660201516446731,15.157640354458039,48.78893711199134,41.91413740618666,17.974246978759766,296.6392985665294,122.50999999999996,174.12929856652946,11.176508903503418,True,0.08502234497014705,0.0030956183550690194,True,False,106110.84728694416,143.86753720739625
312.9429999999993,38.7,True,False,-867.873134416447,-1480.2422497150708,-914.0758358132803,-468.2137422528006,392.26674941573657,0.0,1914.6847211931454,-29.683983877013155,-29.05753267257171,-47.234744400878036,-9.661178435239744,15.159173219346497,48.538951551218176,41.538886646470786,17.976064682006836,296.4607751145296,122.50999999999996,173.95077511452965,10.879952430725098,True,-0.14028598643979961,0.008421912784113845,True,False,106444.43954767563,143.75198669785098
313.0430000000051,38.8,True,False,-869.2586824989488,-1485.810531420195,-922.5558882502261,-468.2137422528006,392.26674941573657,0.0,1920.4195679301758,-29.12612774876534,-28.907575192097195,-47.63151782440454,-9.631393175586258,15.112437729106151,48.1435999242019,41.036315881474444,17.920644760131836,296.357833710785,122.50999999999996,173.847833710785,10.322565078735352,True,-1.0871350888990303,0.5079104474530252,True,False,106921.36113973864,143.9308876367565
313.14300000001094,38.9,True,False,-874.152566731704,-1481.9333736564568,-917.810697373129,-468.2137422528006,392.26674941573657,0.0,1917.65805881631,-28.634199968035823,-28.465785679551793,-47.252768370407665,-9.64878499535777,15.139726906123556,47.55929677302093,40.37596267785622,17.953004837036133,297.34332097831117,122.50999999999996,174.8333209783112,10.407124519348145,True,1.1628137342020963,0.5692994410708999,True,False,107198.83458254406,143.51438801009897
313.2430000000022,39.0,True,False,-875.5227385706992,-1485.8353708732773,-924.9339184917701,-468.2137422528006,392.26674941573657,0.0,1921.761741922131,-28.34355100955442,-28.38850103233529,-47.53595139397206,-9.647279125780713,15.137364074516897,47.37142087431915,40.11563130120371,17.95020294189453,298.7380093336152,122.50999999999996,176.22800933361523,9.87618637084961,True,0.1837437210187165,0.014276804437765007,True,False,107088.08542623992,142.1112414034747
313.34300000000803,39.1,True,False,-874.4248911386043,-1490.1755893413604,-936.2854225201861,-468.2137422528006,392.26674941573657,0.0,1925.7717040772027,-27.570411320213037,-28.20862194204492,-48.15221325361728,-9.656111373756154,15.15122258855568,46.9147978817929,39.44431432076047,17.966636657714844,300.1818588352916,122.50999999999996,177.67185883529166,9.901139259338379,True,0.8039932615743997,0.2729147150771643,True,False,107380.90616737079,141.1374065659425
313.4429999999993,39.2,True,False,-877.9934474091618,-1492.3139931846279,-940.0403137743164,-468.2137422528006,392.26674941573657,0.0,1928.6171165211033,-27.283724699981484,-28.04258732814705,-48.28374607047739,-9.655215437738219,15.149816792215162,46.651346309679845,39.12529025529565,17.964969635009766,299.46297514020836,122.50999999999996,176.9529751402084,9.945854187011719,True,-0.14234332161056784,0.008691856142938022,True,False,107631.5433665307,140.8093663136611
313.5430000000051,39.3,True,False,-880.6115497827857,-1495.517803361364,-945.8699216044881,-468.2137422528006,392.26674941573657,0.0,1932.3049628253239,-26.829127746160808,-27.654557187416113,-48.49545989758858,-9.651002283237398,15.143206010796941,46.1165537436424,38.53020411121493,17.957130432128906,299.00562364589496,122.50999999999996,176.49562364589497,9.454800605773926,True,-0.742106363573571,0.2383181855270502,True,False,108137.9617889525,140.81610463504688
313.64300000001094,39.4,True,False,-883.5892707674277,-1498.3576376411947,-950.5496640568173,-468.2137422528006,392.26674941573657,0.0,1935.7162505447957,-26.580114008593167,-27.425926907998253,-48.62664123272279,-9.670005557723092,15.173023691072117,45.83254695041751,38.19272087024795,17.992488861083984,299.84445189404937,122.50999999999996,177.3344518940494,9.318166732788086,True,-0.18634005654092967,0.015054089889300435,True,False,108640.48160901394,140.98651760512254
313.7430000000022,39.5,True,False,-885.6012974259065,-1500.8484212527312,-956.915380097634,-468.2137422528006,392.26674941573657,0.0,1938.5812906939148,-26.05086884414265,-27.07277911057613,-48.88022318953152,-9.643136703070782,15.130864277020297,45.280914182474,37.57104119271609,17.942495346069336,300.364584154848,122.50999999999996,177.85458415484803,9.740522384643555,True,0.47214849571908246,0.09681756826290924,True,False,109123.86458323563,140.66791487879613
313.84300000000803,39.6,True,False,-888.2538947457199,-1503.542104651062,-961.8277347535014,-468.2137422528006,392.26674941573657,0.0,1941.7839583394293,-25.702945771221806,-26.685104559348698,-49.01375951825743,-9.637272115017451,15.12166226230165,44.787404726189514,37.050455147835116,17.931583404541016,299.6572883317075,122.50999999999996,177.14728833170753,9.426547050476074,True,-0.1953403919768668,0.016621581733251154,True,False,109633.70943127482,140.68448550404486
313.9429999999993,39.7,True,False,-890.8393788165995,-1506.000070505822,-966.5858825159496,-468.2137422528006,392.26674941573657,0.0,1944.7440315620106,-25.329705725684654,-26.435850890038672,-49.311809097130194,-9.682599916895128,15.192785262970965,44.47218533140817,36.61213192959597,18.01592254638672,299.22861641869423,122.50999999999996,176.71861641869424,10.16800594329834,True,0.43952961181272343,0.08444595911844126,True,False,110142.65199323418,140.6244210570108
314.04400000000896,39.8,True,False,-894.5171379321424,-1507.8438171500904,-968.1669802120124,-468.2137422528006,392.26674941573657,0.0,1947.3455652099465,-25.14742880915422,-26.096013533219043,-49.342844192881984,-9.663126122235257,15.162229298347622,44.06819977317712,36.240793286535975,17.97968864440918,300.02939463361366,122.50999999999996,177.5193946336137,9.725090026855469,True,-0.35016703406030736,0.05317023794481262,True,False,110402.83382269621,140.01713463635502
314.14300000001094,39.9,True,False,-897.0286383365697,-1511.0686364428336,-972.4058244432383,-468.2137422528006,392.26674941573657,0.0,1951.04274842063,-24.78939793461209,-25.874659446956407,-49.46142459051988,-9.6438122429287,15.131924253894898,43.71417015978971,35.83311668633529,17.94375228881836,300.72884681535925,122.50999999999996,178.21884681535929,9.296359062194824,True,-0.38831224087601157,0.06618056208502253,True,False,110895.88132083572,140.1097187095313
314.2430000000022,40.0,False,True,-899.4868968241968,-1513.6446758170196,-977.3564892427438,-468.2137422528006,392.26674941573657,0.0,1954.0969511993817,-24.375771817931994,-25.64612803676073,-49.551871399590446,-9.649396979113728,15.140687158314963,43.363929822499216,35.38222908463813,17.954143524169922,301.15691448673607,122.50999999999996,178.6469144867361,0.0,False,0.0,0.0,False,False,111402.0096222942,140.36556737781643
314.34300000000803,40.1,False,True,-901.9123989507258,-1516.198893777866,-982.3229212589727,-468.2137422528006,392.26674941573657,0.0,1957.124328210131,-24.134270712646654,-25.438231180171524,-49.77676892498624,-9.646180220275875,15.135639802575211,43.082987044072304,35.0651768626249,17.948158264160156,301.7204510855149,122.50999999999996,179.21045108551493,0.0,False,0.0,0.0,False,False,111908.30758505566,140.89955291085076
314.4429999999993,40.2,False,True,-904.3066544811231,-1518.7289859928212,-987.3098208756084,-468.2137422528006,392.26674941573657,0.0,1960.1228861593024,-23.750839895299755,-25.163613118930353,-49.96122340772807,-9.639538607621176,15.125218573181378,42.68862592245088,34.602164974627904,17.935800552368164,303.1836338090174,122.50999999999996,179.32636619098253,0.0,False,0.0,0.0,False,False,112414.76158558001,141.17378766396683
314.5430000000051,40.3,False,True,-906.6599138290431,-1521.2335463420206,-992.3160212185551,-468.2137422528006,392.26674941573657,0.0,1963.0890013534506,-23.314347063098655,-24.927593865057485,-50.162783451206764,-9.65746962916092,15.153353801543306,42.34374413178869,34.13127180284773,17.96916389465332,303.25528178856655,122.50999999999996,179.2547182114334,0.0,False,0.0,0.0,False,False,112920.91663473325,141.46112871260746
314.64300000001094,40.4,False,True,-908.975596292117,-1523.7160860994509,-997.342225856687,-468.2137422528006,392.26674941573657,0.0,1966.0267643053573,-22.999302198377247,-24.723201283550758,-50.36130931143195,-9.668172681750473,15.170147759885797,42.061839142987296,33.766915513846484,17.989078521728516,303.22290655991503,122.50999999999996,179.28709344008496,0.0,False,0.0,0.0,False,False,113427.05105204463,141.99565962941313
314.7430000000022,40.5,False,True,-911.2590025910049,-1526.1718108745022,-1002.3919548855969,-468.2137422528006,392.26674941573657,0.0,1968.932607357761,-22.668823779380283,-24.391294217474144,-50.633271266763536,-9.698876429587104,15.218324432644568,41.67902858589964,33.29881086681602,18.046207427978516,303.01757103252305,122.50999999999996,179.49242896747688,0.0,False,0.0,0.0,False,False,113933.15482587813,142.31610826780712
314.84300000000803,40.6,False,True,-913.5096117407965,-1528.6008819865567,-1007.464985403915,-468.2137422528006,392.26674941573657,0.0,1971.8064988107037,-22.34335921645049,-24.19012802361839,-50.82733909960009,-9.733848687239167,15.273198743803698,41.42890193257147,32.93004699168209,18.111278533935547,303.2325972844353,122.50999999999996,179.27740271556462,0.0,False,0.0,0.0,False,False,114439.21880018113,142.91320473552827
314.9429999999993,40.7,False,True,-915.7264230739024,-1531.011631554168,-1012.5603712513622,-468.2137422528006,392.26674941573657,0.0,1974.6562562131937,-21.99286744566894,-24.02486332860554,-51.08037784934563,-9.733567810272445,15.272758025042483,41.16544025763755,32.57115712468533,18.110755920410156,302.8010998320314,122.50999999999996,179.70890016796855,0.0,False,0.0,0.0,False,False,114945.60973496387,143.55712076203844
315.0430000000051,40.8,False,True,-917.9049410357098,-1533.3996244309906,-1017.6739364490021,-468.2137422528006,392.26674941573657,0.0,1977.476461965303,-21.57749179048124,-23.734994207846906,-51.190926103452604,-9.682315964633151,15.192339718821854,40.704207823838274,32.07706504677152,18.01539421081543,303.0567241211594,122.50999999999996,179.45327587884054,0.0,False,0.0,0.0,False,False,115451.94891792607,144.02948113798476
315.14300000001094,40.9,False,True,-920.0458677711677,-1535.757806358792,-1022.8029869459767,-468.2137422528006,392.26674941573657,0.0,1980.2603256440839,-21.24104291867644,-23.42864434818571,-51.39008383604207,-9.65489253173633,15.149310126486029,40.2802364968062,31.624093350906183,17.96436882019043,304.2261864035705,122.50999999999996,178.28381359642947,0.0,False,0.0,0.0,False,False,115957.91041843352,144.55799384774252
315.2430000000022,41.0,False,True,-922.1566004847931,-1538.0888868961772,-1027.9515942731468,-468.2137422528006,392.26674941573657,0.0,1983.0121031352794,-20.973611353832236,-23.192966399516536,-51.5820627073596,-9.666906685203388,15.168161308535067,39.99272045631602,31.26989068785984,17.986722946166992,304.7723193843463,122.50999999999996,177.73768061565363,0.0,False,0.0,0.0,False,False,116463.9206440287,145.3237478841204
315.34300000000803,41.1,False,True,-924.2340719561969,-1540.3954630080975,-1033.1200074861179,-468.2137422528006,392.26674941573657,0.0,1985.7335592757108,-20.575818074242125,-22.93855583888835,-51.78620155205936,-9.650858769458782,15.142980826028436,39.617649735598576,30.81463342955921,17.956863403320312,304.3780618836097,122.50999999999996,178.1319381163903,0.0,False,0.0,0.0,False,False,116970.01013257884,145.9721293400176
315.4429999999993,41.2,False,True,-926.2742914200993,-1542.6771446165903,-1038.3091534418961,-468.2137422528006,392.26674941573657,0.0,1988.4233301177171,-20.228571203807505,-22.695076330966135,-51.99671756350713,-9.69973341186513,15.219669107405064,39.34951520547011,30.401670720799036,18.047801971435547,304.5003284058045,122.50999999999996,178.00967159419548,0.0,False,0.0,0.0,False,False,117476.03234054396,146.74035463978953
315.5430000000051,41.3,False,True,-928.2838668480355,-1544.9386828114518,-1043.512775154681,-489.6351871438053,549.7230667565766,0.0,2140.098247583428,-19.962937354914946,-22.535687566266496,-52.0757166921932,2.9366234766443875,17.93289072668265,46.498340995468226,30.106080480870254,18.17174530029297,304.8791583221408,80.7,135.82084167785916,0.0,False,0.0,0.0,False,False,117982.48243836251,147.82083319625372
315.64300000001094,41.4,False,True,-930.2632593703257,-1547.1823241919983,-1048.7285283627036,-489.6351871438053,549.7230667565766,0.0,2142.7004729133873,-19.62491309089161,-22.337140044664253,-52.23934746825707,2.927626410272115,17.877948917016592,46.107162330243824,29.733567549152124,18.116071701049805,305.29925675091073,80.7,135.40074324908926,0.0,False,0.0,0.0,False,False,118489.51253123152,148.79220113190792
315.7430000000022,41.5,False,True,-932.2075416771102,-1549.4029354195145,-1053.9588588758136,-489.6351871438053,549.7230667565766,0.0,2145.2739363561313,-19.260733044797817,-22.075084505660353,-52.36726279393945,2.930980621662127,17.898431865140406,45.72039114553616,29.29650479758656,18.13682746887207,305.77827289397106,80.7,134.92172710602892,0.0,False,0.0,0.0,False,False,118996.718733284,149.72191416887682
315.84300000000803,41.6,False,True,-934.1144207378193,-1551.5983987783893,-1059.2131274607498,-489.6351871438053,549.7230667565766,0.0,2147.816028111891,-18.876848169382786,-21.834182671832444,-52.71810890478716,2.93025472864398,17.893999100682443,45.31973260904252,28.862898845349516,18.132335662841797,306.23535829135096,80.7,134.46464170864905,0.0,False,0.0,0.0,False,False,119503.88361546736,150.5407718515305
315.9429999999993,41.7,False,True,-935.9806200920598,-1553.7781221018577,-1064.499001580868,-489.6351871438053,549.7230667565766,0.0,2150.3352057394704,-18.447138915426073,-21.760283797533216,-52.99937349757606,2.926072290273177,17.86845847183737,45.02500828534768,28.527300698001795,18.106454849243164,305.2564451962488,80.7,135.44355480375117,0.0,False,0.0,0.0,False,False,120011.32921278352,151.66905535097231
316.0430000000051,41.8,False,True,-937.8074324441661,-1555.9518469180814,-1069.8119964508487,-489.6351871438053,549.7230667565766,0.0,2152.8411932923304,-18.0891081267,-21.714212526942514,-53.260523902039616,2.927653534936912,17.87811455747192,44.824732399662,28.261685344024887,18.116239547729492,303.882542621025,80.7,136.81745737897498,0.0,False,0.0,0.0,False,False,120519.62672911346,152.97097590490756
316.14300000001094,41.9,False,True,-939.6043669537959,-1558.1140688687449,-1075.1447493927305,-489.6351871438053,549.7230667565766,0.0,2155.3305206162777,-17.849582065896488,-21.530226486325258,-53.394534935594265,2.9343505530283287,17.919010809437196,44.589395357252634,27.967091956076434,18.15768051147461,305.53573478066465,80.7,135.16426521933536,0.0,False,0.0,0.0,False,False,121028.9195641357,154.30505819319905
316.2430000000022,42.0,False,True,-941.3719121713897,-1560.2601106718073,-1080.4949636549518,-489.6351871438053,549.7230667565766,0.0,2157.7986647899816,-17.50132228598093,-21.3906095749235,-53.60975030882917,2.928920071842036,17.885848837369068,44.272282392168705,27.637917065954547,18.12407684326172,306.75478903547327,80.7,133.94521096452675,0.0,False,0.0,0.0,False,False,121539.02759118273,155.61435255579823
316.34300000000803,42.1,False,True,-943.1042148376994,-1562.381039052864,-1085.8618139919784,-489.6351871438053,549.7230667565766,0.0,2160.235615125059,-17.144731040212836,-21.027958046213392,-53.72725643170212,2.9294665721907305,17.88918611608838,43.789468134829036,27.131472905733446,18.127458572387695,306.4946653955612,80.7,134.2053346044388,0.0,False,0.0,0.0,False,False,122049.37179748852,156.81452118656853
316.4429999999993,42.2,False,True,-944.8031881432184,-1564.4732262325776,-1091.243567241712,-489.6351871438053,549.7230667565766,0.0,2162.638174642925,-16.83473507016803,-20.815785548058237,-53.90780856297037,2.927907828669384,17.879667436740636,43.449972796835546,26.77135097199048,18.117813110351562,306.0017822584389,80.7,134.69821774156114,0.0,False,0.0,0.0,False,False,122559.90321944168,158.23294372911548
316.5430000000051,42.3,False,True,-969.531240865237,-1575.7225999456728,-1121.733681676585,-489.6351871438053,549.7230667565766,0.0,2178.9491743684093,-22.40147919492773,-24.12770552549669,-51.5630481071885,2.93314258074038,17.91163416234133,49.083084070844514,32.923736787397985,18.150205612182617,308.09507920230425,80.7,132.60492079769574,0.0,False,0.0,0.0,False,False,121866.9943750638,151.51375462248274
316.64300000001094,42.4,False,True,-971.7614287802143,-1578.1315049938946,-1126.8971813892845,-489.6351871438053,549.7230667565766,0.0,2181.790730430815,-22.202279104618604,-24.05039543893917,-51.70694614679916,2.9205351598366596,17.834645231615333,48.841707879028164,32.73167759539266,18.07219123840332,308.73394866474257,80.7,131.9660513352574,0.0,False,0.0,0.0,False,False,122368.06237758955,152.3665544605875
316.7420000000129,42.5,False,True,-973.9787157768358,-1580.532311398403,-1132.0728564978897,-489.6351871438053,549.7230667565766,0.0,2184.6227660369445,-22.143460827812014,-23.965732651225153,-51.80655602530692,2.897575364025298,17.69443811529051,48.60682381987279,32.62957552501786,17.930116653442383,309.6279444838289,80.7,131.0720555161711,0.0,False,0.0,0.0,False,False,122869.59433316364,153.36230928337284
316.84300000000803,42.6,False,True,-1084.0366279380792,-1490.2237099507813,-1057.75191585824,-489.6351871438053,549.7230667565766,0.0,2124.781382782014,-26.008591707311698,-22.927063121701885,-48.046850982365434,2.854003288846825,17.428359311138465,49.61460984070387,34.67127147919651,17.660493850708008,297.7554038342847,80.7,142.94459616571527,0.0,False,0.0,0.0,False,False,112511.41117089122,144.81028579162793
316.94400000000314,42.7,False,True,-1086.634397526599,-1492.5200673130635,-1062.558725374708,-489.6351871438053,549.7230667565766,0.0,2127.7135793739403,-25.946800063088524,-23.000084123943527,-48.08933934699582,2.803582235807107,17.12045629201572,49.358304727788926,34.673337064989425,17.34848976135254,298.21849982052436,80.7,142.48150017947563,0.0,False,0.0,0.0,False,False,112955.40596887894,146.07267721800466
317.0430000000051,42.8,False,True,-1089.2263968793968,-1494.827001778842,-1067.3674293238544,-489.6351871438053,549.7230667565766,0.0,2130.655908761519,-25.89318699286606,-23.138605191626556,-48.084739635931776,2.832175947790739,17.295067683823646,49.598673150310944,34.72538240050778,17.525426864624023,299.2906136169161,80.7,141.4093863830839,0.0,False,0.0,0.0,False,False,113401.1279357266,147.404558838817
317.14300000001094,42.9,False,True,-1091.8133186236814,-1497.1400231221717,-1072.1770873253497,-489.6351871438053,549.7230667565766,0.0,2133.604230109364,-25.845247892827206,-23.121821674962696,-48.108420393975805,2.890939684664502,17.653916436627625,49.88415875840534,34.67845838860868,17.889055252075195,300.563464687844,80.7,140.136535312156,0.0,False,0.0,0.0,False,False,113848.51358999794,148.64934434153267
317.24400000000605,43.0,False,True,-1094.396604034351,-1499.4526788670132,-1076.9844766712686,-489.6351871438053,549.7230667565766,0.0,2136.5527393002626,-25.820460320560546,-23.131293221865537,-48.03936652440141,2.9120793538210186,17.78300870194426,49.995389167928046,34.666307811498534,18.019866943359375,301.09260675884735,80.7,139.60739324115266,0.0,False,0.0,0.0,False,False,114297.45168580892,149.9608905870142
317.34300000000803,43.1,False,True,-1096.9704225841153,-1501.7707508561407,-1081.7985152695758,-489.6351871438053,549.7230667565766,0.0,2139.50531009169,-25.655910674725835,-23.230146560682456,-48.241405441743225,2.916025067844502,17.807103741361,50.00411407504521,34.61019303298232,18.044282913208008,300.2955606784043,80.7,140.40443932159573,0.0,False,0.0,0.0,False,False,114748.04429063914,151.23619178304907
317.4429999999993,43.2,False,True,-1119.85005688222,-1480.525880773684,-1066.1323932790663,-489.6351871438053,549.7230667565766,0.0,2125.8131552389873,-25.618073469997054,-22.723436461647267,-47.61207482745128,2.924675986505785,17.859931752943705,49.615504856624874,34.24383525454892,18.097814559936523,297.4288282478646,80.7,143.2711717521354,0.0,False,0.0,0.0,False,False,113490.01414281229,151.15524059971725
317.5430000000051,43.3,False,True,-1122.390941616037,-1482.8199237151825,-1070.8906343548676,-489.6351871438053,549.7230667565766,0.0,2128.7580541089224,-25.199621206341487,-23.157422368322177,-47.552746688577834,2.9289259283037534,17.8858846006492,49.75709206590728,34.22407222537908,18.124113082885742,298.7804996172655,80.7,141.91950038273453,0.0,False,0.0,0.0,False,False,113935.6710090918,152.72202136585582
317.64300000001094,43.4,False,True,-1124.9144472596063,-1485.1412284397184,-1075.6400633069811,-489.6351871438053,549.7230667565766,0.0,2131.7252257732453,-25.270491665043394,-23.268672122396634,-47.43583235369351,2.9150911163179685,17.80140043931954,49.811423759511285,34.35154801945068,18.038503646850586,301.24987815148955,80.7,139.45012184851043,0.0,False,0.0,0.0,False,False,114383.64811638318,154.28351930643547
317.7420000000129,43.5,False,True,-1127.430064265696,-1487.4852160482842,-1080.4007694637062,-489.6351871438053,549.7230667565766,0.0,2134.7130703707367,-25.041848456750515,-23.61108004892074,-47.778290780807204,2.9037721169921062,17.732279430221695,49.90221520406868,34.41768840592583,17.968461990356445,302.32448336019837,80.7,138.37551663980162,0.0,False,0.0,0.0,False,False,114834.19620081385,155.7885316657406
317.8440000000119,43.6,False,True,-1129.9268610934166,-1489.8464034535384,-1085.188034936122,-489.6351871438053,549.7230667565766,0.0,2137.713042375511,-24.894088097659882,-23.612668056166306,-47.96701866750778,2.915338320649414,17.80291002619652,49.88601312604217,34.31142251415333,18.0400333404541,300.06303336766365,80.7,140.63696663233637,0.0,False,0.0,0.0,False,False,115287.1069747986,157.17327479722488
317.9429999999993,43.7,False,True,-1132.4109960554615,-1492.2101274267443,-1089.9912263205943,-489.6351871438053,549.7230667565766,0.0,2140.712944331802,-24.788611143237752,-23.661811407949184,-48.09680902193699,2.911348529045635,17.77854582103987,49.845671558444785,34.26888620185962,18.015344619750977,299.3075720773092,80.7,141.3924279226908,0.0,False,0.0,0.0,False,False,115742.2033912373,158.63363488304265
318.0430000000051,43.8,False,True,-1134.8907320080955,-1494.586073150105,-1094.8041277528112,-489.6351871438053,549.7230667565766,0.0,2143.724464030792,-24.80610790943975,-23.857103059266016,-48.16121962240105,2.9004299267603564,17.711869890936036,49.95629841174602,34.41662906205675,17.94778060913086,300.3857659758081,80.7,140.3142340241919,0.0,False,0.0,0.0,False,False,116199.9124406934,160.29760535437188
318.14300000001094,43.9,False,True,-1137.3705441856252,-1496.983576513099,-1099.637919482501,-489.6351871438053,549.7230667565766,0.0,2146.7578289984917,-24.7901356411546,-24.092964200616347,-48.51461497140011,2.9068630958396566,17.751154913017654,50.180215657498444,34.569086610424414,17.98758888244629,302.78667360702207,80.7,137.91332639297792,0.0,False,0.0,0.0,False,False,116660.6498105789,161.89167730710216
318.24400000000605,44.0,False,True,-1139.8517937930571,-1499.4011565354447,-1104.5014436315128,-489.6351871438053,549.7230667565766,0.0,2149.812019234379,-24.834856507486606,-24.258636246296664,-48.7558680088349,2.9130993028643517,17.78923715952023,50.37829601728102,34.71673271316856,18.02617835998535,305.48774748897875,80.7,135.21225251102126,0.0,False,0.0,0.0,False,False,117124.49171465961,163.5075630271025
318.34300000000803,44.1,False,True,-1142.3364524942558,-1501.8370145869967,-1109.386344449935,-489.6351871438053,549.7230667565766,0.0,2152.885902492867,-24.858317516488945,-24.458524784744203,-48.94214835961035,2.9004089667921042,17.71174189603874,50.486416865350634,34.87341945374052,17.947650909423828,302.12076022851335,80.7,138.57923977148664,0.0,False,0.0,0.0,False,False,117591.45572651994,165.19640363920124
318.4429999999993,44.2,False,True,-1144.819770276216,-1504.2880093418898,-1114.2748860241147,-489.6351871438053,549.7230667565766,0.0,2155.9750320236944,-24.808038122717793,-24.56137031312187,-48.8286831239842,2.891144352589788,17.6551662691542,50.49238230469068,34.909879220022,17.890321731567383,300.958563286599,80.7,139.741436713401,0.0,False,0.0,0.0,False,False,118061.32007549913,166.92173466723048
318.5430000000051,44.3,False,True,-1147.30080366689,-1506.7542796783678,-1119.1542693316167,-489.6351871438053,549.7230667565766,0.0,2159.0792342007276,-24.812629690760865,-24.76403641643715,-48.75898302605493,2.9051970865984313,17.7409812009602,50.7440089460318,35.05601363254888,17.977279663085938,302.8543535081289,80.7,137.8456464918711,0.0,False,0.0,0.0,False,False,118534.05706674285,168.75947760204474
318.64300000001094,44.4,False,True,-1149.7871023023745,-1509.2420211074339,-1124.0341938782608,-489.6351871438053,549.7230667565766,0.0,2162.206693202659,-24.913343018927243,-24.99079216488765,-48.83950790682728,2.9058637985297486,17.745052568061084,50.99275137694717,35.287594894060724,17.98140525817871,303.9641166419443,80.7,136.73588335805567,0.0,False,0.0,0.0,False,False,119010.08184790742,170.6210354614381
318.7430000000022,44.5,False,True,-1152.2833055292117,-1511.7570015301862,-1128.9200863026874,-489.6351871438053,549.7230667565766,0.0,2165.364311321149,-25.01072151781675,-25.308816290161282,-48.87834058170298,2.894636036712749,17.676488713222074,51.24885780658951,35.58191075323127,17.911928176879883,304.9682761624601,80.7,135.7317238375399,0.0,False,0.0,0.0,False,False,119489.73533620576,172.62757731155762
318.84300000000803,44.6,False,True,-1154.783274582498,-1514.2838053751034,-1133.8098517877283,-489.6351871438053,549.7230667565766,0.0,2168.535530359176,-24.98865954790861,-25.227260608177787,-48.91696911911714,2.8967292594245277,17.68927126245097,51.18030496918551,35.50841849187602,17.924880981445312,307.0565593260811,80.7,133.6434406739189,0.0,False,0.0,0.0,False,False,119972.54636712876,174.23236616647307
318.9429999999993,44.7,False,True,-1157.2779898231965,-1516.8026749308108,-1138.7090107984347,-489.6351871438053,549.7230667565766,0.0,2171.698771244806,-24.90564526605709,-25.15013050596962,-49.06621109501017,2.8937393816003114,17.67101316680669,51.053463469513616,35.39520067164439,17.90637969970703,304.4591146134404,80.7,136.24088538655957,0.0,False,0.0,0.0,False,False,120457.87374476952,175.8031506857366
319.0430000000051,44.8,False,True,-1159.7677208797172,-1519.3307439414193,-1143.6143960443223,-489.6351871438053,549.7230667565766,0.0,2174.8704063311934,-24.888975864354435,-25.41124970620205,-49.04149382274329,2.887643113187183,17.633785474471384,51.22905050387855,35.569547807181515,17.868656158447266,301.6584153121694,80.7,139.04158468783064,0.0,False,0.0,0.0,False,False,120946.22370864524,177.87669528577646
319.14300000001094,44.9,False,True,-1164.8255532207716,-1521.2133469541589,-1150.6105580667436,-489.6351871438053,549.7230667565766,0.0,2178.223969218094,-25.31621477260743,-25.130220418552426,-49.099074710452456,2.88131628512328,17.595149838265776,51.19138620250377,35.67125886057031,17.829505920410156,302.75181923141514,80.7,137.94818076858485,0.0,False,0.0,0.0,False,False,121285.32692780158,178.61225814015393
