timestamp,relative_t_s,is_blackout,gnss_available,gnss_trust_status,pos_est_e,pos_est_n,pos_est_u,pos_ref_e,pos_ref_n,pos_ref_u,pos_err_2d,pos_err_3d,vel_est_e,vel_est_n,vel_est_u,vel_ref_e,vel_ref_n,vel_ref_u,vel_err_2d,speed_est,speed_ref,speed_err,heading_est_deg,heading_ref_deg,heading_err_deg,ai_speed,ai_accepted,ai_innovation,ai_nis,nhc_active,zupt_active,zaru_active,pos_cov_trace,vel_cov_trace
1123.024000000005,0.0,False,True,NORMAL,0.0004622802369697403,-3.0025386168938743e-05,0.00017595743806016455,0.0,0.0,0.0,0.00046325429442952077,0.0004955457207121153,0.013711562583716072,-0.015511430045372566,0.013295050855183394,0.021217561911478233,0.013242761892077067,0.0,0.029717731741908896,0.02070293241402409,0.025011111050844193,0.004308178636820103,32.29370002797083,31.970000000000002,0.3237000279708268,0.0,False,0.0,0.0,False,False,False,19.853467588507158,0.7579636904715719
1123.1240000000107,0.1,False,True,NORMAL,0.0019924180670588543,-0.0008163959427953924,0.0014437237645300405,0.0,0.0,0.0,0.0021531911409244,0.002592406294858912,0.04620230135171875,-0.012226244573937443,0.033299281254909545,0.01545837467534109,0.009648213867273402,0.0,0.037731697014297495,0.04779261142244444,0.018222222104668617,0.029570389317775822,32.36862141445115,31.970000000000002,0.3986214144511464,0.0,False,0.0,0.0,False,False,False,11.444715210951102,0.7759641444458285
1123.2230000000127,0.2,False,True,NORMAL,0.004860188106129969,-0.0005393348622180742,0.004138913866211803,0.0,0.0,0.0,0.0048900215255733796,0.0064064747336184304,0.05240051456486546,0.013190255041786397,0.05572909599021783,0.015618614004994463,0.009748225890200394,0.0,0.03694260106539071,0.05403514370046636,0.01841111108660698,0.03562403261385938,32.48948704254261,31.970000000000002,0.5194870425426099,0.0,False,0.0,0.0,False,False,False,8.04710992899455,0.8039795400175185
1123.3240000000078,0.3,False,True,NORMAL,0.007782578958589675,0.0010686749289427605,0.007802287225749568,0.0,0.0,0.0,0.0078556095467146,0.011071869187428493,0.05254717677043225,0.025355173946956463,0.0641459905701534,0.01864430874602791,0.01163668768335013,0.0,0.03657323236528231,0.058344585287955164,0.021977778524160385,0.03636680676379478,32.452189623556286,31.970000000000002,0.4821896235562817,0.0,False,0.0,0.0,False,False,False,6.215655007619674,0.8413044102815688
1123.4230000000098,0.4,False,True,NORMAL,0.008827658925683823,0.004689081253326864,0.011789685907893505,0.0,0.0,0.0,0.009995751352875216,0.015456770002665154,0.009172054476319497,0.06873451545738181,0.07007689952551942,0.008136855160180539,0.005078549358599808,0.0,0.06366438295933935,0.06934378269518927,0.009591666981577873,0.0597521157136114,32.48818444168574,31.970000000000002,0.5181844416857349,0.0,False,0.0,0.0,False,False,False,5.076585392253744,0.8879237565187239
1123.524000000005,0.5,False,True,NORMAL,0.0062923947510925785,0.011068501200355928,0.016712298039422424,0.0,0.0,0.0,0.012732083510795005,0.021009684821156664,-0.03604948353153904,0.1007670933950832,0.09154385075052225,0.013017082846037874,0.008124502210890948,0.0,0.10483404808270326,0.1070213641016789,0.015344444662332535,0.09167691943934636,32.24733415135813,31.970000000000002,0.27733415135812606,0.0,False,0.0,0.0,False,False,False,4.306042135315643,0.9446112520822402
1123.6230000000069,0.6,False,True,NORMAL,0.00037992472943804026,0.016952167626904185,0.02117117934704454,0.0,0.0,0.0,0.016956424447704087,0.02712451225359494,-0.08097381474375034,0.07155907792593659,0.06561090299452858,0.024264463567512103,0.015144459801939356,0.0,0.11940562951550973,0.1080622982717167,0.028602777048945427,0.07945952122277128,32.38879851818646,31.970000000000002,0.4187985181864565,0.0,False,0.0,0.0,False,False,False,3.7565239067316885,1.007017202881367
1123.7230000000127,0.7,False,True,NORMAL,-0.005094549283979592,0.022161277904527148,0.02382170459150698,0.0,0.0,0.0,0.022739319927574355,0.03293251099466308,-0.042913459549623716,0.09526415650154627,0.05419602194909874,0.025704261561643345,0.01604309754780852,0.0,0.10480633488608986,0.10448360887942323,0.030300000682473183,0.07418360819695005,32.408255071637036,31.970000000000002,0.4382550716370327,0.0,False,0.0,0.0,False,False,False,3.3514212760732804,1.0781748086725784
1123.823000000004,0.8,False,True,NORMAL,-0.008444438328203133,0.030747296606895572,0.02554729433995082,0.0,0.0,0.0,0.03188580855664849,0.04085791276366576,-0.04551523547076513,0.15450252583946594,0.044233438217474726,0.009543661635178047,0.005956595726714603,0.0,0.15842151212378083,0.16106727523222722,0.011250000447034836,0.14981727478519238,32.108922451959785,31.970000000000002,0.1389224519597817,0.0,False,0.0,0.0,False,False,False,3.0471836701448987,1.1568027854502063
1123.923999999999,0.9,False,True,NORMAL,-0.011400220999648556,0.04462846521989887,0.027815037822694327,0.0,0.0,0.0,0.04606153435052453,0.053808375517222846,-0.04012548333637276,0.22698076222015753,0.06430315919680897,0.021274116318361486,0.013278059847017753,0.0,0.22234827599813858,0.23050015364641566,0.025077776983380318,0.20542237666303534,32.341357517649655,31.970000000000002,0.37135751764964975,0.0,False,0.0,0.0,False,False,False,2.817357857067662,1.2448725197822958
1124.024000000005,1.0,False,True,NORMAL,-0.007631481110040559,-0.049087357173151124,-0.008596223660033217,0.0,0.0,0.0,0.0496770383394322,0.05041530719325958,-2.2310349375013697e-06,4.9187275635517254e-05,3.151039033869065e-05,0.02725952434229019,0.017013801664032817,0.0,0.03210921125775001,4.923784724514975e-05,0.03213333338499069,0.03208409553774554,32.59458995416716,31.970000000000002,0.6245899541671577,0.0,False,0.0,0.0,False,True,True,2.3866046203593547,0.00029992391242994405
1124.1240000000107,1.1,False,True,NORMAL,0.029070379353752732,-0.10627192261011623,-0.005916590059810473,0.0,0.0,0.0,0.11017626101398444,0.11033501044073668,0.0018386608175070553,-0.00311242968269695,-0.0009599427078530687,0.01831440303546623,0.011430779823152423,0.0,0.02197623772085818,0.0036149539598131467,0.02158888801932335,0.017973934059510203,32.58853851035595,31.970000000000002,0.6185385103559528,0.0,False,0.0,0.0,False,True,True,2.18971710396216,0.0002834890573071512
1124.224000000002,1.2,False,True,NORMAL,0.03263692421164883,-0.0921917507025823,-0.004377330095218007,0.0,0.0,0.0,0.09779819895889696,0.09789611196756742,0.0005598083636983112,0.000614517013420135,0.0017104280047115432,0.014996509208761579,0.009359944440955538,0.0,0.016879005663253357,0.0008312740606138165,0.017677778378129005,0.01684650431751519,32.553788331464375,31.970000000000002,0.5837883314643745,0.0,False,0.0,0.0,False,True,True,2.0243249413011855,0.00028152686299316547
1124.323000000004,1.3,False,True,NORMAL,0.030954470036218238,-0.0592408171296334,-0.005675120119158613,0.0,0.0,0.0,0.06684050889550287,0.06708100042319493,8.587183033842942e-05,0.004479703843409313,-0.0008196437450741364,0.017183303836896244,0.010724813820768415,0.0,0.018202296004849988,0.004480526810086269,0.0202555563300848,0.015775029519998533,32.56945399320929,31.970000000000002,0.5994539932092852,0.0,False,0.0,0.0,False,True,True,1.8827046141797765,0.000279717540137728
1124.423999999999,1.4,False,True,NORMAL,0.04183279786222185,-0.04238449746066213,-0.007232578559908747,0.0,0.0,0.0,0.05955189839102014,0.05998948903432699,0.0032066157206136476,0.0031805089317810883,-0.001806952467227766,0.015873111206163013,0.009907068166769971,0.0,0.014341781863745405,0.0045164168812041544,0.018711110576987267,0.014194693695783113,32.64521274243775,31.970000000000002,0.6752127424377455,0.0,False,0.0,0.0,False,True,True,1.759775647881189,0.0002787356484459151
1124.523000000001,1.5,False,True,NORMAL,0.042490359117405174,-0.02993094962348285,-0.00920746830585928,0.0,0.0,0.0,0.05197395851086893,0.0527832344205329,0.0010191277978108012,0.003279475655510885,-0.0027070593867979946,0.008992249452516912,0.005612436474589523,0.0,0.008307428910565505,0.0034341785107008115,0.010599999688565731,0.00716582117786492,33.01124108794539,31.970000000000002,1.0412410879453917,0.0,False,0.0,0.0,False,True,True,1.6519834894372591,0.00027811041456264304
1124.6240000000107,1.6,False,True,NORMAL,0.04289167356519368,-0.027179864881072914,-0.009916902455608494,0.0,0.0,0.0,0.05077834889179162,0.05173766201221861,0.05949935178558267,0.01847894318343979,-0.023612942396994362,0.010198757160480026,0.006365468060601661,0.0,0.0507669667199087,0.06230284266453109,0.012022222392261028,0.05028062027227006,33.34654462957643,31.970000000000002,1.376544629576425,0.0,False,0.0,0.0,False,False,False,1.5567017474556646,0.0037789442323369637
1124.7230000000127,1.7,False,True,NORMAL,0.046590514391393854,-0.022037649177773212,-0.0121252189709243,0.0,0.0,0.0,0.05153963535510594,0.05294671800621969,0.06820530694979034,0.05895198322441647,-0.03453144830992425,0.01883282448905827,0.0117543481906353,0.0,0.06830269963271805,0.09015154032076768,0.022199999541044235,0.06795154077972344,33.15643859240293,31.970000000000002,1.1864385924029286,0.0,False,0.0,0.0,False,False,False,1.4717946937287332,0.00816466959403184
1124.823000000004,1.8,False,True,NORMAL,0.04980196202272288,-0.014247500276168156,-0.01498732821502774,0.0,0.0,0.0,0.05179987148084581,0.053924453566606585,0.05032243491747345,0.08131726209441516,-0.03904776202224756,0.01955861420806127,0.01220734370786646,0.0,0.07564782537546126,0.09562868069023624,0.023055555298924446,0.07257312539131179,32.96294994941734,31.970000000000002,0.9929499494173426,0.0,False,0.0,0.0,False,False,False,1.3957443678425918,0.013501984450120208
1124.9230000000098,1.9,False,True,NORMAL,0.051526554411582284,-0.003306453295829592,-0.019217128366593887,0.0,0.0,0.0,0.05163253279597324,0.05509279867265231,0.037450116634906466,0.13408486629138286,-0.06541656044626111,0.016035708088694756,0.010008551636395057,0.0,0.1259107173823881,0.13921660319209817,0.01890277862548828,0.12031382456660988,33.02219069962235,31.970000000000002,1.0521906996223451,0.0,False,0.0,0.0,False,False,False,1.3273621106990627,0.019785988146520543
1125.023000000001,2.0,False,True,NORMAL,0.05126916476015794,0.012199182859427397,-0.023628638925003245,0.0,0.0,0.0,0.052700543807839104,0.0577551720202628,0.007830320736765602,0.18802714616091515,-0.04604962168844505,0.007547740302952115,0.004710858300884992,0.0,0.1833165056575185,0.18819012093162268,0.008897222578525543,0.17929289835309714,33.36623963382142,31.970000000000002,1.3962396338214171,0.0,False,0.0,0.0,False,False,False,1.2657153831521104,0.02733189224188623
1125.1240000000107,2.1,False,True,NORMAL,0.051534373097341865,0.03155603261924092,-0.028199852731572748,0.0,0.0,0.0,0.060428261643064245,0.06668437972482777,0.04582918296718864,0.22871959512206855,-0.07182085538557201,0.020029906725895722,0.012501496948528045,0.0,0.21775185104232145,0.23326587235222176,0.02361111156642437,0.2096547607857974,33.593940755201075,31.970000000000002,1.62394075520107,0.0,False,0.0,0.0,False,False,False,1.2100764857760538,0.035769782819675716
1125.224000000002,2.2,False,True,NORMAL,0.05866939363685727,0.05473059433770354,-0.03422228121144053,0.0,0.0,0.0,0.08023425519237264,0.08722786388299149,0.14953873950006777,0.2839039292852692,-0.07931170258884056,0.020039332197021382,0.012507379776647436,0.0,0.3007094670558712,0.32087891123426027,0.023622222244739532,0.29725668898952073,33.72657546248839,31.970000000000002,1.7565754624883865,0.0,False,0.0,0.0,False,False,False,1.1598804688247264,0.04552645486746816
1125.3240000000078,2.3,False,True,NORMAL,0.07455757980520401,0.08432144965083957,-0.04063672829947409,0.0,0.0,0.0,0.11255638399321666,0.11966738596841546,0.23244928201194207,0.3805489283787197,-0.08389786385682785,0.0099631109015628,0.006218391440270869,0.0,0.43545774447124524,0.44592617729626427,0.011744444258511066,0.4341817330377532,33.90691389600586,31.970000000000002,1.9369138960058603,0.0,False,0.0,0.0,False,False,False,1.1147003535339157,0.05667241335300252
1125.423999999999,2.4,False,True,NORMAL,0.09967223680336171,0.11959683479032991,-0.05051886137664987,0.0,0.0,0.0,0.15568544466728698,0.16367685552955874,0.35248972329943185,0.42412623505500174,-0.1554559248171032,0.021217561911478233,0.013242761892077067,0.0,0.5277939687312411,0.5514817025918817,0.025011111050844193,0.5264705915410375,33.80581370363254,31.970000000000002,1.8358137036325373,0.0,False,0.0,0.0,False,False,False,1.074213126365182,0.06850639651809759
1125.524000000005,2.5,False,True,NORMAL,0.1338902522701548,0.15715205105885507,-0.06516109765810058,0.0,0.0,0.0,0.2064542729152649,0.2164932688398861,0.43909459037718546,0.45283099725541953,-0.18920797719979104,0.013592058706513168,0.008483368533314509,0.0,0.6152212769476598,0.6307614219131081,0.016022222116589546,0.6147391997965186,33.56730832476162,31.970000000000002,1.597308324761617,0.0,False,0.0,0.0,False,False,False,1.0381869786536795,0.08193335715001837
1125.6240000000107,2.6,False,True,NORMAL,0.46027753620575357,0.3166138828391705,-0.08315746165368232,7.416815455331449,3.3382611871432943,0.0,7.584442777939724,7.584898642386115,0.5107854171304295,0.5041411709831505,-0.23042369911501284,0.006816681204358622,0.005687511810960891,0.0,0.7088304008245323,0.7176768511198958,0.008877777494490147,0.7087990736254056,28.570668749558454,39.84,11.269331250441548,0.0,False,0.0,0.0,False,False,False,1.0064513099826367,0.09637379688714337
1125.7250000000058,2.7,False,True,NORMAL,0.7701581675300804,0.47752356521090117,-0.10200198113475724,7.416815455331449,3.3382611871432943,0.0,7.236150416003142,7.236869298749139,0.6662158222225361,0.5538657419120534,-0.2167147204070642,0.014183645935638967,0.01183415380051123,0.0,0.8479057739065986,0.8663779670810189,0.018472222611308098,0.8479057444697108,29.027155412493947,39.84,10.812844587506056,0.0,False,0.0,0.0,False,False,False,0.9789860362441329,0.11334920659852701
1125.8240000000078,2.8,False,True,NORMAL,1.0754327625232827,0.6393817204754776,-0.12095190160431621,7.416815455331449,3.3382611871432943,0.0,6.891812884303237,6.892874160664026,0.7569429845632872,0.6914995523380664,-0.24132389223551481,0.018905839981545637,0.01577412599586203,0.0,1.0006516269849983,1.0252484151479206,0.024622222408652306,1.0006261927392683,29.485780493501757,39.84,10.354219506498247,0.0,False,0.0,0.0,False,False,False,0.9557776722896701,0.1314288357510106
1125.923999999999,2.9,False,True,NORMAL,1.3763576041921413,0.8096147401364725,-0.14146465669899863,7.416815455331449,3.3382611871432943,0.0,6.548372615035794,6.5499004690488,0.8802954781623821,0.8805327318075252,-0.2566512710653344,0.008685083409384018,0.007246416986387406,0.0,1.2338288649141584,1.2450935790765125,0.01131111104041338,1.2337824680360991,29.5762694962624,39.84,10.2637305037376,0.0,False,0.0,0.0,False,False,False,0.9368702948603176,0.15147555156406647
1126.024000000005,3.0,False,True,NORMAL,1.6752292332771093,0.9863596883007317,-0.16364293909815866,7.416815455331449,3.3382611871432943,0.0,6.204615459925145,6.206773076008079,0.9842546514258823,0.9717339785994155,-0.2831138297030333,0.009376136475654624,0.007822998516106253,0.0,1.3709531342962555,1.3831211602813884,0.01221111137419939,1.370910048907189,29.54618482159457,39.84,10.293815178405433,0.0,False,0.0,0.0,False,False,False,0.9223535628535922,0.17266410028253434
1126.1240000000107,3.1,False,True,NORMAL,1.9731924244992183,1.167592268179124,-0.187478101977483,7.416815455331449,3.3382611871432943,0.0,5.86044667730747,5.863444661313454,1.101439061844988,1.1112846094524338,-0.2982879371523924,0.01350539036025587,0.01126824988331251,0.0,1.5471378945879233,1.5646474012261726,0.017588889226317406,1.5470585119998552,29.34487633319716,39.84,10.495123666802842,0.0,False,0.0,0.0,False,False,False,0.912350538448847,0.19588639772537556
1126.224000000002,3.2,False,True,NORMAL,2.2698888604918195,1.3543391781900538,-0.21047792986399125,7.416815455331449,3.3382611871432943,0.0,5.516049302741639,5.52006348416722,1.1714761606146702,1.2165814638086523,-0.2733195232880633,0.029902965034055533,0.024949599624109677,0.0,1.6502047935356585,1.688912920482075,0.03894444555044174,1.6499684749316332,29.44891802226241,39.84,10.391081977737592,0.0,False,0.0,0.0,False,False,False,0.907044320604258,0.2213789790031984
1126.3240000000078,3.3,False,True,NORMAL,2.564782806432785,1.5475853167720686,-0.2306648362839698,7.416815455331449,3.3382611871432943,0.0,5.171918493045722,5.177059702708309,1.2533922456067619,1.372054260459985,-0.24662883542785244,0.04119016034911925,0.03436709396519754,0.0,1.8052259833350035,1.858366221979284,0.05364444479346275,1.8047217771858213,29.284438604594982,39.84,10.555561395405022,0.0,False,0.0,0.0,False,False,False,0.906642154210954,0.24891368273330824
1126.423999999999,3.4,False,True,NORMAL,2.8619110384728677,1.75061187952846,-0.2518180362352377,7.416815455331449,3.3382611871432943,0.0,4.823669202037768,4.830237767859988,1.385641604580956,1.544138121001401,-0.2976457871062348,0.025594549852546306,0.021354864664861643,0.0,2.0417141907853646,2.0746964098574576,0.03333333507180214,2.0413630747856555,29.30214078952394,39.84,10.537859210476062,0.0,False,0.0,0.0,False,False,False,0.9112866206954662,0.2763600268597484
1126.524000000005,3.5,False,True,NORMAL,3.1648734489917207,1.9636225508565355,-0.2769922157021979,7.416815455331449,3.3382611871432943,0.0,4.468628671712233,4.477205254755275,1.527690519469038,1.7081847278174154,-0.3344778916045906,0.0346208913427239,0.028886011024225784,0.0,2.2470649956457653,2.2916660724512714,0.045088887214660645,2.2465771852366108,29.142894865145255,39.84,10.697105134854748,0.0,False,0.0,0.0,False,False,False,0.9210946047595523,0.3055884098705729
1126.6240000000107,3.6,False,True,NORMAL,3.4745249179685227,2.1899476617470834,-0.30410556607509864,7.416815455331449,3.3382611871432943,0.0,4.106126962672872,4.117372806645883,1.669753299991932,1.9574133531932494,-0.3454458310188857,0.03385305619154195,0.028245366205978163,0.0,2.529398887024879,2.572847278423884,0.04408888891339302,2.528758389510491,29.133200502639916,39.84,10.706799497360088,0.0,False,0.0,0.0,False,False,False,0.9362528007641282,0.3374441981888303
1126.724000000002,3.7,False,True,NORMAL,3.794149364613023,2.427417398907527,-0.3324744271181635,7.416815455331449,3.3382611871432943,0.0,3.73541778271304,3.750184696264486,1.8773525551246175,2.0910765173463965,-0.3703237173564882,0.024229506087717206,0.02021593762658679,0.0,2.7789437877562913,2.8101696777295255,0.03155555576086044,2.778614121968665,28.96212228394667,39.84,10.877877716053332,0.0,False,0.0,0.0,False,False,False,0.9568842276264241,0.36968009496679427
1126.8240000000078,3.8,False,True,NORMAL,4.12769572646971,2.668716182749578,-0.3621002767012186,7.416815455331449,3.3382611871432943,0.0,3.3565755024572437,3.376050312729832,2.1075510337868413,2.2057213533799906,-0.3835901694773694,0.03828944342151255,0.03194687490383547,0.0,3.001189599581394,3.0507340180311426,0.04986666515469551,3.000867352876447,29.061355525764366,39.84,10.778644474235637,0.0,False,0.0,0.0,False,False,False,0.9830245136837936,0.4033293725558334
1126.923999999999,3.9,False,True,NORMAL,4.474963733501178,2.9133313356178734,-0.39291507281266924,7.416815455331449,3.3382611871432943,0.0,2.9723823663777083,2.998239347750031,2.327005461414522,2.344819763735899,-0.41011031550331717,0.06391811800948308,0.0533302116110228,0.0,3.220634827386915,3.303503313432498,0.0832444429397583,3.2202588704927395,29.091426766792548,39.84,10.748573233207454,0.0,False,0.0,0.0,False,False,False,1.014648699232991,0.4373958540285471
1127.023000000001,4.0,False,True,NORMAL,4.832409614507978,3.155987262887529,-0.4210449822765595,7.416815455331449,3.3382611871432943,0.0,2.590825608478129,2.6248154622080264,2.506518729559986,2.3692225762495562,-0.3474636993289636,0.08181084093498552,0.06825904133302545,0.0,3.3426997373643785,3.449036352004077,0.10654722154140472,3.3424891304626723,28.868876965346608,39.84,10.971123034653395,0.0,False,0.0,0.0,False,False,False,1.051721461163136,0.4741843846446948
1127.1240000000107,4.1,False,True,NORMAL,5.20197721825029,3.398693136485933,-0.4479514276289458,7.416815455331449,3.3382611871432943,0.0,2.215662527764128,2.260491300238277,2.7944970767653166,2.5695235454099525,-0.4069566655329925,0.13263947702660878,0.11066801711456788,0.0,3.6237351435108347,3.7962699011616694,0.17274443805217743,3.623525463109492,29.07573072069162,39.84,10.764269279308381,0.0,False,0.0,0.0,False,False,False,1.0940172683141547,0.5085665103964132
1127.224000000002,4.2,False,True,NORMAL,5.585485839848215,3.648467716167023,-0.47663327820990853,7.416815455331449,3.3382611871432943,0.0,1.8574165529559914,1.9175962904355133,3.050753564483187,2.7665232953288563,-0.41078932972439874,0.16058872801707835,0.13398753145743683,0.0,3.90938579958633,4.118342925838511,0.2091444432735443,3.9091984825649666,28.90401755221083,39.84,10.93598244778917,0.0,False,0.0,0.0,False,False,False,1.141178908620132,0.5448793313067062
1127.3240000000078,4.3,False,True,NORMAL,5.977779391529507,3.902585463750267,-0.5092148736408991,7.416815455331449,3.3382611871432943,0.0,1.5457317626582459,1.6274478392955285,3.279287308281656,2.946409207148911,-0.5220071187096578,0.17474251266391086,0.1457967704309691,0.0,4.181103730918002,4.4085204395839,0.22757777571678162,4.1809426638671185,28.310434809212925,39.84,11.529565190787077,0.0,False,0.0,0.0,False,False,False,1.1926473207270472,0.5755634267848033
1127.423999999999,4.4,False,True,NORMAL,6.376420812121834,4.157181191148301,-0.5466189582710407,7.416815455331449,3.3382611871432943,0.0,1.3240283178915857,1.432425660242143,3.5359660900281176,3.0995038004163855,-0.5554579073000971,0.22402055281449096,0.1869120033390628,0.0,4.410461905273796,4.702125051359689,0.2917555570602417,4.410369494299447,28.796031192055352,39.84,11.04396880794465,0.0,False,0.0,0.0,False,False,False,1.2477908890325664,0.6087282635919222
1127.524000000005,4.5,False,True,NORMAL,6.7746489797609,4.40539818351621,-0.5836712757700331,7.416815455331449,3.3382611871432943,0.0,1.245455399191199,1.3754385880632862,3.6764639606128644,3.1697960881940666,-0.5718538277007119,0.3271495192873186,0.2729578660224102,0.0,4.428270419961556,4.85427589805273,0.42606666684150696,4.428209231211223,28.728633481982964,39.84,11.11136651801704,0.0,False,0.0,0.0,False,False,False,1.3060731017988552,0.639253923123132
1127.625,4.6,False,True,NORMAL,7.169415942535398,4.644011302786658,-0.6191365326291294,7.416815455331449,3.3382611871432943,0.0,1.3289807686473045,1.4661241180303943,3.919881438182951,3.2819690243182915,-0.5889994763620238,0.42364310401193533,0.3534674844643438,0.0,4.560680185921159,5.112415394507376,0.5517361164093018,4.560679278098074,28.640506685635977,39.84,11.199493314364027,0.0,False,0.0,0.0,False,False,False,1.3667777548331308,0.6696570833910631
1127.7230000000127,4.7,False,True,NORMAL,7.563539188666908,4.875212169868456,-0.6546866967161517,7.416815455331449,3.3382611871432943,0.0,1.5439385276699762,1.677009495524948,4.170547042261845,3.421361112574695,-0.6491324236172206,0.4323302948311118,0.36071565977237274,0.0,4.8313367755240515,5.394365068695053,0.5630499720573425,4.83131509663771,27.86894483476239,39.84,11.971055165237612,0.0,False,0.0,0.0,False,False,False,1.4290986622625268,0.6964099741832251
1127.823000000004,4.8,False,True,NORMAL,7.945500838467727,5.096816331283597,-0.6912230889146013,7.416815455331449,3.3382611871432943,0.0,1.836307280746954,1.9620942352427713,4.222704717508828,3.5098673859059235,-0.6951096233997159,0.5815913040522585,0.48525188604013597,0.0,4.733498263618749,5.4909383713457744,0.7574416399002075,4.733496731445567,27.495361131625906,39.84,12.3446388683741,0.0,False,0.0,0.0,False,False,False,1.4920660168562923,0.7186721577801618
1127.9230000000098,4.9,False,True,NORMAL,8.303441061113181,5.306187281542435,-0.7197369571745363,7.416815455331449,3.3382611871432943,0.0,2.1584341726920653,2.2752712729184053,4.2548034872259635,3.608848987998682,-0.5783549597893479,0.4874588420943184,0.4067122751752056,0.0,4.944346792328995,5.57917052375076,0.6348472237586975,4.944323299992062,27.602784623966524,39.84,12.237215376033479,0.0,False,0.0,0.0,False,False,False,1.5551881257769617,0.7467472098298026
1128.024000000005,5.0,False,True,NORMAL,8.644548203453708,5.501073609012947,-0.7330519369067299,7.416815455331449,3.3382611871432943,0.0,2.486983167012898,2.5927688703793508,4.474459380169325,3.6573317227950786,-0.47847019163983734,0.5720381630316246,0.4772812034223411,0.0,5.034045357535955,5.779001823442218,0.7450000047683716,5.034001818673846,28.208364301644973,39.84,11.631635698355028,0.0,False,0.0,0.0,False,False,False,1.6181145856158077,0.7731473331291135
1128.1240000000107,5.1,False,True,NORMAL,8.979028573056063,5.6755596872488425,-0.7355818381473284,7.416815455331449,3.3382611871432943,0.0,2.8113118119103233,2.9059516073738574,4.745433326884708,3.628068094939003,-0.44982940213466654,0.5895448101994005,0.4918879100515708,0.0,5.206441732622903,5.973442521814569,0.767799973487854,5.205642548326715,27.969933279289158,39.84,11.870066720710843,0.0,False,0.0,0.0,False,False,False,1.6799405391112716,0.7930138289353411
1128.2230000000127,5.2,False,True,NORMAL,9.297983320556664,5.826525737781055,-0.7384164943209768,7.416815455331449,3.3382611871432943,0.0,3.119335347652851,3.2055439367136764,4.802200725438405,3.5915604652149784,-0.5765037276168772,0.7011519742249306,0.5850075740864942,0.0,5.085072383652237,5.996702292318369,0.9131527543067932,5.083549538011575,26.75188188463071,39.84,13.088118115369294,0.0,False,0.0,0.0,False,False,False,1.7392963054757296,0.7991649199531972
1128.3240000000078,5.3,False,True,NORMAL,9.594145068601357,5.960715102554806,-0.7441504589489717,7.416815455331449,3.3382611871432943,0.0,3.40852296211706,3.4888090645424006,4.921719353562851,3.677156657496982,-0.6036187070467733,0.9135120620387599,0.7621906447639921,0.0,4.956082378977912,6.143679880902773,1.1897221803665161,4.9539577005362565,25.939356318686215,39.84,13.900643681313786,0.0,False,0.0,0.0,False,False,False,1.7955027662278367,0.8104647311265224
1128.423999999999,5.4,False,True,NORMAL,9.865432108078041,6.077027333234879,-0.7453284740413213,7.416815455331449,3.3382611871432943,0.0,3.673766938046734,3.748610149015504,4.918360568797466,3.591256477598173,-0.5795886639225952,0.9440805023197931,0.7876954850123323,0.0,4.863625837371814,6.089942017178207,1.229533314704895,4.860408702473312,25.602773883921305,39.84,14.237226116078697,0.0,False,0.0,0.0,False,False,False,1.8485090677234388,0.8182935725969116
1128.524000000005,5.5,False,True,NORMAL,10.10746379049933,6.175409345192879,-0.7362248521296051,7.416815455331449,3.3382611871432943,0.0,3.9101148492423903,3.978822082873158,4.9151480442081015,3.6428994325286954,-0.48135922817370935,0.8375986962093317,0.6988521737660234,0.0,5.029296466424822,6.117956895238852,1.090855598449707,5.027101296789145,25.718361568551114,39.84,14.12163843144889,0.0,False,0.0,0.0,False,False,False,1.8982649194946752,0.8295611058380226
1128.6230000000069,5.6,False,True,NORMAL,10.327091443310849,6.26349055279824,-0.7188272796402735,7.416815455331449,3.3382611871432943,0.0,4.126338954557601,4.188482520657637,5.018553918158725,3.687016016789343,-0.4887964872425752,0.9951203513589206,0.8302806867457044,0.0,4.934465970332649,6.22735662520844,1.2960056066513062,4.931351018557134,25.45450314529187,39.84,14.385496854708132,0.0,False,0.0,0.0,False,False,False,1.9446047987277635,0.8345961625668952
1128.7230000000127,5.7,False,True,NORMAL,10.530148658342386,6.344105129253445,-0.6995257499420735,7.416815455331449,3.3382611871432943,0.0,4.327579165918358,4.3837515568429115,5.10517401246966,3.77402284272946,-0.515583786895892,1.1148964450080612,0.9302161138072874,0.0,4.899954262730447,6.348704601337135,1.4519972801208496,4.896707321216286,25.309198215749408,39.84,14.530801784250594,0.0,False,0.0,0.0,False,False,False,1.9871523307720877,0.8371921687013589
1128.823000000004,5.8,False,True,NORMAL,10.714877271570089,6.414633304416977,-0.678800159711795,7.416815455331449,3.3382611871432943,0.0,4.510130502288185,4.5609260906635,5.137503542289248,3.736704059476997,-0.5289068884265964,1.2779869823791679,1.0662910349816894,0.0,4.693290295476546,6.352708074132357,1.6643999814987183,4.688308092633639,25.53333621641953,39.84,14.30666378358047,0.0,False,0.0,0.0,False,False,False,2.025809055122571,0.8366474263624604
1128.9230000000098,5.9,False,True,NORMAL,10.876346029587753,6.470845166579122,-0.6521566874831817,7.416815455331449,3.3382611871432943,0.0,4.667058407865939,4.712403052314307,5.074978239915747,3.699713486403944,-0.4541580169347293,1.5909593531605637,1.3274201683472717,0.0,4.214992667865884,6.280388842826339,2.07200288772583,4.208385955100509,25.54797036289571,39.84,14.292029637104294,0.0,False,0.0,0.0,False,False,False,2.0607752362392526,0.8380294205131469
1129.023000000001,6.0,False,True,NORMAL,11.010063018501713,6.509097622430287,-0.6167205669200894,7.416815455331449,3.3382611871432943,0.0,4.792247045966282,4.831767379255214,4.954711554578219,3.54190126223443,-0.392252497776939,1.697643722327505,1.4164324884912618,0.0,3.889229791621942,6.090503356906452,2.210944414138794,3.879558942767658,25.495995873464302,39.84,14.344004126535701,0.0,False,0.0,0.0,False,False,False,2.0922180825431096,0.8353874135525322
1129.1240000000107,6.1,False,True,NORMAL,11.116468502602988,6.528986059387611,-0.5735872735138784,7.416815455331449,3.3382611871432943,0.0,4.885504874682257,4.91906091046667,4.835618641642907,3.446923340151235,-0.3191458762274593,1.8813102909481454,1.5696750631389695,0.0,3.5002855489988702,5.938391041375074,2.4501445293426514,3.488246512032423,25.874413135182245,39.84,13.965586864817757,0.0,False,0.0,0.0,False,False,False,2.120237952749335,0.8334493415631139
1129.224000000002,6.2,False,True,NORMAL,11.19974580109364,6.536769062930561,-0.5253515777864416,7.416815455331449,3.3382611871432943,0.0,4.953888839322257,4.981667282411013,4.740228538714619,3.3770335698856035,-0.2926034510343784,1.9095409723215921,1.593229389493602,0.0,3.3458555636064236,5.820147964732412,2.4869110584259033,3.3332369063065084,26.331998122597604,39.84,13.5080018774024,0.0,False,0.0,0.0,False,False,False,2.1450213993403797,0.829195212454311
1129.3240000000078,6.3,False,True,NORMAL,11.263381676275165,6.537815808491467,-0.4742135024113798,7.416815455331449,3.3382611871432943,0.0,5.00332104377639,5.025743717397948,4.63766111096239,3.3632505254490654,-0.25051275861214467,1.9654395887190792,1.639868513643019,0.0,3.179750528352344,5.728817912716926,2.559711217880249,3.1691066948366773,26.661909249152743,39.84,13.178090750847261,0.0,False,0.0,0.0,False,False,False,2.1667843322053253,0.8259311593050336
1129.4230000000098,6.4,False,True,NORMAL,11.310225939860773,6.536070462706124,-0.4204491362333243,7.416815455331449,3.3382611871432943,0.0,5.03831612385711,5.055828996324726,4.552013674831475,3.3554025485936267,-0.21829655979469473,2.0675851907289498,1.7250939041889908,0.0,2.9715805842413987,5.655046839678815,2.692741632461548,2.962305207217267,26.47915248068092,39.84,13.360847519319082,0.0,False,0.0,0.0,False,False,False,2.18583255996489,0.8222121625028362
1129.524000000005,6.5,False,True,NORMAL,11.341577365852613,6.530191223257352,-0.3611249525924097,7.416815455331449,3.3382611871432943,0.0,5.058870764283748,5.071743747579298,4.431085403897909,3.2958285360387003,-0.10395728936487622,2.085409641300294,1.7399657707336063,0.0,2.8147653059714797,5.522409220223008,2.7159554958343506,2.806453724388658,26.66928577698773,39.84,13.170714223012272,0.0,False,0.0,0.0,False,False,False,2.2025612726620025,0.8215726234868279
1129.625,6.6,False,True,NORMAL,11.360170082443505,6.5186275310454445,-0.29676734017968376,7.416815455331449,3.3382611871432943,0.0,5.066041432577471,5.074726263631263,4.363352992007265,3.2367149095746606,-0.06828930112464462,2.100619170318313,1.7526558721679852,0.0,2.7059925303524985,5.432786829861968,2.7357637882232666,2.697023041638701,27.114263894340233,39.84,12.72573610565977,0.0,False,0.0,0.0,False,False,False,2.2171851130907836,0.81764072890579
1129.7230000000127,6.7,False,True,NORMAL,11.368920877184243,6.498503348706797,-0.22956525388353022,7.416815455331449,3.3382611871432943,0.0,5.060263608268033,5.065468190695943,4.270012022015677,3.0935710916802845,0.013283067314534672,2.2397064889293983,1.8687036590073667,0.0,2.3711686539138253,5.272872534723208,2.916905641555786,2.3559668931674222,27.062488590456894,39.84,12.777511409543107,0.0,False,0.0,0.0,False,False,False,2.229817386855396,0.815030683264709
1129.823000000004,6.8,False,True,NORMAL,11.36625730748021,6.466958014947585,-0.15802729747551064,7.416815455331449,3.3382611871432943,0.0,5.038534983883397,5.0410125382272435,4.13842295370224,2.946599928941426,0.09289004843393894,2.2595122679781747,1.8852286509922012,0.0,2.157965327474853,5.080255474379924,2.942699909210205,2.137555565169719,26.680326924362134,39.84,13.159673075637869,0.0,False,0.0,0.0,False,False,False,2.2407099190891975,0.812148601507746
1129.923999999999,6.9,False,True,NORMAL,11.349442366452797,6.4234028207672775,-0.08282559538791341,7.416815455331449,3.3382611871432943,0.0,4.998365064858298,4.999051250072083,3.9532653210636,2.760790406802189,0.17516300935036397,2.2743401033922535,1.897600285592721,0.0,1.8878260173772357,4.821853416375812,2.9620110988616943,1.8598423175141177,26.625202633382802,39.84,13.214797366617201,0.0,False,0.0,0.0,False,False,False,2.250003347296056,0.8089674745994722
1130.024000000005,7.0,False,True,NORMAL,11.318977250992063,6.369831081682476,-0.00886098565929614,7.416815455331449,3.3382611871432943,0.0,4.941384695102131,4.941392639940326,3.797055812921132,2.6284831740873,0.16606747004668265,2.1037865864983494,1.755298612292412,0.0,1.9051540494425483,4.618068496990729,2.739888906478882,1.8781795905118468,26.312087492911907,39.84,13.527912507088097,0.0,False,0.0,0.0,False,False,False,2.2576885500930324,0.8025548417229179
1130.1230000000069,7.1,False,True,NORMAL,11.278716811256762,6.311733528375824,0.06283338415530171,7.416815455331449,3.3382611871432943,0.0,4.873994239530104,4.874399232842653,3.6628031927343434,2.5391820567758487,0.2325895364994586,2.1542419042773417,1.797396109181414,0.0,1.6810721439247105,4.456856823609811,2.8055999279022217,1.651256895707589,25.967299627509412,39.84,13.87270037249059,0.0,False,0.0,0.0,False,False,False,2.264030287838047,0.801140604412235
1130.224000000002,7.2,False,True,NORMAL,11.229235630887189,6.250450873273496,0.13294310619808267,7.416815455331449,3.3382611871432943,0.0,4.797436436576057,4.799278094929817,3.4954234414578838,2.4248453323684567,0.24102519370083125,2.12169414925012,1.7702398236536088,0.0,1.5217228855180789,4.2541579567527075,2.7632110118865967,1.4909469448661108,26.430497174537038,39.84,13.409502825462965,0.0,False,0.0,0.0,False,False,False,2.2692688639722958,0.7968320492348749
1130.3240000000078,7.3,False,True,NORMAL,11.168504439033923,6.183126794883166,0.19931778754414137,7.416815455331449,3.3382611871432943,0.0,4.708336283288998,4.712553250305735,3.29397631935805,2.2640087505177346,0.26680454585818325,2.305650695169869,1.9237243414499172,0.0,1.0452660036955144,3.997000827484588,3.002788782119751,0.9942120453648369,26.95260073041847,39.84,12.887399269581532,0.0,False,0.0,0.0,False,False,False,2.2734154958295254,0.7935063412287006
1130.4230000000098,7.4,False,True,NORMAL,11.095144717190337,6.108720498779561,0.26130934647490117,7.416815455331449,3.3382611871432943,0.0,4.604948529145516,4.612356613558257,3.0707900041193237,2.113322624727299,0.2641574633928503,2.4284747541229925,2.026202844554827,0.0,0.6481965261208589,3.7277183055568233,3.162750005722046,0.5649682998347774,26.992020439975597,39.84,12.847979560024404,0.0,False,0.0,0.0,False,False,False,2.276586131933216,0.7894644322434581
1130.523000000001,7.5,False,True,NORMAL,11.010516431673253,6.028617143351711,0.3200389882276487,7.416815455331449,3.3382611871432943,0.0,4.489176080136102,4.500569611999342,2.8718582690151107,1.9679740168114213,0.3142133858086306,2.611908828318211,2.1792514370063714,0.0,0.3349803874898715,3.4814496475111265,3.4016473293304443,0.07980231818068217,26.96328545587745,39.84,12.876714544122553,0.0,False,0.0,0.0,False,False,False,2.2790258590210097,0.7891445575987401
1130.6230000000069,7.6,False,True,NORMAL,10.915600087028858,5.94661937412812,0.3782343852405774,7.416815455331449,3.3382611871432943,0.0,4.364060761562875,4.3804209364844215,2.6469912204453476,1.8900798087202397,0.3690866410718235,2.6418927373391097,2.2042685724103412,0.0,0.31423012866225775,3.252531968243616,3.440697193145752,0.18816522490213616,26.649474615821745,39.84,13.190525384178258,0.0,False,0.0,0.0,False,False,False,2.2810490774238747,0.7900090883918672
1130.724000000002,7.7,False,True,NORMAL,10.812829411488947,5.865904339476442,0.43399428675289703,7.416815455331449,3.3382611871432943,0.0,4.233425409281844,4.255612968408583,2.481343152809698,1.8121383077804027,0.38033608042586975,2.5851944865713534,2.156962271699631,0.0,0.3601231256348915,3.0726062371414913,3.3668556213378906,0.29424938419639934,26.583551143924847,39.84,13.256448856075156,0.0,False,0.0,0.0,False,False,False,2.2827124262825844,0.789578143843401
1130.8240000000078,7.8,False,True,NORMAL,10.702999667989346,5.7855493341208515,0.4848900474190597,7.416815455331449,3.3382611871432943,0.0,4.097343768084251,4.12593556807967,2.258744912434547,1.7176721692381896,0.3820003760387252,2.6027267630458684,2.171590362193004,0.0,0.5695307186143287,2.8376621117434646,3.3896889686584473,0.5520268569149827,26.84875858044872,39.84,12.991241419551283,0.0,False,0.0,0.0,False,False,False,2.283985693375913,0.7890182063284489
1130.923999999999,7.9,False,True,NORMAL,10.584982282365667,5.701833894588851,0.5328914639955158,7.416815455331449,3.3382611871432943,0.0,3.9526898420318264,3.9884496110269296,2.0547637587998655,1.5594020350828035,0.4310722707612792,2.669528452663249,2.227326487633059,0.0,0.9077767914721646,2.5794939060788145,3.476688861846924,0.8971949557681094,27.550258985663884,39.84,12.289741014336121,0.0,False,0.0,0.0,False,False,False,2.28502681805337,0.7915454813036592
1131.024000000005,8.0,False,True,NORMAL,10.461342236425013,5.611632743544698,0.5773215446940303,7.416815455331449,3.3382611871432943,0.0,3.799652820225932,3.843261859439034,1.8738417921962,1.3905226249691496,0.41660610732882053,2.84254769193196,2.371685441405909,0.0,1.3787935278862393,2.3334172864561027,3.7020223140716553,1.3686050276155526,27.52768135437652,39.84,12.312318645623485,0.0,False,0.0,0.0,False,False,False,2.285883909744246,0.7914721685763103
1131.1240000000107,8.1,False,True,NORMAL,10.334123942233893,5.515842095522176,0.6160481568705156,7.416815455331449,3.3382611871432943,0.0,3.640404842910912,3.692162340942335,1.7050963711894582,1.2398105480222483,0.41692338504715026,3.0201908242694118,2.519902349754113,0.0,1.835240703935806,2.108194447870188,3.933377742767334,1.8251832948971458,27.582236137231735,39.84,12.257763862768268,0.0,False,0.0,0.0,False,False,False,2.286542435415112,0.7928866728583697
1131.2230000000127,8.2,False,True,NORMAL,10.203236999343975,5.418811708421325,0.6484804530869559,7.416815455331449,3.3382611871432943,0.0,3.4774754481559516,3.5374231285730153,1.516731971493929,1.1569795549640425,0.38264897918783713,3.1704393398325514,2.6452625039444393,0.0,2.224799810392665,1.9076366435872043,4.129055500030518,2.2214188564433135,27.183914814296312,39.84,12.65608518570369,0.0,False,0.0,0.0,False,False,False,2.2870563622708735,0.7930546477761691
1131.3240000000078,8.3,False,True,NORMAL,10.067356545704714,5.3221048458752005,0.6758553835050032,7.416815455331449,3.3382611871432943,0.0,3.310740662457253,3.3790211945858797,1.312763993387668,1.0395737006756078,0.4005426555486992,3.2991801073129414,2.752677624828882,0.0,2.62308483137914,1.6745336011772103,4.296722412109375,2.6221888109321645,26.822339613511236,39.84,13.017660386488767,0.0,False,0.0,0.0,False,False,False,2.287538887955092,0.7965807016267796
1131.4230000000098,8.4,False,True,NORMAL,9.923764365687543,5.222873968961487,0.7018908097538276,7.416815455331449,3.3382611871432943,0.0,3.1363287736664525,3.213908661636948,1.0558857223204334,0.8959344536838987,0.4384950077415938,3.373911870568445,2.815030223318868,0.0,3.0093477361369105,1.3847718959807096,4.394050121307373,3.0092782253266632,26.881319113554273,39.84,12.95868088644573,0.0,False,0.0,0.0,False,False,False,2.2881968980508747,0.8019469986349193
1131.524000000005,8.5,False,True,NORMAL,9.772769334976692,5.1204680884718154,0.7252680874865843,7.416815455331449,3.3382611871432943,0.0,2.95411240851774,3.0418405482347244,0.8446127944004777,0.7603283142681829,0.42661137829248574,3.5108042221237774,2.9292466349362014,0.0,3.4369730012024515,1.1364285802208953,4.572333335876465,3.4359047556555695,27.249168867993884,39.84,12.59083113200612,0.0,False,0.0,0.0,False,False,False,2.288997238986874,0.8050845985757095
1131.625,8.6,False,True,NORMAL,9.616750842148173,5.015792268553351,0.7422600749372973,7.416815455331449,3.3382611871432943,0.0,2.766554939860267,2.864398061392859,0.6263561599091483,0.6312414832636728,0.3811098797558175,3.5262356277115687,2.942121859537313,0.0,3.7080276483905363,0.8892625311172491,4.592430591583252,3.7031680604660027,27.426496285226968,39.84,12.413503714773036,0.0,False,0.0,0.0,False,False,False,2.289791222349288,0.806896667967097
1131.7230000000127,8.7,False,True,NORMAL,9.455267665624342,4.910205411307669,0.7532430373128014,7.416815455331449,3.3382611871432943,0.0,2.574159291405977,2.6821019985809516,0.39592774273920983,0.5218349102810709,0.36790671876259606,3.608219386375462,3.010525175128735,0.0,4.0635448610939235,0.655034694545731,4.699203014373779,4.0441683198280485,27.35426082342771,39.84,12.485739176572295,0.0,False,0.0,0.0,False,False,False,2.2906308124440935,0.8110152534664248
1131.8240000000078,8.8,False,True,NORMAL,9.290880739700341,4.804769844172776,0.7618050360109262,7.416815455331449,3.3382611871432943,0.0,2.379657187751856,2.4986226694142277,0.22384334063867067,0.41510574949018025,0.3889269955591633,3.6736367272959614,3.0651062664212394,0.0,4.350123808624216,0.47161279075962753,4.78439998626709,4.312787195507462,27.283302313213465,39.84,12.55669768678654,0.0,False,0.0,0.0,False,False,False,2.2917258434599255,0.8169985688642385
1131.9230000000098,8.9,False,True,NORMAL,9.127278280525669,4.701651429908493,0.7683743923287049,7.416815455331449,3.3382611871432943,0.0,2.1873536592052827,2.318386343391724,0.06976051756220482,0.35459834199759066,0.37855307907803254,3.7439705015149842,3.123789393824113,0.0,4.600895357177162,0.3613952323398677,4.875999927520752,4.514604695180884,27.10401443469914,39.84,12.735985565300865,0.0,False,0.0,0.0,False,False,False,2.293095573542063,0.8211215262059064
1132.024000000005,9.0,False,True,NORMAL,8.966944276653466,4.598427819788126,0.7708950742137619,7.416815455331449,3.3382611871432943,0.0,1.997728536294309,2.1413076659302472,-0.045197764585411984,0.19957053985160184,0.3500455346034066,3.8498806825519187,3.2121557685290667,0.0,4.924155345782606,0.2046246277948432,5.013933181762695,4.809308553967852,26.96305345627125,39.84,12.876946543728753,0.0,False,0.0,0.0,False,False,False,2.294607151412813,0.8245111491203154
1132.1240000000107,9.1,False,True,NORMAL,8.80852647327673,4.491536427191882,0.7693762606141226,7.416815455331449,3.3382611871432943,0.0,1.8074576998589535,1.964393842175237,-0.22201821885775413,0.06017751995482888,0.33213940288706456,3.81337429803232,3.1816965924423317,0.0,5.101791262417118,0.2300291794809594,4.966388702392578,4.736359522911619,27.077333154734063,39.84,12.762666845265938,0.0,False,0.0,0.0,False,False,False,2.296244103560248,0.8291885818041025
1132.2230000000127,9.2,False,True,NORMAL,8.648658403920033,4.381655304921546,0.7635938010621673,7.416815455331449,3.3382611871432943,0.0,1.6143445527525013,1.785828611043692,-0.4073014919974678,-0.08751934748794163,0.2915867093378261,3.81318903475789,3.181542017652948,0.0,5.338473798333053,0.4165982976058332,4.966147422790527,4.5495491251846945,26.875238343486085,39.84,12.964761656513916,0.0,False,0.0,0.0,False,False,False,2.2979904884493934,0.8329983067148061
1132.3240000000078,9.3,False,True,NORMAL,8.48467605800044,4.268655867830893,0.7557233067874995,7.416815455331449,3.3382611871432943,0.0,1.416319359672938,1.6053280801774428,-0.6464045054294728,-0.23626399325869915,0.31234893420863075,3.7509834121047905,3.1296406300214623,0.0,5.537719244444872,0.6882292199188204,4.885133266448975,4.196904046530154,26.807039090961528,39.84,13.032960909038474,0.0,False,0.0,0.0,False,False,False,2.299967102074123,0.8412232289600995
1132.423999999999,9.4,False,True,NORMAL,8.314498926754625,4.156728385407627,0.748470456455527,7.416815455331449,3.3382611871432943,0.0,1.214793879430182,1.4268609580781781,-0.8868942446534928,-0.29803593016588764,0.3241268757886335,3.6440919947526904,3.0404555588035658,0.0,5.628086861768363,0.9356317741875462,4.745922088623047,3.810290314435501,26.98230795498739,39.84,12.85769204501261,0.0,False,0.0,0.0,False,False,False,2.3023110933217517,0.8484790398343173
1132.523000000001,9.5,False,True,NORMAL,8.142921449331679,4.047782779475704,0.7382939048953041,7.416815455331449,3.3382611871432943,0.0,1.0152097342465647,1.2552803250726656,-1.0337730250144814,-0.4025188076660731,0.2672246268629648,3.660579327778145,3.0542117986074104,0.0,5.829745320039077,1.1093728218108234,4.767394542694092,3.6580217208832684,27.049175772502053,39.84,12.79082422749795,0.0,False,0.0,0.0,False,False,False,2.3047833652110494,0.850910208534687
1132.6230000000069,9.6,False,True,NORMAL,7.975576192124946,3.938221189182982,0.7227235668972609,7.416815455331449,3.3382611871432943,0.0,0.8198570393852057,1.0929295124472458,-1.1535040771355227,-0.5381583360231319,0.21959605059864806,3.6862591608651147,3.0756378195121665,0.0,6.040101891000194,1.272865291615519,4.800838947296143,3.527973655680624,27.186831501865964,39.84,12.653168498134038,0.0,False,0.0,0.0,False,False,False,2.3072026664019774,0.8537387230487363
1132.7230000000127,9.7,False,True,NORMAL,7.812165433381542,3.8279981434565253,0.7043700684213067,7.416815455331449,3.3382611871432943,0.0,0.6293996278384317,0.9446063120745026,-1.2989666887453026,-0.6456768443965509,0.2081577254237744,3.670716816992437,3.062670033327689,0.0,6.200773396337659,1.4505905851961898,4.78059720993042,3.33000662473423,27.29780862127394,39.84,12.542191378726061,0.0,False,0.0,0.0,False,False,False,2.309682925665279,0.8587532977798548
1132.823000000004,9.8,False,True,NORMAL,7.651010164881936,3.7202655678717615,0.6854741097245357,7.416815455331449,3.3382611871432943,0.0,0.44807868603313056,0.8189317822504031,-1.4486026222401167,-0.7136766745125714,0.2012796652908581,3.719749708247393,3.103580725756698,0.0,6.4252097142401645,1.61486344713857,4.844455718994141,3.2295922718555703,27.396660168671932,39.84,12.44333983132807,0.0,False,0.0,0.0,False,False,False,2.3123085647016417,0.8636101831020475
1132.9230000000098,9.9,False,True,NORMAL,7.4912811753440005,3.6156412783052856,0.6668273156632402,7.416815455331449,3.3382611871432943,0.0,0.28720177302729577,0.7260465049462499,-1.6088404096604443,-0.802946019349316,0.20261712796486095,3.810277545512294,3.179112810686188,0.0,6.724851815314542,1.798079468139631,4.962355613708496,3.164276145568865,27.414779453766084,39.84,12.42522054623392,0.0,False,0.0,0.0,False,False,False,2.315085545243346,0.8692712863072574
1133.024000000005,10.0,False,True,NORMAL,7.33238318142953,3.5132960521129615,0.6484679609773624,7.416815455331449,3.3382611871432943,0.0,0.19433479572942722,0.6769613794341123,-1.7698889319814517,-0.8834162196622197,0.19366018222034598,3.7776957401204045,3.1519281151674483,0.0,6.860007259091011,1.9781130020079063,4.919922351837158,2.941809349829252,27.372824245248527,39.84,12.467175754751475,0.0,False,0.0,0.0,False,False,False,2.317985103837308,0.8741027759208708
1133.1240000000107,10.1,False,True,NORMAL,7.176376722915046,3.4128067131415967,0.628823537437455,7.416815455331449,3.3382611871432943,0.0,0.25172965556797217,0.6773380697463596,-1.883964449082825,-0.9779523177019002,0.15885721209556672,3.8247980123119767,3.191227991658866,0.0,7.0690899904154545,2.1226664318979727,4.981266498565674,2.858600066667701,27.306049579160618,39.84,12.533950420839385,0.0,False,0.0,0.0,False,False,False,2.320865940224662,0.8765796030667402
1133.2230000000127,10.2,False,True,NORMAL,7.022733348165109,3.3142397134571477,0.6087575515924248,7.416815455331449,3.3382611871432943,0.0,0.39481354888949394,0.7255780419827496,-2.0517248912062307,-1.053760102543701,0.16364960357442557,3.771996514567469,3.1471729547493665,0.0,7.180777782658677,2.3065093502754612,4.912499904632568,2.605990554357107,27.43375466503789,39.84,12.406245334962113,0.0,False,0.0,0.0,False,False,False,2.323748299683894,0.882045246514315
1133.3240000000078,10.3,False,True,NORMAL,6.8699494969683235,3.2182427893342584,0.5904946156378398,7.416815455331449,3.3382611871432943,0.0,0.5598810518575061,0.8137264179847841,-2.1952880955227814,-1.1305725553870443,0.1724616268839606,3.7808950098673884,3.1545974323801684,0.0,7.35373689583818,2.4693084305810062,4.924088954925537,2.454780524344531,27.763791655371918,39.84,12.076208344628085,0.0,False,0.0,0.0,False,False,False,2.3267314733199402,0.8870409700227688
1133.4230000000098,10.4,False,True,NORMAL,6.722135109689691,3.1224351597803883,0.5716997621355645,7.416815455331449,3.3382611871432943,0.0,0.7274349845231572,0.9252039098134351,-2.2712470131829012,-1.2543727790160641,0.12705226027723124,3.7989113141063244,3.1696293724220905,0.0,7.5112327320013295,2.5946125074139172,4.947552680969238,2.352940173555321,28.045445250026763,39.84,11.794554749973239,0.0,False,0.0,0.0,False,False,False,2.3296166527996798,0.8878696573524598
1133.523000000001,10.5,False,True,NORMAL,6.580538669841265,3.0277040060630522,0.551896021711025,7.416815455331449,3.3382611871432943,0.0,0.892078822005265,1.0489965888651676,-2.377301415030526,-1.3118441320923844,0.12251124125269601,3.962155718851106,3.3058326731523002,0.0,7.8429366840500165,2.7152342522904656,5.160155773162842,2.4449215208723762,28.2364222135868,39.84,11.603577786413203,0.0,False,0.0,0.0,False,False,False,2.33232209144081,0.8905300805757147
1133.6230000000069,10.6,False,True,NORMAL,6.445640137527884,2.9354083897561254,0.5313164062743769,7.416815455331449,3.3382611871432943,0.0,1.051414225828014,1.1780360766334113,-2.4300161510366047,-1.403871327505347,0.07839424516539256,4.026918414050891,3.3598675594578116,0.0,8.02403964104033,2.8063914905961322,5.244500160217285,2.438108669621153,28.345620022824296,39.84,11.494379977175708,0.0,False,0.0,0.0,False,False,False,2.3348084780209444,0.8899529114507515
1133.724000000002,10.7,False,True,NORMAL,6.31963811698585,2.844760915424309,0.5103504651085862,7.416815455331449,3.3382611871432943,0.0,1.203054707802536,1.3068275430225655,-2.4733917792711995,-1.4741416182043254,0.07913883682750188,4.006741193120869,3.3430326541847757,0.0,8.074483965582589,2.879368056412451,5.218222141265869,2.338854084853418,28.284287078489932,39.84,11.555712921510073,0.0,False,0.0,0.0,False,False,False,2.3370408997415026,0.8911355569776477
1133.8240000000078,10.8,False,True,NORMAL,6.202062039268111,2.7542100925026705,0.49009417648546266,7.416815455331449,3.3382611871432943,0.0,1.3478655507833335,1.4342014659082674,-2.5177923430163314,-1.5976055786545074,0.05604336928410312,4.074174462082899,3.3992957391340934,0.0,8.27182260080858,2.9818822692218534,5.306044578552246,2.3241623093303927,28.343169486653746,39.84,11.496830513346255,0.0,False,0.0,0.0,False,False,False,2.33907349851219,0.8916533866823154
1133.923999999999,10.9,False,True,NORMAL,6.091401496648848,2.6619549137070777,0.4683836766383055,7.416815455331449,3.3382611871432943,0.0,1.4879893606339618,1.559966539994074,-2.5766393987894176,-1.7080328476930031,0.010148058377806165,4.0620594887871855,3.3891875865532173,0.0,8.369825510439751,3.091350319875145,5.290266513824463,2.198916193949318,28.306237005271605,39.84,11.533762994728399,0.0,False,0.0,0.0,False,False,False,2.3408107380631016,0.8908301589383678
1134.023000000001,11.0,False,True,NORMAL,5.98644202074626,2.569537253116519,0.4458845808041217,7.416815455331449,3.3382611871432943,0.0,1.6238548731683602,1.6839589390812053,-2.633006870446942,-1.801272213135766,-0.002155513023310608,4.061628916433964,3.388828337635598,0.0,8.470849546893378,3.190189142611425,5.289705753326416,2.099516610714991,28.251240225432564,39.84,11.588759774567439,0.0,False,0.0,0.0,False,False,False,2.3422829674338357,0.8913869906114683
1134.1240000000107,11.1,False,True,NORMAL,5.888139209245237,2.4792234153214188,0.42326123113856123,7.416815455331449,3.3382611871432943,0.0,1.753509896968057,1.803870014316402,-2.6583850747321485,-1.8620399363512266,-0.036264806804877786,4.039382678184166,3.370267143558593,0.0,8.499242922194899,3.245643839075004,5.260733127593994,2.01508928851899,28.45110163818817,39.84,11.388898361811833,0.0,False,0.0,0.0,False,False,False,2.3434688845972094,0.8890948844299761
1134.224000000002,11.2,False,True,NORMAL,5.797127903651136,2.3928277569482814,0.4015143546952357,7.416815455331449,3.3382611871432943,0.0,1.8754285206316115,1.9179275046322282,-2.6860750177880766,-1.910591715836034,-0.028407692307703826,3.9796623660188817,3.3204393797815297,0.0,8.47323676012889,3.296264507864394,5.182955741882324,1.8866912340179303,28.456746253473103,39.84,11.383253746526899,0.0,False,0.0,0.0,False,False,False,2.3443729152597776,0.8887826721450877
1134.3240000000078,11.3,False,True,NORMAL,5.713931753477041,2.30949548146512,0.38122553355276423,7.416815455331449,3.3382611871432943,0.0,1.9895154634284407,2.0257109089535636,-2.683952932335742,-1.9819394162631643,-0.04981469392667308,3.974065657692904,3.315769754820024,0.0,8.508521258511726,3.3364183180067815,5.175666809082031,1.8392484910752498,28.55261382370609,39.84,11.287386176293914,0.0,False,0.0,0.0,False,False,False,2.3450100718463314,0.8863333043689604
1134.4230000000098,11.4,False,True,NORMAL,5.6395542298901775,2.2273570536220597,0.3616993689971681,7.416815455331449,3.3382611871432943,0.0,2.09589252046272,2.1268737364649843,-2.672071617912732,-2.065273534310888,-0.055298936516046504,3.9746650173376525,3.31626983175722,0.0,8.552199535748173,3.3771765578334443,5.17644739151001,1.7992708336765655,28.627813788169757,39.84,11.212186211830245,0.0,False,0.0,0.0,False,False,False,2.3453371992268237,0.8846517847593965
1134.523000000001,11.5,False,True,NORMAL,5.5741364278321335,2.146313606348673,0.3429354909111239,7.416815455331449,3.3382611871432943,0.0,2.1945853899422487,2.221218085797616,-2.647322260565954,-2.136184958373923,-0.07596001440917455,3.9830022308199786,3.3232260027632683,0.0,8.58873511663138,3.4017056497691027,5.187305450439453,1.7855998006703504,28.535431997161282,39.84,11.304568002838721,0.0,False,0.0,0.0,False,False,False,2.3453485379636407,0.8814567646057335
1134.6230000000069,11.6,False,True,NORMAL,5.305006041050404,1.926289795244987,0.33426762271203403,32.18473409795791,28.152727998797562,0.0,37.554571509445594,37.556059113033356,-2.735285475068642,-2.2642912636998034,-0.09739734957262396,3.5562093309530476,3.4534352111023945,0.0,8.50148827764009,3.5508874323172703,4.957099914550781,1.406212482233511,28.68870810458946,44.16,15.471291895410538,0.0,False,0.0,0.0,False,False,False,2.585861977242986,0.9431738145501852
1134.7230000000127,11.7,False,True,NORMAL,5.026528651322516,1.6922969209989818,0.32236455139905007,32.18473409795791,28.152727998797562,0.0,37.9173118232897,37.91868213438573,-2.8342623194891123,-2.4155662212203,-0.14066407668705522,3.320933120999614,3.2249584617963696,0.0,8.3487693470555,3.7239767809126203,4.629141807556152,0.905165026643532,28.835348406970486,44.16,15.324651593029511,0.0,False,0.0,0.0,False,False,False,2.8516259634327352,1.007655367371546
1134.8240000000078,11.8,False,True,NORMAL,4.736957470992651,1.4440175339260912,0.30646366395419034,32.18473409795791,28.152727998797562,0.0,38.297985018276286,38.29921117252207,-2.9571612871081756,-2.5500215202375096,-0.17735367221013865,3.3618265836670203,3.264670107185274,0.0,8.58721412525766,3.904793545329343,4.6861443519592285,0.7813508066298853,28.87481861002026,44.16,15.285181389979737,0.0,False,0.0,0.0,False,False,False,3.1445996350699517,1.0759812448866695
1134.923999999999,11.9,False,True,NORMAL,4.434996179129639,1.1823748442410964,0.28742065386055193,32.18473409795791,28.152727998797562,0.0,38.69687201629027,38.69793940867414,-3.0820645501520696,-2.682832273462387,-0.20350652966262925,3.371726767726793,3.274284176843893,0.0,8.782861650808254,4.086160899773214,4.699944496154785,0.6137835963815714,28.643029301261755,44.16,15.51697069873824,0.0,False,0.0,0.0,False,False,False,3.466932835439082,1.1484391376670327
1135.024000000005,12.0,False,True,NORMAL,4.120394112712339,0.9070961034312987,0.26550641710094375,32.18473409795791,28.152727998797562,0.0,39.11434054391372,39.11524165645375,-3.2099767781939237,-2.8227425427335673,-0.23477820552953438,3.435144594425011,3.335869234232099,0.0,9.060140014161876,4.274555693765401,4.788344383239746,0.5137886894743451,28.395895448404385,44.16,15.764104551595608,0.0,False,0.0,0.0,False,False,False,3.82085569292285,1.2243386417878162
1135.1240000000107,12.1,False,True,NORMAL,3.792173923104373,0.6185750618541721,0.24074675711315946,32.18473409795791,28.152727998797562,0.0,39.55081606285346,39.551548771681844,-3.354427013965398,-2.9476782888089637,-0.26041499422615144,3.3438915866016177,3.2472534298717144,0.0,9.123850671389684,4.46553332608061,4.661144256591797,0.1956109305111866,28.23741740774742,44.16,15.922582592252578,0.0,False,0.0,0.0,False,False,False,4.208703704382484,1.304361247892807
1135.224000000002,12.2,False,True,NORMAL,3.450212397816587,0.31778715799457175,0.21347350437275353,32.18473409795791,28.152727998797562,0.0,40.00570795457686,40.00627750596104,-3.484803491790319,-3.0680797883830437,-0.28505006058196736,3.524651959759997,3.422789845010094,0.0,9.55321172826048,4.6429483051482,4.913111209869385,0.2701629047211851,28.28927181640688,44.16,15.870728183593112,0.0,False,0.0,0.0,False,False,False,4.6329131263215375,1.3876193892088065
1135.323000000004,12.3,False,True,NORMAL,3.0947155920390754,0.00429709203817238,0.18321753786026218,32.18473409795791,28.152727998797562,0.0,40.47917167121021,40.47958631030568,-3.6251326237599084,-3.2017215307449427,-0.3200692696678599,3.5161088134724197,3.4144935948579107,0.0,9.73507225721001,4.8365904623282026,4.90120267868042,0.06461221635221737,28.415220212396836,44.16,15.744779787603159,0.0,False,0.0,0.0,False,False,False,5.0959864962752235,1.4746706046235256
1135.423999999999,12.4,False,True,NORMAL,2.7255157984421046,-0.32383765919345303,0.14954877065889183,32.18473409795791,28.152727998797562,0.0,40.972677902382706,40.97295082523598,-3.7588632481795092,-3.3609734938875637,-0.35330607435954686,3.3883464609771985,3.2904235625007243,0.0,9.763385141865227,5.042340304375478,4.723111152648926,0.3192291517265522,28.46956982677351,44.16,15.690430173226487,0.0,False,0.0,0.0,False,False,False,5.600620368755639,1.5664597381723475
1135.523000000001,12.5,False,True,NORMAL,2.3427814426092057,-0.6676288917429486,0.11271470175063768,32.18473409795791,28.152727998797562,0.0,41.486806451957705,41.486959567871324,-3.8958238684784585,-3.5148511571023477,-0.38337530380553597,3.478306058209044,3.3777833357157014,0.0,10.093869546772108,5.24705843981084,4.848508358001709,0.3985500818091312,28.341825226669826,44.16,15.818174773330169,0.0,False,0.0,0.0,False,False,False,6.1496790949917735,1.6625673681668118
1135.6240000000107,12.6,False,True,NORMAL,1.9472477830561499,-1.0262924638363389,0.0731815025250381,32.18473409795791,28.152727998797562,0.0,42.02048088495275,42.020544610166475,-4.014849322582658,-3.658420284765456,-0.40728868070645546,3.4348894015391886,3.3356214163970095,0.0,10.218376895343026,5.43167138761411,4.787988662719727,0.6436827248943837,28.204394361937418,44.16,15.955605638062579,0.0,False,0.0,0.0,False,False,False,6.746090512599537,1.7624241984480593
1135.7230000000127,12.7,False,True,NORMAL,1.5401394843731526,-1.3993521872451318,0.031253367023378456,32.18473409795791,28.152727998797562,0.0,42.57248668275375,42.57249815463259,-4.127316651077286,-3.8027741834104014,-0.4312740293267375,3.3497723116688767,3.2529642025299266,0.0,10.280578949050112,5.61211495144856,4.669341564178467,0.9427733872700932,28.10526437902249,44.16,16.054735620977507,0.0,False,0.0,0.0,False,False,False,7.392868143840044,1.8662962004620318
1135.8329999999987,12.8,False,True,NORMAL,1.120318026784585,-1.7872121120986313,-0.014116191008113482,32.18473409795791,28.152727998797562,0.0,43.14392146858028,43.143923777907254,-4.269112500694069,-3.9544243136595862,-0.4761171313031012,3.316387540481102,3.220544248133271,0.0,10.44126356038312,5.819174614672123,4.622805595397949,1.196369019274174,28.113476454385257,44.16,16.046523545614736,0.0,False,0.0,0.0,False,False,False,8.093133163846828,1.974066254852169
1135.9230000000098,12.9,False,True,NORMAL,0.6870739683909958,-2.1916318409291966,-0.06349078163627271,32.18473409795791,28.152727998797562,0.0,43.736515267228725,43.73656135088679,-4.395768667177712,-4.133970262951719,-0.5113746812600832,3.2909496673235465,3.1958415271507814,0.0,10.621288981676537,6.034276452923782,4.587347030639648,1.4469294222841338,28.269700564722765,44.16,15.890299435277232,0.0,False,0.0,0.0,False,False,False,8.850268429094694,2.087842962140844
1136.024000000005,13.0,False,True,NORMAL,0.24034282177732239,-2.6135959201174614,-0.11590169399949796,32.18473409795791,28.152727998797562,0.0,44.35099572150917,44.35114716320195,-4.538854265095756,-4.305311320813575,-0.5368435660044217,3.267608412392809,3.173174832322802,0.0,10.810578831758939,6.255949457029162,4.554811000823975,1.7011384562051877,28.384656681079072,44.16,15.775343318920923,0.0,False,0.0,0.0,False,False,False,9.667994707906084,2.207728278339109
1136.1230000000069,13.1,False,True,NORMAL,-0.22124302412413677,-3.0514925702662534,-0.1708321858953911,32.18473409795791,28.152727998797562,0.0,44.987228571670094,44.987552925175066,-4.692862652933427,-4.452621682162261,-0.5617662719134405,3.1421236392994736,3.0513165575340166,0.0,10.848783309876437,6.469064826059393,4.379894256591797,2.089170569467596,28.333030370619706,44.16,15.826969629380288,0.0,False,0.0,0.0,False,False,False,10.550073977276789,2.3319360707247685
1136.2230000000127,13.2,False,True,NORMAL,-0.6976679888038344,-3.5043626049871124,-0.2279560859234222,32.18473409795791,28.152727998797562,0.0,45.644536940270356,45.645106161217484,-4.8356366406605265,-4.604779012254914,-0.5807117286471818,3.155722409795591,3.064522324823989,0.0,11.076100508402185,6.677377589458452,4.398849964141846,2.278527625316606,28.28563289845107,44.16,15.874367101548927,0.0,False,0.0,0.0,False,False,False,11.500336691720078,2.461529301287838
1136.323000000004,13.3,False,True,NORMAL,-1.18907797936614,-3.972437349178278,-0.28717218327601385,32.18473409795791,28.152727998797562,0.0,46.32318621605521,46.32407634341105,-4.992563170585586,-4.756715871568394,-0.6036102184046505,3.122939360171036,3.0326867022931814,0.0,11.248829885121317,6.895798205800273,4.353152751922607,2.5426454538776655,28.19580386296296,44.16,15.964196137037034,0.0,False,0.0,0.0,False,False,False,12.522832318629169,2.596500313841208
1136.423999999999,13.4,False,True,NORMAL,-1.6952441517396932,-4.4571231089165755,-0.3484833366422202,32.18473409795791,28.152727998797562,0.0,47.02398659691953,47.025277841849956,-5.13076027688548,-4.936999323197556,-0.6226128489194767,3.0119123245125583,2.9248683376682423,0.0,11.318660707456768,7.120299385287047,4.198389053344727,2.9219103319423203,28.095772302619668,44.16,16.06422769738033,0.0,False,0.0,0.0,False,False,False,13.621828586422648,2.7378111225251147
1136.523000000001,13.5,False,True,NORMAL,-2.2171576116564458,-4.9590169252821985,-0.4123336054245646,32.18473409795791,28.152727998797562,0.0,47.74806598300453,47.74984632561153,-5.307508921449574,-5.100877004114898,-0.6543925267274111,2.9660805716310312,2.8803611181944118,0.0,11.495757698604178,7.361290454966099,4.13450288772583,3.226787567240269,28.129414582769275,44.16,16.030585417230718,0.0,False,0.0,0.0,False,False,False,14.801711609510477,2.883959815775687
1136.6230000000069,13.6,False,True,NORMAL,-2.7556608326229575,-5.478203045306749,-0.4790126962652658,32.18473409795791,28.152727998797562,0.0,48.49608974750707,48.49845537706788,-5.4625554978806665,-5.282845396376116,-0.6791892900866127,2.9116321249144046,2.827486226538178,0.0,11.657808429349737,7.599208383077715,4.058605670928955,3.54060271214876,28.13066508171945,44.16,16.029334918280544,0.0,False,0.0,0.0,False,False,False,16.067031218926786,3.0365492173529334
1136.7230000000127,13.7,False,True,NORMAL,-3.309085103051396,-6.015464344077251,-0.5480263497142815,32.18473409795791,28.152727998797562,0.0,49.26739864711375,49.270446540838314,-5.605929910688105,-5.4623805790339155,-0.7010837788937002,2.8567093820366614,2.7741507458358954,0.0,11.809179144391482,7.827135603383555,3.9820473194122314,3.8450882839713234,28.269343597906158,44.16,15.890656402093839,0.0,False,0.0,0.0,False,False,False,17.422541644349916,3.194506594602078
1136.823000000004,13.8,False,True,NORMAL,-3.877145586207379,-6.5704835982683685,-0.6192244309934934,32.18473409795791,28.152727998797562,0.0,50.06156799352001,50.06539752030105,-5.755279752431563,-5.63800450478845,-0.7228778466905385,2.8005749860736855,2.7196386287101717,0.0,11.960470268903283,8.056695341438918,3.9038000106811523,4.152895330757765,28.394307632092268,44.16,15.765692367907727,0.0,False,0.0,0.0,False,False,False,18.873115277813536,3.3583778467886494
1136.923999999999,13.9,False,True,NORMAL,-4.459700576887449,-7.1440337238053315,-0.6926790436912125,32.18473409795791,28.152727998797562,0.0,50.87903282041841,50.88374774914661,-5.895820061169828,-5.832998005950808,-0.7462144072638414,2.73872731399467,2.659578348618295,0.0,12.111121397795761,8.293645756307578,3.8175888061523438,4.476056950155234,28.412659684131643,44.16,15.747340315868351,0.0,False,0.0,0.0,False,False,False,20.423876457177908,3.528728723549475
1137.024000000005,14.0,False,True,NORMAL,-5.0577830117193345,-7.736578072053858,-0.769067684956551,32.18473409795791,28.152727998797562,0.0,51.72086011380567,51.726577656132434,-6.065828635467901,-6.017888959019705,-0.7815584180429306,2.6500731002109466,2.573486233390854,0.0,12.238409650063899,8.544545895362354,3.6940112113952637,4.850534683967091,28.327683604034174,44.16,15.832316395965819,0.0,False,0.0,0.0,False,False,False,22.080078321609207,3.7045658144057185
1137.1240000000107,14.1,False,True,NORMAL,-5.671836442189756,-8.348249914765365,-0.8488460305812633,32.18473409795791,28.152727998797562,0.0,52.58746354130027,52.59431396350006,-6.21523997394053,-6.215547895210447,-0.814008494451317,2.557178100628909,2.4832758906813672,0.0,12.354143197042433,8.78989440046485,3.5645222663879395,5.22537213407691,28.219442545036657,44.16,15.940557454963336,0.0,False,0.0,0.0,False,False,False,23.847116068752115,3.8866495171325623
1137.224000000002,14.2,False,True,NORMAL,-6.301442521463785,-8.978723913661208,-0.9317309936947195,32.18473409795791,28.152727998797562,0.0,53.478318147718134,53.486434117009246,-6.376881611540041,-6.3939320827063915,-0.8436907678178063,2.546233712435124,2.472647794291366,0.0,12.579277634273836,9.03033701286168,3.5492665767669678,5.481070436094711,28.082258106150807,44.16,16.07774189384919,0.0,False,0.0,0.0,False,False,False,25.730635337593096,4.074911937967263
1137.3240000000078,14.3,False,True,NORMAL,-6.947115525398145,-9.627212878483373,-1.01788950936026,32.18473409795791,28.152727998797562,0.0,54.393249467519354,54.40277278493313,-6.536578467147172,-6.575847213736914,-0.8794795454930086,2.454725853807524,2.3837845042913806,0.0,12.693248359451463,9.271926694899157,3.4217112064361572,5.850215488463,28.062954933507235,44.16,16.09704506649276,0.0,False,0.0,0.0,False,False,False,27.73637757448027,4.268696789696288
1137.4230000000098,14.4,False,True,NORMAL,-7.608539704815359,-10.294840950033278,-1.1079550593282002,32.18473409795791,28.152727998797562,0.0,55.33281303184921,55.34390447403466,-6.691905121197129,-6.776714217261159,-0.9218314538657927,2.392449724503988,2.3233081493490353,0.0,12.858301211101688,9.523940872009543,3.334902763366699,6.189038108642844,28.041787202830935,44.16,16.11821279716906,0.0,False,0.0,0.0,False,False,False,29.870250702232248,4.469041961186751
1137.524000000005,14.5,False,True,NORMAL,-8.287225582360506,-10.981499986753198,-1.2021277623339652,32.18473409795791,28.152727998797562,0.0,56.29802234883907,56.31085536153183,-6.8818124297058,-6.956466517137246,-0.9616226062495062,2.2890309260755095,2.2228781446037598,0.0,12.975543775707873,9.78528327243033,3.190744400024414,6.594538872405916,28.13250616483054,44.16,16.02749383516945,0.0,False,0.0,0.0,False,False,False,32.138644930222185,4.677396140340459
1137.6230000000069,14.6,False,True,NORMAL,-8.983171612403732,-11.68747206011614,-1.3005742540491174,32.18473409795791,28.152727998797562,0.0,57.289074013388394,57.303834903972955,-7.037108171158698,-7.162974950121586,-1.0073072280535385,2.2501959395346947,2.185165485572297,0.0,13.17731942581485,10.041369505633076,3.136611223220825,6.904758282412251,28.19208663991224,44.16,15.967913360087755,0.0,False,0.0,0.0,False,False,False,34.54801474449033,4.8912400492405785
1137.724000000002,14.7,False,True,NORMAL,-9.695306924053565,-12.413872217612933,-1.4029137876765694,32.18473409795791,28.152727998797562,0.0,58.30597644430148,58.32285192117316,-7.20559806183798,-7.365028199814288,-1.0394834444955043,2.162506053827558,2.1000098294294647,0.0,13.317218914509894,10.303605379323441,3.0143778324127197,7.2892275469107215,28.165332677991056,44.16,15.99466732200894,0.0,False,0.0,0.0,False,False,False,37.10523774046572,5.1153275531302365
1137.823000000004,14.8,False,True,NORMAL,-10.42559172748841,-13.159426579277602,-1.5078101376880926,32.18473409795791,28.152727998797562,0.0,59.349254273608814,59.36840467997089,-7.400098006858898,-7.546059033479098,-1.0584435557349625,2.129563594169768,2.0680194038005983,0.0,13.536800006954621,10.569032947619595,2.968458414077759,7.600574533541836,27.980147741950347,44.16,16.179852258049646,0.0,False,0.0,0.0,False,False,False,39.81803201634385,5.3495804309836394
1137.9230000000098,14.9,False,True,NORMAL,-11.174417068083306,-13.923078765473006,-1.6144642273739853,32.18473409795791,28.152727998797562,0.0,60.41845334584335,60.44001984980912,-7.576408805039045,-7.726984690428997,-1.0746382379828912,2.057287735056091,1.9978323103122195,0.0,13.688687837939266,10.821657118352867,2.867711067199707,7.95394605115316,27.77568136738044,44.16,16.384318632619554,0.0,False,0.0,0.0,False,False,False,42.693936019791096,5.590507198761351
1138.023000000001,15.0,False,True,NORMAL,-11.940014954165154,-14.7060193832238,-1.7253235795293258,32.18473409795791,28.152727998797562,0.0,61.51313441915278,61.53732564487051,-7.735548916597894,-7.931827664586915,-1.1425488051239152,1.9858708428811551,1.9284793596977148,0.0,13.846720072029568,11.079377561117102,2.7681610584259033,8.311216502691199,27.506013225947466,44.16,16.65398677405253,0.0,False,0.0,0.0,False,False,False,45.73902798189817,5.828531774095379
1138.1240000000107,15.1,False,True,NORMAL,-12.720707416266242,-15.509838470082098,-1.84249524330757,32.18473409795791,28.152727998797562,0.0,62.63320515698315,62.66029984733836,-7.878300325423904,-8.144554072579014,-1.2008844704409718,1.890899407887666,1.8362525903675921,0.0,13.96616500949542,11.33143314231425,2.635777711868286,8.695655430445964,27.484560400845055,44.16,16.675439599154938,0.0,False,0.0,0.0,False,False,False,48.95968645542873,6.075289422871679
1138.224000000002,15.2,False,True,NORMAL,-13.520120594462036,-16.333239427492565,-1.962321927533695,32.18473409795791,28.152727998797562,0.0,63.78036563322735,63.81054574014743,-8.109963238491986,-8.323465075630292,-1.195649214081522,1.8612311824210963,1.8074417738654829,0.0,14.214780750078722,11.621169243881125,2.5944223403930664,9.026746903488059,27.429120499810608,44.16,16.73087950018939,0.0,False,0.0,0.0,False,False,False,52.36631805932553,6.349027529726324
1138.3240000000078,15.3,False,True,NORMAL,-14.34281211760467,-17.17490396227285,-2.0829690582244345,32.18473409795791,28.152727998797562,0.0,64.95696095138352,64.99034956158555,-8.343867224360675,-8.509825619975356,-1.2172933997332744,1.7806832767008272,1.7292216951502668,0.0,14.399465711266025,11.917938258782401,2.482144355773926,9.435793903008475,27.4031030077861,44.16,16.756896992213893,0.0,False,0.0,0.0,False,False,False,55.969099263069786,6.62604573100442
1138.4230000000098,15.4,False,True,NORMAL,-15.186928864673476,-18.036153698860772,-2.2053879050261225,32.18473409795791,28.152727998797562,0.0,66.1625819049213,66.1993276411253,-8.538467717015468,-8.715169111783055,-1.2310835363004837,1.6971802989374238,1.6481319456999006,0.0,14.56593625945506,12.200803399837765,2.3657472133636475,9.835056186474118,27.32891855481747,44.16,16.831081445182523,0.0,False,0.0,0.0,False,False,False,59.77603325927316,6.911731974259773
1138.523000000001,15.5,False,True,NORMAL,-16.05195261224988,-18.91661501638973,-2.329005471025536,32.18473409795791,28.152727998797562,0.0,67.39659484469597,67.4368242367934,-8.762007234512632,-8.89405723879615,-1.2412677836877843,1.6415501312769982,1.5941094847255468,0.0,14.772800922088658,12.485072084078405,2.2882027626037598,10.196869321474646,27.3058110727764,44.16,16.854188927223596,0.0,False,0.0,0.0,False,False,False,63.796184387598146,7.206878843058999
1138.6230000000069,15.6,False,True,NORMAL,-16.93899897964483,-19.816498824634362,-2.4541538477280738,32.18473409795791,28.152727998797562,0.0,68.65994373371873,68.70378988546221,-8.978920113386367,-9.10361892609647,-1.2616997503629739,1.5156808584468469,1.4718778222066797,0.0,14.898918787327258,12.78659000492923,2.1127500534057617,10.673839951523469,27.67611433427835,44.16,16.483885665721644,0.0,False,0.0,0.0,False,False,False,68.038901873842,7.511165774187473
1138.7230000000127,15.7,False,True,NORMAL,-17.84248231454985,-20.7404904373689,-2.5819666219895976,32.18473409795791,28.152727998797562,0.0,69.95190627159901,69.99954101754984,-9.090746584714072,-9.3762133285943,-1.2945557348674976,1.502984841336367,1.4595487188132246,0.0,15.153906581318427,13.059672654810301,2.095052719116211,10.96461993569409,27.618015898343796,44.16,16.541984101656197,0.0,False,0.0,0.0,False,False,False,72.51268335221746,7.817508555250369
1138.823000000004,15.8,False,True,NORMAL,-18.763393492308598,-21.688921880549103,-2.712777920145948,32.18473409795791,28.152727998797562,0.0,71.2734296049338,71.32503720078584,-9.327476970460877,-9.592415535009732,-1.321670228259508,1.34760068112419,1.3086551464203704,0.0,15.257477670601583,13.379695902029091,1.8784583806991577,11.501237521329934,27.584176543643355,44.16,16.57582345635664,0.0,False,0.0,0.0,False,False,False,77.22740141126192,8.141226731800826
1138.923999999999,15.9,False,True,NORMAL,-19.705193696291463,-22.658878333343743,-2.846209052402686,32.18473409795791,28.152727998797562,0.0,72.62495400717935,72.68070480199607,-9.508527109196425,-9.806713520883095,-1.3469524168752571,1.318233230918826,1.280136412802313,0.0,15.496353794178573,13.659565068734604,1.837522268295288,11.822042800439316,27.375831685605124,44.16,16.784168314394872,0.0,False,0.0,0.0,False,False,False,82.19348843496842,8.46822054935412
1139.023000000001,16.0,False,True,NORMAL,-20.66429388797471,-23.65298018654441,-2.981897559950878,32.18473409795791,28.152727998797562,0.0,74.00575085520515,74.06580096576786,-9.673476724468477,-10.075323543130278,-1.3668177340885848,1.173482421190737,1.1395688880507264,0.0,15.602254162477967,13.967401205578245,1.6357500553131104,12.331651150265134,27.27352786189975,44.16,16.886472138100242,0.0,False,0.0,0.0,False,False,False,87.42133327625645,8.811648174521318
1139.1240000000107,16.1,False,True,NORMAL,-21.639181711073398,-24.674617167237543,-3.1197745171702542,32.18473409795791,28.152727998797562,0.0,75.41712212958741,75.48162228878687,-9.824279737505249,-10.35741607073234,-1.3907214102989345,1.1563006878446123,1.1228837052048173,0.0,15.886171012014168,14.275592457863903,1.611799955368042,12.66379250249586,27.465479404108347,44.16,16.69452059589165,0.0,False,0.0,0.0,False,False,False,92.92237532779433,9.163944879548072
1139.224000000002,16.2,False,True,NORMAL,-22.633268537168103,-25.72145093326394,-3.2608961188375103,32.18473409795791,28.152727998797562,0.0,76.85987619368419,76.92901931005173,-10.057456784388853,-10.579259249795607,-1.4317106230461865,1.029225748357515,0.999481219683573,0.0,16.030650655586577,14.59702583556785,1.434666633605957,13.162359201961893,27.565593839296774,44.16,16.594406160703222,0.0,False,0.0,0.0,False,False,False,98.70702917850386,9.52223751838314
1139.3240000000078,16.3,False,True,NORMAL,-23.650987594003283,-26.791721246648798,-3.4067821839821892,32.18473409795791,28.152727998797562,0.0,78.33594525980763,78.4099896989961,-10.296924352314784,-10.826147017901558,-1.4860106798473944,0.9415678472815102,0.9143566238189988,0.0,16.252480816221272,14.94095413186561,1.3124778270721436,13.628476304793466,27.61254373048319,44.16,16.547456269516807,0.0,False,0.0,0.0,False,False,False,104.78612896807472,9.891028204210759
1139.4230000000098,16.4,False,True,NORMAL,-24.690508103640834,-27.88758617282872,-3.5576319178353915,32.18473409795791,28.152727998797562,0.0,79.84553830957053,79.92475669533124,-10.49348584043622,-11.09115150569686,-1.5309839972166517,0.9102294938433492,0.8839239458887845,0.0,16.53623764634665,15.268493272283195,1.2687944173812866,13.999698854901908,27.661586779272564,44.16,16.49841322072743,0.0,False,0.0,0.0,False,False,False,111.17125111606558,10.270017124501111
1139.524000000005,16.5,False,True,NORMAL,-25.753925813135595,-29.007487919508925,-3.713014528591049,32.18473409795791,28.152727998797562,0.0,81.3890569801664,81.47370786339788,-10.774868349459037,-11.306883427907305,-1.576668217896503,0.7577307920653723,0.7358324424489884,0.0,16.674167100434758,15.618687550510092,1.0562222003936768,14.562465350116415,27.581018944074053,44.16,16.57898105592594,0.0,False,0.0,0.0,False,False,False,117.87489318889503,10.662895297175627
1139.6230000000069,16.6,False,True,NORMAL,-26.84393656005184,-30.15057612952108,-3.8732729260891743,32.18473409795791,28.152727998797562,0.0,82.9678204602905,83.05818126524909,-11.025346588865835,-11.554880772335823,-1.628499732066004,0.7352264398091187,0.7139784638858171,0.0,16.99517534246169,15.97102179159216,1.0248527526855469,14.946169038906612,27.472053605950492,44.16,16.6879463940495,0.0,False,0.0,0.0,False,False,False,124.90969302663461,11.065018055885533
1139.7230000000127,16.7,False,True,NORMAL,-27.956599714610224,-31.31683305766969,-4.03863179576223,32.18473409795791,28.152727998797562,0.0,84.5790087728843,84.67537582901761,-11.227916502301868,-11.770257790636395,-1.6786776613951058,0.668006333184589,0.6487010121085349,0.0,17.197195057686702,16.266686123507128,0.9311527609825134,15.335533362524615,27.637775075758526,44.16,16.522224924241467,0.0,False,0.0,0.0,False,False,False,132.28629574650202,11.465896116325858
1139.823000000004,16.8,False,True,NORMAL,-29.091261292177368,-32.50750583665821,-4.210225534214154,32.18473409795791,28.152727998797562,0.0,86.22303392959478,86.32576428316753,-11.465315049041008,-12.043197789133947,-1.753197107643386,0.5354612520902976,0.5199864715652264,0.0,17.37389508999275,16.62805046185412,0.7463944554328918,15.881656006421228,27.632228797512585,44.16,16.527771202487408,0.0,False,0.0,0.0,False,False,False,140.0165438281553,11.883713733839592
1139.9230000000098,16.9,False,True,NORMAL,-30.249997660701716,-33.726363774084916,-4.38667728763976,32.18473409795791,28.152727998797562,0.0,87.9040256667042,88.01341185318569,-11.709412321445953,-12.333960959400184,-1.7758379608687231,0.6264969525668832,0.6083912487409721,0.0,17.879573213481695,17.006967097682004,0.8732916712760925,16.13367542640591,27.525442794703423,44.16,16.63455720529657,0.0,False,0.0,0.0,False,False,False,148.1180490911054,12.336170072388834
1140.024000000005,17.0,False,True,NORMAL,-31.432973318392925,-34.97280443725743,-4.566261405108429,32.18473409795791,28.152727998797562,0.0,89.6216800905219,89.73793114100432,-11.95010083237822,-12.594852304050109,-1.815844388504677,0.5052548467207516,0.49065302850942444,0.0,18.065611943726317,17.361889714683798,0.704288899898529,16.65760081478527,26.952128871070556,44.16,17.207871128929437,0.0,False,0.0,0.0,False,False,False,156.6065134599958,12.78777068083426
1140.1240000000107,17.1,False,True,NORMAL,-32.64086490229078,-36.24535148898041,-4.750651315179501,32.18473409795791,28.152727998797562,0.0,91.37543941046312,91.49885035001058,-12.207730845578796,-12.856088730409532,-1.8719538129167468,0.4516413784695164,0.43858898451837053,0.0,18.35778201882805,17.728725556064624,0.6295555830001831,17.09916997306444,26.51655765750647,44.16,17.643442342493525,0.0,False,0.0,0.0,False,False,False,165.49369000417812,13.2474521261591
1140.224000000002,17.2,False,True,NORMAL,-33.874060528841824,-37.546302858095544,-4.9394022752976605,32.18473409795791,28.152727998797562,0.0,93.16719918018734,93.29804230485179,-12.456181685442184,-13.162938651893246,-1.9030653894464584,0.518869438491627,0.5038741598407811,0.0,18.84499201643963,18.122345767980768,0.7232666611671448,17.399079106813623,26.798451031482976,44.16,17.36154896851702,0.0,False,0.0,0.0,False,False,False,174.79625358803688,13.73680690828642
1140.3240000000078,17.3,False,True,NORMAL,-35.13313640305679,-38.877014749201706,-5.134121129480342,32.18473409795791,28.152727998797562,0.0,94.99832683607825,95.13696075357106,-12.7253357988571,-13.451299170229989,-1.9913116942071794,0.38845462790316565,0.37722832518325194,0.0,19.057798195184805,18.516792934001938,0.5414777994155884,17.97531513458635,26.8651754599293,44.16,17.294824540070692,0.0,False,0.0,0.0,False,False,False,184.52824919079038,14.21483750892091
1140.4230000000098,17.4,False,True,NORMAL,-36.41993204661816,-40.23553670292786,-5.3365302726599895,32.18473409795791,28.152727998797562,0.0,96.86875123445128,97.01563544642184,-13.010577072370328,-13.719139904293055,-2.056871169385762,0.441842920930416,0.42907370149341073,0.0,19.522795699159452,18.90740372102036,0.6158972382545471,18.29150648276581,26.631183741501932,44.16,17.52881625849806,0.0,False,0.0,0.0,False,False,False,194.70245778336297,14.713032123049954
1140.524000000005,17.5,False,True,NORMAL,-37.73672350409467,-41.62176927449167,-5.5461762034891375,32.18473409795791,28.152727998797562,0.0,98.78001165689284,98.93558901333753,-13.325252077159929,-14.005511526983055,-2.1360474471971975,0.3842458694961858,0.37314119950390046,0.0,19.866957194756296,19.331753568993946,0.535611093044281,18.796142475949665,26.7864861570395,44.16,17.373513842960495,0.0,False,0.0,0.0,False,False,False,205.33640610742273,15.227544409935758
1140.6240000000107,17.6,False,True,NORMAL,-39.085339994709955,-43.03670899523386,-5.767399615871359,32.18473409795791,28.152727998797562,0.0,100.73410247131574,100.89906986206906,-13.647077735145736,-14.293282887860682,-2.288420800447246,0.3438882990609463,0.33394995911135306,0.0,20.241123272433835,19.762101771358264,0.4793555438518524,19.28274622750641,26.97187429747622,44.16,17.188125702523777,0.0,False,0.0,0.0,False,False,False,216.4415029517231,15.724587385886615
1140.7230000000127,17.7,False,True,NORMAL,-40.464607557232014,-44.47999932084885,-5.998257737163271,32.18473409795791,28.152727998797562,0.0,102.72993682867045,102.90490278263742,-13.938273515295405,-14.572523624439173,-2.328741625390967,0.31626452437469627,0.3071245089516211,0.0,20.605722100861257,20.16516584042946,0.44084998965263367,19.724315850776826,26.82496390221162,44.16,17.33503609778837,0.0,False,0.0,0.0,False,False,False,228.0360216111431,16.276205133414347
1140.823000000004,17.8,False,True,NORMAL,-41.872961486707375,-45.94947101106455,-6.237409954722039,32.18473409795791,28.152727998797562,0.0,104.76487089386481,104.95038568938863,-14.228805074211902,-14.816910179874991,-2.4543027257844026,0.2599129921057206,0.2524015307390028,0.0,20.90471493794849,20.542631796301112,0.36230000853538513,20.180331787765727,26.32999333941878,44.16,17.830006660581212,0.0,False,0.0,0.0,False,False,False,240.13605850571636,16.792573707620278
1140.9230000000098,17.9,False,True,NORMAL,-43.31165795667058,-47.44839096551096,-6.488597328338893,32.18473409795791,28.152727998797562,0.0,106.84210032530108,107.0389475714846,-14.545124325052186,-15.16148890905315,-2.5694447465526817,0.24316176847381507,0.2361344159164989,0.0,21.349009570507572,21.01026862204685,0.3389500081539154,20.671318613892936,26.315502827113026,44.16,17.844497172886967,0.0,False,0.0,0.0,False,False,False,252.75569882057815,17.35637472107556
1141.024000000005,18.0,False,True,NORMAL,-44.781819836500844,-48.97972857501592,-6.751775235709696,32.18473409795791,28.152727998797562,0.0,108.96451845283019,109.17349838898959,-14.858113271553174,-15.465263281046116,-2.6941134008633787,0.18633194196483133,0.18094696612305028,0.0,21.70574179522935,21.44616278830266,0.25973331928253174,21.18642946902013,26.40878565229001,44.16,17.751214347709983,0.0,False,0.0,0.0,False,False,False,265.91540399980653,17.917954621336193
1141.1240000000107,18.1,False,True,NORMAL,-46.28813763274465,-50.540838927002966,-7.028287105154609,32.18473409795791,28.152727998797562,0.0,111.13356411619644,111.35558312361903,-15.268242653322936,-15.756943758694824,-2.836123988034892,0.22544604572451454,0.21893067591164203,0.0,22.254953458798855,21.940841149222642,0.31425556540489197,21.62658558381775,26.672360344533168,44.16,17.48763965546683,0.0,False,0.0,0.0,False,False,False,279.63203587414057,18.503928574508198
1141.2230000000127,18.2,False,True,NORMAL,-47.83428626002173,-52.131978696655366,-7.3182931564560985,32.18473409795791,28.152727998797562,0.0,113.35200813494951,113.58800624603592,-15.65472989221857,-16.065851634353198,-2.9639970379948863,0.1811407892958993,0.1759058372848068,0.0,22.684124096141744,22.43172210810777,0.25249722599983215,22.17922488210794,26.706861902073523,44.16,17.453138097926473,0.0,False,0.0,0.0,False,False,False,293.9267465151481,19.11059815577354
1141.3240000000078,18.3,False,True,NORMAL,-49.41486864816104,-53.75456489371535,-7.618566213886922,32.18473409795791,28.152727998797562,0.0,115.61703938998058,115.86777959579487,-15.956917870567663,-16.38587230684641,-3.041464110621572,0.19072401335799108,0.18521210706028204,0.0,23.13757068199536,22.87181757500522,0.2658555507659912,22.60596202423923,26.328733685428517,44.16,17.831266314571476,0.0,False,0.0,0.0,False,False,False,308.8217081032084,19.739618996091565
1141.4230000000098,18.4,False,True,NORMAL,-51.0267279918543,-55.40873914142209,-7.928249353631093,32.18473409795791,28.152727998797562,0.0,117.9265288802747,118.19273815071557,-16.280269003297594,-16.697612647288345,-3.152198684261864,0.13654857984139038,0.13260233854791326,0.0,23.51101945955404,23.32075099431011,0.1903388947248459,23.130412099585264,25.711902148320664,44.16,18.448097851679332,0.0,False,0.0,0.0,False,False,False,324.33569374367784,20.368166670451853
1141.523000000001,18.5,False,True,NORMAL,-52.671931244350326,-57.0960213604423,-8.248725497206685,32.18473409795791,28.152727998797562,0.0,120.2830117694556,120.56551908675739,-16.623796046622886,-17.04803173311586,-3.257324187249944,0.18146561717075704,0.1762212776642067,0.0,24.064324452764897,23.811467425865214,0.2529500126838684,23.558517413181345,25.761376177559825,44.16,18.39862382244017,0.0,False,0.0,0.0,False,False,False,340.48908691485957,21.030833760787253
1141.6230000000069,18.6,False,True,NORMAL,-54.35064262709057,-58.82161014960757,-8.579294554560471,32.18473409795791,28.152727998797562,0.0,122.69028861853404,122.98988257719857,-16.950431608182015,-17.46374405018949,-3.354056959825767,0.1333302546143476,0.12947702262145455,0.0,24.522975902233696,24.33720378256682,0.1858527809381485,24.151351001628672,25.951700922099956,44.16,18.208299077900037,0.0,False,0.0,0.0,False,False,False,357.3093036483052,21.729097251108527
1141.7230000000127,18.7,False,True,NORMAL,-56.0654886439739,-60.585850348649245,-8.924675633324886,32.18473409795791,28.152727998797562,0.0,125.15045785424252,125.46827063559374,-17.34648872948459,-17.821059930644,-3.5535646154625327,0.17515251163043874,0.17009062028850658,0.0,25.113530415468514,24.86947623681973,0.24414999783039093,24.625326238989338,25.44769602498591,44.16,18.712303975014084,0.0,False,0.0,0.0,False,False,False,374.81072725078116,22.38834142900209
1141.823000000004,18.8,False,True,NORMAL,-57.815956597229075,-62.38701767569023,-9.287085218713878,32.18473409795791,28.152727998797562,0.0,127.66193587914782,127.9992961866248,-17.662870335618802,-18.202286610175708,-3.6946270923172766,0.16119914146878736,0.15654050123044805,0.0,25.587965640717655,25.363363860731575,0.22470000386238098,25.138663856869194,25.48332505888811,44.16,18.676674941111887,0.0,False,0.0,0.0,False,False,False,393.0077347757716,23.079535265998555
1141.923999999999,18.9,False,True,NORMAL,-59.60123096005047,-64.22869287935713,-9.663603732551577,32.18473409795791,28.152727998797562,0.0,130.22668814454542,130.58474467638428,-18.042616920809163,-18.631217463162187,-3.8357431844366925,0.16888325667732065,0.16400254622210345,0.0,26.17095783336464,25.935656720251153,0.23541110754013062,25.700245612711022,25.212166651475876,44.16,18.947833348524117,0.0,False,0.0,0.0,False,False,False,411.93171437428407,23.82198903082678
1142.024000000005,19.0,False,True,NORMAL,-61.42204023498414,-66.10923760743731,-10.051215952715564,32.18473409795791,28.152727998797562,0.0,132.8440678426001,133.2237715390818,-18.373568577864237,-18.979677098441407,-3.9165012188430532,0.15597807803852276,0.1514703260491005,0.0,26.63352963936374,26.416210270335547,0.217422217130661,26.198788053204886,25.01321656514289,44.16,19.146783434857102,0.0,False,0.0,0.0,False,False,False,431.6115746291464,24.574512000202088
1142.1230000000069,19.1,False,True,NORMAL,-63.27511536378433,-68.03199609721912,-10.453591884493186,32.18473409795791,28.152727998797562,0.0,135.51414689502104,135.91674507570022,-18.68793399813958,-19.47549269719483,-4.131017416709369,0.18121452926433113,0.17597744617498978,0.0,27.243807460503472,26.991363302310432,0.2526000142097473,26.738763288100685,24.824470723405856,44.16,19.33552927659414,0.0,False,0.0,0.0,False,False,False,452.0627300323514,25.310282096547482
1142.224000000002,19.2,False,True,NORMAL,-65.16219318522631,-69.9971890778071,-10.874436006516476,32.18473409795791,28.152727998797562,0.0,138.23831044114337,138.66536637560856,-19.053622430700095,-19.828366914564878,-4.285865023756431,0.13957359688502458,0.13553993287953592,0.0,27.69361569688485,27.499175664559274,0.19455555081367493,27.3046201137456,24.640624063433663,44.16,19.51937593656633,0.0,False,0.0,0.0,False,False,False,473.30164921108195,26.06220027889762
1142.323000000004,19.3,False,True,NORMAL,-67.08858133678596,-71.9977678191881,-11.309158144028466,32.18473409795791,28.152727998797562,0.0,141.0152933904494,141.46805302937184,-19.474140600492785,-20.18320791305509,-4.408577726483369,0.17281898050417346,0.16782452799537145,0.0,28.28723284794779,28.046462054764966,0.24089722335338593,27.80556483141158,25.425394943235627,44.16,18.734605056764366,0.0,False,0.0,0.0,False,False,False,495.3607541494165,26.869953026769494
1142.423999999999,19.4,False,True,NORMAL,-69.05905018995449,-74.03956385610064,-11.762135389153284,32.18473409795791,28.152727998797562,0.0,143.8525925087693,144.3326581214619,-19.935236462877644,-20.652712825195692,-4.650967176012981,0.14296130596243006,0.13882973747879102,0.0,28.90367221963602,28.704497903130946,0.19927777349948883,28.505220129631457,25.02254076318463,44.16,19.137459236815367,0.0,False,0.0,0.0,False,False,False,518.2671459797887,27.681094305962098
1142.524000000005,19.5,False,True,NORMAL,-71.07048852433924,-76.12545597503672,-12.23443500864557,32.18473409795791,28.152727998797562,0.0,146.75006184550986,147.25916627375608,-20.29353022481713,-21.065129553525555,-4.7950252138327265,0.17853623331900323,0.1733765527340884,0.0,29.4988075469496,29.25007781344149,0.24886666238307953,29.00121115105841,24.342103644638275,44.16,19.81789635536172,0.0,False,0.0,0.0,False,False,False,542.0439567504956,28.512537727464107
1142.6230000000069,19.6,False,True,NORMAL,-73.12287470368015,-78.2531504952369,-12.732474605913493,32.18473409795791,28.152727998797562,0.0,149.70605682338328,150.24652860947,-20.754193362001196,-21.488760850478158,-5.165766731525737,0.14258068671395016,0.1384601180912924,0.0,30.073440981477077,29.874795145680533,0.19874721765518188,29.67604792802535,23.22861902588054,44.16,20.931380974119453,0.0,False,0.0,0.0,False,False,False,566.6960545758072,29.256669968426834
1142.7230000000127,19.7,False,True,NORMAL,-75.22092400941628,-80.43130159303328,-13.26728825509025,32.18473409795791,28.152727998797562,0.0,152.7300457535378,153.30521130581766,-21.206792752721515,-22.074261105449697,-5.530506252009368,0.1892154975700402,0.1837471872386985,0.0,30.874068442690376,30.610473080441782,0.2637527883052826,30.3467202921365,22.57190282722819,44.16,21.588097172771803,0.0,False,0.0,0.0,False,False,False,592.2364157992641,30.08882196253135
1142.8240000000078,19.8,False,True,NORMAL,-77.3667063579778,-82.65596431680339,-13.833451502851254,32.18473409795791,28.152727998797562,0.0,155.82068026633675,156.43352830881776,-21.70885421850883,-22.418993369952343,-5.792758703210692,0.21640683833297863,0.21015270077539738,0.0,31.508654752321572,31.20714045218555,0.3016555607318878,30.90548489145366,22.055430715499806,44.16,22.10456928450019,0.0,False,0.0,0.0,False,False,False,618.7026735761134,30.92062213109998
1142.923999999999,19.9,False,True,NORMAL,-79.56322101718429,-84.9237596186151,-14.425211624258496,32.18473409795791,28.152727998797562,0.0,158.97766360186174,159.6307747732603,-22.22143896562091,-22.93691266628169,-6.042443724934153,0.2318308708137179,0.2251309801479159,0.0,32.25879092940179,31.935784198347918,0.32315555214881897,31.6126286461991,22.806416492862148,44.16,21.353583507137845,0.0,False,0.0,0.0,False,False,False,646.1373412331702,31.862622728328898
1143.0250000000087,20.0,False,True,NORMAL,-81.80982852168847,-87.24086152582423,-15.047438816049267,32.18473409795791,28.152727998797562,0.0,162.20493460502792,162.9014003167073,-22.710711124462954,-23.405125477900842,-6.40210011088127,0.21990214276878745,0.21354699123717666,0.0,32.918911191225064,32.61251751115036,0.3065277636051178,32.30598974754524,22.878643605634757,44.16,21.281356394365236,0.0,False,0.0,0.0,False,False,False,674.5629380153365,32.71817667559918
1143.1240000000107,20.1,False,True,NORMAL,-84.10898919472474,-89.60776719867754,-15.706420472967917,32.18473409795791,28.152727998797562,0.0,165.50457488066482,166.2481757809789,-23.27250233626253,-23.93298797916539,-6.7775330274917085,0.25982531231142114,0.2523163848826269,0.0,33.74462018961657,33.38258945321977,0.3621777892112732,33.0204116640085,22.894329485960014,44.16,21.265670514039982,0.0,False,0.0,0.0,False,False,False,703.9930920376247,33.64342953126866
1143.224000000002,20.2,False,True,NORMAL,-86.4645640480642,-92.02796171673965,-16.405378943545468,32.18473409795791,28.152727998797562,0.0,168.8817756036627,169.67672377001864,-23.83899473052663,-24.47090238207684,-7.201636384059356,0.33661867987096544,0.3268904312417556,0.0,34.63222216637667,34.16317803066937,0.46922221779823303,33.69395581287114,21.031869907736585,44.16,23.128130092263408,0.0,False,0.0,0.0,False,False,False,734.4580577524813,34.56451670329881
1143.3240000000078,20.3,False,True,NORMAL,-88.87695648192296,-94.50316049332956,-17.14213438015393,32.18473409795791,28.152727998797562,0.0,172.33803964259295,173.1884888754423,-24.408853946648517,-25.03307314972138,-7.533472348109913,0.2485860925245149,0.24140197750520212,0.0,35.309891563727696,34.963508152188055,0.3465111255645752,34.61699702662348,19.822951348056637,44.16,24.337048651943356,0.0,False,0.0,0.0,False,False,False,765.9983080774749,35.58736534586055
1143.423999999999,20.4,False,True,NORMAL,-91.34804993297234,-97.03037318329997,-17.915059665930468,32.18473409795791,28.152727998797562,0.0,175.87256054313795,176.78265445125996,-25.01301507433929,-25.511180649686892,-7.925033367420857,0.3622217998293355,0.3517536234078416,0.0,36.2324994395168,35.72773798115525,0.5049111247062683,35.22282685644898,19.56657806479181,44.16,24.593421935208188,0.0,False,0.0,0.0,False,False,False,798.6478134482912,36.56378752435517
1143.523000000001,20.5,False,True,NORMAL,-93.87899447634017,-99.61067895400805,-18.728331800511597,32.18473409795791,28.152727998797562,0.0,179.4869126656384,180.46135938275697,-25.605875793017038,-26.09493476447473,-8.34040932420173,0.35798317342122504,0.34763749290982215,0.0,37.0584889062695,36.559629312803594,0.4990027844905853,36.06062652831301,19.354851154047743,44.16,24.805148845952253,0.0,False,0.0,0.0,False,False,False,832.4281909845995,37.59846528643804
1143.6240000000107,20.6,False,True,NORMAL,-96.18432542284646,-100.7262518297492,-19.160089632603835,46.88211769386151,37.05486144308423,0.0,198.62437494116276,199.54636392452008,-25.41109003428344,-27.04967718011184,-8.69032766962323,0.5191741010087387,0.1625002990877716,0.0,37.58831203027715,37.11345486853416,0.544011116027832,36.56944375250633,33.66954209396856,17.379999999999995,16.289542093968564,0.0,False,0.0,0.0,False,False,False,866.7771386502444,38.41029951042269
1143.724000000002,20.7,False,True,NORMAL,-98.75316555409887,-103.45938034027184,-20.049193375541208,46.88211769386151,37.05486144308423,0.0,202.37066949206127,203.36139757996096,-25.9657125907648,-27.612893030340565,-9.091747189124204,0.6359965104482852,0.1990654444546066,0.0,38.48578908258598,37.903694963040635,0.6664222478866577,37.23727271515398,33.30074407949138,17.379999999999995,15.920744079491381,0.0,False,0.0,0.0,False,False,False,902.9130145821545,39.440285546297744
1143.8240000000078,20.8,False,True,NORMAL,-101.3805497806191,-106.24842363647939,-20.984529227152095,46.88211769386151,37.05486144308423,0.0,206.19808457219744,207.26311912187438,-26.581971939639875,-28.16797289381049,-9.614969843093531,0.5612924852810494,0.1756832564580372,0.0,39.244358162745286,38.73029730258011,0.5881444215774536,38.14215288100266,31.536293447859766,17.379999999999995,14.156293447859769,0.0,False,0.0,0.0,False,False,False,940.2576555630326,40.42649750413193
1143.923999999999,20.9,False,True,NORMAL,-104.06769840362429,-109.09961585640045,-21.972001702110635,46.88211769386151,37.05486144308423,0.0,210.11182311938177,211.2575373172468,-27.16100052046393,-28.855871504610757,-10.134479656077266,0.7317702511758983,0.22904240494387776,0.0,40.2981249991293,39.628036408119556,0.766777753829956,38.8612586542896,29.299446784049653,17.379999999999995,11.919446784049658,0.0,False,0.0,0.0,False,False,False,978.8374247664875,41.490862284550936
1144.024000000005,21.0,False,True,NORMAL,-106.81357959885067,-112.01418544484379,-23.014856864681185,46.88211769386151,37.05486144308423,0.0,214.11199897803087,215.3453778070708,-27.756623384063815,-29.435520264256155,-10.722623595333694,0.7246233102780714,0.22680542888670738,0.0,41.122195695147944,40.4583736068591,0.7592889070510864,39.69908469980801,25.980495948250727,17.379999999999995,8.60049594825073,0.0,False,0.0,0.0,False,False,False,1018.6730964035881,42.47135519868669
1144.1240000000107,21.1,False,True,NORMAL,-109.61860076056236,-114.98421387968699,-24.11880194662085,46.88211769386151,37.05486144308423,0.0,218.19338968390895,219.52237222910668,-28.343799850170118,-29.96504843260784,-11.3562780434596,0.7320671823890808,0.22913534373041755,0.0,41.91771436534143,41.24651642884569,0.7670888900756836,40.479427538770004,24.14326216456337,17.379999999999995,6.7632621645633755,0.0,False,0.0,0.0,False,False,False,1059.757416772359,43.40006841253359
1144.224000000002,21.2,False,True,NORMAL,-112.48195410791531,-118.01588209069548,-25.291514167613958,46.88211769386151,37.05486144308423,0.0,222.359715059543,223.79343951566537,-28.923267096888956,-30.66831578756224,-12.097966376402589,0.8837125695965196,0.2766000010170778,0.0,42.96561241272541,42.15567545187265,0.9259889125823975,41.229686539290256,24.136954374345347,17.379999999999995,6.7569543743453515,0.0,False,0.0,0.0,False,False,False,1102.1017769731184,44.356747938229695
1144.3240000000078,21.3,False,True,NORMAL,-115.40630651611706,-121.11471814707544,-26.536283872105074,46.88211769386151,37.05486144308423,0.0,226.61674373330362,228.16512201041323,-29.56378106714563,-31.308405340036956,-12.797427713419683,1.0042674385157926,0.3143333976133369,0.0,43.98185074225683,43.06081044200368,1.0523110628128052,42.00849937919087,23.714243514883403,17.379999999999995,6.334243514883408,0.0,False,0.0,0.0,False,False,False,1145.7421333260588,45.368126498161146
1144.4230000000098,21.4,False,True,NORMAL,-118.39304054140271,-124.28836401913668,-27.84785412201119,46.88211769386151,37.05486144308423,0.0,230.9708083984742,232.64354130610525,-30.17089943856731,-32.16451210118802,-13.4339772847026,1.0566000289880795,0.3307133780231095,0.0,45.0676868936153,44.10032892892764,1.107147216796875,42.99318171213076,24.013181386670833,17.379999999999995,6.633181386670836,0.0,False,0.0,0.0,False,False,False,1190.755072157546,46.570858216639046
1144.524000000005,21.5,False,True,NORMAL,-121.4413695363898,-127.53936249321501,-29.226893220414297,46.88211769386151,37.05486144308423,0.0,235.42314012548812,237.23040739724473,-30.795680461174303,-32.855457380378496,-14.146804683359553,1.194521392042328,0.3738824473263783,0.0,46.12550314082913,45.03171121266235,1.2516666650772095,43.78004454758514,22.969765548524073,17.379999999999995,5.589765548524076,0.0,False,0.0,0.0,False,False,False,1237.177417050192,47.6408585586725
1144.6260000000038,21.6,False,True,NORMAL,-124.55118006272512,-130.86377266438492,-30.67066836646216,46.88211769386151,37.05486144308423,0.0,239.97092169722688,241.92299013996603,-31.400530065532028,-33.632746043019516,-14.72869823759768,1.3167411235568924,0.4121369420844086,0.0,47.21730500070717,46.0125514918552,1.3797333240509033,44.632818167804295,21.448458373630462,17.379999999999995,4.068458373630466,0.0,False,0.0,0.0,False,False,False,1285.0466302959887,48.88979864208084
1144.7230000000127,21.7,False,True,NORMAL,-127.72398593963378,-134.25553261303543,-32.17704583307107,46.88211769386151,37.05486144308423,0.0,244.61100248707925,246.71827013068457,-32.055587472640994,-34.20245292999048,-15.398851094580584,1.4530322091073469,0.4547957382799706,0.0,48.20739028645282,46.87609705003556,1.522544503211975,45.353552546823586,19.15061182976601,17.379999999999995,1.7706118297660116,0.0,False,0.0,0.0,False,False,False,1334.3964417373775,49.98040816792825
1144.8240000000078,21.8,False,True,NORMAL,-130.95986735508617,-137.71213318981916,-33.74938316117408,46.88211769386151,37.05486144308423,0.0,249.34168135144878,251.61537099892595,-32.66204083640659,-34.92955860568412,-16.047895467479506,1.5352860232283019,0.4805409928483224,0.0,49.22735335078145,47.82136526686595,1.6087332963943481,46.212631970471605,18.829553924285797,17.379999999999995,1.449553924285799,0.0,False,0.0,0.0,False,False,False,1385.2415066701753,51.187333271755456
1144.9230000000098,21.9,False,True,NORMAL,-134.25562627525005,-141.24328223934606,-35.38968153154173,46.88211769386151,37.05486144308423,0.0,254.1674848024821,256.6194456578143,-33.25313756687131,-35.69342238485433,-16.758071939873556,1.6449959630947701,0.5148799516033209,0.0,50.288377205510095,48.78310731785018,1.723691701889038,47.05941561596114,16.552728648745298,17.379999999999995,0.8272713512546994,0.0,False,0.0,0.0,False,False,False,1437.6282364381098,52.384131472308624
1145.023000000001,22.0,False,True,NORMAL,-137.60887644004296,-144.8527984296219,-37.102938241998785,46.88211769386151,37.05486144308423,0.0,259.08941243686616,261.7325957214158,-33.81186572898698,-36.496901420662745,-17.507062269267543,1.81258940061881,0.5673363119454287,0.0,51.40874946913796,49.75204596179557,1.8993027210235596,47.85274324077201,14.119306389315412,17.379999999999995,3.260693610684586,0.0,False,0.0,0.0,False,False,False,1491.5758674482959,53.57829834284724
1145.1240000000107,22.1,False,True,NORMAL,-141.0201944864788,-148.54377600784576,-38.89116611528366,46.88211769386151,37.05486144308423,0.0,264.1100777069285,266.9581539271022,-34.41449519973031,-37.322650143814265,-18.257495196429986,1.9479233665154316,0.6096955318915044,0.0,52.5460591524054,50.76748657959954,2.0411109924316406,48.7263755871679,11.702384828044861,17.379999999999995,5.677615171955135,0.0,False,0.0,0.0,False,False,False,1547.123506796662,54.844346863978295
1145.2230000000127,22.2,False,True,NORMAL,-144.49724087314831,-152.3086203281815,-40.76366897337657,46.88211769386151,37.05486144308423,0.0,269.2296178247419,272.29811571552904,-35.12643253366044,-37.97423626290045,-19.192561965428126,1.9940182399426705,0.6241231212180629,0.0,53.5514818915505,51.72918791448772,2.0894110202789307,49.63977689420879,5.356168658524742,17.379999999999995,12.023831341475255,0.0,False,0.0,0.0,False,False,False,1604.2639601430465,55.92062200463707
1145.323000000004,22.3,False,True,NORMAL,-148.04246751751438,-156.13754456876487,-42.72698430250066,46.88211769386151,37.05486144308423,0.0,274.44288961544277,277.74897812244103,-35.778100353661046,-38.60424854876696,-20.07374461705379,2.150286880269383,0.6730348460937665,0.0,54.600984872501876,52.634213881577224,2.253155469894409,50.381058411682815,0.4983678230245408,17.379999999999995,16.881632176975458,0.0,False,0.0,0.0,False,False,False,1662.977577633535,57.003824572222
1145.423999999999,22.4,False,True,NORMAL,-151.65722044811335,-160.0303174528493,-44.77603700067195,46.88211769386151,37.05486144308423,0.0,279.75066850732554,283.3113658499798,-36.51695825831834,-39.25120913292122,-20.90730934637192,2.2264225461978016,0.6968651343546334,0.0,55.64978161527264,53.61105910944198,2.3329334259033203,51.27812568353866,357.3357748838335,17.379999999999995,20.044225116166498,0.0,False,0.0,0.0,False,False,False,1723.328123338261,58.23242567391672
1145.524000000005,22.5,False,True,NORMAL,-155.3423989182792,-163.98958286110215,-46.9099367609737,46.88211769386151,37.05486144308423,0.0,285.15543779593804,288.9881760064097,-37.186611144998814,-39.93409903213586,-21.770685859663146,2.4562498080694053,0.7688005385284841,0.0,56.8179765391543,54.56717249370527,2.5737555027008057,51.993416991004466,355.09137141914573,17.379999999999995,22.288628580854255,0.0,False,0.0,0.0,False,False,False,1785.3690508699049,59.4343938659418
1145.6240000000107,22.6,False,True,NORMAL,-159.0915466055753,-168.01357079261368,-49.1326005383998,46.88211769386151,37.05486144308423,0.0,290.6513586490593,294.7748712495861,-37.796342600923154,-40.545659598095035,-22.682589688858844,2.5197243725744274,0.7886679311747875,0.0,57.74003713636228,55.430262729405804,2.6402666568756104,52.789996072530194,348.7069304024693,17.379999999999995,28.67306959753067,0.0,False,0.0,0.0,False,False,False,1849.0898199845535,60.50880685933159
1145.7230000000127,22.7,False,True,NORMAL,-162.895489893192,-172.10699792962546,-51.45425416807809,46.88211769386151,37.05486144308423,0.0,296.23525796433654,300.6706974967634,-38.28252315141094,-41.32288314214049,-23.750482904707017,2.6475827254372515,0.8286873014413505,0.0,58.753965465747456,56.330562308726456,2.7742416858673096,53.55632062285915,339.7344194104112,17.379999999999995,37.64558058958879,0.0,False,0.0,0.0,False,False,False,1914.4567947075304,61.505320651535214
1145.823000000004,22.8,False,True,NORMAL,-166.75107898196606,-176.27251953400506,-53.8757214695679,46.88211769386151,37.05486144308423,0.0,301.90679720151553,306.6762259457741,-38.8292586240698,-41.987548945451316,-24.67886312508919,2.7599169228878107,0.863847646782216,0.0,59.71517154442865,57.189733272166684,2.8919498920440674,54.29778338012262,329.8338546958088,17.379999999999995,47.54614530419122,0.0,False,0.0,0.0,False,False,False,1981.4977719257472,62.6019427688528
1145.9230000000098,22.9,False,True,NORMAL,-170.66629210776017,-180.51027280671323,-56.38851961133224,46.88211769386151,37.05486144308423,0.0,307.67173781214734,312.796360900034,-39.4750038918126,-42.76751650871272,-25.57709971019765,2.9257874767749024,0.9157647485100102,0.0,60.87738636045498,58.20082817779859,3.065755605697632,55.13507257210096,323.2676520618349,17.379999999999995,54.11234793816509,0.0,False,0.0,0.0,False,False,False,2050.323097099337,63.929935909496486
1146.023000000001,23.0,False,True,NORMAL,-174.65127724044734,-184.81797206933268,-58.99895899323868,46.88211769386151,37.05486144308423,0.0,313.53564282541964,319.03836208869143,-40.22469876193078,-43.38646874367646,-26.63168792793114,3.0156841410497237,0.943902197591673,0.0,61.926670356049335,59.16428027563667,3.1599528789520264,56.004327396684644,315.63779645707865,17.379999999999995,61.74220354292136,0.0,False,0.0,0.0,False,False,False,2120.964461487961,65.08656475855355
1146.1240000000107,23.1,False,True,NORMAL,-178.70923432419553,-189.18614111948878,-61.70818165876466,46.88211769386151,37.05486144308423,0.0,319.4940521290703,325.3987538843445,-40.93444291303308,-43.976912259445534,-27.552765382588383,3.064835471938019,0.959286451071173,0.0,62.890368522924305,60.07992533679894,3.2114555835723877,56.86846975322655,304.36647415268754,17.379999999999995,73.01352584731244,0.0,False,0.0,0.0,False,False,False,2193.4300217872265,66.32846846163318
1146.2230000000127,23.2,False,True,NORMAL,-182.83426831713928,-193.62176424441526,-64.51906122349668,46.88211769386151,37.05486144308423,0.0,325.54772866743497,331.8795457717863,-41.56623694584173,-44.73555023908386,-28.664825912052024,3.2796557620353375,1.0265247076080657,0.0,64.07278358392954,61.065714677152954,3.4365527629852295,57.629161914167724,295.4663375160778,17.379999999999995,81.91366248392222,0.0,False,0.0,0.0,False,False,False,2267.7455449981408,67.5047597725451
1146.3240000000078,23.3,False,True,NORMAL,-187.02270036626032,-198.1290492609374,-67.43727884347454,46.88211769386151,37.05486144308423,0.0,331.6970542012333,338.4829720142336,-42.202404036579395,-45.41015009135902,-29.699526487505533,3.3365798647041096,1.044341820771079,0.0,65.05243172684261,61.9929402253712,3.4962000846862793,58.49674014068492,287.88277088994124,17.379999999999995,89.49722911005874,0.0,False,0.0,0.0,False,False,False,2343.9167179967258,68.69813790023801
1146.423999999999,23.4,False,True,NORMAL,-191.28050351769363,-202.70481379977895,-70.45321568677984,46.88211769386151,37.05486144308423,0.0,337.94398354597456,345.20977914237864,-42.953658992086645,-46.105140685472165,-30.619210378600464,3.448937953171821,1.0795096439453442,0.0,66.17848766762134,63.01349711320303,3.6139333248138428,59.39956378838919,283.5677392719487,17.379999999999995,93.81226072805127,0.0,False,0.0,0.0,False,False,False,2422.0504831576764,70.14741977610232
1146.523000000001,23.5,False,True,NORMAL,-195.6093018896897,-207.3535608602798,-73.57220762841573,46.88211769386151,37.05486144308423,0.0,344.2928484073775,352.0659529119283,-43.62230844783513,-46.86980052454464,-31.76062845411734,3.5182287289192704,1.101197497328452,0.0,67.25657511743752,64.02877474642688,3.6865389347076416,60.342235811719235,280.2019441811129,17.379999999999995,97.1780558188871,0.0,False,0.0,0.0,False,False,False,2502.1819407385265,71.40870134609925
1146.6230000000069,23.6,False,True,NORMAL,-200.00092903590001,-212.07578021847888,-76.80981001736156,46.88211769386151,37.05486144308423,0.0,350.7382433913813,359.050222520715,-44.210234476370886,-47.57458663943699,-32.99141932479936,3.594862465671947,1.1251836806113384,0.0,68.24217847389964,64.94525484105047,3.766838788986206,61.178416052064264,277.15314409003463,17.379999999999995,100.22685590996534,0.0,False,0.0,0.0,False,False,False,2584.2221614124437,72.47617765244257
1146.7230000000127,23.7,False,True,NORMAL,-204.4526969704833,-216.8698201974501,-80.16972357283161,46.88211769386151,37.05486144308423,0.0,357.2771095502863,366.1613272675741,-44.825124215294956,-48.30621293998716,-34.20685178460161,3.6933084735514528,1.155997054570737,0.0,69.28599085044439,65.89978732530177,3.8699944019317627,62.02979292337001,274.27177376908026,17.379999999999995,103.10822623091978,0.0,False,0.0,0.0,False,False,False,2668.165066020511,73.63478112446998
1146.823000000004,23.8,False,True,NORMAL,-208.96861138367927,-221.7294831934377,-83.65390168756221,46.88211769386151,37.05486144308423,0.0,363.907862787359,373.3991267611852,-45.49316404862478,-48.88704697976433,-35.47671051001031,3.688730272064524,1.1545640880389618,0.0,70.16424707237115,66.78002199428187,3.86519718170166,62.91482481258021,271.9903462089013,17.379999999999995,105.38965379109865,0.0,False,0.0,0.0,False,False,False,2754.02325914207,74.66492541663833
1146.923999999999,23.9,False,True,NORMAL,-213.55532659315125,-226.65392608471421,-87.2596190245212,46.88211769386151,37.05486144308423,0.0,370.6345734090823,380.76794523493834,-46.241140140814686,-49.60181084576601,-36.63763622916958,3.8751589324446822,1.2129158297985116,0.0,71.37072144733236,67.8128504097978,4.060544490814209,63.752305918983595,267.9329842451401,17.379999999999995,109.44701575485988,0.0,False,0.0,0.0,False,False,False,2841.878770169946,76.04394575408482
1147.024000000005,24.0,False,True,NORMAL,-218.21587855082123,-231.6483691993298,-90.98094517214372,46.88211769386151,37.05486144308423,0.0,377.4630760360756,388.2729789143623,-46.96989901258507,-50.28705144654601,-37.78888672328071,3.766999747124915,1.179062253648618,0.0,72.27028265583594,68.811038042163,3.9472110271453857,64.86382701501762,265.0510517890831,17.379999999999995,112.32894821091692,0.0,False,0.0,0.0,False,False,False,2931.8498452530616,77.40448676270235
1147.1240000000107,24.1,False,True,NORMAL,-222.94514731603573,-236.7143472696898,-94.82465779961645,46.88211769386151,37.05486144308423,0.0,384.3908591290117,395.9141931135509,-47.61547629170492,-51.03250996065389,-39.08536582617403,3.998152619148243,1.2514125707499635,0.0,73.46819206035424,69.7964945779525,4.189422130584717,65.60707244736778,261.6079994063711,17.379999999999995,115.7720005936289,0.0,False,0.0,0.0,False,False,False,3023.9169049234365,78.64356492023543
1147.224000000002,24.2,False,True,NORMAL,-227.74320562206424,-241.85073249382538,-98.79553137785553,46.88211769386151,37.05486144308423,0.0,391.4171668893395,403.69289757922405,-48.345689828865595,-51.69519452205798,-40.3321057386075,4.087659746076728,1.2794280955384798,0.0,74.53567460702872,70.77922620163555,4.2832112312316895,66.49601497040386,261.10719577151065,17.379999999999995,116.27280422848933,0.0,False,0.0,0.0,False,False,False,3118.0845873710828,79.9519992352259
1147.3240000000078,24.3,False,True,NORMAL,-232.61138563636246,-247.05388795419813,-102.8904528967795,46.88211769386151,37.05486144308423,0.0,398.5403365882677,411.6076349938058,-49.01791045709874,-52.36791468539704,-41.56632463987169,4.06311161218568,1.2717445861115046,0.0,75.46395133229768,71.72972908130333,4.25748872756958,67.47224035373375,259.60188525515025,17.379999999999995,117.77811474484974,0.0,False,0.0,0.0,False,False,False,3214.4006127267658,81.24192725496303
1147.4230000000098,24.4,False,True,NORMAL,-237.54438310320236,-252.32602320011125,-107.11024830776459,46.88211769386151,37.05486144308423,0.0,405.7582171103138,419.6574031815614,-49.64203887969953,-53.07479023286544,-42.82958357983034,4.1776410528123185,1.3075920375156158,0.0,76.51144652560083,72.67231510276983,4.37749719619751,68.29481790657232,257.6688752351479,17.379999999999995,119.71112476485209,0.0,False,0.0,0.0,False,False,False,3312.8833697848677,82.52008461066134
1147.523000000001,24.5,False,True,NORMAL,-242.53989952116336,-257.66776506557164,-111.45502260964827,46.88211769386151,37.05486144308423,0.0,413.06964379505644,427.84197163192397,-50.26828947952041,-53.76004707634249,-44.065902457843265,4.284347436755711,1.3409908901773437,0.0,77.53782676543696,73.60056785682718,4.4893083572387695,69.11125949958841,256.08373258578854,17.379999999999995,121.29626741421148,0.0,False,0.0,0.0,False,False,False,3413.5635256609503,83.8212258543175
1147.6230000000069,24.6,False,True,NORMAL,-247.5940661888737,-263.076248774607,-115.93739649112298,46.88211769386151,37.05486144308423,0.0,420.46986359862035,436.16096352124663,-50.815043874686154,-54.40962710436399,-45.58157517165097,4.493584964978209,1.4064817550923667,0.0,78.57787495430526,74.44848021029186,4.708555698394775,69.73992451189709,255.23996472116778,17.379999999999995,122.1400352788322,0.0,False,0.0,0.0,False,False,False,3516.349080799899,84.75416008565995
1147.7230000000127,24.7,False,True,NORMAL,-252.7088620259872,-268.55402003375235,-120.56308112941326,46.88211769386151,37.05486144308423,0.0,427.9620819266842,444.62006263599875,-51.480872867583905,-55.145798078543024,-46.932117594154654,4.519869179449012,1.4147086537463904,0.0,79.59380649040273,75.44096577409236,4.73609733581543,70.70486843827693,252.33728903987935,17.379999999999995,125.04271096012067,0.0,False,0.0,0.0,False,False,False,3621.261034236626,86.11121683220779
1147.823000000004,24.8,False,True,NORMAL,-257.8864465070245,-274.10902972950055,-125.3198105401847,46.88211769386151,37.05486144308423,0.0,435.55349257552024,453.2238958931464,-52.07081675316187,-55.9543958364211,-48.20247062127422,4.648612637613966,1.4550050599360491,0.0,80.70274457348931,76.43470658516497,4.870999813079834,71.56370677208514,250.84901699856027,17.379999999999995,126.53098300143974,0.0,False,0.0,0.0,False,False,False,3728.4920354075075,87.57382662821178
1147.9230000000098,24.9,False,True,NORMAL,-263.1169417809281,-279.7481237468672,-130.2253780108668,46.88211769386151,37.05486144308423,0.0,443.2420876908224,461.97640348679266,-52.539088724908765,-56.82748451091093,-49.90887879236715,4.693702950653312,1.4691182241725131,0.0,81.69508145188684,77.3932738671886,4.918247222900391,72.4750266442882,242.5204797355603,17.379999999999995,134.8595202644397,0.0,False,0.0,0.0,False,False,False,3837.933012347113,88.60209003384126
1148.023000000001,25.0,False,True,NORMAL,-268.40951381384633,-285.4746831324925,-135.28938647201488,46.88211769386151,37.05486144308423,0.0,451.0367169343547,470.88994267758085,-53.3123519334563,-57.70370320159599,-51.371290430594875,4.743702526417272,1.484767976346435,0.0,82.90826605248675,78.5615951458127,4.970638751983643,73.59095639382906,239.19168306176346,17.379999999999995,138.18831693823654,0.0,False,0.0,0.0,False,False,False,3949.629174888611,90.26531004074536
1148.1230000000069,25.1,False,True,NORMAL,-273.77540875026733,-291.282365190723,-140.49224180719216,46.88211769386151,37.05486144308423,0.0,458.9407191117904,479.96317949073745,-54.00554679496399,-58.44993796301433,-52.68581627295117,4.894775211813539,1.532053379283884,0.0,84.0659694400155,79.5801126695814,5.128938674926758,74.45117399465464,240.9168950258131,17.379999999999995,136.4631049741869,0.0,False,0.0,0.0,False,False,False,4063.807285113146,91.82303345260459
1148.224000000002,25.2,False,True,NORMAL,-279.20164448192946,-297.166972845955,-145.84176051517085,46.88211769386151,37.05486144308423,0.0,466.9420247420956,489.18776924654634,-54.51916783827901,-59.242215141626104,-54.304557886623044,4.875004371219025,1.5258651516670154,0.0,84.97309736018588,80.51074286494412,5.108222007751465,75.40252085719266,242.52683349262296,17.379999999999995,134.85316650737704,0.0,False,0.0,0.0,False,False,False,4180.348325904308,92.99581621004086
1148.323000000004,25.3,False,True,NORMAL,-284.67925609968995,-303.12629915466766,-151.34917944332756,46.88211769386151,37.05486144308423,0.0,475.03280583292417,498.56066906212044,-55.03306451693016,-59.94431103262742,-55.8438206765111,4.993467866003458,1.5629439529709523,0.0,85.94374326140789,81.37541775807344,5.2323527336120605,76.14306502446138,241.3735419398339,17.379999999999995,136.0064580601661,0.0,False,0.0,0.0,False,False,False,4299.134629651333,94.13908570398073
1148.4230000000098,25.4,False,True,NORMAL,-290.21233931383557,-309.1507239547774,-157.00588091099465,46.88211769386151,37.05486144308423,0.0,483.20904410616134,508.07659555093426,-55.62859976598298,-60.54418496956687,-57.290208676830716,5.080358357719992,1.5901404769585437,0.0,86.86916596330516,82.22006717069166,5.323400020599365,76.8966671500923,240.6086237605699,17.379999999999995,136.77137623943005,0.0,False,0.0,0.0,False,False,False,4420.22895238908,95.34855226824648
1148.523000000001,25.5,False,True,NORMAL,-295.8046907700071,-315.2370275864665,-162.81129284558807,46.88211769386151,37.05486144308423,0.0,491.4710813172648,517.7367485983715,-56.21842935744732,-61.18188766421497,-58.818030015037806,5.08208124135694,1.5906797355728572,0.0,87.73908945068337,83.08871871424492,5.325205326080322,77.7635133881646,239.8990189825978,17.379999999999995,137.48098101740217,0.0,False,0.0,0.0,False,False,False,4543.67810010144,96.5664028152003
1148.6230000000069,25.6,False,True,NORMAL,-301.45286250675764,-321.3871088724974,-168.7703082668427,46.88211769386151,37.05486144308423,0.0,499.8178713442348,527.5427200403462,-56.745005377563956,-61.819738056402635,-60.36227841005454,5.241687798080116,1.6406362206006975,0.0,88.71059257061012,83.91469268645389,5.492447376251221,78.42224531020267,239.65555515300565,17.379999999999995,137.72444484699432,0.0,False,0.0,0.0,False,False,False,4669.472808309693,97.71336215743878
1148.7230000000127,25.7,False,True,NORMAL,-307.1531584754563,-327.59847306951406,-174.88675512905243,46.88211769386151,37.05486144308423,0.0,508.24505028917105,537.4927053114407,-57.260913996409194,-62.40754588393083,-61.96665883413978,5.288826822723672,1.6553906268555556,0.0,89.53507642776513,84.69660002006634,5.541841506958008,79.15475851310833,239.73063201798328,17.379999999999995,137.64936798201668,0.0,False,0.0,0.0,False,False,False,4797.5763307873585,98.75741282377422
1148.823000000004,25.8,False,True,NORMAL,-312.90423044723093,-333.87233451388767,-181.16047985345602,46.88211769386151,37.05486144308423,0.0,516.7525529779269,547.5877285604012,-57.76052543908426,-63.069683003541485,-63.50783565393236,5.35191731068628,1.6751378044277754,0.0,90.41610614983989,85.52229658496262,5.607950210571289,79.91434637439133,241.18790797925564,17.379999999999995,136.19209202074435,0.0,False,0.0,0.0,False,False,False,4928.026213100329,99.96055069643089
1148.9230000000098,25.9,False,True,NORMAL,-318.7065657929432,-340.21016760622456,-187.59136404852282,46.88211769386151,37.05486144308423,0.0,525.3417817356534,557.8301780136821,-58.286181475161015,-63.6869788431967,-65.10984824740365,5.377689574789527,1.6832044637946615,0.0,91.24883200706945,86.33255599789217,5.634955406188965,80.6976005917032,242.15264240158092,17.379999999999995,135.22735759841908,0.0,False,0.0,0.0,False,False,False,5060.874847657075,101.11355002455468
1149.023000000001,26.0,False,True,NORMAL,-324.55985231263605,-346.6059639904625,-194.17977452953318,46.88211769386151,37.05486144308423,0.0,534.0082078532672,568.2169927862054,-58.77954891869606,-64.22894884156186,-66.65836137280351,5.410893082894718,1.693597085436175,0.0,92.0119280629243,87.0654537711563,5.669747352600098,81.3957064185562,242.67909884058744,17.379999999999995,134.70090115941255,0.0,False,0.0,0.0,False,False,False,5196.1055306202525,102.17323207946855
1149.1240000000107,26.1,False,True,NORMAL,-330.46887074859814,-353.05786738204915,-200.92489766685125,46.88211769386151,37.05486144308423,0.0,542.7538205023465,578.7508308178296,-59.400819800545726,-64.80911899017201,-68.2441013735585,5.484449201571145,1.7166199813422516,0.0,92.92885493313216,87.91290745538552,5.746822357177734,82.16608509820779,241.87733320476156,17.379999999999995,135.50266679523844,0.0,False,0.0,0.0,False,False,False,5333.781418037214,103.46324277121079
1149.2230000000127,26.2,False,True,NORMAL,-336.44126076239695,-359.5672226262046,-207.82859278173518,46.88211769386151,37.05486144308423,0.0,551.584889244245,589.4392369194829,-60.04698047543042,-65.37798589293696,-69.82980092412052,5.56201628072725,1.740898298649955,0.0,93.8588571764709,88.7689185674456,5.828100204467773,82.94081836297782,241.23728149870374,17.379999999999995,136.14271850129626,0.0,False,0.0,0.0,False,False,False,5473.997735543615,104.8026700159468
1149.3240000000078,26.3,False,True,NORMAL,-342.47096196016986,-366.1311580849662,-214.89389882056543,46.88211769386151,37.05486144308423,0.0,560.4951266326515,600.2784143455897,-60.54704348002746,-65.9007232822948,-71.47631985248455,5.480027315596444,1.715235941206149,0.0,94.50657130361081,89.49217733021098,5.742188930511475,83.7499883996995,240.62881059980327,17.379999999999995,136.75118940019672,0.0,False,0.0,0.0,False,False,False,5616.698264420786,105.84649081005435
1149.423999999999,26.4,False,True,NORMAL,-348.5520688921319,-372.75086666799353,-222.12285226656024,46.88211769386151,37.05486144308423,0.0,569.481282145056,611.267120179557,-61.07509515921366,-66.49344837825103,-73.10274906741179,5.612956935033527,1.756842606242366,0.0,95.42221183557342,90.28591211223454,5.8814778327941895,84.40443427944035,239.72562728333577,17.379999999999995,137.6543727166642,0.0,False,0.0,0.0,False,False,False,5761.863399666778,107.07318454458448
1149.523000000001,26.5,False,True,NORMAL,-354.6862894779253,-379.42506690961005,-229.5171248378149,46.88211769386151,37.05486144308423,0.0,578.5436166436816,622.4072838206253,-61.60931655665444,-66.9905564540799,-74.78270235768159,5.616180629614651,1.757851615229106,0.0,96.1541007134137,91.01341956330022,5.8848557472229,85.12856381607732,240.0440205920978,17.379999999999995,137.3359794079022,0.0,False,0.0,0.0,False,False,False,5909.518089356023,108.15260702117916
1149.6230000000069,26.6,False,True,NORMAL,-360.87172939240514,-386.1495815971104,-237.07736880290233,46.88211769386151,37.05486144308423,0.0,587.6778032413781,633.696204202865,-62.0994817329431,-67.49973729592685,-76.42217694406705,5.656021744885326,1.7703217926414532,0.0,96.89762297222654,91.72000962995628,5.926602840423584,85.7934067895327,240.4364990307276,17.379999999999995,136.9435009692724,0.0,False,0.0,0.0,False,False,False,6059.6405674455045,109.23687194127693
1149.7230000000127,26.7,False,True,NORMAL,-367.10728092526244,-392.92220889633495,-244.80341951561437,46.88211769386151,37.05486144308423,0.0,596.8814816918797,645.1327130081311,-62.61154892420305,-67.95280868856474,-78.09883731017405,5.737040052119246,1.7956803363968465,0.0,97.65439742438346,92.40016378423012,6.0114970207214355,86.38866676350868,240.02859781886792,17.379999999999995,137.35140218113207,0.0,False,0.0,0.0,False,False,False,6212.236611804267,110.26439380843328
1149.823000000004,26.8,False,True,NORMAL,-373.39022567624306,-399.74319057438976,-252.69964551586523,46.88211769386151,37.05486144308423,0.0,606.1529351970994,656.7179696733621,-63.047346095409964,-68.46682487253071,-79.82568269484321,5.756463676597809,1.8017598861683053,0.0,98.34448760928645,93.0734868681742,6.0318498611450195,87.04163700702918,239.2782598979705,17.379999999999995,138.10174010202945,0.0,False,0.0,0.0,False,False,False,6367.280569007344,111.2674930077893
1149.9230000000098,26.9,False,True,NORMAL,-379.7122279570615,-406.6126369955344,-260.7693704727829,46.88211769386151,37.05486144308423,0.0,615.4864620055594,668.44913754817,-63.392699520957656,-68.92210355036168,-81.56881644350906,5.828225011052334,1.8242210187424082,0.0,98.9776683555601,93.64235532258468,6.107044219970703,87.53531110261397,239.0100212917509,17.379999999999995,138.36997870824908,0.0,False,0.0,0.0,False,False,False,6524.699846937026,112.04847836215525
1150.023000000001,27.0,False,True,NORMAL,-386.0720923009909,-413.5306219847305,-269.01308853340515,46.88211769386151,37.05486144308423,0.0,624.881289388748,680.3268829249848,-63.80458735763101,-69.43759623356009,-83.3055447689365,5.840732527365463,1.8281358425708305,0.0,99.64574827974528,94.3006104888642,6.120150089263916,88.18046039960028,238.1587439067078,17.379999999999995,139.22125609329217,0.0,False,0.0,0.0,False,False,False,6684.50781887886,113.05790803978064
1150.1240000000107,27.1,False,True,NORMAL,-392.4736533401104,-420.4951739704259,-277.4312872065063,46.88211769386151,37.05486144308423,0.0,634.338654385621,692.3537012025134,-64.22663342475849,-69.85344348034793,-85.05842869308533,5.85660116849172,1.8331026907324064,0.0,100.25278386653896,94.89238118595436,6.136777877807617,88.75560330814675,237.7119353478986,17.379999999999995,139.6680646521014,0.0,False,0.0,0.0,False,False,False,6846.746472830058,113.93370317970812
1150.224000000002,27.2,False,True,NORMAL,-398.9201322368038,-427.5039711580751,-286.0264120176591,46.88211769386151,37.05486144308423,0.0,643.8591111345675,704.5322301802033,-64.70294450910937,-70.32250027263518,-86.84406752997023,5.849231358533883,1.8307959571722354,0.0,100.91435812849035,95.56006002898734,6.129055500030518,89.43100452895682,237.91093610434905,17.379999999999995,139.46906389565095,0.0,False,0.0,0.0,False,False,False,7011.434207049326,114.99154654017936
1150.3240000000078,27.3,False,True,NORMAL,-405.41179210670975,-434.55730750828644,-294.80097042342675,46.88211769386151,37.05486144308423,0.0,653.4430493514362,716.8650018715501,-65.13025288900991,-70.74422673159214,-88.64710058538287,5.880852143636088,1.8406931901553807,0.0,101.54382126945973,96.15973927396693,6.16218900680542,89.99755026716151,238.0836299128356,17.379999999999995,139.29637008716438,0.0,False,0.0,0.0,False,False,False,7178.586154658973,115.90783421850335
1150.423999999999,27.4,False,True,NORMAL,-411.9474781194069,-441.648515238648,-303.75399212537565,46.88211769386151,37.05486144308423,0.0,663.0848519161478,729.3476596060088,-65.58346736493404,-71.07992787563785,-90.41333345359544,5.909631035364617,1.8497009170512604,0.0,102.12734146502696,96.71373913986184,6.192344665527344,90.5213944743345,238.08722345905892,17.379999999999995,139.29277654094108,0.0,False,0.0,0.0,False,False,False,7348.161376166626,116.76611322123813
1150.524000000005,27.5,False,True,NORMAL,-418.5238483062364,-448.7752313746654,-312.88612622000073,46.88211769386151,37.05486144308423,0.0,672.780493382342,741.9779782828771,-65.9439363716563,-71.45439484471069,-92.22934843890643,5.846485029228817,1.8299363624185687,0.0,102.5887801145568,97.23339594405245,6.126177787780762,91.10721815627168,238.21555872442315,17.379999999999995,139.16444127557685,0.0,False,0.0,0.0,False,False,False,7520.12468962609,117.5403608150969
1150.6240000000107,27.6,False,True,NORMAL,-425.1391873156341,-455.9367654518474,-322.20042858654494,46.88211769386151,37.05486144308423,0.0,682.5282826164632,754.7568964592056,-66.36284381629743,-71.77628669892917,-94.05669889197733,5.859729299004234,1.8340817883855471,0.0,103.12413110534968,97.75409132958661,6.1400556564331055,91.61403567315351,238.26541132483857,17.379999999999995,139.1145886751614,0.0,False,0.0,0.0,False,False,False,7694.451354412149,118.33970121821056
1150.7230000000127,27.7,False,True,NORMAL,-431.79798009126256,-463.12811061084676,-331.69426344891576,46.88211769386151,37.05486144308423,0.0,692.327698094103,767.6840013659254,-66.81301169627177,-72.05061648105843,-95.8199983554392,6.062615002133092,1.8975845466606895,0.0,103.82289440157801,98.2612327788875,6.352647304534912,91.90858547435259,238.53035227375426,17.379999999999995,138.8496477262457,0.0,False,0.0,0.0,False,False,False,7871.182803132703,119.15963403633731
1150.823000000004,27.8,False,True,NORMAL,-438.50279115417544,-470.3465279443353,-341.36709901031236,46.88211769386151,37.05486144308423,0.0,702.1785240875008,780.759998960255,-67.28320956198525,-72.31773018871249,-97.63671287249329,5.932251505471695,1.8567810721490667,0.0,104.22265521520731,98.77694259597955,6.216047286987305,92.56089530899224,239.54265135579223,17.379999999999995,137.83734864420776,0.0,False,0.0,0.0,False,False,False,8050.346260344917,119.99862583207495
1150.9230000000098,27.9,False,True,NORMAL,-445.249672629955,-477.58928368195996,-351.22270533643365,46.88211769386151,37.05486144308423,0.0,712.0760459099944,793.983427977345,-67.65441995360625,-72.53738456377984,-99.47541364993256,5.897420677798166,1.8458791032268387,0.0,104.60756747971413,99.19068856809393,6.1795501708984375,93.0111383971955,239.73449886246684,17.379999999999995,137.64550113753316,0.0,False,0.0,0.0,False,False,False,8231.865326126952,120.61786930979432
1151.024000000005,28.0,False,True,NORMAL,-452.0338682866386,-484.85635161870204,-361.26274561659926,46.88211769386151,37.05486144308423,0.0,722.0169495147048,807.3532354285599,-68.02949318006618,-72.80397417106249,-101.32539195338033,6.102313226367843,1.9100099995075603,0.0,105.25067292764074,99.64151041326805,6.39424467086792,93.24726574240013,238.87774678548456,17.379999999999995,138.50225321451543,0.0,False,0.0,0.0,False,False,False,8415.6992767738,121.34099379919242
1151.1230000000069,28.1,False,True,NORMAL,-458.8563678503027,-492.1508599511755,-371.4882032158231,46.88211769386151,37.05486144308423,0.0,732.0041743849031,820.8736787383576,-68.42049809321693,-73.0861924784065,-103.18376003109562,6.031169417823339,1.8877421511224757,0.0,105.66050193429602,100.11471465431336,6.319697380065918,93.79501727424744,237.9789301604285,17.379999999999995,139.4010698395715,0.0,False,0.0,0.0,False,False,False,8601.90838792128,122.14015707474437
1151.224000000002,28.2,False,True,NORMAL,-465.7140659041531,-499.471104858745,-381.90308586420593,46.88211769386151,37.05486144308423,0.0,742.0343387979838,834.5447423283931,-68.73346298379101,-73.31870567298348,-105.11389293656134,6.010791517859652,1.8813639153197925,0.0,106.02713825758565,100.49836583400622,6.298344612121582,94.20002122188464,237.33414668733485,17.379999999999995,140.04585331266512,0.0,False,0.0,0.0,False,False,False,8790.4277587613,122.72363759258157
1151.323000000004,28.3,False,True,NORMAL,-472.60056247690056,-506.8136811128625,-392.51015757358874,46.88211769386151,37.05486144308423,0.0,752.1005561620918,848.362817653963,-68.99646847115875,-73.53281940936822,-107.02754125109526,6.018386130912219,1.883741011731382,0.0,106.37145292191516,100.83445934690364,6.306302547454834,94.52815679944881,237.19760406091154,17.379999999999995,140.18239593908845,0.0,False,0.0,0.0,False,False,False,8981.140304501063,123.21803428052971
1151.423999999999,28.4,False,True,NORMAL,-479.5123642294781,-514.1767496599341,-403.3096971326417,46.88211769386151,37.05486144308423,0.0,762.1990813944676,862.3260122945344,-69.23956658039253,-73.72855153206424,-108.96324992996328,6.018584995188328,1.8838032557922524,0.0,106.68185213586138,101.14354596936407,6.306510925292969,94.8370350440711,236.9546124386144,17.379999999999995,140.4253875613856,0.0,False,0.0,0.0,False,False,False,9173.996201246353,123.66196611509031
1151.524000000005,28.5,False,True,NORMAL,-486.4494629597379,-521.559291391986,-414.30422214688116,46.88211769386151,37.05486144308423,0.0,772.3291698946182,876.4361557802383,-69.50240802480357,-73.9222831089735,-110.92725035482593,5.861595528744097,1.834665914000259,0.0,106.85901158483823,101.46471633671239,6.1420111656188965,95.32270517109349,237.00029172633793,17.379999999999995,140.37970827366206,0.0,False,0.0,0.0,False,False,False,9368.976318834553,124.15468410108551
1151.6240000000107,28.6,False,True,NORMAL,-493.4149293940603,-528.9595598003574,-425.4947793356024,46.88211769386151,37.05486144308423,0.0,782.4916767272838,890.6958130525421,-69.80692066164468,-74.08308505845284,-112.88389341959878,6.045667397165525,1.8922799852992886,0.0,107.35861031492047,101.79051853703818,6.334888935089111,95.45562960194907,237.27988501279216,17.379999999999995,140.10011498720783,0.0,False,0.0,0.0,False,False,False,9566.105466975156,124.69296589961382
1151.7250000000058,28.7,False,True,NORMAL,-500.4082351201082,-536.3749085091405,-436.8782377476494,46.88211769386151,37.05486144308423,0.0,792.6843201115439,905.1027709427213,-70.0591938593128,-74.22388911720839,-114.78527482134095,6.270707126733244,1.9627169028772902,0.0,107.84550394615135,102.06603920942763,6.570694446563721,95.49534476286391,236.93563480303845,17.379999999999995,140.44436519696154,0.0,False,0.0,0.0,False,False,False,9765.390889713679,125.14484983867753
1151.823000000004,28.8,False,True,NORMAL,-507.4264222040937,-543.8016523220001,-448.45227767277106,46.88211769386151,37.05486144308423,0.0,802.9023894516259,919.6530282324017,-70.3045478203969,-74.31098713998293,-116.69552368109271,6.368060973828631,1.9931884330241287,0.0,108.1712353132229,102.29786045636136,6.67270565032959,95.62515480603177,236.88144171123184,17.379999999999995,140.49855828876815,0.0,False,0.0,0.0,False,False,False,9966.786585763351,125.51176077307693
1151.9230000000098,28.9,False,True,NORMAL,-514.4672321526341,-551.238569000105,-460.22063680724443,46.88211769386151,37.05486144308423,0.0,813.1434392994256,934.347519619421,-70.51165115041273,-74.42734642211623,-118.67165900837384,6.430469771435151,2.012722243083342,0.0,108.45816737107764,102.52474259121648,6.738100051879883,95.7866425393366,236.62361546480122,17.379999999999995,140.75638453519878,0.0,False,0.0,0.0,False,False,False,10170.228586832707,125.87422333026068
1152.023000000001,29.0,False,True,NORMAL,-521.5310438925694,-558.6856073633096,-472.1873570613759,46.88211769386151,37.05486144308423,0.0,823.4076927247788,949.1897221351226,-70.76458364829406,-74.51342084197609,-120.66274607425602,6.441592973954409,2.0162037798793446,0.0,108.70868021178404,102.76125818853058,6.749755382537842,96.01150280599273,236.10154508252242,17.379999999999995,141.27845491747757,0.0,False,0.0,0.0,False,False,False,10375.696354056196,126.2850880942918
1152.1240000000107,29.1,False,True,NORMAL,-528.6181267125204,-566.1428174309307,-484.3505710100994,46.88211769386151,37.05486144308423,0.0,833.6953706905206,964.1801941279513,-70.97707275072622,-74.63078051044646,-122.60153290021296,6.573441354215214,2.057472019541127,0.0,109.06498207052468,102.99270972190371,6.887911319732666,96.10479840217104,236.20628564954404,17.379999999999995,141.17371435045592,0.0,False,0.0,0.0,False,False,False,10583.223515637052,126.71357000655996
1152.2230000000127,29.2,False,True,NORMAL,-535.7258022993376,-573.6083113348213,-496.71096895451683,46.88211769386151,37.05486144308423,0.0,844.0032577105256,979.3177654396528,-71.17643898561845,-74.67909756736879,-124.60642598813621,6.628591833277277,2.0747339925960353,0.0,109.29214738426894,103.16517377560149,6.945700168609619,96.21947360699187,236.48009975515134,17.379999999999995,140.89990024484865,0.0,False,0.0,0.0,False,False,False,10792.756139003526,127.01051508320725
1152.3240000000078,29.3,False,True,NORMAL,-542.8494744502552,-581.0792863291857,-509.2715779409165,46.88211769386151,37.05486144308423,0.0,854.3261528333223,994.6007819790893,-71.2970040327342,-74.74040231992038,-126.60575373985692,6.602018651265674,2.066416647766605,0.0,109.3962758738037,103.29274186982973,6.917855739593506,96.37488613023622,236.65747313374087,17.379999999999995,140.72252686625913,0.0,False,0.0,0.0,False,False,False,11004.181609921146,127.22652206207121
1152.4230000000098,29.4,False,True,NORMAL,-549.9883802786808,-588.554084498385,-522.0307244214038,46.88211769386151,37.05486144308423,0.0,864.6623298097279,1010.0282282351926,-71.48111253577761,-74.75556106406448,-128.57717586988775,6.62791560372511,2.0745223343020918,0.0,109.56222885601402,103.43086270236547,6.944991588592529,96.48587111377294,236.74814539437398,17.379999999999995,140.631854605626,0.0,False,0.0,0.0,False,False,False,11217.4918857799,127.49490934633315
1152.524000000005,29.5,False,True,NORMAL,-557.143070452338,-596.0311266067451,-534.9849771056226,46.88211769386151,37.05486144308423,0.0,875.0110263191431,1025.5989576383079,-71.6126909373646,-74.78528110313795,-130.50787781448983,6.614127983959594,2.0702068410383645,0.0,109.66403797821361,103.54330385382661,6.930544376373291,96.61275947745332,236.6638914000625,17.379999999999995,140.71610859993748,0.0,False,0.0,0.0,False,False,False,11432.707896464959,127.71944318869497
1152.6240000000107,29.6,False,True,NORMAL,-564.3111434735929,-603.508217770145,-548.1371829923121,88.2533214640761,2.1150200916121857,0.0,890.2920235167475,1045.5019170313808,-71.74876948773465,-74.75654216486,-132.53623991929905,-1.5163589422470338,-6.756100327885491,0.0,97.75812795391323,103.61672895556282,6.924177646636963,96.69255130892586,236.7701196519731,257.35,20.579880348026904,0.0,False,0.0,0.0,False,False,False,11649.747735652303,127.87225722222979
1152.7230000000127,29.7,False,True,NORMAL,-571.4895747391441,-610.9856467870036,-561.4886095603665,88.2533214640761,2.1150200916121857,0.0,900.6403926193941,1061.33056842986,-71.8198558232918,-74.79203817231152,-134.49229144178975,-1.5117862820052417,-6.735726951570579,0.0,97.85134715269247,103.69156505929942,6.903297424316406,96.78826763498301,236.96081310615205,257.35,20.38918689384794,0.0,False,0.0,0.0,False,False,False,11868.569409446001,128.05015758280427
1152.823000000004,29.8,False,True,NORMAL,-578.6750196393973,-618.4635972374539,-575.0343546520019,88.2533214640761,2.1150200916121857,0.0,910.9946390912992,1077.3002095438071,-71.8890421817722,-74.76697083669445,-136.4226103909171,-1.4975522336164127,-6.672307495723008,0.0,97.93796522616526,103.72142649379511,6.8383002281188965,96.88312626567621,237.14203221419865,257.35,20.207967785801344,0.0,False,0.0,0.0,False,False,False,12089.179077911329,128.1431853749054
1152.923999999999,29.9,False,True,NORMAL,-585.8693721682995,-625.9397459415047,-588.7747113883297,88.2533214640761,2.1150200916121857,0.0,921.3545437056697,1093.412024800118,-71.99800839627166,-74.75600324432207,-138.38452433563972,-1.4894226537565447,-6.63608635069818,0.0,98.0397049210361,103.78908051473766,6.801177978515625,96.98790253622204,237.14313767593205,257.35,20.206862324067938,0.0,False,0.0,0.0,False,False,False,12311.574459567708,128.35734226338062
1153.024000000005,30.0,True,False,BLACKOUT,-593.075031514276,-633.4115190507839,-602.7142087470769,88.2533214640761,2.1150200916121857,0.0,931.7200794908874,1109.669646314668,-72.11517852325771,-74.67945894126264,-140.40542283930446,-1.5111274655566937,-6.732791610933187,0.0,97.98817085269482,103.81531949187973,6.900289058685303,96.91503043319443,237.40611770869555,257.35,19.943882291304448,3.5463974475860596,False,[-111.49995689],78.8237418467602,True,False,False,12535.714241199676,128.49034650825794
1153.1230000000069,30.1,True,False,BLACKOUT,-600.2879566838072,-640.877984744841,-616.8534556354281,88.2533214640761,2.1150200916121857,0.0,942.0876264881797,1126.0716148236315,-72.14332486736613,-74.6498549398792,-142.37951492771805,-1.544701729191397,-6.8823809246710015,0.0,97.86008442367061,103.81358372324566,7.053599834442139,96.75998388880352,237.3125430078855,257.35,20.037456992114485,3.1958489418029785,False,0.0,0.0,True,False,False,12761.522826456436,128.5743144748787
1153.2250000000058,30.2,True,False,BLACKOUT,-607.5042248139197,-648.3384830556571,-631.1908408302917,88.2533214640761,2.1150200916121857,0.0,952.4538429547817,1142.6155086061901,-72.18203773488409,-74.56011127644244,-144.36818896955307,-1.535138395988913,-6.83977172655513,0.0,97.86229496058235,103.77599320226095,7.009930610656738,96.76606259160421,237.28897278021475,257.35,20.06102721978525,2.91977858543396,False,0.0,0.0,True,False,False,12988.95202553435,128.5987848104984
1153.3240000000078,30.3,True,False,BLACKOUT,-614.7226567370767,-655.7900807203963,-645.7258671426276,88.2533214640761,2.1150200916121857,0.0,962.8158430366249,1159.299893513074,-72.1866007282552,-74.4718420183407,-146.33233727716689,-1.5349248471480064,-6.838820264896631,0.0,97.80534206428023,103.71576822405177,7.008955478668213,96.70681274538356,237.42947307334327,257.35,19.920526926656745,3.155552625656128,False,0.0,0.0,True,False,False,13217.945493936539,128.5851165343035
1153.4230000000098,30.4,True,False,BLACKOUT,-621.9396034616325,-663.232190575337,-660.4565380510876,88.2533214640761,2.1150200916121857,0.0,973.170540736218,1176.1223320774293,-72.15233376286015,-74.37035508047249,-148.28108089203099,-1.549980719193528,-6.905901336026542,0.0,97.65318619655494,103.61905704175622,7.077705383300781,96.54135165845544,237.38541316428106,257.35,19.964586835718933,2.862048864364624,False,0.0,0.0,True,False,False,13448.45652119563,128.50296560775405
1153.523000000001,30.5,True,False,BLACKOUT,-629.1542040605804,-670.6616563173195,-675.3833512711382,88.2533214640761,2.1150200916121857,0.0,983.5151315558185,1193.082011084524,-72.13967821609674,-74.2189597591779,-150.25518350898048,-1.5241071625142408,-6.790622334535338,0.0,97.6377978196713,103.50162878359187,6.959558486938477,96.54207029665339,237.13352222974356,257.35,20.21647777025643,2.8145787715911865,False,0.0,0.0,True,False,False,13680.416944391223,128.39959092799018
1153.625,30.6,True,False,BLACKOUT,-636.3636888713099,-678.0756166038797,-690.5072866233552,88.2533214640761,2.1150200916121857,0.0,993.8456187535423,1210.177436079338,-72.05001799849553,-74.06024597202504,-152.22352353535962,-1.5396551889300278,-6.85989618747283,0.0,97.40430316316998,103.32533632667442,7.030555725097656,96.29478060157676,237.1411979346858,257.35,20.208802065314178,2.8412609100341797,False,0.0,0.0,True,False,False,13913.72953024449,128.17832294551474
1153.7230000000127,30.7,True,False,BLACKOUT,-643.5618131861912,-685.4742321561879,-705.8276815484342,88.2533214640761,2.1150200916121857,0.0,1004.1575429731521,1227.405836367872,-71.91246829912964,-73.9120650741382,-154.1843749662212,-1.5292851736757083,-6.813692837126199,0.0,97.24188410210802,103.12321009548222,6.983202934265137,96.14000716121708,237.04854206134223,257.35,20.30145793865776,3.1649513244628906,False,0.0,0.0,True,False,False,14148.302163167367,127.91444845533199
1153.823000000004,30.8,True,False,BLACKOUT,-650.7472239632417,-692.855762680658,-721.3430478837108,88.2533214640761,2.1150200916121857,0.0,1014.4487148441636,1244.7658365247405,-71.795747241879,-73.71854541526424,-156.12295173931233,-1.5126731623503864,-6.739678425343503,0.0,97.08696681492322,102.90312560929407,6.907347202301025,95.99577840699304,236.92818778655604,257.35,20.421812213443964,2.990563154220581,False,0.0,0.0,True,False,False,14384.090115674713,127.62676659077204
1153.923999999999,30.9,True,False,BLACKOUT,-657.9176037738432,-700.2173778535436,-737.0525976410609,88.2533214640761,2.1150200916121857,0.0,1024.7154955761162,1262.2552747218926,-71.61184897015059,-73.51375804244557,-158.06804340768912,-1.5174320121194824,-6.7608813645616435,0.0,96.79449278476073,102.62811278809959,6.929077625274658,95.69903516282493,236.84977412464048,257.35,20.500225875359533,3.1044106483459473,False,0.0,0.0,True,False,False,14621.009167272863,127.2320391072229
1154.023000000001,31.0,True,False,BLACKOUT,-665.0714577226211,-707.5579230674988,-752.9567694936861,88.2533214640761,2.1150200916121857,0.0,1034.955993841671,1279.874136747504,-71.46523000540857,-73.29714623665933,-160.01539364481448,-1.5170530542986265,-6.75919292722243,0.0,96.5403889022237,102.3706537351607,6.927347183227539,95.44330655193316,237.01721011103444,257.35,20.332789888965536,3.0447311401367188,False,[-140.72534996],124.48223569014344,True,False,False,14859.002725447071,126.90780428652764
1154.1240000000107,31.1,True,False,BLACKOUT,-672.2091400825196,-714.8760257778083,-769.0549373901781,88.2533214640761,2.1150200916121857,0.0,1045.1695150923763,1297.6227541171756,-71.28841719256401,-73.06490796953022,-161.94796428502448,-1.5136653029554987,-6.744098883640517,0.0,96.26508047606596,102.08094436483715,6.911877632141113,95.16906673269604,237.47252009184922,257.35,19.877479908150768,2.27925705909729,False,0.0,0.0,True,False,False,15098.050459685324,126.53002171035813
1154.224000000002,31.2,True,False,BLACKOUT,-679.3296928872564,-722.1713031324663,-785.3452655195964,88.2533214640761,2.1150200916121857,0.0,1055.3550880770567,1315.500493350032,-71.12263890217079,-72.84063912363003,-163.85859830334186,-1.490347231476539,-6.640205784206418,0.0,96.0788916341155,101.80465840199788,6.8053998947143555,94.99925850728353,237.64091838568558,257.35,19.709081614314417,2.502098798751831,False,0.0,0.0,True,False,False,15338.13711622842,126.201770234649
1154.323000000004,31.3,True,False,BLACKOUT,-686.4328353183507,-729.442807383496,-801.8285972567959,88.2533214640761,2.1150200916121857,0.0,1065.5118471656835,1333.5083786123084,-70.94020971971646,-72.5894458969653,-165.80803644064662,-1.5011224151918454,-6.688214352760861,0.0,95.73274865336438,101.49749263260549,6.854602813720703,94.64288981888478,237.5041098646422,257.35,19.845890135357788,2.3929784297943115,False,0.0,0.0,True,False,False,15579.2223459003,125.83840193274368
1154.4230000000098,31.4,True,False,BLACKOUT,-693.5159530583045,-736.687379182948,-818.5054973881658,88.2533214640761,2.1150200916121857,0.0,1075.6357114567627,1351.6447140486825,-70.72214507935853,-72.30199009207693,-167.7299661867534,-1.4851467689699396,-6.617035250194248,0.0,95.43728426360904,101.13950551540495,6.781652927398682,94.35785258800627,237.30999102858044,257.35,20.040008971419546,2.315808057785034,False,0.0,0.0,True,False,False,15821.192623808154,125.37148960739611
1154.523000000001,31.5,True,False,BLACKOUT,-700.5770729885475,-743.905077912374,-835.3733566340317,88.2533214640761,2.1150200916121857,0.0,1085.7252773322352,1369.90803443595,-70.50025352550057,-72.05198449644301,-169.62721873056148,-1.4793749980483764,-6.591319265456579,0.0,95.12612871963512,100.80562591956621,6.7552971839904785,94.05032873557573,237.3552319873429,257.35,19.994768012657083,2.5313796997070312,False,0.0,0.0,True,False,False,16064.028758755456,124.9816160987511
1154.6240000000107,31.6,True,False,BLACKOUT,-707.6162325884468,-751.0970162536504,-852.4311600344115,88.2533214640761,2.1150200916121857,0.0,1095.781327986172,1388.2995358930116,-70.28293847248528,-71.78678232908445,-171.52884927703528,-1.5187898485880937,-6.766931171869936,0.0,94.63661648894548,100.46409088570157,6.935277938842773,93.52881294685879,237.33387541739756,257.35,20.016124582602448,2.14363694190979,False,0.0,0.0,True,False,False,16307.749359348096,124.60283475248292
1154.7230000000127,31.7,True,False,BLACKOUT,-714.6331199408946,-758.2618973007014,-869.6776960805616,88.2533214640761,2.1150200916121857,0.0,1105.8027375146864,1406.8187478687396,-70.05480857647096,-71.51083861193754,-173.4018716459676,-1.5452942358531596,-6.885020823668714,0.0,94.18094223349988,100.10732362653877,7.056305408477783,93.05101821806099,237.5619825172523,257.35,19.788017482747705,2.5276975631713867,False,0.0,0.0,True,False,False,16552.32612578515,124.20188297644623
1154.823000000004,31.8,True,False,BLACKOUT,-721.6281375078316,-765.3960106045231,-887.1130961202912,88.2533214640761,2.1150200916121857,0.0,1115.7872377056076,1425.4651188769367,-69.84554276226905,-71.17142746449534,-175.30612914862428,-1.5734229518323106,-7.010347632483602,0.0,93.68952187208775,99.71846334099757,7.184750080108643,92.53371326088893,237.54603422243196,257.35,19.80396577756806,2.624290943145752,False,0.0,0.0,True,False,False,16797.68830957952,123.77035370377897
1154.923999999999,31.9,True,False,BLACKOUT,-728.5998951153687,-772.4981330198799,-904.7375375196499,88.2533214640761,2.1150200916121857,0.0,1125.7329676302072,1444.2384589141204,-69.58960938847093,-70.8710208426413,-177.18269883854984,-1.5787822445526114,-7.034225830643731,0.0,93.27705508968288,99.32479715618885,7.209222316741943,92.11557483944691,237.70759834030034,257.35,19.64240165969966,2.887554883956909,False,0.0,0.0,True,False,False,17043.77583958229,123.33868822008287
1155.024000000005,32.0,True,False,BLACKOUT,-735.546341052382,-779.5696975215494,-922.5491587091701,88.2533214640761,2.1150200916121857,0.0,1135.639415356916,1463.138350241424,-69.33930935179579,-70.56026919075028,-179.04972495185447,-1.5355575573812847,-6.8416392899278495,0.0,93.04521779133279,98.92770799758365,7.011844635009766,91.91586336257389,238.06323144939228,257.35,19.286768550607718,3.5489883422851562,False,[-161.57878978],166.85685834264305,True,False,False,17290.582623172708,122.92383814818808
1155.1230000000069,32.1,True,False,BLACKOUT,-742.466793685448,-786.6101545480209,-940.5457384685262,88.2533214640761,2.1150200916121857,0.0,1145.5057009130765,1482.1638225836116,-69.06974330952565,-70.24887133867766,-180.8818702352668,-1.5373654650011468,-6.849694378286571,0.0,92.62870881422567,98.51666541860747,7.020100116729736,91.49656530187774,238.30773021880714,257.35,19.042269781192854,3.0057520866394043,False,0.0,0.0,True,False,False,17538.092292933805,122.47981711917619
1155.224000000002,32.2,True,False,BLACKOUT,-749.3602998880838,-793.6167065715188,-958.7274249309659,88.2533214640761,2.1150200916121857,0.0,1155.3291996192977,1501.3140360390055,-68.80038074318804,-69.88216913127926,-182.7518590135277,-1.5890846969218129,-7.080128156201585,0.0,91.98616562752345,98.06635484660558,7.2562665939331055,90.81008825267247,238.08442815510574,257.35,19.265571844894268,3.0114729404449463,False,0.0,0.0,True,False,False,17786.221515304234,121.99908095284351
1155.3240000000078,32.3,True,False,BLACKOUT,-756.2278537502212,-800.5861056353185,-977.095788271578,88.2533214640761,2.1150200916121857,0.0,1165.1083866038398,1520.58992893964,-68.55069649956042,-69.50581214471752,-184.61540779871532,-1.5691147997636319,-6.9911527658904395,0.0,91.62213119250897,97.62302962145564,7.1650776863098145,90.45795193514583,237.89177488081265,257.35,19.458225119187357,3.172929286956787,False,0.0,0.0,True,False,False,18034.903567839458,121.5614080063249
1155.423999999999,32.4,True,False,BLACKOUT,-763.0673395129463,-807.5187714109379,-995.6487729483317,88.2533214640761,2.1150200916121857,0.0,1174.842008164991,1539.9903321848055,-68.23901875494185,-69.1475033676715,-186.4442857363593,-1.6045895958699745,-7.149209855757679,0.0,91.01612795403233,97.14906537182665,7.327066898345947,89.8219984734807,237.6032886085058,257.35,19.746711391494188,3.63716459274292,False,0.0,0.0,True,False,False,18284.11283352526,121.0604458432183
1155.523000000001,32.5,True,False,BLACKOUT,-769.8760806884736,-814.4159547980846,-1014.3854069110881,88.2533214640761,2.1150200916121857,0.0,1184.5289797185255,1559.5148789117677,-67.93580475560537,-68.79616437526295,-188.28839351876928,-1.5756110703713617,-7.020096741330633,0.0,90.66398313693233,96.68601657189075,7.194741725921631,89.49127484596912,237.40706131522546,257.35,19.94293868477454,3.7652571201324463,False,0.0,0.0,True,False,False,18533.817977543273,120.6213296913124
1155.6240000000107,32.6,True,False,BLACKOUT,-776.6533582498558,-821.2775236978831,-1033.3070545179703,88.2533214640761,2.1150200916121857,0.0,1194.1686839730448,1579.1650688571215,-67.60974647203827,-68.43521362070875,-190.14455861887203,-1.5736139449032243,-7.011198597458367,0.0,90.18691934375978,96.20008462223582,7.185622215270996,89.01446240696482,237.233357118429,257.35,20.116642881571007,3.4055182933807373,False,0.0,0.0,True,False,False,18783.97846952481,120.16954817685925
1155.7230000000127,32.7,True,False,BLACKOUT,-783.3988928224023,-828.1019696736357,-1052.414078155537,88.2533214640761,2.1150200916121857,0.0,1203.7598733823081,1598.941282432022,-67.30094497889057,-68.05370589434438,-191.9959141324646,-1.585392860383223,-7.063679268438965,0.0,89.65666254143585,95.71167160281747,7.239408493041992,88.47226310977548,237.08414819060337,257.35,20.265851809396633,2.9183170795440674,False,0.0,0.0,True,False,False,19034.544918383173,119.73966167234846
1155.8240000000078,32.8,True,False,BLACKOUT,-790.1127571424062,-834.8874834198094,-1071.7064418993143,88.2533214640761,2.1150200916121857,0.0,1213.301347123177,1618.843678845924,-66.97634142118802,-67.65656902913015,-193.8513607430797,-1.5545102519676943,-6.926082558960054,0.0,89.26481938836532,95.2010590432743,7.098388671875,88.1026703713993,237.36836455466147,257.35,19.981635445338526,2.5181562900543213,False,0.0,0.0,True,False,False,19285.473707972622,119.29849128487051
1155.9230000000098,32.9,True,False,BLACKOUT,-796.7949147004225,-841.6332730352602,-1091.1832558134308,88.2533214640761,2.1150200916121857,0.0,1222.7925263479494,1638.8723135924897,-66.6668097391387,-67.25922327988535,-195.68491753925272,-1.5699287915557434,-6.994779486490926,0.0,88.70967869872477,94.70093260896637,7.168794631958008,87.53213797700836,237.50710878440532,257.35,19.842891215594683,2.7707855701446533,False,0.0,0.0,True,False,False,19536.746316254932,118.89563587545545
1156.024000000005,33.0,True,False,BLACKOUT,-803.4467355957131,-848.3390573196864,-1110.8442795404035,88.2533214640761,2.1150200916121857,0.0,1232.2342023925219,1659.0286745362698,-66.36960816667175,-66.85646240863717,-197.53555700019993,-1.5720201082485743,-7.004097297070267,0.0,88.2101639701311,94.20568695145244,7.178344249725342,87.0273427017271,237.59002962778345,257.35,19.75997037221655,3.0820555686950684,False,[-177.5594726],194.15501176645645,True,False,False,19788.372240520453,118.54436668506239
1156.1240000000107,33.1,True,False,BLACKOUT,-810.0676481138704,-855.0052504987049,-1130.6889510130572,88.2533214640761,2.1150200916121857,0.0,1241.6262411210066,1679.3133199564897,-66.0486421964743,-66.4674011717331,-199.35787245287977,-1.5381635842143744,-6.8532503789985055,0.0,87.83762761779114,93.70346073930244,7.023744583129883,86.67971615617256,237.37146877571016,257.35,19.97853122428984,3.360584259033203,False,0.0,0.0,True,False,False,20040.340602213506,118.18525811117927
1156.224000000002,33.2,True,False,BLACKOUT,-816.6555376876207,-861.6327610214863,-1150.715665880852,88.2533214640761,2.1150200916121857,0.0,1250.967734495589,1699.7255120908903,-65.7091492785315,-66.08280928389705,-201.17642490301407,-1.5538582231351166,-6.923177460380267,0.0,87.26834138389867,93.19136216281125,7.09541130065918,86.09595086215207,237.53559045713482,257.35,19.81440954286518,3.207951307296753,False,0.0,0.0,True,False,False,20292.63198647618,117.8334412508714
1156.3240000000078,33.3,True,False,BLACKOUT,-823.2117504735313,-868.2203964023032,-1170.9242583601745,88.2533214640761,2.1150200916121857,0.0,1260.258828402271,1720.2662390985267,-65.41510643968049,-65.66989833244084,-202.99542468343475,-1.4958927137241438,-6.664913545269776,0.0,86.98996558844459,92.69127088085393,6.830722332000732,85.8605485488532,237.73403168990205,257.35,19.615968310097962,3.145267963409424,False,0.0,0.0,True,False,False,20545.242472892154,117.54030942079135
1156.423999999999,33.4,True,False,BLACKOUT,-829.7375863461518,-874.7658545462099,-1191.314088177955,88.2533214640761,2.1150200916121857,0.0,1269.4988677142796,1740.9355622248372,-65.10161101272818,-65.23926454569272,-204.80117167217483,-1.482142256866972,-6.603648719710962,0.0,86.51920161484458,92.16496837147751,6.767933368682861,85.39703500279465,237.62897789701213,257.35,19.721022102987853,3.2719693183898926,False,0.0,0.0,True,False,False,20798.1479810652,117.21111663475179
1156.524000000005,33.5,True,False,BLACKOUT,-836.2319369227581,-881.2696871260604,-1211.8848295340179,88.2533214640761,2.1150200916121857,0.0,1278.6874261994699,1761.7339112293093,-64.78540051939599,-64.83738705131611,-206.61365544908065,-1.4761247742472898,-6.576837972487988,0.0,86.03694540336619,91.65715945904459,6.740455627441406,84.91670383160319,237.3575539385011,257.35,19.992446061498907,3.182279348373413,False,0.0,0.0,True,False,False,21051.33071462175,116.95492646813882
1156.6240000000107,33.6,True,False,BLACKOUT,-842.6945800658898,-887.73262167051,-1232.6363668437805,88.2533214640761,2.1150200916121857,0.0,1287.8248409285547,1782.6624003939983,-64.46746234323807,-64.42130383767528,-208.41709074617205,-1.4414870478273571,-6.422510426217093,0.0,85.65123232693577,91.13812642973792,6.58228874206543,84.5558376876725,237.23949821756284,257.35,20.110501782437154,3.2552151679992676,False,0.0,0.0,True,False,False,21304.7943463921,116.69928167570693
1156.724000000002,33.7,True,False,BLACKOUT,-849.1248214019444,-894.153250813972,-1253.5680864135336,88.2533214640761,2.1150200916121857,0.0,1296.9096329949266,1803.7204726424557,-64.13736437785406,-63.99127903156428,-210.21730064888837,-1.4328148763893225,-6.383871777633557,0.0,85.14971461315577,90.60069150637396,6.542688846588135,84.05800265978583,237.24325608473558,257.35,20.10674391526442,3.3701868057250977,False,0.0,0.0,True,False,False,21558.495833577414,116.43586176544463
1156.8240000000078,33.8,True,False,BLACKOUT,-855.5215520052011,-900.531128996217,-1274.6802849176502,88.2533214640761,2.1150200916121857,0.0,1305.940688643645,1824.9084664751763,-63.79724768728221,-63.56628461333651,-212.02666943344298,-1.3854901558974475,-6.173017638336927,0.0,84.78923618136879,90.05976544504287,6.326589107513428,83.73317633752944,237.0900598619706,257.35,20.25994013802941,3.239478349685669,False,0.0,0.0,True,False,False,21812.396357433106,116.20666397623319
1156.9230000000098,33.9,True,False,BLACKOUT,-861.8827070408256,-906.8675997956866,-1295.972386428996,88.2533214640761,2.1150200916121857,0.0,1314.9174407240346,1846.2265035219032,-63.42585302520805,-63.163131376054814,-213.81536079347194,-1.3757168242993336,-6.129472797484996,0.0,84.27963937635349,89.51212206848888,6.281960964202881,83.230161104286,237.31978590800028,257.35,20.030214091999714,3.171104669570923,False,0.0,0.0,True,False,False,22066.47957388746,115.97291564594121
1157.024000000005,34.0,True,False,BLACKOUT,-868.2074591620166,-913.1636961991985,-1317.4444030565257,88.2533214640761,2.1150200916121857,0.0,1323.8400029349577,1867.6755897413755,-63.069189398611044,-62.75879669418421,-215.62497175712144,-1.349382753982688,-6.012141988700893,0.0,83.84221700619362,88.97409293665105,6.1617112159729,82.81238172067815,237.3673835551657,257.35,19.982616444834278,2.990294933319092,False,[-188.65184299],198.67454141628122,True,False,False,22320.74406406957,115.8121283779213
1157.1240000000107,34.1,True,False,BLACKOUT,-874.4977302270623,-919.4173731395545,-1339.0958711915564,88.2533214640761,2.1150200916121857,0.0,1332.708347428932,1889.256280007831,-62.73623190230291,-62.31474211293586,-217.4043909434916,-1.3184826021904978,-5.874467115134634,0.0,83.41249649134646,88.42489399428891,6.02061128616333,82.40428270812558,237.28785421391797,257.35,20.062145786082034,2.9813199043273926,False,0.0,0.0,True,False,False,22575.186423354226,115.63277142891535
1157.224000000002,34.2,True,False,BLACKOUT,-880.7538798389389,-925.6273988925655,-1360.9262940157225,88.2533214640761,2.1150200916121857,0.0,1341.5218791207676,1910.9686888861063,-62.386760335228104,-61.88577294728419,-219.20406553983327,-1.300381387921327,-5.793817595913382,0.0,82.93282310420972,87.87466505431472,5.937955379486084,81.93670967482863,237.21712048550432,257.35,20.13287951449569,2.9254705905914307,False,0.0,0.0,True,False,False,22829.787860422402,115.50320742601026
1157.3240000000078,34.3,True,False,BLACKOUT,-886.9740274997539,-931.7953956550202,-1382.9362323565283,88.2533214640761,2.1150200916121857,0.0,1350.2803585948614,1932.8139252322085,-62.01619288107227,-61.47416230181089,-220.99470127628254,-1.2714107987121566,-5.664739841430613,0.0,82.49012174554368,87.32170869933631,5.805666446685791,81.51604225265052,237.11483649857882,257.35,20.235163501421184,2.775548219680786,False,0.0,0.0,True,False,False,23084.536408529635,115.39113228213407
1157.423999999999,34.4,True,False,BLACKOUT,-893.1562482913545,-937.923411820733,-1405.1246631408417,88.2533214640761,2.1150200916121857,0.0,1358.9838104553564,1954.7921413916172,-61.62822295093896,-61.086161012445174,-222.7739144099812,-1.2349870938931884,-5.502454911910182,0.0,82.07856797700244,86.7730196047655,5.639344215393066,81.13367538937243,237.1571286319923,257.35,20.1928713680077,2.753119707107544,False,0.0,0.0,True,False,False,23339.440175572956,115.30468734949953
1157.523000000001,34.5,True,False,BLACKOUT,-899.2986557314576,-944.0123717092991,-1427.4908965180348,88.2533214640761,2.1150200916121857,0.0,1367.6315107435933,1976.9031865067814,-61.21992585112534,-60.69303675887838,-224.55075313387835,-1.1930277227635568,-5.315505955994315,0.0,81.66945216381151,86.20628766065643,5.447744369506836,80.75854329114959,236.94050090787206,257.35,20.409499092127927,2.3015904426574707,False,0.0,0.0,True,False,False,23594.48276287465,115.21523361147935
1157.6230000000069,34.6,True,False,BLACKOUT,-905.4021266406925,-950.0603374744207,-1450.0347327220215,88.2533214640761,2.1150200916121857,0.0,1376.2227512667748,1999.147265011889,-60.8494923335723,-60.26627854355381,-226.32597094585867,-1.1783216740026503,-5.249983513987128,0.0,81.16305395106698,85.64277580007953,5.380591869354248,80.26218393072529,236.95938683109034,257.35,20.390613168909653,2.4140849113464355,False,0.0,0.0,True,False,False,23849.642807988308,115.16518179209166
1157.7230000000127,34.7,True,False,BLACKOUT,-911.4693580615062,-956.0658537090757,-1472.75699865905,88.2533214640761,2.1150200916121857,0.0,1384.7584709527,2021.5264529494716,-60.495136082702885,-59.84404614954402,-228.11934779470957,-1.1370623671416928,-5.066153677366406,0.0,80.77127223781639,85.09389725011715,5.192188739776611,79.90170851034054,236.74500093335615,257.35,20.604999066643853,2.5516064167022705,False,0.0,0.0,True,False,False,24104.939886466746,115.19472396116737
1157.823000000004,34.8,True,False,BLACKOUT,-917.5011498883246,-962.0281055810763,-1495.658291969533,88.2533214640761,2.1150200916121857,0.0,1393.238681428006,2044.0420127200098,-60.140700453662305,-59.40099129046818,-229.90651841494872,-1.0906373712528754,-4.859308239120938,0.0,80.38473200869772,84.53035914597437,4.980197429656982,79.55016171631739,236.61765902335452,257.35,20.73234097664547,2.3991074562072754,False,0.0,0.0,True,False,False,24360.371701614145,115.22711804751154
1157.923999999999,34.9,True,False,BLACKOUT,-923.4979797653172,-967.945735081954,-1518.7375858723638,88.2533214640761,2.1150200916121857,0.0,1401.6627855041597,2066.6935958212807,-59.79589708619011,-58.95159872708622,-231.67935964166983,-1.0846350302380496,-4.832564954949545,0.0,79.84912090081109,83.96928188820976,4.952788829803467,79.0164930584063,236.71406422242697,257.35,20.635935777573025,1.7945778369903564,False,0.0,0.0,True,False,False,24615.929959498673,115.27975806805213
1158.023000000001,35.0,True,False,BLACKOUT,-929.4599198117588,-973.8180145734855,-1541.9942793099992,88.2533214640761,2.1150200916121857,0.0,1410.0303293258598,2089.4812483110627,-59.4429038426454,-58.493991103542555,-233.4545091110433,-1.0306570885722428,-4.592067550788407,0.0,79.48212335831047,83.39667746659518,4.706308364868164,78.69036910172701,236.64364565748895,257.35,20.70635434251105,1.4386444091796875,False,[-199.55060526],195.07812469778884,True,False,False,24871.608235882948,115.35042396336661
1158.1240000000107,35.1,True,False,BLACKOUT,-935.3862889162144,-979.6467514843696,-1565.4291417299348,88.2533214640761,2.1150200916121857,0.0,1418.3420701888256,2112.406832465007,-59.08447824646754,-58.08074711413926,-235.24273928766806,-1.001373224779835,-4.461594009031558,0.0,79.04847037526649,82.85136543831906,4.572588920593262,78.2787765177258,236.90597520632184,257.35,20.444024793678143,1.2253544330596924,False,0.0,0.0,True,False,False,25127.43062153215,115.51532779911432
1158.2230000000127,35.2,True,False,BLACKOUT,-941.2759828329526,-985.4339406796241,-1589.0421470301717,88.2533214640761,2.1150200916121857,0.0,1426.5985904684867,2135.4714897101603,-58.709400088296775,-57.663036790951146,-237.01736671706928,-0.9903182868616976,-4.41233900244136,0.0,78.53107167843793,82.29106555806825,4.522108554840088,77.76895700322817,236.99232146491676,257.35,20.357678535083224,1.143848180770874,False,0.0,0.0,True,False,False,25383.4213757689,115.66980938710367
1158.3240000000078,35.3,True,False,BLACKOUT,-947.1289225368586,-991.1778310254338,-1612.8324177408829,88.2533214640761,2.1150200916121857,0.0,1434.7986197625926,2158.6744745302713,-58.34939398982221,-57.21477012524084,-238.7880474971555,-0.95061021131207,-4.2354206391394635,0.0,78.11166270937157,81.72014255655488,4.340788841247559,77.37935371530732,237.0191106376925,257.35,20.330889362307502,1.1586167812347412,False,0.0,0.0,True,False,False,25639.552704830123,115.83827295007504
1158.423999999999,35.4,True,False,BLACKOUT,-952.9459272127172,-996.8757964935652,-1636.7993395654148,88.2533214640761,2.1150200916121857,0.0,1442.9409298604842,2182.0152623362687,-57.990699527349065,-56.744539237387016,-240.55038899348511,-0.9341686213600292,-4.162165535633868,0.0,77.59093853754382,81.13485049554623,4.265711307525635,76.8691391880206,237.134363051813,257.35,20.215636948186972,0.9761490225791931,False,0.0,0.0,True,False,False,25895.79734758718,116.00846569298074
1158.524000000005,35.5,True,False,BLACKOUT,-958.7267726452425,-1002.5277497687297,-1660.9432185382232,88.2533214640761,2.1150200916121857,0.0,1451.0252969861751,2205.4946809507223,-57.62620912315701,-56.294526265902704,-242.32719046267874,-0.9076118128147016,-4.043842322097894,0.0,77.11765850600077,80.55962801185363,4.144444465637207,76.41518354621643,237.12810333735143,257.35,20.221896662648547,0.7963145971298218,False,0.0,0.0,True,False,False,26152.153597146556,116.24677031670822
1158.6230000000069,35.6,True,False,BLACKOUT,-964.4709426249738,-1008.1349560945661,-1685.2648715271243,88.2533214640761,2.1150200916121857,0.0,1459.052223392297,2229.1144155895945,-57.257190471469215,-55.84960025082629,-244.1058693153451,-0.8587443194252442,-3.82611439573884,0.0,76.72827255242677,79.98477173101891,3.921299934387207,76.0634717966317,236.99947934812002,257.35,20.35052065188,0.9064956903457642,False,0.0,0.0,True,False,False,26408.640935749045,116.5236862684024
1158.724000000002,35.7,True,False,BLACKOUT,-970.1776865015206,-1013.6990558038855,-1709.7645573657558,88.2533214640761,2.1150200916121857,0.0,1467.022302288037,2252.8757793173177,-56.87768705946998,-55.43239393556103,-245.88784745728287,-0.8257564013855001,-3.67913753051568,0.0,76.29035639597627,79.42179538805593,3.7706665992736816,75.65112878878224,237.10752304700753,257.35,20.242476952992455,0.6862347722053528,False,0.0,0.0,True,False,False,26665.288116959237,116.85729771679192
1158.8240000000078,35.8,True,False,BLACKOUT,-975.8465105371888,-1019.2207611247057,-1734.4416142390874,88.2533214640761,2.1150200916121857,0.0,1474.935669938817,2276.779072211917,-56.498793653895284,-55.001712480844894,-247.65329000934744,-0.8087794773831374,-3.603497259189892,0.0,75.78360117434174,78.849870387788,3.6931445598602295,75.15672582792777,237.09206612985543,257.35,20.25793387014458,0.723650336265564,False,0.0,0.0,True,False,False,26922.113982216208,117.1873166604233
1158.923999999999,35.9,True,False,BLACKOUT,-981.4775380835473,-1024.6985854279374,-1759.2952635584404,88.2533214640761,2.1150200916121857,0.0,1482.7913853096647,2300.823790890497,-56.121757273273595,-54.55477358378592,-249.41969637771274,-0.7635862249431782,-3.402139823874898,0.0,75.37319843546376,78.26796892866444,3.4867777824401855,74.78119114622426,237.04907569283728,257.35,20.300924307162703,0.6140420436859131,False,0.0,0.0,True,False,False,27179.10519333096,117.54186566496841
1159.023000000001,36.0,True,False,BLACKOUT,-987.0709146117363,-1030.1306958389175,-1784.3247769495686,88.2533214640761,2.1150200916121857,0.0,1490.588283446828,2325.0093204942405,-55.7457732905072,-54.087434635817104,-251.17057144484957,-0.7496958909845909,-3.3402517792982063,0.0,74.83211274050231,77.67265815742638,3.4233500957489014,74.24930806167748,237.18000328370564,257.35,20.16999671629435,0.608620822429657,False,[-209.56482932],190.05098666828755,True,False,False,27436.242256642934,117.88950011062946
1159.1240000000107,36.1,True,False,BLACKOUT,-992.6267429451281,-1035.5165092499803,-1809.5299798093574,88.2533214640761,2.1150200916121857,0.0,1498.3260340530087,2349.3360023951172,-55.37079337732775,-53.62883358544015,-252.9334857509284,-0.7066840738925738,-3.1486136760350627,0.0,74.40710616627827,77.08421726248218,3.2269444465637207,73.85727281591846,237.20589690910168,257.35,20.1441030908983,0.5317995548248291,False,0.0,0.0,True,False,False,27693.527358069565,118.29974909931116
1159.224000000002,36.2,True,False,BLACKOUT,-998.1450143363414,-1040.85637439218,-1834.9116014394413,88.2533214640761,2.1150200916121857,0.0,1506.0048717522075,2373.805227654206,-54.994634446940445,-53.16846925855404,-254.69894685075207,-0.677105157655187,-3.016825535297241,0.0,73.92957024247364,76.49376406773571,3.0918776988983154,73.4018863688374,237.1585429134568,257.35,20.191457086543174,0.4171437919139862,False,0.0,0.0,True,False,False,27950.977558394756,118.74731877645917
1159.3240000000078,36.3,True,False,BLACKOUT,-1003.6251913751495,-1046.1517301126928,-1860.4699734879546,88.2533214640761,2.1150200916121857,0.0,1513.625404908326,2398.418309768787,-54.60890632922191,-52.738645151705285,-256.46849411951723,-0.6467938576546219,-2.88177427654383,0.0,73.46847729371149,75.91770111713882,2.9534666538238525,72.96423446331497,237.25154893762044,257.35,20.09845106237956,0.33552852272987366,False,0.0,0.0,True,False,False,28208.62795033172,119.257118157427
1159.423999999999,36.4,True,False,BLACKOUT,-1009.0660117253263,-1051.4038357943184,-1886.2047425246747,88.2533214640761,2.1150200916121857,0.0,1521.1875948410948,2423.1756084570115,-54.20750067431624,-52.3034684808077,-258.22688661488417,-0.6312330391933526,-2.8124434289593134,0.0,72.93680836445341,75.32666157794888,2.882411003112793,72.44425057483609,237.31334499400575,257.35,20.036655005994255,0.33370405435562134,False,0.0,0.0,True,False,False,28466.496752682568,119.76269416314852
1159.524000000005,36.5,True,False,BLACKOUT,-1014.4666836202795,-1056.612190982602,-1912.1156170498984,88.2533214640761,2.1150200916121857,0.0,1528.6905236450655,2448.0769697965666,-53.80593722474499,-51.86363528486659,-259.99060388959265,-0.5978241845385988,-2.6635910909022136,0.0,72.46894260293459,74.73229252200723,2.729855537414551,72.00243698459268,237.27525397263787,257.35,20.07474602736212,0.3377927839756012,False,0.0,0.0,True,False,False,28724.573142027322,120.31000897843693
1159.6230000000069,36.6,True,False,BLACKOUT,-1019.8276157081011,-1061.7754100585298,-1938.201886409803,88.2533214640761,2.1150200916121857,0.0,1536.1335263216622,2473.122067988546,-53.41270453168741,-51.400746233687684,-261.7347833085007,-0.5626749329366703,-2.5069844566439565,0.0,71.99809420602139,74.12795504240826,2.569352865219116,71.55860217718914,237.35975023354683,257.35,19.990249766453168,0.3333546221256256,False,0.0,0.0,True,False,False,28982.857330066076,120.85008600035754
1159.7230000000127,36.7,True,False,BLACKOUT,-1025.149168580152,-1066.8923300009712,-1964.462719837786,88.2533214640761,2.1150200916121857,0.0,1543.516057379597,2498.310548554988,-53.018352909327426,-50.93765261514298,-263.4818852511615,-0.5364265432185398,-2.3900353956793152,0.0,71.49282294597997,73.52271893203468,2.4494943618774414,71.07322457015724,237.35936307906826,257.35,19.990636920931745,0.28909996151924133,False,0.0,0.0,True,False,False,29241.353114327703,121.42990201469613
1159.823000000004,36.8,True,False,BLACKOUT,-1030.4314385781897,-1071.9627658160498,-1990.8981377858504,88.2533214640761,2.1150200916121857,0.0,1550.8380581257115,2523.643017062892,-52.6270470514242,-50.47106368642596,-265.2264737101243,-0.5016508193446912,-2.2350930051141877,0.0,71.01947479332452,72.91731173728282,2.2906973361968994,70.62661440108592,237.19353624929676,257.35,20.156463750703246,0.2928791642189026,False,0.0,0.0,True,False,False,29500.076339126263,122.04142384191
1159.923999999999,36.9,True,False,BLACKOUT,-1035.674149336159,-1076.9875970388905,-2017.5087230826578,88.2533214640761,2.1150200916121857,0.0,1558.099938359961,2549.120802479147,-52.227168107962186,-50.02556077039032,-266.985232226024,-0.47949400453336144,-2.1363738564738943,0.0,70.50670888923055,72.32035549531929,2.1895222663879395,70.13083322893135,237.0828916172631,257.35,20.267108382736907,0.2784953713417053,False,0.0,0.0,True,False,False,29759.059501352822,122.72544311403361
1160.024000000005,37.0,True,False,BLACKOUT,-1040.8770829856155,-1081.967949774561,-2044.2950207093684,88.2533214640761,2.1150200916121857,0.0,1565.302320897336,2574.745324785289,-51.831504881167724,-49.58149394301746,-268.7407203081869,-0.4552902013827289,-2.028534401153543,0.0,70.0057097386599,71.72746642582597,2.0789999961853027,69.64846642964066,236.9828192278414,257.35,20.36718077215863,0.2569723129272461,False,[-220.21047042],186.7331658010491,True,False,False,30018.34436801338,123.4454844665203
1160.1240000000107,37.1,True,False,BLACKOUT,-1046.0399105947647,-1086.9042531082437,-2071.256940358,88.2533214640761,2.1150200916121857,0.0,1572.4452657231775,2600.5171460070046,-51.42504730181388,-49.144572730636945,-270.4976726644481,-0.4196524502806725,-1.8697512692725688,0.0,69.54465506539441,71.13174058653887,1.916266679763794,69.21547390677507,236.74340035167427,257.35,20.606599648325744,0.2606096565723419,False,0.0,0.0,True,False,False,30277.955748663826,124.20014043527041
1160.2230000000127,37.2,True,False,BLACKOUT,-1051.161874365044,-1091.7958968654125,-2098.393691701623,88.2533214640761,2.1150200916121857,0.0,1579.5278037198557,2626.435639435552,-51.014228103772176,-48.6883024127399,-272.2373542080159,-0.38279258892319223,-1.7055230549197986,0.0,69.07187429395496,70.51951687907479,1.7479528188705444,68.77156406020424,236.66225064758567,257.35,20.68774935241433,0.24728287756443024,False,0.0,0.0,True,False,False,30537.889793434362,124.94402082951154
1160.3240000000078,37.3,True,False,BLACKOUT,-1056.2437342969758,-1096.6414741345975,-2125.703997719832,88.2533214640761,2.1150200916121857,0.0,1586.5495089186431,2652.500109363252,-50.6229705348631,-48.22324297095996,-273.9687661561664,-0.37241769180661716,-1.6592979535548131,0.0,68.50780274258358,69.91542253616048,1.700577735900879,68.2148448002596,236.7651638865994,257.35,20.58483611340062,0.3629330098628998,False,0.0,0.0,True,False,False,30798.162085283457,125.72044922185523
1160.4230000000098,37.4,True,False,BLACKOUT,-1061.2856940757413,-1101.4408426918058,-2153.1871080701635,88.2533214640761,2.1150200916121857,0.0,1593.510430004117,2678.7105504125416,-50.21622504044184,-47.76412817320537,-275.69344085046015,-0.3602111826267149,-1.6049121492607006,0.0,67.94332448251149,69.304265362665,1.6448389291763306,67.65942643348868,236.92013069409532,257.35,20.429869305904674,0.34696587920188904,False,0.0,0.0,True,False,False,31058.800742617605,126.51127341531313
1160.523000000001,37.5,True,False,BLACKOUT,-1066.2875657945704,-1106.193108504943,-2180.8424635859255,88.2533214640761,2.1150200916121857,0.0,1600.4098125996295,2705.0666201121016,-49.82120933613997,-47.281188089540606,-277.4136694647838,-0.31847136476750215,-1.4189414075927511,0.0,67.48234389363041,68.68525057735465,1.4542416334152222,67.23100894393943,236.82566775476647,257.35,20.524332245233513,0.356891006231308,False,0.0,0.0,True,False,False,31319.80695189058,127.3238437454706
1160.6230000000069,37.6,True,False,BLACKOUT,-1071.2499123761297,-1110.8970240373897,-2208.6702731176833,88.2533214640761,2.1150200916121857,0.0,1607.247199301375,2731.568768128647,-49.425722295049816,-46.79712255938878,-279.14252117036864,-0.3086841185566496,-1.3753345705227293,0.0,66.90009165417177,68.06520920577442,1.4095499515533447,66.65565925422108,236.7192221879311,257.35,20.63077781206887,0.22179660201072693,False,0.0,0.0,True,False,False,31581.191815679344,128.19112655862932
1160.724000000002,37.7,True,False,BLACKOUT,-1076.1729298792754,-1115.5522691388785,-2236.670993274093,88.2533214640761,2.1150200916121857,0.0,1614.0225104481547,2758.217866011871,-49.034627767865054,-46.30777947038568,-280.8718819578201,-0.29128986059698425,-1.297834877916653,0.0,66.3461234930817,67.44483048989711,1.3301222324371338,66.11470825745998,236.73376183097218,257.35,20.61623816902783,0.15473215281963348,False,0.0,0.0,True,False,False,31842.98090775734,129.09822017205633
1160.8240000000078,37.8,True,False,BLACKOUT,-1081.0560148901025,-1120.1595516028888,-2264.8461332289608,88.2533214640761,2.1150200916121857,0.0,1620.7358015287764,2785.015717291251,-48.62707244867618,-45.837869809820226,-282.63091713953935,-0.26203458311029676,-1.1674887017485633,0.0,65.83782982509362,66.82591176804722,1.1965333223342896,65.62937844571293,236.6080493103186,257.35,20.74195068968141,0.12982375919818878,False,0.0,0.0,True,False,False,32105.203289170313,130.10356469745363
1160.923999999999,37.9,True,False,BLACKOUT,-1085.8984673449977,-1124.7205860630029,-2293.196662825735,88.2533214640761,2.1150200916121857,0.0,1627.3877554109183,2811.964053976593,-48.22197664922785,-45.38281939246296,-284.37967479594306,-0.2470310018139607,-1.100640610777818,0.0,65.2878761143709,66.21902542296729,1.1280221939086914,65.0910032290586,236.4957807341256,257.35,20.854219265874413,0.09936267882585526,False,0.0,0.0,True,False,False,32367.91157522858,131.13818208474902
1161.024000000005,38.0,True,False,BLACKOUT,-1090.7000354827867,-1129.2363076721572,-2321.7224053704704,88.2533214640761,2.1150200916121857,0.0,1633.9788385071336,2839.063537909704,-47.809386106551635,-44.93161279062714,-286.1351760987698,-0.22630436379375482,-1.008293579990523,0.0,64.75652583807641,65.60935320403777,1.033377766609192,64.57597543742858,236.5465466607293,257.35,20.803453339270728,0.11452115327119827,False,[-230.42371127],180.82149701161873,True,False,False,32631.15673357923,132.2250544987444
1161.1240000000107,38.1,True,False,BLACKOUT,-1095.4597406298492,-1133.706548905474,-2350.4230032030973,88.2533214640761,2.1150200916121857,0.0,1640.5082291688693,2866.313929763634,-47.38471683470164,-44.47321187571162,-287.8767805537672,-0.21605784399076883,-0.9626404606188954,0.0,64.17205167243645,64.9859828274282,0.9865888953208923,63.99939393210731,236.55642411613312,257.35,20.793575883866875,0.10692113637924194,False,0.0,0.0,True,False,False,32894.94827359892,133.30933809856708
1161.2230000000127,38.2,True,False,BLACKOUT,-1100.1774504754078,-1138.1308829081763,-2379.2974012009845,88.2533214640761,2.1150200916121857,0.0,1646.9755368555057,2893.7146615314787,-46.96948007647184,-44.013468178338954,-289.6111794039786,-0.2066763536307467,-0.9208414588578241,0.0,63.590363181896514,64.36860601053701,0.9437500238418579,63.42485598669515,236.54174454480184,257.35,20.80825545519816,0.09545303136110306,False,0.0,0.0,True,False,False,33159.30904433004,134.42385754221212
1161.3240000000078,38.3,True,False,BLACKOUT,-1104.853870798759,-1142.5079816224747,-2408.3443562812026,88.2533214640761,2.1150200916121857,0.0,1653.380351970554,2921.2649874179156,-46.55892639055312,-43.52850610763084,-291.3279222003877,-0.18356630952816416,-0.8178752203315175,0.0,63.04658605694562,63.73746520377948,0.8382222056388855,62.89924299814059,236.51568473366433,257.35,20.83431526633567,0.08214303851127625,False,0.0,0.0,True,False,False,33424.262801540695,135.5309112527711
1161.423999999999,38.4,True,False,BLACKOUT,-1109.489516074064,-1146.8365753777343,-2437.5633062311254,88.2533214640761,2.1150200916121857,0.0,1659.7221675947674,2948.964656534542,-46.15397911554573,-43.043368997565224,-293.05107679806116,-0.160459933348827,-0.7149253241478781,0.0,62.50680723390677,63.11039060930292,0.732711136341095,62.37767947296182,236.4971468257781,257.35,20.852853174221888,0.09547653049230576,False,0.0,0.0,True,False,False,33689.82955590138,136.69494269220456
1161.523000000001,38.5,True,False,BLACKOUT,-1114.0842374329295,-1151.116804644221,-2466.9544437259665,88.2533214640761,2.1150200916121857,0.0,1666.0009745249101,2976.814316435817,-45.74044806176269,-42.561216332170744,-294.7716730987595,-0.15825842232134246,-0.7051165453948797,0.0,61.88432032176271,62.47916232284687,0.7226583361625671,61.7565039866843,236.60258983109762,257.35,20.747410168902384,0.09203412383794785,False,0.0,0.0,True,False,False,33956.04619971714,137.88973841604502
1161.6230000000069,38.6,True,False,BLACKOUT,-1118.6374447592218,-1155.3493346435891,-2496.5178943677824,88.2533214640761,2.1150200916121857,0.0,1672.216808334863,3004.814578468392,-45.323698464084096,-42.08938365518892,-296.49733973756094,-0.15381039315124828,-0.6852984597838399,0.0,61.27493010366445,61.8526786722847,0.7023472189903259,61.15033145329438,236.5965626731263,257.35,20.753437326873705,0.0923672765493393,False,0.0,0.0,True,False,False,34222.953223327524,139.1390812484493
1161.7230000000127,38.7,True,False,BLACKOUT,-1123.1479855974164,-1159.5356779763692,-2526.254394091812,82.8780380943458,-10.236618994033911,0.0,1665.9493079921263,3026.111095195884,-44.887118299808904,-41.63748300041425,-298.2326547430326,-0.31472007915733247,-0.369925633727914,0.0,60.74298292110037,61.225267495298255,0.4856888949871063,60.73957860031115,236.7425200034561,229.61,7.132520003456071,0.08990851789712906,False,0.0,0.0,True,False,False,34490.59882072871,140.4482770817561
1161.823000000004,38.8,True,False,BLACKOUT,-1127.6155780493682,-1163.6749812111896,-2556.1637553584715,82.8780380943458,-10.236618994033911,0.0,1672.0391293743337,3054.4537964040646,-44.46473073922408,-41.148581695991815,-299.9545705901543,-0.3777440060453669,-0.4440046888568459,0.0,60.00437474502386,60.58314992886563,0.5829499959945679,60.00019993287106,236.8284311900005,229.61,7.218431190000473,0.09329347312450409,False,0.0,0.0,True,False,False,34758.9984301695,141.76069643891282
1161.923999999999,38.9,True,False,BLACKOUT,-1132.0405444395262,-1167.7662009673613,-2586.2453461269333,82.8780380943458,-10.236618994033911,0.0,1678.0649258385263,3082.9477591572454,-44.03459706393685,-40.67581342744503,-301.6772447790853,-0.30186113876926673,-0.3548110859530747,0.0,59.48390892773476,59.946372171863686,0.46584445238113403,59.48052771948255,236.7401096838866,229.61,7.130109683886595,0.09458115696907043,False,0.0,0.0,True,False,False,35028.17790774309,143.1184603604908
1162.023000000001,39.0,True,False,BLACKOUT,-1136.4217676215496,-1171.8107243512507,-2616.4992458727656,82.8780380943458,-10.236618994033911,0.0,1684.026846120702,3111.593598481008,-43.589866576531996,-40.21465425034128,-303.40075013756564,-0.24348111026355576,-0.2861905228804766,0.0,58.93378783537913,59.30678616005384,0.37575000524520874,58.93103615480863,236.78031735074094,229.61,7.170317350740928,0.10483896732330322,False,[-241.37895797],178.45197611798037,True,False,False,35298.18657213997,144.5162046156676
1162.1240000000107,39.1,True,False,BLACKOUT,-1140.7584483799994,-1175.809571523372,-2646.9257913903134,82.8780380943458,-10.236618994033911,0.0,1689.9250157031345,3140.392125806342,-43.143748592460824,-39.76228919208101,-305.1301602133865,-0.2472286259700183,-0.2905953963360575,0.0,58.29344762784746,58.67216277251204,0.38153332471847534,58.29062944779356,236.90658538470387,229.61,7.29658538470385,0.09671671688556671,False,0.0,0.0,True,False,False,35569.07436325832,145.97248195603632
1162.224000000002,39.2,True,False,BLACKOUT,-1145.0509840324794,-1179.7620290096506,-2677.524306032819,82.8780380943458,-10.236618994033911,0.0,1695.7592305671044,3169.343114503393,-42.706964457138774,-39.28686053349355,-306.8401326367306,-0.18788742464954228,-0.22084505958147496,0.0,57.74102074524394,58.02880512057342,0.2899555563926697,57.738849564180754,236.77430031741585,229.61,7.164300317415838,0.09039267897605896,False,0.0,0.0,True,False,False,35840.87958571139,147.42020360669838
1162.3240000000078,39.3,True,False,BLACKOUT,-1149.3005413434578,-1183.66604344786,-2708.2934165402326,82.8780380943458,-10.236618994033911,0.0,1701.5289200596624,3198.4455436781423,-42.28418176242936,-38.79342823069087,-308.54207751153984,-0.10177715875830903,-0.11963005364482096,0.0,57.22777231018782,57.38363966504675,0.15706667304039001,57.22657299200636,236.817963298619,229.61,7.207963298618967,0.08782973140478134,False,0.0,0.0,True,False,False,36113.627287399824,148.8911899668197
1162.423999999999,39.4,True,False,BLACKOUT,-1153.507091984534,-1187.520822631637,-2739.2327637843127,82.8780380943458,-10.236618994033911,0.0,1707.2335183022838,3227.6992456243875,-41.8468310590987,-38.30215544485368,-310.24486737006873,-0.13306052212206462,-0.15640088202178207,0.0,56.52554505335928,56.72929033057334,0.20534443855285645,56.523945892020485,236.95211131055981,229.61,7.342111310559794,0.0971718430519104,False,0.0,0.0,True,False,False,36387.34547020005,150.40036934826512
1162.523000000001,39.5,True,False,BLACKOUT,-1157.6701152860153,-1191.3266015475895,-2770.342757319237,82.8780380943458,-10.236618994033911,0.0,1712.872811315476,3257.10488943401,-41.41363497052467,-37.81342287419625,-311.95500332841283,-0.08294233708308978,-0.09749138564812602,0.0,55.952816208023684,56.0798012740296,0.12800000607967377,55.951801267949925,236.92004724227905,229.61,7.310047242279044,0.08956968039274216,False,0.0,0.0,True,False,False,36662.07668871588,151.9731697705043
1162.6240000000107,39.6,True,False,BLACKOUT,-1161.788639707228,-1195.084406439151,-2801.624240759674,82.8780380943458,-10.236618994033911,0.0,1718.4468040190234,3286.6636281578035,-40.956853453728435,-37.3426749570367,-313.6746654803287,-0.0628907353565823,-0.07392250025702307,0.0,55.32879988302935,55.42507751710486,0.09705555438995361,55.32802196271491,236.87862507749952,229.61,7.268625077499522,0.09479318559169769,False,0.0,0.0,True,False,False,36937.87371502391,153.60793239355488
1162.724000000002,39.7,True,False,BLACKOUT,-1165.8612245073903,-1198.7954031931456,-2833.0773878444484,82.8780380943458,-10.236618994033911,0.0,1723.9552573834387,3316.375915811644,-40.49484254951557,-36.87726012285031,-315.3882762151495,-0.05215575283356358,-0.061304477207719775,0.0,54.69026883675412,54.77010669405732,0.0804888904094696,54.68961780364785,237.02114843377697,229.61,7.411148433776955,0.09554509818553925,False,0.0,0.0,True,False,False,37214.78226247032,155.2704391233177
1162.8240000000078,39.8,True,False,BLACKOUT,-1169.8876070172817,-1202.4604195710795,-2864.701736137065,82.8780380943458,-10.236618994033911,0.0,1729.398552166136,3346.2419800816915,-40.032807648312094,-36.423067435825914,-317.09868963718657,-0.02824503173099762,-0.03319953811250463,0.0,54.07945557933244,54.12268960095643,0.04358888790011406,54.07910071305631,236.91205093072642,229.61,7.302050930726422,0.09257674217224121,False,0.0,0.0,True,False,False,37492.866508473686,156.96828102229165
1162.923999999999,39.9,True,False,BLACKOUT,-1173.8682456441973,-1206.0785861323018,-2896.4963014193722,82.8780380943458,-10.236618994033911,0.0,1734.7764213464975,3376.2612541383496,-39.579964889997875,-35.94026378861832,-318.7926160089622,-0.033205733132681756,-0.03903040411465625,0.0,53.41202784335847,53.4628486136769,0.05124444514513016,53.41160416853177,236.81656024368127,229.61,7.2065602436812455,0.09433162212371826,False,0.0,0.0,True,False,False,37772.16755910771,158.66472981172464
1163.024000000005,40.0,True,False,BLACKOUT,-1177.8033673104217,-1209.6479104326816,-2928.4598095353226,82.8780380943458,-10.236618994033911,0.0,1740.0876564023617,3406.432431155434,-39.122468434493065,-35.44622221897596,-320.477546310042,-0.022895538803157017,-0.026911682038138478,0.0,52.75702947984661,52.79206574860404,0.03533333167433739,52.7567324169297,236.88502094372262,229.61,7.27502094372259,0.09511777758598328,False,[-253.49122257],179.48084457098858,True,False,False,38052.69651701214,160.37812793324198
1163.1230000000069,40.1,True,False,BLACKOUT,-1181.6930807051451,-1213.1671647345336,-2960.5914865057684,82.8780380943458,-10.236618994033911,0.0,1745.3314906851742,3436.7548592164335,-38.671799459976135,-34.93886381806683,-322.1559930988723,-0.04512689178072094,-0.05304267234823887,0.0,52.048442346545265,52.117485341965896,0.06964166462421417,52.04784367734168,236.80406370160233,229.61,7.194063701602293,0.09548909217119217,False,0.0,0.0,True,False,False,38334.47943654241,162.11683638157007
1163.224000000002,40.2,True,False,BLACKOUT,-1185.537653850995,-1216.6363697554775,-2992.891846922869,82.8780380943458,-10.236618994033911,0.0,1750.5081337173074,3467.229489605185,-38.2196634570193,-34.445236600811874,-323.85121524313394,-0.01702765838074425,-0.020014507286172583,0.0,51.42506488233137,51.45111271152186,0.026277778670191765,51.42483493285167,236.73284612878916,229.61,7.122846128789154,0.10222142189741135,False,0.0,0.0,True,False,False,38617.580168718516,163.9466793631119
1163.3240000000078,40.3,True,False,BLACKOUT,-1189.336726637945,-1220.0563680864832,-3025.3619530111177,82.8780380943458,-10.236618994033911,0.0,1755.6179062930962,3497.8577986568007,-37.76179228198424,-33.954730019300726,-325.5509065218447,-0.02609227556650471,-0.030669163531562807,0.0,50.742733074995925,50.78264119786728,0.04026666656136513,50.74237453130591,236.74891232304012,229.61,7.138912323040096,0.09749885648488998,False,0.0,0.0,True,False,False,38902.07288802457,165.83294268795012
1163.423999999999,40.4,True,False,BLACKOUT,-1193.0895082467612,-1223.4284047396402,-3058.0020191102076,82.8780380943458,-10.236618994033911,0.0,1760.661094111061,3528.6405083542395,-37.293839894340664,-33.48600304384019,-327.25041545995623,-0.027244253409190802,-0.03202321165787613,0.0,50.07961578603368,50.121281846305465,0.042044445872306824,50.07923740043316,236.66420981070465,229.61,7.054209810704632,0.09426740556955338,False,0.0,0.0,True,False,False,39188.027596054104,167.76052101074708
1163.523000000001,40.5,True,False,BLACKOUT,-1196.795722405504,-1226.7530908563065,-3090.811839227113,82.8780380943458,-10.236618994033911,0.0,1765.6379186073395,3559.5779363753995,-36.830443280513215,-33.00771928948476,-328.9459868781541,-0.028414229585545646,-0.03339841523447495,0.0,49.41351211342241,49.45696194604482,0.04385000094771385,49.41311194509711,236.6404686353284,229.61,7.030468635328381,0.09021548181772232,False,0.0,0.0,True,False,False,39475.511534693454,169.7231836119486
1163.6230000000069,40.6,True,False,BLACKOUT,-1200.4558354627627,-1230.029109233855,-3123.7904657134577,82.8780380943458,-10.236618994033911,0.0,1770.5478107818938,3590.6693559762443,-36.371817864661885,-32.51264826148474,-330.6265428487418,-0.02993519740783714,-0.035186178465367104,0.0,48.73928578830861,48.78505336427505,0.04619722068309784,48.73885614359195,236.76834412800656,229.61,7.158344128006542,0.08979535847902298,False,0.0,0.0,True,False,False,39764.56501951464,171.6894982461985
1163.7230000000127,40.7,True,False,BLACKOUT,-1204.0706158908104,-1233.2549636405774,-3156.936821980804,82.8780380943458,-10.236618994033911,0.0,1775.3902977475618,3621.9139701702516,-35.92379069629118,-32.00443987296439,-332.30058249818,-0.03563748278055711,-0.041888710874004184,0.0,48.05792565088154,48.11239870940888,0.054997220635414124,48.057401488773465,236.6365896806454,229.61,7.026589680645388,0.08687129616737366,False,0.0,0.0,True,False,False,40055.229045100124,173.68258690231923
1163.823000000004,40.8,True,False,BLACKOUT,-1207.6403165903412,-1236.4299887524203,-3190.2513503752616,82.8780380943458,-10.236618994033911,0.0,1780.1651057746017,3653.3123986854284,-35.47022329432853,-31.496062363892253,-333.98998539097795,-0.017006058449190068,-0.01998911847593189,0.0,47.409638253474,47.43562674804367,0.026244444772601128,47.409382303271066,236.52016565377465,229.61,6.910165653774636,0.09230824559926987,False,0.0,0.0,True,False,False,40347.55972582308,175.76541395453674
1163.9230000000098,40.9,True,False,BLACKOUT,-1211.1647596946789,-1239.5540021702395,-3223.7344814041016,82.8780380943458,-10.236618994033911,0.0,1784.8719817087276,3684.865261808444,-35.01863879242798,-30.98420599249454,-335.6726351858226,-0.03634847006714399,-0.042724413582478846,0.0,46.702632886124256,46.75816595911217,0.056094445288181305,46.70207151382399,236.4240628096095,229.61,6.814062809609497,0.08870316296815872,False,0.0,0.0,True,False,False,40641.61764113585,177.8751461788025
1164.024000000005,41.0,True,False,BLACKOUT,-1214.643275436464,-1242.628127881016,-3257.3861023536174,82.8780380943458,-10.236618994033911,0.0,1789.5112154561787,3716.5729657911925,-34.551676043271065,-30.498308223036098,-337.3597838044848,-0.02116757566003728,-0.024880614104727423,0.0,46.054161649828536,46.08649609013971,0.03266666829586029,46.05382942184385,236.23099430867984,229.61,6.620994308679811,0.08779078722000122,False,[-265.54573905],178.43881988807715,True,False,False,40937.47844858933,180.03897870301964
1164.1240000000107,41.1,True,False,BLACKOUT,-1218.075040917457,-1245.6536938770737,-3291.2061226091378,82.8780380943458,-10.236618994033911,0.0,1794.0831259177642,3748.4359410563134,-34.08363357659379,-30.013011698116568,-339.04062130592354,-0.02586187951517957,-0.030398353338825616,0.0,45.37498116751976,45.414479507914585,0.03991110995411873,45.374568397960466,236.1258940989231,229.61,6.515894098923088,0.08500855416059494,False,0.0,0.0,True,False,False,41235.22037172201,182.23003008295083
1164.2230000000127,41.2,True,False,BLACKOUT,-1221.4600118072988,-1248.6301128128216,-3325.193985026107,82.8780380943458,-10.236618994033911,0.0,1798.5872772690038,3780.4538394229508,-33.61578422023737,-29.51536701683809,-340.7166270334647,-0.0223231502727296,-0.026238889916250698,0.0,44.700439643757896,44.73452625076311,0.034449998289346695,44.700076252473764,236.05122087377111,229.61,6.441220873771113,0.08493682742118835,False,0.0,0.0,True,False,False,41534.89636867104,184.4547904224957
1164.3240000000078,41.3,True,False,BLACKOUT,-1224.798547027912,-1251.555584103539,-3359.3487157748223,82.8780380943458,-10.236618994033911,0.0,1803.022691043444,3812.6256856129335,-33.15492019202783,-28.994058797511208,-342.3779879408406,-0.015177295223160884,-0.01783956895516885,0.0,44.02117490535272,44.044343320036816,0.023422222584486008,44.02092109745233,235.89381064192025,229.61,6.28381064192025,0.08677595108747482,False,0.0,0.0,True,False,False,41836.53799205403,186.68446056339906
1164.425000000003,41.4,True,False,BLACKOUT,-1228.0911279707225,-1254.4288209613892,-3393.6701800046744,82.8780380943458,-10.236618994033911,0.0,1807.3888319367575,3844.9514535898466,-32.69669866417924,-28.470678359487877,-344.05129665620285,-0.004274914135824614,-0.00502478369051495,0.0,43.34844869369269,43.35497237671305,0.0065972222946584225,43.34837515441839,235.74924605261174,229.61,6.139246052611713,0.09173580259084702,False,0.0,0.0,True,False,False,42140.19785078032,188.99914285657812
1164.524000000005,41.5,True,False,BLACKOUT,-1231.3384287161468,-1257.2496575030696,-3428.158738000569,82.8780380943458,-10.236618994033911,0.0,1811.6860765175054,3877.431981708647,-32.24931624431072,-27.946052474120982,-345.71986326169105,-0.006472670057141253,-0.007608051507901019,0.0,42.66330552722357,42.673179482104295,0.00998888909816742,42.66319059300613,235.65917547393195,229.61,6.0491754739319346,0.09253749996423721,False,0.0,0.0,True,False,False,42445.96457767967,191.34630281647475
1164.625,41.6,True,False,BLACKOUT,-1234.5398394793965,-1260.0195923094534,-3462.8147763411275,82.8780380943458,-10.236618994033911,0.0,1815.9150157813096,3910.068224441421,-31.778899020684925,-27.452643653554194,-347.4009035494808,-0.013499729104071372,-0.015867738268718012,0.0,41.97400701361683,41.99459568249132,0.02083333395421505,41.97376234853711,235.53068388391438,229.61,5.920683883914355,0.08790630102157593,False,0.0,0.0,True,False,False,42753.93468899205,193.7725064971818
1164.7230000000127,41.7,True,False,BLACKOUT,-1237.6951091847761,-1262.7398712146014,-3497.6388587619,82.8780380943458,-10.236618994033911,0.0,1820.0763264593559,3942.861324020797,-31.326495086907126,-26.952934449401642,-349.0807448659582,-0.025370490728080338,-0.029820769255340423,0.0,41.28697677500262,41.32565752488105,0.039152778685092926,41.28650474619596,235.5746993983886,229.61,5.9646993983885865,0.08169353753328323,False,0.0,0.0,True,False,False,43064.21050799193,196.2429790588505
1164.8240000000078,41.8,True,False,BLACKOUT,-1240.8041257265834,-1265.4100634362915,-3532.6311600956083,82.8780380943458,-10.236618994033911,0.0,1824.1696320382866,3975.8115850388513,-30.85383574923906,-26.450909984397168,-350.7652818082093,-0.029541005898792123,-0.034722841190592386,0.0,40.59497616219557,40.64000269984863,0.045588888227939606,40.59441381162069,235.47090337325534,229.61,5.860903373255318,0.08155716955661774,False,0.0,0.0,True,False,False,43376.86011955432,198.77910268479368
1164.923999999999,41.9,True,False,BLACKOUT,-1243.866011731424,-1268.0298964864262,-3567.7907246346044,82.8780380943458,-10.236618994033911,0.0,1828.1941096757582,4008.918103109847,-30.383884347569474,-25.945751018300797,-352.42600897172065,-0.01158456735879526,-0.013616634925678524,0.0,39.936852500120885,39.954504426286334,0.01787777803838253,39.93662664824795,235.49521527567634,229.61,5.885215275676308,0.08137490600347519,False,0.0,0.0,True,False,False,43691.92887185886,201.28619179994945
1165.024000000005,42.0,True,False,BLACKOUT,-1246.8814521327388,-1270.5981749204175,-3603.1163879387523,82.8780380943458,-10.236618994033911,0.0,1832.149435364422,4042.180013128927,-29.924923678726223,-25.419817661524732,-354.08725711123327,-0.009287813662224137,-0.010917003974275955,0.0,39.24993632907411,39.26408265989101,0.014333333820104599,39.249749326070905,235.46170637872137,229.61,5.851706378721364,0.09051036834716797,False,[-277.58285713],176.55695231469645,True,False,False,44009.476405594345,203.84886463635524
1165.1230000000069,42.1,True,False,BLACKOUT,-1249.8515732401468,-1273.1130792446081,-3638.608227621662,82.8780380943458,-10.236618994033911,0.0,1836.035176891447,4075.5975028084977,-29.477498469429307,-24.87826882228682,-355.74953654696895,-0.024879099527041502,-0.029243182334482608,0.0,38.534800674239264,38.57267394943182,0.038394443690776825,38.53427950574104,235.17620720610438,229.61,5.5662072061043695,0.09707118570804596,False,0.0,0.0,True,False,False,44329.56991459586,206.46700344790807
1165.2230000000127,42.2,True,False,BLACKOUT,-1252.7763329231275,-1275.574250967483,-3674.2660306452703,82.8780380943458,-10.236618994033911,0.0,1839.8510596529975,4109.170571497369,-29.017695190184615,-24.345165635211554,-357.4065239251943,-0.015650685676591367,-0.01839599758836855,0.0,37.85380174359571,37.877615077461634,0.02415277808904648,37.85346229937259,235.08598730806975,229.61,5.475987308069723,0.10515353828668594,False,0.0,0.0,True,False,False,44652.28158154185,209.11553442077908
1165.3240000000078,42.3,True,False,BLACKOUT,-1255.6543792140246,-1277.9827181964813,-3710.0901674787024,82.8780380943458,-10.236618994033911,0.0,1843.5968117320044,4142.899739922577,-28.543230627759055,-23.824178944752877,-359.0762127434546,-0.02699225742631148,-0.03172701265489825,0.0,37.13834433217009,37.17939640528136,0.04165555536746979,37.13774084991389,234.98788758424558,229.61,5.377887584245567,0.09312323480844498,False,0.0,0.0,True,False,False,44977.6919081809,211.85461348231988
1165.4230000000098,42.4,True,False,BLACKOUT,-1258.484668109798,-1280.3396430845255,-3746.0818992981326,82.8780380943458,-10.236618994033911,0.0,1847.2724762197686,4176.786467806108,-28.06254728770766,-23.31431881612952,-360.75842364515734,-0.03077758266875223,-0.03617632787789087,0.0,36.43695967695004,36.48375011063089,0.0474972240626812,36.43625288656821,234.68266485815823,229.61,5.072664858158221,0.0993465930223465,False,0.0,0.0,True,False,False,45305.900914507816,214.6826096593284
1165.523000000001,42.5,True,False,BLACKOUT,-1261.266877441461,-1282.645439129813,-3782.241604534646,82.8780380943458,-10.236618994033911,0.0,1850.8781049869508,4210.831427947799,-27.581639345556468,-22.801602089620758,-362.4356810851058,-0.025426288941968907,-0.029886355123547124,0.0,35.74767007112882,35.78630865068017,0.03923888877034187,35.74706976190983,234.62368393514083,229.61,5.013683935140812,0.10165658593177795,False,0.0,0.0,True,False,False,45637.003452916724,217.54665518116744
1165.6230000000069,42.6,True,False,BLACKOUT,-1264.0017177563498,-1284.8993186210905,-3818.5678171935683,82.8780380943458,-10.236618994033911,0.0,1854.4136740600693,4245.033598105841,-27.115166952219184,-22.27598773592969,-364.08857209334076,-0.047754841611526655,-0.05613159507973062,0.0,35.01952034630882,35.09204907750485,0.07369722425937653,35.01835185324548,234.70136039422067,229.61,5.091360394220641,0.10981370508670807,False,0.0,0.0,True,False,False,45971.07398270539,220.3778719295986
1165.7230000000127,42.7,True,False,BLACKOUT,-1266.6899483978991,-1287.1008443116698,-3855.0602569760886,82.8780380943458,-10.236618994033911,0.0,1857.8794363630645,4279.393132790827,-26.64944587876973,-21.754526075654642,-365.76022355705845,-0.04299213394989678,-0.050533453217582534,0.0,34.33608417729138,34.4013425671414,0.06634721904993057,34.33499534809147,234.65636791893803,229.61,5.0463679189380235,0.09890568256378174,False,0.0,0.0,True,False,False,46308.20737613226,223.32263657136522
1165.8240000000078,42.8,True,False,BLACKOUT,-1269.330975018604,-1289.250777950973,-3891.7199530168145,82.8780380943458,-10.236618994033911,0.0,1861.2754857774883,4313.911291005579,-26.171086535325717,-21.244146710413848,-367.4336972574612,-0.03111777434891179,-0.036576193127063866,0.0,33.66094196647703,33.70815242479324,0.04802222177386284,33.66013020301938,234.70411846428544,229.61,5.094118464285426,0.09478750824928284,False,0.0,0.0,True,False,False,46648.51148271919,226.323651492215
1165.923999999999,42.9,True,False,BLACKOUT,-1271.9234331413718,-1291.3496780648438,-3928.545908236281,82.8780380943458,-10.236618994033911,0.0,1864.6012165029372,4348.587201575272,-25.67807592002774,-20.733855566997768,-369.08540713186494,-0.043314327296387595,-0.05091216301647004,0.0,32.93820198141465,33.00388385671954,0.06684444099664688,32.93703941572289,234.89705757221105,229.61,5.287057572211041,0.09589986503124237,False,0.0,0.0,True,False,False,46992.05149481635,229.30279064561083
1166.024000000005,43.0,True,False,BLACKOUT,-1274.4673530529976,-1293.397186452969,-3965.5372555282775,82.8780380943458,-10.236618994033911,0.0,1867.8564058166974,4383.420271629589,-25.200322312489597,-20.21631219550296,-370.7415387080615,-0.04825343118045715,-0.05671764304575358,0.0,32.2340785742292,32.307205441501786,0.07446666806936264,32.23273877343242,234.86715302792072,229.61,5.257153027920708,0.09104317426681519,False,[-289.92180779],175.32603778964247,True,False,False,47338.904309505255,232.34634022996215
1166.1240000000107,43.1,True,False,BLACKOUT,-1276.9630709829562,-1295.391903336839,-4002.692977128251,82.8780380943458,-10.236618994033911,0.0,1871.0403381035972,4418.409557291248,-24.714036286680717,-19.678025481896757,-372.37289329141043,-0.02430671099661409,-0.02857039021259483,0.0,31.554458194057506,31.591268990744094,0.03751111030578613,31.553757880438308,234.96193996215487,229.61,5.3519399621548445,0.09531334787607193,False,0.0,0.0,True,False,False,47689.130722022004,235.36759696263942
1166.2230000000127,43.2,True,False,BLACKOUT,-1279.410864005495,-1297.3326553198574,-4040.0120887188486,82.8780380943458,-10.236618994033911,0.0,1874.1524109607615,4453.554191486219,-24.241824164095274,-19.13701417847241,-374.009338520544,-0.01406311726069461,-0.016529951246776732,0.0,30.863851386793893,30.885131543672717,0.021702777594327927,30.86342876607839,235.22735452691683,229.61,5.617354526916796,0.0914057120680809,False,0.0,0.0,True,False,False,48042.79716749478,238.45450573102727
1166.3240000000078,43.3,True,False,BLACKOUT,-1281.8110906597235,-1299.218897032349,-4077.495562103466,82.8780380943458,-10.236618994033911,0.0,1877.1925130993852,4488.855287287601,-23.762708920475195,-18.587820071361875,-375.6601291718019,-0.008258234023546975,-0.009706824117525837,0.0,30.15659495437937,30.169080036430593,0.01274444442242384,30.15633559200817,235.3051715573052,229.61,5.695171557305179,0.0873149037361145,False,0.0,0.0,True,False,False,48400.01133465876,241.6560699064959
1166.423999999999,43.4,True,False,BLACKOUT,-1284.1633726485443,-1301.051288308002,-4115.144149949945,82.8780380943458,-10.236618994033911,0.0,1880.1608253556503,4524.313882133875,-23.282930855939462,-18.060005441699552,-377.311627757776,-0.018258832753876207,-0.02146164393353827,0.0,29.43864852010562,29.466229242926136,0.0281777773052454,29.43805146562089,235.22815799948523,229.61,5.618157999485234,0.08121991157531738,False,0.0,0.0,True,False,False,48760.88815564932,244.89659773100365
1166.524000000005,43.5,True,False,BLACKOUT,-1286.4666997395584,-1302.8316787977835,-4152.957239932286,82.8780380943458,-10.236618994033911,0.0,1883.0578853722109,4559.929915729896,-22.783610964343193,-17.547804353927518,-378.95017188905837,-0.011159775544391886,-0.013117329696834063,0.0,28.74108178520683,28.757927015316262,0.017222221940755844,28.740704793375507,235.2123697930512,229.61,5.602369793051195,0.09461036324501038,False,0.0,0.0,True,False,False,49125.536737693124,248.13841266336215
1166.6230000000069,43.6,True,False,BLACKOUT,-1288.7204481580218,-1304.56068302712,-4190.934893778581,82.8780380943458,-10.236618994033911,0.0,1885.8836629614539,4595.703697380391,-22.29135740492602,-17.03228023279972,-380.6029050368507,-0.009975399614829222,-0.01172520048318917,0.0,28.038532017113894,28.053577042558587,0.015394444577395916,28.03818259798119,235.1992282622959,229.61,5.589228262295876,0.09013157337903976,False,0.0,0.0,True,False,False,49494.060390670405,251.48551055523333
1166.7230000000127,43.7,True,False,BLACKOUT,-1290.9248311382858,-1306.2378763196552,-4229.076524726306,82.8780380943458,-10.236618994033911,0.0,1888.638023153564,4631.634898660789,-21.79630220035096,-16.511585617907926,-382.229713917658,-0.015845081439669603,-0.01862449262447582,0.0,27.320433360194798,27.344309265851425,0.024452777579426765,27.319856488272,235.0232305783242,229.61,5.4132305783241685,0.07942783832550049,False,0.0,0.0,True,False,False,49866.55025525472,254.78954588596582
1166.8240000000078,43.8,True,False,BLACKOUT,-1293.0794923073202,-1307.862445023109,-4267.381217459106,82.8780380943458,-10.236618994033911,0.0,1891.320150013395,4667.722610114,-21.296921180337016,-15.979788451169535,-383.8641407383337,-0.009187015389769388,-0.010798524514953433,0.0,26.611581410263046,26.625410620413323,0.0141777778044343,26.61123284260889,234.9526429217333,229.61,5.342642921733283,0.08317610621452332,False,0.0,0.0,True,False,False,50243.07417086756,258.18891902860366
1166.923999999999,43.9,True,False,BLACKOUT,-1295.1850536297898,-1309.4326813932355,-4305.848731258269,82.8780380943458,-10.236618994033911,0.0,1893.9293263809695,4703.966580430214,-20.81430526905333,-15.424938951358538,-385.4861352449395,-0.007682245705688829,-0.00902980076371233,0.0,25.895285605204155,25.906833953350592,0.011855555698275566,25.894978397652316,235.05698466644563,229.61,5.4469846664456165,0.0876045823097229,False,0.0,0.0,True,False,False,50623.7158958406,261.60245897090545
1167.024000000005,44.0,True,False,BLACKOUT,-1297.24210770985,-1310.9480310430515,-4344.479071885453,82.8780380943458,-10.236618994033911,0.0,1896.4656058808828,4740.367095525391,-20.326776332150096,-14.882054044962926,-387.1206772987464,-0.014270113788492652,-0.016773257367981943,0.0,25.170905461763155,25.19232757516571,0.022022223100066185,25.170305352065643,235.0315391583165,229.61,5.421539158316458,0.09088469296693802,False,[-303.36766979],178.48445981313156,True,False,False,51008.58543620495,265.1113076519087
1167.1240000000107,44.1,True,False,BLACKOUT,-1299.249709555622,-1312.4095674557232,-4383.272738066179,82.8780380943458,-10.236618994033911,0.0,1898.9290398878475,4776.924888963983,-19.82526058329335,-14.34867420846881,-388.75264631578017,-0.014630105808233481,-0.017196396166104338,0.0,24.451019123954463,24.47295259539116,0.02257777750492096,24.45037481788624,235.12787766274886,229.61,5.517877662748835,0.09143044799566269,False,0.0,0.0,True,False,False,51397.80224468715,268.664963355223
1167.224000000002,44.2,True,False,BLACKOUT,-1301.206881413412,-1313.8184592491416,-4422.230053279262,82.8780380943458,-10.236618994033911,0.0,1901.3197202605588,4813.640547732869,-19.318176572507202,-13.829161659900782,-390.39365794588457,-0.03178736015739342,-0.03736323205766212,0.0,23.710303935725896,23.757896756704618,0.0490555539727211,23.708841202731897,235.24003070351125,229.61,5.630030703511238,0.0942980945110321,False,0.0,0.0,True,False,False,51791.4875009945,272.30039598607755
1167.3240000000078,44.3,True,False,BLACKOUT,-1303.1121340546388,-1315.1753313472495,-4461.351433981872,82.8780380943458,-10.236618994033911,0.0,1903.6369927829307,4850.514448775897,-18.786876252026158,-13.308280302257007,-392.0339561062979,-0.038656022522522406,-0.04543673752031545,0.0,22.965164514904888,23.02296774771633,0.059655554592609406,22.96331219312372,235.23011973334326,229.61,5.620119733343235,0.08792014420032501,False,0.0,0.0,True,False,False,52189.743859806396,276.0072389091707
1167.423999999999,44.4,True,False,BLACKOUT,-1304.9648067974335,-1316.4799753505,-4500.635729074761,82.8780380943458,-10.236618994033911,0.0,1905.8802344698138,4887.545542904641,-18.266578603869636,-12.784599762749712,-393.65194575148485,-0.02219715469522954,-0.026090793252134384,0.0,22.262906494609577,22.29605088317319,0.034255556762218475,22.261795326410972,235.21386389939227,229.61,5.6038638993922305,0.09342921525239944,False,0.0,0.0,True,False,False,52592.648756976516,279.6715619358121
1167.523000000001,44.5,True,False,BLACKOUT,-1306.7653291491958,-1317.731606647935,-4540.081525617681,82.8780380943458,-10.236618994033911,0.0,1908.049221289651,4924.7326922503125,-17.743868431375187,-12.248026185954203,-395.2639851069286,-0.027184853597416802,-0.031953392429714234,0.0,21.520067646078388,21.56058933243182,0.04195277765393257,21.51863655477789,235.2442105293182,229.61,5.634210529318176,0.09040330350399017,False,0.0,0.0,True,False,False,53000.287920823284,283.38264255916476
1167.6230000000069,44.6,True,False,BLACKOUT,-1308.515007286177,-1318.9289528202873,-4579.688629524544,82.8780380943458,-10.236618994033911,0.0,1910.1440341892785,4962.07599445487,-17.24969430824704,-11.698897261089355,-396.87809303032344,-0.030588585681592735,-0.03595417862565747,0.0,20.79715949906799,20.842652202958586,0.04720555618405342,20.795446646774533,235.20103262906542,229.61,5.591032629065389,0.0885491594672203,False,0.0,0.0,True,False,False,53412.77725596142,287.1458614585152
1167.7230000000127,44.7,True,False,BLACKOUT,-1310.2149875028442,-1320.071265163501,-4619.456584253644,82.8780380943458,-10.236618994033911,0.0,1912.1649976593092,4999.575393178681,-16.749910025093538,-11.147349603183086,-398.4810015516728,-0.013969519166586224,-0.016419934960648825,0.0,20.09948506546476,20.12021095874283,0.021558333188295364,20.098652625554536,234.97598219781207,229.61,5.365982197812041,0.09120811522006989,False,0.0,0.0,True,False,False,53830.2341940471,290.9236420888632
1167.8240000000078,44.8,True,False,BLACKOUT,-1311.8647905678467,-1321.1587453330453,-4659.385407535797,82.8780380943458,-10.236618994033911,0.0,1914.111903580825,5037.2310603532305,-16.24615127495399,-10.602253787701493,-400.095464091377,-0.016192475108630224,-0.01903282317487289,0.0,19.37565814698106,19.399618981503732,0.024988889694213867,19.374630091809518,234.85862873200168,229.61,5.248628732001657,0.08795955032110214,False,0.0,0.0,True,False,False,54252.773461742036,294.8025704797163
1167.923999999999,44.9,True,False,BLACKOUT,-1313.463921151813,-1322.1924501850747,-4699.476436197085,82.8780380943458,-10.236618994033911,0.0,1915.9851174128614,5075.044605175331,-15.736460404371437,-10.071843252885845,-401.7251091343928,-0.017956438539996865,-0.021106206264913864,0.0,18.657134884654106,18.683634886420045,0.027711110189557076,18.655923776230487,234.86402633465076,229.61,5.2540263346507325,0.08845560997724533,False,0.0,0.0,True,False,False,54680.554232767914,298.79076174657916
1168.024000000005,45.0,True,False,BLACKOUT,-1315.0114128215685,-1323.1730772554695,-4739.730405425216,82.8780380943458,-10.236618994033911,0.0,1917.7844144778314,5113.016856663624,-15.21337299073492,-9.540698155010249,-403.3542754282338,-0.009727004626350432,-0.011433234130823332,0.0,17.943180910953842,17.95749534429116,0.01501111127436161,17.9424842330168,234.55235656529408,229.61,4.942356565294055,0.08271568268537521,False,[-317.19916049],181.64982260738125,True,False,False,55113.70929111725,302.8467053410766
1168.1240000000107,45.1,True,False,BLACKOUT,-1316.5070480348727,-1324.1008844129249,-4780.146718916998,82.8780380943458,-10.236618994033911,0.0,1919.5098143082264,5151.147501440678,-14.699331275347761,-9.01544499409649,-404.97199440739263,-0.005630286606680866,-0.006617904223406714,0.0,17.235539280270917,17.243798548579612,0.008688888512551785,17.23510966006706,234.36976458506487,229.61,4.759764585064858,0.08793917298316956,False,0.0,0.0,True,False,False,55552.35341703751,306.893032826836
1168.224000000002,45.2,True,False,BLACKOUT,-1317.9511814572093,-1324.9754177785858,-4820.724608254431,82.8780380943458,-10.236618994033911,0.0,1921.1612663644,5189.436034870138,-14.18333717138015,-8.475222319120036,-406.5857923412583,-0.0062998736221323,-0.0074049445726912825,0.0,16.5133981248775,16.522604113019362,0.009722222574055195,16.512881890445307,234.4798946174223,229.61,4.8698946174222675,0.08721219003200531,False,0.0,0.0,True,False,False,55996.59918235615,311.001248946184
1168.323000000004,45.3,True,False,BLACKOUT,-1319.343563011133,-1325.7957424323445,-4861.463419410727,82.8780380943458,-10.236618994033911,0.0,1922.737950389649,5227.881770290643,-13.664293907095004,-7.931270756051378,-408.190430784658,-0.013735523931315255,-0.016144894245329063,0.0,15.779320694516334,15.79930326898213,0.02119722217321396,15.778106046808917,234.4845367525691,229.61,4.874536752569083,0.08744177967309952,False,0.0,0.0,True,False,False,56446.540936477344,315.1333200755263
1168.4230000000098,45.4,True,False,BLACKOUT,-1320.6846130056092,-1326.56028211717,-4902.362288907093,82.8780380943458,-10.236618994033911,0.0,1924.2390968018099,5266.4838472513175,-13.15670598242936,-7.359522940459715,-409.7869591426538,-0.026310070853110042,-0.03092516263920205,0.0,15.037142088303018,15.075194533379836,0.040602777153253555,15.034591756226583,234.45940010765207,229.61,4.849400107652054,0.08466383814811707,False,0.0,0.0,True,False,False,56902.27040668003,319.3123584488883
1168.523000000001,45.5,True,False,BLACKOUT,-1321.9748564566428,-1327.2680561748152,-4943.420842488248,82.8780380943458,-10.236618994033911,0.0,1925.6644208819887,5305.242038568833,-12.648163038246386,-6.795958212444933,-411.38411248044497,-0.02546948880507727,-0.0299371327440285,0.0,14.321711967989868,14.3583103555871,0.03930555656552315,14.319004799021577,234.7067643455716,229.61,5.096764345571583,0.08808058500289917,False,0.0,0.0,True,False,False,57363.90578327871,323.54227255266017
1168.6230000000069,45.6,True,False,BLACKOUT,-1323.2136984165932,-1327.9198161378079,-4984.6397360488945,82.8780380943458,-10.236618994033911,0.0,1927.0140060516908,5344.157209300357,-12.12867616076123,-6.239241047409847,-412.9937587324902,-0.02763844491823582,-0.03248654893265084,0.0,13.599960117758492,13.639388338935941,0.04265277832746506,13.596735560608476,234.73139356486368,229.61,5.12139356486366,0.09005453437566757,False,0.0,0.0,True,False,False,57831.59839010727,327.89023997192214
1168.7230000000127,45.7,True,False,BLACKOUT,-1324.4009281474448,-1328.5168880641295,-5026.020307866534,82.8780380943458,-10.236618994033911,0.0,1928.2886082342773,5383.2311014606175,-11.615918456271462,-5.702197479020551,-414.6176776202852,-0.01215515629724976,-0.014287311786275014,0.0,12.92283423991639,12.940039322679677,0.01875833421945572,12.921280988460222,234.63940744014747,229.61,5.029407440147435,0.08397697657346725,False,0.0,0.0,True,False,False,58305.532921553306,332.3248431188867
1168.8240000000078,45.8,True,False,BLACKOUT,-1325.536512068747,-1329.0601915952252,-5067.562030124896,82.8780380943458,-10.236618994033911,0.0,1929.4888340593413,5422.463655011736,-11.095759969774397,-5.16387314289484,-416.2167675469748,-0.014889301365974262,-0.017501057632933675,0.0,12.217644634296626,12.238524222419898,0.022977778688073158,12.215546443731824,234.78670611006882,229.61,5.176706110068806,0.08390799909830093,False,0.0,0.0,True,False,False,58785.85054080133,336.7148183078355
1168.923999999999,45.9,True,False,BLACKOUT,-1326.6200544831167,-1329.5489568138753,-5109.263919953478,82.8780380943458,-10.236618994033911,0.0,1930.6138706906568,5461.853872216057,-10.575088317622695,-4.61143123010962,-417.8210290246517,-0.01889242068805054,-0.02220637054487923,0.0,11.510614954297917,11.536801589502627,0.029155556112527847,11.507646033390099,234.58988524020367,229.61,4.979885240203631,0.08110053092241287,False,0.0,0.0,True,False,False,59272.6472912684,341.2089025101989
1169.023000000001,46.0,True,False,BLACKOUT,-1327.6524145632056,-1329.9814436227189,-5151.125391429131,82.8780380943458,-10.236618994033911,0.0,1931.6631590441732,5501.4012177112145,-10.072113284152573,-4.038304946761405,-419.4084004884027,-0.018239033621264743,-0.02143837180327518,0.0,10.826615561961749,10.851514772226059,0.028147222474217415,10.823367549751842,234.4363299910238,229.61,4.826329991023759,0.08438217639923096,False,[-329.88447676],180.92203628462312,True,False,False,59766.035802508464,345.69247595455846
1169.1240000000107,46.1,True,False,BLACKOUT,-1328.6340081174556,-1330.357156253635,-5193.146251599551,82.8780380943458,-10.236618994033911,0.0,1932.6366677406295,5541.105709152107,-9.559757800845714,-3.475947671557118,-421.00880292000306,-0.014392510182046882,-0.016917123509515686,0.0,10.152777495076565,10.17207852045165,0.022211110219359398,10.149867410232291,234.58859100962826,229.61,4.978591009628248,0.08582127839326859,False,0.0,0.0,True,False,False,60266.154772126465,350.2931089426679
1169.224000000002,46.2,True,False,BLACKOUT,-1329.56351481021,-1330.6774026461385,-5235.327137092474,82.8780380943458,-10.236618994033911,0.0,1933.5343295383243,5580.9681271155905,-9.030376054246355,-2.9289801785153777,-422.60890693845045,-0.012131756773722663,-0.014259807714743038,0.0,9.47756957499431,9.493503914111058,0.01872222311794758,9.47478169099311,234.45512489359362,229.61,4.845124893593616,0.08624134957790375,False,0.0,0.0,True,False,False,60773.162533531744,354.94928437905327
1169.3240000000078,46.3,True,False,BLACKOUT,-1330.4403859851163,-1330.9427645128249,-5277.668307846621,82.8780380943458,-10.236618994033911,0.0,1934.3561436957664,5620.988921738076,-8.507047443874006,-2.378257155211039,-424.2145081444988,-0.006523068891626177,-0.007667290882890702,0.0,8.824885889037033,8.833230626935752,0.010066666640341282,8.82316396029541,234.23021293940855,229.61,4.620212939408545,0.08504250645637512,False,0.0,0.0,True,False,False,61287.2107747194,359.68998626699454
1169.423999999999,46.4,True,False,BLACKOUT,-1331.2648936180021,-1331.1532261081743,-5320.169274329865,82.8780380943458,-10.236618994033911,0.0,1935.102300722607,5661.167902631531,-7.983105213841838,-1.8309747517794164,-425.80482152039303,-0.0161420756706604,-0.018973583090540053,0.0,8.170425318201506,8.190386889330835,0.02491111122071743,8.165475778110117,234.42509893986744,229.61,4.815098939867431,0.0864715725183487,False,0.0,0.0,True,False,False,61808.44088920494,364.4129437746558
1169.524000000005,46.5,True,False,BLACKOUT,-1332.037346152712,-1331.30794725694,-5362.828968760159,82.8780380943458,-10.236618994033911,0.0,1935.7724553617654,5701.50414777631,-7.465945480354466,-1.2634482235349545,-427.389067085478,-0.012124555991891401,-0.014251343832205266,0.0,7.5577734298353,7.5720963629089475,0.018711110576987267,7.55338525233196,234.1318352050768,229.61,4.5218352050767745,0.09131096303462982,False,0.0,0.0,True,False,False,62336.96597553148,369.19052644708876
1169.6240000000107,46.6,True,False,BLACKOUT,-1332.7589008054838,-1331.4048443144202,-5405.64666383342,82.8780380943458,-10.236618994033911,0.0,1936.3660352252357,5741.996976365215,-6.965147575078995,-0.6744929260692422,-428.9648343797297,-0.00996459964905213,-0.011712506078068825,0.0,6.986690783685377,6.997729735417499,0.015377777628600597,6.982351957788898,233.909572723998,229.61,4.299572723997982,0.09336164593696594,False,0.0,0.0,True,False,False,62872.9042616475,374.00126993222193
1169.7230000000127,46.7,True,False,BLACKOUT,-1333.4291427437522,-1331.4437523520858,-5448.62309132072,82.8780380943458,-10.236618994033911,0.0,1936.8826293117925,5782.647136995575,-6.439691190289909,-0.10366782724333257,-430.5637153662853,-0.01905081736985167,-0.022392551843042896,0.0,6.42115476131532,6.440525572086708,0.029400000348687172,6.411125571738021,233.92775456439864,229.61,4.317754564398625,0.1044696494936943,False,0.0,0.0,True,False,False,63416.42161086994,378.99391576229175
1169.8240000000078,46.8,True,False,BLACKOUT,-1334.047096145613,-1331.4264703206882,-5491.759315682593,82.8780380943458,-10.236618994033911,0.0,1937.322755580358,5823.456004871679,-5.9193768469277295,0.4493084551954789,-432.1607718711741,-0.021844359836410573,-0.02567611408049083,0.0,5.916629089046211,5.93640466476589,0.033711109310388565,5.902693555455501,233.83551695482245,229.61,4.225516954822434,0.10675591230392456,False,0.0,0.0,True,False,False,63967.714078312645,383.9976285354932
1169.923999999999,46.9,True,False,BLACKOUT,-1334.611914985059,-1331.3544456380646,-5535.054595691423,82.8780380943458,-10.236618994033911,0.0,1937.6867855661555,5864.4231989380205,-5.376999941991807,0.9911851972752317,-433.7448283054203,-0.02532189088208343,-0.029763644432298873,0.0,5.448191856030174,5.4675932979216215,0.03907777741551399,5.4285155205061075,233.99414072896343,229.61,4.3841407289634295,0.10726337134838104,False,0.0,0.0,True,False,False,64526.92442732416,389.0124647529381
1170.023000000001,47.0,True,False,BLACKOUT,-1335.1238464785702,-1331.2269393360878,-5578.5077563093855,82.8780380943458,-10.236618994033911,0.0,1937.9743989768654,5905.547693338333,-4.861629928231948,1.5589408422618554,-435.3183840538419,-0.017493848052343473,-0.02056247203683451,0.0,5.095143283871256,5.1054619877884395,0.026997221633791924,5.078464766154648,234.00832623855393,229.61,4.398326238553919,0.09985680878162384,False,[-343.57081575],182.86053259283176,True,False,False,65094.17031187476,394.04040004240517
1170.1230000000069,47.1,True,False,BLACKOUT,-1335.5845343932244,-1331.0418221049574,-5622.118125727722,82.8780380943458,-10.236618994033911,0.0,1938.1853508147624,5946.8289595169235,-4.352128364853963,2.1434037803439447,-436.88900431288846,-0.010979778931036572,-0.012905759588429712,0.0,4.847189069663364,4.851309211930233,0.016944443807005882,4.834364768123227,233.77632675446597,229.61,4.1663267544659375,0.10266857594251633,False,0.0,0.0,True,False,False,65669.58656296872,399.13777164514073
1170.2230000000127,47.2,True,False,BLACKOUT,-1335.9940041423972,-1330.7987370897552,-5665.885823603382,82.8780380943458,-10.236618994033911,0.0,1938.3194215584085,5988.267224005647,-3.837266618604762,2.7182965237029157,-438.4649532003009,-0.014995499017832654,-0.017625883585473213,0.0,4.700534855772374,4.702526033211702,0.023141667246818542,4.679384365964883,233.80861836186654,229.61,4.198618361866514,0.09504953026771545,False,0.0,0.0,True,False,False,66253.33338098384,404.3149250861321
1170.3240000000078,47.3,True,False,BLACKOUT,-1336.3515269398947,-1330.498560456441,-5709.811827912284,82.8780380943458,-10.236618994033911,0.0,1938.3766796836378,6029.863618897892,-3.313189331347579,3.285236142579291,-440.0551329777241,-0.02550188628846894,-0.02997521312201691,0.0,4.668995081317842,4.665833265116176,0.039355553686618805,4.626477711429557,233.65548459002392,229.61,4.045484590023893,0.0960867777466774,False,0.0,0.0,True,False,False,66845.60566845423,409.6288537977636
1170.423999999999,47.4,True,False,BLACKOUT,-1336.6563879718444,-1330.1422927962462,-5753.896828185699,82.8780380943458,-10.236618994033911,0.0,1938.3572876336139,6071.619033167989,-2.7840313076476333,3.8401170613196793,-441.6448724905871,-0.014644506164926203,-0.017213322512493568,0.0,4.748526186751156,4.743134972420739,0.022600000724196434,4.720534971696543,233.3253961827998,229.61,3.7153961827997968,0.08540639281272888,False,0.0,0.0,True,False,False,67446.59278399288,414.98713020951567
1170.523000000001,47.5,True,False,BLACKOUT,-1336.9083591204421,-1329.7301496991688,-5798.139947167688,82.8780380943458,-10.236618994033911,0.0,1938.2612288566395,6113.532811577163,-2.255391664310491,4.402744880228982,-443.21750714919534,-0.008684825429923264,-0.010208244607661584,0.0,4.951953846905099,4.946812513106168,0.013402777723968029,4.9334097353822,233.20203103289373,229.61,3.5920310328936993,0.08173991739749908,False,0.0,0.0,True,False,False,68056.43425205731,420.33460968469257
1170.6230000000069,47.6,True,False,BLACKOUT,-1337.1079198008765,-1329.260963886623,-5842.539775176716,82.8780380943458,-10.236618994033911,0.0,1938.088063798685,6155.60365582133,-1.735821944379957,4.980971370688882,-444.77905303137766,-0.008780223719489466,-0.010320376864423933,0.0,5.281634824000577,5.274765740600552,0.01355000026524067,5.261215740335311,233.38847915138194,229.61,3.778479151381945,0.08199843019247055,False,0.0,0.0,True,False,False,68675.24735842255,425.70367686650485
1170.7230000000127,47.7,True,False,BLACKOUT,-1337.2555505059956,-1328.7334366903783,-5887.095621039781,82.8780380943458,-10.236618994033911,0.0,1937.8372655479282,6197.83092049243,-1.216792158000354,5.569572554201503,-446.3378642299136,-0.01833983129023459,-0.021556850553254545,0.0,5.718130463718906,5.700940412974496,0.02830277755856514,5.6726376354159305,233.26985073194214,229.61,3.659850731942111,0.08292043209075928,False,0.0,0.0,True,False,False,69303.1702690908,431.1429377035439
1170.823000000004,47.8,True,False,BLACKOUT,-1337.3513484435023,-1328.1463698911737,-5931.807592521994,82.8780380943458,-10.236618994033911,0.0,1937.5080959561003,6240.214654689132,-0.6991665921326377,6.171763429891023,-447.9015654143358,-0.010439790297940428,-0.012271050681902968,0.0,6.222268642905118,6.211239631353355,0.016111111268401146,6.195128520084954,233.2601846694476,229.61,3.6501846694475684,0.08107860386371613,False,0.0,0.0,True,False,False,69940.36627150724,436.7011756783229
1170.9230000000098,47.9,True,False,BLACKOUT,-1337.394513741517,-1327.500675138612,-5976.676422363291,82.8780380943458,-10.236618994033911,0.0,1937.1005949895373,6282.755746703996,-0.1641393681580816,6.742131621343043,-449.4750314116148,-0.015656085659479912,-0.018402344790928723,0.0,6.762164357099929,6.744129338298095,0.024161111563444138,6.719968226734651,233.23069285676473,229.61,3.620692856764734,0.08291331678628922,False,0.0,0.0,True,False,False,70587.03541560218,442.3394183321007
1171.023000000001,48.0,True,False,BLACKOUT,-1337.384242475272,-1326.7980606633541,-6021.70264727012,82.8780380943458,-10.236618994033911,0.0,1936.615340045413,6325.45506247884,0.3695646930541724,7.310157883817205,-451.049466724974,-0.029393410389737883,-0.03454935571623538,0.0,7.355534786999413,7.319493585534936,0.04536111280322075,7.274132472731715,233.01891576178042,229.61,3.4089157617804036,0.09131073206663132,False,[-357.95225431],186.29959779640248,True,False,False,71243.38090472894,448.0397403318825
1171.1230000000069,48.1,True,False,BLACKOUT,-1337.3205858446634,-1326.0383656189622,-6066.885810710327,82.8780380943458,-10.236618994033911,0.0,1936.0522637210668,6368.312320235069,0.9035679191191476,7.883743004020517,-452.6138020791712,-0.016919659929943143,-0.019887564653655446,0.0,7.957051812654262,7.935353724813013,0.026111111044883728,7.9092426137681295,233.1441034458171,229.61,3.534103445817102,0.09354573488235474,False,0.0,0.0,True,False,False,71909.56525599583,453.7642160233729
1171.2230000000127,48.2,True,False,BLACKOUT,-1337.2046737613466,-1325.2201600918268,-6112.224808792972,82.8780380943458,-10.236618994033911,0.0,1935.411228103606,6411.326597132124,1.4146737472137303,8.480367538689368,-454.1661595737366,-0.014228713517357203,-0.01672459500879185,0.0,8.616399304282416,8.597554036021647,0.021958332508802414,8.575595703512844,233.11384027098143,229.61,3.5038402709814056,0.08269698917865753,False,0.0,0.0,True,False,False,72585.72951256344,459.4950984639396
1171.323000000004,48.3,True,False,BLACKOUT,-1337.0374179201995,-1324.3419821398775,-6157.718984371906,82.8780380943458,-10.236618994033911,0.0,1934.6919154422658,6454.497338923601,1.930443075730425,9.083191500296985,-455.71735200495027,-0.005675286061762146,-0.00667079710517938,0.0,9.293769466508314,9.286063660114706,0.008758333511650562,9.277305326603056,232.85153847408395,229.61,3.241538474083916,0.08197718113660812,False,0.0,0.0,True,False,False,73272.0269453812,465.3095681292425
1171.423999999999,48.4,True,False,BLACKOUT,-1336.818542622174,-1323.404097658477,-6203.368967581065,82.8780380943458,-10.236618994033911,0.0,1933.894311569303,6497.825309768483,2.44706288478166,9.674498127711338,-457.28231217823156,-0.009187015389769388,-0.010798524514953433,0.0,9.99190346299032,9.979179865357981,0.0141777778044343,9.965002087553547,232.81100710892025,229.61,3.2010071089202237,0.08457320183515549,False,0.0,0.0,True,False,False,73968.66419193991,471.2412427290308
1171.523000000001,48.5,True,False,BLACKOUT,-1336.5470700772273,-1322.4077064758922,-6249.175399110825,82.8780380943458,-10.236618994033911,0.0,1933.0185204832376,6541.31131879405,2.982388014148709,10.253325523988591,-458.84631841699036,-0.015645285693702823,-0.01838965038580838,0.0,10.700296084241655,10.678264024073098,0.02414444461464882,10.654119579458449,232.57775471812243,229.61,2.9677547181223964,0.0824136734008789,False,0.0,0.0,True,False,False,74675.85171488192,477.24341530825086
1171.6230000000069,48.6,True,False,BLACKOUT,-1336.2225162690752,-1321.3523737442836,-6295.137408985796,82.8780380943458,-10.236618994033911,0.0,1932.0638979466712,6584.954510379042,3.5086881488908075,10.853329108184727,-460.3938790824313,-0.013053337358113815,-0.015343044229632861,0.0,11.425003170793177,11.406386161126436,0.020144443958997726,11.386241717167438,232.3819726850175,229.61,2.771972685017503,0.09420843422412872,False,0.0,0.0,True,False,False,75393.73459941754,483.2528800312505
1171.7230000000127,48.7,True,False,BLACKOUT,-1335.845307353204,-1320.2377737240295,-6341.254774362671,82.8780380943458,-10.236618994033911,0.0,1931.0305425631695,6628.754865711145,4.035490168535608,11.438671296895967,-461.95342845507014,-0.0041759160588276814,-0.004908420201826871,0.0,12.135667217610846,12.129648879451507,0.006444444414228201,12.123204435037279,232.1797689231804,229.61,2.569768923180389,0.09181521832942963,False,0.0,0.0,True,False,False,76122.49636985117,489.3616641054038
1171.8240000000078,48.8,True,False,BLACKOUT,-1335.4151013420778,-1319.0646908803565,-6387.527882859568,82.8780380943458,-10.236618994033911,0.0,1929.918742105505,6672.713001878511,4.56863005398649,12.022985576564702,-463.50874148286806,-0.009244614402600673,-0.01086622706313773,0.0,12.875190317473196,12.86174804388857,0.0142666669562459,12.847481376932324,231.9852720023552,229.61,2.3752720023551745,0.08561494201421738,False,0.0,0.0,True,False,False,76862.34723174169,495.52530519521997
1171.923999999999,48.9,True,False,BLACKOUT,-1334.9316444021526,-1317.832997130749,-6433.956441331522,82.8780380943458,-10.236618994033911,0.0,1928.7282296625092,6716.828721416712,5.100508744518497,12.610889415588163,-465.06242795620454,-0.011022978794144935,-0.01295653720891109,0.0,13.619443571540748,13.603298177467964,0.017011111602187157,13.586287065865777,231.75916108682847,229.61,2.149161086828465,0.08165812492370605,False,0.0,0.0,True,False,False,77613.46605008705,501.7539684634364
1172.024000000005,49.0,True,False,BLACKOUT,-1334.3944299181196,-1316.541974796056,-6480.539576056245,82.8780380943458,-10.236618994033911,0.0,1927.4581529006516,6761.101103223827,5.643780936141927,13.209557278269797,-466.6002665382462,-0.024357111641553714,-0.02862963171561398,0.0,14.40060351486839,14.364702111183844,0.03758889064192772,14.327113220541916,231.59563984023762,229.61,1.9856398402375985,0.08400198072195053,False,[-372.50990783],189.91238169844794,True,False,False,78376.00266215105,508.0142089901936
1172.1240000000107,49.1,True,False,BLACKOUT,-1333.8042424171786,-1315.1903477954002,-6527.276457474073,82.8780380943458,-10.236618994033911,0.0,1926.1082311822258,6805.5294335211875,6.159969082679289,13.82298273484869,-468.1373618183162,-0.02588347944673375,-0.030423742149066305,0.0,15.1717382964934,15.133409093376471,0.039944443851709366,15.093464649524762,231.46983745549477,229.61,1.8598374554947452,0.08797209709882736,False,0.0,0.0,True,False,False,79150.1194469361,514.3148478194369
1172.224000000002,49.2,True,False,BLACKOUT,-1333.161934606818,-1313.7771176491335,-6574.166398117508,82.8780380943458,-10.236618994033911,0.0,1924.6784240286734,6850.113200966742,6.686187124530725,14.441620190486914,-469.66145105037805,-0.00592548064221385,-0.006964878718836505,0.0,15.923127256364872,15.914317201517623,0.009144444018602371,15.90517275749902,231.2622059399558,229.61,1.6522059399557782,0.08480067551136017,False,0.0,0.0,True,False,False,79935.98786503446,520.64548391144
1172.3240000000078,49.3,True,False,BLACKOUT,-1332.4673622308753,-1312.3020428019258,-6621.209642158802,82.8780380943458,-10.236618994033911,0.0,1923.1684715847923,6894.852724715335,7.2052603943237905,15.059876753667126,-471.20342977551104,-0.01914441546396006,-0.0225025681291708,0.0,16.723342694037964,16.694779578828065,0.029544444754719734,16.665235134073345,231.26154753276145,229.61,1.651547532761442,0.09112323820590973,False,0.0,0.0,True,False,False,80733.81668930316,527.1335177966794
1172.423999999999,49.4,True,False,BLACKOUT,-1331.720515898088,-1310.7660435622463,-6668.40704537585,82.8780380943458,-10.236618994033911,0.0,1921.5789999698711,6939.749157998687,7.731666261423628,15.660108039926396,-472.74463456545016,-0.012837341663481399,-0.015089160383284903,0.0,17.483968180216575,17.464754421411246,0.019811110571026802,17.44494331084022,231.56609197482265,229.61,1.956091974822625,0.08885843306779861,False,0.0,0.0,True,False,False,81543.85387235135,533.6540083949773
1172.523000000001,49.5,True,False,BLACKOUT,-1330.920827668411,-1309.1700505068497,-6715.75929441557,82.8780380943458,-10.236618994033911,0.0,1919.9102302799777,6984.8033753902355,8.262098332118502,16.25975306800629,-474.30034622894465,-0.00995019989584431,-0.011695580441022752,0.0,18.253405929717843,18.238471391049615,0.015355555340647697,18.223115835708967,231.5878128369686,229.61,1.977812836968566,0.07963426411151886,False,0.0,0.0,True,False,False,82366.33669819773,540.3413110109799
1172.6230000000069,49.6,True,False,BLACKOUT,-1330.067959065333,-1307.5146571694984,-6763.266950466132,82.8780380943458,-10.236618994033911,0.0,1918.1623234809772,7030.016112534123,8.79527372944176,16.84811367901869,-475.85277478226976,-0.012704144097180278,-0.014932598417944504,0.0,19.024794452916467,19.00567742851975,0.01960555464029312,18.986071873879457,231.7286350789842,229.61,2.1186350789841826,0.08434798568487167,False,0.0,0.0,True,False,False,83201.49982467561,547.0525165779068
1172.724000000002,49.7,True,False,BLACKOUT,-1329.1623812113273,-1305.7998306701645,-6810.928868676159,82.8780380943458,-10.236618994033911,0.0,1916.3356128824387,7075.3865078430745,9.316283350669652,17.44841630765827,-477.3855894182751,-0.0062998736221323,-0.0074049445726912825,0.0,19.789296439330144,19.779796943227694,0.009722222574055195,19.77007472065364,231.8839738170534,229.61,2.273973817053375,0.08541203290224075,False,0.0,0.0,True,False,False,84049.50646422802,553.7164547396313
1172.8240000000078,49.8,True,False,BLACKOUT,-1328.204394468222,-1304.0246462202558,-6858.743833522081,82.8780380943458,-10.236618994033911,0.0,1914.429703823207,7120.913429101479,9.843451511437136,18.055272690513956,-478.91370750017677,-0.009892601486497924,-0.01162787860218161,0.0,20.57914688178341,20.56420213834792,0.015266667120158672,20.54893547122776,231.67964046861184,229.61,2.0696404686118073,0.07791661471128464,False,0.0,0.0,True,False,False,84910.50895799795,560.4573243484231
1172.923999999999,49.9,True,False,BLACKOUT,-1327.1939739573456,-1302.1879032935867,-6906.710665140758,82.8780380943458,-10.236618994033911,0.0,1912.443776997057,7166.595664061414,10.364958706092308,18.679585842868175,-480.4229248733422,-0.011994958816505912,-0.014099013808133753,0.0,21.380716098493842,21.36256764155657,0.018511110916733742,21.344056530639836,231.5649968064114,229.61,1.95499680641136,0.08188166469335556,False,0.0,0.0,True,False,False,85784.65852266787,567.1883275564524
1173.024000000005,50.0,True,False,BLACKOUT,-1326.1308364899905,-1300.289012429968,-6954.829085311803,82.8780380943458,-10.236618994033911,0.0,1910.3772366910152,7212.432931567975,10.897790641005857,19.298231429508995,-481.94547854756667,-0.015796482800642494,-0.01856736922012058,0.0,22.18659729970997,22.162661779715982,0.02437777817249298,22.13828400154349,231.61852259328154,229.61,2.008522593281521,0.08582403510808945,False,[-386.42520823],192.4664704726899,True,False,False,86672.15268282252,574.0882772264694
1173.1240000000107,50.1,True,False,BLACKOUT,-1325.0138748466773,-1298.3289755947783,-7003.100539034616,82.8780380943458,-10.236618994033911,0.0,1908.2299540825766,7258.426738452688,11.441442225258974,19.902505274281772,-483.48359590868813,-0.013794922536119454,-0.016214712054804646,0.0,22.97776890836682,22.956835940232548,0.021288888528943062,22.935547051703605,231.5078480775649,229.61,1.8978480775648725,0.08665601164102554,False,0.0,0.0,True,False,False,87573.27427036785,581.1438353530864
1173.224000000002,50.2,True,False,BLACKOUT,-1323.8423241818136,-1296.308801023585,-7051.526127620727,82.8780380943458,-10.236618994033911,0.0,1906.0020553589704,7304.578328935242,11.989571072012684,20.50098614958912,-485.0281758135125,-0.01638687087170846,-0.019261318210980163,0.0,23.774431271138017,23.749531523726702,0.025288889184594154,23.724242634542108,231.49829114965462,229.61,1.888291149654609,0.08786875754594803,False,0.0,0.0,True,False,False,88488.29694902235,588.308064853572
1173.323000000004,50.3,True,False,BLACKOUT,-1322.6156685558583,-1294.2291560618633,-7100.105431423239,82.8780380943458,-10.236618994033911,0.0,1903.6936189101468,7350.887465606108,12.543541447095356,21.091913084845924,-486.55790023673796,-0.012601546836237515,-0.014812004406673851,0.0,24.559123984322863,24.539951703572967,0.019447222352027893,24.52050448122094,231.6965300221609,229.61,2.0865300221609004,0.09411876648664474,False,0.0,0.0,True,False,False,89417.42458204454,595.4430210899454
1173.423999999999,50.4,True,False,BLACKOUT,-1321.3336992522031,-1292.0905004501237,-7148.83752540928,82.8780380943458,-10.236618994033911,0.0,1901.3048089945644,7397.353441698303,13.095844626005348,21.681199149941712,-488.08397948407816,-0.024184314603059857,-0.02842652407106109,0.0,25.36617839384082,25.329341543907265,0.03732222318649292,25.292019320720772,231.6673017282416,229.61,2.0573017282415687,0.09586286544799805,False,0.0,0.0,True,False,False,90360.83617035822,602.6161497822594
1173.523000000001,50.5,True,False,BLACKOUT,-1319.9961631274164,-1289.8919301494761,-7197.72139775283,82.8780380943458,-10.236618994033911,0.0,1898.834837425817,7443.975218892851,13.654877869729745,22.290206863012127,-489.5934673869245,-0.019409009797619586,-0.022813575379874,0.0,26.169772691938185,26.140180022966714,0.029952777549624443,26.11022724541709,231.61762840642217,229.61,2.007628406422154,0.09086302667856216,False,0.0,0.0,True,False,False,91318.70337393321,609.8412385056356
1173.6240000000107,50.6,True,False,BLACKOUT,-1318.6034089102018,-1287.632275040719,-7246.755855062945,82.8780380943458,-10.236618994033911,0.0,1896.2831825402295,7490.751653290475,14.20020647455824,22.90289531213093,-491.0956788153818,-0.008459829964971572,-0.009943782326827723,0.0,26.960793636720066,26.947884473526205,0.013055555522441864,26.934828918003763,231.79239492152584,229.61,2.1823949215258143,0.08986814320087433,False,0.0,0.0,True,False,False,92291.19365856273,617.0633749410456
1173.7230000000127,50.7,True,False,BLACKOUT,-1317.1561444749916,-1285.3109288267951,-7295.940566302951,82.8780380943458,-10.236618994033911,0.0,1893.6499697563129,7537.682598450476,14.745082229645268,23.52402896634286,-492.5985459847463,-0.011895960739508979,-0.013982650319445676,0.0,27.781403783423574,27.763238081469147,0.01835833303630352,27.744879748432844,231.94436911197187,229.61,2.334369111971841,0.09262348711490631,False,0.0,0.0,True,False,False,93278.52217141805,624.3909863303226
1173.8240000000078,50.8,True,False,BLACKOUT,-1315.6546674518615,-1282.927900702181,-7345.276027456869,82.8780380943458,-10.236618994033911,0.0,1890.9354370306567,7584.768733887071,15.284458232956158,24.136533525940877,-494.1106770936101,-0.026164273729058916,-0.030753791007450022,0.0,28.608966038676535,28.56898517840368,0.04037777706980705,28.528607401333872,231.83912430684308,229.61,2.229124306843057,0.08780992031097412,False,0.0,0.0,True,False,False,94280.94659233985,631.8066249190274
1173.9230000000098,50.9,True,False,BLACKOUT,-1314.0989443706735,-1280.4840275764207,-7394.762653079694,82.8780380943458,-10.236618994033911,0.0,1888.140134774784,7632.010735312783,15.830003390804132,24.740928989266266,-495.62183536289615,-0.02883362021009067,-0.03389137184207293,0.0,29.415887463530705,29.371798967798792,0.04449722170829773,29.327301746090495,231.59872929083696,229.61,1.9887292908369332,0.0934174433350563,False,0.0,0.0,True,False,False,95298.7213679239,639.2794996007642
1174.023000000001,51.0,True,False,BLACKOUT,-1312.4880536669473,-1277.9804284568893,-7444.401441905477,82.8780380943458,-10.236618994033911,0.0,1885.2641450121992,7679.409725018774,16.387810683722403,25.33105340136215,-497.15394115276536,-0.017236453293545406,-0.02025992724998277,0.0,30.196268959147623,30.169895681426993,0.026599999517202377,30.14329568190979,231.60144852736028,229.61,1.991448527360244,0.08756507933139801,False,[-402.37710255],202.07355089304053,True,False,False,96332.13416108201,646.9558363962925
1174.1230000000069,51.1,True,False,BLACKOUT,-1310.8211080340616,-1275.4174608489348,-7494.192479177565,82.8780380943458,-10.236618994033911,0.0,1882.3070611660912,7726.9658202607125,16.951101973989157,25.928298757726633,-498.66680428897456,-0.04392811489098066,-0.05163361607886159,0.0,31.044934109600685,30.97767800533971,0.0677916631102562,30.909886342229452,231.388629683894,229.61,1.7786296838939766,0.08597293496131897,False,0.0,0.0,True,False,False,97381.42715480967,654.6210780970423
1174.2230000000127,51.2,True,False,BLACKOUT,-1309.0975849436243,-1272.7943422627438,-7544.134724250586,82.8780380943458,-10.236618994033911,0.0,1879.2679797510023,7774.677927564645,17.519359834755985,26.534072966091866,-500.178097171446,-0.0341741139710969,-0.04016865019129633,0.0,31.84834173971559,31.795990269050414,0.052738890051841736,31.743251378998572,231.12700586973884,229.61,1.517005869738806,0.08460760116577148,False,0.0,0.0,True,False,False,98446.7843002641,662.3995945159754
1174.3240000000078,51.3,True,False,BLACKOUT,-1307.3178590858865,-1270.1100558741648,-7594.226646479487,82.8780380943458,-10.236618994033911,0.0,1876.1465053382435,7822.544603106586,18.075157320001,27.151654805489446,-501.6603474065548,-0.025933877677733776,-0.03048298081471283,0.0,32.65758896765508,32.61784282902908,0.040022220462560654,32.57782060856652,231.02765140291118,229.61,1.417651402911153,0.0851941853761673,False,0.0,0.0,True,False,False,99528.36659802399,670.0586544450074
1174.4230000000098,51.4,True,False,BLACKOUT,-1305.4827509900053,-1267.3638579470623,-7644.466989537648,82.8780380943458,-10.236618994033911,0.0,1872.9427582242301,7870.564791024554,18.62700459762229,27.77230373655927,-503.14651375669416,-0.01072058458026559,-0.012601099540286684,0.0,33.456923599135884,33.440486765529386,0.016544444486498833,33.42394232104289,230.86810024585836,229.61,1.2581002458583441,0.08804067224264145,False,0.0,0.0,True,False,False,100626.34987456258,677.8187056346702
1174.524000000005,51.5,True,False,BLACKOUT,-1303.5921637545946,-1264.5551914875793,-7694.855561671069,82.8780380943458,-10.236618994033911,0.0,1869.6563058266315,7918.738334917846,19.184740110590916,28.401025453098363,-504.6249289117252,-0.019619605509363456,-0.023061112023661786,0.0,34.30358770109805,34.27349558913501,0.030277777463197708,34.24321781167181,230.66623271441887,229.61,1.0562327144188355,0.09013725072145462,False,0.0,0.0,True,False,False,101740.9691936385,685.6522929837524
1174.6230000000069,51.6,True,False,BLACKOUT,-1301.64615971891,-1261.6838892883961,-7745.392652654764,82.8780380943458,-10.236618994033911,0.0,1866.2870959896952,7967.065637262947,19.735340603101786,29.025018530564072,-506.11689076217095,-0.017690044614364422,-0.02079308375291938,0.0,35.12607851873029,35.0989368702248,0.027300000190734863,35.07163687003406,230.567138421297,229.61,0.9571384212969831,0.08398442715406418,False,0.0,0.0,True,False,False,102872.49008635194,693.6134854042634
1174.7230000000127,51.7,True,False,BLACKOUT,-1299.6442366438928,-1258.7507566244667,-7796.07989168978,82.8780380943458,-10.236618994033911,0.0,1862.8353099537428,8015.548457193693,20.303120897241634,29.637634748023217,-507.62788993815707,-0.019119216348460047,-0.022472948796347536,0.0,35.95435205675866,35.92500677279328,0.02950555644929409,35.89550121634399,230.62193282279944,229.61,1.011932822799414,0.08518701046705246,False,0.0,0.0,True,False,False,104021.25850853609,701.8018979159626
1174.8240000000078,51.8,True,False,BLACKOUT,-1297.5855542605482,-1255.7565215424756,-7846.918213694474,82.8780380943458,-10.236618994033911,0.0,1859.3008248967294,8064.187808444923,20.870526769648077,30.24706689179606,-509.1385501557132,-0.009662206038657686,-0.011357069118787576,0.0,36.76349428793264,36.748659066684084,0.014911111444234848,36.73374795523985,230.52727161496185,229.61,0.9172716149618169,0.08833106607198715,False,0.0,0.0,True,False,False,105187.58428474929,710.0526798822261
1174.9230000000098,51.9,True,False,BLACKOUT,-1295.4707141769545,-1252.7014269381903,-7897.906780202865,82.8780380943458,-10.236618994033911,0.0,1855.6842624400197,8112.983149904969,21.42627490222827,30.854825193912742,-510.63278001210483,-0.015969278632166548,-0.018770475445987162,0.0,37.589210487408344,37.56468413194459,0.02464444376528263,37.540039688179306,230.46834451003272,229.61,0.8583445100326943,0.08630597591400146,False,0.0,0.0,True,False,False,106371.67386476808,718.2165954032027
1175.024000000005,52.0,True,False,BLACKOUT,-1293.3001827604962,-1249.5852107382925,-7949.044108146147,82.8780380943458,-10.236618994033911,0.0,1851.9858064827806,8161.933206089513,21.98435342693834,31.469498804041987,-512.1137788535473,-0.011757363190319312,-0.013819741151545105,0.0,38.40609634562905,38.38803395041397,0.01814444363117218,38.3698895067828,230.65245290921274,229.61,1.0424529092127115,0.08654210716485977,False,[-418.0260837],210.3604577161165,True,False,False,107573.6968536546,726.4003792621526
1175.1240000000107,52.1,True,False,BLACKOUT,-1291.0740289756973,-1246.4066273591075,-8000.329133714109,82.8780380943458,-10.236618994033911,0.0,1848.2046889312207,8211.036890669906,22.53872226904404,32.10216877965867,-513.5867325057076,-0.01750284842614765,-0.02057305118066357,0.0,39.25116347677796,39.224268532106414,0.02701111137866974,39.197257420727745,230.36717028273858,229.61,0.7571702827385729,0.08621767908334732,False,0.0,0.0,True,False,False,108793.85286714797,734.6649140624477
1175.2230000000127,52.2,True,False,BLACKOUT,-1288.7929605784357,-1243.1642626102193,-8051.761401237655,82.8780380943458,-10.236618994033911,0.0,1844.3405062495767,8260.293794136714,23.082645676187962,32.745126198102206,-515.0586179652062,-0.02491870020620404,-0.029289729432381412,0.0,40.10139487349827,40.063097997310166,0.03845555707812309,40.02464244023204,230.11114059852574,229.61,0.5011405985257092,0.08331760764122009,False,0.0,0.0,True,False,False,110032.38081078547,743.0043747917455
1175.3240000000078,52.3,True,False,BLACKOUT,-1286.456873100765,-1239.858483153265,-8103.341438919447,82.8780380943458,-10.236618994033911,0.0,1840.3934437603675,8309.70459785095,23.639103877224187,33.370462940986165,-516.5421356706175,-0.015069296772359774,-0.017712626322651717,0.0,40.91809106323089,40.894926690409,0.02325555495917797,40.87167113544982,230.06253146402193,229.61,0.4525314640219163,0.08562783151865005,False,0.0,0.0,True,False,False,111289.57644429573,751.4794584775917
1175.423999999999,52.4,True,False,BLACKOUT,-1284.0645353432053,-1236.4904147664734,-8155.070412452987,82.8780380943458,-10.236618994033911,0.0,1836.3633547646257,8359.270530542035,24.207651273972076,33.990904794848056,-518.0373350001761,-0.012542148231433315,-0.014742186597198267,0.0,41.749273000085005,41.72998908428645,0.01935555599629879,41.71063352829015,229.76516923085927,229.61,0.15516923085926093,0.0875977948307991,False,0.0,0.0,True,False,False,112565.77748591524,760.1452134331415
1175.523000000001,52.5,True,False,BLACKOUT,-1281.6159077012117,-1233.0607169589084,-8206.949246385295,82.8780380943458,-10.236618994033911,0.0,1832.250665896001,8408.99271229441,24.76490156589702,34.603051356450926,-519.5393436459777,-0.007131456503330695,-0.008382396742722087,0.0,42.56295298160839,42.55198600236832,0.011005555279552937,42.540980447088764,229.61698154348537,229.61,0.006981543485342765,0.08382945507764816,False,0.0,0.0,True,False,False,113861.31106997195,768.8624875318058
1175.6240000000107,52.6,True,False,BLACKOUT,-1279.1108316832733,-1229.5697385867459,-8258.977233617348,82.8780380943458,-10.236618994033911,0.0,1828.055507344843,8458.87060329826,25.33661879287003,35.21651608680191,-521.0204009950833,-0.02028919131784509,-0.023848150954260044,0.0,43.414928931512655,43.38372110765964,0.03131110966205597,43.35240999799758,229.81570251374964,229.61,0.20570251374961843,0.08519089221954346,False,0.0,0.0,True,False,False,115176.40471519378,777.5684835688228
1175.724000000002,52.7,True,False,BLACKOUT,-1276.5486389198004,-1226.0172763498456,-8311.153052137386,82.8780380943458,-10.236618994033911,0.0,1823.7772607909808,8508.90289949479,25.90723647659148,35.83272865120233,-522.4959694056902,-0.021347571066422794,-0.025092182794445465,0.0,44.25013882101923,44.21729689210692,0.0329444445669651,44.18435244753996,229.91892501597792,229.61,0.30892501597789024,0.08591322600841522,False,0.0,0.0,True,False,False,116511.25122644928,786.3219601378495
1175.823000000004,52.8,True,False,BLACKOUT,-1273.929446147321,-1222.4023479282541,-8363.475498085327,82.8780380943458,-10.236618994033911,0.0,1819.4153741509467,8559.088427558769,26.47661897299845,36.46583978062609,-523.9529495531579,-0.021288171254648793,-0.025022363566283568,0.0,45.09680812487633,45.064052449237565,0.03285277634859085,45.031199672888974,229.88516607777382,229.61,0.2751660777738014,0.08257319033145905,False,0.0,0.0,True,False,False,117866.05398083077,795.0887190407167
1175.9230000000098,52.9,True,False,BLACKOUT,-1271.2537881319101,-1218.723968300351,-8415.943578289814,82.8780380943458,-10.236618994033911,0.0,1814.9696075230195,8609.426286878228,27.036541335215936,37.10175277743391,-525.4086545366144,-0.011859961658231876,-0.013940336581502068,0.0,45.9259260989968,45.90767502856864,0.018302777782082558,45.88937225078656,229.99288494340556,229.61,0.3828849434055508,0.09307980537414551,False,0.0,0.0,True,False,False,119241.02954870062,803.9000182865457
1176.023000000001,53.0,True,False,BLACKOUT,-1268.5220977105275,-1214.9814725846977,-8468.55680601118,82.8780380943458,-10.236618994033911,0.0,1810.4398607262876,8659.916100398716,27.59726709243282,37.74816153563362,-526.8558998906838,-0.008720824511200367,-0.010250558345605194,0.0,46.77379878446069,46.760376926318344,0.013458332978188992,46.746918593340155,230.0590287539172,229.61,0.4490287539171767,0.09077765047550201,False,[-433.34921413],218.09661353112762,True,False,False,120636.42778277985,812.7799495393626
1176.1230000000069,53.1,True,False,BLACKOUT,-1265.7340106390375,-1211.175022028808,-8521.315718815571,82.8780380943458,-10.236618994033911,0.0,1805.8259899205589,8710.558482990966,28.164474337365895,38.38084958216233,-528.3223561971238,-0.020312592048341988,-0.02387565644447833,0.0,47.63722425697537,47.60595791861258,0.03134722262620926,47.57461069598637,230.13446795476804,229.61,0.5244679547680099,0.08903506398200989,False,0.0,0.0,True,False,False,122052.56835954351,821.8517640883084
1176.224000000002,53.2,True,False,BLACKOUT,-1262.8889099030796,-1207.3054428708008,-8574.221277353565,82.8780380943458,-10.236618994033911,0.0,1801.1281041114237,8761.354516308687,28.73754038179324,39.01073357797688,-529.7888145627255,-0.008740624247296734,-0.010273831185211439,0.0,48.46635627839305,48.452900444525405,0.01348888874053955,48.439411555784865,229.9042582248592,229.61,0.29425822485918496,0.08946329355239868,False,0.0,0.0,True,False,False,123489.79842397542,831.0175481000254
1176.3240000000078,53.3,True,False,BLACKOUT,-1259.9861260441812,-1203.3731285317558,-8627.273858247267,82.8780380943458,-10.236618994033911,0.0,1796.3459838570416,8812.304642879524,29.318136796173803,39.635553202921436,-531.262803311326,-0.0178772408025812,-0.02101311632517519,0.0,49.32793297727445,49.30040793848237,0.027588889002799988,49.27281904947957,229.9263054245195,229.61,0.3163054245194987,0.08837450295686722,False,0.0,0.0,True,False,False,124948.43450713389,840.333482685726
1176.4230000000098,53.4,True,False,BLACKOUT,-1257.0249133145883,-1199.3786201401647,-8680.474250024721,82.8780380943458,-10.236618994033911,0.0,1791.4794495288515,8863.409717677867,29.90611779568516,40.25461462889715,-532.7450322377532,-0.020479989103947296,-0.024072416886471052,0.0,50.1794169466398,50.14788012000524,0.0316055566072464,50.116274563397994,229.94703274437248,229.61,0.3370327443724618,0.08643932640552521,False,0.0,0.0,True,False,False,126428.82738566624,849.8023959634318
1176.523000000001,53.5,True,False,BLACKOUT,-1254.0053201279134,-1195.3221229513379,-8733.821831169069,82.8780380943458,-10.236618994033911,0.0,1786.5286913960722,8914.669289647642,30.485745937810808,40.87532914763891,-534.2065906492224,-0.02809383462405795,-0.03302181927819243,0.0,51.03516039447995,50.991893849047884,0.0433555543422699,50.948538294705614,229.66345189644713,229.61,0.05345189644710146,0.08353278040885925,False,0.0,0.0,True,False,False,127931.22446189733,859.1663057901103
1176.6230000000069,53.6,True,False,BLACKOUT,-1250.9276199480466,-1191.2034249565518,-8787.314838137527,82.8780380943458,-10.236618994033911,0.0,1781.4937917969883,8966.081763778599,31.068257659525514,41.49863074808352,-535.6535487199359,-0.013224334804634754,-0.015544036612894468,0.0,51.860247116825356,51.839878355995864,0.020408334210515022,51.81947002178535,229.62554716551705,229.61,0.015547165517031641,0.08603844791650772,False,0.0,0.0,True,False,False,129455.79264581569,868.5258252772928
1176.7230000000127,53.7,True,False,BLACKOUT,-1247.791810045832,-1187.0215017942796,-8840.951713227803,82.8780380943458,-10.236618994033911,0.0,1776.374089300053,9017.64559631627,31.64794038476205,42.13983249735868,-537.0839530856181,-0.011823962576954773,-0.013898022843558459,0.0,52.71885502644066,52.70064149043064,0.018247222527861595,52.68239426790278,229.66836096074428,229.61,0.058360960744249554,0.08674616366624832,False,0.0,0.0,True,False,False,131002.7281954093,877.91524477343
1176.823000000004,53.8,True,False,BLACKOUT,-1244.598015733265,-1182.7754600445323,-8894.731911054014,82.8780380943458,-10.236618994033911,0.0,1771.1691074704786,9069.360273844037,32.227945866580654,42.78100249758448,-538.5200034385966,-0.011949959361424633,-0.014046120926361087,0.0,53.580099562508316,53.56169031572456,0.018441665917634964,53.54324864980693,229.36183530785084,229.61,0.24816469214918213,0.08639517426490784,False,0.0,0.0,True,False,False,132572.2994905458,887.4354073680798
1176.9230000000098,53.9,True,False,BLACKOUT,-1241.3463766301988,-1178.4651348294462,-8948.656042669467,82.8780380943458,-10.236618994033911,0.0,1765.8788649744843,9121.226514881007,32.8048361947433,43.42550180413951,-539.9626288704934,-0.012014757949117378,-0.014122285938396845,0.0,54.44214036514826,54.4236298376474,0.018541665747761726,54.405088171899635,229.23153500093977,229.61,0.3784649990602488,0.0872834101319313,False,0.0,0.0,True,False,False,134164.85493647854,897.0958800452297
1177.0270000000019,54.0,True,False,BLACKOUT,-1238.036314995514,-1174.091258608429,-9002.725269770652,82.8780380943458,-10.236618994033911,0.0,1760.5034366199789,9173.24558884792,33.39639649895387,44.05202261620749,-541.4219131532227,-0.014604906692733469,-0.017166776833281074,0.0,55.30269856605386,55.280195329739875,0.022538889199495316,55.25765644054038,229.15639861001185,229.61,0.45360138998817745,0.08568943291902542,False,[-450.75763694],235.1282401824,True,False,False,135780.78442793284,906.9509673487989
1177.1230000000069,54.1,True,False,BLACKOUT,-1234.667076398587,-1169.6548929085404,-9056.93983056952,82.8780380943458,-10.236618994033911,0.0,1755.0429802745825,9225.417874392884,33.98837543958605,44.67529138155844,-542.8693028241146,-0.010169795981392357,-0.011953696228639597,0.0,56.1502533456184,56.13458225594456,0.015694444999098778,56.11888781094546,228.81377419465358,229.61,0.796225805346455,0.09143431484699249,False,0.0,0.0,True,False,False,137420.40564068672,916.7818295426932
1177.2230000000127,54.2,True,False,BLACKOUT,-1231.2388395310652,-1165.1563791251197,-9111.299145264653,82.8780380943458,-10.236618994033911,0.0,1749.4978766495271,9277.742987111767,34.57636191085191,45.2949842868573,-544.3169910785771,-0.0069658602466681025,-0.008187752980706965,0.0,56.9945958542948,56.98386091286603,0.01075000036507845,56.97311091250095,228.74664130346414,229.61,0.8633586965358704,0.09261047095060349,False,0.0,0.0,True,False,False,139083.97588044053,926.6642468604423
1177.3240000000078,54.3,True,False,BLACKOUT,-1227.7515917854457,-1160.5948043705039,-9165.801900602408,82.8780380943458,-10.236618994033911,0.0,1743.867535503051,9330.219636346628,35.16859300153614,45.93651080545888,-545.7381156765285,-0.015724483431118486,-0.018482740325547052,0.0,57.877436265578154,57.853201801522935,0.024266665801405907,57.82893513572153,228.81001882790008,229.61,0.7999811720999433,0.0893382802605629,False,0.0,0.0,True,False,False,140771.7211878035,936.554116534915
1177.423999999999,54.4,True,False,BLACKOUT,-1224.2053879975194,-1155.969237434229,-9220.44703708567,82.8780380943458,-10.236618994033911,0.0,1738.1514075942505,9382.846789723459,35.755482756991135,46.57482792003772,-547.1646139887478,-0.005515089184503197,-0.006482499836381275,0.0,58.72535608565393,58.716855697206874,0.00851111114025116,58.70834458606662,228.58163541250275,229.61,1.028364587497284,0.10249650478363037,False,0.0,0.0,True,False,False,142483.88638916583,946.5314528199091
1177.523000000001,54.5,True,False,BLACKOUT,-1220.6009001630641,-1151.2789456356431,-9275.234265680318,82.8780380943458,-10.236618994033911,0.0,1732.3495414229662,9435.624283369842,36.33427393211869,47.231008051678685,-548.5799579041751,-0.011764563972150574,-0.013828205034082875,0.0,59.60796144210032,59.58982785469326,0.018155556172132492,59.57167229852113,228.46401189273516,229.61,1.1459881072648614,0.10175776481628418,False,0.0,0.0,True,False,False,144220.76815524272,956.5624976887757
1177.6230000000069,54.6,True,False,BLACKOUT,-1216.9382065601642,-1146.5236579351003,-9330.163991343386,82.8780380943458,-10.236618994033911,0.0,1726.4618457218246,9488.55260880678,36.91959812588089,47.87474595917663,-550.0145553572253,-0.01711045650907555,-0.020111829167180142,0.0,60.48336832110194,60.45699319708388,0.02640555612742901,60.43058764095645,228.3799729696362,229.61,1.230027030363819,0.09894561022520065,False,0.0,0.0,True,False,False,145982.7227791415,966.8034805418006
1177.7230000000127,54.7,True,False,BLACKOUT,-1213.2164851532918,-1141.7041968839035,-9385.237026361427,82.8780380943458,-10.236618994033911,0.0,1720.4882716858285,9541.632666058465,37.51483001156905,48.514475064758244,-551.446145003572,-0.01626807245513026,-0.019121681173342682,0.0,61.35220726664482,61.3271290833508,0.0251055546104908,61.30202352874031,228.3206259427408,229.61,1.2893740572592096,0.09731414169073105,False,0.0,0.0,True,False,False,147770.13559746768,977.1361918595794
1177.8240000000078,54.8,True,False,BLACKOUT,-1209.4353951118408,-1136.821407449258,-9440.45407540465,82.8780380943458,-10.236618994033911,0.0,1714.4291455828272,9594.865316670584,38.10697081745288,49.14131362814988,-552.8948358608865,-0.007300653150908919,-0.008581272446006094,0.0,62.196542174581566,62.185287086113824,0.01126666646450758,62.17402041964932,228.18452197553952,229.61,1.4254780244604959,0.09906062483787537,False,0.0,0.0,True,False,False,149583.37950937616,987.6125655353052
1177.9230000000098,54.9,True,False,BLACKOUT,-1205.5937646108578,-1131.876312671428,-9495.814506513698,82.8780380943458,-10.236618994033911,0.0,1708.2842821963548,9648.250013910041,38.72563920220675,49.760581928449646,-554.313786320064,-0.015978279005970722,-0.01878105458981622,0.0,63.07850588003656,63.05387097932562,0.024658333510160446,63.02921264581546,228.0960075842404,229.61,1.5139924157596312,0.08985291421413422,False,0.0,0.0,True,False,False,151422.72606724524,998.0228322179848
1178.024000000005,55.0,True,False,BLACKOUT,-1201.6917165828118,-1126.8690400534813,-9551.317442710106,82.8780380943458,-10.236618994033911,0.0,1702.0538823411014,9701.78603710733,39.31532135871221,50.384870430486195,-555.74493760808,-0.004139916675808129,-0.004866106109211686,0.0,63.9151436141251,63.90876044671571,0.006388888694345951,63.902371558021365,228.28397482841254,229.61,1.3260251715874911,0.08808346092700958,False,[-467.20621162],249.58904308196043,True,False,False,153288.42625865838,1008.5037013667709
1178.1240000000107,55.1,True,False,BLACKOUT,-1197.7303207757882,-1121.7989599792459,-9606.962181314013,82.8780380943458,-10.236618994033911,0.0,1695.738366230057,9755.472872183196,39.91259478175724,51.01673105422137,-557.1498344700591,-0.011282173144915916,-0.013261197257054118,0.0,64.79179006861992,64.77439362642858,0.017411110922694206,64.75698251550588,228.15305993597568,229.61,1.4569400640243346,0.08296278864145279,False,0.0,0.0,True,False,False,155180.7459293041,1018.9338826433137
1178.224000000002,55.2,True,False,BLACKOUT,-1193.7103013474384,-1116.66573017419,-9662.747471585688,82.8780380943458,-10.236618994033911,0.0,1689.338085306089,9809.309448992894,40.487793785237535,51.64786504689593,-558.5559709634323,-0.011634965589795283,-0.01367587359132505,0.0,65.6438766331066,65.62593549427157,0.017955554649233818,65.60797993962234,227.31628857835344,229.61,2.293711421646594,0.08122316747903824,False,0.0,0.0,True,False,False,157099.89682709984,1029.3392498598423
1178.323000000004,55.3,True,False,BLACKOUT,-1189.6294099521688,-1111.4707091854123,-9718.673720616067,82.8780380943458,-10.236618994033911,0.0,1682.852259330416,9863.296133368745,41.130034120158484,52.252554728660925,-559.9690096441615,-0.013155935826026378,-0.015463639659589825,0.0,66.51847737383918,66.4981893166807,0.020302778109908104,66.47788653857079,227.05326730448826,229.61,2.5567326955117617,0.08655279874801636,False,0.0,0.0,True,False,False,159046.25458768595,1040.0965420599186
1178.423999999999,55.4,True,False,BLACKOUT,-1185.4856951692254,-1106.2151190760562,-9774.740607263393,82.8780380943458,-10.236618994033911,0.0,1676.2802368638554,9917.43259981051,41.74426153870834,52.859247458459954,-561.3687233023745,-0.02634427154938403,-0.030965362534540686,0.0,67.39553488181562,67.35490637872485,0.040655557066202164,67.31425082165865,226.76161589800918,229.61,2.848384101990845,0.09365472197532654,False,0.0,0.0,True,False,False,161020.13419699192,1050.6890931653952
1178.523000000001,55.5,True,False,BLACKOUT,-1181.2796379419476,-1100.897673139778,-9830.947077864847,82.8780380943458,-10.236618994033911,0.0,1669.6215633824893,9971.717836596217,42.37688300684634,53.489671267107816,-562.7606887267051,-0.027084054721477152,-0.03183491226104856,0.0,68.28358548192053,68.24181376281848,0.0417972207069397,68.20001654211154,226.65811355886328,229.61,2.951886441136748,0.09534092992544174,False,0.0,0.0,True,False,False,163021.8047305055,1061.5497232611608
1178.625,55.6,True,False,BLACKOUT,-1177.0073412544089,-1095.5204127369348,-9887.2923158217,82.8780380943458,-10.236618994033911,0.0,1662.874644120157,10026.150877608245,43.0690507439306,54.05553678975707,-564.144070410371,-0.010574787456214464,-0.012429727908534654,0.0,69.13175203392377,69.11544103608144,0.01631944440305233,69.09912159167838,226.02483888275867,229.61,3.5851611172413334,0.09002608060836792,False,0.0,0.0,True,False,False,165051.5555951496,1072.362334356765
1178.7230000000127,55.7,True,False,BLACKOUT,-1172.6645884818752,-1090.0879473721493,-9943.774950362837,82.8780380943458,-10.236618994033911,0.0,1656.0393046512804,10080.73045180821,43.78600470674122,54.593770505952236,-565.508620412354,-0.010304793139666393,-0.012112373455271282,0.0,69.99942264653993,69.98352653471632,0.015902778133749962,69.96762375658257,224.88789123376225,229.61,4.722108766237786,0.10082384943962097,False,0.0,0.0,True,False,False,167109.5557376662,1083.0697014333869
1178.823000000004,55.8,True,False,BLACKOUT,-1168.2522594371003,-1084.5989665639738,-10000.394372426472,82.8780380943458,-10.236618994033911,0.0,1649.115361421728,10135.456037067901,44.460576188757024,55.18584565755416,-566.8798208603669,-0.01908501685915586,-0.022432750319695216,0.0,70.89706810389065,70.86762586665125,0.02945277839899063,70.83817308825226,224.55674038391766,229.61,5.05325961608235,0.10771260410547256,False,0.0,0.0,True,False,False,169196.1111934231,1094.0245713764423
1178.923999999999,55.9,True,False,BLACKOUT,-1163.7697268719246,-1079.0530536387053,-10057.149880937755,82.8780380943458,-10.236618994033911,0.0,1642.1020738254806,10190.32693040357,45.190075114756795,55.73241284781495,-568.2303493653241,-0.013334131640438977,-0.01567309308801658,0.0,71.77184192684186,71.75126988922669,0.020577777177095413,71.7306921120496,223.83659409970653,229.61,5.773405900293483,0.11206340789794922,False,0.0,0.0,True,False,False,171311.52955625884,1104.916753941483
1179.024000000005,56.0,True,False,BLACKOUT,-1159.216520931023,-1073.4498359965132,-10114.041122810486,82.8780380943458,-10.236618994033911,0.0,1634.9988496537808,10245.34279915859,45.87404370327779,56.33193999602534,-569.5944880892583,-0.01336293114685462,-0.015706944362108725,0.0,72.66850351666528,72.64788606288582,0.020622221753001213,72.62726384113282,223.81409339205976,229.61,5.79590660794027,0.1239147037267685,False,[-488.96478904],296.4586786467184,True,False,False,173456.14924630136,1116.099570667025
1179.1240000000107,56.1,True,False,BLACKOUT,-1154.5922284888222,-1067.7867549063606,-10171.067215119298,82.8780380943458,-10.236618994033911,0.0,1627.8037199384935,10300.502572453453,46.61180514074087,56.929681807026256,-570.9273580869728,-0.014716504327480407,-0.017297949988380783,0.0,73.600210761681,73.57750368915524,0.02271111123263836,73.5547925779226,223.76678518461566,229.61,5.843214815384355,0.1413378268480301,False,0.0,0.0,True,False,False,175630.33388289151,1127.4035155946465
1179.224000000002,56.2,True,False,BLACKOUT,-1149.8974340131283,-1062.0619691964819,-10228.227299136137,82.8780380943458,-10.236618994033911,0.0,1620.5159462215445,10355.805406377238,47.284084373137965,57.56603239054866,-572.2743222498207,-0.008042238328914557,-0.009452940271177879,0.0,74.50826632337156,74.49585706732776,0.012411111034452915,74.48344595629331,223.92443118049206,229.61,5.685568819507963,0.1630593091249466,False,0.0,0.0,True,False,False,177834.40305608968,1138.7950457386105
1179.323000000004,56.3,True,False,BLACKOUT,-1145.132898842014,-1056.2755951279366,-10285.522988269116,82.8780380943458,-10.236618994033911,0.0,1613.1362003335553,10411.253120688163,48.00661904914789,58.161448980355686,-573.6394604097982,-0.009745004166988983,-0.011454390999795137,0.0,75.42982104945982,75.41478382932969,0.015038888901472092,75.39974494042822,223.32067017313454,229.61,6.289329826865476,0.1700257509946823,False,0.0,0.0,True,False,False,180068.84832084196,1150.4752129196636
1179.4230000000098,56.4,True,False,BLACKOUT,-1140.2996286710552,-1050.4269826036268,-10342.955062855319,82.8780380943458,-10.236618994033911,0.0,1605.6648457943854,10466.846661209114,48.65878437002635,58.810801505840246,-575.0020313142373,-0.012405350274216563,-0.014581392690588982,0.0,76.34992064140116,76.33077800028022,0.019144443795084953,76.31163355648513,223.13376127502423,229.61,6.476238724975801,0.1883040964603424,False,0.0,0.0,True,False,False,182334.1066096354,1162.1644046231695
1179.523000000001,56.5,True,False,BLACKOUT,-1135.4008923876615,-1044.5123148069845,-10400.521443508997,82.8780380943458,-10.236618994033911,0.0,1598.101926475826,10522.58409632806,49.31594129784465,59.48255442700606,-576.3255817593085,-0.011634965589795283,-0.01367587359132505,0.0,77.28525862030006,77.26730451655601,0.017955554649233818,77.24934896190678,222.71379906020968,229.61,6.896200939790338,0.2189660370349884,False,0.0,0.0,True,False,False,184630.38506337075,1173.7802638412254
1179.6230000000069,56.6,True,False,BLACKOUT,-1130.4366640515593,-1038.531983313173,-10458.220531911424,82.8780380943458,-10.236618994033911,0.0,1590.4477114082176,10578.464000828159,49.968625424198464,60.12407544922118,-577.6561862892567,-0.007779443587227947,-0.009144048281765967,0.0,78.18980196063744,78.1777972023227,0.01200555544346571,78.16579164687923,222.62248894182744,229.61,6.9875110581725774,0.21316979825496674,False,0.0,0.0,True,False,False,186957.87816366294,1185.3278838541075
1179.7230000000127,56.7,True,False,BLACKOUT,-1125.4043597043085,-1032.4865054156633,-10516.049776051406,82.8780380943458,-10.236618994033911,0.0,1582.7005980661977,10634.483723975976,50.677461520817005,60.78548250097602,-578.9286965103978,-0.01000959910413341,-0.011765398959841493,0.0,79.15506983598141,79.13962338216142,0.015447222627699375,79.12417615953372,222.36209830928382,229.61,7.247901690716203,0.22484919428825378,False,0.0,0.0,True,False,False,189316.7509760579,1196.933806611231
1179.8240000000078,56.8,True,False,BLACKOUT,-1120.3035071967258,-1026.3734518952406,-10574.008250268287,82.8780380943458,-10.236618994033911,0.0,1574.8586902028721,10690.642187018015,51.33958863083394,61.47558790747669,-580.2407878272453,-0.01007259749636834,-0.011839448001242805,0.0,80.1092468511561,80.09370305681432,0.01554444432258606,80.07815861249173,221.89838348831273,229.61,7.711616511687288,0.21994023025035858,False,0.0,0.0,True,False,False,191707.38037644574,1208.9004733906895
1179.923999999999,56.9,True,False,BLACKOUT,-1115.1376914169273,-1020.189432639222,-10632.09670828817,82.8780380943458,-10.236618994033911,0.0,1566.9225807123528,10746.940345434994,51.976726965139264,62.204797212896,-581.5283725704252,-0.007804643306212859,-0.009173668323932386,0.0,81.07385336444018,81.06180939447471,0.012044444680213928,81.0497649497945,221.03489733492376,229.61,8.57510266507627,0.2257794439792633,False,0.0,0.0,True,False,False,194130.23661439097,1220.8556667442194
1180.023000000001,57.0,True,False,BLACKOUT,-1109.9076613806028,-1013.9326493961792,-10690.312234007284,82.8780380943458,-10.236618994033911,0.0,1558.891736560614,10803.37535712255,52.623873761347106,62.930867647959424,-582.7821418118257,-0.00880902322590511,-0.010354228138516082,0.0,82.04752713127726,82.03393317752833,0.013594444841146469,82.02033873268718,220.9255552808509,229.61,8.684444719149122,0.2197599709033966,False,[-531.82767478],670.1679809549835,True,False,False,196585.44001641014,1232.6483659747207
1180.1240000000107,57.1,True,False,BLACKOUT,-600.4582492980664,-374.86744204689455,-10508.252223473655,82.8780380943458,-10.236618994033911,0.0,774.5347757121381,10536.757988628498,98.76443484260764,111.17988692699257,-523.9067327099627,-0.007790243553005038,-0.00915674268688631,0.0,148.72442933374822,148.71240986171443,0.012022222392261028,148.70038763932217,49.01025040760568,229.61,179.40025040760568,0.2206532508134842,False,0.0,0.0,True,False,False,114749.98023363041,314.9645923575201
1180.224000000002,57.2,True,False,BLACKOUT,-652.733816792338,-360.47233327677856,-10582.720794854256,82.8780380943458,-10.236618994033911,0.0,814.7329971278762,10614.03642722455,94.89680805080094,113.14453031917068,-526.4483266562182,-0.010806983099512517,-0.01270265336256313,0.0,147.68891212756364,147.67223476123158,0.016677778214216232,147.65555698301736,49.99269569615345,229.61,179.6173043038466,0.21708203852176666,False,0.0,0.0,True,False,False,90083.86809970402,131.78923970923208
1180.3240000000078,57.3,True,False,BLACKOUT,-643.2133156265794,-349.1226080434077,-10635.399413404144,82.8780380943458,-10.236618994033911,0.0,801.2817029748389,10665.54138570375,95.51321526437117,113.84997434824668,-527.1240443415711,-0.004492709724172397,-0.0052807831528257744,0.0,148.61578535828767,148.6088521900177,0.0069333333522081375,148.6019188566655,49.87114781081957,229.61,179.73885218918045,0.2072511911392212,False,0.0,0.0,True,False,False,90610.52476532078,131.84108072763087
1180.423999999999,57.4,True,False,BLACKOUT,-633.6322709751461,-337.7039949526856,-10688.145055431305,82.8780380943458,-10.236618994033911,0.0,787.7955986930262,10717.138920031819,96.10767776429421,114.52228746619514,-527.7887962016724,-0.018590026474171194,-0.021850932876254826,0.0,149.53467491176798,149.505986675234,0.028688888996839523,149.47729778623716,49.093326471200335,229.61,179.48332647120031,0.2138141542673111,False,0.0,0.0,True,False,False,91139.65908790063,131.88282683857514
1180.523000000001,57.5,True,False,BLACKOUT,-623.9905609529209,-326.21915497030193,-10740.954838429692,82.8780380943458,-10.236618994033911,0.0,774.2791353000796,10768.826260115226,96.7265226802096,115.17451218147816,-528.4068637660644,-0.014453709585793797,-0.01698905799896887,0.0,150.42572409882365,150.40341899719755,0.022305555641651154,150.3811134415559,48.16577426093007,229.61,178.55577426093006,0.21181437373161316,False,0.0,0.0,True,False,False,91671.25010407451,131.9044910151815
1180.6230000000069,57.6,True,False,BLACKOUT,-614.2868905321236,-314.66722602770835,-10793.82687200147,82.8780380943458,-10.236618994033911,0.0,760.7344689217399,10820.601437764293,97.34688573573567,115.86406667039377,-529.0338076694566,-0.004670906142069896,-0.005490237290595683,0.0,151.33763510303652,151.33042690697673,0.007208333350718021,151.323218573626,48.39988133308593,229.61,178.7898813330859,0.21601085364818573,False,0.0,0.0,True,False,False,92205.28948720335,131.93630700999782
1180.7230000000127,57.7,True,False,BLACKOUT,-604.5240955605013,-303.0491104997338,-10846.758323345153,82.8780380943458,-10.236618994033911,0.0,747.1685543001739,10872.461863515198,97.90901369671113,116.4982438890967,-529.5952192042187,-0.014424910079378154,-0.01695520672487672,0.0,152.19984050227126,152.17757979514008,0.022261111065745354,152.15531868407433,48.83830128732938,229.61,179.22830128732934,0.21983465552330017,False,0.0,0.0,True,False,False,92741.75708574867,131.92821311868025
1180.8240000000078,57.8,True,False,BLACKOUT,-594.704442634936,-291.36654867670984,-10899.745337719201,82.8780380943458,-10.236618994033911,0.0,733.5884783409796,10924.40389598838,98.48404481459593,117.15299257138216,-530.1450682767338,-0.02002999696707411,-0.023543490906117015,0.0,153.0796960999033,153.04878552760118,0.03091111034154892,153.01787441725963,48.93354215611855,229.61,179.32354215611852,0.22925065457820892,False,0.0,0.0,True,False,False,93280.62264055332,131.92067769600507
1180.923999999999,57.9,True,False,BLACKOUT,-584.8257055040142,-279.6213275567626,-10952.783646622931,82.8780380943458,-10.236618994033911,0.0,719.9975072336646,10976.423188824008,99.09069780383899,117.75142982756323,-530.6211097978387,-0.026769062156817604,-0.031464666344698834,0.0,153.93856720554086,153.89725669318244,0.0413111113011837,153.85594558188126,49.4356976638678,229.61,179.82569766386777,0.23494555056095123,False,0.0,0.0,True,False,False,93821.85553451847,131.8792932220712
1181.023000000001,58.0,True,False,BLACKOUT,-574.8862846186803,-267.81456214668054,-11005.871037748144,82.8780380943458,-10.236618994033911,0.0,706.399533573511,11028.517470656529,99.69771990283806,118.38387837407703,-531.1267127064528,-0.01600887810435928,-0.018817021125199656,0.0,154.79672472067483,154.77201947610885,0.02470555528998375,154.74731392081887,49.40978574480421,229.61,179.79978574480418,0.2228834182024002,False,[-543.51810626],21779.58652565401,True,False,False,94365.44265443739,131.85571343968064
1181.1240000000107,58.1,True,False,BLACKOUT,-564.8873588698757,-255.9432010346962,-11059.008723701198,82.8780380943458,-10.236618994033911,0.0,692.7999234716472,11080.687960810987,100.28079507325471,119.04334386560981,-531.627006354628,-0.014342111951046859,-0.016857884843869162,0.0,155.6741667196519,155.65203364951557,0.02213333360850811,155.62990031590707,49.13610385586479,229.61,179.52610385586476,0.22991298139095306,False,0.0,0.0,True,False,False,94911.40362720899,131.83227006092363
1181.2230000000127,58.2,True,False,BLACKOUT,-554.828376935692,-244.00897297199433,-11112.19486983523,82.8780380943458,-10.236618994033911,0.0,679.2046711079507,11132.932848555552,100.89884361041943,119.64121738842745,-532.0959163259979,-0.01905081736985167,-0.022392551843042896,0.0,156.53689967440783,156.50749994842047,0.029400000348687172,156.4780999480718,48.568597920042954,229.61,178.95859792004293,0.223144993185997,False,0.0,0.0,True,False,False,95459.72703632382,131.79190722801047
1181.323000000004,58.3,True,False,BLACKOUT,-544.710881586698,-232.01618773695841,-11165.426022266629,82.8780380943458,-10.236618994033911,0.0,665.623038376991,11185.248870182862,101.45106336945877,120.21448731229069,-532.5271323019803,-0.020739183454718275,-0.024377076934614078,0.0,157.3337574169891,157.30175211532398,0.03200555592775345,157.26974655939622,47.93412692421071,229.61,178.3241269242107,0.22276932001113892,False,0.0,0.0,True,False,False,96010.38268105926,131.72758739980236
1181.4230000000098,58.4,True,False,BLACKOUT,-534.5366905606411,-219.96741057826506,-11218.696396358502,82.8780380943458,-10.236618994033911,0.0,652.0643772655114,11237.630390156366,102.03275715167732,120.76105586157618,-532.8803495354903,-0.019409009797619586,-0.022813575379874,0.0,158.12459560236965,158.09464299835045,0.029952777549624443,158.06469022080083,47.71552031525071,229.61,178.1055203152507,0.22487109899520874,False,0.0,0.0,True,False,False,96563.3234459215,131.63309716528724
1181.523000000001,58.5,True,False,BLACKOUT,-524.3039807525855,-207.8662918970296,-11271.999851067616,82.8780380943458,-10.236618994033911,0.0,638.5354270694621,11290.071219177102,102.62143900943566,121.26131776313305,-533.188744646765,-0.009494808983052378,-0.011160308676794855,0.0,158.87140244272484,158.8567497150148,0.014652777463197708,158.8420969375516,46.960203235811555,229.61,177.35020323581153,0.22127211093902588,False,0.0,0.0,True,False,False,97118.50078883996,131.51655417657602
1181.6230000000069,58.6,True,False,BLACKOUT,-514.013463375929,-195.71745249717685,-11325.335220363342,82.8780380943458,-10.236618994033911,0.0,625.0460816007566,11342.570275635362,103.18890852369616,121.7154702339218,-533.518641267756,-0.012048957438421565,-0.014162484415049165,0.0,159.5886622124646,159.57006779649006,0.018594443798065186,159.551473352692,46.38070287524607,229.61,176.77070287524606,0.24350793659687042,False,0.0,0.0,True,False,False,97675.90529028876,131.40359044553335
1181.724000000002,58.7,True,False,BLACKOUT,-503.6677976745641,-183.52064318677174,-11378.70358848573,82.8780380943458,-10.236618994033911,0.0,611.6072027848253,11395.128727887031,103.72440550360066,122.22071597418038,-533.8487211799888,-0.0073150529041167405,-0.008598198083052169,0.0,160.31305340687226,160.30176452652248,0.01128888875246048,160.29047563777002,46.49063942758426,229.61,176.88063942758424,0.23914273083209991,False,0.0,0.0,True,False,False,98235.54931456612,131.29497073833417
1181.823000000004,58.8,True,False,BLACKOUT,-493.26883303370164,-171.2733846200619,-11432.10359880094,82.8780380943458,-10.236618994033911,0.0,598.2291007581721,11447.745225620256,104.2548873136485,122.724455360016,-534.1514851242322,-0.004670906142069896,-0.005490237290595683,0.0,161.03631586230398,161.02910753088742,0.007208333350718021,161.0218991975367,46.50218065997484,229.61,176.89218065997483,0.25656983256340027,False,0.0,0.0,True,False,False,98797.42654796367,131.17610240850794
1181.9230000000098,58.9,True,False,BLACKOUT,-482.81564460823523,-158.9801385803369,-11485.53415276286,82.8780380943458,-10.236618994033911,0.0,584.9221976199308,11500.418633752017,104.80888119568007,123.14046543448383,-534.4595941141533,-0.013803922909923631,-0.016225291198633706,0.0,161.72620624367738,161.70490346588593,0.021302778273820877,161.6836006876121,46.66506298845077,229.61,177.05506298845074,0.2381720095872879,False,0.0,0.0,True,False,False,99361.52774668802,131.05200206244803
1182.024000000005,59.0,True,False,BLACKOUT,-472.3126804874137,-146.6450304792634,-11538.991434502788,82.8780380943458,-10.236618994033911,0.0,571.7027100891285,11553.145342903463,105.25040122075058,123.56169658698639,-534.6860406843678,-0.011886961572674604,-0.01397207259430293,0.0,162.33020420747624,162.31185976564822,0.018344445154070854,162.29351532049415,45.50812948987794,229.61,175.89812948987793,0.2588343620300293,False,[-492.72286407],9395.951744900327,True,False,False,99927.81753240952,130.88630215020996
1182.1230000000069,59.1,True,False,BLACKOUT,-461.7659905074681,-134.26810287069355,-11592.470704456686,82.8780380943458,-10.236618994033911,0.0,558.5883340030111,11605.920814850098,105.68339837816136,123.97685558441087,-534.8993583935581,-0.004044518687984376,-0.004753974207120915,0.0,162.91493208058122,162.90869041691738,0.006241666618734598,162.90244875029865,44.81732988120468,229.61,175.20732988120469,0.2693661153316498,False,0.0,0.0,True,False,False,100496.25499345681,130.7148336847725
1182.224000000002,59.2,True,False,BLACKOUT,-451.17651808815214,-121.8495496680086,-11645.97192781796,82.8780380943458,-10.236618994033911,0.0,545.5929941567416,11658.744952129147,106.10605000815666,124.39420846928827,-535.1251088319349,-0.007963039988013992,-0.009359849622096046,0.0,163.51278719311105,163.5004983143299,0.012288888916373253,163.48820942541352,44.34609733226681,229.61,174.73609733226678,0.2821623980998993,False,0.0,0.0,True,False,False,101066.84090814793,130.54913263924448
1182.323000000004,59.3,True,False,BLACKOUT,-440.54308237183915,-109.39166317567945,-11699.491817264294,82.8780380943458,-10.236618994033911,0.0,532.7301306822626,11711.614328279895,106.56266431810282,124.7635213772949,-535.2726800947484,-0.022674144332605853,-0.026651452407916658,0.0,164.1128319480808,164.077840347304,0.03499166667461395,164.0428486806294,44.33460207029457,229.61,174.72460207029457,0.2757823169231415,False,0.0,0.0,True,False,False,101639.55243314213,130.35387710733482
1182.4230000000098,59.4,True,False,BLACKOUT,-429.86317171153735,-96.89480129096886,-11753.026969246312,82.8780380943458,-10.236618994033911,0.0,520.0126813763386,11764.525325257426,107.03554888793303,125.17371631691695,-535.4303595456229,-0.014509509006652167,-0.01705464528586188,0.0,164.71928890357353,164.69689730632177,0.02239166758954525,164.67450563873223,44.260016563676196,229.61,174.6500165636762,0.2592698335647583,False,0.0,0.0,True,False,False,102214.36645419052,130.1688450579577
1182.523000000001,59.5,True,False,BLACKOUT,-419.1368785240483,-84.35648295125651,-11806.581250350506,82.8780380943458,-10.236618994033911,0.0,507.45712207083113,11817.481692470206,107.49031486184818,125.59265047733017,-535.6552625382521,-0.013699524850038152,-0.016102580507385455,0.0,165.33200523189765,165.31086365699045,0.021141666918992996,165.28972199007146,43.755634550717836,229.61,174.14563455071783,0.3251148760318756,False,0.0,0.0,True,False,False,102791.31405630399,130.00945371102782
1182.6230000000069,59.6,True,False,BLACKOUT,-408.3689776341467,-71.7788633998554,-11860.157296419931,72.60342910657067,-16.35691646622882,0.0,484.1549837065315,11870.03526296661,107.86770293618459,125.95974055069195,-535.8656588502649,-0.011448806423075067,-0.0010540126225214589,0.0,165.84339946987964,165.83515181144978,0.011497221887111664,165.82365458956266,43.573769908865295,185.26,141.6862300911347,0.29744353890419006,False,0.0,0.0,True,False,False,103370.41038060894,129.8323169898879
1182.7230000000127,59.7,True,False,BLACKOUT,-397.56482263475067,-59.16674112795578,-11913.751499176278,72.60342910657067,-16.35691646622882,0.0,472.1131919710128,11923.102182324787,108.21539705173588,126.28270488730047,-536.0183962766722,-0.011802864833554272,-0.0010866083377396687,0.0,166.31513099022263,166.3066255827406,0.011852777563035488,166.29477280517756,43.58535602831873,185.26,141.67464397168123,0.3653373122215271,False,0.0,0.0,True,False,False,103951.62134075892,129.62708060895415
1182.8240000000078,59.8,True,False,BLACKOUT,-386.72547183755006,-46.52044534246917,-11967.35824522601,72.60342910657067,-16.35691646622882,0.0,460.31823526425893,11976.207924351338,108.57161889227658,126.64321082243174,-536.1165247179744,-0.017979523353574233,-0.0016552506751613487,0.0,166.82512696456433,166.81216765063823,0.01805555634200573,166.79411209429622,43.52884304300002,185.26,141.73115695699997,0.372720330953598,False,0.0,0.0,True,False,False,104534.90495264284,129.40803378675875
1182.923999999999,59.9,True,False,BLACKOUT,-375.8511392726592,-33.84152493620903,-12020.977532450761,72.60342910657067,-16.35691646622882,0.0,448.79528900552185,12029.352353602399,108.91503240554013,126.93519730277119,-536.2692197770159,-0.015324085738680559,-0.0014107828537144687,0.0,167.26842211726822,167.25737232837693,0.015388889238238335,167.2419834391387,43.25070802319197,185.26,142.00929197680802,0.532961368560791,False,0.0,0.0,True,False,False,105120.25953065211,129.20112479614554
1183.024000000005,60.0,False,True,NORMAL,-364.9411064592903,-21.134336382164282,-12074.611991094709,72.60342910657067,-16.35691646622882,0.0,437.5706164090525,12082.537927928584,109.2856238618374,127.20857377812375,-536.4199531019259,-0.012425233256395156,-0.0011439055047361276,0.0,167.7151627287825,167.70619793417103,0.012477777898311615,167.69372015627272,42.56725381038879,185.26,142.69274618961117,0.0,False,0.0,0.0,False,False,False,105707.70069910928,128.9946719565789
1183.1240000000107,60.1,False,True,NORMAL,-353.9967968453258,-8.400293453469963,-12128.26129862686,72.60342910657067,-16.35691646622882,0.0,426.6744199409853,12135.76421938075,109.60056841745401,127.47228479576262,-536.5661975410842,-0.024164477473048677,-0.0022246567311937993,0.0,168.12891667538346,168.111474886401,0.024266665801405907,168.0872082205996,41.8645813631175,185.26,143.39541863688248,0.0,False,0.0,0.0,False,False,False,106297.22375857516,128.78165264979617
1183.224000000002,60.2,False,True,NORMAL,-343.0190867300938,4.359041140612698,-12181.924304901138,72.60342910657067,-16.35691646622882,0.0,416.1384704277734,12189.029944868915,109.95363388718486,127.71440708589058,-536.6939279444805,-0.008209726784672028,-0.0007558129064927148,0.0,168.53121338567928,168.52528410389246,0.008244444616138935,168.51703965927632,42.003315718606395,185.26,143.25668428139358,0.0,False,0.0,0.0,False,False,False,106888.81829424358,128.56454335052746
1183.323000000004,60.3,False,True,NORMAL,-332.00677579023517,17.139706914798886,-12235.599944765216,72.60342910657067,-16.35691646622882,0.0,405.9943862722311,12242.333823663816,110.2925849099881,127.89890839783314,-536.8188693370387,-0.02066261976758815,-0.0019022648514262967,0.0,168.90124318291157,168.88630807583024,0.020749999210238457,168.86555807662,41.99500904176449,185.26,143.26499095823547,0.0,False,0.0,0.0,False,False,False,107482.47413814228,128.33986544694926
1183.423999999999,60.4,False,True,NORMAL,-320.9615555202163,29.94002366902066,-12289.285155631309,72.60342910657067,-16.35691646622882,0.0,396.27869459531877,12295.672671318565,110.61182049038989,128.10742668660237,-536.8853479848253,-0.0374416636927156,-0.0034469956676694267,0.0,169.27981324091024,169.252732930554,0.03759999945759773,169.2151329310964,41.74449623811954,185.26,143.51550376188044,0.0,False,0.0,0.0,False,False,False,108078.16732980988,128.09665205263286
1183.523000000001,60.5,False,True,NORMAL,-309.88604035495837,42.75741092960595,-12342.97837355586,72.60342910657067,-16.35691646622882,0.0,387.03061629853505,12349.044814398401,110.89848281476891,128.2403185251034,-536.9790105061772,-0.02573837851164042,-0.0023695549415375253,0.0,169.55934033055075,169.54071129388828,0.02584722265601158,169.51486407123227,41.60148974855762,185.26,143.65851025144238,0.0,False,0.0,0.0,False,False,False,108675.88346614169,127.8533443212065
1183.6240000000107,60.6,False,True,NORMAL,-298.7838974964407,55.58650255957036,-12396.680723915082,72.60342910657067,-16.35691646622882,0.0,378.29142456901343,12402.451264673055,111.1443743555839,128.3415140741848,-537.0679966782524,-0.01859912534006266,-0.0017122931554483692,0.0,169.7916088253449,169.7781381266397,0.01867777854204178,169.75946034809766,40.927969698383926,185.26,144.33203030161604,0.0,False,0.0,0.0,False,False,False,109275.62550709027,127.60329035186783
1183.7230000000127,60.7,False,True,NORMAL,-287.65497596786054,68.4283981704664,-12450.389637214403,72.60342910657067,-16.35691646622882,0.0,370.10088895437195,12455.889241096382,111.43405621601921,128.49639814373558,-537.1102693081524,-0.04256721087190634,-0.003918869435515459,0.0,170.1157518960145,170.08490003721184,0.042747221887111664,170.04215281532473,40.32228029810179,185.26,144.9377197018982,0.0,False,0.0,0.0,False,False,False,109877.37552336064,127.34775158614548
1183.823000000004,60.8,False,True,NORMAL,-276.49999063702666,81.28987859760724,-12504.102163127844,72.60342910657067,-16.35691646622882,0.0,362.5025438019892,12509.355658873936,111.66565040065835,128.73321039908143,-537.1402489606354,-0.05859664606779212,-0.005394588947577523,0.0,170.45801768301092,170.41554195276973,0.058844443410634995,170.3566975093591,40.21745073687411,185.26,145.0425492631259,0.0,False,0.0,0.0,False,False,False,110481.11401556704,127.09337090794656
1183.9230000000098,60.9,False,True,NORMAL,-265.3189191507139,94.16988932796852,-12557.827158585567,72.60342910657067,-16.35691646622882,0.0,355.5385889756353,12562.859174294681,111.95577932559611,128.86700420814387,-537.3596601938132,-0.09464144395526028,-0.00871298481747834,0.0,170.77542937036833,170.70676992428668,0.0950416699051857,170.6117282543815,41.8305180266862,185.26,143.42948197331378,0.0,False,0.0,0.0,False,False,False,111086.89585829344,126.89966313721054
1184.023000000001,61.0,False,True,NORMAL,-254.11200738974648,107.06276815367364,-12611.56604462835,72.60342910657067,-16.35691646622882,0.0,349.2497601955586,12616.400972266987,112.18245589375195,128.99057230595864,-537.4180606618172,-0.14428429201884724,-0.01328325935469789,0.0,171.05347500556041,170.9487383813415,0.14489445090293884,170.80384393043857,42.21452916281123,185.26,143.04547083718873,0.0,False,0.0,0.0,False,False,False,111694.72824605892,126.64656254028849
1184.1240000000107,61.1,False,True,NORMAL,-242.87967243239768,119.96951450700642,-12665.317357884538,72.60342910657067,-16.35691646622882,0.0,343.6778769990109,12669.979410364878,112.46424325322417,129.1443547606969,-537.6082044619567,-0.1961040315057895,-0.018053945266980145,0.0,171.392186732775,171.24973102775115,0.1969333291053772,171.05279769864578,41.263858818067796,185.26,143.9961411819322,0.0,False,0.0,0.0,False,False,False,112304.59994818855,126.44691267807872
1184.224000000002,61.2,False,True,NORMAL,-231.6253390821553,132.88850365874575,-12719.076303168129,72.60342910657067,-16.35691646622882,0.0,338.8647795535997,12723.589562094297,112.62242375162363,129.23542827408946,-537.5707012098568,-0.3053642117425251,-0.02811277627982536,0.0,171.6442493623934,171.42230383727085,0.30665555596351624,171.11564828130733,40.20509109140474,185.26,145.05490890859525,0.0,False,0.0,0.0,False,False,False,112916.48092175911,126.15760447046006
1184.3240000000078,61.3,False,True,NORMAL,-220.35075277269942,145.82061738167698,-12772.832118620503,72.60342910657067,-16.35691646622882,0.0,334.84877954912884,12777.220512913951,112.86930243749389,129.4068461845356,-537.5456078375969,-0.3822059349413086,-0.03518706360680629,0.0,171.99169782301982,171.71374805808216,0.3838222324848175,171.32992582559734,40.09625073055789,185.26,145.1637492694421,0.0,False,0.0,0.0,False,False,False,113530.29982065178,125.88748744059885
1184.4230000000098,61.4,False,True,NORMAL,-209.04902785841088,158.7695847474639,-12826.58180103986,72.60342910657067,-16.35691646622882,0.0,331.65855626194883,12830.868953298086,113.16519584827707,129.5725011312029,-537.4480405495326,-0.5675913805137796,-0.052254222613995316,0.0,172.44629335351422,172.03312065057264,0.5699916481971741,171.46312900237547,40.312572442542034,185.26,144.94742755745796,0.0,False,0.0,0.0,False,False,False,114146.03489068663,125.6029308865501
1184.524000000005,61.5,False,True,NORMAL,-197.7175034580521,171.72954172910445,-12880.327177990835,72.60342910657067,-16.35691646622882,0.0,329.3173580895368,12884.53639578966,113.4652921588981,129.6266385016076,-537.4594984699866,-0.668262880410394,-0.061522353080882816,0.0,172.75846564432788,172.27140776672883,0.6710888743400574,171.60031889238877,39.955444299594866,185.26,145.3045557004051,0.0,False,0.0,0.0,False,False,False,114763.69620472896,125.34490014521889
1184.6230000000069,61.6,False,True,NORMAL,-186.35565841221106,184.69172082246095,-12934.07687366361,72.60342910657067,-16.35691646622882,0.0,327.8419795636294,12938.231136341783,113.77160875792319,129.616943365522,-537.5344149855174,-0.7461889353712542,-0.06869646735243731,0.0,173.0106677849211,172.46602844266715,0.7493444681167603,171.7166839745504,39.967130243935834,185.26,145.29286975606414,0.0,False,0.0,0.0,False,False,False,115383.33587221697,125.10381755027332
1184.7230000000127,61.7,False,True,NORMAL,-174.96720924606902,197.65130987445235,-12987.833719326309,72.60342910657067,-16.35691646622882,0.0,327.2472183469521,12991.955798215497,113.99737456491742,129.57483767430617,-537.6024982685008,-0.9416235764554168,-0.08668878646139563,0.0,173.27170784025543,172.58342900179287,0.9456055760383606,171.6378234257545,39.78207482645657,185.26,145.4779251735434,0.0,False,0.0,0.0,False,False,False,116004.97227671531,124.8542567185577
1184.823000000004,61.8,False,True,NORMAL,-163.55748956971806,210.60776588334522,-13041.593860998664,72.60342910657067,-16.35691646622882,0.0,327.5438085876021,13045.706396427222,114.19701896210164,129.5542825035512,-537.6003351786092,-1.103837625650317,-0.10162271486262535,0.0,173.50775569949505,172.69994572911872,1.1085056066513062,171.59144012246742,40.096193213412306,185.26,145.16380678658768,0.0,False,0.0,0.0,False,False,False,116628.58324800624,124.58494201473923
1184.9230000000098,61.9,False,True,NORMAL,-152.12739565628624,223.5631073125334,-13095.353534846221,72.60342910657067,-16.35691646622882,0.0,328.73326787624603,13099.478988265832,114.40485930653473,129.55254608021227,-537.593141772524,-1.5534749709262075,-0.14301772321237222,0.0,173.9749250860352,172.83614792286227,1.5600444078445435,171.27610351501772,40.29554949795527,185.26,144.9644505020447,0.0,False,0.0,0.0,False,False,False,117254.14433171882,124.31924814807385
1185.023000000001,62.0,False,True,NORMAL,-140.67824475053797,236.52101714100192,-13149.114162277105,72.60342910657067,-16.35691646622882,0.0,330.81161060149185,13153.27486120111,114.57815880843062,129.6056504891585,-537.6194068451377,-1.6768560068026368,-0.1543765639847538,0.0,174.22081704125534,172.99069083233312,1.683947205543518,171.3067436267896,40.76523074660811,185.26,144.49476925339187,0.0,False,0.0,0.0,False,False,False,117881.66136452276,124.06923975662266
1185.1230000000069,62.1,False,True,NORMAL,-129.21033761766273,249.48590130969316,-13202.875410540828,72.60342910657067,-16.35691646622882,0.0,333.76818332858716,13207.093560146612,114.77998384907389,129.6920328846666,-537.6055584293334,-1.8569057673212166,-0.17095250327970582,0.0,174.5524534151757,173.18911076089947,1.8647583723068237,171.32435238859264,40.72925471277101,185.26,144.53074528722897,0.0,False,0.0,0.0,False,False,False,118511.12864552323,123.8140572956764
1185.224000000002,62.2,False,True,NORMAL,-117.72310835548014,262.4549850990093,-13256.638181152313,72.60342910657067,-16.35691646622882,0.0,337.5800161690817,13260.935718617371,114.9646013945778,129.68964290165604,-537.6498538003924,-2.0644475432142744,-0.19005944276388723,0.0,174.82715857771998,173.30973154953887,2.0731778144836426,171.23655373505522,40.89641061246268,185.26,144.3635893875373,0.0,False,0.0,0.0,False,False,False,119142.55138561329,123.57120771882391
1185.3240000000078,62.3,False,True,NORMAL,-106.21932504086914,275.42395049827945,-13310.407725259276,72.60342910657067,-16.35691646622882,0.0,342.2187191365133,13314.806324703686,115.11106489764208,129.68966508374626,-537.7410283388662,-2.2704540776952196,-0.20902504316282366,0.0,175.0773848720737,173.40693899438813,2.280055522918701,171.12688347146943,40.52216867746205,185.26,144.73783132253791,0.0,False,0.0,0.0,False,False,False,119775.96393099662,123.34267294804083
1185.423999999999,62.4,False,True,NORMAL,-94.69929892347666,288.3946631382299,-13364.180021429216,72.60342910657067,-16.35691646622882,0.0,347.65461032137733,13368.701184978498,115.28945745020724,129.72458771526223,-537.7048950599531,-2.415772933443821,-0.2224035476627068,0.0,175.33037899335946,173.55151297830253,2.4259889125823975,171.12552406572013,40.452388793158185,185.26,144.80761120684178,0.0,False,0.0,0.0,False,False,False,120411.34113497693,123.08420677298706
1185.524000000005,62.5,False,True,NORMAL,-83.16330128821147,301.3671971314496,-13417.951416742431,72.60342910657067,-16.35691646622882,0.0,353.8529167031285,13422.616440497715,115.4304952550967,129.72609214913194,-537.7230112043275,-2.5038891191492296,-0.23051579697061325,0.0,175.49142134756727,173.64635964834383,2.5144777297973633,171.13188191854647,40.32663870080545,185.26,144.93336129919453,0.0,False,0.0,0.0,False,False,False,121048.66107957756,122.83993034582599
1185.6240000000107,62.6,False,True,NORMAL,-71.61226663954821,314.33841104740026,-13471.726440036555,72.60342910657067,-16.35691646622882,0.0,360.7735668516799,13476.556342097148,115.59019771816843,129.69818616988192,-537.7774546781327,-2.632998731540443,-0.24240202826149407,0.0,175.67379041867898,173.73172797241907,2.6441333293914795,171.0875946430276,40.631614821576896,185.26,144.6283851784231,0.0,False,0.0,0.0,False,False,False,121687.95197788619,122.60824337512307
1185.7230000000127,62.7,False,True,NORMAL,-60.05046238644744,327.3096858172955,-13525.505607700406,72.60342910657067,-16.35691646622882,0.0,368.379951209812,13530.521266100153,115.64588734384694,129.72730922802174,-537.805898598911,-2.5724796171632525,-0.2368304509197011,0.0,175.6879617088646,173.79052338688814,2.5833582878112793,171.20716509907686,40.47334158057037,185.26,144.7866584194296,0.0,False,0.0,0.0,False,False,False,122329.21941831757,122.3700259461737
1185.823000000004,62.8,False,True,NORMAL,-48.47814014198347,340.28032538888203,-13579.284138969904,72.60342910657067,-16.35691646622882,0.0,376.6309449444021,13584.506196235818,115.80055754543255,129.68548220371014,-537.7647267910407,-2.647160986348348,-0.24370584935683645,0.0,175.81654055723322,173.8622829202523,2.658355474472046,171.20392744578027,39.35474822607519,185.26,145.9052517739248,0.0,False,0.0,0.0,False,False,False,122972.43845485698,122.11586560643053
1185.9230000000098,62.9,False,True,NORMAL,-36.8951293027235,353.2484956050156,-13633.060321208855,72.60342910657067,-16.35691646622882,0.0,385.4842343417795,13638.50914934053,115.85965923976677,129.67792211896122,-537.7589179879697,-2.8189762594103907,-0.25952369620106,0.0,175.9782894249026,173.89601526270303,2.830897331237793,171.06511793146524,38.5989986412198,185.26,146.66100135878017,0.0,False,0.0,0.0,False,False,False,123617.60123142366,121.87255648500562
1186.024000000005,63.0,False,True,NORMAL,-25.304889665542078,366.2151783129719,-13686.836758924439,72.60342910657067,-16.35691646622882,0.0,394.9018189227892,13692.532560196225,115.94513350386157,129.6557320401655,-537.7698363236796,-2.7983107442977495,-0.25762116479518954,0.0,176.0042183951072,173.9364333142987,2.8101444244384766,171.12628888986023,38.47602879682546,185.26,146.78397120317453,0.0,False,0.0,0.0,False,False,False,124264.72336269727,121.63820108785397
1186.1230000000069,63.1,False,True,NORMAL,-13.707291119119656,379.1810224032376,-13740.61637789077,72.60342910657067,-16.35691646622882,0.0,404.84540445827355,13746.579147041313,116.00683742458685,129.66114976514825,-537.8225430029545,-2.977159899261385,-0.2740865726196268,0.0,176.18273826147987,173.98160847536366,2.9897499084472656,170.9918585669164,38.15404297736489,185.26,147.1059570226351,0.0,False,0.0,0.0,False,False,False,124913.81858044992,121.41918177198755
1186.224000000002,63.2,False,True,NORMAL,-2.100690952142592,392.14562841224773,-13794.39673604371,72.60342910657067,-16.35691646622882,0.0,415.27705778906017,13800.646229293006,116.12516591495442,129.630970415055,-537.7846200558254,-3.2132670418664535,-0.29582332834567693,0.0,176.4160800863397,174.03804943036036,3.226855516433716,170.81119391392664,38.50506067557666,185.26,146.7549393244233,0.0,False,0.0,0.0,False,False,False,125564.87116937691,121.18025791810506
1186.3240000000078,63.3,False,True,NORMAL,9.516218032666853,405.1048115929113,-13848.173049235698,72.60342910657067,-16.35691646622882,0.0,426.1572296930792,13854.728679624066,116.21301378123447,129.55269319821704,-537.7416437839412,-3.5458938968177907,-0.3264459881018681,0.0,176.6657487008148,174.03840061040765,3.5608890056610107,170.47751160474664,38.265462121987305,185.26,146.99453787801266,0.0,False,0.0,0.0,False,False,False,126217.85966355876,120.93904552030641
1186.4230000000098,63.4,False,True,NORMAL,21.139923970408738,418.05933647380766,-13901.94733035003,72.60342910657067,-16.35691646622882,0.0,437.4539669260773,13908.828331279588,116.26110497360321,129.5378044197107,-537.7439785027257,-3.692086675652758,-0.33990494867115306,0.0,176.79645804602816,174.0594361233036,3.70770001411438,170.35173610918923,38.190379983784766,185.26,147.06962001621523,0.0,False,0.0,0.0,False,False,False,126872.79873704439,120.71565614406533
1186.5250000000087,63.5,False,True,NORMAL,32.76751257449381,431.01004384267964,-13955.721989205496,72.60342910657067,-16.35691646622882,0.0,449.1370586157226,13962.947408674709,116.29066710809816,129.47634295772866,-537.7491986065925,-3.7638055856496777,-0.34650761392871887,0.0,176.82491041797454,174.03345265251124,3.779722213745117,170.25373043876613,38.46993438191541,185.26,146.79006561808458,0.0,False,0.0,0.0,False,False,False,127529.70452324311,120.49305708589091
1186.6230000000069,63.6,False,True,NORMAL,44.400881739920415,443.95488548123285,-14009.49999398534,72.60342910657067,-16.35691646622882,0.0,461.1749545347051,14017.088585728685,116.37671620043398,129.42048981333622,-537.8108969902792,-3.655444346061173,-0.33653154217960124,0.0,176.7614328877071,174.04942762652286,3.670902729034424,170.37852489748843,38.31025004482278,185.26,146.9497499551772,0.0,False,0.0,0.0,False,False,False,128188.5924577073,120.29147064871698
1186.7230000000127,63.7,False,True,NORMAL,56.04015176464233,456.8929514749842,-14063.279448919136,72.60342910657067,-16.35691646622882,0.0,473.5396283973298,14071.249718417124,116.40868429400429,129.34083006169107,-537.7782016856432,-3.6336337804064125,-0.33452359386997504,0.0,176.7083910695042,174.01158610882325,3.6489999294281006,170.36258617939515,37.64587149207118,185.26,147.6141285079288,0.0,False,0.0,0.0,False,False,False,128849.45486798912,120.06610183236218
1186.823000000004,63.8,False,True,NORMAL,67.68383768717838,469.8255099532189,-14117.055352235571,72.60342910657067,-16.35691646622882,0.0,486.2073160071077,14125.42563508165,116.46503415671665,129.31033950300346,-537.7398646430372,-3.8567901948294185,-0.35506806539885105,0.0,176.8910945614962,174.026630386005,3.8731000423431396,170.15353034366186,37.44383661715113,185.26,147.81616338284886,0.0,False,0.0,0.0,False,False,False,129512.26545140661,119.8476434214755
1186.9230000000098,63.9,False,True,NORMAL,79.33078868979496,482.75238420596327,-14170.828384629096,72.60342910657067,-16.35691646622882,0.0,499.15463674541445,14179.616795174477,116.4739858956151,129.22714555188418,-537.7207832274497,-3.8612711577014833,-0.35548059673650095,0.0,176.8395631346701,173.97081519007665,3.8775999546051025,170.09321523547155,37.37197077193019,185.26,147.8880292280698,0.0,False,0.0,0.0,False,False,False,130177.02972904014,119.63317291407631
1187.024000000005,64.0,False,True,NORMAL,90.97742623298483,495.6693988461847,-14224.599002110304,72.60342910657067,-16.35691646622882,0.0,512.3558834860869,14233.823285476754,116.45876496818241,129.11314725254493,-537.6915663967197,-3.9974951355385104,-0.36802179857225925,0.0,176.84762858749127,173.87595788771864,4.014400005340576,169.86155788237807,37.595758455181375,185.26,147.66424154481862,0.0,False,0.0,0.0,False,False,False,130843.7658819953,119.41811016467138
1187.1230000000069,64.1,False,True,NORMAL,102.62230370312086,508.57263762750625,-14278.364133737165,72.60342910657067,-16.35691646622882,0.0,525.787190404151,14288.041660954974,116.43878443453826,128.95162837388588,-537.6110661404847,-4.238722123663134,-0.3902299031536882,0.0,176.8965146396687,173.74266309939432,4.256647109985352,169.48601598940897,38.12686535547707,185.26,147.1331346445229,0.0,False,0.0,0.0,False,False,False,131512.46973090226,119.19332817644705
1187.224000000002,64.2,False,True,NORMAL,114.26359649646481,521.4620642526177,-14332.121376129668,72.60342910657067,-16.35691646622882,0.0,539.4300933099793,14342.269275316281,116.38707143234062,128.836904128343,-537.5337817095518,-4.577121951656599,-0.4213840407103613,0.0,177.03118691754602,173.6228621523462,4.59647798538208,169.0263841669641,38.26637042882701,185.26,146.99362957117296,0.0,False,0.0,0.0,False,False,False,132183.13300463592,118.97518744668982
1187.323000000004,64.3,False,True,NORMAL,125.90120688620553,534.3355527238475,-14385.873377800925,72.60342910657067,-16.35691646622882,0.0,553.2656222276154,14396.508454860168,116.36513636247368,128.63286529625327,-537.5062517155966,-4.649831117886399,-0.4280778720275508,0.0,176.9218737345917,173.45679287644268,4.66949462890625,168.78729824753643,37.694321573060755,185.26,147.56567842693923,0.0,False,0.0,0.0,False,False,False,132855.77530139277,118.77003400566491
1187.423999999999,64.4,False,True,NORMAL,137.53281256447661,547.19314299359,-14439.625951758535,72.60342910657067,-16.35691646622882,0.0,567.2781454924815,14450.76475903791,116.26697720294794,128.51894009859487,-537.545227436608,-4.914705073478617,-0.4524629897642519,0.0,176.97068382623377,173.30645675212747,4.935488700866699,168.37096805126077,37.050506610030794,185.26,148.20949338996917,0.0,False,0.0,0.0,False,False,False,133530.43177158572,118.58496584699178
1187.524000000005,64.5,False,True,NORMAL,149.1552407887656,560.037524413664,-14493.38143270995,72.60342910657067,-16.35691646622882,0.0,581.4557002464336,14505.04036827787,116.18158728283176,128.36868830288518,-537.5643915917108,-4.989754672684617,-0.4593722885990081,0.0,176.85916234977424,173.13775255605447,5.010855674743652,168.1268968813108,37.775286367324085,185.26,147.48471363267592,0.0,False,0.0,0.0,False,False,False,134207.1145798402,118.39911341410775
1187.6240000000107,64.6,False,True,NORMAL,160.77060394320048,572.8644912316984,-14547.141555211549,72.60342910657067,-16.35691646622882,0.0,595.781266916139,14559.33661762688,116.12567580586543,128.170648057803,-537.6380584402622,-5.057069779549508,-0.4655695260838671,0.0,176.7272879379653,172.95342611502716,5.078455448150635,167.87497066687652,38.510793975183034,185.26,146.74920602481694,0.0,False,0.0,0.0,False,False,False,134885.83656915653,118.22791504051068
1187.7230000000127,64.7,False,True,NORMAL,172.3776948550193,585.6710195994679,-14600.904734751432,72.60342910657067,-16.35691646622882,0.0,610.2397397000334,14613.651549602377,116.01614243051101,127.95991929758561,-537.6255323574146,-5.074883470670454,-0.46720950972944025,0.0,176.5122204480225,172.7237281067695,5.096344470977783,167.62738363579172,38.37482252070054,185.26,146.88517747929941,0.0,False,0.0,0.0,False,False,False,135566.6032013052,118.04105155444806
1187.823000000004,64.8,False,True,NORMAL,183.97141817612678,598.455632808673,-14654.66776874168,72.60342910657067,-16.35691646622882,0.0,624.8178132346262,14667.98161683916,115.8583239916382,127.73234488651863,-537.6351474475522,-5.212601023659975,-0.4798882147253742,0.0,176.34212656330217,172.44913211831468,5.234644412994385,167.2144877053203,37.99126554806018,185.26,147.2687344519398,0.0,False,0.0,0.0,False,False,False,136249.42021694273,117.86166075469194
1187.923999999999,64.9,False,True,NORMAL,195.55354808801994,611.216274629505,-14708.432105136435,72.60342910657067,-16.35691646622882,0.0,639.5035902476505,14722.32793526037,115.78427424622525,127.48049153012172,-537.6515804475616,-5.320323143186404,-0.48980544709964,0.0,176.1894446818246,172.2128737449281,5.342822074890137,166.87005167003795,37.71971844011547,185.26,147.5402815598845,0.0,False,0.0,0.0,False,False,False,136934.2954092904,117.68976016894888
