timestamp,relative_t_s,is_blackout,gnss_available,gnss_trust_status,pos_est_e,pos_est_n,pos_est_u,pos_ref_e,pos_ref_n,pos_ref_u,pos_err_2d,pos_err_3d,vel_est_e,vel_est_n,vel_est_u,vel_ref_e,vel_ref_n,vel_ref_u,vel_err_2d,speed_est,speed_ref,speed_err,heading_est_deg,heading_ref_deg,heading_err_deg,ai_speed,ai_accepted,ai_innovation,ai_nis,nhc_active,zupt_active,zaru_active,pos_cov_trace,vel_cov_trace
3223.024000000005,0.0,False,True,NORMAL,-0.017463391056547685,0.3158180885690979,-0.0009495237839717086,0.0,0.0,0.0,0.3163005455174437,0.31630197073374167,-0.6341599955534725,11.867362219816654,-0.07174443510477557,-0.6853447367293932,11.995326364437917,0.0,0.1378212611968759,11.88429404534792,12.014888763427734,0.1305947180798146,93.1455918004561,93.26999999999998,0.12440819954389326,0.0,False,0.0,0.0,False,False,False,19.853467462451174,0.7572440290859088
3223.123000000007,0.1,False,True,NORMAL,-0.04420035586350278,0.8626107510496648,-0.0008671112321042532,0.0,0.0,0.0,0.8637424264703726,0.8637428617168514,-0.5508244077907362,11.758632059523693,0.06064260996089182,-0.6899852273747022,12.076547094383614,0.0,0.34703847495236834,11.771526470236408,12.09624195098877,0.3247154807523618,93.0671423750244,93.26999999999998,0.2028576249755929,0.0,False,0.0,0.0,False,False,False,11.444713864469254,0.7768714214403591
3223.2230000000127,0.2,False,True,NORMAL,-0.06548052499269963,1.4381210620965637,0.008225897197767335,0.0,0.0,0.0,1.4396110198241285,1.4396345209058359,-0.430494684712968,11.956624622130413,0.1910917471281784,-0.6851027708142613,11.991091327724963,0.0,0.2569304016707734,11.96437202815515,12.01064682006836,0.04627479191320916,93.18431980200579,93.26999999999998,0.0856801979942361,0.0,False,0.0,0.0,False,False,False,8.047122952920038,0.8084874171585911
3223.324000000008,0.3,False,True,NORMAL,-0.08381301768354929,2.0265000430279367,0.019351394023949357,0.0,0.0,0.0,2.028232493163802,2.0283248070208386,-0.4369251740205637,11.919203606583517,0.1471497081817766,-0.6897927099795467,12.073177536171576,0.0,0.2960573622370435,11.927209154822698,12.092866897583008,0.16565774276030965,93.78203019930689,93.26999999999998,-0.5120301993068779,0.0,False,0.0,0.0,False,False,False,6.215715312287234,0.8449818866117006
3223.423999999999,0.4,False,True,NORMAL,-0.10438611397598593,2.620455962765136,0.02256718358607018,0.0,0.0,0.0,2.6225342540341323,2.6226313487330564,-0.457203440664589,12.076910864470943,0.021710821497910388,-0.6892419220095126,12.063537305344541,0.0,0.23242355497790196,12.08556208930854,12.083210945129395,0.0023511441791459475,94.20457847714061,93.26999999999998,-0.9345784771406329,0.0,False,0.0,0.0,False,False,False,5.076676900567433,0.8858463641198527
3223.524000000005,0.5,False,True,NORMAL,-0.11390690755984298,3.2090010027799014,0.017406428571933617,0.0,0.0,0.0,3.211021989870555,3.2110691682347623,-0.1645616288954845,11.846075633131198,-0.059018556380502116,-0.6863372430516916,12.012697822357842,0.0,0.5477341923513325,11.847218594909501,12.032288551330566,0.18506995642106538,94.18657688680354,93.26999999999998,-0.9165768868035116,0.0,False,0.0,0.0,False,False,False,4.306075118785266,0.9370210405441687
3223.623000000007,0.6,False,True,NORMAL,-0.13463040966043735,4.3885018835486385,0.00229007914634243,-2.856340603778657,109.38393637433819,0.0,105.03070489285714,105.03070491782348,-0.25481467909541006,11.777942137391015,-0.2425665125152904,-0.3744584470758911,12.04943021474851,0.0,0.29668233409462724,11.780698260816859,12.05524730682373,0.2745490460068716,92.64581320733414,91.77999999999997,-0.8658132073341562,0.0,False,0.0,0.0,False,False,False,4.363317824161353,0.9905010644590593
3223.7230000000127,0.7,False,True,NORMAL,-0.16427277744090166,5.551950197905307,-0.02395385710339932,-2.856340603778657,109.38393637433819,0.0,103.86687914116102,103.86688190328918,-0.33803267651387625,11.491024149742362,-0.2823122124795445,-0.3747445450585857,12.058636356855807,0.0,0.5687981882497873,11.495995046117292,12.064457893371582,0.5684628472542901,92.51111250372777,91.77999999999997,-0.7311125037277861,0.0,False,0.0,0.0,False,False,False,4.441927208697142,1.0626973129199313
3223.823000000004,0.8,False,True,NORMAL,-0.1971716104843668,6.704930377362284,-0.05584762669976165,-2.856340603778657,109.38393637433819,0.0,102.71343365043305,102.71344883324345,-0.31994398435542626,11.568579439397165,-0.355563179447702,-0.37642647415999725,12.112757948962678,0.0,0.547101930107604,11.573002825488642,12.118605613708496,0.5456027882198544,92.80266906098652,91.77999999999997,-1.0226690609865159,0.0,False,0.0,0.0,False,False,False,4.544051296424829,1.1406093238642123
3223.92300000001,0.9,False,True,NORMAL,-0.22313279811316442,7.867252517208187,-0.09020409318009166,-2.856340603778657,109.38393637433819,0.0,101.55082906946797,101.5508691320499,-0.19927976822052623,11.677863357520895,-0.33156615015889795,-0.37490572326565147,12.063822794959535,0.0,0.42403910601908357,11.67956356303399,12.069646835327148,0.3900832722931593,93.08501144160024,91.77999999999997,-1.305011441600243,0.0,False,0.0,0.0,False,False,False,4.67218109279478,1.2369742340217047
3224.023000000001,1.0,False,True,NORMAL,-0.24348792674230083,9.036610023153239,-0.12087174789292174,-2.856340603778657,109.38393637433819,0.0,100.38133743352452,100.38141020588698,-0.20782280436220193,11.70928676138014,-0.28178694409770333,-0.37688731763864497,12.12758710124713,0.0,0.45117400632376853,11.711130892370948,12.133441925048828,0.4223110326778805,92.87609972401732,91.77999999999997,-1.0960997240173356,0.0,False,0.0,0.0,False,False,False,4.8293585645941,1.3465782115515346
3224.123000000007,1.1,False,True,NORMAL,-0.26504537477666984,10.207595829068367,-0.14958123867463938,-2.856340603778657,109.38393637433819,0.0,99.21018765688926,99.21030042017887,-0.2233261563251786,11.710429356922461,-0.29240287153664957,-0.37994241633912545,12.225894934540973,0.0,0.538733157147713,11.712558657081312,12.231797218322754,0.5192385612414423,92.7808725603034,91.77999999999997,-1.0008725603033781,0.0,False,0.0,0.0,False,False,False,5.01868879348857,1.4604702808323222
3224.2230000000127,1.2,False,True,NORMAL,-0.2877738113576519,11.37838781793982,-0.17975817419311754,-2.856340603778657,109.38393637433819,0.0,98.03920176749546,98.03936656368641,-0.2312425752944622,11.705410420506606,-0.3111358388329136,-0.37944706218022933,12.209955287790276,0.0,0.5258612868764628,11.707694317889132,12.215849876403809,0.5081555585146766,92.69634268725675,91.77999999999997,-0.9163426872567584,0.0,False,0.0,0.0,False,False,False,5.243407184034209,1.5835374492350316
3224.323000000004,1.3,False,True,NORMAL,-0.3111359549648067,12.548922798260776,-0.21110189984809108,-2.856340603778657,109.38393637433819,0.0,96.86845679055406,96.86868681362188,-0.23600029684863358,11.70528918591252,-0.315738674266557,-0.3795511274332016,12.213303929043427,0.0,0.5279070185173531,11.707668045599569,12.219200134277344,0.5115320886777752,92.62885433976663,91.77999999999997,-0.8488543397666604,0.0,False,0.0,0.0,False,False,False,5.507221690456001,1.7186439401336489
3224.423999999999,1.4,False,True,NORMAL,-0.3333825699181983,13.720968481386421,-0.24193155393522958,-2.856340603778657,109.38393637433819,0.0,95.69623160463813,95.69653742014563,-0.20893200221919797,11.73562447660038,-0.30085440747621306,-0.37828137138327195,12.172445358398654,0.0,0.4684994040671683,11.737484161324064,12.178321838378906,0.44083767705484256,92.64356692090563,91.77999999999997,-0.8635669209056118,0.0,False,0.0,0.0,False,False,False,5.814307266323107,1.867162440153507
3224.524000000005,1.5,False,True,NORMAL,-0.35382918016641063,14.892205385542297,-0.267417505558905,-2.856340603778657,109.38393637433819,0.0,94.52486333597251,94.5252416067082,-0.20000020274504768,11.689113606517147,-0.2088646249972942,-0.38108763771114584,12.26274619296592,0.0,0.6015372002948037,11.69082447850289,12.26866626739502,0.5778417888921297,92.71560297318106,91.77999999999997,-0.9356029731810622,0.0,False,0.0,0.0,False,False,False,6.169632122303692,2.039090420567804
3224.6240000000107,1.6,False,True,NORMAL,-0.37430548859914414,16.062327416024058,-0.2874460307186328,-2.856340603778657,109.38393637433819,0.0,93.35460993909984,93.35505247227948,-0.2095259659096231,11.713327003118035,-0.19170587819726165,-0.37982999742793,12.222277486902001,0.0,0.5366880454186786,11.715200835340575,12.228178024291992,0.5129771889514174,92.7903421482131,91.77999999999997,-1.0103421482131125,0.0,False,0.0,0.0,False,False,False,6.578156672076462,2.210660545395242
3224.7230000000127,1.7,False,True,NORMAL,-0.39594727877005154,17.23398667788917,-0.30606864779232484,-2.856340603778657,109.38393637433819,0.0,92.18278995762623,92.1832980663471,-0.22330983750852393,11.719858234184217,-0.1807464632765787,-0.3821430720687173,12.296708259350359,0.0,0.5983175978817867,11.7219855106933,12.302644729614258,0.5806592189209585,92.88482101753014,91.77999999999997,-1.1048210175301278,0.0,False,0.0,0.0,False,False,False,7.044561731542436,2.3922762986871584
3224.823000000004,1.8,False,True,NORMAL,-0.4186650243705008,18.407108881701117,-0.32779734201818533,-2.856340603778657,109.38393637433819,0.0,91.00947974170322,91.01007006893754,-0.2310450745004605,11.74258584205475,-0.2538274212406306,-0.38169612173087347,12.282326164494808,0.0,0.5603707288031011,11.744858623435004,12.28825569152832,0.5433970680933164,92.87754658991445,91.77999999999997,-1.0975465899144865,0.0,False,0.0,0.0,False,False,False,7.573513865798929,2.5687339214134397
3224.92300000001,1.9,False,True,NORMAL,-0.443525548185508,19.580299822843994,-0.35388163314530274,-2.856340603778657,109.38393637433819,0.0,89.83604407121543,89.83674107276843,-0.26616540179968307,11.72123298080283,-0.2678584013017173,-0.38390607905153656,12.353438798542307,0.0,0.6430762498050802,11.7242546292451,12.359402656555176,0.6351480273100751,92.84452560098413,91.77999999999997,-1.0645256009841546,0.0,False,0.0,0.0,False,False,False,8.170281777517326,2.7666358925058936
3225.023000000001,2.0,False,True,NORMAL,-0.4673070289837046,20.751937282348184,-0.37845172313279357,-2.856340603778657,109.38393637433819,0.0,88.66419088033238,88.66499856296596,-0.20946421416424885,11.711516209281,-0.22354339844810012,-0.3827024413177566,12.314707801844882,0.0,0.6275759561097317,11.71338922674676,12.320652961730957,0.6072637349841976,92.81645106129137,91.77999999999997,-1.036451061291416,0.0,False,0.0,0.0,False,False,False,8.841882812605622,2.9881739377772245
3225.123000000007,2.1,False,True,NORMAL,-0.49001655081611084,21.925265717987322,-0.40494770304496686,-2.856340603778657,109.38393637433819,0.0,87.49067700332235,87.49161414182436,-0.24472622248387643,11.755052503501743,-0.30637619979536523,-0.38176437289593124,12.284522369859813,0.0,0.5469166244041131,11.75759968208026,12.29045295715332,0.5328532750730606,92.62203192601939,91.77999999999997,-0.8420319260194447,0.0,False,0.0,0.0,False,False,False,9.593935021981544,3.1925686036371994
3225.224000000002,2.2,False,True,NORMAL,-0.5159906979249866,23.0970478883135,-0.4338498309567742,-2.856340603778657,109.38393637433819,0.0,86.31862117921885,86.31971146822323,-0.2747567196936402,11.68059090302183,-0.2716663584407823,-0.3833348013960939,12.335056063965869,0.0,0.6634107677115975,11.68382193885088,12.341011047363281,0.6571891085124015,92.41904203838551,91.77999999999997,-0.6390420383855258,0.0,False,0.0,0.0,False,False,False,10.432838963084569,3.434553036258664
3225.323000000004,2.3,False,True,NORMAL,-0.5468690126312272,24.2631519538904,-0.45182449169729055,-2.856340603778657,109.38393637433819,0.0,85.15210860209314,85.15330730367413,-0.3428095744311713,11.641490408516137,-0.0878268563695438,-0.3803556261921599,12.239191318497765,0.0,0.5988790226712775,11.646536709936345,12.245100021362305,0.5985633114259592,92.40393672919973,91.77999999999997,-0.6239367291997269,0.0,False,0.0,0.0,False,False,False,11.36921215279793,3.72594945907344
3225.42300000001,2.4,False,True,NORMAL,-0.5816328599671325,25.4259351899842,-0.45584859904400427,-2.856340603778657,109.38393637433819,0.0,83.98881031537321,83.99004736358346,-0.3524673722869366,11.614174313359914,0.007344709435270269,-0.3806257870538471,12.24788463140091,0.0,0.6343356079504008,11.619521428597483,12.25379753112793,0.6342761025304462,92.77964870777852,91.77999999999997,-0.9996487077785332,0.0,False,0.0,0.0,False,False,False,12.412177113069983,4.010063399915832
3225.523000000001,2.5,False,True,NORMAL,-0.6109727277812816,26.585378891535413,-0.44953489904161775,-2.856340603778657,109.38393637433819,0.0,82.82899732660994,82.83021719008717,-0.23432998399604504,11.574699717664345,0.11892929061246042,-0.3809474325183426,12.258234630469147,0.0,0.6990827227404903,11.577071481834198,12.264152526855469,0.6870810450212712,93.35463714111295,91.77999999999997,-1.5746371411129871,0.0,False,0.0,0.0,False,False,False,13.56944929932619,4.313091369602349
3225.625,2.6,False,True,NORMAL,-0.6326885371112636,27.74812972606103,-0.4426166995494212,-2.856340603778657,109.38393637433819,0.0,81.66608571266588,81.66728515857012,-0.19998620260359332,11.68031697284799,0.01943469923147094,-0.38113121299925345,12.264148370957205,0.0,0.6112876705851382,11.68202889345137,12.270069122314453,0.5880402288630826,93.53715874147551,91.77999999999997,-1.757158741475564,0.0,False,0.0,0.0,False,False,False,14.846476857791066,4.568868003964226
3225.7230000000127,2.7,False,True,NORMAL,-0.6504937996355571,28.915538988796126,-0.44032393444730916,-2.856340603778657,109.38393637433819,0.0,80.49862568964056,80.4998299568894,-0.156119047882275,11.667868281853885,0.026420602810768964,-0.3798789937070123,12.22385410307983,0.0,0.5993235743400877,11.668912691412324,12.229755401611328,0.5608427101990046,93.30322772847573,91.77999999999997,-1.5232277284757174,0.0,False,0.0,0.0,False,False,False,16.2497335109985,4.866432780142762
3225.824000000008,2.8,False,True,NORMAL,-0.6802546106107178,30.0844226452487,-0.44543554575989847,-2.856340603778657,109.38393637433819,0.0,79.32936548290118,79.33061603659169,-0.439097171620939,11.709804847197667,-0.12865282906255515,-0.3771490063505029,12.136007794907915,0.0,0.43068146908971794,11.718034642617315,12.141866683959961,0.42383204134264574,93.00254269870616,91.77999999999997,-1.2225426987062065,0.0,False,0.0,0.0,False,False,False,17.786364622811977,5.124518861576517
3225.92300000001,2.9,False,True,NORMAL,-0.7268315828565741,31.255371833183567,-0.4591809496269055,-2.856340603778657,109.38393637433819,0.0,78.15758060438893,78.15892945195739,-0.49244227329618817,11.709178911499665,-0.1462552482775856,-0.3752771055817668,12.075773240558954,0.0,0.3848624151875302,11.71952943483814,12.081603050231934,0.36207361539379335,93.27783754951386,91.77999999999997,-1.4978375495138607,0.0,False,0.0,0.0,False,False,False,19.464262204605816,5.4361581734112745
3226.023000000001,3.0,False,True,NORMAL,-0.7773466371624256,32.42803145826801,-0.46973792585820323,-2.856340603778657,109.38393637433819,0.0,76.98398221295429,76.98541531409343,-0.5178588128208396,11.74401359018909,-0.06488427634836912,-0.3789844117045901,12.195067989443643,0.0,0.47194933030176395,11.755425681640041,12.200955390930176,0.4455297092901347,93.56268472849521,91.77999999999997,-1.7826847284952123,0.0,False,0.0,0.0,False,False,False,21.298040560163855,5.792693498330509
3226.123000000007,3.1,False,True,NORMAL,-0.8246283170128287,33.600311595617164,-0.4725130520429228,-2.856340603778657,109.38393637433819,0.0,75.81085436412238,75.8123268868759,-0.4277747841872219,11.701589156793949,0.009381752653977268,-0.37564810280016264,12.08771129437463,0.0,0.3896248144591186,11.709405623702006,12.093546867370605,0.3841412436685996,93.67191307763781,91.77999999999997,-1.8919130776378665,0.0,False,0.0,0.0,False,False,False,23.300415764777156,6.161378124598698
3226.2230000000127,3.2,False,True,NORMAL,-0.8679948326118326,34.76533047753921,-0.4688134568210733,-2.856340603778657,109.38393637433819,0.0,74.64509270466158,74.64656489715262,-0.439555527792858,11.59878848164689,0.06461015178301337,-0.3756696978953567,12.088406187478402,0.0,0.4937680600498628,11.607114340093228,12.094242095947266,0.4871277558540381,93.71547094235537,91.77999999999997,-1.93547094235538,0.0,False,0.0,0.0,False,False,False,25.481823603039178,6.537671021101039
3226.323000000004,3.3,False,True,NORMAL,-0.9114438718173791,35.92657892266586,-0.46289373336032075,-2.856340603778657,109.38393637433819,0.0,73.48310001000742,73.48455795396157,-0.4294252563180726,11.626180420886193,0.05378431743203768,-0.3766964572842754,12.121445542581016,0.0,0.49806411938116396,11.634108355596542,12.127297401428223,0.4931890458316808,93.58203061639136,91.77999999999997,-1.8020306163913915,0.0,False,0.0,0.0,False,False,False,27.85107077527635,6.902675892964678
3226.42300000001,3.4,False,True,NORMAL,-0.9576445687773779,37.089797563118566,-0.45616666342483797,-2.856340603778657,109.38393637433819,0.0,72.31906770063634,72.32050636654891,-0.4945886828819039,11.638192388167898,0.08075708127761766,-0.3719129215270271,11.967519570989738,0.0,0.3514338284362628,11.648696924087435,11.973297119140625,0.3246001950531898,93.46289310731808,91.77999999999997,-1.6828931073180797,0.0,False,0.0,0.0,False,False,False,30.418539640422857,7.29470782629203
3226.524000000005,3.5,False,True,NORMAL,-1.0100562393811132,38.250662517675735,-0.4454263125315987,-2.856340603778657,109.38393637433819,0.0,71.15723024065198,71.15862435517604,-0.5536447291928009,11.57910670297544,0.13404993658716768,-0.37059565034309017,11.925132044873843,0.0,0.3914594519278257,11.592335162729455,11.930889129638672,0.3385539669092168,93.37080038637832,91.77999999999997,-1.5908003863783051,0.0,False,0.0,0.0,False,False,False,33.19798690110926,7.711115168344482
3226.6270000000077,3.6,False,True,NORMAL,-1.0648213378012024,39.4100697848628,-0.4327744293894267,-2.856340603778657,109.38393637433819,0.0,69.99679668929193,69.9981345499207,-0.5416572392089807,11.609038640765794,0.11898772625627312,-0.37171050824107227,11.96100625881132,0.0,0.3908491979259007,11.62166815597403,11.966780662536621,0.3451125065625913,93.27964963652595,91.77999999999997,-1.4996496365259304,0.0,False,0.0,0.0,False,False,False,36.20030385158942,8.113279178343378
3226.724000000002,3.7,False,True,NORMAL,-1.1239230441957306,40.56953171867144,-0.4218586385200131,-2.856340603778657,109.38393637433819,0.0,68.83620819535749,68.83750085110219,-0.6403768886815839,11.580200035406992,0.09932809113199793,-0.3717532244650364,11.962380793592716,0.0,0.4671410974261837,11.597892714609737,11.968155860900879,0.3702631462911423,92.91781501821177,91.77999999999997,-1.137815018211768,0.0,False,0.0,0.0,False,False,False,39.43521838861886,8.526424655379829
3226.824000000008,3.8,False,True,NORMAL,-1.1920094303198552,41.7301596812209,-0.41207752506864204,-2.856340603778657,109.38393637433819,0.0,67.67424546381827,67.67550004975061,-0.7213508338009053,11.632359215582113,0.09629417789542329,-0.36871468496649484,11.864605806999842,0.0,0.42224487289950363,11.654704112321486,11.870333671569824,0.21562955924833815,92.67567214202845,91.77999999999997,-0.8956721420284453,0.0,False,0.0,0.0,False,False,False,42.91563085037143,8.95932428972116
3226.923999999999,3.9,False,True,NORMAL,-1.2714135022684827,42.89728808179803,-0.4019994895166622,-2.856340603778657,109.38393637433819,0.0,66.50553657473215,66.50675152706383,-0.8667306051716487,11.710208795960602,0.1052665331441735,-0.3692703513528466,11.882486197727602,0.0,0.5264467753620067,11.742240501153699,11.888222694396973,0.14598219324327388,92.9259168393433,91.77999999999997,-1.1459168393433288,0.0,False,0.0,0.0,False,False,False,46.65562048344314,9.411064806077588
3227.024000000005,4.0,False,True,NORMAL,-1.359380382616583,44.0635316811821,-0.3917173168813986,-2.856340603778657,109.38393637433819,0.0,65.33755550356494,65.33872972164194,-0.892607001790356,11.614663191720867,0.10037691956109776,-0.36632014734658036,11.787553695682664,0.0,0.5539575611186187,11.648911894111,11.793244361877441,0.14433246776644104,93.29494624556196,91.77999999999997,-1.51494624556193,0.0,False,0.0,0.0,False,False,False,50.66871672558905,9.870384819449242
3227.123000000007,4.1,False,True,NORMAL,-1.4487233988550883,45.231089609283735,-0.3821312923910883,-2.856340603778657,109.38393637433819,0.0,64.16828760576485,64.16942541881436,-0.8942533229797549,11.736495370311937,0.0913435702451092,-0.3666232488747364,11.797306982702944,0.0,0.5311229116707934,11.770514541982175,11.80300235748291,0.032487815500735095,93.19600882026917,91.77999999999997,-1.4160088202691554,0.0,False,0.0,0.0,False,False,False,54.96807277677244,10.340779469328432
3227.224000000002,4.2,False,True,NORMAL,-1.5397580065833394,46.400598191074025,-0.3781447737370231,-2.856340603778657,109.38393637433819,0.0,62.99709738109098,62.998232291966445,-0.9264388315852699,11.65367626549377,-0.011613197163806072,-0.36630187001635434,11.786965562561914,0.0,0.5757772593881915,11.690443080123263,11.792655944824219,0.10221286470095592,92.80529491225371,91.77999999999997,-1.0252949122537416,0.0,False,0.0,0.0,False,False,False,59.56303114528684,10.778915399414844
3227.324000000008,4.3,False,True,NORMAL,-1.6363791195319184,47.564607174876954,-0.3807310882126326,-2.856340603778657,109.38393637433819,0.0,61.83136557358576,61.832537752027754,-1.005983427386308,11.626503410564856,-0.04011309234838379,-0.36400328097440093,11.713000911825139,0.0,0.6477810788463385,11.669943625058869,11.718655586242676,0.04871196118380716,92.45959767545328,91.77999999999997,-0.6795976754532944,0.0,False,0.0,0.0,False,False,False,64.46651873347008,11.266256092949497
3227.42300000001,4.4,False,True,NORMAL,-1.7372404555471825,48.72570690361074,-0.3858540436187084,-2.856340603778657,109.38393637433819,0.0,60.668551883700005,60.6697788936813,-1.011243292918975,11.595491164110967,-0.062346015773132,-0.3634438228566571,11.694998509688213,0.0,0.6553974864437987,11.639502924715003,11.700644493103027,0.06114156838802387,92.54621339019175,91.77999999999997,-0.7662133901917514,0.0,False,0.0,0.0,False,False,False,69.69711281461467,11.769959018610537
3227.523000000001,4.5,False,True,NORMAL,-1.8399726815435122,49.885839616307514,-0.3928429764004657,-2.856340603778657,109.38393637433819,0.0,59.50677710632066,59.50807379831275,-1.0434012270076203,11.60716308982447,-0.07743263986201496,-0.36466627113289,11.734334797360802,0.0,0.6905460039157264,11.653965896393576,11.739999771118164,0.08603387472458834,92.65652956225301,91.77999999999997,-0.8765295622529834,0.0,False,0.0,0.0,False,False,False,75.27074956364807,12.291148908603256
3227.623000000007,4.6,False,True,NORMAL,-1.9437918898048976,51.0461230751038,-0.40244197835123796,-2.856340603778657,109.38393637433819,0.0,58.344950130167256,58.34633806193533,-1.032982938220086,11.598506086101255,-0.1145473991534291,-0.36402330605581545,11.713645284579801,0.0,0.6787960109573702,11.644414849187642,11.719300270080566,0.07488542089292416,92.77533568860744,91.77999999999997,-0.9953356886074403,0.0,False,0.0,0.0,False,False,False,81.20221651737715,12.814221220921155
3227.7230000000127,4.7,False,True,NORMAL,-2.0477835729084,52.20677539734266,-0.416616987604323,-2.856340603778657,109.38393637433819,0.0,57.182877698323566,57.18439535026834,-1.0468507238499671,11.614540358675905,-0.1689527859082715,-0.36045576078227287,11.598847799979875,0.0,0.6865743235245035,11.6616227078969,11.604447364807129,0.05717534308977079,92.67232809793299,91.77999999999997,-0.8923280979329888,0.0,False,0.0,0.0,False,False,False,87.50501598787662,13.341124332193376
3227.823000000004,4.8,False,True,NORMAL,-2.1527240594272583,53.36644355185945,-0.43554759287231365,-2.856340603778657,109.38393637433819,0.0,56.0219115914295,56.02360466860018,-1.0519590065272018,11.578822731659763,-0.20965931945154112,-0.3563398956019508,11.46640632175745,0.0,0.7046441631772461,11.626510809465346,11.471941947937012,0.15456886152833427,92.5527455015011,91.77999999999997,-0.772745501501106,0.0,False,0.0,0.0,False,False,False,94.19499975672737,13.889453377975975
3227.92300000001,4.9,False,True,NORMAL,-2.261715624148649,54.51863712864633,-0.45237178269638084,-2.856340603778657,109.38393637433819,0.0,54.86852139602192,54.870386187956576,-1.1278722879006133,11.465048804077986,-0.12682447702980246,-0.35786372727805266,11.51544061003054,0.0,0.7716556988315368,11.520392353461935,11.520999908447266,0.0006075549853310491,92.23652306018076,91.77999999999997,-0.45652306018075706,0.0,False,0.0,0.0,False,False,False,101.29824083888238,14.525906706370618
3228.024000000005,5.0,False,True,NORMAL,-2.372350334384051,55.66281060503488,-0.4646928604658203,-2.856340603778657,109.38393637433819,0.0,53.7233059342235,53.725315633849384,-1.0848219168074218,11.418420723692941,-0.11959707835898649,-0.3565253053424442,11.472372489022886,0.0,0.7302922341457466,11.469837418832325,11.477910995483398,0.008073576651073111,92.16544973998654,91.77999999999997,-0.38544973998654086,0.0,False,0.0,0.0,False,False,False,108.83639321799606,15.132997691443297
3228.1240000000107,5.1,False,True,NORMAL,-2.481477270164226,56.80474411641185,-0.48864658480133666,-2.856340603778657,109.38393637433819,0.0,52.5805285349517,52.58279905539175,-1.0977167987960754,11.420249503846446,-0.35947740835133973,-0.3578485307295828,11.51495161117974,0.0,0.745904513476811,11.472884593704588,11.52051067352295,0.04762607981836098,92.13754726227297,91.77999999999997,-0.3575472622729876,0.0,False,0.0,0.0,False,False,False,116.80402365907858,15.601230935404162
3228.224000000002,5.2,False,True,NORMAL,-2.594021963078298,57.94497518142246,-0.531681228200865,-2.856340603778657,109.38393637433819,0.0,51.439630049948356,51.442377711415816,-1.1531770594853628,11.384371796365697,-0.5012154596392265,-0.35611218435811426,11.459078964708496,0.0,0.8005582902970998,11.44262813030337,11.464611053466797,0.021982923163426094,91.92867398449037,91.77999999999997,-0.14867398449035818,0.0,False,0.0,0.0,False,False,False,125.2058516221006,16.141629249568904
3228.324000000008,5.3,False,True,NORMAL,-2.7090353102296305,59.08128530175949,-0.5825074890793451,-2.856340603778657,109.38393637433819,0.0,50.302866755077794,50.30623936207063,-1.147089883541287,11.341830610375087,-0.5153097579303748,-0.35365449071220006,11.37999460085738,0.0,0.7943527004822103,11.399690206113677,11.385488510131836,0.014201695981840956,91.85348046824552,91.77999999999997,-0.07348046824552057,0.0,False,0.0,0.0,False,False,False,134.07594443590492,16.776580680481523
3228.423999999999,5.4,False,True,NORMAL,-2.823103476713852,60.21266172708816,-0.6345852788188789,-2.856340603778657,109.38393637433819,0.0,49.17128588050051,49.17538056403837,-1.134273446143148,11.285697896198172,-0.5262460368603017,-0.35234367732079036,11.337814875422723,0.0,0.7836646877932409,11.342554970326452,11.34328842163086,0.0007334513044074953,91.92857426124169,91.77999999999997,-0.1485742612417198,0.0,False,0.0,0.0,False,False,False,143.4435461543593,17.429267382935453
3228.523000000001,5.5,False,True,NORMAL,-2.9370261280225605,61.34223672102511,-0.6838589392434508,-2.856340603778657,109.38393637433819,0.0,48.04176740850575,48.046634416801226,-1.1441795800310233,11.30580198254082,-0.4592271716311339,-0.351424419441418,11.308234734412817,0.0,0.7927588933106469,11.363551618212675,11.31369400024414,0.049857617968534385,92.18778371461296,91.77999999999997,-0.4077837146129468,0.0,False,0.0,0.0,False,False,False,153.33561505886252,18.15064445680293
3228.623000000007,5.6,False,True,NORMAL,-3.053806193401081,62.47168064791479,-0.725613532864667,-2.856340603778657,109.38393637433819,0.0,46.91267131597209,46.91828263054294,-1.1914217275393921,11.283076555252844,-0.37586470079319123,-0.353255796080901,11.367165291826305,0.0,0.8423734589101207,11.345805492980626,11.372653007507324,0.026847514526698646,92.67878498798203,91.77999999999997,-0.898784987982026,0.0,False,0.0,0.0,False,False,False,163.78195317234162,18.90248313498811
3228.7230000000127,5.7,False,True,NORMAL,-3.172956236284811,63.60116764604863,-0.7627767324352405,-2.856340603778657,109.38393637433819,0.0,45.783863509830574,45.79021714548142,-1.191579130135202,11.306663407423962,-0.36739929061827714,-0.3524262659701745,11.34047243642864,0.0,0.8398336620299333,11.369278703249112,11.345947265625,0.023331437624111828,93.00517570474285,91.77999999999997,-1.2251757047428669,0.0,False,0.0,0.0,False,False,False,174.79954082640074,19.619029012992208
3228.823000000004,5.8,False,True,NORMAL,-3.28898707238217,64.72997492721372,-0.8005146362522286,-2.856340603778657,109.38393637433819,0.0,44.6560573258329,44.66323185318017,-1.1290375918119764,11.269482215877774,-0.3873587857214879,-0.3517009788498293,11.31713394156893,0.0,0.7787957991751162,11.32589754932076,11.32259750366211,0.003300045658651385,93.24080839309005,91.77999999999997,-1.4608083930900193,0.0,False,0.0,0.0,False,False,False,186.40064881571456,20.331947530328993
3228.923999999999,5.9,False,True,NORMAL,-3.4006795545952584,65.85147534469557,-0.8389436957763228,-2.856340603778657,109.38393637433819,0.0,43.53586416037621,43.54394670577545,-1.1048120524497882,11.160526133759307,-0.38122240476039426,-0.34983494341559035,11.257088123618525,0.0,0.7611272252726261,11.215077050718946,11.26252269744873,0.04744564672978413,93.22237130465759,91.77999999999997,-1.44237130465757,0.0,False,0.0,0.0,False,False,False,198.60716855241014,21.08173540661861
3229.023000000001,6.0,False,True,NORMAL,-3.5112642368628038,66.96253041063453,-0.8795354898380028,-2.856340603778657,109.38393637433819,0.0,42.42646118759524,42.435576955903514,-1.106881592901117,11.060575185019852,-0.4306134764732059,-0.35024122150967363,11.270161455467933,0.0,0.7851312351318841,11.115822519462077,11.275602340698242,0.15977982123616563,93.06316676372965,91.77999999999997,-1.283166763729696,0.0,False,0.0,0.0,False,False,False,211.43846473356905,21.806304798571013
3229.1240000000107,6.1,False,True,NORMAL,-3.620636075321065,68.06661607045858,-0.9213492979080161,-2.856340603778657,109.38393637433819,0.0,41.32438873911147,41.33465845014276,-1.0805551762641075,11.02113801146126,-0.4056626849270614,-0.35316269130148403,11.364169339802777,0.0,0.8042203177014656,11.073982235701274,11.36965560913086,0.2956733734295849,92.93010969763533,91.77999999999997,-1.1501096976353438,0.0,False,0.0,0.0,False,False,False,224.91924933271542,22.604323868725633
3229.224000000002,6.2,False,True,NORMAL,-3.7260331156491686,69.16870704982158,-0.9604219468413817,-2.856340603778657,109.38393637433819,0.0,40.22463218835773,40.23609629430568,-1.0273856302979587,11.020681575798655,-0.37579029374024914,-0.3530508648483186,11.360570956446487,0.0,0.7551504267172127,11.068466182289697,11.366055488586426,0.29758930629672875,92.86407799625393,91.77999999999997,-1.0840779962539386,0.0,False,0.0,0.0,False,False,False,239.08199722736,23.424025338077296
3229.323000000004,6.3,False,True,NORMAL,-3.8298689411073745,70.2710775230004,-0.9968617680813443,-2.856340603778657,109.38393637433819,0.0,39.12497265108635,39.13767006776102,-1.0493308788661626,11.026727887777856,-0.35300613105900375,-0.3537712345670147,11.383751217759935,0.0,0.7818368608149973,11.076543829391907,11.389246940612793,0.3127031112208858,92.87307860035153,91.77999999999997,-1.0930786003515323,0.0,False,0.0,0.0,False,False,False,253.95128942410835,24.257028737910776
3229.423999999999,6.4,False,True,NORMAL,-2.9269900465951855,106.89492125329829,-0.29141986395869235,-2.856340603778657,109.38393637433819,0.0,2.4900175936196804,2.5070127948706697,-0.7132554890284516,21.735321477439626,-0.1680520449643675,-0.348973479817046,11.22936770338428,0.0,10.512267409309128,21.747021247064563,11.23478889465332,10.512232352411242,93.01056572018328,91.77999999999997,-1.2305657201832787,0.0,False,0.0,0.0,False,False,False,22.1170205738553,2.8718706843432686
3229.523000000001,6.5,False,True,NORMAL,-2.927702616007479,109.22895787747024,-0.19020566235652292,-2.856340603778657,109.38393637433819,0.0,0.17061908240521373,0.25551725044168877,-0.697664834022498,21.899584656905507,-0.11385859383822047,-0.3517489383273591,11.318677195252064,0.0,10.586560372423522,21.91069474858346,11.324141502380371,10.586553246203088,92.8590738192861,91.77999999999997,-1.0790738192861227,0.0,False,0.0,0.0,False,False,False,12.370948826386607,2.1356494541694713
3229.623000000007,6.6,False,True,NORMAL,-2.948775317671197,110.71885870521174,-0.14582268756937475,-2.856340603778657,109.38393637433819,0.0,1.3381187562385022,1.3460408842257472,-0.6893063392176545,21.823145074738235,-0.09017221161950457,-0.3559782888433307,11.454770436822288,0.0,10.373731258392276,21.83402858343731,11.46030044555664,10.373728137880668,92.85518314540779,91.77999999999997,-1.0751831454077774,0.0,False,0.0,0.0,False,False,False,8.762720502472645,1.9083229995920992
3229.7230000000127,6.7,False,True,NORMAL,-2.974576943597674,111.95658637507508,-0.12485954965078808,-2.856340603778657,109.38393637433819,0.0,2.5753655776113216,2.5783905378131324,-0.6867658863300024,21.619578086686825,-0.1679083106076024,-0.3526857922102229,11.348823545457634,0.0,10.276186469477242,21.63048321302545,11.354302406311035,10.276180806714414,92.83662844329132,91.77999999999997,-1.0566284432913449,0.0,False,0.0,0.0,False,False,False,6.877863012922589,1.8080894796058784
3229.824000000008,6.8,False,True,NORMAL,-3.001906070106884,113.06461699333072,-0.11636125310647544,-2.856340603778657,109.38393637433819,0.0,3.6835579436211607,3.6853953743443952,-0.6860218162905919,21.402168186237894,-0.1583635187873489,-0.35574566019784504,11.447284846227072,0.0,9.960360668796508,21.413160182570905,11.452811241149902,9.960348941421003,92.93643993738688,91.77999999999997,-1.1564399373868923,0.0,False,0.0,0.0,False,False,False,5.7254836813017675,1.7740868561492524
3229.923999999999,6.9,False,True,NORMAL,-3.029317609019049,114.08008702340277,-0.11194679064183373,-2.856340603778657,109.38393637433819,0.0,4.699335268210983,4.70066846809968,-0.6795352709518828,21.062658081451403,-0.14878030921112415,-0.3571644786881266,11.492939990394719,0.0,9.57514633151903,21.073617004221123,11.498488426208496,9.575128578012627,93.00460833447266,91.77999999999997,-1.2246083344726344,0.0,False,0.0,0.0,False,False,False,4.955222597578217,1.7678879524761788
3230.024000000005,7.0,False,True,NORMAL,-3.0553710105241816,115.01389307212047,-0.11058149834321164,-2.856340603778657,109.38393637433819,0.0,5.633473663887389,5.634558881535327,-0.6585867377722444,20.686230598905386,-0.16005458597382638,-0.3565453304238587,11.473016861777548,0.0,9.218163395045353,20.69671164417814,11.478555679321289,9.218155964856852,92.9899120769921,91.77999999999997,-1.2099120769921115,0.0,False,0.0,0.0,False,False,False,4.4109017148250835,1.7745372330508031
3230.1240000000107,7.1,False,True,NORMAL,-3.0805701685208238,115.86988403294278,-0.10512940659812749,-2.856340603778657,109.38393637433819,0.0,6.489822488162738,6.490673934191615,-0.6701989840245295,20.24818528186985,-0.013597556455309632,-0.36076075817612496,11.608662092704739,0.0,8.64506292352681,20.25927377491894,11.614266395568848,8.645007379350094,92.99454526776401,91.77999999999997,-1.2145452677640378,0.0,False,0.0,0.0,False,False,False,4.01253843150723,1.8068789852657108
3230.224000000002,7.2,False,True,NORMAL,-3.1052350854880073,116.64817853135423,-0.09668540800556297,-2.856340603778657,109.38393637433819,0.0,7.268504837915048,7.26914786250188,-0.6632108329114542,19.792369957063237,-0.0540859487556547,-0.36061305838924207,11.603909367032033,0.0,8.194049807490797,19.80347840976808,11.609511375427246,8.193967034340833,93.19095859434007,91.77999999999997,-1.4109585943400589,0.0,False,0.0,0.0,False,False,False,3.7143637164275907,1.8222176905051761
3230.323000000004,7.3,False,True,NORMAL,-3.127452659620796,117.34682108707865,-0.08800299007635026,-2.856340603778657,109.38393637433819,0.0,7.967498647330835,7.96798463988737,-0.6368557645208357,19.2689528468748,0.023669086795619697,-0.36149650218069995,11.632337072153792,0.0,7.641578581292889,19.279474294697142,11.63795280456543,7.641521490131712,93.45237766388323,91.77999999999997,-1.6723776638832533,0.0,False,0.0,0.0,False,False,False,3.4881333368562406,1.851822187359851
3230.423999999999,7.4,False,True,NORMAL,-3.143806719901397,117.9576907867084,-0.07668489050366797,-2.856340603778657,109.38393637433819,0.0,8.578572229197366,8.578914970087292,-0.5520944763032859,18.607432401168335,0.02537366548565217,-0.3610023625607654,11.616436507182593,0.0,6.993607065431978,18.61562109828232,11.622044563293457,6.993576534988861,93.5187715860867,91.77999999999997,-1.7387715860867274,0.0,False,0.0,0.0,False,False,False,3.3155876371060424,1.8711311843128802
3230.524000000005,7.5,False,True,NORMAL,-3.152946083657164,118.47359289871409,-0.06616857421075796,-2.856340603778657,109.38393637433819,0.0,9.094494518213933,9.094735225504719,-0.48639893465392786,17.8823040554897,0.024739059097093886,-0.36364952428467856,11.70161762863552,0.0,6.18190521804124,17.888917861531365,11.707266807556152,6.181651053975212,93.3754134355826,91.77999999999997,-1.5954134355826,0.0,False,0.0,0.0,False,False,False,3.1838345047423466,1.8874952359804493
3230.6240000000107,7.6,False,True,NORMAL,-3.2001782050149754,120.26077313854559,-0.06852138968571442,-2.856340603778657,109.38393637433819,0.0,10.882270089059432,10.88248581308894,-0.458243492502305,17.861300741140255,-0.0717953685962231,-0.3635753189164191,11.699229827229557,0.0,6.162798066718908,17.867178044220584,11.704877853393555,6.162300190827029,93.16190383213828,91.77999999999997,-1.3819038321382777,0.0,False,0.0,0.0,False,False,False,3.4916177746102806,1.9987022227418665
3230.7230000000127,7.7,False,True,NORMAL,-3.247386605327464,122.04689672330888,-0.07679106671734696,-2.856340603778657,109.38393637433819,0.0,12.668996873270238,12.669229599421532,-0.48592451374746193,17.86117095412556,-0.09359817203642787,-0.3676280280707415,11.829639052918045,0.0,6.032691864649427,17.86777967419453,11.835350036621094,6.032429637573436,92.96290640379304,91.77999999999997,-1.1829064037930834,0.0,False,0.0,0.0,False,False,False,3.8466773025918184,2.124602342977726
3230.823000000004,7.8,False,True,NORMAL,-3.296659999908413,123.83281518785417,-0.08791568302869618,-2.856340603778657,109.38393637433819,0.0,14.455586468154063,14.45585380756188,-0.49954337787151903,17.85719833678026,-0.1288941541905564,-0.36882538574940327,11.868167968219037,0.0,5.990456739599496,17.8641841690429,11.873897552490234,5.990286616552666,93.08918654337859,91.77999999999997,-1.309186543378587,0.0,False,0.0,0.0,False,False,False,4.25299171824193,2.254655781817744
3230.92300000001,7.9,False,True,NORMAL,-3.345409337989517,125.61916623754675,-0.10081279250606712,-2.856340603778657,109.38393637433819,0.0,16.242594526060227,16.24290738005775,-0.47544338375055717,17.869822657071428,-0.12904803535686243,-0.3681669575177453,11.846980877660027,0.0,6.023797085846167,17.87614634663566,11.852700233459473,6.023446113176188,93.30337967331188,91.77999999999997,-1.5233796733118652,0.0,False,0.0,0.0,False,False,False,4.714654801840985,2.395697525792287
3231.023000000001,8.0,False,True,NORMAL,-3.39195917341104,127.41033355750749,-0.11518343786671503,-2.856340603778657,109.38393637433819,0.0,18.034352848314487,18.034720676569066,-0.45555332467990595,17.953523742143492,-0.15836487185609607,-0.36544135435065805,11.759275645179962,0.0,6.194903522568608,17.959302424964534,11.764952659606934,6.1943497653576,93.32169259397669,91.77999999999997,-1.5416925939767339,0.0,False,0.0,0.0,False,False,False,5.235922231951078,2.539255734644679
3231.1240000000107,8.1,False,True,NORMAL,-3.435751933898085,129.20501397794033,-0.13043667799362232,-2.856340603778657,109.38393637433819,0.0,19.82954449445294,19.82997348925245,-0.42030188506098953,17.94008466651331,-0.14669993068205014,-0.36876850977852177,11.866337797081533,0.0,6.07396548580088,17.94500742591799,11.872066497802734,6.072940928115255,93.32557638458132,91.77999999999997,-1.5455763845813522,0.0,False,0.0,0.0,False,False,False,5.821307446411396,2.695288858147202
3231.224000000002,8.2,False,True,NORMAL,-3.4759843491862874,130.9993188344647,-0.14367706219192658,-2.856340603778657,109.38393637433819,0.0,21.62426223640399,21.62473954448857,-0.3843464207030637,17.946012463974412,-0.11810775328403485,-0.37103534307006636,11.939280602266535,0.0,6.006746610540878,17.95012773013697,11.94504451751709,6.00508321261988,93.27347113543377,91.77999999999997,-1.493471135433765,0.0,False,0.0,0.0,False,False,False,6.475943628604526,2.8612852991479953
3231.324000000008,8.3,False,True,NORMAL,-3.5124175959441764,132.79283477225508,-0.1529123614621305,-2.856340603778657,109.38393637433819,0.0,23.418090469200187,23.418589697373594,-0.3443185144547201,17.92430629183326,-0.06659823212004334,-0.37338224706436757,12.014799945256055,0.0,5.909577815782569,17.927613094967487,12.020600318908691,5.907012776058796,93.11974632228096,91.77999999999997,-1.3397463222809733,0.0,False,0.0,0.0,False,False,False,7.2052241846985225,3.0386763532006094
3231.423999999999,8.4,False,True,NORMAL,-3.5436779688478572,134.58602409330115,-0.16135557153878724,-2.856340603778657,109.38393637433819,0.0,25.21145886393177,25.21197520362477,-0.2808889436189014,17.93948012908832,-0.1022659694130914,-0.37391027528361903,12.031790987196683,0.0,5.908421444461205,17.941679015649623,12.037599563598633,5.90407945205099,93.05024585976786,91.77999999999997,-1.27024585976784,0.0,False,0.0,0.0,False,False,False,8.013865454019111,3.2088590535126045
3231.523000000001,8.5,False,True,NORMAL,-3.5707303666768104,136.38252223738394,-0.1745721131951765,-2.856340603778657,109.38393637433819,0.0,27.008035680841125,27.008599866714544,-0.2601590129601631,17.9904827525675,-0.1620648637146934,-0.37105871553935044,11.940032688218352,0.0,6.051466328520285,17.992363724159567,11.945796966552734,6.046566757606833,92.99076231775892,91.77999999999997,-1.2107623177589062,0.0,False,0.0,0.0,False,False,False,8.906091705350743,3.3817248778603637
3231.623000000007,8.6,False,True,NORMAL,-3.599078036460638,138.1797261277669,-0.18745091019788068,-2.856340603778657,109.38393637433819,0.0,28.805366972451118,28.805976884343146,-0.30679438271639226,17.953595055092144,-0.09551107633939025,-0.37226090175095683,11.978716977423206,0.0,5.975236724023858,17.956216143594823,11.98449993133545,5.971716212259373,93.01206081751958,91.77999999999997,-1.2320608175195957,0.0,False,0.0,0.0,False,False,False,9.888511535966634,3.585485885997787
3231.7230000000127,8.7,False,True,NORMAL,-3.629779307362509,139.97557256913817,-0.198290959178509,-2.856340603778657,109.38393637433819,0.0,30.60141193643191,30.602054372340582,-0.30723103532102475,17.963333772332458,-0.12128990327317626,-0.37224683087274396,11.9782642007095,0.0,5.985422694416681,17.965960901807737,11.984046936035156,5.981913965772581,93.13450725370085,91.77999999999997,-1.354507253700831,0.0,False,0.0,0.0,False,False,False,10.96745851550935,3.779882303793066
3231.823000000004,8.8,False,True,NORMAL,-3.656641264658372,141.77349254234588,-0.21430648125734594,-2.856340603778657,109.38393637433819,0.0,32.39944181476479,32.4001505733575,-0.23000811059624382,17.995065691821473,-0.1990205383035628,-0.3719034421985469,11.96721454246682,0.0,6.029521022760161,17.996535582825665,11.972991943359375,6.02354363946629,93.26480510409858,91.77999999999997,-1.484805104098598,0.0,False,0.0,0.0,False,False,False,12.147146664366552,3.9714725636115253
3231.92300000001,8.9,False,True,NORMAL,-3.676322900154487,143.5720807368632,-0.23624747738696428,-2.856340603778657,109.38393637433819,0.0,34.197976342456585,34.198792358646116,-0.1636245993260511,17.97669819852495,-0.23979938428880368,-0.37345532676237,12.01715152452492,0.0,5.963239513365305,17.97744284180469,12.022953033447266,5.954489808357426,93.04930241992453,91.77999999999997,-1.2693024199245428,0.0,False,0.0,0.0,False,False,False,13.433408625840919,4.178200482094145
3232.023000000001,9.0,False,True,NORMAL,-3.693400934305572,145.36986569204248,-0.2607654794688501,-2.856340603778657,109.38393637433819,0.0,35.995663334014985,35.996607860894805,-0.17793608369564892,17.979000905060442,-0.25056065734891325,-0.37162723826495353,11.958326773880318,0.0,6.023788945275219,17.979881389876994,11.964099884033203,6.0157815058437905,92.88158656035431,91.77999999999997,-1.1015865603543489,0.0,False,0.0,0.0,False,False,False,14.833614902941003,4.399524869796629
3232.1240000000107,9.1,False,True,NORMAL,-3.712554616838115,147.1698188796114,-0.28566750336950614,-2.856340603778657,109.38393637433819,0.0,37.795582005552866,37.7966615597324,-0.2051375669552143,18.020062846318144,-0.24747982066420762,-0.3704154838561624,11.919334596510145,0.0,6.102966653015604,18.021230435423433,11.925088882446289,6.096141552977144,92.6997703610915,91.77999999999997,-0.91977036109148,0.0,False,0.0,0.0,False,False,False,16.355310879015946,4.6328481621773
3232.2230000000127,9.2,False,True,NORMAL,-3.731357396761974,148.97038928297414,-0.3116724182545348,-2.856340603778657,109.38393637433819,0.0,39.59612238939129,39.59734900182025,-0.17091803152196233,17.991345220936935,-0.2726184770363656,-0.37075579174860346,11.930285120482877,0.0,6.064353607082008,17.99215706446644,11.936044692993164,6.056112371473276,92.75564767786787,91.77999999999997,-0.9756476778678689,0.0,False,0.0,0.0,False,False,False,18.005383068422077,4.868359782344097
3232.323000000004,9.3,False,True,NORMAL,-3.746912626071769,150.76678061708517,-0.3376253964593328,-2.856340603778657,109.38393637433819,0.0,41.39242583065588,41.39380276146035,-0.14018655467394692,17.936481461284117,-0.24644108705959578,-0.37097796350985934,11.937434226488751,0.0,6.003485021193806,17.937029282495477,11.943197250366211,5.993832032129266,92.97785445718637,91.77999999999997,-1.197854457186395,0.0,False,0.0,0.0,False,False,False,19.79169363537248,5.125672154190086
3232.42300000001,9.4,False,True,NORMAL,-3.7598106284623536,152.56057865999318,-0.36604744152810986,-2.856340603778657,109.38393637433819,0.0,43.18609379359185,43.18764508373155,-0.11777349313774241,17.93947939687574,-0.3219998143159453,-0.3683018898340814,11.851322768040928,0.0,6.093309085774043,17.93986598686331,11.857044219970703,6.082821766892607,93.13517436912511,91.77999999999997,-1.355174369125109,0.0,False,0.0,0.0,False,False,False,21.72091026025956,5.3662887409992415
3232.523000000001,9.5,False,True,NORMAL,-3.77051600765997,154.35596915141616,-0.3959979271865046,-2.856340603778657,109.38393637433819,0.0,44.98132333281933,44.98306640425898,-0.09633409081458529,17.968330431583947,-0.2770098988519504,-0.365420825679918,11.75861506778502,0.0,6.215542821852404,17.968588668997874,11.764291763305664,6.20429690569221,93.2007030757691,91.77999999999997,-1.4207030757690973,0.0,False,0.0,0.0,False,False,False,23.80141357980289,5.648303339276895
3232.623000000007,9.6,False,True,NORMAL,-3.744923665790862,156.14825622142294,-0.42298456113306737,-1.6321606390309793,211.75752380106587,0.0,55.64938821183544,55.650995716972815,-0.05071662759198248,17.955414913055993,-0.2675197290766736,0.47691582449551095,11.77169326472349,0.0,6.206191217530435,17.95548653967104,11.781350135803223,6.174136403867816,90.67275145203928,87.68,2.9927514520392777,0.0,False,0.0,0.0,False,False,False,26.041752730549423,5.930551594511648
3232.7230000000127,9.7,False,True,NORMAL,-3.7498935218399647,157.94217411410222,-0.4509690204660415,-1.6321606390309793,211.75752380106587,0.0,53.85700190776599,53.85888995839527,-0.0486804933900718,17.92294294052922,-0.2921694575828088,0.47572600962951705,11.742325114360469,0.0,6.2028250735905965,17.923009050935143,11.751957893371582,6.171051157563561,90.56622870371208,87.68,2.886228703712081,0.0,False,0.0,0.0,False,False,False,28.452552223346522,6.213442565859091
3232.823000000004,9.8,False,True,NORMAL,-3.7548858292507368,159.73713015710536,-0.48013829185798673,-1.6321606390309793,211.75752380106587,0.0,52.0636852048124,52.06589910762235,-0.051165654825370964,17.976177919533747,-0.2912159702560967,0.47486580668194805,11.721092761135653,0.0,6.277164920352789,17.97625073587277,11.730708122253418,6.245542613619353,90.44583488802562,87.68,2.765834888025608,0.0,False,0.0,0.0,False,False,False,31.040840810248056,6.5141308255738695
3232.92300000001,9.9,False,True,NORMAL,-3.762534556123306,161.53982906067847,-0.5128292074514252,-1.6321606390309793,211.75752380106587,0.0,50.262862613119836,50.265478729057925,-0.1018088826260169,18.07780015192879,-0.36260234161267313,0.4730787294606073,11.676982409141669,0.0,6.42658257107999,18.07808682857946,11.686561584472656,6.391525244106802,90.44687438710561,87.68,2.766874387105602,0.0,False,0.0,0.0,False,False,False,33.81447475668934,6.802707640288396
3233.023000000001,10.0,False,True,NORMAL,-3.7731242409276478,163.34976296920647,-0.5476631310731866,-1.6321606390309793,211.75752380106587,0.0,48.45508264257887,48.4581775225223,-0.1099848134608165,18.120878018630854,-0.3340761308225556,0.46987063032484827,11.597797032919507,0.0,6.548802782328751,18.12121179240756,11.607311248779297,6.513900543628264,90.43377993734916,87.68,2.7537799373491585,0.0,False,0.0,0.0,False,False,False,36.78372484911658,7.133407967849081
3233.1240000000107,10.1,False,True,NORMAL,-3.783529804593617,165.1643243052484,-0.5845719444713472,-1.6321606390309793,211.75752380106587,0.0,46.64284112855453,46.64650418736479,-0.09812645985857252,18.170348702208198,-0.4041001371406543,0.46835934925544326,11.560494145759833,0.0,6.634084973025954,18.170613659476764,11.569977760314941,6.600635899161823,90.3432585411944,87.68,2.6632585411944008,0.0,False,0.0,0.0,False,False,False,39.958449579429086,7.442643307337829
3233.224000000002,10.2,False,True,NORMAL,-3.7973027769432846,166.98015657003353,-0.6223817359543066,-1.6321606390309793,211.75752380106587,0.0,44.8296827628759,44.83400289562981,-0.17733298713477136,18.146296593494252,-0.352095692518534,0.46903988320929596,11.577291736759161,0.0,6.600728951814795,18.147163057827722,11.58678913116455,6.560373926663171,90.37344250527002,87.68,2.693442505270011,0.0,False,0.0,0.0,False,False,False,43.34967319737108,7.803945008875114
3233.324000000008,10.3,False,True,NORMAL,-3.813948357197496,168.79239828943673,-0.654714567261477,-1.6321606390309793,211.75752380106587,0.0,43.020485909357035,43.02546756331384,-0.15557861794944863,18.098537794569722,-0.2945609336248751,0.4665647053983551,11.516197026813508,0.0,6.611676965615586,18.099206474534505,11.525644302368164,6.573562172166341,90.37771399073522,87.68,2.6977139907352137,0.0,False,0.0,0.0,False,False,False,46.972884403993916,8.180329764545432
3233.423999999999,10.4,False,True,NORMAL,-3.8250818945154332,170.60054302866192,-0.6809131714414184,-1.6321606390309793,211.75752380106587,0.0,41.21536084923659,41.22098510079334,-0.06709212840929399,18.064356989934247,-0.22941114997395026,0.4643202713724254,11.460797756021641,0.0,6.624907070626289,18.064481581641935,11.470199584960938,6.594281996680998,90.53310900699601,87.68,2.8531090069960032,0.0,False,0.0,0.0,False,False,False,50.84043919548703,8.573090347348217
3233.524000000005,10.5,False,True,NORMAL,-3.833899432720245,172.40427814941808,-0.7011140793814198,-1.6321606390309793,211.75752380106587,0.0,39.414789064950895,39.42102431427777,-0.10925863568694451,18.01034542518913,-0.17460700882607763,0.4664819356685468,11.514154025049123,0.0,6.521654691315519,18.010676827484946,11.523599624633789,6.487077202851157,90.35262899109985,87.68,2.6726289910998413,0.0,False,0.0,0.0,False,False,False,54.96447502370213,8.974951868508384
3233.623000000007,10.6,False,True,NORMAL,-3.846689049825552,174.2045379408814,-0.713946317005378,-1.6321606390309793,211.75752380106587,0.0,37.618225411327295,37.62499970021257,-0.1465337064191894,17.9948504040771,-0.08203774365308833,0.4626891595001636,11.420537090188157,0.0,6.602480446736392,17.9954470128483,11.429905891418457,6.565541121429842,90.37081006787787,87.68,2.6908100678778664,0.0,False,0.0,0.0,False,False,False,59.35887205058551,9.405737248463339
3233.7230000000127,10.7,False,True,NORMAL,-3.8617630795865536,176.00588392007032,-0.7203464407749329,-1.6321606390309793,211.75752380106587,0.0,35.8210954777115,35.82833767031427,-0.15494688880083776,18.032069179701036,-0.04596473173800996,0.46218493588028214,11.408091359756899,0.0,6.652663665641465,18.032734885199,11.417449951171875,6.615284934027127,90.57170489067754,87.68,2.891704890677539,0.0,False,0.0,0.0,False,False,False,64.03608120737411,9.828101816822569
3233.824000000008,10.8,False,True,NORMAL,-3.878887780868562,177.8096494030437,-0.7232909565442558,-1.6321606390309793,211.75752380106587,0.0,34.02213924775688,34.0298267524473,-0.18754713683932744,18.04324047976674,-0.012925583648446995,0.4634360173326593,11.438971750698313,0.0,6.636274897317532,18.04421516551024,11.448355674743652,6.595859490766589,90.70654702359933,87.68,3.0265470235993215,0.0,False,0.0,0.0,False,False,False,69.0068297137528,10.262904637950847
3233.92300000001,10.9,False,True,NORMAL,-3.896960332770249,179.61887861728593,-0.7240178894683637,-1.6321606390309793,211.75752380106587,0.0,32.21834620059917,32.22648031985394,-0.17390390119441296,18.141343805077945,-0.0016130748337120828,0.45855561448615656,11.318508972223544,0.0,6.8520858280808365,18.142177312023232,11.327794075012207,6.814383237011025,90.84344215578973,87.68,3.16344215578973,0.0,False,0.0,0.0,False,False,False,74.28356956522934,10.70241509491695
3234.023000000001,11.0,False,True,NORMAL,-3.9122388710815454,181.43382286255664,-0.7267523705748554,-1.6321606390309793,211.75752380106587,0.0,30.409301132259134,30.41798422579236,-0.1316668650315126,18.1575411003362,-0.05307654729612318,0.4592317860428692,11.335198886357494,0.0,6.847883943268708,18.15801847597214,11.344497680664062,6.813520795308076,90.62100395177393,87.68,2.9410039517739195,0.0,False,0.0,0.0,False,False,False,79.87569557525175,11.126959423470797
3234.1240000000107,11.1,False,True,NORMAL,-3.922563565900321,183.25132527298805,-0.7347942561222662,-1.6321606390309793,211.75752380106587,0.0,28.59806462139698,28.607502908999727,-0.0748270313439962,18.192507108292297,-0.10776116365209314,0.45788071690383,11.301850503545857,0.0,6.911217402858848,18.192660992001294,11.311121940612793,6.881539051388501,90.01200069412596,87.68,2.332000694125961,0.0,False,0.0,0.0,False,False,False,85.79325684717605,11.562651372773837
3234.224000000002,11.2,False,True,NORMAL,-3.9336960730110846,185.07188726746912,-0.7445623377768523,-1.6321606390309793,211.75752380106587,0.0,26.784702024795784,26.795048714864006,-0.14782311087127215,18.218732781328644,-0.08760046943962722,0.4566505595156114,11.271486580401222,0.0,6.973493973216833,18.219332474862153,11.280733108520508,6.938599366341645,89.38284305231167,87.68,1.7028430523116678,0.0,False,0.0,0.0,False,False,False,92.05427205441127,12.046608682155755
3234.324000000008,11.3,False,True,NORMAL,-2.0059198605395236,207.74697548957374,-0.6555977345829278,-1.6321606390309793,211.75752380106587,0.0,4.02792672655239,4.080931524059833,0.5603103421556292,25.55234060939348,-0.04432028687291061,0.45449248551094157,11.218218930386842,0.0,14.334512259834757,25.55848309853278,11.227421760559082,14.331061337973697,89.61251750422754,87.68,1.9325175042275422,0.0,False,0.0,0.0,False,False,False,18.191416544751938,2.706993730745561
3234.423999999999,11.4,False,True,NORMAL,-1.7992243815685112,210.9957096882514,-0.4891535227167061,-1.6321606390309793,211.75752380106587,0.0,0.7799173267430052,0.9206205544849184,0.6350996284828696,26.0177503260739,0.025377912346750117,0.45644050816305226,11.26630189168853,0.0,14.75253029122815,26.025500640103306,11.275544166564941,14.749956473538365,89.70558059492637,87.68,2.025580594926371,0.0,False,0.0,0.0,False,False,False,10.896581826844248,1.8638851109548358
3234.524000000005,11.5,False,True,NORMAL,-1.6996704368069209,212.98309294464985,-0.37645141545060723,-1.6321606390309793,211.75752380106587,0.0,1.2274271051679297,1.2838586241076897,0.68598272887743,25.990663217681636,0.11180225247731959,0.45307524691439705,11.183237289634834,0.0,14.809257527295117,25.999714359955327,11.192411422729492,14.807302937225835,89.5933580173566,87.68,1.913358017356609,0.0,False,0.0,0.0,False,False,False,8.00283966596515,1.565696495497708
3234.623000000007,11.6,False,True,NORMAL,-1.6324509332728094,214.57145409508792,-0.2898859756620372,-1.6321606390309793,211.75752380106587,0.0,2.8139303089958942,2.8288226637191767,0.6568920237860816,25.7857341095552,0.22651164277926938,0.45296954564564007,11.180628269657744,0.0,14.606529395160841,25.794099920322715,11.189800262451172,14.604299657871543,89.75221411803619,87.68,2.0722141180361855,0.0,False,0.0,0.0,False,False,False,6.430943696068813,1.4280638653527509
3234.7230000000127,11.7,False,True,NORMAL,-1.5788031229408248,215.9588876336728,-0.21458913464242912,-1.6321606390309793,211.75752380106587,0.0,4.201702640413858,4.207178814261092,0.7142579709279103,25.534845457292548,0.34991720240961416,0.4515308811162394,11.145117773504975,0.0,14.392125914446531,25.544833077881872,11.154260635375977,14.390572442505896,89.9317779959067,87.68,2.2517779959066972,0.0,False,0.0,0.0,False,False,False,5.442035122508017,1.3594095157036525
3234.823000000004,11.8,False,True,NORMAL,-1.5295110029908676,217.21751079776067,-0.14609222873679714,-1.6321606390309793,211.75752380106587,0.0,5.460951835701851,5.462905627150509,0.7516636883366118,25.291019590978042,0.4058744030509335,0.4488490492177688,11.078922229396657,0.0,14.215323004446056,25.302187064591845,11.088010787963867,14.214176276627978,90.09497507571298,87.68,2.414975075712982,0.0,False,0.0,0.0,False,False,False,4.764795062356404,1.3212381983839787
3234.923999999999,11.9,False,True,NORMAL,-1.484032542033988,218.37474662269162,-0.08762587611740515,-1.6321606390309793,211.75752380106587,0.0,6.618880555212077,6.619460559466298,0.760808192313406,24.924656782128675,0.35529002480739347,0.44930648323292655,11.090213053979767,0.0,13.837950230510252,24.93626565491321,11.099310874938965,13.836954779974246,90.0804212028609,87.68,2.400421202860893,0.0,False,0.0,0.0,False,False,False,4.274886541712481,1.2948347681665158
3235.023000000001,12.0,False,True,NORMAL,-1.4419323203910779,219.43960320207896,-0.0391583932350279,-1.6321606390309793,211.75752380106587,0.0,7.684434314683294,7.684534085840394,0.7739632155477103,24.506864971462537,0.3354413103082473,0.4478792072624314,11.054983661148123,0.0,13.455832994179351,24.51908337985983,11.06405258178711,13.45503079807272,90.1290416345915,87.68,2.449041634591496,0.0,False,0.0,0.0,False,False,False,3.907163049653451,1.2836384669748393
3235.1240000000107,12.1,False,True,NORMAL,-1.402899411968025,220.41619963282673,0.0035245796399926213,-1.6321606390309793,211.75752380106587,0.0,8.661710447120363,8.66171116422244,0.7695565487205211,24.018483673014117,0.32211805621676387,0.44834845449462335,11.066566070871113,0.0,12.95589997694093,24.03080887595181,11.075644493103027,12.955164382848782,90.07276686365526,87.68,2.3927668636552606,0.0,False,0.0,0.0,False,False,False,3.6241787464337993,1.280813923513011
3235.224000000002,12.2,False,True,NORMAL,-1.326728749890807,222.8237729245042,0.03408469267079642,-1.6321606390309793,211.75752380106587,0.0,11.07046332819468,11.070515799508968,0.7538566928238389,24.13298216053511,0.2890842043993121,0.4478716792319684,11.054797847088397,0.0,13.081763327817336,24.14475363042707,11.06386661529541,13.080887015131658,90.07722281381433,87.68,2.397222813814326,0.0,False,0.0,0.0,False,False,False,3.9035610279917843,1.3640013925955576
3235.324000000008,12.3,False,True,NORMAL,-1.2523292016460525,225.24514262234476,0.058444947451906516,-1.6321606390309793,211.75752380106587,0.0,13.492966070843813,13.49309264775222,0.7341342720712459,24.29441179627629,0.1981208912228899,0.4450452319380399,10.985032767248091,0.0,13.312518267084585,24.30550138665068,10.994044303894043,13.311457082756636,89.83722427104018,87.68,2.1572242710401865,0.0,False,0.0,0.0,False,False,False,4.216023335108564,1.4466174879626146
3235.423999999999,12.4,False,True,NORMAL,-1.1793130594052887,227.68372905879122,0.07801859514469041,-1.6321606390309793,211.75752380106587,0.0,15.93264211741327,15.932833136098537,0.7261885727440331,24.477316932652812,0.19335206263278798,0.4461094252085132,11.011300205045204,0.0,13.468929090209516,24.488086778364618,11.020333290100098,13.46775348826452,89.5673867979293,87.68,1.8873867979292933,0.0,False,0.0,0.0,False,False,False,4.564259724826922,1.5412870551051934
3235.523000000001,12.5,False,True,NORMAL,-1.1110970756011023,230.13786751082074,0.09929226727095632,-1.6321606390309793,211.75752380106587,0.0,18.387728030560478,18.38799611377486,0.638131103339697,24.60545210793783,0.23212137989253012,0.4447336486874417,10.977341970960618,0.0,13.62948232623114,24.613725535584237,10.986347198486328,13.627378337097909,89.76482970234463,87.68,2.084829702344622,0.0,False,0.0,0.0,False,False,False,4.951568665099009,1.6442197952730724
3235.623000000007,12.6,False,True,NORMAL,-1.0465521881829736,232.606708999788,0.12186945662702948,-1.6321606390309793,211.75752380106587,0.0,20.85740781373175,20.857763851208425,0.6527666450228803,24.771377671407283,0.2194224072289332,0.4456772004440853,11.000631619339028,0.0,13.772303106910236,24.77997691751043,11.009655952453613,13.770320965056818,89.89872707585803,87.68,2.2187270758580295,0.0,False,0.0,0.0,False,False,False,5.380972453885532,1.7475373853341298
3235.724000000002,12.7,False,True,NORMAL,-0.9807218188971272,235.09193805743345,0.14531237718200002,-1.6321606390309793,211.75752380106587,0.0,23.343505761220783,23.343958038668383,0.6638407406940487,24.933203481501913,0.24943600387047765,0.4426006681176484,10.924693701145328,0.0,14.01025672270354,24.94203921853593,10.933655738830566,14.008383479705362,89.89822930979909,87.68,2.218229309799088,0.0,False,0.0,0.0,False,False,False,5.855656256852042,1.8602379765328216
3235.824000000008,12.8,False,True,NORMAL,-0.9132112817237494,237.59077838765498,0.16631091856688215,-1.6321606390309793,211.75752380106587,0.0,25.8432569679965,25.843792098597568,0.6863700027735063,25.043603122929103,0.17053482382716517,0.44071425949948084,10.878131556455559,0.0,14.167601471130318,25.05300702828887,10.887055397033691,14.16595163125518,89.81173744037608,87.68,2.13173744037607,0.0,False,0.0,0.0,False,False,False,6.378546262027256,1.9653769302276205
3235.923999999999,12.9,False,True,NORMAL,-0.8452934659925472,240.0983360553887,0.18601537717935213,-1.6321606390309793,211.75752380106587,0.0,28.35173361864809,28.35234383438744,0.671986311850539,25.1075502317452,0.2235543484222347,0.4403647658595768,10.869505019621153,0.0,14.239929072964365,25.116541247610567,10.878421783447266,14.2381194641633,89.64726215293324,87.68,1.9672621529332368,0.0,False,0.0,0.0,False,False,False,6.953137143334526,2.0896804987635136
3236.024000000005,13.0,False,True,NORMAL,-0.7769777841410392,242.6155135266868,0.209425351965194,-1.6321606390309793,211.75752380106587,0.0,30.869837505594763,30.870547883053046,0.6943273251796203,25.23599919421742,0.24464514729460285,0.43972067529422176,10.853606959249424,0.0,14.384645666356665,25.245549028789874,10.862510681152344,14.38303834763753,89.48336951179216,87.68,1.8033695117921535,0.0,False,0.0,0.0,False,False,False,7.583748887221778,2.2168399881971563
3236.1240000000107,13.1,False,True,NORMAL,-0.7057116365920989,245.14371924381047,0.23654316895717778,-1.6321606390309793,211.75752380106587,0.0,33.39904720041067,33.39988482863437,0.7309956257991869,25.32811514825544,0.2977111925450726,0.4406288260050472,10.87602280510081,0.0,14.45500902709823,25.33866159780789,10.884944915771484,14.453716682036404,89.50007062877937,87.68,1.8200706287793615,0.0,False,0.0,0.0,False,False,False,8.274344398530532,2.353205370341831
3236.224000000002,13.2,False,True,NORMAL,-0.629502797010577,247.6833821879615,0.26859781185436965,-1.6321606390309793,211.75752380106587,0.0,35.939847294937756,35.94085096889023,0.7931811658312524,25.465143734765366,0.34338166539876547,0.4420618155576373,10.911393226039323,0.0,14.557985391817788,25.47749363250022,10.920344352722168,14.557149279778052,89.48241561794094,87.68,1.8024156179409334,0.0,False,0.0,0.0,False,False,False,9.029274815550735,2.4954801550744046
3236.324000000008,13.3,False,True,NORMAL,-0.5500015421445356,250.23517804839238,0.3035693379723169,-1.6321606390309793,211.75752380106587,0.0,38.49286875107879,38.49406576383865,0.7968439314895752,25.57077347385236,0.356048856960179,0.43906087237810554,10.837321071583805,0.0,14.737795914155555,25.583186203094858,10.846211433410645,14.736974769684213,89.51606609349243,87.68,1.8360660934924218,0.0,False,0.0,0.0,False,False,False,9.852534503631132,2.6387557962622012
3236.42300000001,13.4,False,True,NORMAL,-0.46756019008677857,252.7993962334103,0.3369720895352479,-1.6321606390309793,211.75752380106587,0.0,41.058392405920074,41.059775171664555,0.8519831096655641,25.713590226506,0.3120061742984411,0.43811125959180713,10.813881819065,0.0,14.905455395091138,25.727700976881327,10.822752952575684,14.904948024305643,89.29775224247133,87.68,1.6177522424713344,0.0,False,0.0,0.0,False,False,False,10.747684411229105,2.7804891125062388
3236.523000000001,13.5,False,True,NORMAL,-0.3824945356691377,255.37804407130193,0.36862169554110064,-1.6321606390309793,211.75752380106587,0.0,43.63841718046115,43.639974060148,0.8493299786872527,25.85936653132641,0.3209859458186148,0.4373745163438309,10.795696816419708,0.0,15.069301662079496,25.873310549950528,10.804553031921387,15.068757518029141,89.14420498262403,87.68,1.4642049826240287,0.0,False,0.0,0.0,False,False,False,11.719207419004363,2.9358885675071265
3236.6240000000107,13.6,False,True,NORMAL,-0.2963284810574284,257.9712196977302,0.397672023080089,-1.6321606390309793,211.75752380106587,0.0,46.23299834516084,46.234708596698056,0.8739911135469342,26.004145997238208,0.2600206049611516,0.437351662015451,10.795132703992229,0.0,15.2152797990956,26.018829134152806,10.803988456726074,15.214840677426732,89.09672153419308,87.68,1.4167215341930761,0.0,False,0.0,0.0,False,False,False,12.771561835810429,3.086562026826037
3236.724000000002,13.7,False,True,NORMAL,-0.20962230655538264,260.5802053772026,0.42585884965359483,-1.6321606390309793,211.75752380106587,0.0,48.84340131063975,48.845257777516466,0.8601323764939803,26.175567592210694,0.3037159265089662,0.43850221530718414,10.823531762566827,0.0,15.357824589032507,26.18969580731101,10.83241081237793,15.357284994933082,89.26715374595835,87.68,1.5871537459583436,0.0,False,0.0,0.0,False,False,False,13.910051468671508,3.2606556302394227
3236.823000000004,13.8,False,True,NORMAL,-0.1201965141035268,263.20267194929994,0.45713640479684564,-1.6321606390309793,211.75752380106587,0.0,51.46736153630589,51.46939165369462,0.9283834725431361,26.273763849735587,0.3218351763560507,0.4409107217919222,10.88298082696813,0.0,15.39850095745141,26.290160948608968,10.891908645629883,15.398252302979085,89.33656516269221,87.68,1.6565651626922075,0.0,False,0.0,0.0,False,False,False,15.140801531636871,3.4358838005183534
3236.92300000001,13.9,False,True,NORMAL,-0.02571101226930007,265.83799538229783,0.48571772947631264,-1.6321606390309793,211.75752380106587,0.0,54.104325953215245,54.10650615743442,0.9613265641413985,26.432704810222244,0.2497913172332898,0.4384715241060659,10.82277421293871,0.0,15.618684664365915,26.450180194986764,10.831652641296387,15.618527553690377,89.2181865547274,87.68,1.5381865547273954,0.0,False,0.0,0.0,False,False,False,16.467594180818548,3.603340967744788
3237.023000000001,14.0,False,True,NORMAL,0.07092349249050973,268.4877384943199,0.5091884657871063,-1.6321606390309793,211.75752380106587,0.0,56.755772875556325,56.758056939921985,0.9713635310547977,26.562157430219237,0.21962340898258406,0.4402725764403687,10.867229512058955,0.0,15.703910976515383,26.579912611918314,10.876144409179688,15.703768202738626,89.04169887170875,87.68,1.3616988717087442,0.0,False,0.0,0.0,False,False,False,17.89512421768098,3.7836846554361383
3237.1240000000107,14.1,False,True,NORMAL,0.17349405764512027,271.1511487580423,0.5322603046240474,-1.6321606390309793,211.75752380106587,0.0,59.42106591448528,59.42344971007223,1.0800477720374129,26.706047844229182,0.24181336775623727,0.4410336024122486,10.886013884158444,0.0,15.832934459751078,26.727878603588074,10.894944190979004,15.83293441260907,88.86383075365427,87.68,1.1838307536542705,0.0,False,0.0,0.0,False,False,False,19.43044087346662,3.9812794405483243
3237.224000000002,14.2,False,True,NORMAL,0.28380017857901163,273.8299787663685,0.5564555199000515,-1.6321606390309793,211.75752380106587,0.0,62.1020174493079,62.104510416070184,1.1260746466404137,26.870552322295342,0.24209093776384566,0.4394953362490301,10.848044925061593,0.0,16.037210930952668,26.894137394886233,10.85694408416748,16.037193310718752,88.82899056952932,87.68,1.1489905695293252,0.0,False,0.0,0.0,False,False,False,21.080133710718542,4.182405606937854
3237.324000000008,14.3,False,True,NORMAL,0.4050387251378752,276.5213284515329,0.5800749324886701,-1.6321606390309793,211.75752380106587,0.0,64.79583762907323,64.79843409358381,1.298696284536858,26.95644138099221,0.23029731400852757,0.4405451297484127,10.873956933913691,0.0,16.105363373577987,26.98770727509729,10.882877349853516,16.104829925243774,88.98489612979122,87.68,1.304896129791227,0.0,False,0.0,0.0,False,False,False,22.84974391398675,4.3866750017679985
3237.4270000000106,14.4,False,True,NORMAL,0.5393503062241654,279.22154319937334,0.6015296718418374,-1.6321606390309793,211.75752380106587,0.0,67.49895831167004,67.50163858090168,1.3875353371889454,27.04785357581662,0.1987974730548177,0.4440000324675039,10.959234152617059,0.0,16.116263022667816,27.083419971834502,10.96822452545166,16.11519544638284,89.09167753850735,87.68,1.4116775385073503,0.0,False,0.0,0.0,False,False,False,24.744873418047813,4.593849960717876
3237.523000000001,14.5,False,True,NORMAL,0.6784549103857189,281.93159145785796,0.6178741883331746,-1.6321606390309793,211.75752380106587,0.0,70.21209807232113,70.21481670010859,1.3945567460421249,27.153111593875856,0.12809285677192694,0.4448832055593061,10.981033476947196,0.0,16.199937976842257,27.188899531746536,10.990041732788086,16.19885779895845,89.15571442002373,87.68,1.4757144200237293,0.0,False,0.0,0.0,False,False,False,26.77076903771389,4.7993635429202515
3237.6240000000107,14.6,False,True,NORMAL,0.8187357432183989,284.6508615495786,0.6339620445232343,-1.6321606390309793,211.75752380106587,0.0,72.9345294164244,72.93728462911936,1.411059910611475,27.23229024053803,0.1936642670292691,0.4461157178698746,11.011455526541285,0.0,16.249510642290357,27.268823256903435,11.020488739013672,16.248334517889763,89.45308484923177,87.68,1.773084849231774,0.0,False,0.0,0.0,False,False,False,28.936117039027398,5.041929426169763
3237.7230000000127,14.7,False,True,NORMAL,0.9705950594085668,287.38681135721646,0.6420194075389212,-1.6321606390309793,211.75752380106587,0.0,75.67406077036352,75.67678417055212,1.6261264131918833,27.486705912218174,-0.03251700671553212,0.444566101753035,10.973206417015923,0.0,16.555716545882646,27.534765098261687,10.982208251953125,16.552556846308562,89.76023136117118,87.68,2.080231361171177,0.0,False,0.0,0.0,False,False,False,31.24478191475525,5.232072455426146
3237.823000000004,14.8,False,True,NORMAL,1.1352969649553364,290.1396182279042,0.6295977002459663,-1.6321606390309793,211.75752380106587,0.0,78.43093489387755,78.43346187432896,1.667911697743506,27.569431501536716,-0.215917139143565,0.44518320722457666,10.988438405450474,0.0,16.626015668643713,27.619838572109625,10.997452735900879,16.622385836208746,89.6337775800902,87.68,1.9537775800901898,0.0,False,0.0,0.0,False,False,False,33.69735778795626,5.430511578551148
3237.92300000001,14.9,False,True,NORMAL,1.3047389228120876,292.8983541042581,0.6092680731942723,-1.6321606390309793,211.75752380106587,0.0,81.19396357690509,81.196249475655,1.7209274593915205,27.60528602554123,-0.19067540189031318,0.445719357414678,11.0016721780735,0.0,16.65251177748178,27.658875752142016,11.010697364807129,16.648178387334887,89.56091647641432,87.68,1.8809164764143125,0.0,False,0.0,0.0,False,False,False,36.30590426577114,5.685024932510525
3238.0250000000087,15.0,False,True,NORMAL,1.4814379433423843,295.66521088732753,0.5862076054306624,-1.6321606390309793,211.75752380106587,0.0,83.96543603351417,83.96748232294942,1.813052951214412,27.731849635848015,-0.2705339533818839,0.44768425057608263,11.050171553447498,0.0,16.737461436356607,27.791053330688833,11.059236526489258,16.731816804199575,89.45306452107651,87.68,1.7730645210765026,0.0,False,0.0,0.0,False,False,False,39.080668189299494,5.924819195828223
3238.1240000000107,15.1,False,True,NORMAL,1.662870795850726,298.44526871586777,0.5596920097675259,-1.6321606390309793,211.75752380106587,0.0,86.75034495937535,86.7521504385708,1.8156040989524262,27.86930693495618,-0.25977795988084695,0.4494562717364975,11.09391027732203,0.0,16.830932621419702,27.92838497441142,11.103011131286621,16.825373843124797,89.40456029858363,87.68,1.7245602985836266,0.0,False,0.0,0.0,False,False,False,42.029452076629106,6.195638323869843
3238.2230000000127,15.2,False,True,NORMAL,1.8443401731900353,301.23811552334485,0.5368839206785737,-1.6321606390309793,211.75752380106587,0.0,89.5481007775517,89.54971020171331,1.8137834478337576,27.98762921458548,-0.1963838218981956,0.44814604698838045,11.061570054895988,0.0,16.98106133867657,28.046340214879272,11.07064437866211,16.975695836217163,89.35759725495653,87.68,1.6775972549565321,0.0,False,0.0,0.0,False,False,False,45.16474628490133,6.48908490687449
3238.324000000008,15.3,False,True,NORMAL,2.0262724080167573,304.0451471173922,0.5140173643727991,-1.6321606390309793,211.75752380106587,0.0,92.36010799980625,92.36153833488672,1.8248612487006846,28.15300266636245,-0.2609473042172971,0.45015749812280226,11.111218618762454,0.0,17.09714051901331,28.212083895189675,11.120333671569824,17.09175022361985,89.37999994329132,87.68,1.6999999432913167,0.0,False,0.0,0.0,False,False,False,48.493166946536604,6.758164439810077
3238.423999999999,15.4,False,True,NORMAL,2.2103123027783176,306.86593675426025,0.48610337679066956,-1.6321606390309793,211.75752380106587,0.0,95.18600113873829,95.18724236617435,1.8559366465305176,28.262790070997426,-0.29733244742529397,0.4511798432649583,11.136453120966008,0.0,17.18385169286363,28.323661547074128,11.145588874816895,17.178072672257233,89.25983392691333,87.68,1.5798339269133301,0.0,False,0.0,0.0,False,False,False,52.02023481980287,7.041467300455598
3238.523000000001,15.5,False,True,NORMAL,2.3949795223470027,309.6994953301786,0.45203273924878185,-1.6321606390309793,211.75752380106587,0.0,98.02472976187646,98.02577201168201,1.8374077448431907,28.408381447369436,-0.38408030341245947,0.4501864906914058,11.111934241115557,0.0,17.3519874586947,28.467739700932594,11.121049880981445,17.34668981995115,89.23982101858748,87.68,1.5598210185874763,0.0,False,0.0,0.0,False,False,False,55.75381058080146,7.319295906447916
3238.623000000007,15.6,False,True,NORMAL,2.5802830309210094,312.54684421919285,0.4126915884885287,-1.6321606390309793,211.75752380106587,0.0,100.87731059073882,100.87815475298702,1.8686624266369383,28.53859633291555,-0.40274271179260246,0.4513402868270307,11.14041334266973,0.0,17.455817752545265,28.599709437646837,11.149552345275879,17.450157092370958,89.24015807816352,87.68,1.5601580781635114,0.0,False,0.0,0.0,False,False,False,59.703618918077574,7.626178062960961
3238.724000000002,15.7,False,True,NORMAL,2.7680504275998628,315.4076882670885,0.3741064222415628,-1.6321606390309793,211.75752380106587,0.0,103.74352245448597,103.74419697929902,1.8866855069401296,28.678284624996614,-0.3689606131467152,0.45495848989924176,11.229721297130256,0.0,17.507204358717228,28.740278203845126,11.238933563232422,17.501344640612704,89.2661483890659,87.68,1.5861483890659065,0.0,False,0.0,0.0,False,False,False,63.88376068671686,7.959493859054802
3238.824000000008,15.8,False,True,NORMAL,2.957570955346913,318.28211708020507,0.3364781386804869,-1.6321606390309793,211.75752380106587,0.0,106.62342429970283,106.62395522082394,1.9037250480008778,28.810291637334768,-0.3836050580748018,0.45295560913796246,11.180284275424095,0.0,17.68959839978746,28.873120255467153,11.18945598602295,17.683664269444204,89.45037173277383,87.68,1.7703717327738282,0.0,False,0.0,0.0,False,False,False,68.3045952224686,8.286860580613668
3238.923999999999,15.9,False,True,NORMAL,3.152960601749528,321.1663300116595,0.29890651078351316,-1.6321606390309793,211.75752380106587,0.0,109.51339763570576,109.51380555353919,2.004067880051417,28.87396699175328,-0.36782749986467395,0.45360193880981414,11.196237603567432,0.0,17.745592719232565,28.943432034033417,11.205422401428223,17.738009632605195,89.58266296191113,87.68,1.9026629619111193,0.0,False,0.0,0.0,False,False,False,72.97553326892825,8.631840719184687
3239.024000000005,16.0,False,True,NORMAL,3.3568853136501646,324.0592110669859,0.26366930326046784,-1.6321606390309793,211.75752380106587,0.0,112.41245279011781,112.41276201478169,2.0744263579613165,28.98365411477417,-0.3369166505962323,0.45640275219488413,11.265369962712052,0.0,17.79200926489285,29.057795005118166,11.274611473083496,17.78318353203467,89.47630686212055,87.68,1.796306862120543,0.0,False,0.0,0.0,False,False,False,77.90930335721214,8.994605456936783
3239.1240000000107,16.1,False,True,NORMAL,3.5660171210035614,326.9627634501173,0.23083897817483304,-1.6321606390309793,211.75752380106587,0.0,115.32245355792723,115.32268459090835,2.108209789106623,29.087393547853832,-0.3196898511164634,0.45970504822464137,11.346880396912336,0.0,17.81694066722563,29.163693386171335,11.356188774108887,17.80750461206245,89.4240130398504,87.68,1.7440130398503872,0.0,False,0.0,0.0,False,False,False,83.11745543494818,9.362539908674062
3239.224000000002,16.2,False,True,NORMAL,3.7773308667769534,329.88043449276927,0.1998229932516608,-1.6321606390309793,211.75752380106587,0.0,118.24671085756063,118.24687969608406,2.118065126361221,29.266027305185684,-0.3006298473469811,0.45748493552789976,11.292081448467282,0.0,18.050491855637414,29.34257238395062,11.301344871520996,18.041227512429625,89.33390825195465,87.68,1.6539082519546429,0.0,False,0.0,0.0,False,False,False,88.61146932278602,9.745753009701833
3239.324000000008,16.3,False,True,NORMAL,3.991100227262123,332.812269068178,0.17235897292795602,-1.6321606390309793,211.75752380106587,0.0,121.18528134412938,121.18540391512231,2.1573220833421765,29.370664202988777,-0.24865055912711462,0.45875871688751907,11.32352214026572,0.0,18.126898635507665,29.449786999161848,11.33281135559082,18.116975643571028,89.02436839230104,87.68,1.344368392301039,0.0,False,0.0,0.0,False,False,False,94.40516333716481,10.149056584738354
3239.423999999999,16.4,False,True,NORMAL,4.2094538208352255,335.75826400153034,0.14947477566870834,-1.6321606390309793,211.75752380106587,0.0,124.13826174778185,124.13835173897454,2.2097497881198795,29.549234464056916,-0.2090333860578391,0.45826665393223165,11.311376571007866,0.0,18.321767209971732,29.63174398407736,11.320655822753906,18.311088161323454,89.04558902188931,87.68,1.3655890218893074,0.0,False,0.0,0.0,False,False,False,100.5122890080037,10.564008581768766
3239.524000000005,16.5,False,True,NORMAL,4.435390307061633,338.7207760520774,0.1312509911638316,-1.6321606390309793,211.75752380106587,0.0,127.10815314777179,127.1082209121821,2.308979936408272,29.701006546884123,-0.15544230403969594,0.46253466115189273,11.416723613946989,0.0,18.377278430883415,29.790622320535526,11.4260892868042,18.364533033731327,89.25747826224209,87.68,1.5774782622420824,0.0,False,0.0,0.0,False,False,False,106.94650658302622,10.99595421868575
3239.6240000000107,16.6,False,True,NORMAL,4.672969216633456,341.6973312414025,0.11539403859768023,-1.6321606390309793,211.75752380106587,0.0,130.09269087895964,130.09274205701365,2.442598255028188,29.83009723961796,-0.16169674728333136,0.46449797149663596,11.465183920723815,0.0,18.47113753785086,29.929934640097862,11.474589347839355,18.455345292258507,89.38684033054311,87.68,1.7068403305431086,0.0,False,0.0,0.0,False,False,False,113.71838454878831,11.414682741702594
3239.7230000000127,16.7,False,True,NORMAL,4.922152107790089,344.68959342228476,0.09696160299626128,-1.6321606390309793,211.75752380106587,0.0,133.09355412402107,133.09358944335443,2.5410595681044845,30.01514637802726,-0.2069519647450478,0.4695789287957292,11.590596976328236,0.0,18.54063247828075,30.12251642580776,11.600105285644531,18.52241114016323,89.33115310198784,87.68,1.6511531019878354,0.0,False,0.0,0.0,False,False,False,120.83576402841076,11.831286450864491
3239.824000000008,16.8,False,True,NORMAL,5.1811814034775105,347.69593138066017,0.07580839835917115,-1.6321606390309793,211.75752380106587,0.0,136.10904556664892,136.1090666780776,2.639526345643937,30.11161278948166,-0.21611212799675467,0.4684924988814268,11.563780672385468,0.0,18.674460211951867,30.22707931827063,11.573266983032227,18.653812335238403,89.24006898971177,87.68,1.5600689897117683,0.0,False,0.0,0.0,False,False,False,128.31148193054753,12.26894745919046
3239.92300000001,16.9,False,True,NORMAL,5.446665314265822,350.7146441053362,0.056553996010110005,-1.6321606390309793,211.75752380106587,0.0,139.1373100937794,139.13732158729732,2.670151870122282,30.2626417040393,-0.16897591898446818,0.4674819283510205,11.538836802429179,0.0,18.8529208576799,30.380210564059233,11.54830265045166,18.831907913607573,89.20041693139616,87.68,1.5204169313961629,0.0,False,0.0,0.0,False,False,False,136.1649040263685,12.746137023853926
3240.023000000001,17.0,False,True,NORMAL,5.716677873644057,353.7453940312569,0.0413778065720459,-1.6321606390309793,211.75752380106587,0.0,142.17791924202209,142.17792526307952,2.730099317442419,30.352356814375337,-0.13454786977681393,0.46874706212692857,11.570064046282084,0.0,18.917934233128854,30.474891410311155,11.57955551147461,18.895335898836546,89.28423309274967,87.68,1.6042330927496662,0.0,False,0.0,0.0,False,False,False,144.41354480562782,13.227095717363698
3240.123000000007,17.1,False,True,NORMAL,5.992452880730149,356.7877695353541,0.02925838054530715,-1.6321606390309793,211.75752380106587,0.0,145.2305302237575,145.23053317097813,2.785400824279418,30.495153267567268,-0.10784065075796107,0.47376057599413046,11.693812398489873,0.0,18.94291685862376,30.622097096121866,11.703405380249023,18.918691715872843,89.36650009206522,87.68,1.6865000920652258,0.0,False,0.0,0.0,False,False,False,153.0712753062785,13.721089645161431
3240.2230000000127,17.2,False,True,NORMAL,6.276488271214349,359.84429537445504,0.021381687708141046,-1.6321606390309793,211.75752380106587,0.0,148.29780390354628,148.2978054449601,2.895306985404565,30.635363514452727,-0.04969320598536103,0.47182977129887355,11.646154427294023,0.0,19.143231272779428,30.771875149272166,11.655708312988281,19.116166836283885,89.43223209505754,87.68,1.752232095057532,0.0,False,0.0,0.0,False,False,False,162.15615617964818,14.244921205043473
3240.323000000004,17.3,False,True,NORMAL,6.57067282636878,362.91394643218945,0.017875661661330422,-1.6321606390309793,211.75752380106587,0.0,151.3788313454029,151.37883240083207,2.988384117684032,30.757657640235355,-0.020427314950851382,0.47519943354995325,11.729327659105712,0.0,19.193578069951506,30.90249088906515,11.7389497756958,19.163541113369348,89.38839887389027,87.68,1.708398873890257,0.0,False,0.0,0.0,False,False,False,171.68456111054192,14.766669806056298
3240.42300000001,17.4,False,True,NORMAL,6.87315515398549,365.9960282715155,0.014602354019485451,-1.6321606390309793,211.75752380106587,0.0,154.47283469277002,154.472835382952,3.0612624346501613,30.883979146286137,-0.045038837886048025,0.4755999633758678,11.739213919975807,0.0,19.31858395395215,31.035326574760532,11.748844146728516,19.286482428032016,89.3198755332464,87.68,1.6398755332464054,0.0,False,0.0,0.0,False,False,False,181.66631304260324,15.274025262930854
3240.523000000001,17.5,False,True,NORMAL,7.181811681219444,369.0917256040411,0.009202315474265145,-1.6321606390309793,211.75752380106587,0.0,157.58089086257087,157.58089113126655,3.1118681100289227,31.02996750422514,-0.0629619330183581,0.4772721512707583,11.780488463550572,0.0,19.42893561683898,31.185615377085046,11.790152549743652,19.395462827341394,89.40202422677382,87.68,1.7220242267738113,0.0,False,0.0,0.0,False,False,False,192.11414229176924,15.798551902413017
3240.623000000007,17.6,False,True,NORMAL,7.498320153886542,372.1990090892124,0.0014657405119502633,-1.6321606390309793,211.75752380106587,0.0,160.70107616620484,160.7010761728893,3.218301343313033,31.115702199201003,-0.09176956622793953,0.4798871960271728,11.845035503436694,0.0,19.46426230149232,31.281694117897974,11.854752540588379,19.426941577309595,89.48707280286675,87.68,1.8070728028667458,0.0,False,0.0,0.0,False,False,False,203.04382967846314,16.326916233250664
3240.7230000000127,17.7,False,True,NORMAL,7.82152708400021,375.3189730200456,-0.009092217990066766,-1.6321606390309793,211.75752380106587,0.0,163.8344282566319,163.8344285089245,3.245837258960309,31.283576417462367,-0.11938960381240105,0.4804919478076982,11.859962566234772,0.0,19.61947781495507,31.451512093679415,11.869691848754883,19.581820244924533,89.49708158609236,87.68,1.8170815860923615,0.0,False,0.0,0.0,False,False,False,214.47161520014262,16.87341519781431
3240.823000000004,17.8,False,True,NORMAL,8.148544736267294,378.45049588424075,-0.02157316015871342,-1.6321606390309793,211.75752380106587,0.0,166.97966684468057,166.97966823826712,3.2945157863813503,31.346880866441726,-0.13022923956053198,0.48095737311673203,11.871450639588977,0.0,19.677614018621817,31.519530046014427,11.881189346313477,19.63834069970095,89.49878178304836,87.68,1.8187817830483546,0.0,False,0.0,0.0,False,False,False,226.4159282346126,17.4343603578132
3240.92300000001,17.9,False,True,NORMAL,8.480467062603017,381.59133723388777,-0.03583380973537151,-1.6321606390309793,211.75752380106587,0.0,170.13462147419148,170.1346252478558,3.3439307403331124,31.46994612649798,-0.1549837519726297,0.48219235616550377,11.901933674310358,0.0,19.776163882522518,31.647107008395412,11.911697387695312,19.7354096207001,89.3869835783729,87.68,1.706983578372902,0.0,False,0.0,0.0,False,False,False,238.8942744870515,18.006069718428485
3241.023000000001,18.0,False,True,NORMAL,8.820319622187883,384.7450734189438,-0.05194750516898386,-1.6321606390309793,211.75752380106587,0.0,173.30304863564558,173.3030564212652,3.45312045136421,31.604777574622368,-0.16729015669961733,0.4843342159507149,11.954801109426866,0.0,19.87297830709624,31.792860934382464,11.964608192443848,19.828252741938616,89.28982771441453,87.68,1.6098277144145305,0.0,False,0.0,0.0,False,False,False,251.92596721696955,18.601953881211767
3241.123000000007,18.1,False,True,NORMAL,9.170209292733926,387.91172802733945,-0.07312660278827386,-1.6321606390309793,211.75752380106587,0.0,176.48511229770742,176.48512744770997,3.5446729595566357,31.72831459329128,-0.2562917956861827,0.4810531528273917,11.873814766164273,0.0,20.089473106718607,31.92570521258806,11.88355541229248,20.04214980029558,89.27944805596624,87.68,1.5994480559662438,0.0,False,0.0,0.0,False,False,False,265.52323167914284,19.163529180415175
3241.2230000000127,18.2,False,True,NORMAL,9.52916068907078,391.08765961166245,-0.09995880441743053,-1.6321606390309793,211.75752380106587,0.0,179.677134615499,179.67716242026623,3.6343549671804403,31.79031709316874,-0.2803522368969506,0.4806240550910023,11.863223364759829,0.0,20.17511048610793,31.997387345089372,11.872955322265625,20.124432022823747,89.26255347684126,87.68,1.5825534768412604,0.0,False,0.0,0.0,False,False,False,279.7022343955499,19.7724938631805
3241.324000000008,18.3,False,True,NORMAL,9.895825359093715,394.2703258470896,-0.12571195851928635,-1.6321606390309793,211.75752380106587,0.0,182.87650852929144,182.87655173739614,3.6989384332782858,31.863007615375153,-0.2347108451401657,0.4812402726410021,11.878433436664258,0.0,20.241956095134846,32.076991751575434,11.888177871704102,20.188813879871333,89.3709009211198,87.68,1.6909009211197983,0.0,False,0.0,0.0,False,False,False,294.4958399555573,20.440409001897184
3241.423999999999,18.4,False,True,NORMAL,10.269088672790808,397.461530975177,-0.14971255933752228,-1.6321606390309793,211.75752380106587,0.0,186.0849752551357,186.08503547989795,3.766327840663581,31.96109494637377,-0.24530117122455278,0.4833780788713486,11.931200818056297,0.0,20.29715295133922,32.18224379334785,11.940988540649414,20.241255252698437,89.40745206045406,87.68,1.7274520604540577,0.0,False,0.0,0.0,False,False,False,309.9266040722023,21.09030044677575
3241.524000000005,18.5,False,True,NORMAL,10.64675652695699,400.6636153535669,-0.1717746917836276,-1.6321606390309793,211.75752380106587,0.0,189.3047364236064,189.30481435757474,3.7870292426600596,32.080592621424266,-0.1959414776975531,0.48163833172871345,11.888258712407058,0.0,20.461083983193895,32.303343688023126,11.898011207580566,20.40533248044256,89.53587110830865,87.68,1.8558711083086452,0.0,False,0.0,0.0,False,False,False,326.0167977665003,21.795618129399124
3241.623000000007,18.6,False,True,NORMAL,11.028879312009954,403.8746889713885,-0.1846300616700573,-1.6321606390309793,211.75752380106587,0.0,192.53391152138076,192.53400004669967,3.8554264583992195,32.14087973500775,-0.06116592003104071,0.48220864759553134,11.90233579499346,0.0,20.517730362079824,32.37129072675906,11.912099838256836,20.45919088850222,89.78095660864334,87.68,2.1009566086433336,0.0,False,0.0,0.0,False,False,False,342.8054874337578,22.573056799868496
3241.7230000000127,18.7,False,True,NORMAL,11.339718751933493,407.08531592057733,-0.18429381145767215,-2.9922291380165595,319.1385334008318,0.0,89.10690930503458,89.10709988606183,3.888832173568292,32.26633161132835,0.008202757864057452,0.1509022875906094,11.843282674546394,0.0,20.76229870960043,32.499833404594355,11.844244003295898,20.655589401298457,90.46623907585197,89.27,1.196239075851983,0.0,False,0.0,0.0,False,False,False,360.0922173675202,23.315044048918118
3241.823000000004,18.8,False,True,NORMAL,11.739234227985461,410.3176433371561,-0.18296850434960873,-2.9922291380165595,319.1385334008318,0.0,92.36149685710039,92.36167808760162,4.101477347471093,32.380216720246914,0.018303384297210713,0.1507806261987563,11.83373430866473,0.0,20.922856976831056,32.638942251273654,11.834694862365723,20.804247388907932,90.35404534930845,89.27,1.084045349308462,0.0,False,0.0,0.0,False,False,False,378.3303475560716,24.052494009618822
3241.923999999999,18.9,False,True,NORMAL,12.156525915865524,413.5600557675962,-0.17953644117065654,-2.9922291380165595,319.1385334008318,0.0,95.62901581497066,95.6291843480515,4.24435641013016,32.468031888556084,0.05033787928183323,0.15048822817669052,11.810785998973111,0.0,21.05900198095588,32.74427669154578,11.811744689941406,20.932532001604372,90.27789826554499,89.27,1.0078982655450035,0.0,False,0.0,0.0,False,False,False,397.3224567780479,24.81752083028338
3242.023000000001,19.0,False,True,NORMAL,12.585656570557767,416.81382354912563,-0.17246858067049334,-2.9922291380165595,319.1385334008318,0.0,98.90972059763786,98.90987096399482,4.338256683714701,32.60732374203162,0.09101933072143095,0.15203304718028446,11.93202821758155,0.0,21.094840918063934,32.894650517545465,11.93299674987793,20.961653767667535,90.22725489204596,89.27,0.9572548920459715,0.0,False,0.0,0.0,False,False,False,417.09667964614357,25.60948130422583
3242.1240000000107,19.1,False,True,NORMAL,13.02299828565551,420.07911005416776,-0.1617870306540571,-2.9922291380165595,319.1385334008318,0.0,102.20316787918037,102.2032959330726,4.408577618240134,32.69840635881101,0.12261166960729364,0.15219531502091144,11.944763504343719,0.0,21.185619699266272,32.99426215301655,11.945733070373535,21.048529082643014,90.39429904951716,89.27,1.1242990495171605,0.0,False,0.0,0.0,False,False,False,437.6775965067116,26.406668148899318
3242.2230000000127,19.2,False,True,NORMAL,13.467323394615098,423.3545755366254,-0.14633005533484011,-2.9922291380165595,319.1385334008318,0.0,105.50782107514101,105.50792254854164,4.477924560951649,32.8109032903415,0.1865278367770462,0.15148651256858525,11.889134474874764,0.0,21.364420810177208,33.115059762919294,11.89009952545166,21.224960237467634,90.61217432864593,89.27,1.3421743286459407,0.0,False,0.0,0.0,False,False,False,459.0936463297198,27.249602020982124
3242.324000000008,19.3,False,True,NORMAL,13.925874203031178,426.6399901727082,-0.130153954446336,-2.9922291380165595,319.1385334008318,0.0,108.82456261678234,108.82464044868625,4.693091607369956,32.89738943131452,0.1369941809930359,0.15233602815174643,11.95580711018368,0.0,21.42821344262982,33.230458020176776,11.956777572631836,21.27368044754494,90.65844425587773,89.27,1.388444255877731,0.0,False,0.0,0.0,False,False,False,481.359637470779,28.024321539732476
3242.42300000001,19.4,False,True,NORMAL,14.394158664388405,429.9354475876543,-0.10918880330566905,-2.9922291380165595,319.1385334008318,0.0,112.15276489742786,112.15281804900175,4.6725976197745585,33.0117588676075,0.2823088418203036,0.15232481338447584,11.954926940233737,0.0,21.5365511877333,33.34080670963714,11.955897331237793,21.38490937839935,90.38140915938463,89.27,1.1114091593846367,0.0,False,0.0,0.0,False,False,False,504.5141438679039,28.96794868653291
3242.5250000000087,19.5,False,True,NORMAL,14.860172643939716,433.23994889274167,-0.07501570156111162,-2.9922291380165595,319.1385334008318,0.0,115.48957211212551,115.4895964751688,4.647681971251669,33.078267234139744,0.40115319307084496,0.15289201573087413,11.999442751288141,0.0,21.552725542796548,33.40318414341754,12.00041675567627,21.40276738774127,90.88366534343605,89.27,1.6136653434360553,0.0,False,0.0,0.0,False,False,False,528.6102499281927,29.90647935572426
3242.6240000000107,19.6,False,True,NORMAL,15.326749914985808,436.55868426172566,-0.0400618294330429,-2.9922291380165595,319.1385334008318,0.0,118.8405520928753,118.84055884541097,4.683863449670149,33.29644014553978,0.29792424949052937,0.15311518109431824,12.016957465774158,0.0,21.75647174961161,33.62426955609102,12.017932891845703,21.60633666424532,91.50686415863554,89.27,2.2368641586355387,0.0,False,0.0,0.0,False,False,False,553.6386809397081,30.692860316145165
3242.725000000006,19.7,False,True,NORMAL,15.7982984779138,439.89231282511037,-0.013773139684460659,-2.9922291380165595,319.1385334008318,0.0,122.20703405832398,122.20703483446333,4.747107808889684,33.376131122153645,0.2278495454811154,0.15393337309132168,12.081171728243474,0.0,21.784686065811336,33.71203288489756,12.082152366638184,21.629880518259377,91.24750484625774,89.27,1.9775048462577485,0.0,False,0.0,0.0,False,False,False,579.5952474652529,31.510184912222417
3242.823000000004,19.8,False,True,NORMAL,16.27517884852239,443.2373432978683,0.008608667440893227,-2.9922291380165595,319.1385334008318,0.0,125.58561871639817,125.58561901145248,4.790499603282126,33.52447833300453,0.21978659702596226,0.15452952970684872,12.127959960739604,0.0,21.892994700994112,33.86501932598203,12.128944396972656,21.736074929009376,90.90360901066582,89.27,1.6336090106658208,0.0,False,0.0,0.0,False,False,False,606.5214763435398,32.406277860680056
3242.923999999999,19.9,False,True,NORMAL,16.75327717765086,446.5945625105899,0.028461411629437647,-2.9922291380165595,319.1385334008318,0.0,128.97644892029538,128.9764520606049,4.771466979287323,33.619905921427694,0.1772682867449261,0.15398253338208745,12.085029981350155,0.0,22.024351167803044,33.95681038171987,12.086010932922363,21.870799448797506,90.72725938104104,89.27,1.4572593810410481,0.0,False,0.0,0.0,False,False,False,634.4496556523071,33.27959676821478
3243.023000000001,20.0,False,True,NORMAL,17.231117252881067,449.9638285904251,0.04808104588654073,-2.9922291380165595,319.1385334008318,0.0,132.37915848308774,132.37916721477526,4.785334525316817,33.765415675276245,0.21512439839713554,0.15521044712029516,12.181400485295105,0.0,22.07504837369177,34.10282572226794,12.182389259338379,21.92043646292956,90.83829193482855,89.27,1.5682919348285578,0.0,False,0.0,0.0,False,False,False,663.4168431407612,34.25363930686192
3243.123000000007,20.1,False,True,NORMAL,17.712165910166696,453.34903518784205,0.07037578130585809,-2.9922291380165595,319.1385334008318,0.0,135.79812503945814,135.79814327516743,4.8356386203957795,33.9387162730627,0.23077030998921164,0.1546702792887149,12.139006427370301,0.0,22.29660992094594,34.28147988536251,12.139991760253906,22.1414881251086,91.0354899587125,89.27,1.7654899587125028,0.0,False,0.0,0.0,False,False,False,693.4668730486669,35.2323647101775
3243.224000000002,20.2,False,True,NORMAL,18.199105618853224,456.75359179040026,0.08887494429845931,-2.9922291380165595,319.1385334008318,0.0,139.2371249500005,139.23715331440016,4.903155553334764,34.152415778101734,0.13921294986281282,0.1544947068216943,12.125226951989296,0.0,22.533238280735834,34.50258595903399,12.126211166381836,22.376374792652157,90.71394561372719,89.27,1.443945613727198,0.0,False,0.0,0.0,False,False,False,724.6072001545215,36.13216959623689
3243.323000000004,20.3,False,True,NORMAL,18.690264940344406,460.17794392804166,0.10083611010308315,-2.9922291380165595,319.1385334008318,0.0,142.69634147840296,142.69637710622538,4.920030876488816,34.33462697472611,0.10001036622966386,0.15509269813912585,12.172159177619164,0.0,22.668912958086388,34.68534724230382,12.173147201538086,22.512200040765734,90.2979648640095,89.27,1.0279648640095005,0.0,False,0.0,0.0,False,False,False,756.8566209351416,37.09448022756093
3243.423999999999,20.4,False,True,NORMAL,19.179338521993284,463.61427986973456,0.10722276088059375,-2.9922291380165595,319.1385334008318,0.0,146.16709523777592,146.1671345650913,4.861440756488705,34.3920918591319,0.027722649320548104,0.15697374145465015,12.31978932998146,0.0,22.5680869555637,34.73398319622753,12.320789337158203,22.413193859069324,89.9778383883385,89.27,0.7078383883385079,0.0,False,0.0,0.0,False,False,False,790.2436476306044,38.02099688269206
3243.523000000001,20.5,False,True,NORMAL,19.666659882471475,467.0626883401666,0.1136444455829051,-2.9922291380165595,319.1385334008318,0.0,149.64952678227587,149.64956993329153,4.88498645307515,34.57607754950917,0.10071104472567893,0.1564553713397367,12.279106024917107,0.0,22.792848557374466,34.91945348020784,12.280102729797363,22.63935075041048,89.80742306661753,89.27,0.5374230666175376,0.0,False,0.0,0.0,False,False,False,824.8238648432997,39.137675024377366
3243.623000000007,20.6,False,True,NORMAL,20.158086923668225,470.53056547052824,0.12114957980921202,-2.9922291380165595,319.1385334008318,0.0,153.15183481743824,153.15188273465193,4.943554370859876,34.78146505772386,0.04939163980045955,0.15712541419553722,12.331693080236207,0.0,22.954349566005668,35.131026762383605,12.332694053649902,22.798332708733703,90.0980004474195,89.27,0.8280004474194963,0.0,False,0.0,0.0,False,False,False,860.6405732363052,40.15125088241047
3243.7230000000127,20.7,False,True,NORMAL,20.662182271239807,474.0152901593224,0.1222382656606466,-2.9922291380165595,319.1385334008318,0.0,156.67271926901316,156.6727669550155,5.138352580571705,34.913028718159225,-0.027617922771767806,0.15726810783240158,12.342892122372854,0.0,23.113248765091846,35.28912355836113,12.343894004821777,22.945229553539356,90.29835614390682,89.27,1.0283561439068176,0.0,False,0.0,0.0,False,False,False,897.6938906454134,41.155567173478325
3243.823000000004,20.8,False,True,NORMAL,21.182285034100502,477.51241698824873,0.12290980856469408,-2.9922291380165595,319.1385334008318,0.0,160.2082836123606,160.20833075979417,5.263702676642194,35.029507860367445,0.04104878085271725,0.157120918568354,12.3313402493787,0.0,23.26551074333919,35.42277497328004,12.332341194152832,23.09043377912721,90.10289005521048,89.27,0.8328900552104872,0.0,False,0.0,0.0,False,False,False,936.043558329855,42.33164329869535
3243.92300000001,20.9,False,True,NORMAL,21.711917770020246,481.02028650237094,0.13447661217567505,-2.9922291380165595,319.1385334008318,0.0,163.75590634136387,163.75596155755903,5.328952041752676,35.12788242207667,0.1902872913669026,0.15761649463841412,12.370234606635801,0.0,23.337807211314605,35.52978825327479,12.371238708496094,23.158549544778694,90.50106160576664,89.27,1.2310616057666475,0.0,False,0.0,0.0,False,False,False,975.7778452948666,43.615591109216
3244.023000000001,21.0,False,True,NORMAL,22.25029679732205,484.53773388656765,0.15453899898460016,-2.9922291380165595,319.1385334008318,0.0,167.31431689164225,167.31438826119853,5.4386285042833595,35.22106526185745,0.2109604448115994,0.15717705315642563,12.335745867112974,0.0,23.48683829786543,35.63849208633307,12.336747169494629,23.301744916838445,91.19811720152312,89.27,1.9281172015231294,0.0,False,0.0,0.0,False,False,False,1016.9232774285739,44.78189886772959
3244.123000000007,21.1,False,True,NORMAL,22.79991396589665,488.0641641697976,0.1720336167108529,-2.9922291380165595,319.1385334008318,0.0,170.88330338738686,170.88338998320165,5.553714867208612,35.30754040274217,0.1389319097134556,0.15730141192458866,12.34550593150914,0.0,23.587630343857445,35.741658580954585,12.346508026123047,23.395150554831538,91.54843715520622,89.27,2.2784371552062224,0.0,False,0.0,0.0,False,False,False,1059.4620832610563,45.86199795240648
3244.224000000002,21.2,False,True,NORMAL,23.361783440793936,491.60126575120205,0.18514875897019709,-2.9922291380165595,319.1385334008318,0.0,174.46468991964977,174.46478816317776,5.6836746307371175,35.43449122534718,0.1233709354734283,0.15654296316774716,12.285980505057015,0.0,23.799217067753233,35.887425732522125,12.286977767944336,23.60044796457779,91.41748895501323,89.27,2.147488955013231,0.0,False,0.0,0.0,False,False,False,1103.42245063665,47.03619242852937
3244.326000000001,21.3,False,True,NORMAL,23.9306438934613,495.1551353687666,0.20132004628981226,-2.9922291380165595,319.1385334008318,0.0,178.06371124012736,178.06382504699963,5.693534422610174,35.64290112594368,0.20005481091887534,0.15640012372675796,12.274770019757424,0.0,24.015191184743475,36.09477434332073,12.275766372680664,23.819007970640065,90.99269071108074,89.27,1.7226907110807528,0.0,False,0.0,0.0,False,False,False,1148.8844164725094,48.3473334258791
3244.42300000001,21.4,False,True,NORMAL,24.50219570377069,498.726918162651,0.2225914624303818,-2.9922291380165595,319.1385334008318,0.0,181.6808502257183,181.68098658279857,5.737501783577543,35.79275475174339,0.22537351189251523,0.15635099988702342,12.270914627441478,0.0,24.174908622443823,36.249692680559434,12.271910667419434,23.97778201314,90.8327355764082,89.27,1.5627355764082023,0.0,False,0.0,0.0,False,False,False,1195.899093256635,49.61467237822267
3244.523000000001,21.5,False,True,NORMAL,25.07834684647404,502.31504161062793,0.24172839710675856,-2.9922291380165595,319.1385334008318,0.0,185.3148412729929,185.31499893061147,5.785521070489453,35.96971420779621,0.15736518163502006,0.15607255045956936,12.249061047005041,0.0,24.379501164179274,36.432027040059324,12.250055313110352,24.181971726948973,90.98264914182617,89.27,1.712649141826174,0.0,False,0.0,0.0,False,False,False,1244.4657292149147,50.7934564781877
3244.623000000007,21.6,False,True,NORMAL,25.664055976868504,505.91693406698914,0.2565523920740487,-2.9922291380165595,319.1385334008318,0.0,188.96389504874517,188.96406920661678,5.928661537399772,36.06813491942828,0.13911471771078227,0.15621638622874512,12.260349727251432,0.0,24.497586795031737,36.55214609555949,12.261344909667969,24.290801185891524,91.27982247787837,89.27,2.009822477878377,0.0,False,0.0,0.0,False,False,False,1294.6107734112106,52.051583278655656
3244.724000000002,21.7,False,True,NORMAL,26.272578053927326,509.5405657821696,0.2686910411825857,-2.9922291380165595,319.1385334008318,0.0,192.63790612162927,192.63809350645386,6.241780003776686,36.404499384180575,0.10365826445995843,0.15550645379445127,12.204632013269643,0.0,24.953482852998555,36.9357197442848,12.205622673034668,24.730097071250135,91.28535226944659,89.27,2.0153522694465997,0.0,False,0.0,0.0,False,False,False,1346.3941176764577,53.36476017074074
3244.823000000004,21.8,False,True,NORMAL,26.905978971999613,513.1919057344273,0.27789609902120876,-2.9922291380165595,319.1385334008318,0.0,196.343103169505,196.34329983086445,6.426238357669043,36.62229966097482,0.08044289231250364,0.15582205897305748,12.22940169306353,0.0,25.185940360285993,37.181841964698485,12.23039436340332,24.951447601295165,90.96796209233365,89.27,1.697962092333656,0.0,False,0.0,0.0,False,False,False,1399.8609235893862,54.686386201024575
3244.923999999999,21.9,False,True,NORMAL,27.55346956881468,516.8658968453534,0.27924545799454614,-2.9922291380165595,319.1385334008318,0.0,200.07286163848022,200.0730565124556,6.5235735786323,36.85752255754598,-0.05345571284575705,0.15573988619835435,12.222952517146453,0.0,25.44427925899743,37.43038847401721,12.223944664001465,25.20644381001574,90.98092298145284,89.27,1.7109229814528435,0.0,False,0.0,0.0,False,False,False,1455.0144138315675,55.87985463789623
3245.024000000005,22.0,False,True,NORMAL,28.210274045735833,520.5568747343168,0.27488012057562816,-2.9922291380165595,319.1385334008318,0.0,203.82086357991997,203.82104893642617,6.6125159597907315,36.96203522172205,-0.033851035532602866,0.1550688834653985,12.170290127671292,0.0,25.618923622040256,37.548867027519066,12.17127799987793,25.377589027641136,90.71194730689474,89.27,1.4419473068947501,0.0,False,0.0,0.0,False,False,False,1511.903437422115,57.2782630156868
3245.123000000007,22.1,False,True,NORMAL,28.872583590599163,524.2588313632791,0.2734101103643094,-2.9922291380165595,319.1385334008318,0.0,207.580593809809,207.58077386771964,6.633674937475823,37.07709735752295,0.00445083130622724,0.15499788900693473,12.164718260913421,0.0,25.741015686090265,37.66585710740339,12.165705680847168,25.500151426556222,90.75299077942441,89.27,1.4829907794244153,0.0,False,0.0,0.0,False,False,False,1570.621268337746,58.72351257088354
3245.224000000002,22.2,False,True,NORMAL,29.543028621481664,527.9729408589725,0.2782705693128456,-2.9922291380165595,319.1385334008318,0.0,211.35362011536427,211.35380330237604,6.775225680174168,37.20509255634579,0.0927583476644961,0.15449853417997192,12.125527335016633,0.0,25.938747456895587,37.81696173866362,12.126511573791504,25.690450164872118,91.01147974413672,89.27,1.7414797441367225,0.0,False,0.0,0.0,False,False,False,1631.2400023775022,60.28126793627498
3245.324000000008,22.3,False,True,NORMAL,30.224588749769076,531.6992517260876,0.28556616395328416,-2.9922291380165595,319.1385334008318,0.0,215.1404563663911,215.14064588908585,6.855976885574072,37.32112478595487,0.05315354514427523,0.15555726653196544,12.208619955556383,0.0,25.991027719734973,37.94562918630209,12.209610939025879,25.736018247276213,91.02453927880754,89.27,1.7545392788075398,0.0,False,0.0,0.0,False,False,False,1693.7817465318735,61.674193405669584
3245.42300000001,22.4,False,True,NORMAL,30.915719596646994,535.4407690297361,0.2911440443677516,-2.9922291380165595,319.1385334008318,0.0,218.94384240132123,218.94403597793928,6.966640051984309,37.50922128701459,0.05840406314507288,0.15544752462731978,12.200007068245569,0.0,26.209705607203293,38.150697964416594,12.200997352600098,25.949700611816496,90.87472811241813,89.27,1.6047281124181378,0.0,False,0.0,0.0,False,False,False,1758.2663077285115,63.174547625317544
3245.523000000001,22.5,False,True,NORMAL,31.61585719502028,539.1988721763197,0.2982974288436976,-2.9922291380165595,319.1385334008318,0.0,222.76506086372123,222.7652605838116,7.036111915481342,37.65284164465875,0.08466362637384739,0.15493400249955797,12.159704248349177,0.0,26.405504421942517,38.304612709240736,12.160691261291504,26.143921447949232,90.73917701273308,89.27,1.4691770127330839,0.0,False,0.0,0.0,False,False,False,1824.7662186058762,64.71974827826658
3245.6240000000107,22.6,False,True,NORMAL,32.322388443161685,542.9732797920823,0.30570850660704135,-2.9922291380165595,319.1385334008318,0.0,226.6034331314075,226.6036393455129,7.09451304734674,37.83531067059228,0.06355792889302796,0.15562946387445933,12.214286228408557,0.0,26.544020020561256,38.49471196046552,12.215277671813965,26.279434288651558,90.71497794681194,89.27,1.4449779468119415,0.0,False,0.0,0.0,False,False,False,1893.3192969523957,66.2269149571905
3245.7230000000127,22.7,False,True,NORMAL,33.037354603530154,546.7642762345373,0.3086775173389926,-2.9922291380165595,319.1385334008318,0.0,230.4595619738642,230.45976869509147,7.204810160022667,37.98461817850705,-0.004177714254001777,0.15545070801737926,12.20025691063656,0.0,26.730633263647835,38.661874082989485,12.201247215270996,26.46062686771849,90.66105615432464,89.27,1.391056154324653,0.0,False,0.0,0.0,False,False,False,1963.9394210817914,67.68615332989992
3245.824000000008,22.8,False,True,NORMAL,33.762114655778994,550.5693521269573,0.3067625840832559,-2.9922291380165595,319.1385334008318,0.0,234.3311879455171,234.33138873663563,7.290390884954096,38.11689966989118,-0.034120950860732885,0.15562776282633595,12.214152724840853,0.0,26.867399280693107,38.807832195318156,12.215144157409668,26.592688037908488,90.6082617592001,89.27,1.338261759200107,0.0,False,0.0,0.0,False,False,False,2036.6692292153107,69.22254472074422
3245.923999999999,22.9,False,True,NORMAL,34.49480188845431,554.3913974458387,0.30141720202768296,-2.9922291380165595,319.1385334008318,0.0,238.22087972417128,238.22107041336156,7.36335376855214,38.32400670773861,-0.07278669025072598,0.1570470687791117,12.325544287346467,0.0,26.97871206109988,39.02497237482232,12.326544761657715,26.698427613164604,90.7092986942937,89.27,1.439298694293698,0.0,False,0.0,0.0,False,False,False,2111.57138829611,70.7857107754175
3246.024000000005,23.0,False,True,NORMAL,35.23299764866285,558.232374557144,0.2909140373887037,-2.9922291380165595,319.1385334008318,0.0,242.13019812029418,242.1303728835977,7.400561435618703,38.49553551836745,-0.1372766025288603,0.15616245085289016,12.256116710558263,0.0,27.22110240276992,39.20044087007513,12.257111549377441,26.943329320697686,90.9537192762676,89.27,1.6837192762676059,0.0,False,0.0,0.0,False,False,False,2188.6824735255536,72.32045619478734
3246.1240000000107,23.1,False,True,NORMAL,35.98077546905483,562.0881466671049,0.2765587678756417,-2.9922291380165595,319.1385334008318,0.0,246.05570441331867,246.055859834889,7.5549949722206735,38.61990668085104,-0.1498287877323791,0.1567039187712504,12.29861280335267,0.0,27.341273231091176,39.35193948292666,12.29961109161377,27.05232839131289,91.06446907032633,89.27,1.7944690703263284,0.0,False,0.0,0.0,False,False,False,2268.0615872010526,73.96973059761591
3246.224000000002,23.2,False,True,NORMAL,36.74368273773201,565.9595033440288,0.2607271849850574,-2.9922291380165595,319.1385334008318,0.0,249.9990677908576,249.99920374865758,7.703150401322924,38.80722685762742,-0.16680287007930686,0.15721877743682347,12.3390205189094,0.0,27.522845617074502,39.564370113585284,12.340022087097168,27.224348026488116,91.06804910263847,89.27,1.7980491026384695,0.0,False,0.0,0.0,False,False,False,2349.7852408245008,75.6530555333453
3246.324000000008,23.3,False,True,NORMAL,37.518094400089815,569.8484144600842,0.24005478006920253,-2.9922291380165595,319.1385334008318,0.0,253.96167185996106,253.9617853146492,7.785082845833164,38.97099546348115,-0.24664522823779145,0.1579699116867344,12.397971880020393,0.0,27.64594787807764,39.74098642876337,12.398978233337402,27.34200819542597,91.07148103438676,89.27,1.8014810343867766,0.0,False,0.0,0.0,False,False,False,2433.877318860186,77.24280965332447
3246.423999999999,23.4,False,True,NORMAL,38.30110816656762,573.7537566772,0.21491534966186054,-2.9922291380165595,319.1385334008318,0.0,257.9419539931901,257.94204352612337,7.875192483722909,39.135848878834494,-0.2561433799090483,0.1581496881726885,12.412081299933014,0.0,27.81568807560761,39.92033722456083,12.41308879852295,27.507248426037883,90.93935694179562,89.27,1.6693569417956329,0.0,False,0.0,0.0,False,False,False,2520.39149744382,78.98130189756537
3246.524000000005,23.5,False,True,NORMAL,39.09485163001628,577.6766919421669,0.19235605418922094,-2.9922291380165595,319.1385334008318,0.0,261.9414090775253,261.9414797056225,7.999676785250177,39.32285642050506,-0.1950425295437433,0.15807493925800956,12.40621477172928,0.0,28.03562585639348,40.1283175044273,12.407221794128418,27.721095710298883,90.84093395512899,89.27,1.5709339551289967,0.0,False,0.0,0.0,False,False,False,2609.451154478377,80.88367511790813
3246.623000000007,23.6,False,True,NORMAL,39.896035692040805,581.6219894905846,0.1703829446994239,-2.9922291380165595,319.1385334008318,0.0,265.9642231221228,265.96427769778063,8.02400445524036,39.58309454784767,-0.24441966025219797,0.15926527198303425,12.499635800424857,0.0,28.202266932713346,40.38819160944898,12.500650405883789,27.887541203565192,90.98574695255755,89.27,1.7157469525575586,0.0,False,0.0,0.0,False,False,False,2701.100009664214,82.62510881323855
3246.7230000000127,23.7,False,True,NORMAL,40.70419840749704,585.5821639369259,0.1501847617320282,-2.9922291380165595,319.1385334008318,0.0,270.00293708308976,270.00297885200746,8.139249853884257,39.62039437897899,-0.1595439990957156,0.15943227845771923,12.512742989982776,0.0,28.25778215579621,40.44778163175065,12.513758659362793,27.934022972387858,91.33404030216737,89.27,2.06404030216737,0.0,False,0.0,0.0,False,False,False,2795.399159730076,84.59491645801232
3246.824000000008,23.8,False,True,NORMAL,41.515280153058164,589.575423320319,0.11574652375362418,-2.9922291380165595,319.1385334008318,0.0,274.0748616940633,274.07488613493524,8.082385057338286,40.24479328888372,-0.5292207604723644,0.1595013167108411,12.518161327637785,0.0,28.83640419126288,41.04836580279494,12.519177436828613,28.529188365966327,91.59438556098937,89.27,2.324385560989371,0.0,False,0.0,0.0,False,False,False,2892.2684813510523,85.88770968336446
3246.923999999999,23.9,False,True,NORMAL,42.328498335874784,593.6095231624648,0.05911947502237977,-2.9922291380165595,319.1385334008318,0.0,278.18751330621075,278.1875195881467,8.181978598994155,40.43720355403261,-0.6033202141525237,0.15980851385158032,12.542271118368442,0.0,29.025548547188997,41.25666255363691,12.543289184570312,28.713373369066595,90.96003014622448,89.27,1.6900301462244882,0.0,False,0.0,0.0,False,False,False,2991.68943986247,87.65622307221088
3247.023000000001,24.0,False,True,NORMAL,43.15666559293768,597.6482178775026,-0.0021546378916564414,-2.9922291380165595,319.1385334008318,0.0,282.30721710962933,282.30721711785174,8.381366542263754,40.33669074672269,-0.6221620441282004,0.16056855430345154,12.60192146601606,0.0,28.927477363449448,41.198251486107054,12.602944374084473,28.59530711202258,90.31364985619237,89.27,1.043649856192382,0.0,False,0.0,0.0,False,False,False,3093.8549729726747,89.49323089172596
3247.123000000007,24.1,False,True,NORMAL,43.99555714732121,601.6933551504376,-0.06929506784885722,-2.9922291380165595,319.1385334008318,0.0,286.4351224168364,286.4351307988503,8.396464545406893,40.56605471197602,-0.7206465550158152,0.16126168281235514,12.656320355468303,0.0,29.09934428881367,41.425902666777304,12.657347679138184,28.76855498763912,90.30776183565295,89.27,1.037761835652958,0.0,False,0.0,0.0,False,False,False,3198.809991170877,91.2668897710743
3247.2230000000127,24.2,False,True,NORMAL,44.83987466740532,605.7546725565046,-0.13856859298748495,-2.9922291380165595,319.1385334008318,0.0,290.57997415334154,290.58000719287554,8.489885856275242,40.660293409365075,-0.6648239477567395,0.16156610967472199,12.680212726102983,0.0,29.1932496451401,41.537183606838816,12.681241989135742,28.855941617703074,90.61772494233928,89.27,1.3477249423392832,0.0,False,0.0,0.0,False,False,False,3306.664583356022,93.34480223346607
3247.323000000004,24.3,False,True,NORMAL,45.703246560413525,609.8122497771044,-0.1963498327775049,-2.9922291380165595,319.1385334008318,0.0,294.72437758945244,294.72444299505764,8.77755200388893,40.49125100262978,-0.49080084804365964,0.1616915984248527,12.690061475011982,0.0,29.105655630426355,41.43171281686218,12.691091537475586,28.740621279386595,90.89334652945763,89.27,1.623346529457638,0.0,False,0.0,0.0,False,False,False,3417.6155517333013,95.64945024658951
3247.425000000003,24.4,False,True,NORMAL,46.584871414095524,613.8828791251085,-0.2523391548677424,-2.9922291380165595,319.1385334008318,0.0,298.8847909071088,298.88489742814915,8.854945069751155,40.921335957454446,-0.6289855937610904,0.16261022516319817,12.76215816955738,0.0,29.470255830936274,41.86843427608876,12.76319408416748,29.105240191921283,91.19063813267489,89.27,1.9206381326749036,0.0,False,0.0,0.0,False,False,False,3531.6474443748302,97.50022709192606
3247.523000000001,24.5,False,True,NORMAL,47.476883383896954,617.9811390932516,-0.3187141625013135,-2.9922291380165595,319.1385334008318,0.0,303.07430490852346,303.0744724890271,8.985294326277478,41.04386340540771,-0.6985145589103313,0.1637753580753093,12.853601438257092,0.0,29.538281376595513,42.01588077586379,12.854644775390625,29.161236000473167,90.93980724788189,89.27,1.669807247881896,0.0,False,0.0,0.0,False,False,False,3648.7012669181518,99.43629224152636
3247.623000000007,24.6,False,True,NORMAL,48.38219628235813,622.0920860956733,-0.38773827748664014,-2.9922291380165595,319.1385334008318,0.0,307.2786791785263,307.27892381136644,9.120963642945997,41.175076643023374,-0.6819677407962005,0.16372120399326703,12.849351256819505,0.0,29.70822968076035,42.1732013764048,12.850394248962402,29.322807127442395,90.59709950816742,89.27,1.327099508167423,0.0,False,0.0,0.0,False,False,False,3768.9096022250274,101.58504616208808
3247.724000000002,24.7,False,True,NORMAL,49.297569960855064,626.215832175262,-0.4495198330173412,-2.9922291380165595,319.1385334008318,0.0,311.49749679957466,311.49782114885056,9.186509926992688,41.299844948749794,-0.5536633698178216,0.16414695203786228,12.882765292622306,0.0,29.814987000408543,42.30920889628533,12.883810997009277,29.42539789927605,90.72274841868993,89.27,1.4527484186899355,0.0,False,0.0,0.0,False,False,False,3892.4581984918022,103.99208709336484
3247.824000000008,24.8,False,True,NORMAL,50.216633765299854,630.3604045576916,-0.5105966356172109,-2.9922291380165595,319.1385334008318,0.0,315.7376065308676,315.7380193875379,9.194766161903056,41.591602699842994,-0.6678726821795729,0.16507758331582134,12.955804140916937,0.0,30.025726218255908,42.59583477188426,12.956855773925781,29.638978997958482,90.86702473224608,89.27,1.59702473224608,0.0,False,0.0,0.0,False,False,False,4019.346674253735,105.95642598984692
3247.92300000001,24.9,False,True,NORMAL,51.14118655424943,634.5272541566234,-0.577829680415011,-2.9922291380165595,319.1385334008318,0.0,320.0007373030355,320.0012590000638,9.296289617088355,41.74538927879133,-0.6767882137764294,0.1653953148045818,12.980740700170456,0.0,30.17910268068012,42.767961451098074,12.981794357299805,29.78616709379827,90.89089543770514,89.27,1.6208954377051394,0.0,False,0.0,0.0,False,False,False,4149.562538789791,108.15298646682693
3248.027000000002,25.0,False,True,NORMAL,52.07932005902113,638.7088846076982,-0.6450723838684088,-2.9922291380165595,319.1385334008318,0.0,324.2808734745879,324.2815150757473,9.466380478345613,41.88721974270555,-0.6680658552915277,0.16569446841776617,13.004219209745248,0.0,30.343540993797223,42.943585517915295,13.005274772644043,29.938310745271252,90.84836823080867,89.27,1.578368230808681,0.0,False,0.0,0.0,False,False,False,4283.248031099264,110.43089543222413
3248.1240000000107,25.1,False,True,NORMAL,53.033877374856544,642.9073042777505,-0.7072676298657137,-2.9922291380165595,319.1385334008318,0.0,328.58049486563027,328.5812560595062,9.62476583836266,42.08117365833917,-0.5758390646545699,0.16491139091416684,12.942760842352135,0.0,30.635534067513632,43.167827069550434,12.943811416625977,30.224015652924457,90.81121259568728,89.27,1.5412125956872842,0.0,False,0.0,0.0,False,False,False,4420.550121857574,112.94861930464931
3248.2230000000127,25.2,False,True,NORMAL,54.00374685559279,647.1214442551584,-0.7646736564654009,-2.9922291380165595,319.1385334008318,0.0,332.8983795273585,332.8992577608759,9.772623776362284,42.201625889817535,-0.5722814673391744,0.16522222100768386,12.967155758559533,0.0,30.772656832019656,43.318372582755686,12.968208312988281,30.350164269767404,90.79316547164603,89.27,1.523165471646047,0.0,False,0.0,0.0,False,False,False,4561.540072277572,115.27650277735874
3248.323000000004,25.3,False,True,NORMAL,54.98649350037331,651.3496891949817,-0.8201087364336966,-2.9922291380165595,319.1385334008318,0.0,337.23253744688435,337.23353464802966,9.882309119248127,42.36327290664838,-0.5364201320267415,0.16714162295839044,13.117796416373581,0.0,30.81691702010733,43.50065430417735,13.118861198425293,30.38179310575206,90.67801046287316,89.27,1.4080104628731662,0.0,False,0.0,0.0,False,False,False,4706.252083923601,117.72163684969533
3248.42300000001,25.4,False,True,NORMAL,55.97902345595216,655.5953084916686,-0.8722837839969477,-2.9922291380165595,319.1385334008318,0.0,341.58567027471685,341.5867840183917,9.96828999232895,42.549113027089824,-0.5070808192382807,0.16616491757697519,13.04114152858796,0.0,31.093440432629514,43.70118791020709,13.042200088500977,30.658987821706113,90.66478726196553,89.27,1.3947872619655337,0.0,False,0.0,0.0,False,False,False,4854.7853907445815,120.19279625991172
3248.523000000001,25.5,False,True,NORMAL,56.98410699450128,659.8586217297262,-0.9227816828878519,-2.9922291380165595,319.1385334008318,0.0,345.95858059416645,345.95981126825217,10.133380778653464,42.71715173406466,-0.5028771585798042,0.16550237148326127,12.989142842563677,0.0,31.354634627009947,43.902624731060065,12.99019718170166,30.912427549358405,90.6177335651115,89.27,1.347733565111501,0.0,False,0.0,0.0,False,False,False,5007.200435694455,122.65082988748644
3248.623000000007,25.6,False,True,NORMAL,58.00502626783249,664.1394646896135,-0.9751388518246861,-2.9922291380165595,319.1385334008318,0.0,350.3516915289165,350.3530485852141,10.285004687970654,42.89970746367973,-0.5442662201568791,0.1657063271532549,13.005149920331537,0.0,31.56081066810227,44.115373985730606,13.006205558776855,31.10916842695375,90.67468071887043,89.27,1.4046807188704407,0.0,False,0.0,0.0,False,False,False,5163.52797974331,125.03677678337834
3248.7230000000127,25.7,False,True,NORMAL,59.04302684758169,668.4371488353978,-1.0304468909152509,-2.9922291380165595,319.1385334008318,0.0,354.764563802113,354.76606031369255,10.475006907013467,43.0539754520058,-0.5618945616544171,0.1650698313965162,12.955195746086966,0.0,31.815583324663603,44.30993762040179,12.956247329711914,31.353690290689876,90.60809566635005,89.27,1.338095666350052,0.0,False,0.0,0.0,False,False,False,5323.830339244013,127.51404940631207
3248.823000000004,25.8,False,True,NORMAL,60.09685573467001,672.7507607141981,-1.088468061929185,-2.9922291380165595,319.1385334008318,0.0,359.19610233908844,359.19775152179716,10.601570834752824,43.218262124001946,-0.5985288586242693,0.16589216666073447,13.019735185103336,0.0,31.95081248643072,44.499567247145485,13.020792007446289,31.478775239699196,90.51263513281934,89.27,1.2426351328193512,0.0,False,0.0,0.0,False,False,False,5488.186961611557,129.96978787917146
3248.92300000001,25.9,False,True,NORMAL,61.16384153121826,677.0820956621376,-1.1477955364468237,-2.9922291380165595,319.1385334008318,0.0,363.6476249998467,363.6494364118039,10.738145096212243,43.40843683478647,-0.5880206317285028,0.16553865240966428,12.991990282943448,0.0,32.20155629556837,44.71688885138314,12.99304485321045,31.72384399817269,90.37623317529759,89.27,1.106233175297592,0.0,False,0.0,0.0,False,False,False,5656.7013123198685,132.59283937087744
3249.024000000005,26.0,False,True,NORMAL,62.247033783354745,681.4300577607964,-1.203416634050289,-2.9922291380165595,319.1385334008318,0.0,368.1186086706167,368.1205757101683,10.925699946517451,43.55080513839005,-0.5244013203408007,0.1657208346636786,13.00628851504468,0.0,32.384327169810874,44.900373578884086,13.007344245910645,31.89302933297344,90.40914207285161,89.27,1.1391420728516197,0.0,False,0.0,0.0,False,False,False,5829.537865146942,135.38568849682125
3249.1240000000107,26.1,False,True,NORMAL,63.34525807467314,685.7945003375445,-1.2559518339356914,-2.9922291380165595,319.1385334008318,0.0,372.60872279106604,372.61083950282324,11.0387858798504,43.73804639657056,-0.526302677367248,0.16390658178768455,12.863900284908642,0.0,32.73340645077566,45.10954994554638,12.864944458007812,32.244605487538564,90.45231854260221,89.27,1.1823185426022171,0.0,False,0.0,0.0,False,False,False,6006.772762938981,138.04900797315517
3249.224000000002,26.2,False,True,NORMAL,64.45671497561933,690.1775378383691,-1.3104790154477688,-2.9922291380165595,319.1385334008318,0.0,377.1197460701881,377.1220229995765,11.190352139073436,43.92270361992239,-0.5642409528742991,0.16356896018622424,12.837402687509885,0.0,32.98311509443636,45.32579700656138,12.838444709777832,32.48735229678355,90.57145825663481,89.27,1.3014582566348198,0.0,False,0.0,0.0,False,False,False,6188.41262402179,140.66291549800474
3249.324000000008,26.3,False,True,NORMAL,65.57973367957528,694.578797537273,-1.3683019607900913,-2.9922291380165595,319.1385334008318,0.0,381.6510264882015,381.65347931042606,11.270021940045789,44.10249035815552,-0.5922179539721479,0.16426827322009072,12.892286957790427,0.0,33.127248011272734,45.51969958512813,12.893333435058594,32.626366150069536,90.59682965053453,89.27,1.3268296505345352,0.0,False,0.0,0.0,False,False,False,6374.518245290614,143.32123422549117
3249.423999999999,26.4,False,True,NORMAL,66.71397065640078,698.9996915213511,-1.4299179348644213,-2.9922291380165595,319.1385334008318,0.0,386.20390176491145,386.20654888769275,11.414717596464241,44.315389323407146,-0.640101527514454,0.16280381658998289,12.77735182915915,0.0,33.48512166169203,45.761878334397274,12.778388977050781,32.98348935734649,90.56848857588204,89.27,1.2984885758820537,0.0,False,0.0,0.0,False,False,False,6565.169786157956,145.9917602560651
3249.524000000005,26.5,False,True,NORMAL,67.85993641729205,703.4399359367644,-1.4927333714095679,-2.9922291380165595,319.1385334008318,0.0,390.7781945745716,390.78104560978886,11.504597621361288,44.48949898485842,-0.6162072033884782,0.16181797415007632,12.699979836495569,0.0,33.752513651716626,45.952924676816274,12.701010704040527,33.251913972775746,90.53803126509645,89.27,1.2680312650964571,0.0,False,0.0,0.0,False,False,False,6760.500141832747,148.86887339945451
3249.6240000000107,26.6,False,True,NORMAL,69.01422404354633,707.8968656229223,-1.5538183556085476,-2.9922291380165595,319.1385334008318,0.0,395.37067439542085,395.3737276595046,11.581154903724485,44.649094738300164,-0.6054924805911163,0.16084176693275432,12.62336404618335,0.0,34.001043785542386,46.12661715163778,12.624388694763184,33.5022284568746,90.53555749389712,89.27,1.2655574938971272,0.0,False,0.0,0.0,False,False,False,6960.641253253412,151.74072162375413
3249.724000000002,26.7,False,True,NORMAL,70.17981806623843,712.3730228677781,-1.615494823868132,-2.9922291380165595,319.1385334008318,0.0,399.98438994339716,399.9876523368159,11.730725550117374,44.874050158815336,-0.6280368846005693,0.1614578501120124,12.671716177615455,0.0,34.21751406737678,46.382004048855535,12.672744750976562,33.70925929787897,90.65325419895778,89.27,1.3832541989577862,0.0,False,0.0,0.0,False,False,False,7165.654778607845,154.60565803337968
3249.823000000004,26.8,False,True,NORMAL,71.35651310891137,716.8718417804068,-1.6807056268216134,-2.9922291380165595,319.1385334008318,0.0,404.6226885238422,404.6261791328711,11.80317530334159,45.102328093759034,-0.6761791744690608,0.16063926930400932,12.60747140004495,0.0,34.51759488795357,46.621185599665935,12.608494758605957,34.01269084105998,90.75739827262944,89.27,1.4873982726294508,0.0,False,0.0,0.0,False,False,False,7375.587824948745,157.4178981469438
3249.92300000001,26.9,False,True,NORMAL,72.54450487686778,721.393539393681,-1.7481244826666578,-2.9922291380165595,319.1385334008318,0.0,409.28582681537176,409.28956005638526,11.956660055786255,45.33162417172224,-0.6721979424318285,0.1603692036137348,12.586275801477917,0.0,34.805320250756374,46.88195676095343,12.587297439575195,34.294659321378234,90.82813316035859,89.27,1.5581331603585942,0.0,False,0.0,0.0,False,False,False,7590.559507272565,160.44371547085018
3250.023000000001,27.0,False,True,NORMAL,73.74618237132333,725.9371391105118,-1.8144305433900778,-2.9922291380165595,319.1385334008318,0.0,413.97329552558875,413.97727179944707,12.076889833324557,45.54037016489448,-0.6539232720365702,0.1594538574681987,12.514436578098808,0.0,35.110362708438,47.11450501493006,12.51545238494873,34.59905262998133,90.72054350444918,89.27,1.4505435044491868,0.0,False,0.0,0.0,False,False,False,7810.730276773377,163.53544416876693
3250.1240000000107,27.1,False,True,NORMAL,74.95979876158297,730.502893069257,-1.8794220157027386,-2.9922291380165595,319.1385334008318,0.0,418.68503085144255,418.68924906926674,12.195437971868188,45.774709010008266,-0.6459061742166479,0.15784944102856768,12.388516966636125,0.0,35.49001770631746,47.37143329345879,12.389522552490234,34.98191074096856,90.77598333497058,89.27,1.5059833349705758,0.0,False,0.0,0.0,False,False,False,8036.2017877798935,166.65190454547476
3250.224000000002,27.2,False,True,NORMAL,76.18397627482261,735.0916145487146,-1.9456545727462617,-2.9922291380165595,319.1385334008318,0.0,423.4215833185565,423.426053510775,12.28811229292477,45.9997205791425,-0.6787449666538149,0.15744103152448718,12.356463713627004,0.0,35.763415913069856,47.61272935972811,12.357466697692871,35.255262662035236,90.77360397499451,89.27,1.5036039749945271,0.0,False,0.0,0.0,False,False,False,8267.0238197157,169.67532054984764
3250.324000000008,27.3,False,True,NORMAL,77.41847099989266,739.7021471400709,-2.014450884690215,-2.9922291380165595,319.1385334008318,0.0,428.18177670012614,428.18651532999434,12.40178220847638,46.21093124798585,-0.6971812722252504,0.1555661848842695,12.209319895689923,0.0,36.13972027353094,47.84615312386729,12.210310935974121,35.63584218789317,90.77579711482764,89.27,1.5057971148276463,0.0,False,0.0,0.0,False,False,False,8503.265452088952,172.7833389682165
3250.423999999999,27.4,False,True,NORMAL,78.66241189381786,744.3340795777605,-2.0840964028322224,-2.9922291380165595,319.1385334008318,0.0,432.96504811674396,432.97006403278124,12.477035670027655,46.42771750580543,-0.6957290906149027,0.15608685141414952,12.250183430570676,0.0,36.33056034875772,48.07503896940714,12.251177787780762,35.82386118162638,90.72339835141726,89.27,1.4533983514172604,0.0,False,0.0,0.0,False,False,False,8745.060052223389,175.98762093732796
3250.523000000001,27.5,False,True,NORMAL,79.91554412427487,748.9880612099907,-2.1540661659367246,-2.9922291380165595,319.1385334008318,0.0,437.7719902244414,437.77728975600786,12.585608939112785,46.651915138800234,-0.7036661714751484,0.15505961275312605,12.169562533227298,0.0,36.654484006327564,48.31975515755532,12.170550346374512,36.14920481118081,90.67015502388476,89.27,1.4001550238847613,0.0,False,0.0,0.0,False,False,False,8992.523354217125,179.2192975579512
3250.623000000007,27.6,False,True,NORMAL,79.44336752349673,753.9882481809674,-2.1544615886057445,-1.428081848818248,413.8341313902291,0.0,349.63554523713134,349.64218309294847,12.447276756854217,46.90195031317709,-0.7049545592395103,-0.8811127051875925,12.056086629925034,0.0,37.30791044113368,48.525535976859196,12.088241577148438,36.43729439971076,89.58747580672036,94.18,4.592524193279644,0.0,False,0.0,0.0,False,False,False,9217.2168249491,181.92940803946126
3250.7230000000127,27.7,False,True,NORMAL,80.69253897699896,758.6892763669305,-2.224983426376537,-1.428081848818248,413.8341313902291,0.0,354.4980498983307,354.50503230979245,12.53615231319021,47.118613406084584,-0.7054821961763401,-0.8740061435858302,11.958848987331393,0.0,37.630325321714466,48.757756758607734,11.990744590759277,36.767012167848456,89.59643835218155,94.18,4.583561647818442,0.0,False,0.0,0.0,False,False,False,9475.518754383911,185.2554045509684
3250.823000000004,27.8,False,True,NORMAL,81.95128783351356,763.4117361403792,-2.2973300675652406,-1.428081848818248,413.8341313902291,0.0,359.383668287076,359.391010957306,12.6388248171018,47.33058206288916,-0.7414506275977287,-0.8684049637888447,11.88220917897922,0.0,37.93458048364975,48.98901806700429,11.913900375366211,37.07511769163808,89.6221848340984,94.18,4.557815165901616,0.0,False,0.0,0.0,False,False,False,9739.75604131209,188.51110790686178
3250.923999999999,27.9,False,True,NORMAL,83.21914965570974,768.1571139545632,-2.373805988995015,-1.428081848818248,413.8341313902291,0.0,364.29374105886933,364.3014750581446,12.718411626821792,47.57697422079261,-0.7880678009977568,-0.8637764152355073,11.81887768687689,0.0,38.250716329745245,49.24760370124865,11.8503999710083,37.39720373024035,89.67523886919315,94.18,4.504761130806855,0.0,False,0.0,0.0,False,False,False,10009.988504878049,191.78815691670286
3251.024000000005,28.0,False,True,NORMAL,84.49536830597539,772.9272385012446,-2.451539282970115,-1.428081848818248,413.8341313902291,0.0,369.22987265543196,369.2380111879091,12.805961378491252,47.825516712835594,-0.7665980785042357,-0.8590045300880873,11.753584949198004,0.0,38.57350845390088,49.510329181668006,11.784933090209961,37.725396091458045,89.69800967423816,94.18,4.481990325761842,0.0,False,0.0,0.0,False,False,False,10286.39557796474,195.3410819442688
3251.1240000000107,28.1,False,True,NORMAL,85.78211845328472,777.7213119335346,-2.52502318293025,-1.428081848818248,413.8341313902291,0.0,374.191794672851,374.2003139263294,12.929041567695375,48.055951932964454,-0.7030799206984676,-0.849374980279621,11.621825770134377,0.0,38.952410860157684,49.76479309755628,11.652822494506836,38.11197060304944,89.71654137489966,94.18,4.463458625100316,0.0,False,0.0,0.0,False,False,False,10569.219871672463,199.08572130863826
3251.224000000002,28.2,False,True,NORMAL,87.08082161704174,782.5399806546635,-2.593849676551593,-1.428081848818248,413.8341313902291,0.0,379.1804705869446,379.1893423221192,13.045021707444898,48.31742248961533,-0.673449951728392,-0.8430740092640961,11.535610860317998,0.0,39.316419844253154,50.04743657159369,11.566377639770508,38.481058931823185,89.85366294271286,94.18,4.326337057287162,0.0,False,0.0,0.0,False,False,False,10858.595723237942,202.78301310098337
3251.324000000008,28.3,False,True,NORMAL,88.39213982344108,787.3844275679668,-2.6640090379187398,-1.428081848818248,413.8341313902291,0.0,384.1972097708797,384.20644572922436,13.181342420542201,48.571515776450575,-0.7297372756145486,-0.8366677949879308,11.447955928288764,0.0,39.68202749611918,50.32832137901653,11.47848892211914,38.84983245689739,89.98331798597202,94.18,4.196682014027999,0.0,False,0.0,0.0,False,False,False,11154.503954801547,206.23083983939742
3251.423999999999,28.4,False,True,NORMAL,89.71654249182167,792.2545590616448,-2.7404319627024423,-1.428081848818248,413.8341313902291,0.0,389.2420360459717,389.2516828384378,13.306710947069654,48.83111409711154,-0.7987212200595027,-0.8294735770112226,11.349518901276095,0.0,40.058728029273944,50.611720581244704,11.379789352416992,39.23193122882771,90.07000763106947,94.18,4.109992368930534,0.0,False,0.0,0.0,False,False,False,11456.938713988358,209.67742299305988
3251.523000000001,28.5,False,True,NORMAL,91.05358740022535,797.1520240011729,-2.8233553399711,-1.428081848818248,413.8341313902291,0.0,394.31645406042156,394.3265617203085,13.434187221003976,49.118184693448946,-0.8597463253136574,-0.821387432827593,11.238877828680112,0.0,40.472994666398094,50.92222946679327,11.268853187561035,39.65337627923223,90.09415008100439,94.18,4.0858499189956206,0.0,False,0.0,0.0,False,False,False,11766.012854115592,213.21544340066558
3251.623000000007,28.6,False,True,NORMAL,92.40244987019985,802.0787371282586,-2.9098422242882043,-1.428081848818248,413.8341313902291,0.0,399.422135800398,399.4327349493552,13.543062178485856,49.416077848265665,-0.8699913610284268,-0.8089347360281122,11.068490101313536,0.0,40.9452964508063,51.23829898695103,11.098011016845703,40.14028797010533,90.07990382081374,94.18,4.1000961791862665,0.0,False,0.0,0.0,False,False,False,12081.923215265233,216.98417505435106
3251.7230000000127,28.7,False,True,NORMAL,93.76152235716178,807.0347239152528,-2.998148334203097,-1.428081848818248,413.8341313902291,0.0,404.55873085489185,404.5698402060573,13.638387560752827,49.70365789161772,-0.8961308372694233,-0.8082854115250451,11.059605525692483,0.0,41.25614067297517,51.5408500421197,11.089102745056152,40.45174729706355,90.11020641814942,94.18,4.069793581850604,0.0,False,0.0,0.0,False,False,False,12404.831304366742,220.7314259856528
3251.823000000004,28.8,False,True,NORMAL,95.13065500300519,812.0211144739274,-3.089437035142328,-1.428081848818248,413.8341313902291,0.0,409.727303410106,409.73895077342985,13.744265356115443,50.024153281874526,-0.9296431815152051,-0.800041541477219,10.946806322052266,0.0,41.6962337453839,51.87794080095887,10.97600269317627,40.9019381077826,90.09706973653645,94.18,4.082930263463538,0.0,False,0.0,0.0,False,False,False,12734.833742491548,224.52703122205205
3251.923999999999,28.9,False,True,NORMAL,96.51016337254156,817.0383727559904,-3.1851530312624834,-1.428081848818248,413.8341313902291,0.0,414.92837952154866,414.9406045836089,13.845902034611699,50.32101235938682,-0.9846767408879016,-0.7967353459933436,10.90156831908807,0.0,42.05115215908045,52.191122693669136,10.930644035339355,41.26047865832978,90.15130010062882,94.18,4.02869989937119,0.0,False,0.0,0.0,False,False,False,13072.01718720055,228.2709251402157
3252.024000000005,29.0,False,True,NORMAL,97.89978141232747,822.0844350019329,-3.28719718518536,-1.428081848818248,413.8341313902291,0.0,420.159891968609,420.172750763787,13.946458761106662,50.60023255946332,-1.0562063375696291,-0.7894917040018962,10.802455033295125,0.0,42.43832386101637,52.4870197958221,10.831266403198242,41.65575339262386,90.21261644874946,94.18,3.9673835512505207,0.0,False,0.0,0.0,False,False,False,13416.441127108614,231.9846901806915
3252.1240000000107,29.1,False,True,NORMAL,99.30057204839532,827.1588680495898,-3.3948489415587373,-1.428081848818248,413.8341313902291,0.0,425.42167275595466,425.4352179237287,14.069353960250266,50.88842839367564,-1.0968287898979217,-0.7824756488237493,10.706455771759039,0.0,42.83885813750668,52.79752707501615,10.735011100769043,42.062515974247106,90.17707060837495,94.18,4.0029293916250595,0.0,False,0.0,0.0,False,False,False,13768.247977358536,235.8787907664558
3252.2230000000127,29.2,False,True,NORMAL,100.71277197600105,832.2635044264722,-3.5062391930493546,-1.428081848818248,413.8341313902291,0.0,430.71556071213234,430.72983174241074,14.174644591864345,51.20429914397261,-1.1309762399144208,-0.7716362881115917,10.55814299521026,0.0,43.30705856800604,53.13003670364913,10.586302757263184,42.54373394638595,90.16502038909857,94.18,4.014979610901435,0.0,False,0.0,0.0,False,False,False,14127.62540643917,239.86185575005487
3252.324000000008,29.3,False,True,NORMAL,102.13536033850313,837.4005648465436,-3.6217355178297175,-1.428081848818248,413.8341313902291,0.0,436.0434727278797,436.0585133634594,14.277122658177449,51.53690925745591,-1.1789502556928415,-0.7627508095461218,10.436564792214265,0.0,43.76569557412123,53.47793233856269,10.464400291442871,43.01353204711982,90.15000603356644,94.18,4.029993966433551,0.0,False,0.0,0.0,False,False,False,14494.70036729943,243.85249285564086
3252.423999999999,29.4,False,True,NORMAL,103.56844870131118,842.5710205978539,-3.742049583920262,-1.428081848818248,413.8341313902291,0.0,441.40637919608207,441.42224063823966,14.384644597983456,51.87220576875103,-1.2273310661180488,-0.7594124293662912,10.390886412575991,0.0,44.159283494828166,53.82976622210004,10.418600082397461,43.41116613970258,90.08254886307269,94.18,4.097451136927305,0.0,False,0.0,0.0,False,False,False,14869.587452236647,247.8954081010714
3252.523000000001,29.5,False,True,NORMAL,105.011360626227,847.7735915907074,-3.8660902719682526,-1.428081848818248,413.8341313902291,0.0,446.80287603537306,446.81960195080063,14.473593900333004,52.17921408831696,-1.2534826948417594,-0.7584644753733217,10.377915750147524,0.0,44.49004546095196,54.14937952798879,10.405594825744629,43.74378470224416,90.06411816761623,94.18,4.115881832383764,0.0,False,0.0,0.0,False,False,False,15252.441939381004,252.04809566174274
3252.629000000001,29.6,False,True,NORMAL,106.46558944976046,853.0074602752981,-3.9932922818392473,-1.428081848818248,413.8341313902291,0.0,452.2325254891323,452.2501558800471,14.610982570336228,52.49815960349763,-1.2905575025781333,-0.7468485806686833,10.218977816306936,0.0,44.98213189986769,54.49346358440597,10.246232986450195,44.24723059795578,90.05710842497616,94.18,4.122891575023857,0.0,False,0.0,0.0,False,False,False,15643.414162348401,256.23682652077855
3252.724000000002,29.7,False,True,NORMAL,107.93323861364578,858.274022764503,-4.1255954592916275,-1.428081848818248,413.8341313902291,0.0,457.6971875138301,457.7157808028513,14.742000707370249,52.833090180601154,-1.355506046469465,-0.731187771767602,10.004694141023942,0.0,45.53779824534556,54.85127166153615,10.031377792358398,44.819893869177754,90.09425462358007,94.18,4.085745376419936,0.0,False,0.0,0.0,False,False,False,16042.593559209141,260.3732327395217
3252.824000000008,29.8,False,True,NORMAL,109.41460235942657,863.5745672494986,-4.264264260288433,-1.428081848818248,413.8341313902291,0.0,463.1981868373131,463.21781511407346,14.885274208245447,53.17779951931156,-1.4178699734666667,-0.7226264341032993,9.887551092307037,0.0,46.01795487995092,55.22182313153696,9.913922309875488,45.30790082166147,90.09122571919366,94.18,4.088774280806319,0.0,False,0.0,0.0,False,False,False,16450.084576726455,264.58428216499703
3252.923999999999,29.9,False,True,NORMAL,110.9103570041286,868.9093404746569,-4.409381535576196,-1.428081848818248,413.8341313902291,0.0,468.7359286070921,468.7566675927706,15.029818685795181,53.5176649838559,-1.484475532288592,-0.711616000957564,9.736897566309224,0.0,46.524707002480085,55.5880914859659,9.762866973876953,45.825224512088944,90.09807926992771,94.18,4.081920730072284,0.0,False,0.0,0.0,False,False,False,16866.024087664722,268.8247912746796
3253.023000000001,30.0,True,False,BLACKOUT,-4.047454566577713,669.7015993526393,28.18412592796514,-1.428081848818248,413.8341313902291,0.0,255.88087516445916,257.4283730074308,0.28380806040832063,27.49361329889083,4.250200156837064,-0.7052040865840588,9.64916464100294,0.0,17.871835186429383,27.495078091252978,9.67490005493164,17.820178036321337,88.20676128376441,94.18,5.973238716235585,5.80476188659668,False,[-20.95487235],26.332373932419756,True,False,False,1719.6012104606334,16.333394491741153
3253.123000000007,30.1,True,False,BLACKOUT,-4.016681975862494,672.4571605570746,28.608329828711124,-1.428081848818248,413.8341313902291,0.0,258.6359837030663,260.21339051178956,0.33164375389605866,27.6176107898152,4.233877858082579,-0.7013522805633486,9.596461159604996,0.0,18.050731697126135,27.619601976082407,9.622056007385254,17.997545968697153,88.24439232720796,94.18,5.9356076727920595,5.3651018142700195,False,0.0,0.0,True,False,False,1749.0292699138588,16.50841354561479
3253.224000000002,30.2,True,False,BLACKOUT,-3.980841914840278,675.2263554784305,29.03086111999816,-1.428081848818248,413.8341313902291,0.0,261.40468893600814,263.01179117123206,0.38515746654826,27.766287637301943,4.21674796765811,-0.6871872606203016,9.402644061585017,0.0,18.394926707922917,27.768958846730722,9.427721977233887,18.341236869496836,88.29750673202837,94.18,5.882493267971654,5.0252251625061035,False,0.0,0.0,True,False,False,1778.8392123450512,16.695835689690888
3253.324000000008,30.3,True,False,BLACKOUT,-3.93941230995425,678.0105041519263,29.452343703614083,-1.428081848818248,413.8341313902291,0.0,264.1883091777761,265.82494852035245,0.44343463117230425,27.91668583261464,4.212903704660397,-0.673538238513275,9.215887257413138,0.0,18.73412650063707,27.92020741593855,9.240467071533203,18.679740344405346,88.3967238913471,94.18,5.783276108652899,4.633724689483643,False,0.0,0.0,True,False,False,1809.03982859576,16.888842746187862
3253.42300000001,30.4,True,False,BLACKOUT,-3.893104994324884,680.8091537739109,29.87307337666671,-1.428081848818248,413.8341313902291,0.0,266.98640211792673,268.6524510009968,0.4827116814150205,28.056306607079843,4.201689756392151,-0.6582553738711783,9.006774916853585,0.0,19.08367007255635,28.06045885223274,9.030797004699707,19.02966184753303,88.38535766988778,94.18,5.794642330112197,4.540594577789307,False,0.0,0.0,True,False,False,1839.635544194072,17.08145389660293
3253.524000000005,30.5,True,False,BLACKOUT,-3.844393414230234,683.6221272002431,30.29286257071939,-1.428081848818248,413.8341313902291,0.0,269.79881624048176,271.49412289678344,0.49151992047797827,28.20316191956459,4.194094124661491,-0.6482842353026144,8.870341847992094,0.0,19.366390614498382,28.207444657278067,8.894000053405762,19.313444603872306,88.33530195081862,94.18,5.844698049181375,4.411807537078857,False,0.0,0.0,True,False,False,1870.6309533911826,17.278531346983968
3253.623000000007,30.6,True,False,BLACKOUT,-3.7945022526702505,686.44990002418,30.71115825292633,-1.428081848818248,413.8341313902291,0.0,272.6260392064698,274.35038271277097,0.5063033107216875,28.352294559173888,4.171819519477335,-0.630922016858971,8.632778130647125,0.0,19.752281124483517,28.35681487425217,8.655802726745605,19.701012147506564,88.33684562943444,94.18,5.843154370565571,4.200149059295654,False,0.0,0.0,True,False,False,1902.0321221950976,17.478202862322398
3253.7230000000127,30.7,True,False,BLACKOUT,-3.743880051791864,689.2929608878669,31.127211615065494,-1.428081848818248,413.8341313902291,0.0,275.46856384989843,277.2216315016825,0.5061407068460426,28.508922714562516,4.149247723305973,-0.6199227058543867,8.482276786653312,0.0,20.05827923654631,28.5134153120952,8.504899978637695,20.008515333457506,88.35398570252457,94.18,5.826014297475467,4.238171577453613,False,0.0,0.0,True,False,False,1933.8455537496973,17.682972828627932
3253.824000000008,30.8,True,False,BLACKOUT,-3.6919784374364375,692.1516957433272,31.54217276691194,-1.428081848818248,413.8341313902291,0.0,278.32677171843324,280.108372809637,0.531891580262483,28.6657743946426,4.149975313622922,-0.6045364052995864,8.271749153456556,0.0,20.42566361478868,28.67070857683328,8.293810844421387,20.376897732411894,88.39826264740373,94.18,5.781737352596281,3.9368741512298584,False,0.0,0.0,True,False,False,1966.0786354632196,17.897408611532494
3253.92300000001,30.9,True,False,BLACKOUT,-3.634093801944213,695.0278424102203,31.959073738034764,-1.428081848818248,413.8341313902291,0.0,281.20236415423614,283.0126357605341,0.6258011295820094,28.85715894322035,4.188044108833562,-0.5935729632002138,8.121738596425645,0.0,20.771242864509006,28.863943759092734,8.143400192260742,20.720543566831992,88.51225709553407,94.18,5.667742904465911,2.6451292037963867,False,0.0,0.0,True,False,False,1998.7453486332738,18.139323143015996
3254.023000000001,31.0,True,False,BLACKOUT,-3.5696298915283506,697.9239767246563,32.377488853802234,-1.428081848818248,413.8341313902291,0.0,284.09791701129734,285.9369305190151,0.6634770787352317,29.06552734549907,4.180258206515819,-0.578449075663193,7.914801507385775,0.0,21.187156110531028,29.073098935372563,7.935911178588867,21.137187756783696,88.67122084219952,94.18,5.508779157800518,2.539287805557251,False,[-25.50044933],38.289300044414354,True,False,False,2031.8592696254727,18.379167276895064
3254.123000000007,31.1,True,False,BLACKOUT,-3.4990379726400556,700.8422554889235,32.79198408055122,-1.428081848818248,413.8341313902291,0.0,287.01559567019757,288.8827900340508,0.7483612990306677,29.30004793984468,4.109646328463966,-0.562981201154389,7.703157714303428,0.0,21.636665329178406,29.309603441723386,7.723702907562256,21.58590053416113,88.6970627588211,94.18,5.482937241178945,3.2809009552001953,False,0.0,0.0,True,False,False,2065.431276666586,18.62557789726531
3254.2230000000127,31.2,True,False,BLACKOUT,-3.4232818082145915,703.7829889209651,33.205902504723944,-1.428081848818248,413.8341313902291,0.0,289.9557221478083,291.850908457401,0.7667619894786127,29.514620700986956,4.168722154990649,-0.5530237914788082,7.566912495103124,0.0,21.987353865307163,29.524578897448087,7.587094306945801,21.937484590502287,88.76341846102586,94.18,5.416581538974128,3.3544886112213135,False,0.0,0.0,True,False,False,2099.4690037668793,18.88506015163174
3254.324000000008,31.3,True,False,BLACKOUT,-3.345026472986146,706.7494768814753,33.61757467011997,-1.428081848818248,413.8341313902291,0.0,292.9216180157215,294.8443922268988,0.7983447150902928,29.815138509216982,4.064721152929896,-0.5396496947983559,7.383917439842631,0.0,22.47109048764739,29.825825028117933,7.403611183166504,22.42221384495143,88.63619713726378,94.18,5.543802862736243,3.549351215362549,False,0.0,0.0,True,False,False,2133.9862046483604,19.151716761278596
3254.423999999999,31.4,True,False,BLACKOUT,-3.267126134416691,709.7442999961243,34.02107043472136,-1.428081848818248,413.8341313902291,0.0,295.91588326457514,297.86514264307255,0.7596620562988127,30.081323783762766,4.005194139097784,-0.5275094606518338,7.2178050756509435,0.0,22.899722667102942,30.0909143600415,7.237055778503418,22.85385858153808,88.59651834635606,94.18,5.5834816536439575,3.4953062534332275,False,0.0,0.0,True,False,False,2168.9938724861413,19.41236870136091
3254.523000000001,31.5,True,False,BLACKOUT,-3.1915654046461865,712.7663483784969,34.422496936295985,-1.428081848818248,413.8341313902291,0.0,298.93741858083354,300.91275899021264,0.7515525391112684,30.359643863688074,4.023335892394811,-0.5108496054218711,6.989851651858606,0.0,23.40386393736315,30.36894477503322,7.0084943771362305,23.36045039789699,88.4680447423135,94.18,5.711955257686554,3.484987735748291,False,0.0,0.0,True,False,False,2204.496881091576,19.698648881560985
3254.6240000000107,31.6,True,False,BLACKOUT,-3.1175381050491526,715.8198814219343,34.82092187444447,-1.428081848818248,413.8341313902291,0.0,301.9904758177867,303.99135527978325,0.7289934528294102,30.711017005059258,3.9451628705749213,-0.49822302089683385,6.817084653973234,0.0,23.925427132481047,30.719667917139127,6.835266590118408,23.88440132702072,88.33462446806871,94.18,5.845375531931268,3.586231231689453,False,0.0,0.0,True,False,False,2240.5146287512057,19.995594010517944
3254.7230000000127,31.7,True,False,BLACKOUT,-3.049665861756301,718.9080633558881,35.21277473333078,-1.428081848818248,413.8341313902291,0.0,305.07824160319683,307.1036844522039,0.6284514130276216,31.052621674018752,3.8918943071513104,-0.48327510648683536,6.612555369577909,0.0,24.465338273149964,31.0589804083823,6.630191802978516,24.428788605403785,88.19860284792617,94.18,5.981397152073782,3.5745489597320557,False,0.0,0.0,True,False,False,2277.060216957046,20.293373551772255
3254.823000000004,31.8,True,False,BLACKOUT,-2.9914505729864547,722.0335901435061,35.60116187323438,-1.428081848818248,413.8341313902291,0.0,308.2034238900999,310.25278922888805,0.535854362369305,31.457914078342608,3.875848490920687,-0.47219237942361914,6.460912660554093,0.0,25.017318763499823,31.462477621097424,6.478144645690918,24.984332975406506,88.05395747493091,94.18,6.126042525069067,3.114133834838867,False,0.0,0.0,True,False,False,2314.1483591922083,20.625724537705434
3254.92300000001,31.9,True,False,BLACKOUT,-2.9417221084254517,725.2025368432579,35.98451055566398,-1.428081848818248,413.8341313902291,0.0,311.37208452460413,313.44450867917266,0.45871492885075776,31.921019916692178,3.7911251576712495,-0.4586639630346978,6.275806079988094,0.0,25.661616799444957,31.924315684252488,6.292544364929199,25.63177131932329,87.77570785485068,94.18,6.404292145149327,3.1525378227233887,False,0.0,0.0,True,False,False,2351.8057312488154,20.97481664956218
3255.023000000001,32.0,True,False,BLACKOUT,-2.9012208693535895,728.4194032630128,36.359256325292336,-1.428081848818248,413.8341313902291,0.0,314.5887210594923,316.6828996620679,0.35130985258648634,32.41630847840392,3.703790234895877,-0.44754477620252126,6.123664499332413,0.0,26.304777059084586,32.41821207253056,6.1399970054626465,26.27821506706791,87.36645796739438,94.18,6.813542032605596,2.814793586730957,False,[-25.39042133],37.18683785685882,True,False,False,2390.0540630433775,21.33895918642267
3255.1240000000107,32.1,True,False,BLACKOUT,-2.8716154509268548,731.6884017507203,36.72279506785384,-1.428081848818248,413.8341313902291,0.0,317.85754824395895,319.97184978253364,0.2407985159482121,32.96366127574722,3.56698461633416,-0.4328252480097186,5.922260177275486,0.0,27.049790060993026,32.96454077683291,5.938055515289307,27.026485261543606,86.97203253133937,94.18,7.207967468660627,3.10799241065979,False,0.0,0.0,True,False,False,2428.913851177658,21.719030679431764
3255.224000000002,32.2,True,False,BLACKOUT,-2.855486057975538,735.0129518732978,37.07085753289517,-1.428081848818248,413.8341313902291,0.0,321.1819923496203,323.3142754161897,0.0817893430781233,33.5273411758018,3.3942646844925326,-0.4169327857624782,5.7048068361904205,0.0,27.827003806386518,33.52744093746578,5.720022201538086,27.80741873592769,86.5532376599952,94.18,7.626762340004802,3.466130256652832,False,0.0,0.0,True,False,False,2468.4026266337523,22.100841396713886
3255.324000000008,32.3,True,False,BLACKOUT,-2.8543687230086645,738.395319842248,37.40185374512833,-1.428081848818248,413.8341313902291,0.0,324.5643223517249,326.71225567340804,-0.0594426437406575,34.12001820320177,3.225659560170621,-0.40386764130918384,5.526039111659804,0.0,28.59605337920757,34.12006998255887,5.540777683258057,28.57929229930081,86.17368798981869,94.18,8.006312010181318,3.406698703765869,False,0.0,0.0,True,False,False,2508.536311561722,22.50277667902592
3255.423999999999,32.4,True,False,BLACKOUT,-2.8687626692795436,741.8381149613011,37.71657821657249,-1.428081848818248,413.8341313902291,0.0,328.00714748267075,330.16848588574493,-0.2284362816769248,34.73588417786191,3.06882986871255,-0.3909183061506234,5.348855982245842,0.0,29.38747737690683,34.73663531133411,5.36312198638916,29.373513324944952,85.82188780680956,94.18,8.358112193190436,3.34677791595459,False,0.0,0.0,True,False,False,2549.333963597513,22.921686899576763
3255.523000000001,32.5,True,False,BLACKOUT,-2.8978428199229835,745.3448611950271,38.01057631793558,-1.428081848818248,413.8341313902291,0.0,331.5139878994881,333.68597226291,-0.3531667311918782,35.39904049665624,2.8111321585491673,-0.3777163246044816,5.168215943497258,0.0,30.230834521170877,35.40080217768983,5.182000160217285,30.218802017472548,85.381550913652,94.18,8.798449086348,3.351486921310425,False,0.0,0.0,True,False,False,2590.817835167917,23.350414471004164
3255.623000000007,32.6,True,False,BLACKOUT,-2.9398443168029034,748.9215002408902,38.27919163176592,-1.428081848818248,413.8341313902291,0.0,335.0907790271445,337.2701094093576,-0.48686320640651426,36.13374042060405,2.561174118057553,-0.3677961741017564,5.0324805340103556,0.0,31.101487801898223,36.13702025022743,5.045902729034424,31.091117521193006,84.9438511521359,94.18,9.236148847864115,3.1699624061584473,False,0.0,0.0,True,False,False,2633.019481214468,23.818711978561637
3255.7230000000127,32.7,True,False,BLACKOUT,-2.9956793151374566,752.572040251279,38.51919906517636,-1.428081848818248,413.8341313902291,0.0,338.74153607341003,340.92456197522057,-0.6298367602845538,36.877059787172875,2.23897455015125,-0.3507905245520733,4.79979567659989,0.0,32.07847782581228,36.88243800091486,4.812597274780273,32.069840726134586,84.50837034145977,94.18,9.671629658540212,3.2310526371002197,False,0.0,0.0,True,False,False,2675.963053213669,24.281818511612876
3255.823000000004,32.8,True,False,BLACKOUT,-3.063184108253558,756.297825505711,38.72308042242801,-1.428081848818248,413.8341313902291,0.0,342.4675975134307,344.6498691484199,-0.7202591020374671,37.63864530146746,1.838652594881843,-0.3385520679965121,4.632339355085373,0.0,33.008513030520085,37.64553616703774,4.6446943283081055,33.000841838729635,83.92748975164211,94.18,10.252510248357908,3.2839443683624268,False,0.0,0.0,True,False,False,2719.6651294259614,24.748676800878965
3255.92300000001,32.9,True,False,BLACKOUT,-3.140128168737715,760.1033543557455,38.885449128413406,-1.428081848818248,413.8341313902291,0.0,346.27345534381357,348.4499734964296,-0.8186221076456803,38.47193169922412,1.408721524825977,-0.3248058314244883,4.444252385084776,0.0,34.03126230424854,38.480640208095444,4.456105709075928,34.024534499019516,82.99341427169387,94.18,11.186585728306113,2.881758213043213,False,0.0,0.0,True,False,False,2764.154478036688,25.248500625188285
3256.024000000005,33.0,True,False,BLACKOUT,-3.22844283162484,763.9950574976014,39.008619558886735,-1.428081848818248,413.8341313902291,0.0,350.1655543768419,352.3316447211788,-0.9476711500968129,39.362131137890984,1.0546870846405536,-0.3143392014676508,4.301039607945063,0.0,35.06681121271793,39.37353741188684,4.312510967254639,35.061026444632205,81.82072812781612,94.18,12.359271872183854,2.4971015453338623,False,[-21.58050982],30.210769598312623,True,False,False,2809.467244528469,25.799023252697744
3256.123000000007,33.1,True,False,BLACKOUT,-3.3281055193863556,767.9728429955242,39.09002215371941,-1.428081848818248,413.8341313902291,0.0,354.14380856850664,356.29463506960826,-1.0455826051334993,40.193578820564014,0.5733648120130606,-0.29697680924055203,4.063473512756281,0.0,36.13785992820993,40.20717624242033,4.074311256408691,36.13286498601164,80.71028163339004,94.18,13.469718366609925,1.7002031803131104,False,0.0,0.0,True,False,False,2855.617208281203,26.304225427527257
3256.224000000002,33.2,True,False,BLACKOUT,-3.4361220828965204,772.0338782288368,39.12281415822399,-1.428081848818248,413.8341313902291,0.0,358.2053752539516,360.3355178836569,-1.1147486650697953,41.02712584568793,0.08247527807856059,-0.28482845940665885,3.897250103258549,0.0,37.13914969672856,41.04226747810346,3.907644510269165,37.1346229678343,79.43533559465656,94.18,14.744664405343428,1.0508215427398682,False,0.0,0.0,True,False,False,2902.6087217026025,26.819262992852067
3256.324000000008,33.3,True,False,BLACKOUT,-3.55164372121231,776.1784979839824,39.109108565869064,-1.428081848818248,413.8341313902291,0.0,362.3505892326576,364.455034112675,-1.1956841012460029,41.86526925722391,-0.35658712517700264,-0.27038811433508986,3.6996657872864156,0.0,38.17681837041817,41.88234031724863,3.709533214569092,38.172807102679535,77.99295586275326,94.18,16.187044137246687,1.0323539972305298,False,0.0,0.0,True,False,False,2950.4601752101953,27.35706881762519
3256.42300000001,33.4,True,False,BLACKOUT,-3.677236070658694,780.4080613081826,39.05334489762306,-1.428081848818248,413.8341313902291,0.0,366.58082981820843,368.65521634434936,-1.3161628876816776,42.72599722677931,-0.7586862397429718,-0.2550388991696897,3.489645585959248,0.0,39.25069775432125,42.746264442283895,3.498952865600586,39.24731157668331,76.39937739820083,94.18,17.780622601799223,0.9139151573181152,False,0.0,0.0,True,False,False,2999.192640216921,27.921571532310782
3256.5290000000095,33.5,True,False,BLACKOUT,-3.8154959892832867,784.7260232488675,38.94811237102881,-1.428081848818248,413.8341313902291,0.0,370.89957561684804,372.9389368918513,-1.4490354848101712,43.63324158691905,-1.34596429214203,-0.24490494288168357,3.350984715229818,0.0,40.30024998729858,43.657295784538476,3.359922170639038,40.29737361389944,75.05072706391176,94.18,19.129272936088228,0.7752586603164673,False,0.0,0.0,True,False,False,3048.829127215973,28.471453083748315
3256.623000000007,33.6,True,False,BLACKOUT,-3.966449559743265,789.1335358214596,38.780185919476686,-1.428081848818248,413.8341313902291,0.0,375.30798856015866,377.30622721739087,-1.570035924389391,44.51700986492592,-2.012564738900452,-0.2285358621294352,3.127009899704568,0.0,41.41173408030708,44.544687451117944,3.135349988937378,41.40933746218057,73.69300277212295,94.18,20.486997227877055,0.744844913482666,False,0.0,0.0,True,False,False,3099.3826644499495,28.999014096573607
3256.7230000000127,33.7,True,False,BLACKOUT,-4.123412422883797,793.6305181551356,38.542042419431056,-1.428081848818248,413.8341313902291,0.0,379.80595072560664,381.75653136579496,-1.5692213384212512,45.422636808593595,-2.7503052620121693,-0.21532008217692802,2.94618106015727,0.0,42.49802750199742,45.44973476550065,2.9540388584136963,42.495695907086954,72.56711749196643,94.18,21.61288250803358,0.7630312442779541,False,0.0,0.0,True,False,False,3150.8706374074536,29.538042538570664
3256.823000000004,33.8,True,False,BLACKOUT,-4.280657211586106,798.2186774787087,38.23351108726419,-1.428081848818248,413.8341313902291,0.0,384.39513063753395,386.2918816489763,-1.575674435624917,46.3405496628688,-3.4203213813250186,-0.20176314792296196,2.7606842754216383,0.0,43.6015171687235,46.36733001784653,2.768047332763672,43.599282685082855,71.23377950559943,94.18,22.946220494400563,0.7363430261611938,False,0.0,0.0,True,False,False,3203.3213955415335,30.109747233999432
3256.923999999999,33.9,True,False,BLACKOUT,-4.4409751902286665,802.8981521008875,37.86157358610584,-1.428081848818248,413.8341313902291,0.0,389.07568638740497,390.9135307101129,-1.6306851372262932,47.24894278070749,-4.018428641841938,-0.19019851933769102,2.6024478055057383,0.0,44.669727056106254,47.27707402019863,2.609388828277588,44.667685191921045,69.99559940312248,94.18,24.184400596877538,0.6217442750930786,False,0.0,0.0,True,False,False,3256.7545305349972,30.701089154702466
3257.024000000005,34.0,True,False,BLACKOUT,-4.608560530402267,807.6741973181305,37.42901263885787,-1.428081848818248,413.8341313902291,0.0,393.85290779012627,395.62740547370765,-1.7210216662457107,48.27196156415093,-4.63279030311741,-0.17861548708448444,2.443959521930094,0.0,45.853950625909114,48.30263128263875,2.4504778385162354,45.852153444122514,68.17767904214993,94.18,26.00232095785009,0.6738054156303406,False,[-18.41577472],26.22355524958511,True,False,False,3311.2070571223776,31.35892304972262
3257.1240000000107,34.1,True,False,BLACKOUT,-4.783944986488641,812.5542895535649,36.927144577430944,-1.428081848818248,413.8341313902291,0.0,398.7342803712697,400.44055782330133,-1.7866674554817878,49.32988314453776,-5.404570925421124,-0.16722438127951342,2.288097329060983,0.0,47.069652734854266,49.36222798507203,2.2941999435424805,47.06802804152955,65.9229364827552,94.18,28.257063517244774,0.6307419538497925,False,0.0,0.0,True,False,False,3366.721830397896,32.007043876146994
3257.224000000002,34.2,True,False,BLACKOUT,-4.965408635197691,817.5356023989686,36.34410648975277,-1.428081848818248,413.8341313902291,0.0,403.71696815394546,405.3495830168724,-1.8426055186992132,50.2963737635388,-6.256190828142383,-0.1552509792502551,2.1242676949293027,0.0,48.20164902186608,50.330114333857175,2.1299333572387695,48.200180976618405,63.2116528527568,94.18,30.968347147243207,0.695946991443634,False,0.0,0.0,True,False,False,3423.2990004502,32.59117190224215
3257.324000000008,34.3,True,False,BLACKOUT,-5.1568071702205325,822.6144380917946,35.67595459121682,-1.428081848818248,413.8341313902291,0.0,408.7973122949176,410.3510890390605,-1.9853651817576072,51.28034009297949,-7.106847142576567,-0.14497023676657517,1.9835983784236377,0.0,49.33108347913291,51.3187583146414,1.9888888597488403,49.32986945489256,60.697452091296704,94.18,33.48254790870328,0.5628498196601868,False,0.0,0.0,True,False,False,3480.9343228156376,33.18944095459412
3257.423999999999,34.4,True,False,BLACKOUT,-5.363067064987187,827.7927346735623,34.928602849371046,-1.428081848818248,413.8341313902291,0.0,413.9773053452804,415.4482117399816,-2.139832713575486,52.28559154237641,-7.8401876943388675,-0.13509120342941724,1.8484255667827751,0.0,50.476991790043144,52.32936046788945,1.8533555269241333,50.47600494096532,57.93965266220847,94.18,36.24034733779149,0.4789171814918518,False,0.0,0.0,True,False,False,3539.654212636969,33.84338627775425
3257.524000000005,34.5,True,False,BLACKOUT,-5.584179777215848,833.0691754425822,34.10767113226779,-1.428081848818248,413.8341313902291,0.0,419.25564434073965,420.64073571354896,-2.282421530997733,53.24322383802081,-8.5784466477263,-0.1234611888190208,1.6892944331324193,0.0,51.5991157564092,53.29212261404822,1.6937999725341797,51.59832264151404,55.19108462782258,94.18,38.988915372177416,0.468014121055603,False,0.0,0.0,True,False,False,3599.4766780453583,34.4788761947266
3257.6240000000107,34.6,True,False,BLACKOUT,-5.8196128174892054,838.4397926855912,33.20961076921566,-1.428081848818248,413.8341313902291,0.0,424.6283706352186,425.9250302526999,-2.426239274469419,54.16912102216066,-9.382760613316435,-0.11438880614717888,1.5651588591160737,0.0,52.65473851268192,54.223429523873406,1.5693333148956299,52.654096208977776,52.75890657208825,94.18,41.421093427911785,0.5231157541275024,False,0.0,0.0,True,False,False,3660.4008840589736,35.08522078522829
3257.7230000000127,34.7,True,False,BLACKOUT,-6.069652925202539,843.9031929447251,32.22987018878114,-1.428081848818248,413.8341313902291,0.0,430.0941081768291,431.30001903641005,-2.5745628797972553,55.098884160515816,-10.212050995373955,-0.10507892231590095,1.4377736048533645,0.0,53.71790331987359,55.15900116713473,1.4416083097457886,53.717392857388944,51.03981882581136,94.18,43.140181174188626,0.6038532853126526,False,0.0,0.0,True,False,False,3722.4349826649236,35.69583475136362
3257.824000000008,34.8,True,False,BLACKOUT,-6.337064214590295,849.4620853411458,31.16679517597404,-1.428081848818248,413.8341313902291,0.0,435.6556121196299,436.7690253358983,-2.7736629079578488,56.07896376789696,-11.049449260768,-0.09211684014088083,1.2604160605957557,0.0,54.88409480032883,56.14751448824855,1.263777732849121,54.883736755399426,49.59504309810414,94.18,44.58495690189585,0.6377580761909485,False,0.0,0.0,True,False,False,3785.6057442372257,36.3426273627001
3257.923999999999,34.9,True,False,BLACKOUT,-6.623437235130369,855.115759301704,30.023711710833908,-1.428081848818248,413.8341313902291,0.0,441.312210175281,442.33232994512923,-2.953797502843645,56.994515443267005,-11.81222004203466,-0.08388107709125298,1.147727783369394,0.0,55.92048025741996,57.071005863753676,1.1507889032363892,55.92021696051729,47.8723319467636,94.18,46.3076680532364,0.6989513635635376,False,0.0,0.0,True,False,False,3849.930734178021,36.98229478521168
3258.027000000002,35.0,True,False,BLACKOUT,-6.9265602113936104,860.8648479750625,28.801491022196878,-1.428081848818248,413.8341313902291,0.0,447.06453095124124,447.99131768345137,-3.1086620224211745,57.98725802390243,-12.632193730705964,-0.07245231675606514,0.991350371192208,0.0,57.07672081096677,58.07052499074104,0.993994414806366,57.076530575934676,47.30860413677879,94.18,46.87139586322121,0.8259810209274292,False,[-20.61987704],34.325257700861236,True,False,False,3915.436084766243,37.66703805641386
3258.123000000007,35.1,True,False,BLACKOUT,-7.243621539650155,866.7138315930378,27.49488391493026,-1.428081848818248,413.8341313902291,0.0,452.9170380518727,453.75082589365826,-3.232564542709722,58.99241433560304,-13.499948414626408,-0.0642086552483856,0.8785540209645679,0.0,58.200165289274935,59.08091419964866,0.8808972239494324,58.20001697569923,46.78609418820766,94.18,47.39390581179231,1.5135983228683472,False,0.0,0.0,True,False,False,3982.161547287118,38.35908196222281
3258.2230000000127,35.2,True,False,BLACKOUT,-7.5736018698859935,872.6614914997231,26.10205039209623,-1.428081848818248,413.8341313902291,0.0,458.8685147200411,459.6103032309525,-3.3670420620070396,59.960783798102824,-14.356722042054091,-0.05141665059666041,0.7035236130001653,0.0,59.34994740110342,60.05524594846111,0.7053999900817871,59.349845958379326,46.29598961502564,94.18,47.88401038497432,2.314300060272217,False,0.0,0.0,True,False,False,4050.1215538480515,39.04028951127149
3258.323000000004,35.3,True,False,BLACKOUT,-7.916831607846881,878.7056294312227,24.6225552753947,-1.428081848818248,413.8341313902291,0.0,464.91678133222166,465.5683449211326,-3.4975526972107143,60.921974831891845,-15.233180291976543,-0.047746839299705,0.6533103285348683,0.0,60.367317991405564,61.02229012653843,0.6550527811050415,60.36723734543339,46.35362092241757,94.18,47.82637907758243,2.4351894855499268,False,0.0,0.0,True,False,False,4119.3255805834615,39.72165162311849
3258.42300000001,35.4,True,False,BLACKOUT,-8.27290826480608,884.8452131422555,23.05659078899297,-1.428081848818248,413.8341313902291,0.0,471.0608143136925,471.62474188775354,-3.6239804419732655,61.869699388761084,-16.086109436058045,-0.03812919800252563,0.5217140912184938,0.0,61.4526942388321,61.97574474501673,0.5231055617332458,61.45263918328349,46.262725914314196,94.18,47.91727408568579,3.6358802318573,False,0.0,0.0,True,False,False,4189.790177967403,40.411917037604745
3258.523000000001,35.5,True,False,BLACKOUT,-8.640591642847287,891.0798492062614,21.405001162609217,-1.428081848818248,413.8341313902291,0.0,477.3002152432669,477.77993840892924,-3.729687118850868,62.823021891356916,-16.945683091617013,-0.03344256884607251,0.45758789399097605,0.0,62.474871600134136,62.9336368372783,0.4588083326816559,62.474828504596644,46.2046941630399,94.18,47.97530583696005,3.6932947635650635,False,0.0,0.0,True,False,False,4261.5368905949845,41.11574659155272
3258.6240000000107,35.6,True,False,BLACKOUT,-9.020769082937656,897.4097248287168,19.671036113785938,-1.428081848818248,413.8341313902291,0.0,483.63519668115623,484.0350742772785,-3.8738616829565253,63.77449055774814,-17.733617884848528,-0.02842550565507059,0.3889404348153085,0.0,63.502089286735504,63.892037455687586,0.3899777829647064,63.50205967272288,46.45672163690721,94.18,47.72327836309279,4.035486698150635,False,0.0,0.0,True,False,False,4334.591122267251,41.849621007736694
3258.7230000000127,35.7,True,False,BLACKOUT,-9.414391864650868,903.836083158168,17.855499640074783,-1.428081848818248,413.8341313902291,0.0,490.06702999085593,490.392202988032,-3.9985939513077065,64.75267603127665,-18.577111589374596,-0.023263472305504646,0.31830937833124695,0.0,64.55688079812629,64.87601873418949,0.3191583454608917,64.5568603887286,46.33536634984616,94.18,47.84463365015381,4.146852016448975,False,0.0,0.0,True,False,False,4408.981743024392,42.59822945638888
3258.824000000008,35.8,True,False,BLACKOUT,-9.821276698637545,910.357193140973,15.954054416438506,-1.428081848818248,413.8341313902291,0.0,496.5939957048615,496.8502072279358,-4.139102728425857,65.66952362482245,-19.45179288335094,-0.02239992710915666,0.30649366436556263,0.0,65.49254100709449,65.79983666018919,0.30731111764907837,65.49252554254011,46.56862342604515,94.18,47.61137657395483,3.9934515953063965,False,0.0,0.0,True,False,False,4484.717338820714,43.30203433458713
3258.923999999999,35.9,True,False,BLACKOUT,-10.24172907908271,916.9708046276036,13.967605315379226,-1.428081848818248,413.8341313902291,0.0,503.21386341581655,503.40767408941855,-4.269944880477434,66.60270610779062,-20.27718913783467,-0.023182280675102935,0.31719844970204336,0.0,66.42140858239607,66.73944028955476,0.3180444538593292,66.42139583569544,46.51507008024173,94.18,47.664929919758265,3.942126512527466,False,0.0,0.0,True,False,False,4561.808927507574,44.04480435077885
3259.024000000005,36.0,True,False,BLACKOUT,-10.676841133598456,923.6804441654826,11.899585718107684,-1.428081848818248,413.8341313902291,0.0,509.93019345674116,510.069017231092,-4.432296209837493,67.59008464978902,-21.083202807596184,-0.025375460467697834,0.34720728446160537,0.0,67.38713161175276,67.73525516787683,0.3481333255767822,67.38712184230005,46.77824168576156,94.18,47.40175831423841,3.701552629470825,False,[-27.57600198],59.05509271580726,True,False,False,4640.3017403811755,44.84531623609335
3259.1240000000107,36.1,True,False,BLACKOUT,-11.125534262934476,930.4869341112428,9.751758587767378,-1.428081848818248,413.8341313902291,0.0,516.7438041648905,516.8358113930931,-4.541566376882905,68.53971426541486,-21.87333979920992,-0.027165317099927925,0.37169753013195655,0.0,68.31733544679842,68.69001569908356,0.372688889503479,68.31732680958008,47.67478375490947,94.18,46.50521624509054,3.7400176525115967,False,0.0,0.0,True,False,False,4720.227992179761,45.636115883991735
3259.2260000000097,36.2,True,False,BLACKOUT,-11.585154748180676,937.3884754379025,7.52469035901648,-1.428081848818248,413.8341313902291,0.0,523.6528595368046,523.7069202006705,-4.650843328041083,69.49111226777696,-22.66802477580804,-0.02823599045227986,0.38634733669167354,0.0,69.25920180581123,69.64657226220659,0.3873777687549591,69.25919449345163,48.81846130470884,94.18,45.36153869529113,3.6063151359558105,False,0.0,0.0,True,False,False,4801.606029957892,46.438780301017395
3259.324000000008,36.3,True,False,BLACKOUT,-12.054009381976925,944.3861218082355,5.22025360848351,-1.428081848818248,413.8341313902291,0.0,530.6583881108903,530.6840641287292,-4.7262493478839005,70.46181513888305,-23.42071023485136,-0.03221254909880172,0.44075778299347546,0.0,70.17821923292958,70.62014461585662,0.4419333338737488,70.17821128198287,50.05149473544588,94.18,44.12850526455412,3.474120855331421,False,0.0,0.0,True,False,False,4884.4713310876205,47.28374941054597
3259.423999999999,36.4,True,False,BLACKOUT,-12.531521913757881,951.4809065995632,2.8369675426486554,-1.428081848818248,413.8341313902291,0.0,537.761416684269,537.7688998623014,-4.8240012877351965,71.43388068767024,-24.245011081845742,-0.03607005304455847,0.4935392279454237,0.0,71.1017322709544,71.59658021528946,0.4948555529117584,71.1017246623777,51.12458423455746,94.18,43.05541576544255,3.7047789096832275,False,0.0,0.0,True,False,False,4968.854369274916,48.118223788993255
3259.523000000001,36.5,True,False,BLACKOUT,-13.016282487155381,958.6716260215734,0.37291300039314795,-1.428081848818248,413.8341313902291,0.0,544.9607159696875,544.960843560618,-4.871210180214797,72.38050775253258,-25.0360797632644,-0.049051774922341376,0.6711654982768933,0.0,71.87129453560519,72.54423885557182,0.6729555726051331,71.87128328296669,52.3924865556182,94.18,41.78751344438183,3.731619119644165,False,0.0,0.0,True,False,False,5054.773136446366,48.95703533720315
3259.623000000007,36.6,True,False,BLACKOUT,-13.50839001444977,965.9568025346332,-2.167616705216121,-25.841416137224137,426.1857999514492,0.0,539.9118805536702,539.9162317667264,-4.970940365672987,73.32302250866465,-25.774514348920967,-0.8061546180404165,0.08188619995657893,0.0,73.35945397911873,73.49133199177452,0.8103027939796448,72.68102919779487,53.684099937662054,174.2,120.51590006233792,3.737636089324951,False,0.0,0.0,True,False,False,5142.250715940207,49.81988575665013
3259.7230000000127,36.7,True,False,BLACKOUT,-14.008016532644605,973.3380709242648,-4.7861205677437315,-25.841416137224137,426.1857999514492,0.0,547.2802179659988,547.3011455560824,-5.021589998223716,74.30234528396713,-26.595562901631233,-0.9707023412108897,0.09860034816141082,0.0,74.31423452682435,74.4718395154043,0.9756972193717957,73.4961422960325,54.38078430644535,174.2,119.81921569355467,3.7185940742492676,False,0.0,0.0,True,False,False,5231.321473459002,50.70094771920365
3259.823000000004,36.8,True,False,BLACKOUT,-14.514909520436085,980.816420826222,-7.485274856897726,-25.841416137224137,426.1857999514492,0.0,554.7462621452046,554.7967598172861,-5.1162697576058624,75.26465275517893,-27.38752288144863,-1.1618687254859592,0.11801832136086439,0.0,75.25060766699976,75.43834681771769,1.1678472757339478,74.27049954198374,54.736413018499185,174.2,119.46358698150078,3.5878255367279053,False,0.0,0.0,True,False,False,5322.015161877535,51.58832684355625
3259.92300000001,36.9,True,False,BLACKOUT,-15.031829916394107,988.3916973705738,-10.26196984954794,-25.841416137224137,426.1857999514492,0.0,562.3098062875204,562.4034372870616,-5.222138161554589,76.24087813185552,-28.146376971555654,-1.377810267660083,0.13995286332799334,0.0,76.1979637764802,76.41951468895108,1.3848999738693237,75.03461471508176,55.50639126138592,174.2,118.69360873861407,3.536742925643921,False,0.0,0.0,True,False,False,5414.35968493856,52.511279266431565
3260.024000000005,37.0,True,False,BLACKOUT,-15.558344472072557,996.06255539102,-13.11481347240362,-25.841416137224137,426.1857999514492,0.0,569.9695237056128,570.1203875372455,-5.308152952014427,77.17628227707104,-28.910495485557927,-1.5442537962050151,0.15685958042035333,0.0,77.1113377486116,77.35861318477814,1.5521999597549438,75.80641322502319,55.95282319202578,174.2,118.24717680797423,3.593022346496582,False,[-40.606106],121.07080193988553,True,False,False,5508.377202799993,53.410671543355726
3260.1240000000107,37.1,True,False,BLACKOUT,-16.095302011597962,1003.8293022712639,-16.045023895623306,-25.841416137224137,426.1857999514492,0.0,577.7257156409532,577.9484798013251,-5.430997838493616,78.15865532780691,-29.693712978835745,-1.8068360643585677,0.18353171456670372,0.0,78.05930086200614,78.34711953972936,1.8161333799362183,76.53098615979314,56.974203293655734,174.2,117.22579670634425,3.618900775909424,False,0.0,0.0,True,False,False,5604.095360588313,54.35712675492499
3260.2230000000127,37.2,True,False,BLACKOUT,-16.641627269369934,1011.6934842583508,-19.054507674891628,-25.841416137224137,426.1857999514492,0.0,585.5799556829481,585.8898862076184,-5.495507316945849,79.12498441393167,-30.495962606530757,-2.0157277248389813,0.20475015566543522,0.0,78.996912859866,79.31559593910605,2.026099920272827,77.28949601883322,57.851464574529956,174.2,116.34853542547006,3.347778081893921,False,0.0,0.0,True,False,False,5701.551754744346,55.298141772804776
3260.324000000008,37.3,True,False,BLACKOUT,-17.195827899711944,1019.6552426964134,-22.14403086331185,-25.841416137224137,426.1857999514492,0.0,593.532413325499,593.9453541958774,-5.588505289894375,80.11018434731953,-31.294501161873697,-2.20128419745187,0.223598294818382,0.0,79.95836352660525,80.30487549045013,2.212611198425293,78.09226429202484,58.327704877079924,174.2,115.87229512292006,3.309274673461914,False,0.0,0.0,True,False,False,5800.777478352041,56.27051036751286
3260.423999999999,37.4,True,False,BLACKOUT,-17.75890247528093,1027.7135495627347,-25.313348265158172,-25.841416137224137,426.1857999514492,0.0,601.5820480861383,602.1143796488388,-5.67298622148533,81.05595297910808,-32.09184687505272,-2.328507266458311,0.23652114291056867,0.0,80.88860304027011,81.25423241912105,2.340488910675049,78.913743508446,58.78934032871242,174.2,115.41065967128756,3.351731777191162,False,0.0,0.0,True,False,False,5901.7943805893765,57.219816463083696
3260.523000000001,37.5,True,False,BLACKOUT,-18.331161886812094,1035.8675027407821,-28.56104862796716,-25.841416137224137,426.1857999514492,0.0,609.7279578918834,610.3965236907362,-5.772202009137901,82.0231105818404,-32.862160381127076,-2.5231168768537415,0.25628886626499003,0.0,81.83134905195882,82.22596296520409,2.536099910736084,79.689863054468,59.02876136562725,174.2,115.17123863437274,3.3893327713012695,False,0.0,0.0,True,False,False,6004.627974396438,58.21165689860873
3260.623000000007,37.6,True,False,BLACKOUT,-18.91158924276135,1044.1153094040242,-31.88579501159222,-25.841416137224137,426.1857999514492,0.0,617.9683658190661,618.7904371244019,-5.836345109847264,82.93302268300084,-33.63276729137406,-2.70010907685478,0.2742670783296553,0.0,82.71823169391014,83.13813310136553,2.714002847671509,80.42413025369402,59.19246844420513,174.2,115.00753155579486,3.256735324859619,False,0.0,0.0,True,False,False,6109.299158274379,59.162148081479835
3260.7230000000127,37.7,True,False,BLACKOUT,-19.49816556901244,1052.4535743293393,-35.28620218090575,-25.841416137224137,426.1857999514492,0.0,626.2998978540608,627.2931357159575,-5.8951814151745126,83.83227582330052,-34.3753760948965,-2.7843836446498655,0.28282737675788644,0.0,83.60734057779008,84.03929815051858,2.798711061477661,81.24058708904091,59.32741164240625,174.2,114.87258835759371,3.411273956298828,False,0.0,0.0,True,False,False,6215.818432205524,60.124237023047314
3260.823000000004,37.8,True,False,BLACKOUT,-20.09215946444772,1060.887058911029,-38.76181229225159,-25.841416137224137,426.1857999514492,0.0,634.7272974098129,635.9097578818435,-5.984696493531092,84.8374158104924,-35.13682613202033,-2.907646692295457,0.2953479805488805,0.0,84.59804648124008,85.04824344759902,2.9226083755493164,82.1256350720497,59.43033461221724,174.2,114.76966538778277,3.35819673538208,False,0.0,0.0,True,False,False,6324.249861117181,61.197746503780465
3260.92300000001,37.9,True,False,BLACKOUT,-20.693214017291528,1069.4172119874686,-42.31189055140566,-25.841416137224137,426.1857999514492,0.0,643.2520139221633,644.6421096212634,-6.036394563345016,85.76564571829671,-35.86473905106097,-3.0246944395685813,0.30723725715064726,0.0,85.51146071929561,85.97781135153865,3.0402584075927734,82.93755294394587,59.51626322066144,174.2,114.68373677933855,3.2936289310455322,False,0.0,0.0,True,False,False,6434.637554989973,62.22059391535191
3261.024000000005,38.0,True,False,BLACKOUT,-21.29885454316875,1078.0400355731006,-45.93782099132142,-25.841416137224137,426.1857999514492,0.0,651.8700632516599,653.4866966979158,-6.076415954199448,86.69082599433914,-36.653869747254284,-3.1006231941512383,0.3149498187871766,0.0,86.42712148188808,86.90352203696486,3.1165778636932373,83.78694417327162,59.67820900763985,174.2,114.52179099236014,2.9126577377319336,False,[-53.05893776],196.30992497321677,True,False,False,6546.984626687367,63.2320296703515
3261.1240000000107,38.1,True,False,BLACKOUT,-21.912405833575768,1086.7615432678606,-49.64024732922774,-25.841416137224137,426.1857999514492,0.0,660.5874278095183,662.4499256056283,-6.194609853940909,87.739327900858,-37.39465701087209,-3.224563205017187,0.3275391859944991,0.0,87.46223175421905,87.95773332536953,3.2411556243896484,84.71657770097988,59.54328289698634,174.2,114.65671710301365,3.1317193508148193,False,0.0,0.0,True,False,False,6661.36379189505,64.40098741210676
3261.224000000002,38.2,True,False,BLACKOUT,-22.537638927116788,1095.5843463530387,-53.41924746662428,-25.841416137224137,426.1857999514492,0.0,669.4066991511326,671.5347681753458,-6.310052016879506,88.71673380270092,-38.18534573705874,-3.283238885402533,0.333499244262604,0.0,88.43504819213254,88.94085457805664,3.300133228302002,85.64072134975464,59.85742868850929,174.2,114.34257131149067,3.5310516357421875,False,0.0,0.0,True,False,False,6777.824647810688,65.49439963351337
3261.324000000008,38.3,True,False,BLACKOUT,-23.172443167156217,1104.503788171798,-57.27868624915112,-25.841416137224137,426.1857999514492,0.0,678.3232389945197,680.7372947462516,-6.386032783909075,89.67210257248995,-39.00342991347805,-3.3889836714365313,0.3442404079299336,0.0,89.378125188847,89.89920686239851,3.4064221382141113,86.4927847241844,59.93749022996884,174.2,114.26250977003116,3.688452959060669,False,0.0,0.0,True,False,False,6896.361432017287,66.56946391272884
3261.42300000001,38.4,True,False,BLACKOUT,-23.815369499694985,1113.5218589323208,-61.21978134769009,-25.841416137224137,426.1857999514492,0.0,687.3390450427894,690.0600151208536,-6.47249386686631,90.68931263796316,-39.81847205730124,-3.542178740377457,0.3598013955704331,0.0,90.37702887365839,90.9199901210006,3.5604054927825928,87.359584628218,59.4413684350155,174.2,114.75863156498446,3.98857045173645,False,0.0,0.0,True,False,False,7017.0236384071995,67.72682623892159
3261.524000000005,38.5,True,False,BLACKOUT,-24.46686560653023,1122.6382052900465,-65.23900154907498,-25.841416137224137,426.1857999514492,0.0,696.453761775381,699.5026587613513,-6.557428269838612,91.63761451655094,-40.5659319703967,-3.6415286671189424,0.36989299311855617,0.0,91.31428947635712,91.87193401577038,3.660266637802124,88.21166737796825,58.95129456948433,174.2,115.24870543051566,4.4448699951171875,False,0.0,0.0,True,False,False,7139.8487565877385,68.84812031660037
3261.623000000007,38.6,True,False,BLACKOUT,-25.126836248596916,1131.8509631451948,-69.33730008311582,-25.841416137224137,426.1857999514492,0.0,705.66552499727,709.0638154302396,-6.641984571495129,92.6175425864166,-41.400038710419835,-3.770495616152036,0.3829929780842,0.0,92.27923704860476,92.85539916340177,3.7898972034454346,89.06550195995634,58.560311630325245,174.2,115.63968836967473,4.2813239097595215,False,0.0,0.0,True,False,False,7264.855167739541,69.98773808746131
3261.7230000000127,38.7,True,False,BLACKOUT,-25.797713799025704,1141.161142985558,-73.5196884468126,-25.841416137224137,426.1857999514492,0.0,714.9753443697452,718.745356608272,-6.7755664370806485,93.58605422084659,-42.247728563515714,-3.8456091210541157,0.39062272967801004,0.0,93.24147736227067,93.8310068429969,3.8653972148895264,89.96560962810737,57.830031802977146,174.2,116.36996819702281,4.515609264373779,False,0.0,0.0,True,False,False,7392.074364285063,71.12500384126922
3261.823000000004,38.8,True,False,BLACKOUT,-26.47899621350837,1150.5670801626252,-77.7858446535048,-25.841416137224137,426.1857999514492,0.0,724.3815608011678,728.5460062735881,-6.850081852572646,94.53268932050109,-43.075395570328276,-3.948377546019774,0.4010615656130027,0.0,94.17634114610465,94.78055165250584,3.9686944484710693,90.81185720403477,57.41545072041058,174.2,116.78454927958938,4.881077766418457,False,0.0,0.0,True,False,False,7521.528944427524,72.25938923362237
3261.923999999999,38.9,True,False,BLACKOUT,-27.16652010597593,1160.0680274661388,-82.13390838948314,-25.841416137224137,426.1857999514492,0.0,733.883423823192,738.4652047793334,-6.900395996778591,95.48625674976986,-43.88587914923871,-4.165643127680946,0.42313059860674185,0.0,95.10245436836523,95.73526358137491,4.18707799911499,91.54818558225992,57.02948332951966,174.2,117.17051667048031,4.613976001739502,False,0.0,0.0,True,False,False,7653.256614901411,73.42192994399498
3262.023000000001,39.0,True,False,BLACKOUT,-27.861114501744925,1169.6652839985122,-86.56379087887737,-25.841416137224137,426.1857999514492,0.0,743.4822273466734,748.5045840017899,-6.991491918601282,96.45887389769463,-44.71177063864597,-4.327029356708976,0.4395236139473362,0.0,96.05631155554896,96.7119191871365,4.349294662475586,92.36262452466092,56.0293341736688,174.2,118.1706658263312,4.770827293395996,False,[-58.88248703],229.88731041174714,True,False,False,7787.303642923758,74.6160224568123
3262.1240000000107,39.1,True,False,BLACKOUT,-28.568547797117247,1179.3559943749146,-91.07445368731001,-25.841416137224137,426.1857999514492,0.0,753.1751317024289,758.6615418811033,-7.1571739888451,97.35533363035347,-45.50148553000675,-4.43719029594431,0.4507133540986193,0.0,96.94278592125764,97.61806249759331,4.460022449493408,93.1580400480999,54.82246578669934,174.2,119.37753421330063,5.027834415435791,False,0.0,0.0,True,False,False,7923.675232506935,75.74694370025661
3262.224000000002,39.2,True,False,BLACKOUT,-29.290267793642748,1189.1378059425485,-95.66197705210777,-25.841416137224137,426.1857999514492,0.0,762.9598010534962,768.9335939319523,-7.277225941664914,98.28089772232339,-46.248981765948734,-4.6273671492752575,0.47003081441017225,0.0,97.84675486134999,98.54995116443149,4.651177883148193,93.8987732812833,54.01333925740778,174.2,120.18666074259221,5.742941379547119,False,0.0,0.0,True,False,False,8062.391621174426,76.94162009345337
3262.323000000004,39.3,True,False,BLACKOUT,-30.024261149093803,1199.0135603240471,-100.32585661048381,-25.841416137224137,426.1857999514492,0.0,772.8390798833344,779.3237587162002,-7.402641167356183,99.23418990765087,-47.028609401572176,-4.807103493458606,0.4882877664760653,0.0,98.78000812659964,99.5099168067201,4.831839084625244,94.67807772209486,53.19200678771427,174.2,121.00799321228573,5.825525283813477,False,0.0,0.0,True,False,False,8203.518851302033,78.17298704767684
3262.42300000001,39.4,True,False,BLACKOUT,-30.769712520243605,1208.9838523801388,-105.06965447951384,-25.841416137224137,426.1857999514492,0.0,782.8135659219176,789.833343993423,-7.5063862556398515,100.17165121418252,-47.84734797902847,-4.958673518593411,0.5036836881861982,0.0,99.7005245269731,100.452503909035,4.984189033508301,95.4683148755267,52.79103565081134,174.2,121.40896434918864,6.2387213706970215,False,0.0,0.0,True,False,False,8347.094293777058,79.38582044298407
3262.523000000001,39.5,True,False,BLACKOUT,-31.526026517409772,1219.0497450212013,-109.89380827243022,-25.841416137224137,426.1857999514492,0.0,792.8843233326949,800.4637401427769,-7.619893687683472,101.14620160706471,-48.63572787929913,-5.085081100721229,0.5165237021419667,0.0,100.66159818967469,101.43281953760616,5.1112470626831055,96.32157247492306,52.497636699253086,174.2,121.7023633007469,5.612090587615967,False,0.0,0.0,True,False,False,8493.166067332482,80.67074322031485
3262.623000000007,39.6,True,False,BLACKOUT,-32.293218934181375,1229.2147617003268,-114.7947300564143,-25.841416137224137,426.1857999514492,0.0,803.0548792995477,811.2182007422763,-7.72395464774868,102.15413197544646,-49.382707800382434,-5.274216180238649,0.535735342928462,0.0,101.64792055287182,102.44572297103188,5.301355361938477,97.14436760909341,52.274610153435916,174.2,121.92538984656409,5.80815315246582,False,0.0,0.0,True,False,False,8641.814309174963,82.02899147326796
3262.7230000000127,39.7,True,False,BLACKOUT,-33.07047754152357,1239.4782109275234,-119.77114399348656,-25.841416137224137,426.1857999514492,0.0,813.3245385945653,822.0960600888262,-7.821217499095246,103.11485256848479,-50.145570941063134,-5.4645813688173055,0.5550719336368493,0.0,102.58685265529235,103.4110451711446,5.492700099945068,97.91834507119952,51.637444461383005,174.2,122.56255553861698,5.341639995574951,False,0.0,0.0,True,False,False,8793.076911739026,83.33796310036789
3262.8250000000116,39.8,True,False,BLACKOUT,-33.85535357922368,1249.8343018975904,-124.83013052819535,-25.841416137224137,426.1857999514492,0.0,823.6874880386656,833.0928156208845,-7.876303254906953,104.00696683285665,-51.0341597531127,-5.598898556952844,0.5687153760722565,0.0,103.46331928077322,104.30477123667066,5.627708435058594,98.67706280161207,51.299367496038066,174.2,122.90063250396193,6.276821136474609,False,0.0,0.0,True,False,False,8946.926016183299,84.52549729611597
3262.923999999999,39.9,True,False,BLACKOUT,-34.65502134602747,1260.287316874267,-129.97854359567455,-25.841416137224137,426.1857999514492,0.0,834.1480804807514,844.2140972318426,-8.11705208116879,105.0533327006776,-51.93410159647113,-5.747690992980997,0.5838291605696332,0.0,104.49636855835158,105.36645218478064,5.777266502380371,99.58918568240027,50.04761962451306,174.2,124.15238037548693,5.895013809204102,False,0.0,0.0,True,False,False,9103.420026257809,85.9288712186492
3263.024000000005,40.0,True,False,BLACKOUT,-35.476989325416774,1270.8415787276606,-135.2092110610622,-25.841416137224137,426.1857999514492,0.0,844.7107368151023,855.4634765122752,-8.32230750661745,106.03190436719471,-52.67924771128215,-5.895640901553402,0.5988573642489304,0.0,105.46096961026628,106.35800649677779,5.92597770690918,100.43202878986861,50.67378708369394,174.2,123.52621291630604,4.573060989379883,False,[-66.17645825],270.7015638786049,True,False,False,9262.649191701454,87.31758198154385
3263.1270000000077,40.1,True,False,BLACKOUT,-36.313720606236956,1281.4916850412485,-140.51818476998127,-25.841416137224137,426.1857999514492,0.0,855.3699937630129,866.8351553099282,-8.412318109786243,106.97022190456605,-53.500226467099395,-6.010154424914018,0.6104892237728929,0.0,106.38685598465018,107.30049147274369,6.041080474853516,101.25941099789017,51.64984688328398,174.2,122.55015311671602,4.754709720611572,False,0.0,0.0,True,False,False,9424.61974870598,88.6392193731973
3263.2230000000127,40.2,True,False,BLACKOUT,-37.160216025553645,1292.234492454471,-145.90834098922772,-25.841416137224137,426.1857999514492,0.0,866.1226547187791,878.3266459508866,-8.517590276547436,107.8859263598803,-54.30289791782952,-6.202031039435252,0.6299793395299295,0.0,107.280939527079,108.22163577884346,6.233944416046143,101.98769136279732,50.932336088337856,174.2,123.26766391166214,6.259598731994629,False,0.0,0.0,True,False,False,9589.340852312691,89.9517301066321
3263.326000000001,40.3,True,False,BLACKOUT,-38.020277827404456,1303.0709616351785,-151.3783014287136,-25.841416137224137,426.1857999514492,0.0,876.9697323472279,889.9389313860873,-8.683645760468812,108.84345725427461,-55.09631087188798,-6.267820289189384,0.6366619678245552,0.0,108.23375979273469,109.18930300517727,6.300072193145752,102.88923081203151,49.59314909240778,174.2,124.60685090759219,5.765626907348633,False,0.0,0.0,True,False,False,9756.861182613193,91.34175220900784
3263.42300000001,40.4,True,False,BLACKOUT,-38.89566837313483,1314.000490584828,-156.9285717429404,-25.841416137224137,426.1857999514492,0.0,887.9106590225623,901.6717335234371,-8.824165154138734,109.74712173871487,-55.90909541264754,-6.403900807591263,0.65048452281672,0.0,109.1234802016709,110.10130162990725,6.436852931976318,103.66444869793094,48.665744960712985,174.2,125.53425503928702,5.361617565155029,False,0.0,0.0,True,False,False,9927.212611483861,92.66485455588963
3263.524000000005,40.5,True,False,BLACKOUT,-39.7823029647498,1325.023284172811,-162.55685320292716,-25.841416137224137,426.1857999514492,0.0,898.9455886575809,913.5249870092019,-8.908526678160728,110.70875002094657,-56.65653378708778,-6.542468110296656,0.6645596761469321,0.0,110.06962370149658,111.06659794364793,6.5761332511901855,104.49046469245775,48.44589922186169,174.2,125.75410077813831,4.73414421081543,False,0.0,0.0,True,False,False,10100.450405443036,94.108073188555
3263.6240000000107,40.6,True,False,BLACKOUT,-40.678829100698266,1336.144469663737,-168.2633646966143,-25.841416137224137,426.1857999514492,0.0,910.0796280589985,925.5039110166045,-9.021996040808556,111.714959797577,-57.473696086654925,-6.632493781890193,0.673704150395871,0.0,111.066962580004,112.07867172274398,6.666622161865234,105.41204956087874,47.992099149113855,174.2,126.20790085088615,5.77856969833374,False,0.0,0.0,True,False,False,10276.676630836397,95.60680171795815
3263.7230000000127,40.7,True,False,BLACKOUT,-41.59149787416134,1347.3666090009701,-174.05070604537943,-25.841416137224137,426.1857999514492,0.0,921.3154443706293,937.6117513719339,-9.231379428452982,112.72782694708299,-58.27313088864794,-6.700333845941174,0.6805950928101799,0.0,112.07581522320469,113.10517819429646,6.734811305999756,106.3703668882967,47.61756553340354,174.2,126.58243446659645,4.864974498748779,False,0.0,0.0,True,False,False,10455.951822967647,97.14269730626344
3263.823000000004,40.8,True,False,BLACKOUT,-42.519353078003334,1358.6920628391867,-179.92113555916816,-25.841416137224137,426.1857999514492,0.0,932.6553939722081,949.8514088668583,-9.325724648386865,113.78124981725169,-59.135459387126915,-6.866478742147483,0.6974714759357714,0.0,113.11051593187624,114.16278706388246,6.901811122894287,107.26097594098817,47.16432193135339,174.2,127.0356780686466,4.145602226257324,False,0.0,0.0,True,False,False,10638.34679381433,98.72983246165569
3263.923999999999,40.9,True,False,BLACKOUT,-43.46388527055295,1370.1162227076634,-185.87254247580938,-25.841416137224137,426.1857999514492,0.0,944.0949075294709,962.2181646952534,-9.564919202605504,114.70194755228106,-59.892678945696986,-6.948026006821451,0.7057547450153884,0.0,114.02622551215765,115.1000627786041,6.98377799987793,108.11628477872617,47.429160707279266,174.2,126.77083929272072,3.933825969696045,False,0.0,0.0,True,False,False,10823.859029139794,100.18438565444663
3264.023000000001,41.0,True,False,BLACKOUT,-44.42343007430259,1381.632316003772,-191.9014086305064,-25.841416137224137,426.1857999514492,0.0,955.6271952380172,974.7048204009519,-9.6259768723871,115.61991836989365,-60.68464414824323,-7.024797526057903,0.7135529115636959,0.0,114.93580363331112,116.01993343649445,7.060944557189941,108.95898887930451,48.43926950569858,174.2,125.76073049430141,5.2213897705078125,False,[-73.22776001],306.0323768471896,True,False,False,11012.4659920834,101.63041504889782
3264.1240000000107,41.1,True,False,BLACKOUT,-45.39278377990546,1393.2410103038296,-198.0125678797659,-25.841416137224137,426.1857999514492,0.0,967.2528293297394,987.3130267978463,-9.76109723967022,116.55396763125854,-61.53854083694672,-7.170437125672255,0.7283464426168407,0.0,115.85459008412651,116.96198694409547,7.207333564758301,109.75465337933717,48.454966391484376,174.2,125.74503360851563,7.102715015411377,False,0.0,0.0,True,False,False,11204.21658860928,103.09632777569172
3264.2230000000127,41.2,True,False,BLACKOUT,-46.376346547892744,1404.9460393952459,-204.2053965751595,-25.841416137224137,426.1857999514492,0.0,978.9756328341625,1000.046565752549,-9.910158120075526,117.54661419706231,-62.31803307092562,-7.255861155193287,0.7370234991093773,0.0,116.83974397182268,117.96362889958036,7.293197154998779,110.67043174458158,48.83439681298453,174.2,125.36560318701544,7.572688579559326,False,0.0,0.0,True,False,False,11399.197544646438,104.69817286589465
3264.323000000004,41.3,True,False,BLACKOUT,-47.37492184385899,1416.7478926250296,-210.47771569432263,-25.841416137224137,426.1857999514492,0.0,990.7961199509617,1012.9056323832841,-10.061347799249344,118.49045039861376,-63.12834931233718,-7.325107803650967,0.7440573171574731,0.0,117.77818173586452,118.91685143495774,7.362800121307373,111.55405131365036,48.70480308837017,174.2,125.49519691162979,7.832730293273926,False,0.0,0.0,True,False,False,11597.467026636576,106.23149906671756
3264.42300000001,41.4,True,False,BLACKOUT,-48.38503786986586,1428.638864523241,-216.8284311639634,-25.841416137224137,426.1857999514492,0.0,1002.7065181548394,1025.8825128206577,-10.14097272088807,119.32898756561619,-63.885960080478085,-7.405447255879925,0.7522179011228839,0.0,118.60831928509909,119.75911907308262,7.4435529708862305,112.31556610219639,47.866544277086774,174.2,126.33345572291319,9.128625869750977,False,0.0,0.0,True,False,False,11798.98399052656,107.63278977584628
3264.524000000005,41.5,True,False,BLACKOUT,-49.40856339608972,1440.6174573625285,-223.25763018577655,-25.841416137224137,426.1857999514492,0.0,1014.7053749673894,1038.9759224466559,-10.329537803589158,120.24286922013474,-64.69802035578492,-7.4884120160706615,0.7606451541464319,0.0,119.51599835794175,120.68573631347742,7.526944637298584,113.15879167617884,46.814872702587884,174.2,127.38512729741211,9.316598892211914,False,0.0,0.0,True,False,False,12003.772009868522,109.15160053287687
3264.6240000000107,41.6,True,False,BLACKOUT,-50.44993949748432,1452.68996423713,-229.7691185314144,-25.841416137224137,426.1857999514492,0.0,1026.799093648712,1052.1930557404946,-10.497984224302925,121.20726827189291,-65.5317465569724,-7.565448722721395,0.7684702574499794,0.0,120.47449452739704,121.66104370219882,7.604377746582031,114.0566659556168,46.12963793584239,174.2,128.07036206415756,9.88125991821289,False,0.0,0.0,True,False,False,12211.942394824782,110.7583263979933
3264.7230000000127,41.7,True,False,BLACKOUT,-51.507734816289705,1464.8599118858438,-236.36694516287292,-25.841416137224137,426.1857999514492,0.0,1038.991179326003,1065.538363214984,-10.657922151804724,122.19168470238267,-66.42478607219816,-7.586556976743677,0.7706143557047341,0.0,121.45990946880987,122.65561183655818,7.625594615936279,115.0300172206219,46.699134063896174,174.2,127.50086593610379,10.227898597717285,False,0.0,0.0,True,False,False,12423.582665398055,112.39347958492304
3264.823000000004,41.8,True,False,BLACKOUT,-52.58139839364193,1477.1267048646876,-243.0502597707703,-25.841416137224137,426.1857999514492,0.0,1051.2810339157315,1079.0112330488355,-10.815349395239886,123.1441748744968,-67.24150608574921,-7.690632362937144,0.7811859479200245,0.0,122.40287952322655,123.61820087698156,7.730205535888672,115.88799534109289,47.79131732437864,174.2,126.40868267562132,10.405095100402832,False,0.0,0.0,True,False,False,12638.739171260131,114.02482264929576
3264.92300000001,41.9,True,False,BLACKOUT,-53.674235752723924,1489.487324166556,-249.81179448398962,-25.841416137224137,426.1857999514492,0.0,1063.6657356735332,1092.607308189557,-11.041397786399871,124.06821116286926,-67.98918817863672,-7.753354167573666,0.7875569965019805,0.0,123.3244944142353,124.5585544482266,7.79325008392334,116.76530436430326,49.22754239503772,174.2,124.97245760496224,10.43924617767334,False,0.0,0.0,True,False,False,12857.436238817329,115.65816638256852
3265.024000000005,42.0,True,False,BLACKOUT,-54.777963871553425,1501.9400024565684,-256.6519252097299,-25.841416137224137,426.1857999514492,0.0,1076.143312018528,1106.3248341766841,-11.033164590190074,124.98535463737956,-68.81342633616775,-7.79789711404334,0.7920815040091596,0.0,124.23540577155191,125.47138954640519,7.838022232055664,117.63336731434953,49.55536531486267,174.2,124.6446346851373,11.316506385803223,False,[-76.80781087],310.4718723296109,True,False,False,13079.71057482309,117.25225012820746
3265.123000000007,42.1,True,False,BLACKOUT,-55.87638853522565,1514.4912040762633,-263.5683667653967,-25.841416137224137,426.1857999514492,0.0,1088.7197767167747,1120.169199796889,-10.93532868325444,126.03867775651841,-69.51540477716888,-7.869904273348433,0.7993957245236992,0.0,125.27679190776861,126.51217215755288,7.910399913787842,118.60177224376504,48.473570280274664,174.2,125.7264297197253,11.298482894897461,False,0.0,0.0,True,False,False,13305.728346704249,119.13328997974415
3265.2230000000127,42.2,True,False,BLACKOUT,-56.981878932059956,1527.1392852287483,-270.56733573268275,-25.841416137224137,426.1857999514492,0.0,1101.3938011298721,1134.140638692041,-11.174479253431558,126.92294529318129,-70.46397456855178,-8.06966535088462,0.8196867148283034,0.0,126.14147491387756,127.41390437656818,8.111188888549805,119.30271548801838,45.955391571994795,174.2,128.24460842800517,11.06435775756836,False,0.0,0.0,True,False,False,13535.487988217337,120.67448442869178
3265.323000000004,42.3,True,False,BLACKOUT,-58.11326207123347,1539.8775964585473,-277.6518177193182,-25.841416137224137,426.1857999514492,0.0,1114.1592748109204,1148.2340447530885,-11.45318353003877,127.84327930279818,-71.22566516415753,-8.08698744971302,0.8214462294630738,0.0,127.06642889985304,128.35528612357973,8.128600120544434,120.2266860030353,45.80684308339255,174.2,128.39315691660744,11.1336030960083,False,0.0,0.0,True,False,False,13768.916389467347,122.37027553082319
3265.42300000001,42.4,True,False,BLACKOUT,-59.263661313802515,1552.723750590823,-284.81789220792854,-25.841416137224137,426.1857999514492,0.0,1127.0336289141524,1162.4654973052623,-11.554801321342117,129.07980334271716,-72.09582460804833,-8.151366794287823,0.8279856448121297,0.0,128.29696843416298,129.59594540173788,8.193310737609863,121.40263466412802,45.47433865877843,174.2,128.72566134122155,11.604605674743652,False,0.0,0.0,True,False,False,14006.339314889532,124.58592445627261
3265.523000000001,42.5,True,False,BLACKOUT,-60.425257888419885,1565.682093505761,-292.06813413261955,-25.841416137224137,426.1857999514492,0.0,1140.0209845148843,1176.8396832661601,-11.67713017100532,130.08705495603868,-72.9090138857722,-8.268213397618808,0.8398544899573279,0.0,129.29214802874648,130.61009622600403,8.310758590698242,122.29933763530579,47.25396401666903,174.2,126.94603598333094,11.381998062133789,False,0.0,0.0,True,False,False,14247.884993946485,126.44454367870654
3265.6240000000107,42.6,True,False,BLACKOUT,-61.597417070023155,1578.7372293482238,-299.397197983596,-25.841416137224137,426.1857999514492,0.0,1153.1059313901972,1191.3404094412658,-11.76605346106003,131.01566189321647,-73.67226313375782,-8.297227462480091,0.8428016311925408,0.0,130.21907042597422,131.54293472234127,8.339921951293945,123.20301277104733,47.408179915932024,174.2,126.79182008406795,11.19960880279541,False,0.0,0.0,True,False,False,14493.402771443187,128.19930312112717
3265.7230000000127,42.7,True,False,BLACKOUT,-62.77996309807344,1591.8864418222895,-306.80694358839906,-25.841416137224137,426.1857999514492,0.0,1166.285746594576,1205.9655647420961,-11.884867099945636,131.9685875881003,-74.5226489623028,-8.31297171991332,0.8444008745430025,0.0,131.1728278947196,132.50267233524562,8.35574722290039,124.14692511234523,47.118351411220395,174.2,127.08164858877959,11.067842483520508,False,0.0,0.0,True,False,False,14742.90311885479,129.98416405246408
3265.824000000008,42.8,True,False,BLACKOUT,-63.978174119946445,1605.1315458039114,-314.2998753975599,-25.841416137224137,426.1857999514492,0.0,1179.5624120719729,1220.7177788694537,-12.079353337514492,132.93349204433676,-75.33598722091365,-8.431426525989233,0.8564330749659538,0.0,132.12742666085984,133.48117501788133,8.474811553955078,125.00636346392625,46.1114218332142,174.2,128.0885781667858,11.062518119812012,False,0.0,0.0,True,False,False,14996.455322714144,131.83163239517808
3265.923999999999,42.9,True,False,BLACKOUT,-65.19674407499764,1618.469613457185,-321.87340773224787,-25.841416137224137,426.1857999514492,0.0,1192.9331640057922,1235.5937942503758,-12.2920457635094,133.82786102113386,-76.1346594728458,-8.545251226227244,0.8679949663886487,0.0,133.01264770915733,134.39118562816586,8.589221954345703,125.80196367382015,46.40095686745802,174.2,127.79904313254195,10.23576831817627,False,0.0,0.0,True,False,False,15254.072201638226,133.57609933087593
3266.023000000001,43.0,True,False,BLACKOUT,-66.43285967468955,1631.9007117859232,-329.5260082392603,-25.841416137224137,426.1857999514492,0.0,1206.3979915054854,1250.5932608224666,-12.430266230329034,134.79410555363216,-76.917350667403,-8.599543961137549,0.8735098212906298,0.0,133.97537234286355,135.36603122851977,8.643794059753418,126.72223716876636,46.99122020733819,174.2,127.20877979266177,9.805557250976562,False,[-88.97675562],377.9400194121943,True,False,False,15515.819280746944,135.4724799920694
3266.1240000000107,43.1,True,False,BLACKOUT,-67.68435951360077,1645.4258071851527,-337.25777350406526,-25.841416137224137,426.1857999514492,0.0,1219.9577972822012,1265.7171220057662,-12.599730547895142,135.70780243095706,-77.7179546286962,-8.688304418359193,0.8825257797502568,0.0,134.8820020552826,136.29145553012205,8.733011245727539,127.55844428439451,47.3976161544869,174.2,126.8023838455131,9.271788597106934,False,0.0,0.0,True,False,False,15781.77133169706,137.28564481696256
3266.2230000000127,43.2,True,False,BLACKOUT,-68.95316552948371,1659.043501669428,-345.06713069687703,-25.841416137224137,426.1857999514492,0.0,1233.6112579013688,1280.963723260098,-12.776389769763895,136.64608725455025,-78.46918922753912,-8.750172310033806,0.8888100910165917,0.0,135.81696775399433,137.24208282275188,8.795197486877441,128.44688533587444,47.27521782188574,174.2,126.92478217811424,9.766769409179688,False,0.0,0.0,True,False,False,16051.965383467123,139.18409020153837
3266.3250000000116,43.3,True,False,BLACKOUT,-70.23482030961601,1672.7542534071065,-352.95338645187843,-25.841416137224137,426.1857999514492,0.0,1247.3586827712556,1296.3332042699096,-12.856705832882026,137.56894749901713,-79.25592587248889,-8.79750944947328,0.8936184222954419,0.0,136.73559395237672,138.16841245690202,8.842778205871582,129.32563425103044,46.89263400581687,174.2,127.30736599418307,9.721455574035645,False,0.0,0.0,True,False,False,16326.474198547901,141.048628518389
3266.423999999999,43.4,True,False,BLACKOUT,-71.52833551930219,1686.557522471742,-360.9175861944571,-25.841416137224137,426.1857999514492,0.0,1261.1994979111728,1311.8253228062902,-13.01359836084134,138.49643379369408,-80.02806897908462,-8.834883322231644,0.8974147218505847,0.0,137.66245569837642,139.10649127869044,8.88034439086914,130.2261468878213,46.55618368776072,174.2,127.64381631223924,10.174031257629395,False,0.0,0.0,True,False,False,16605.34593256307,142.954460912869
3266.524000000005,43.5,True,False,BLACKOUT,-72.83760844601412,1700.4522388982293,-368.96226645881893,-25.841416137224137,426.1857999514492,0.0,1275.1327772109196,1327.4399246625292,-13.171860173397175,139.39789473605396,-80.86553630815246,-8.88714753946133,0.9027235274405683,0.0,138.5614347878173,140.01882358194382,8.932877540588379,131.08594604135544,46.36227679593501,174.2,127.83772320406496,10.014694213867188,False,0.0,0.0,True,False,False,16888.609627617232,144.80249102342705
3266.623000000007,43.6,True,False,BLACKOUT,-74.16306211767085,1714.4351987976938,-377.0893844318113,-25.841416137224137,426.1857999514492,0.0,1289.1553417249493,1343.1745601183536,-13.337213259737458,140.26130325323618,-81.67682315169432,-8.953086698379884,0.9094213829528253,0.0,139.4208289549858,140.89398300790563,8.99915599822998,131.89482700967565,47.07310974491029,174.2,127.1268902550897,10.519715309143066,False,0.0,0.0,True,False,False,17176.263863850556,146.60478746205737
3266.7230000000127,43.7,True,False,BLACKOUT,-75.50653897033851,1728.5079440673803,-385.29604836007155,-25.841416137224137,426.1857999514492,0.0,1303.2688101388542,1359.0300351216051,-13.53232379361601,141.1936021404924,-82.45645541351095,-8.964383966865931,0.9105689176384917,0.0,140.35738485902743,141.8406044567737,9.01051139831543,132.83009305845826,47.724523714655845,174.2,126.47547628534414,11.107276916503906,False,0.0,0.0,True,False,False,17468.39886547677,148.57917563241628
3266.823000000004,43.8,True,False,BLACKOUT,-76.86758354261866,1742.6770663747984,-393.58324286777207,-25.841416137224137,426.1857999514492,0.0,1317.4797623982834,1375.012979355231,-13.688567651986911,142.18884400786732,-83.28743474049904,-9.173794735267771,0.9318400877970111,0.0,141.32913475629962,142.8462258677374,9.220999717712402,133.625226150025,48.60323253786715,174.2,125.59676746213285,11.52342414855957,False,0.0,0.0,True,False,False,17765.18695167474,150.67671249437254
3266.92300000001,43.9,True,False,BLACKOUT,-78.2439479518182,1756.9448083228183,-401.95125350190983,-25.841416137224137,426.1857999514492,0.0,1331.7903602677595,1391.1255780460242,-13.838720532003872,143.1659949525308,-84.07277794225546,-9.170754805123378,0.9315313029534003,0.0,142.3110415734151,143.8332795173321,9.217944145202637,134.61533537212946,49.143036156226074,174.2,125.05696384377393,11.927337646484375,False,0.0,0.0,True,False,False,18066.733427213087,152.77695035909514
3267.024000000005,44.0,True,False,BLACKOUT,-79.63306947150927,1771.3074645573636,-410.39677735471014,-25.841416137224137,426.1857999514492,0.0,1346.1968037997347,1407.363261359253,-13.943709861817647,144.0871297383761,-84.83769911375076,-9.23978892413276,0.938543533047386,0.0,143.22585173345075,144.7602431641857,9.287333488464355,135.47290967572135,50.22471236572501,174.2,123.97528763427496,11.479728698730469,False,[-99.07715761],434.67203492091807,True,False,False,18373.05042629244,154.78553989766183
3267.1240000000107,44.1,True,False,BLACKOUT,-81.03480233257271,1785.7636800059634,-418.91931734021995,-25.841416137224137,426.1857999514492,0.0,1360.6977334489961,1423.7245928388086,-14.090947359450936,145.03717923362018,-85.61310059644518,-9.329250538775348,0.9476307124806174,0.0,144.16820644524182,145.7200677927789,9.3772554397583,136.3428123530206,50.49601858710152,174.2,123.70398141289846,11.667984008789062,False,0.0,0.0,True,False,False,18684.179378088367,156.8751869306564
3267.2230000000127,44.2,True,False,BLACKOUT,-82.44985997424672,1800.316350599853,-427.5240705872285,-25.841416137224137,426.1857999514492,0.0,1375.2960721746188,1440.2139136497772,-14.21020547402925,146.01623264417142,-86.48196434372569,-9.391773097054092,0.9539815223555951,0.0,145.1422543269197,146.70606713838023,9.440099716186523,137.2659674221937,50.48049628867541,174.2,123.71950371132456,11.393657684326172,False,0.0,0.0,True,False,False,19000.221630447497,159.00651694937952
3267.323000000004,44.3,True,False,BLACKOUT,-83.87992025343277,1814.9671400035097,-436.2113356987968,-25.841416137224137,426.1857999514492,0.0,1389.9935533795988,1456.833006157182,-14.39100010969204,146.99955542896063,-87.26333788764117,-9.43907133601419,0.9587859022678448,0.0,146.12470004256016,147.70230255642335,9.487641334533691,138.21466122188966,50.64917387913232,174.2,123.55082612086764,12.189250946044922,False,0.0,0.0,True,False,False,19321.27136425113,161.21182872790638
3267.42300000001,44.4,True,False,BLACKOUT,-85.32561617846626,1829.7138537471244,-444.9767484545165,-25.841416137224137,426.1857999514492,0.0,1404.7880152699274,1473.578526754233,-14.522918390977969,147.9347194433318,-88.04491722675262,-9.5689012115349,0.9719735401096634,0.0,147.04622052140357,148.64587574288194,9.618139266967773,139.02773647591417,50.63814026888922,174.2,123.56185973111073,12.199884414672852,False,0.0,0.0,True,False,False,19647.36690660171,163.3290242124054
3267.523000000001,44.5,True,False,BLACKOUT,-86.77955211432109,1844.5591720726063,-453.8297167473292,-25.841416137224137,426.1857999514492,0.0,1419.6818232120552,1490.4555984535957,-14.555800326118554,148.97164706631003,-89.01444862950166,-9.565576643736538,0.9716358428275121,0.0,148.08411682064744,149.6810707898065,9.614797592163086,140.06627319764343,51.157389611208785,174.2,123.04261038879119,12.73631477355957,False,0.0,0.0,True,False,False,19978.608541323032,165.5996752429009
3267.623000000007,44.6,True,False,BLACKOUT,-88.24442932042365,1859.502603694789,-462.77154860011336,-25.841416137224137,426.1857999514492,0.0,1434.6745958395466,1507.4643286463242,-14.74174379593265,149.89698537734714,-89.82218842618258,-9.64532167766479,0.9797360479837711,0.0,149.00443169997106,150.6201355575062,9.694952964782715,140.92518259272347,50.98648655944822,174.2,123.21351344055176,12.4032564163208,False,0.0,0.0,True,False,False,20315.048397386898,167.73496625528398
3267.7230000000127,44.7,True,False,BLACKOUT,-89.71652972260587,1874.538685144386,-471.79299783323455,-25.841416137224137,426.1857999514492,0.0,1449.7607079039803,1524.596583685901,-14.700264247711717,150.8246436145895,-90.60679623624189,-9.749335866762653,0.9903014240247754,0.0,149.91611584987297,151.5393377655468,9.7995023727417,141.7398353928051,50.269416252641044,174.2,123.93058374735892,12.527634620666504,False,0.0,0.0,True,False,False,20656.679535115152,169.87207740285325
3267.823000000004,44.8,True,False,BLACKOUT,-91.19484406546377,1889.6712479348885,-480.8953422314581,-25.841416137224137,426.1857999514492,0.0,1464.9439330572552,1541.856367234371,-14.866022609446114,151.82661219546085,-91.44009172822811,-9.791919557380838,0.9946269175800018,0.0,150.9173094931454,152.55267548940407,9.842305183410645,142.71037030599342,48.58781007126737,174.2,125.61218992873262,12.209364891052246,False,0.0,0.0,True,False,False,21003.64193070484,172.2072621927224
3267.923999999999,44.9,True,False,BLACKOUT,-92.69247636485129,1904.9076976327153,-490.0791973458309,-25.841416137224137,426.1857999514492,0.0,1480.2322503362918,1559.2514661230164,-15.086623378304214,152.9023817610729,-92.2370105592282,-9.801885670438487,0.9956392384280944,0.0,151.99864103498442,153.64486504002556,9.852322578430176,143.7925424615954,47.94289244038089,174.2,126.25710755961907,12.128613471984863,False,0.0,0.0,True,False,False,21356.13871268241,174.75708060683428
3268.023000000001,45.0,True,False,BLACKOUT,-94.20914550202474,1920.2453180044774,-499.34423473665936,-25.841416137224137,426.1857999514492,0.0,1495.6229437606744,1576.779202890527,-15.24675936516492,153.8500256741705,-93.06373725734106,-9.90368632738065,1.00597977207205,0.0,152.93740810282446,154.60366771549167,9.954647064208984,144.64902065128268,47.65294727424911,174.2,126.54705272575089,11.852170944213867,False,[-106.59295069],448.3344390839822,True,False,False,21714.192507369,177.0192209856617
3268.123000000007,45.1,True,False,BLACKOUT,-95.7403743232864,1935.6795454499415,-508.6929218321504,-25.841416137224137,426.1857999514492,0.0,1511.1112573383089,1594.4358628608097,-15.37781706006843,154.83452323510988,-93.91000465247926,-9.953679136131658,1.0110578564024815,0.0,153.9190689074368,155.59629443844966,10.004897117614746,145.59139732083491,46.56929089278435,174.2,127.63070910721561,12.018830299377441,False,0.0,0.0,True,False,False,22077.781861536358,179.37678128466746
3268.224000000002,45.2,True,False,BLACKOUT,-97.28536324795168,1951.2079471129152,-518.127783109826,-25.841416137224137,426.1857999514492,0.0,1526.694726168833,1612.219956005393,-15.521961433237093,155.7335100243603,-94.78722090103399,-10.033039909227051,1.0191190297667112,0.0,154.81172772217462,156.50513547881562,10.08466625213623,146.4204692266794,45.37989758330896,174.2,128.82010241669101,11.883770942687988,False,0.0,0.0,True,False,False,22446.92090224957,181.54655498899177
3268.324000000008,45.3,True,False,BLACKOUT,-98.83895336136617,1966.8240709076085,-527.6463458963102,-25.841416137224137,426.1857999514492,0.0,1542.3666627542152,1630.1244089680097,-15.549840835052496,156.58896586950428,-95.58403482865077,-10.12053467768071,1.0280064242496287,0.0,155.65567599313118,157.35914902564846,10.172611236572266,147.1865377890762,44.75619186968978,174.2,129.4438081303102,11.737555503845215,False,0.0,0.0,True,False,False,22821.556093394374,183.64617011641286
3268.423999999999,45.4,True,False,BLACKOUT,-100.40227186208158,1982.5323830747482,-537.2540996269878,-25.841416137224137,426.1857999514492,0.0,1558.1315759607692,1648.1553250746713,-15.716529179255891,157.5772774732883,-96.57103978490028,-10.176126309085298,1.033653216246149,0.0,156.6416367365133,158.35910982743016,10.22848892211914,148.13062090531102,43.10912256097523,174.2,131.09087743902475,12.035305976867676,False,0.0,0.0,True,False,False,23201.83338271589,186.02976592580154
3268.5260000000126,45.5,True,False,BLACKOUT,-101.98142975474244,1998.3382771708098,-546.9573660011155,-25.841416137224137,426.1857999514492,0.0,1573.9951439889032,1666.320219382675,-15.866628673961243,158.5406044479452,-97.49428769765446,-10.08547016508822,1.0244447009458433,0.0,157.62221409162777,159.33258663624713,10.13736629486084,149.1952203413863,41.20446127279594,174.2,132.99553872720404,11.93610668182373,False,0.0,0.0,True,False,False,23587.91502156718,188.39907104552265
3268.6240000000107,45.6,True,False,BLACKOUT,-103.5720011736039,2014.2476950084808,-556.748408475606,-114.72224793649586,427.8562060668828,0.0,1586.4306742461877,1681.288516147462,-15.944799703267881,159.64775230547932,-98.32656179215428,-10.09499155107092,-0.4760677166067829,0.0,160.23063999710834,160.4420189781,10.106210708618164,150.33580826948184,38.87588005169955,182.7,143.82411994830042,12.06682300567627,False,0.0,0.0,True,False,False,23980.034388603148,191.16486868378496
3268.7230000000127,45.7,True,False,BLACKOUT,-105.17330108900622,2030.2624804136112,-566.6214444801284,-114.72224793649586,427.8562060668828,0.0,1602.4347258006046,1699.6637643358779,-16.081198604778464,160.6479557971287,-99.13415829829454,-10.09496964091169,-0.47606668334990276,0.0,161.2351870948076,161.4508304418486,10.106188774108887,151.34464166773972,36.58562188757333,182.7,146.11437811242666,12.128460884094238,False,0.0,0.0,True,False,False,24378.330007698773,193.71449276491916
3268.823000000004,45.8,True,False,BLACKOUT,-106.7891253281949,2046.3759856551094,-576.5764312340455,-114.72224793649586,427.8562060668828,0.0,1618.5392214440278,1718.170420071079,-16.235286178995416,161.622149032836,-99.96557678004777,-10.154864395319915,-0.4788912482664353,0.0,162.2150387272493,162.4355366762647,10.166150093078613,152.26938658318608,35.29865128384085,182.7,147.40134871615913,12.498639106750488,False,0.0,0.0,True,False,False,24782.7302928375,196.2180355821111
3268.92300000001,45.9,True,False,BLACKOUT,-108.42054761253993,2062.5813769784627,-586.6155494332291,-114.72224793649586,427.8562060668828,0.0,1634.737317075397,1736.8027805930403,-16.393159507905327,162.48567743423408,-100.8167872036259,-10.30895378210218,-0.4861579192832119,0.0,163.08536622826662,163.3105356366012,10.32041072845459,152.9901249081466,33.52407244275115,182.7,149.17592755724883,11.920256614685059,False,0.0,0.0,True,False,False,25193.149530648927,198.46016349696416
3269.023000000001,46.0,True,False,BLACKOUT,-110.06636233769817,2078.876133141992,-596.7467123559104,-114.72224793649586,427.8562060668828,0.0,1651.0264918740122,1755.561196762276,-16.523134995259188,163.4094458363485,-101.80647124999943,-10.243369054603642,-0.4830650220473351,0.0,164.01277564793182,164.24268926991567,10.254753112792969,153.9879361571227,30.448202806834775,182.7,152.2517971931652,12.202168464660645,False,[-102.8961752],330.87833534407713,True,False,False,25609.581314805822,200.81793098940852
3269.123000000007,46.1,True,False,BLACKOUT,-111.72958804383919,2095.266278217683,-606.9746153862036,-114.72224793649586,427.8562060668828,0.0,1667.4127577547108,1774.4530110561957,-16.741379127561324,164.39345567746983,-102.75158935586364,-10.269140164935507,-0.48428035675940934,0.0,165.00472028691271,165.24370500770365,10.280552864074707,154.96315214362895,28.53099769303445,182.7,154.16900230696552,11.888278007507324,False,0.0,0.0,True,False,False,26032.221963828164,203.38276449087465
3269.2230000000127,46.2,True,False,BLACKOUT,-113.41206426095275,2111.7557196917223,-617.2965109680156,-114.72224793649586,427.8562060668828,0.0,1683.900023328949,1793.4810484140946,-16.908145214709663,165.39537380331618,-103.68632228037637,-10.317392051252353,-0.4865558579546921,0.0,166.0128085883991,166.25737592702586,10.328858375549316,155.92851755147655,26.432686055469883,182.7,156.2673139445301,11.859769821166992,False,0.0,0.0,True,False,False,26461.24735160021,206.01302894137518
3269.324000000008,46.3,True,False,BLACKOUT,-115.11280178439081,2128.346039102196,-627.7106562478712,-114.72224793649586,427.8562060668828,0.0,1700.4898778848333,1812.6462679618182,-17.106605254051537,166.4110144061496,-104.59658331673586,-10.315524924639762,-0.4864678064988216,0.0,167.0355900428463,167.28796029302788,10.32698917388916,156.96097111913872,24.17378935938594,182.7,158.52621064061407,11.564554214477539,False,0.0,0.0,True,False,False,26896.78323545126,208.7201780884373
3269.423999999999,46.4,True,False,BLACKOUT,-116.83360325304363,2145.034540094035,-638.2126656800357,-114.72224793649586,427.8562060668828,0.0,1717.1796320343246,1831.9446758316572,-17.30942411900484,167.35900543063678,-105.44360532655364,-10.24675655574363,-0.48322477254584306,0.0,167.99076020033746,168.25175441006107,10.25814437866211,157.99361003139896,22.728021032968766,182.7,159.97197896703122,11.058353424072266,False,0.0,0.0,True,False,False,27338.858781222723,211.30000016232273
3269.524000000005,46.5,True,False,BLACKOUT,-118.57461662784479,2161.8195703133047,-648.8027430041138,-114.72224793649586,427.8562060668828,0.0,1733.9676436696573,1851.3748374175786,-17.510843377018233,168.3415989547617,-106.35794115501069,-10.184192572371893,-0.4802743299867854,0.0,168.98078207708977,169.2498850056339,10.195510864257812,159.0543741413761,21.57154405036152,182.7,161.12845594963846,11.484552383422852,False,0.0,0.0,True,False,False,27787.515326860084,213.97015570601633
3269.6240000000107,46.6,True,False,BLACKOUT,-120.33355784651931,2178.701412817547,-659.4849951522201,-114.72224793649586,427.8562060668828,0.0,1750.8541986129749,1870.9385034339334,-17.667980996472064,169.29525113008657,-107.28710180711491,-10.289609016733857,-0.48524564330649617,0.0,169.94074690224096,170.2146868154766,10.301044464111328,159.91364235136527,19.87494997546404,182.7,162.82505002453593,11.116851806640625,False,0.0,0.0,True,False,False,28242.831528305607,216.57331804637954
3269.7230000000127,46.7,True,False,BLACKOUT,-122.10829155523089,2195.67787870269,-670.2574316341135,-114.72224793649586,427.8562060668828,0.0,1767.8371021904707,1890.6329745727908,-17.82669317775969,170.23406657277,-108.16162783075302,-10.168796398742957,-0.47954826486955093,0.0,170.88528805608755,171.16491583135917,10.180097579956055,160.9848182514031,18.630465625939955,182.7,164.06953437406003,11.179473876953125,False,0.0,0.0,True,False,False,28704.84195606425,219.1802201737862
3269.823000000004,46.8,True,False,BLACKOUT,-123.90129505397907,2212.7526757972805,-681.1190256879537,-114.72224793649586,427.8562060668828,0.0,1784.9200717572824,1910.461407544295,-18.033376797203825,171.26187531903412,-109.07025324605065,-10.143274873703183,-0.4783447003010675,0.0,171.9213683072959,172.20868914344106,10.154547691345215,162.05414145209585,17.704711207129492,182.7,164.9952887928705,11.061427116394043,False,0.0,0.0,True,False,False,29173.7238519826,222.05082447289163
3269.92300000001,46.9,True,False,BLACKOUT,-125.71411006821246,2229.9266395796403,-692.0735193597178,-114.72224793649586,427.8562060668828,0.0,1802.1039560397119,1930.4259697209127,-18.222923487463923,172.2174003281647,-110.0196201892316,-10.17814441580896,-0.4799891061636619,0.0,172.88466325196057,173.17883218286613,10.18945598602295,162.98937619684318,17.26443780418963,182.7,165.43556219581038,10.74174690246582,False,0.0,0.0,True,False,False,29649.571485391967,224.73100877769295
3270.023000000001,47.0,True,False,BLACKOUT,-127.5437487813591,2247.194470885456,-703.1247046704049,-114.72224793649586,427.8562060668828,0.0,1819.3834430149607,1950.5231254806533,-18.369850775468954,173.13922578815993,-111.00408602451054,-10.233632370365221,-0.48260585167465514,0.0,173.81236570482153,174.11100747522087,10.24500560760498,163.8660018676159,16.090475442139795,182.7,166.6095245578602,10.917337417602539,False,[-104.08579178],271.15133913253226,True,False,False,30132.324033359877,227.3205559674819
3270.1240000000107,47.1,True,False,BLACKOUT,-129.38567777965812,2264.5542164500553,-714.2723419531407,-114.72224793649586,427.8562060668828,0.0,1836.7565428004523,1970.7510182667656,-18.46872919051157,174.05568550382165,-111.94865963020648,-10.319997454969414,-0.48667872567500126,0.0,174.73247763286625,175.03278439800278,10.331466674804688,164.7013177231981,15.274997901588046,182.7,167.42500209841194,11.195666313171387,False,0.0,0.0,True,False,False,30622.016910338694,229.92106271941537
3270.224000000002,47.2,True,False,BLACKOUT,-131.24222514526858,2282.010018076589,-725.5177119136976,-114.72224793649586,427.8562060668828,0.0,1854.2274046721193,1991.1140646727376,-18.66221812169783,175.0603470268526,-112.95873958093136,-10.320541398487675,-0.4867043774001554,0.0,175.74513030887059,176.05227486852843,10.332011222839355,165.72026364568907,14.748378168513064,182.7,167.95162183148693,11.495938301086426,False,0.0,0.0,True,False,False,31118.836706615184,232.79112767972666
3270.324000000008,47.3,True,False,BLACKOUT,-133.1171236968251,2299.568979457803,-736.861270803252,-114.72224793649586,427.8562060668828,0.0,1871.8031620683219,2011.6191513153656,-18.835752909432475,176.1188805974277,-113.91243821015658,-10.26854382755822,-0.4842522342025854,0.0,176.81081301040103,177.1232499999822,10.279955863952637,166.84329413602956,13.993172761905237,182.7,168.70682723809475,11.087324142456055,False,0.0,0.0,True,False,False,31623.058107594617,235.85864510484822
3270.423999999999,47.4,True,False,BLACKOUT,-135.00728853643497,2317.225560721862,-748.3056704049533,-114.72224793649586,427.8562060668828,0.0,1889.4782457550323,2032.2621429189987,-18.96754388276493,177.0127446837601,-114.97555382386906,-10.28317124038289,-0.4849420454805915,0.0,177.71000850380773,178.02606410698027,10.294599533081055,167.73146457389922,13.490402976364493,182.7,169.2095970236355,10.349448204040527,False,0.0,0.0,True,False,False,32134.616478125557,238.43234015975736
3270.523000000001,47.5,True,False,BLACKOUT,-136.911678901573,2334.974710066828,-759.8530285890727,-114.72224793649586,427.8562060668828,0.0,1907.2475872695559,2053.0392066888367,-19.120263419995503,177.97024221555102,-115.97160985852015,-10.252211232776132,-0.48348200858477913,0.0,178.67393217551117,178.99438982133466,10.263605117797852,168.7307847035368,13.243464650074678,182.7,169.4565353499253,10.951360702514648,False,0.0,0.0,True,False,False,32653.453883541497,241.24144947228643
3270.6240000000107,47.6,True,False,BLACKOUT,-138.83157763240374,2352.822267975453,-771.4972397506945,-114.72224793649586,427.8562060668828,0.0,1925.117035215827,2073.9536133243473,-19.277711196618935,178.98091595695334,-116.91261337391555,-10.372450376164593,-0.4891523426459927,0.0,179.69087090262312,180.01610601768454,10.383977890014648,169.6321281276699,12.641079335430119,182.7,170.05892066456985,11.2037992477417,False,0.0,0.0,True,False,False,33179.83723424729,244.25260751902735
3270.7230000000127,47.7,True,False,BLACKOUT,-140.76775999293002,2370.7702962107323,-783.2375810905213,-114.72224793649586,427.8562060668828,0.0,1943.0886573642965,2095.0070736898037,-19.44593601390721,179.9796487486272,-117.89421342262031,-10.391398853435549,-0.49004593015044207,0.0,180.69669432682377,181.02712059560633,10.402947425842285,170.62417316976405,11.897475890955056,182.7,170.80252410904492,11.19696044921875,False,0.0,0.0,True,False,False,33713.91858726015,247.24502418853865
3270.823000000004,47.8,True,False,BLACKOUT,-142.72150161828145,2388.8176121281467,-795.0757663608454,-114.72224793649586,427.8562060668828,0.0,1961.161287163426,2116.1992034122854,-19.62889649312131,180.9666695996599,-118.86949198386232,-10.365785877296382,-0.4888380528575895,0.0,181.69178978620317,182.0280997086168,10.37730598449707,171.65079372411972,11.5201842858521,182.7,171.17981571414788,10.719613075256348,False,0.0,0.0,True,False,False,34255.75218388691,250.23625552902683
3270.92300000001,47.9,True,False,BLACKOUT,-144.68972938555743,2406.9639160522515,-807.0116363279245,-114.72224793649586,427.8562060668828,0.0,1979.3345795160378,2137.529686071425,-19.735658852398085,181.95940888243567,-119.84790735772025,-10.299203761245098,-0.4856981199715615,0.0,182.6889809315471,183.0265628568259,10.310649871826172,172.71591298499973,10.532466453412775,182.7,172.1675335465872,10.680667877197266,False,0.0,0.0,True,False,False,34805.425926221214,253.2510957011745
3271.023000000001,48.0,True,False,BLACKOUT,-146.67383375176277,2425.205379912601,-819.0456876568618,-114.72224793649586,427.8562060668828,0.0,1997.6047221856188,2158.9952442206963,-19.946428471708664,182.86986832455298,-120.83311922102638,-10.146865281969948,-0.4785140196567696,0.0,183.61007801029933,183.95447466646831,10.15814208984375,173.79633257662456,10.13202787514785,182.7,172.56797212485213,10.862321853637695,False,[-109.61959535],252.863721561237,True,False,False,35362.91797610347,256.0676206150397
3271.1240000000107,48.1,True,False,BLACKOUT,-148.67596069998794,2443.537746809127,-831.1826249480882,-114.72224793649586,427.8562060668828,0.0,2015.9674918756634,2180.593837539455,-20.096110492794903,183.77746960596397,-121.90562660350166,-10.152739109874664,-0.47879102234906434,0.0,184.5243621183596,184.87296176485526,10.164022445678711,174.70893931917655,9.3760569543688,182.7,173.32394304563118,10.783859252929688,False,0.0,0.0,True,False,False,35928.17667030815,258.85421800686856
3271.224000000002,48.2,True,False,BLACKOUT,-150.69663249898318,2461.962907011064,-843.4219998562927,-114.72224793649586,427.8562060668828,0.0,2034.424790246784,2202.3271548551224,-20.31732548710975,184.72573443277673,-122.88187156058635,-10.108576802408766,-0.47670838079666533,0.0,185.4835932739667,185.83969080010309,10.119811058044434,175.71987974205865,7.807165566353557,182.7,174.8928344336464,10.516732215881348,False,0.0,0.0,True,False,False,36501.34834067384,261.8421754252695
3271.324000000008,48.3,True,False,BLACKOUT,-152.73762761082318,2480.48257523261,-855.7594257422179,-114.72224793649586,427.8562060668828,0.0,2052.978368246061,2224.195219676751,-20.502576749690384,185.66762999814244,-123.86664615791949,-10.149343035194107,-0.4786308675326468,0.0,186.43395581979948,186.79621110318075,10.160622596740723,176.63558850644003,7.251840991092999,182.7,175.44815900890697,10.530967712402344,False,0.0,0.0,True,False,False,37082.58857499309,264.8230540061404
3271.423999999999,48.4,True,False,BLACKOUT,-154.795561726644,2499.09721280493,-868.1943026759287,-114.72224793649586,427.8562060668828,0.0,2071.62862947763,2246.1982382840356,-20.65610556672612,186.62512144826204,-124.83089251629795,-10.249720142933311,-0.48336453176993144,0.0,187.3976477529223,187.76477479219122,10.26111125946045,177.50366353273077,6.266660022777116,182.7,176.4333399772229,10.185321807861328,False,0.0,0.0,True,False,False,37672.00833551968,267.87600270249504
3271.523000000001,48.5,True,False,BLACKOUT,-156.87252801645909,2517.813295707136,-880.7306298898723,-114.72224793649586,427.8562060668828,0.0,2090.3820901089775,2268.3438286720534,-20.88322022957525,187.69653659585964,-125.89565176257251,-10.231787153911858,-0.4825188334756647,0.0,188.4802640300628,188.85470271411782,10.243158340454102,178.61154437366372,5.0397132182867725,182.7,177.6602867817132,10.198134422302246,False,0.0,0.0,True,False,False,38269.89193313352,271.3071236205924
3271.623000000007,48.6,True,False,BLACKOUT,-158.9716086021428,2536.633975073787,-893.3740929123832,-114.72224793649586,427.8562060668828,0.0,2109.2419692811573,2290.637237727545,-21.098391484099125,188.71705073716376,-126.97360868764575,-10.183238051521986,-0.4802293159261822,0.0,189.51187655116513,189.89277859399905,10.194555282592773,179.69822331140628,3.629945641025218,182.7,179.07005435897477,9.962736129760742,False,0.0,0.0,True,False,False,38876.42308230289,274.60213020902296
3271.7230000000127,48.7,True,False,BLACKOUT,-161.08757165577848,2555.5530116064706,-906.1228439230921,-114.72224793649586,427.8562060668828,0.0,2128.201926403357,2313.0719936539444,-21.220869588614516,189.6636799165055,-128.00141152653237,-10.22814149393921,-0.4823469085156563,0.0,190.46351773582555,190.84715556058896,10.239508628845215,180.60764693174374,2.3820442300473177,182.7,179.68204423004735,10.310699462890625,False,0.0,0.0,True,False,False,39491.51695598736,277.6767810436518
3271.823000000004,48.8,True,False,BLACKOUT,-163.2171719663879,2574.5672160315394,-918.97403538252,-114.72224793649586,427.8562060668828,0.0,2147.2586984246077,2335.6440644214977,-21.371136623574255,190.62040858486284,-129.02241766202462,-10.233382785073129,-0.4825940815310643,0.0,191.42728956102053,191.8146648451143,10.244755744934082,181.5699091001802,0.7174178087340901,182.7,178.0174178087341,10.737066268920898,False,0.0,0.0,True,False,False,40115.180214814805,280.82059736707055
3271.92300000001,48.9,True,False,BLACKOUT,-165.36122887816109,2593.677580737191,-931.925689917191,-114.72224793649586,427.8562060668828,0.0,2166.4132877568845,2358.3536683239913,-21.510001611889397,191.58688552816668,-130.01067303139584,-10.203704045473481,-0.48119446770063246,0.0,192.40057099177028,192.79059851488176,10.215044021606445,182.57555449327532,359.43532089708367,182.7,176.73532089708368,10.459758758544922,False,0.0,0.0,True,False,False,40747.54713144481,284.0284332279605
3272.023000000001,49.0,True,False,BLACKOUT,-167.51986629942232,2612.883182660328,-944.9784286354095,-114.72224793649586,427.8562060668828,0.0,2185.6647677413594,2381.200266154054,-21.66274681333533,192.5251529345733,-131.04410133297318,-10.263141544384744,-0.48399746899531915,0.0,193.34550199007802,193.7400555176433,10.274547576904297,183.465507940739,358.2102269947854,182.7,175.51022699478543,10.438250541687012,False,[-110.13950379],203.4543341288212,True,False,False,41388.68441956265,287.1616811111634
3272.1240000000107,49.1,True,False,BLACKOUT,-169.69752772078795,2632.1828093340037,-958.1304830167259,-114.72224793649586,427.8562060668828,0.0,2205.0120306380472,2404.1822056043065,-21.890481613977105,193.4673805389332,-131.99698629335444,-10.191329568586966,-0.48061090218442926,0.0,194.30052378371244,194.7018759999201,10.202655792236328,184.49922020768378,357.3662170577603,182.7,174.6662170577603,10.537633895874023,False,0.0,0.0,True,False,False,42038.654464880325,290.3810649922889
3272.224000000002,49.2,True,False,BLACKOUT,-171.89437932186337,2651.5817349522777,-971.3825842033609,-114.72224793649586,427.8562060668828,0.0,2224.4603571256953,2427.304679128142,-22.046550407531342,194.51113182654822,-133.04503743934757,-10.204448038271662,-0.48122955351034413,0.0,195.35162242759944,195.7565600160481,10.215788841247559,185.54077117480054,355.46488419885475,182.7,172.76488419885476,10.764808654785156,False,0.0,0.0,True,False,False,42697.734663636766,293.9212017971361
3272.324000000008,49.3,True,False,BLACKOUT,-174.10862176966765,2671.082157958129,-984.738434961615,-114.72224793649586,427.8562060668828,0.0,2244.011901179546,2450.5711982976727,-22.23829854855454,195.49732829047878,-134.07197772573312,-10.125591469973822,-0.47751077215039167,0.0,196.34881007634067,196.75809333049017,10.136844635009766,186.6212486954804,356.18022829202107,182.7,173.4802282920211,11.029650688171387,False,0.0,0.0,True,False,False,43366.09536213376,297.3123677190423
3272.42300000001,49.4,True,False,BLACKOUT,-176.33795951769767,2690.6785874717307,-998.2001551608229,-114.72224793649586,427.8562060668828,0.0,2263.661111054472,2473.977602053716,-22.34845641204577,196.43126198155832,-135.1624262584233,-10.042194735637402,-0.47357788199519485,0.0,197.2890266541449,197.69849313454242,10.05335521697998,187.64513791756244,353.69618612337104,182.7,170.99618612337107,10.697497367858887,False,0.0,0.0,True,False,False,44043.64986031497,300.51399028479136
3272.524000000005,49.5,True,False,BLACKOUT,-178.58142546718895,2710.365608860716,-1011.7697890203598,-114.72224793649586,427.8562060668828,0.0,2283.4025419091477,2497.5198246203095,-22.520862577779695,197.3091657981499,-136.23025093231607,-10.034092739800618,-0.4731958015706138,0.0,198.17613877798019,198.59027206590218,10.045244216918945,188.54502784898324,353.05285074226043,182.7,170.35285074226047,10.927017211914062,False,0.0,0.0,True,False,False,44730.30607516988,303.5724067553353
3272.623000000007,49.6,True,False,BLACKOUT,-180.8421848355066,2730.1396717883304,-1025.450806821657,-114.72224793649586,427.8562060668828,0.0,2303.232728707607,2521.1962160452877,-22.694324788573407,198.17209275413506,-137.39010509362598,-10.079947845220891,-0.4753582734480546,0.0,199.0475629225965,199.4673174336156,10.091150283813477,189.37616714980211,352.0752753491855,182.7,169.37527534918553,11.09961223602295,False,0.0,0.0,True,False,False,45426.02525355631,306.5813058097274
3272.724000000002,49.7,True,False,BLACKOUT,-183.1217924061933,2750.004855167134,-1039.2440581320677,-114.72224793649586,427.8562060668828,0.0,2323.1557946469675,2545.01101344662,-22.89782662516059,199.13157482193216,-138.47492111459084,-10.089520679572901,-0.4758097168562398,0.0,200.017900857927,200.4437441159456,10.100733757019043,190.34301035892656,349.90648714018664,182.7,167.20648714018665,11.034547805786133,False,0.0,0.0,True,False,False,46131.04794248113,309.9836132505959
3272.824000000008,49.8,True,False,BLACKOUT,-185.41987695335888,2769.9662215105795,-1053.1493851420726,-114.72224793649586,427.8562060668828,0.0,2343.176792132911,2568.9688800402787,-23.063864318151246,200.0957520469819,-139.63161908550376,-10.133360050344072,-0.4778771291007101,0.0,200.9899964214251,201.42058441116026,10.144621849060059,191.2759625621002,347.3969897276937,182.7,164.69698972769373,11.01672649383545,False,0.0,0.0,True,False,False,46845.661434385845,313.4033321313749
3272.923999999999,49.9,True,False,BLACKOUT,-187.7345098853189,2790.023445730901,-1067.1632330084844,-114.72224793649586,427.8562060668828,0.0,2363.2953388302553,2593.0681102550957,-23.228794321048966,201.04873235944802,-140.645338242733,-10.19864375130711,-0.4809558302855384,0.0,201.9504890950289,202.38618942247655,10.209978103637695,192.17621131883885,346.4867076860076,182.7,163.78670768600765,11.071234703063965,False,0.0,0.0,True,False,False,47569.96973344771,316.8415066035475
3273.024000000005,50.0,True,False,BLACKOUT,-190.0609736040706,2810.1733807777928,-1081.2828712906048,-114.72224793649586,427.8562060668828,0.0,2383.5081381249333,2617.3046617186624,-23.300480053985336,201.94996857837873,-141.747427399675,-10.145480178860403,-0.47844869985226157,0.0,202.8554119156897,203.28970013149788,10.156755447387695,193.13294468411019,345.368238170395,182.7,162.66823817039503,11.673776626586914,False,[-106.12252386],147.78082087056032,True,False,False,48303.96945086801,320.0683990529703
3273.1240000000107,50.1,True,False,BLACKOUT,-192.40224600587177,2830.4167445341964,-1095.5083540288394,-114.72224793649586,427.8562060668828,0.0,2403.8159919387354,2641.6793667754955,-23.52496798203796,202.9173065496936,-142.76222736501697,-10.137533459369463,-0.4780739420742656,0.0,203.83548319291654,204.27642403355858,10.148799896240234,194.12762413731835,344.55790726235006,182.7,161.85790726235004,11.25690746307373,False,0.0,0.0,True,False,False,49047.790660493054,323.63416190995804
3273.224000000002,50.2,True,False,BLACKOUT,-194.76451311014517,2850.757137967475,-1109.841518613181,-114.72224793649586,427.8562060668828,0.0,2424.222698107352,2666.196520599429,-23.720374103430053,203.89056211587723,-143.90106432181287,-10.108832103394569,-0.47672042048552926,0.0,204.82006797898552,205.2657240445542,10.12006664276123,195.14565740179296,343.4051151261467,182.7,160.70511512614675,10.338370323181152,False,0.0,0.0,True,False,False,49801.67194244781,327.2156201997674
3273.324000000008,50.3,True,False,BLACKOUT,-197.14311761358042,2871.195803814312,-1124.2861696190334,-114.72224793649586,427.8562060668828,0.0,2444.7293489625586,2690.85878129558,-23.85171596527483,204.88275482086848,-144.9919557952366,-10.047943770896072,-0.47384899961569416,0.0,205.8200156920546,206.2664480168218,10.059110641479492,196.20733737534232,342.4977567389311,182.7,159.79775673893113,10.340057373046875,False,0.0,0.0,True,False,False,50565.763953845686,330.8824032257172
3273.423999999999,50.4,True,False,BLACKOUT,-199.53359808157396,2891.7254997506484,-1138.841266394802,-114.72224793649586,427.8562060668828,0.0,2465.328550410912,2715.659089708221,-23.957893394596102,205.71116390585257,-146.1099797201331,-10.09575745402833,-0.47610383567337466,0.0,206.65272364900125,207.1015780031803,10.106977462768555,196.99460054041174,340.95818664921205,182.7,158.25818664921206,10.45899486541748,False,0.0,0.0,True,False,False,51339.90283068068,333.9594025795001
3273.524000000005,50.5,True,False,BLACKOUT,-201.93657214413705,2912.3405685428565,-1153.50608294263,-114.72224793649586,427.8562060668828,0.0,2486.0146591954444,2740.592120166788,-24.101587856665645,206.59021193831143,-147.18635123642366,-10.057278451343414,-0.4742892119708347,0.0,207.54023769690463,207.99135127675143,10.068455696105957,197.92289558064547,339.0726088979962,182.7,156.37260889799617,10.496726989746094,False,0.0,0.0,True,False,False,52123.975219990956,337.270374748338
3273.6240000000107,50.6,True,False,BLACKOUT,-204.35883562969855,2933.046483049784,-1168.2776853097137,-114.72224793649586,427.8562060668828,0.0,2506.793378350706,2765.661908429078,-24.34368185456457,207.52807820024432,-148.24569610525236,-10.005336132119842,-0.47183967437757107,0.0,208.4935346573265,208.9509944645466,10.01645565032959,198.934538814217,338.51909787198883,182.7,155.81909787198882,11.092841148376465,False,0.0,0.0,True,False,False,52918.304821970836,340.8678312094628
3273.7230000000127,50.7,True,False,BLACKOUT,-206.80071024055007,2953.853586422924,-1183.1540495508632,-114.72224793649586,427.8562060668828,0.0,2527.6750599683223,2790.877050992119,-24.493810362465673,208.6139892625536,-149.28158871773942,-9.923674110825019,-0.46798859121275194,0.0,209.58903199746453,210.04700250684192,9.93470287322998,200.11229963361194,339.06874290585307,182.7,156.36874290585308,11.102775573730469,False,0.0,0.0,True,False,False,53723.416351267646,345.0210474170149
3273.823000000004,50.8,True,False,BLACKOUT,-209.2614211905481,2974.766840349635,-1198.1362892190332,-114.72224793649586,427.8562060668828,0.0,2548.6646374723628,2816.2425324971014,-24.720408637494817,209.65108927166983,-150.36320464565736,-9.89555003991504,-0.46666229369659595,0.0,210.6400862972746,211.10347660804263,9.906547546386719,201.1969290616559,338.2739211412487,182.7,155.57392114124872,9.985711097717285,False,0.0,0.0,True,False,False,54539.629042357774,349.0502159812057
3273.92300000001,50.9,True,False,BLACKOUT,-211.74350194876502,2995.7822013484815,-1213.229875912259,-114.72224793649586,427.8562060668828,0.0,2569.7581677996673,2841.757162879893,-24.92120652684371,210.65613070526345,-151.5085292188627,-9.965627302671223,-0.46996705351710816,0.0,211.65514051111697,212.12513273647383,9.976702690124512,202.14843004634932,337.44009060416886,182.7,154.74009060416887,9.961597442626953,False,0.0,0.0,True,False,False,55366.89629190204,352.9702790381034
3274.024000000005,51.0,True,False,BLACKOUT,-214.24194787220358,3016.8993112906223,-1228.4381333254007,-114.72224793649586,427.8562060668828,0.0,2590.955107944149,2867.421946416305,-25.047711941927652,211.6860681375456,-152.65661904396666,-10.01258363174668,-0.4721814577838277,0.0,212.6903334772356,213.1628000310077,10.023711204528809,203.13908882647888,335.36341232600137,182.7,152.6634123260014,10.655435562133789,False,[-103.04250815],109.29358074243088,True,False,False,56205.32118236956,356.9930274162863
3274.123000000007,51.1,True,False,BLACKOUT,-216.7508892668423,3038.1128731307645,-1243.7576100023248,-114.72224793649586,427.8562060668828,0.0,2612.2499328362824,2893.2304961827454,-25.131115950846937,212.58516866529325,-153.7329144945168,-10.011629110896772,-0.4721364437232245,0.0,213.59310415512007,214.06547345470287,10.02275562286377,204.0427178318391,335.30720982823277,182.7,152.6072098282328,10.015569686889648,False,0.0,0.0,True,False,False,57054.81124034452,360.5245716211367
3274.2230000000127,51.2,True,False,BLACKOUT,-219.271479780141,3059.4166682213167,-1259.1878146399135,-114.72224793649586,427.8562060668828,0.0,2633.636460837667,2919.177103293186,-25.280694315126855,213.49073314575605,-154.8711782572575,-10.031551161330007,-0.47307594377252066,0.0,214.50652196850618,214.9823403076804,10.042699813842773,204.93964049383763,335.40577740598684,182.7,152.70577740598685,10.141380310058594,False,0.0,0.0,True,False,False,57915.22082827975,364.1273919006961
3274.323000000004,51.3,True,False,BLACKOUT,-221.8105048435166,3080.814486285868,-1274.7358343133233,-114.72224793649586,427.8562060668828,0.0,2655.118741478403,2945.2685749575276,-25.499806952385462,214.4656281452775,-156.08921521093396,-10.029348714019644,-0.47297207899396315,0.0,215.49463321501582,215.9762621455362,10.040494918823242,205.93576722671295,334.657152081455,182.7,151.95715208145504,9.794327735900879,False,0.0,0.0,True,False,False,58786.812245260386,368.0563869879644
3274.42300000001,51.4,True,False,BLACKOUT,-224.36912096996616,3102.308855378534,-1290.4054685024644,-114.72224793649586,427.8562060668828,0.0,2676.6993499786504,2971.5089909534504,-25.672515576605143,215.42175370805026,-157.3034685718883,-10.04612713291127,-0.4737633291430691,0.0,216.46029264636564,216.94609935807304,10.057291984558105,206.88880737351494,333.3800901654856,182.7,150.68009016548564,10.200349807739258,False,0.0,0.0,True,False,False,59669.8083768754,371.9251205692529
3274.523000000001,51.5,True,False,BLACKOUT,-226.94304308537284,3123.899588306888,-1306.1929379358864,-114.72224793649586,427.8562060668828,0.0,2698.3779249363815,2997.8964986966366,-25.805926731528412,216.39290485901662,-158.4459200965545,-10.034594768231656,-0.47321947663043207,0.0,217.43884380731248,217.92621487053006,10.045746803283691,207.88046806724637,332.3077544646915,182.7,149.60775446469154,10.76441478729248,False,0.0,0.0,True,False,False,60564.330670835,375.8762112724967
3274.623000000007,51.6,True,False,BLACKOUT,-229.52761917124744,3145.5855454595376,-1322.0975416855358,-114.72224793649586,427.8562060668828,0.0,2720.153127208096,3024.4296892457132,-25.885594985963625,217.32623819397898,-159.64615489643475,-10.038695778470029,-0.47341287536386195,0.0,218.3753928912778,218.86241759453227,10.04985237121582,208.81256522331645,331.3832314369621,182.7,148.6832314369621,10.644034385681152,False,0.0,0.0,True,False,False,61470.45037516442,379.67640800267657
3274.7230000000127,51.7,True,False,BLACKOUT,-232.1229181934854,3167.365050749163,-1338.1196956326762,-114.72224793649586,427.8562060668828,0.0,2742.023272598034,3051.107331332236,-26.020385458795193,218.26386759852895,-160.79692404637345,-10.110063835389509,-0.4767785074918765,0.0,219.31850946292622,219.809409167334,10.121299743652344,209.68810942368165,331.0798936679775,182.7,148.37989366797754,10.45291519165039,False,0.0,0.0,True,False,False,62388.21228943616,383.55163782294375
3274.823000000004,51.8,True,False,BLACKOUT,-234.73215238888042,3189.238846151214,-1354.2589119436855,-114.72224793649586,427.8562060668828,0.0,2763.989229741278,3077.9300938625424,-26.164298449105896,219.21204044249652,-161.9874021738107,-10.026206987709271,-0.47282391894219733,0.0,220.27682044536624,220.7679532638209,10.037349700927734,210.73060356289318,330.81671879208193,182.7,148.11671879208197,10.276982307434082,False,0.0,0.0,True,False,False,63317.77198584409,387.5019074719194
3274.923999999999,51.9,True,False,BLACKOUT,-237.35714916590484,3211.2079961234026,-1370.5154594091682,-114.72224793649586,427.8562060668828,0.0,2786.0521363051303,3104.8992142563825,-26.335637091382583,220.17095900126964,-163.14354713584257,-9.95712330304336,-0.46956601507498763,0.0,221.24759206238383,221.74042700542398,9.968189239501953,211.77223776592203,330.18420115941313,182.7,147.48420115941315,9.923065185546875,False,0.0,0.0,True,False,False,64259.30214265997,391.54445268272434
3275.024000000005,52.0,True,False,BLACKOUT,-239.99638077068914,3233.274946926484,-1386.8889855994023,-114.72224793649586,427.8562060668828,0.0,2808.214365023374,3132.0167589431203,-26.44899500430319,221.1680570603574,-164.326976668842,-10.173238445372812,-0.4797577464709409,0.0,222.2445816217071,222.74393100731422,10.184544563293457,212.55938644402076,329.6245815682324,182.7,146.92458156823238,10.052063941955566,False,[-101.32910412],84.68010598197702,True,False,False,65213.04114644402,395.75051192070475
3275.1240000000107,52.1,True,False,BLACKOUT,-242.646246299793,3255.43780363832,-1403.38153507955,-114.72224793649586,427.8562060668828,0.0,2830.473854371719,3159.281876199737,-26.54831557777442,222.08907717635688,-165.5240129341138,-10.085835009744269,-0.47563590507931985,0.0,223.17272408489973,223.67022882150164,10.097043991088867,213.57318483041277,329.1012261811952,182.7,146.4012261811952,9.673136711120605,False,0.0,0.0,True,False,False,66179.02474328103,399.66293128771224
3275.224000000002,52.2,True,False,BLACKOUT,-245.30911324559165,3277.693594623668,-1419.9911956901449,-114.72224793649586,427.8562060668828,0.0,2852.8277323749176,3186.6912411535795,-26.709023338198453,223.02674253060644,-166.66919927778113,-10.24508090487039,-0.4831457508566205,0.0,224.11544248453748,224.62034594286834,10.25646686553955,214.3638790773288,328.7481543993793,182.7,146.0481543993793,9.803678512573242,False,0.0,0.0,True,False,False,67157.24664994076,403.7071991009795
3275.324000000008,52.3,True,False,BLACKOUT,-247.9865319075471,3300.042689413599,-1436.719171341713,-114.72224793649586,427.8562060668828,0.0,2875.2764327107566,3214.2458745097133,-26.839349900910463,223.95515326801404,-167.8903137535838,-10.415269495608168,-0.4911716410592195,0.0,225.0464467223358,225.5576675229711,10.426844596862793,215.1308229261083,328.58554910955627,182.7,145.88554910955625,8.84813404083252,False,0.0,0.0,True,False,False,68147.8483173517,407.72566414125185
3275.42300000001,52.4,True,False,BLACKOUT,-250.67869149977236,3322.4842124173024,-1453.5683082184134,-114.72224793649586,427.8562060668828,0.0,2897.8190850525125,3241.9463716032565,-27.003841943594846,224.87530680604664,-169.09242378042197,-10.359633885631014,-0.48854793229533855,0.0,225.97764642636957,226.4908631508747,10.371147155761719,216.11971599511298,328.3298111242662,182.7,145.62981112426618,8.93150806427002,False,0.0,0.0,True,False,False,69150.91045160312,411.75791047478447
3275.523000000001,52.5,True,False,BLACKOUT,-253.38487975198655,3345.020566315563,-1470.5387429695638,-114.72224793649586,427.8562060668828,0.0,2920.458051430818,3269.7950126485903,-27.119923100689146,225.85177115916,-170.31627124258807,-10.441648374704744,-0.49241563741866384,0.0,226.95782811888182,227.4742024158275,10.453252792358398,217.0209496234691,328.1751928116343,182.7,145.47519281163434,8.324185371398926,False,0.0,0.0,True,False,False,70166.67491505205,416.0419313903635
3275.623000000007,52.6,True,False,BLACKOUT,-256.10271129823525,3367.651182255224,-1487.6310782020448,-114.72224793649586,427.8562060668828,0.0,2943.1926436172316,3297.7915583425174,-27.23670782428477,226.7605476340552,-171.5304334070309,-10.478762279208107,-0.4941658847251516,0.0,227.87174804129336,228.39042058808437,10.490407943725586,217.90001264435878,327.99640658479757,182.7,145.29640658479758,8.556846618652344,False,0.0,0.0,True,False,False,71195.24163354095,420.06499894639614
3275.7230000000127,52.7,True,False,BLACKOUT,-258.83214106789677,3390.3750587153313,-1504.8450103845557,-114.72224793649586,427.8562060668828,0.0,2966.021849817668,3325.935074362564,-27.351887568945838,227.71698156810174,-172.74821024318587,-10.472264488073163,-0.4938594566738797,0.0,228.8342405248562,229.353764843901,10.483902931213379,218.8698619126876,327.8887817518103,182.7,145.18878175181032,8.470541000366211,False,0.0,0.0,True,False,False,72236.69299054549,424.32799396692104
3275.823000000004,52.8,True,False,BLACKOUT,-261.57313439745406,3413.197803602047,-1522.1794504305763,-114.72224793649586,427.8562060668828,0.0,2988.951260363436,3354.2301525299818,-27.467979022200865,228.73791616621384,-173.94059067722603,-10.482947119620922,-0.49436323678925326,0.0,229.86067351556275,230.38125827338027,10.494597434997559,219.8866608383827,328.06215142794855,182.7,145.36215142794853,9.297975540161133,False,0.0,0.0,True,False,False,73291.43860404732,428.90984629356774
3275.923999999999,52.9,True,False,BLACKOUT,-264.3269074101402,3436.1178798367364,-1539.6345506330035,-114.72224793649586,427.8562060668828,0.0,3011.979391033217,3382.6756275930034,-27.607481231522435,229.663608527571,-175.161413371322,-10.556611932797015,-0.497837181192831,0.0,230.79216458664808,231.31698187088264,10.568344116210938,220.7486377546717,327.84854511856787,182.7,145.1485451185679,8.775094985961914,False,0.0,0.0,True,False,False,74359.54246872649,433.11777495464446
3276.024000000005,53.0,True,False,BLACKOUT,-267.094534742369,3459.132858144741,-1557.2099957251944,-114.72224793649586,427.8562060668828,0.0,3035.1038623445493,3411.2693276851155,-27.74506541305217,230.63595763251692,-176.34748847249315,-10.542061681837458,-0.4971510087760113,0.0,231.77242555481854,232.29880242446941,10.553777694702148,221.74502472976727,327.378321995436,182.7,144.67832199543605,8.448994636535645,False,[-105.26106412],76.15594239454197,True,False,False,75441.0234295829,437.56703127762296
3276.1240000000107,53.1,True,False,BLACKOUT,-269.8764417505394,3482.245233809805,-1574.9056934641485,-114.72224793649586,427.8562060668828,0.0,3058.327182734777,3440.0135319443484,-27.893074750355918,231.61155566876144,-177.56646630658935,-10.599908312665542,-0.4998789866363594,0.0,232.75474582321337,233.28509669143617,10.611688613891602,222.67340807754456,327.02605501630563,182.7,144.32605501630567,8.511734008789062,False,0.0,0.0,True,False,False,76536.14644937716,442.0729435181816
3276.224000000002,53.2,True,False,BLACKOUT,-272.67295445668896,3505.453607975953,-1592.723769740806,-114.72224793649586,427.8562060668828,0.0,3081.647967229172,3468.9080703623513,-28.037179372635066,232.55592765420658,-178.79505922655883,-10.658343659945967,-0.502634727659834,0.0,233.70562130644387,234.23992596114326,10.670188903808594,223.56973705733466,326.5441075829738,182.7,143.84410758297383,8.910445213317871,False,0.0,0.0,True,False,False,77644.97890780316,446.4715681948702
3276.323000000004,53.3,True,False,BLACKOUT,-275.4825549829559,3528.7563733151605,-1610.6666905542772,-114.72224793649586,427.8562060668828,0.0,3105.0645280834456,3497.952674297229,-28.154831152704002,233.49937912994295,-180.06335704286772,-10.669494978378111,-0.5031606104875995,0.0,234.65490744090772,235.1906770501461,10.681352615356445,224.50932443478965,326.14715242084964,182.7,143.44715242084965,8.460288047790527,False,0.0,0.0,True,False,False,78767.57377245596,450.889676930556
3276.42300000001,53.4,True,False,BLACKOUT,-278.3042584102934,3552.153248007747,-1628.7380460834033,-114.72224793649586,427.8562060668828,0.0,3128.5765262226023,3527.1488064994746,-28.279237394045964,234.4381147217848,-181.3637535396514,-10.68927889954664,-0.5040935965261297,0.0,235.59976207399453,236.13755504343976,10.70115852355957,225.4363965198802,325.0880914323652,182.7,142.38809143236526,8.519516944885254,False,0.0,0.0,True,False,False,79904.05348524691,455.331341648205
3276.523000000001,53.5,True,False,BLACKOUT,-281.1380018991823,3575.646098461363,-1646.9373509325146,-114.72224793649586,427.8562060668828,0.0,3152.185814609891,3556.4980033348015,-28.395632383732586,235.4188943505383,-182.62234344257425,-10.729578350678832,-0.5059940703981435,0.0,236.58538087026866,237.12521535193594,10.74150276184082,226.38371259009512,324.4602148751564,182.7,141.7602148751564,8.483820915222168,False,0.0,0.0,True,False,False,81054.65808497684,459.9932803693173
3276.6240000000107,53.6,True,False,BLACKOUT,-283.9843214655364,3599.235182599477,-1665.2649187014222,-114.72224793649586,427.8562060668828,0.0,3175.8926717268446,3586.0007685144083,-28.530758943349834,236.36278841174294,-183.92901193557879,-10.770563685056468,-0.5079268897029261,0.0,237.53559797013864,238.0784995577255,10.782533645629883,227.29596591209562,323.6480387737597,182.7,140.94803877375975,8.296049118041992,False,0.0,0.0,True,False,False,82219.54499365701,464.53686349066095
3276.7230000000127,53.7,True,False,BLACKOUT,-286.84634720911544,3622.916767178728,-1683.7241969032384,-114.72224793649586,427.8562060668828,0.0,3199.693531374958,3615.655661973386,-28.70975592823031,237.26890317327718,-185.25655210074495,-10.680130931760555,-0.5036621893165764,0.0,238.4551534704634,238.9995449755261,10.692000389099121,228.30754458642699,322.2011213400261,182.7,139.5011213400261,8.046523094177246,False,0.0,0.0,True,False,False,83398.66317255613,468.96807387565764
3276.823000000004,53.8,True,False,BLACKOUT,-289.7218324445954,3646.686806063991,-1702.314477090804,-114.72224793649586,427.8562060668828,0.0,3223.5842297132162,3645.4588003389485,-28.7999487813691,238.1318745319804,-186.54905165056925,-10.763097083837337,-0.5075747737278683,0.0,239.320109443587,239.86710220020657,10.77505874633789,229.09204345386868,320.7169092520741,182.7,138.0169092520741,8.002787590026855,False,0.0,0.0,True,False,False,84591.93223258141,473.17422480196785
3276.92300000001,53.9,True,False,BLACKOUT,-292.60660831762715,3670.546956287441,-1721.0300408274602,-114.72224793649586,427.8562060668828,0.0,3247.566188276102,3675.4088954379945,-28.895568679265846,239.07112993702066,-187.76222308255007,-10.750002429543107,-0.506957245507258,0.0,240.2642741494499,240.81104430374864,10.76194953918457,230.04909476456407,319.485542880437,182.7,136.78554288043702,8.323240280151367,False,0.0,0.0,True,False,False,85799.57389180888,477.764166482495
3277.023000000001,54.0,True,False,BLACKOUT,-295.5025806525368,3694.498209012815,-1739.8728931551384,-114.72224793649586,427.8562060668828,0.0,3271.640491268491,3705.5079528242236,-29.02387801892766,239.9539245704685,-189.09482347101306,-10.814975577814458,-0.5100213013989159,0.0,241.15238624649427,241.70285768279132,10.826994895935059,230.87586278685626,318.39651006556073,182.7,135.69651006556074,7.9483795166015625,False,[-93.38223357],46.52903335924236,True,False,False,87021.78509867073,482.16009260283545
3277.123000000007,54.1,True,False,BLACKOUT,-298.4107164940388,3718.538074824857,-1758.8507367470495,-114.72224793649586,427.8562060668828,0.0,3295.804699136994,3735.757557579069,-29.138838811113636,240.84339167037822,-190.4620483672057,-10.806781178262664,-0.5096348633257535,0.0,242.04823435429762,242.59969340160197,10.818791389465332,231.78090201213664,317.29700454216186,182.7,134.59700454216187,7.687280654907227,False,0.0,0.0,True,False,False,88258.5703242569,486.62141881598177
3277.224000000002,54.2,True,False,BLACKOUT,-301.3273301703743,3742.667130161343,-1777.9627647088016,-114.72224793649586,427.8562060668828,0.0,3320.0591740526975,3766.1577916893557,-29.19343471559613,241.7377150593377,-191.77851086783784,-10.89065231517718,-0.5135901257386154,0.0,242.94173521128488,243.49410570402586,10.902755737304688,232.59134996672117,315.91133988799413,182.7,133.21133988799414,7.516495227813721,False,0.0,0.0,True,False,False,89510.09622125243,491.09598663323504
3277.324000000008,54.3,True,False,BLACKOUT,-304.2483539452537,3766.883307961955,-1797.2086376504722,-114.72224793649586,427.8562060668828,0.0,3344.40161046018,3796.7066016870613,-29.227040781992677,242.58584095290453,-193.13894796557594,-10.75817682416691,-0.5073427401719646,0.0,243.7937548296275,244.34015254087927,10.770133018493652,233.57001952238562,314.6444515477362,182.7,131.94445154773624,7.428297996520996,False,0.0,0.0,True,False,False,90776.37952627444,495.378081513636
3277.423999999999,54.4,True,False,BLACKOUT,-307.17689664664164,3791.1856256793726,-1816.5900820888326,-114.72224793649586,427.8562060668828,0.0,3368.8311885045578,3827.404225187685,-29.343813245765556,243.46051339544448,-194.4899408016327,-10.921051232184542,-0.5150237022734544,0.0,244.67010618857586,245.22251315606357,10.933188438415527,234.28932471764804,313.43872797818267,182.7,130.73872797818265,7.109860420227051,False,0.0,0.0,True,False,False,92057.50839927807,499.86749984066495
3277.524000000005,54.5,True,False,BLACKOUT,-310.1152810736486,3815.5747575151986,-1836.1061431793116,-114.72224793649586,427.8562060668828,0.0,3393.3487031582254,3858.2510532942797,-29.423875294373335,244.32212332107656,-195.83128100794846,-10.964158994160574,-0.5170566127229714,0.0,245.53408145619989,246.08751366426168,10.976344108581543,235.11116955568014,312.98194812884304,182.7,130.28194812884308,7.050905704498291,False,0.0,0.0,True,False,False,93353.65990103559,504.2947412752662
3277.6240000000107,54.6,True,False,BLACKOUT,-313.06233925398584,3840.053893238058,-1855.7561871117143,-114.72224793649586,427.8562060668828,0.0,3417.9572624829802,3889.24965438882,-29.51728831237159,245.26059113611606,-197.16959764010642,-10.924370144999987,-0.5151802182286855,0.0,246.47804443966552,247.0304189239713,10.936511039733887,236.0939078842374,312.50459778525203,182.7,129.80459778525207,6.821808338165283,False,0.0,0.0,True,False,False,94665.15606186067,509.1464829224531
3277.724000000002,54.7,True,False,BLACKOUT,-316.02001528993367,3864.6265597162646,-1875.539009026468,-207.7526877252398,395.36675858968334,0.0,3470.9487725881017,3945.2670323199713,-29.63623240658431,246.19273842801013,-198.48684065496775,-9.183326368709588,-6.043796391120055,0.0,253.0644006235496,247.97010046765658,10.993678092956543,236.97642237470004,311.055809352647,213.35,97.705809352647,6.639115810394287,False,0.0,0.0,True,False,False,95992.36076156542,514.0192579857
3277.824000000008,54.8,True,False,BLACKOUT,-318.9863443977481,3889.290686295146,-1895.4566839156228,-207.7526877252398,395.36675858968334,0.0,3495.6941140450926,3976.5102011147806,-29.6903497497049,247.08979314962068,-199.86665712812538,-9.126570407863365,-6.006443752482957,0.0,253.93025450864596,248.86719901783388,10.92573356628418,237.9414654515497,309.8604640972608,213.35,96.51046409726081,6.59500789642334,False,0.0,0.0,True,False,False,97335.30521558109,518.7329285469785
3277.923999999999,54.9,True,False,BLACKOUT,-321.9587634325556,3914.044473743121,-1915.510419131433,-207.7526877252398,395.36675858968334,0.0,3520.5306263184084,4007.906692607372,-29.758030946444833,247.98595580988714,-201.20804718807997,-9.171027982527484,-6.03570248929846,0.0,254.8545223771879,249.76503895612146,10.978955268859863,238.7860836872616,309.55298138801663,213.35,96.20298138801664,6.66470193862915,False,0.0,0.0,True,False,False,98694.02091680549,523.4636069907299
3278.023000000001,55.0,True,False,BLACKOUT,-324.94000461883394,3938.8886258294488,-1935.697914812754,-207.7526877252398,395.36675858968334,0.0,3545.45908040794,4039.4562144251,-29.86679277912183,248.8970859166619,-202.54186643834126,-9.250711774226609,-6.0881445558619305,0.0,255.817299170964,250.6826373898224,11.074347496032715,239.60828989378967,309.01137857673797,213.35,95.66137857673796,6.4552321434021,False,[-69.23420439],19.24015306756099,True,False,False,100068.69834343612,528.3293049982494
3278.123000000007,55.1,True,False,BLACKOUT,-327.9283729614815,3963.8243330173136,-1956.021793322996,-207.7526877252398,395.36675858968334,0.0,3570.48059171478,4071.161125743666,-29.900574073829844,249.8170578406365,-203.9357037664981,-9.210407035886321,-6.061618913371856,0.0,256.7138099702474,251.60009284198705,11.026097297668457,240.5739955443186,308.119415230962,213.35,94.769415230962,6.26755952835083,False,0.0,0.0,True,False,False,101459.56563151983,533.2597585429672
3278.2230000000127,55.2,True,False,BLACKOUT,-330.9239048151752,3988.851814066944,-1976.4830294266847,-207.7526877252398,395.36675858968334,0.0,3595.5953599727854,4103.022198120491,-30.010063000043427,250.73256315196608,-205.28901830727403,-9.227570446321186,-6.0729146197293025,0.0,257.64503762016113,252.5221220131441,11.04664421081543,241.47547780232867,307.33635296855033,213.35,93.98635296855036,6.099025249481201,False,0.0,0.0,True,False,False,102866.79254315111,538.2291682918681
3278.3250000000116,55.3,True,False,BLACKOUT,-333.927216229558,4013.9700399656845,-1997.0803096435761,-207.7526877252398,395.36675858968334,0.0,3620.80235854271,4135.038026765235,-30.056165287611663,251.63195482284686,-206.65658603055803,-9.240118974572287,-6.081173146837332,0.0,258.55243977194533,253.4206261529702,11.061666488647461,242.35895966432273,306.57197594975224,213.35,93.22197594975225,5.95683479309082,False,0.0,0.0,True,False,False,104290.46749813073,543.1178859303368
3278.423999999999,55.4,True,False,BLACKOUT,-336.9348255716512,4039.1750215987167,-2017.8144658051162,-207.7526877252398,395.36675858968334,0.0,3646.097459244813,4167.205526575797,-30.096021554252147,252.46767783779742,-208.0265372002429,-9.234661257009545,-6.077581274743813,0.0,259.3855187997635,254.25518454144427,11.055132865905762,243.2000516755385,305.9546275153353,213.35,92.6046275153353,5.823110103607178,False,0.0,0.0,True,False,False,105730.48509907785,547.7040475197406
3278.524000000005,55.5,True,False,BLACKOUT,-339.943730415846,4064.464365981504,-2038.6887960395218,-207.7526877252398,395.36675858968334,0.0,3671.47813888848,4199.524226794399,-30.08207532964411,253.31920981794624,-209.46006748786868,-9.26283091848029,-6.096120493704392,0.0,260.24940833468685,255.09910489636584,11.088855743408203,244.01024915295764,306.0055526834808,213.35,92.6555526834808,5.691991806030273,False,0.0,0.0,True,False,False,107186.83562613025,552.3969116533084
3278.6240000000107,55.6,True,False,BLACKOUT,-342.95892227563826,4089.8400415327624,-2059.708146306378,-207.7526877252398,395.36675858968334,0.0,3696.946518985839,4231.9984891540735,-30.221761866200026,254.19430120721478,-210.92693784924796,-9.254950646676082,-6.090934272897343,0.0,261.12834197316187,255.98456527009893,11.079421997070312,244.9051432730286,306.1841356697788,213.35,92.83413566977886,5.37502908706665,False,0.0,0.0,True,False,False,108659.80889908111,557.3589513763927
3278.724000000002,55.7,True,False,BLACKOUT,-345.9841108233728,4115.30578930059,-2080.8704442451094,-207.7526877252398,395.36675858968334,0.0,3722.5064564803824,4264.630830947853,-30.282009088491126,255.1206541493224,-212.31902092538272,-9.332293140474624,-6.141835467751157,0.0,262.1010856124294,256.9115572488198,11.172011375427246,245.73954587339256,305.7800102152152,213.35,92.43001021521522,5.351280212402344,False,0.0,0.0,True,False,False,110149.8106305089,562.5562823378647
3278.824000000008,55.8,True,False,BLACKOUT,-349.0174717207587,4140.868943381059,-2102.176137491567,-207.7526877252398,395.36675858968334,0.0,3748.165198530378,4297.427936395587,-30.38520885922672,256.14242746006033,-213.79484400376012,-9.282404933694727,-6.109002684510092,0.0,263.0991086005271,257.93837260584377,11.112288475036621,246.82608413080715,305.4464630301781,213.35,92.0964630301781,5.218116283416748,False,0.0,0.0,True,False,False,111657.48454208014,568.3776478496549
3278.92300000001,55.9,True,False,BLACKOUT,-352.0609606406043,4166.529652674183,-2123.625247384978,-207.7526877252398,395.36675858968334,0.0,3773.92295249275,4330.390125921971,-30.484569537686173,257.0717584024276,-215.18735386446775,-9.289103802032939,-6.113411391623565,0.0,264.0372726856471,258.87293784405915,11.120307922363281,247.75262992169587,305.22115528380533,213.35,91.87115528380532,5.323253154754639,False,0.0,0.0,True,False,False,113183.0168653157,573.6952581774982
3279.024000000005,56.0,True,False,BLACKOUT,-355.110968727436,4192.277677249836,-2145.213738493003,-207.7526877252398,395.36675858968334,0.0,3799.7693334228343,4363.506499484071,-30.515592198947363,257.88873311064964,-216.58246829603226,-9.293450219639466,-6.116271887046458,0.0,264.8566064383206,259.6878896534614,11.125511169433594,248.56237848402782,305.17653407065967,213.35,91.82653407065969,5.119686603546143,False,[-61.99829432],12.74554877600169,True,False,False,114725.87495492908,578.3927491453903
3279.1240000000107,56.1,True,False,BLACKOUT,-358.1671965418242,4218.10788254671,-2166.942790699984,-207.7526877252398,395.36675858968334,0.0,3825.6991812288074,4396.773280875579,-30.60896408881695,258.71537282682596,-217.99857584358676,-9.33131806438401,-6.141193743704672,0.0,265.70987764076625,260.51977433491305,11.170844078063965,249.3489302568491,305.1537170350714,213.35,91.8037170350714,4.902036190032959,False,0.0,0.0,True,False,False,116285.87048708406,583.2280838969997
3279.2230000000127,56.2,True,False,BLACKOUT,-361.23517174930504,4244.023986335116,-2188.8137041154164,-207.7526877252398,395.36675858968334,0.0,3851.716413442111,4430.194663996472,-30.750540060799384,259.60670294128806,-219.41969246505965,-9.33061304613222,-6.1407297520534145,0.0,266.6092857655482,261.4215674462936,11.170000076293945,250.25156736999963,304.9038957605524,213.35,91.55389576055245,5.003754615783691,False,0.0,0.0,True,False,False,117863.42928500945,588.4939462090098
3279.324000000008,56.3,True,False,BLACKOUT,-364.3123508162094,4270.02531729762,-2210.8244367569087,-207.7526877252398,395.36675858968334,0.0,3877.8202478552075,4463.769098512749,-30.79304127728836,260.41991630877845,-220.79496036478818,-9.34063705140035,-6.147326822050896,0.0,267.4290574291462,262.2341400378218,11.182000160217285,251.05213987760453,304.62446794651987,213.35,91.27446794651988,4.869797229766846,False,0.0,0.0,True,False,False,119458.65281094934,593.2702609107957
3279.423999999999,56.4,True,False,BLACKOUT,-367.39470887824115,4296.1177955089315,-2232.9751133293607,-207.7526877252398,395.36675858968334,0.0,3904.0164224737073,4497.501760276774,-30.854119963346402,261.42964791746186,-222.21857108425502,-9.359348315465983,-6.159641212903702,0.0,268.4512113317593,263.24406456549144,11.204400062561035,252.0396645029304,304.58995751497457,213.35,91.23995751497458,4.983301162719727,False,0.0,0.0,True,False,False,121072.0969584738,599.2225107386814
3279.5250000000087,56.5,True,False,BLACKOUT,-370.4831597697263,4322.305072342345,-2255.266660760853,-207.7526877252398,395.36675858968334,0.0,3930.308604492835,4531.3964114486635,-30.91489786635663,262.31588875080035,-223.61237754559434,-9.32724807766265,-6.13851517495182,0.0,269.32098620517894,264.13132415752875,11.165971755981445,252.9653524015473,304.9713304057743,213.35,91.62133040577432,5.000603675842285,False,0.0,0.0,True,False,False,122704.1861223728,604.4986667342607
3279.623000000007,56.6,True,False,BLACKOUT,-373.5781533960574,4348.576962712441,-2277.698464084872,-207.7526877252398,395.36675858968334,0.0,3956.686619261783,4565.444041529786,-30.98497466026559,263.1219186511171,-225.0236889347768,-9.356666059586003,-6.157875947491518,0.0,270.14698131201664,264.94001722907467,11.201189041137695,253.73882818793697,304.72839028929235,213.35,91.37839028929237,4.927042007446289,False,0.0,0.0,True,False,False,124354.38021494317,609.3841846656569
3279.724000000002,56.7,True,False,BLACKOUT,-376.68060532345584,4374.93116580972,-2300.2704575410826,-207.7526877252398,395.36675858968334,0.0,3983.148191136834,4599.642778563668,-31.064063887702613,263.96214329448514,-226.41618018943876,-9.3418805920682,-6.148145229923905,0.0,270.98232638655355,265.7837262848077,11.183488845825195,254.6002374389825,305.19965200903374,213.35,91.84965200903376,5.431970596313477,False,0.0,0.0,True,False,False,126022.67911422972,614.4837070498237
3279.824000000008,56.8,True,False,BLACKOUT,-379.7931429790809,4401.371320393348,-2322.9830659811123,-207.7526877252398,395.36675858968334,0.0,4009.69705432165,4633.996201149795,-31.18668922479934,264.84094837806686,-227.83598861115607,-9.261271115387625,-6.0950939449437564,0.0,271.82174855763236,266.6708411555303,11.08698844909668,255.58385270643362,305.7077110354674,213.35,92.35771103546743,5.335470199584961,False,0.0,0.0,True,False,False,127709.50473700077,619.8860536368062
3279.92300000001,56.9,True,False,BLACKOUT,-382.91728025568716,4427.901028690862,-2345.8365295720796,-207.7526877252398,395.36675858968334,0.0,4036.3368632978104,4668.507716336301,-31.29605630732618,265.7532175722252,-229.23328320819354,-9.211620304584038,-6.0624173984395,0.0,272.7113157316081,267.5896406634267,11.027549743652344,256.56209091977433,305.95090811820234,213.35,92.60090811820234,5.2652153968811035,False,0.0,0.0,True,False,False,129415.29146258996,625.4998509331085
3280.023000000001,57.0,True,False,BLACKOUT,-386.0487527896601,4454.516419745555,-2368.826641900742,-207.7526877252398,395.36675858968334,0.0,4063.0635558011254,4703.171814622344,-31.333394372133235,266.55460352162515,-230.56896336505065,-9.134311269278802,-6.011538223528458,0.0,273.4686470446779,268.3898997008837,10.9350004196167,257.454899281267,305.866678666548,213.35,92.51667866654799,5.048305988311768,False,[-71.89915206],15.16664703926097,True,False,False,131139.90610252385,630.421573494832
3280.1240000000107,57.1,True,False,BLACKOUT,-389.18259725600507,4481.215681184589,-2391.9548925362305,-207.7526877252398,395.36675858968334,0.0,4089.8750873764216,4737.987593722709,-31.343494954764974,267.430625259048,-231.99604934472998,-8.927743311396187,-5.8755902425631,0.0,274.22391098069886,269.2611260513198,10.687710762023926,258.5734152892959,306.0745939545059,213.35,92.72459395450586,5.065154552459717,False,0.0,0.0,True,False,False,132883.3722189961,635.8585784332347
3280.2230000000127,57.2,True,False,BLACKOUT,-392.3203697851342,4508.002968855475,-2415.2242410682625,-207.7526877252398,395.36675858968334,0.0,4116.775659086894,4772.96029334983,-31.41195562781718,268.3151281586701,-233.39092129590506,-8.953335075620831,-5.892432877361568,0.0,275.1257460988277,270.14758735766554,10.718347549438477,259.42923980822707,306.1263861376498,213.35,92.7763861376498,5.2472968101501465,False,0.0,0.0,True,False,False,134646.17979824552,641.4015922212861
3280.324000000008,57.3,True,False,BLACKOUT,-395.4608240118203,4534.874700311366,-2438.637932191029,-207.7526877252398,395.36675858968334,0.0,4143.761617661549,4808.088529584912,-31.39712890590524,269.11950095913693,-234.88290115942968,-9.34481378664797,-6.1500756449068765,0.0,276.1514881471555,270.94480157410095,11.187000274658203,259.75780129944275,305.33216805311025,213.35,91.98216805311027,4.906828880310059,False,0.0,0.0,True,False,False,136428.25283750086,646.538512845842
3280.423999999999,57.4,True,False,BLACKOUT,-398.6006681329089,4561.823114605051,-2462.1937921221643,-207.7526877252398,395.36675858968334,0.0,4170.825040469396,4843.364511181402,-31.399753515865356,269.8487849145694,-236.2342974632726,-9.402395853626517,-6.187971966416692,0.0,276.91185401404016,271.66948897645216,11.25593376159668,260.4135552148555,305.1076286350309,213.35,91.75762863503091,4.843055248260498,False,0.0,0.0,True,False,False,138229.15221222,651.1556753544485
3280.523000000001,57.5,True,False,BLACKOUT,-401.74455855025576,4588.851403611816,-2485.889000058729,-207.7526877252398,395.36675858968334,0.0,4197.969308365961,4878.789853498055,-31.478054831072214,270.7169952207258,-237.66986126801308,-9.467142817957173,-6.230583701385725,0.0,277.82088063799,272.5409316731827,11.333444595336914,261.20748707784577,306.16086518025287,213.35,92.81086518025288,5.143049716949463,False,0.0,0.0,True,False,False,140049.26864699877,656.7476830602158
3280.623000000007,57.6,True,False,BLACKOUT,-404.9019902330291,4615.9653086734215,-2509.7305108853825,-207.7526877252398,395.36675858968334,0.0,4225.200583220666,4914.373531358525,-31.670578824394926,271.5611060113812,-239.16035526505243,-9.418027343046472,-6.198259473965813,0.0,278.6493157397891,273.40164568121537,11.274646759033203,262.12699892218217,306.665689170773,213.35,93.31568917077304,4.828480243682861,False,0.0,0.0,True,False,False,141889.27336721672,662.3658795908996
3280.724000000002,57.7,True,False,BLACKOUT,-408.0766744040076,4643.169508456099,-2533.7197948901553,-207.7526877252398,395.36675858968334,0.0,4252.523709682469,4950.1205945340125,-31.823104595174826,272.52288964217047,-240.6253248303998,-9.458037327993354,-6.224591131245757,0.0,279.6432625174288,274.37462594962034,11.32254409790039,263.05208185171995,306.4761826850405,213.35,93.12618268504053,4.479426383972168,False,0.0,0.0,True,False,False,143749.73796939955,668.6914027684824
3280.823000000004,57.8,True,False,BLACKOUT,-411.26182849236915,4670.4740463000435,-2557.856146018162,-207.7526877252398,395.36675858968334,0.0,4279.948398264868,4986.039145006072,-31.87997717205571,273.5678672367313,-242.10169772973478,-9.49642059286096,-6.249852199879523,0.0,280.71155964056743,275.41915497827057,11.368494033813477,264.0506609444571,305.9082827314917,213.35,92.55828273149167,4.424510955810547,False,0.0,0.0,True,False,False,145631.61419459962,675.5167458643547
3280.92300000001,57.9,True,False,BLACKOUT,-414.45295048142145,4697.876982674686,-2582.1358795264205,-207.7526877252398,395.36675858968334,0.0,4307.472487083283,5022.125538785061,-31.94246260899035,274.49086025610677,-243.49297243543685,-9.4842648035908,-6.241852144956883,0.0,281.62959088264284,276.3431802698671,11.353941917419434,264.98923835244767,306.1658669989969,213.35,92.8158669989969,4.8962836265563965,False,0.0,0.0,True,False,False,147534.91492369026,681.5684920320599
3281.024000000005,58.0,True,False,BLACKOUT,-417.6494624499098,4725.365704863163,-2606.5548403727603,-207.7526877252398,395.36675858968334,0.0,4335.08333608124,5058.366897195173,-31.987776760776597,275.283583513427,-244.88624449135406,-9.496917690475783,-6.250179353314986,0.0,282.43069658878625,277.1358317036814,11.369089126586914,265.7667425770945,306.24060047597834,213.35,92.89060047597839,4.683207035064697,False,[-85.77775449],19.37714869640853,True,False,False,149458.81153387055,686.8546783326093
3281.123000000007,58.1,True,False,BLACKOUT,-420.85660051975213,4752.938323841641,-2631.1117862216947,-207.7526877252398,395.36675858968334,0.0,4362.779300393355,5094.761275617871,-32.1549846360702,276.16879605612763,-246.25267248733786,-9.554930734713334,-6.288359312659072,0.0,283.35985434667896,278.03443483143764,11.438538551330566,266.59589628010707,306.3300801580698,213.35,92.9800801580698,4.767754077911377,False,0.0,0.0,True,False,False,151403.3495647753,692.8107706344231
3281.224000000002,58.2,True,False,BLACKOUT,-424.07737156846025,4780.595490087609,-2655.807324278044,-207.7526877252398,395.36675858968334,0.0,4390.561171011602,5131.309768478577,-32.26043633809207,276.9745288632219,-247.6580886396368,-9.516965701012046,-6.26337349330995,0.0,284.1495641171177,278.8469569346738,11.393089294433594,267.4538676402402,306.39620512764424,213.35,93.04620512764424,4.983429431915283,False,0.0,0.0,True,False,False,153368.77791892202,698.3093935996143
3281.323000000004,58.3,True,False,BLACKOUT,-427.3115161429786,4808.336487740991,-2680.6428894806168,-207.7526877252398,395.36675858968334,0.0,4418.428217086019,5168.012597746345,-32.42245515227518,277.84542420444143,-249.05321541181942,-9.515507866660883,-6.262414052946333,0.0,285.0298089555405,279.7307551011281,11.39134407043457,268.33941103069355,307.1534870047386,213.35,93.80348700473863,5.146268844604492,False,0.0,0.0,True,False,False,155355.22216279656,704.2737791268222
3281.42300000001,58.4,True,False,BLACKOUT,-430.559191027948,4836.166439459711,-2705.6210331949183,-207.7526877252398,395.36675858968334,0.0,4446.385559477419,5204.87557188412,-32.531042547112165,278.7536101699472,-250.50965887421054,-9.573823630599769,-6.300793240344066,0.0,285.9773536558057,280.64540600548037,11.461155891418457,269.1842501140619,307.12500299957065,213.35,93.77500299957066,5.428590297698975,False,0.0,0.0,True,False,False,157363.30189680407,710.5453223565229
3281.523000000001,58.5,True,False,BLACKOUT,-433.81149801349346,4864.08440756192,-2730.7409131544364,-207.7526877252398,395.36675858968334,0.0,4474.431808838402,5241.897170559569,-32.51509716379783,279.60575187422006,-251.88794031614603,-9.479602920190253,-6.238784032930716,0.0,286.77122014424964,281.48997855113623,11.348361015319824,270.1416175358164,306.525689497917,213.35,93.17568949791703,5.73560905456543,False,0.0,0.0,True,False,False,159393.09846611248,716.3388326171216
3281.623000000007,58.6,True,False,BLACKOUT,-437.0639701570463,4892.090721530658,-2756.0017154136267,-207.7526877252398,395.36675858968334,0.0,4502.567052597673,5279.0771464812815,-32.53434570725943,280.52052750053406,-253.32810486766377,-9.543960332063138,-6.281139392851767,0.0,287.72166055499656,282.40086756201254,11.425405502319336,270.9754620596932,305.88471510012835,213.35,92.53471510012837,5.752293586730957,False,0.0,0.0,True,False,False,161444.81097886997,722.6625988044899
3281.7230000000127,58.7,True,False,BLACKOUT,-440.31759040726143,4920.186996011443,-2781.402870045775,-207.7526877252398,395.36675858968334,0.0,4530.792934458714,5316.416701166292,-32.5380592970444,281.40496211517564,-254.69498777530697,-9.570646666997344,-6.2987023943494735,0.0,288.6189540122551,283.2798581012448,11.457352638244629,271.8225054630002,306.2746550590454,213.35,92.92465505904545,5.353320121765137,False,0.0,0.0,True,False,False,163518.76115161236,728.7375970197543
3281.823000000004,58.8,True,False,BLACKOUT,-443.57786459907646,4948.366724268956,-2806.9457336370256,-207.7526877252398,395.36675858968334,0.0,4559.103223389775,5353.911332204348,-32.66742453925669,282.18960303509925,-256.1622840497047,-9.512009064218093,-6.260111396073652,0.0,289.3776270226274,284.0741675815225,11.387155532836914,272.6870120486856,306.85269942616,213.35,93.50269942615999,5.659497261047363,False,0.0,0.0,True,False,False,165614.6223912887,734.4192176532081
3281.92300000001,58.9,True,False,BLACKOUT,-446.8474063494007,4976.625591501426,-2832.635680073525,-207.7526877252398,395.36675858968334,0.0,4587.493736083552,5391.560411850304,-32.72341046722942,282.9877416142857,-257.63664468027497,-9.609985888816533,-6.324592604205284,0.0,290.23414190390116,284.8734517229721,11.504446983337402,273.3690047396347,307.0651146424491,213.35,93.71511464244908,5.851833343505859,False,0.0,0.0,True,False,False,167732.26949007116,740.1840171503951
3282.023000000001,59.0,True,False,BLACKOUT,-450.1213918374776,5004.963913538921,-2858.4721888994677,-207.7526877252398,395.36675858968334,0.0,4615.964527555335,5429.363846194217,-32.75629929430717,283.7786991356024,-259.093531838583,-9.57769366299209,-6.303340213724641,0.0,291.0065932450269,285.66295739306656,11.465788841247559,274.197168551819,306.716800844116,213.35,93.36680084411601,7.097726345062256,False,[-88.72567995],18.18112187785828,True,False,False,169871.89268513594,745.9087599817498
3282.1240000000107,59.1,True,False,BLACKOUT,-453.39799338111413,5033.385894808941,-2884.4566331534766,-207.7526877252398,395.36675858968334,0.0,4644.519687128777,5467.325963637973,-32.775731578425024,284.6609262648039,-260.59535324159225,-9.605231596243998,-6.321463675194319,0.0,291.90344863433427,286.54160522066786,11.49875545501709,275.0428497656508,306.19690240084327,213.35,92.8469024008433,7.194455623626709,False,0.0,0.0,True,False,False,172034.0525955811,752.3171882216884
3282.224000000002,59.2,True,False,BLACKOUT,-456.67532838944356,5061.8982494439615,-2910.589222600072,-207.7526877252398,395.36675858968334,0.0,4673.165804480929,5505.4525934645535,-32.770968588164095,285.5861664356099,-262.0564356903114,-9.60649425605088,-6.322294665891769,0.0,292.8261302099423,287.46024915037265,11.500267028808594,275.95998212156405,305.93563410079173,213.35,92.58563410079175,7.9546403884887695,False,0.0,0.0,True,False,False,174219.52394044108,758.98123185
3282.324000000008,59.3,True,False,BLACKOUT,-459.95404649557025,5090.498734842121,-2936.8665368541924,-207.7526877252398,395.36675858968334,0.0,4701.9006582225575,5543.740150393744,-32.80339353436861,286.4235415275698,-263.4898493920981,-9.551287742097013,-6.285961760318733,0.0,293.63159526661536,288.2958684555957,11.43417739868164,276.8616910569141,305.4268031679192,213.35,92.07680316791922,8.779351234436035,False,0.0,0.0,True,False,False,176428.28823523887,765.1096762245027
3282.423999999999,59.4,True,False,BLACKOUT,-463.2356820012525,5119.185135921411,-2963.290596345196,-207.7526877252398,395.36675858968334,0.0,4730.722103694233,5582.187992245429,-32.82931657927584,287.3044800582123,-264.99134042796885,-9.633159081953677,-6.33984351171198,0.0,294.55907809381625,289.17404497738386,11.532188415527344,277.6418565618565,305.04358323225034,213.35,91.69358323225033,9.971124649047852,False,0.0,0.0,True,False,False,178660.38176962186,771.6528594576259
3282.523000000001,59.5,True,False,BLACKOUT,-466.5192665736023,5147.9581498968055,-2989.8673690900964,-207.7526877252398,395.36675858968334,0.0,4759.630770874506,5620.799939493059,-32.84237486772005,288.15579944968164,-266.544114470044,-9.651128682751041,-6.3516697938333495,0.0,295.4191654917327,290.02135497827913,11.55370044708252,278.4676545311966,305.0799180475597,213.35,91.72991804755969,10.425426483154297,False,0.0,0.0,True,False,False,180916.11291625904,778.0921438515297
3282.6240000000107,59.6,True,False,BLACKOUT,-469.80394199512426,5176.814648209785,-3016.5968645646903,-207.7526877252398,395.36675858968334,0.0,4788.623474550588,5659.573431303676,-32.85113356272023,288.9741668099257,-268.04579502183503,-9.623998624465141,-6.333814765951744,0.0,296.22002596019513,290.83546217723597,11.521222114562988,279.314240062673,304.55945989641805,213.35,91.20945989641808,11.242469787597656,False,0.0,0.0,True,False,False,183195.39933155326,784.2938080507655
3282.724000000002,59.7,True,False,BLACKOUT,-473.0900908871838,5205.755500819219,-3043.477584577697,-207.7526877252398,395.36675858968334,0.0,4817.701089615812,5698.508541426631,-32.87184427847137,289.842885378755,-269.56860523829727,-9.612962898089918,-6.326551854827599,0.0,297.0813207092019,291.7009707747819,11.508010864257812,280.1929599105241,304.07735542331176,213.35,90.72735542331176,12.092369079589844,False,0.0,0.0,True,False,False,185498.51839780418,790.9196575416103
3282.823000000004,59.8,True,False,BLACKOUT,-476.37697838475964,5234.782156895777,-3070.5059567289904,-207.7526877252398,395.36675858968334,0.0,4846.865008115498,5737.604660239555,-32.86590567304558,290.69023615240013,-270.99883778757356,-9.648747553310809,-6.3501027079061085,0.0,297.94630278189777,292.5422724155394,11.550849914550781,280.9914225009886,303.80394276456224,213.35,90.45394276456223,13.407115936279297,False,0.0,0.0,True,False,False,187825.76471153647,797.2925081792356
3282.92300000001,59.9,True,False,BLACKOUT,-479.66952793580225,5263.892832348805,-3097.6783089710725,-207.7526877252398,395.36675858968334,0.0,4876.1137085657165,5776.858645036452,-32.98508534780649,291.52327290815737,-272.44820705406806,-9.655014647759222,-6.354227252900959,0.0,298.7897208758536,293.38342574604667,11.55835247039795,281.8250732756487,303.8241782622771,213.35,90.47417826227709,13.54134464263916,False,0.0,0.0,True,False,False,190177.16254658744,803.732979418816
3283.023000000001,60.0,True,False,BLACKOUT,-606.1615670296071,5326.599907380073,-3495.7214258245376,-207.7526877252398,395.36675858968334,0.0,4947.301284825671,6057.710647580196,-37.029005283296215,287.77367553986693,-306.8282979157956,-9.617218499786045,-6.329352581834398,0.0,295.37771954739384,290.14623134894407,11.513105392456055,278.633125956488,301.0184733174339,213.35,87.66847331743391,13.131495475769043,True,[-63.7957399],7.7283647588977145,True,False,False,172659.87578405163,664.4152650703465
3283.1240000000107,60.1,True,False,BLACKOUT,-609.8664760603763,5355.41678253886,-3526.487760844515,-207.7526877252398,395.36675858968334,0.0,4976.3231143935445,6099.172703427378,-37.06917533208757,288.56382763587493,-308.4984024837492,-9.662961836550041,-6.35945751359355,0.0,296.1939308316727,290.93505526090865,11.567866325378418,279.36718893553024,300.89147636355716,213.35,87.5414763635572,14.300408363342285,False,0.0,0.0,True,False,False,174732.3957650169,669.4972023853064
3283.224000000002,60.2,True,False,BLACKOUT,-613.5713725607588,5384.304501041896,-3557.419144055422,-207.7526877252398,395.36675858968334,0.0,5005.415927075972,6140.799587148063,-37.02875467556451,289.19054242484907,-310.1292617343853,-9.656483634941486,-6.355194033245499,0.0,296.81058532417404,291.5515366119712,11.560111045837402,279.9914255661338,300.5050890843452,213.35,87.15508908434519,13.385157585144043,False,0.0,0.0,True,False,False,176824.82302353642,673.7455817301726
3283.323000000004,60.3,True,False,BLACKOUT,-617.2742542990616,5413.262994137523,-3588.51578317424,-207.7526877252398,395.36675858968334,0.0,5034.579480375123,6182.591371771619,-37.028880090491604,289.9793194876678,-311.8035206419768,-9.661150298126794,-6.358265290977777,0.0,297.5986505117737,292.333959182451,11.56569766998291,280.7682615124681,300.481354464152,213.35,87.13135446415203,14.085989952087402,False,0.0,0.0,True,False,False,178937.3115515834,678.8884126766093
3283.423999999999,60.4,True,False,BLACKOUT,-620.97628317896,5442.2944292042375,-3619.779132962434,-207.7526877252398,395.36675858968334,0.0,5063.8160168251125,6224.550877266955,-37.01169750747787,290.64938184663316,-313.463475121895,-9.664187054709652,-6.36026386292647,0.0,298.26601545010516,292.99646571283927,11.56933307647705,281.4271326363622,300.0872584295235,213.35,86.73725842952351,13.97836971282959,False,0.0,0.0,True,False,False,181070.2020054019,683.4615461552603
3283.523000000001,60.5,True,False,BLACKOUT,-624.6755280388752,5471.39715682289,-3651.2103056938295,-207.7526877252398,395.36675858968334,0.0,5093.123723076315,6266.677425475766,-36.9731996908267,291.4051705264073,-315.1599795060174,-9.623564460682964,-6.333529030980066,0.0,298.99220016807476,293.7413673708595,11.520702362060547,282.22066500879896,299.8907650350178,213.35,86.54076503501784,13.934837341308594,False,0.0,0.0,True,False,False,183223.56057224318,688.5446655360887
3283.625,60.6,True,False,BLACKOUT,-628.3714695518207,5500.571870955681,-3682.808792926759,-207.7526877252398,395.36675858968334,0.0,5122.503235621545,6308.9713903465945,-36.94563056808422,292.08911212943093,-316.80976515257436,-9.707323018888207,-6.388652812002498,0.0,299.71803676552094,294.4164211497596,11.620972633361816,282.7954485163978,299.6418165787125,213.35,86.29181657871253,13.653371810913086,False,0.0,0.0,True,False,False,185397.57514127967,693.2166780709983
3283.7230000000127,60.7,True,False,BLACKOUT,-632.0637209938493,5529.817338504739,-3714.5754339743085,-207.7526877252398,395.36675858968334,0.0,5151.953281090923,6351.4323790172675,-36.899398272488064,292.8202388517267,-318.5230557984152,-9.671677774056091,-6.365193708685536,0.0,300.42182314189773,295.13599894633995,11.578300476074219,283.55769847026573,299.4301620002469,213.35,86.08016200024696,13.382354736328125,False,0.0,0.0,True,False,False,187592.3346307904,698.275317421604
3283.823000000004,60.8,True,False,BLACKOUT,-635.7547492965026,5559.131182723143,-3746.513618403983,-207.7526877252398,395.36675858968334,0.0,5181.47168212426,6394.060766488078,-36.921167780577505,293.45664551634997,-320.24063279507715,-9.651511065531674,-6.351921450322168,0.0,301.04619413632514,295.770139513762,11.554158210754395,284.2159813030076,299.0382713471827,213.35,85.6882713471827,12.406575202941895,False,0.0,0.0,True,False,False,189807.89765620243,702.9012648967514
3283.923999999999,60.9,True,False,BLACKOUT,-639.4439559077462,5588.509575477688,-3778.6223738609833,-207.7526877252398,395.36675858968334,0.0,5211.054563869054,6436.853013069609,-36.862964444292984,294.11120957453466,-321.93447634493026,-9.718697313350448,-6.396138543976116,0.0,301.73080305347645,296.412350864496,11.634589195251465,284.7777616692445,298.6403523559696,213.35,85.2903523559696,12.54640007019043,False,0.0,0.0,True,False,False,192044.11252028256,707.6028341914548
3284.024000000005,61.0,True,False,BLACKOUT,-643.1267882777446,5617.949090276512,-3810.901591664387,-207.7526877252398,395.36675858968334,0.0,5240.698123215964,6479.8061514237825,-36.79368295567572,294.6790864019684,-323.6498797231387,-9.694937003318875,-6.380501238902215,0.0,302.2767231241623,296.9672356812137,11.606144905090332,285.3610907761234,298.4227581248737,213.35,85.07275812487372,11.795092582702637,False,[25.46114458],13.275833208440442,True,False,False,194300.88208374107,711.9412779918295
3284.1240000000107,61.1,True,False,BLACKOUT,-646.8037201180844,5647.4494072436455,-3843.3533379452956,-207.7526877252398,395.36675858968334,0.0,5270.402067901199,6522.921342284642,-36.74495385111918,295.3272529407109,-325.38504589503594,-9.737900098615354,-6.4087764182739235,0.0,302.94225912823185,297.60439842688396,11.657577514648438,285.9468209122355,298.45256286598146,213.35,85.10256286598148,11.993573188781738,False,0.0,0.0,True,False,False,196578.3809802113,716.7535731692377
3284.2230000000127,61.2,True,False,BLACKOUT,-650.480306383565,5677.008823874292,-3875.9783302991364,-207.7526877252398,395.36675858968334,0.0,5300.165153097281,6566.198189748404,-36.78677145849511,295.8610796722161,-327.11480118177667,-9.76076977542037,-6.423827573442621,0.0,303.49064222062935,298.13930472037555,11.684955596923828,286.4543491234517,298.53388498954456,213.35,85.18388498954455,11.142829895019531,False,0.0,0.0,True,False,False,198876.62317173718,720.9931816804786
3284.323000000004,61.3,True,False,BLACKOUT,-654.1595564502182,5706.629147966406,-3908.7791071536158,-207.7526877252398,395.36675858968334,0.0,5329.989424122019,6609.640033297818,-36.79822987456964,296.54540217007246,-328.90073590780463,-9.774462265490197,-6.432838972879696,0.0,304.1810293589434,298.81982074506317,11.701347351074219,287.11847339398895,298.53000308698944,213.35,85.18000308698946,11.721526145935059,False,0.0,0.0,True,False,False,201195.94684228976,726.1425565966917
3284.423999999999,61.4,True,False,BLACKOUT,-657.8377951307872,5736.319457725904,-3941.758022610869,-207.7526877252398,395.36675858968334,0.0,5359.883612385509,6653.255492398882,-36.76654373680914,297.26079301989205,-330.67757323726124,-9.772575843772408,-6.431597467534862,0.0,304.88972160861385,299.52588837221697,11.699089050292969,287.826799321924,298.29858488601354,213.35,84.94858488601358,11.705256462097168,False,0.0,0.0,True,False,False,203537.28118458204,731.4665510713334
3284.523000000001,61.5,True,False,BLACKOUT,-661.5148655101245,5766.078796127165,-3974.9103685309515,-207.7526877252398,395.36675858968334,0.0,5389.846742175337,6697.0411632296955,-36.77486384993874,297.9259750053388,-332.3693451643831,-9.830972067421387,-6.470029607652118,0.0,305.5861595830871,300.1870703312574,11.768997192382812,288.4180731388746,298.0672636875646,213.35,84.71726368756461,12.308518409729004,False,0.0,0.0,True,False,False,205900.58889900762,736.3824181527389
3284.6240000000107,61.6,True,False,BLACKOUT,-665.1906652042989,5795.90245188912,-4008.2369151220055,-207.7526877252398,395.36675858968334,0.0,5419.874101659683,6740.993876691191,-36.74113003354645,298.54714023376624,-334.1615866566946,-9.845026227871228,-6.479279032184866,0.0,306.20992284727396,300.79944411169055,11.785821914672852,289.0136221970177,297.8109601435755,213.35,84.46096014357556,12.248894691467285,False,0.0,0.0,True,False,False,208285.69520976447,741.3326810483144
3284.7230000000127,61.7,True,False,BLACKOUT,-668.8630427423326,5825.784746067304,-4041.738585179817,-207.7526877252398,395.36675858968334,0.0,5449.959841890991,6785.109657857847,-36.70642072712897,299.09874332989773,-335.87181449953226,-9.840330089346581,-6.476188375931576,0.0,306.7536889968559,301.342694592255,11.780200004577637,289.56249458767735,297.6279352456368,213.35,84.27793524563685,12.422781944274902,False,0.0,0.0,True,False,False,210692.352350839,745.7774602598327
3284.823000000004,61.8,True,False,BLACKOUT,-672.5324335893741,5855.726459344056,-4075.4179005757123,-207.7526877252398,395.36675858968334,0.0,5480.104768504696,6829.390846782812,-36.681396213701866,299.7355222051495,-337.7144934183736,-9.843119093752822,-6.478023895446889,0.0,307.38742481479176,301.97170082605464,11.783538818359375,290.18816200769527,297.53969379831403,213.35,84.18969379831402,12.03172492980957,False,0.0,0.0,True,False,False,213120.84653884408,750.9831716418167
3284.923999999999,61.9,True,False,BLACKOUT,-676.2002860543199,5885.726381707985,-4109.279890865699,-207.7526877252398,395.36675858968334,0.0,5510.307790273427,6873.83976864614,-36.67565308521484,300.2629250734311,-339.52531238135725,-9.832050705515087,-6.470739488664324,0.0,307.9060245666062,302.4945085499569,11.770288467407227,290.72422008254966,297.1829608511888,213.35,83.83296085118883,11.719635963439941,False,0.0,0.0,True,False,False,215571.38567490477,755.5916290815073
3285.023000000001,62.0,True,False,BLACKOUT,-679.8638325474593,5915.78283800917,-4143.324559494727,-207.7526877252398,395.36675858968334,0.0,5540.566994719814,6918.455104160951,-36.595276777571776,300.86620095027433,-341.36806019920886,-9.894422116821062,-6.511787807696579,0.0,308.5355143456095,303.0836273319262,11.844955444335938,291.2386718875903,296.5819315809966,213.35,83.2319315809966,11.85765266418457,False,[62.26615949],49.902615233522205,True,False,False,218044.00870643705,760.7000113149619
3285.123000000007,62.1,True,False,BLACKOUT,-683.5176119925312,5945.896431424494,-4177.548979507944,-207.7526877252398,395.36675858968334,0.0,5570.882507483241,6963.235410954497,-36.48031212386721,301.4056673562101,-343.1203400651389,-9.92775394583035,-6.533724389256195,0.0,309.08203981203076,303.6053186080526,11.884858131408691,291.7204604766439,296.20477463606545,213.35,82.85477463606549,12.167805671691895,False,0.0,0.0,True,False,False,220538.84819621663,765.303138154112
3285.224000000002,62.2,True,False,BLACKOUT,-687.1647637313328,5976.064995222902,-4211.9508620419565,-207.7526877252398,395.36675858968334,0.0,5601.2524266436685,7008.1779951166745,-36.4627226521636,301.96560861195786,-344.9173106151006,-9.967893781596489,-6.5601415048854665,0.0,309.6612898669149,304.159101339412,11.932910919189453,292.22619042022257,295.9100826599159,213.35,82.56008265991589,11.941023826599121,False,0.0,0.0,True,False,False,223055.79846550897,770.1306500203009
3285.324000000008,62.3,True,False,BLACKOUT,-690.8109440340214,6006.290493134281,-4246.534804420686,-207.7526877252398,395.36675858968334,0.0,5631.679184209978,7053.287763803502,-36.460883401609294,302.54434961562964,-346.76153695948994,-9.946815727444896,-6.54626946522375,0.0,310.22573489060414,304.73345648741963,11.90767765045166,292.82577883696797,295.5842856131896,213.35,82.2342856131896,10.656787872314453,False,0.0,0.0,True,False,False,225595.29029226353,775.1980867681485
3285.423999999999,62.4,True,False,BLACKOUT,-694.4548860835876,6036.570904294136,-4281.300728762308,-207.7526877252398,395.36675858968334,0.0,5662.160651500446,7098.5631766929155,-36.417957589713794,303.063873581475,-348.55694987294316,-9.946751200350665,-6.546226998191262,0.0,310.7396645886381,305.2441303370377,11.907600402832031,293.33652993420566,295.43382475420765,213.35,82.08382475420764,10.41261100769043,False,0.0,0.0,True,False,False,228157.320696953,779.8763461655705
3285.524000000005,62.5,True,False,BLACKOUT,-698.0946823814835,6066.902837168784,-4316.249478049295,-207.7526877252398,395.36675858968334,0.0,5692.693278435776,7144.0021219977725,-36.377968368205536,303.57478391147583,-350.41803586679555,-9.942796725094286,-6.543624450669407,0.0,311.2430649908059,305.746636955335,11.90286636352539,293.84377059180963,295.26763310895865,213.35,81.91763310895865,10.167684555053711,False,0.0,0.0,True,False,False,230741.80376314343,784.6999205001009
3285.623000000007,62.6,True,False,BLACKOUT,-701.7296314198081,6097.287580078319,-4351.383431861864,-207.7526877252398,395.36675858968334,0.0,5723.278280446221,7189.607224773088,-36.32101239828617,304.1200742792255,-352.2610403845685,-9.970552935183473,-6.561891566051452,0.0,311.79741919297925,306.28130129219136,11.936094284057617,294.34520700813374,295.20522854194917,213.35,81.85522854194917,9.745612144470215,False,0.0,0.0,True,False,False,233349.0821460325,789.6958460863164
3285.724000000002,62.7,True,False,BLACKOUT,-705.3606583803972,6127.724006710388,-4386.70708297945,-207.7526877252398,395.36675858968334,0.0,5753.914607685929,7235.3805943021125,-36.299526813494104,304.6084583621531,-354.2119819671691,-10.027285793736699,-6.59922900044235,0.0,312.31467356141815,306.7637014913126,12.004011154174805,294.7596903371378,295.1338343900283,213.35,81.78383439002833,9.617751121520996,False,0.0,0.0,True,False,False,235979.36187735188,794.6821924834697
3285.824000000008,62.8,True,False,BLACKOUT,-708.9847799778572,6158.207077352172,-4422.2200111319435,-207.7526877252398,395.36675858968334,0.0,5784.596973848607,7281.318010958887,-36.182905135704466,305.0529544735296,-356.0465810826892,-9.98783982339125,-6.573268536483412,0.0,312.725253719943,307.19132093385826,11.956789016723633,295.23453191713463,294.82350469512585,213.35,81.47350469512588,9.062945365905762,False,0.0,0.0,True,False,False,238632.38374822866,799.2016118551926
3285.92300000001,62.9,True,False,BLACKOUT,-712.5991783211946,6188.730510534928,-4457.915455856681,-207.7526877252398,395.36675858968334,0.0,5815.318868421587,7327.4104397792535,-36.10506173104327,305.4157091815851,-357.8623134120572,-9.988767898265076,-6.573879327753146,0.0,313.0807629698545,307.5424050395214,11.957900047302246,295.58450499221914,294.525871800311,213.35,81.17587180031099,9.562762260437012,False,0.0,0.0,True,False,False,241307.568291284,803.2661947554062
3286.024000000005,63.0,True,False,BLACKOUT,-716.2098053921421,6219.29750521831,-4493.79574940397,-207.7526877252398,395.36675858968334,0.0,5846.083986912299,7373.662469858083,-36.10747968790827,305.9241844860571,-359.743557533722,-10.067585752292226,-6.6257514972263145,0.0,313.63280848682376,308.04765336368297,12.052255630493164,295.9953977331898,294.4654719451605,213.35,81.11547194516051,9.419191360473633,False,[119.74293433],129.17496864366754,True,False,False,244005.37730199486,808.2796939283487
3286.1240000000107,63.1,True,False,BLACKOUT,-719.8162127232149,6249.91683121022,-4529.863254200162,-207.7526877252398,395.36675858968334,0.0,5876.90102064468,7420.082661817682,-36.020666933546565,306.46233535214407,-361.6065383901282,-10.117176019155547,-6.658388198119843,0.0,314.19035370009806,308.5719550377634,12.111621856689453,296.46033318107396,294.23337804691215,213.35,80.88337804691218,9.37671947479248,False,0.0,0.0,True,False,False,246726.7843260556,813.450982700708
3286.224000000002,63.2,True,False,BLACKOUT,-723.4143802793974,6280.583073962409,-4566.119367425083,-207.7526877252398,395.36675858968334,0.0,5907.7642183737435,7466.667538967539,-35.9426841901027,306.8625196916254,-363.5157261082823,-10.067326050653714,-6.62558058052766,0.0,314.55416571886025,308.96032518477614,12.051944732666016,296.9083804521101,293.57926246056695,213.35,80.22926246056697,9.012850761413574,False,0.0,0.0,True,False,False,249471.57063494826,818.0559752408785
3286.324000000008,63.3,True,False,BLACKOUT,-727.0030865574818,6311.28990491236,-4602.561258110054,-207.7526877252398,395.36675858968334,0.0,5938.667161062643,7513.410529482562,-35.83144137158504,307.27409930739674,-365.3220875911558,-10.046860605581927,-6.612111715532403,0.0,314.94348393895905,309.356209402587,12.027444839477539,297.3287645631095,293.3547547892138,213.35,80.00475478921383,9.130903244018555,False,0.0,0.0,True,False,False,252239.2550769394,822.4707251455231
3286.423999999999,63.4,True,False,BLACKOUT,-730.5843719177793,6342.037203563388,-4639.1867766077385,-207.7526877252398,395.36675858968334,0.0,5969.609899408785,7560.310595430023,-35.79426583436795,307.67187371317874,-367.1882823625277,-10.055232398585407,-6.617621419784452,0.0,315.3416949804469,309.747011835142,12.037467002868652,297.70954483227337,293.4362461110228,213.35,80.08624611102282,8.922920227050781,False,0.0,0.0,True,False,False,255029.86926890843,826.978365973842
3286.524000000005,63.5,True,False,BLACKOUT,-734.1626198428125,6372.825019603128,-4675.997793218137,-207.7526877252398,395.36675858968334,0.0,6000.592860608849,7607.369456058433,-35.77069266629653,308.0844470816105,-369.0320498454416,-10.139303236061501,-6.672950720272752,0.0,315.7992837153646,310.1541052241745,12.138111114501953,298.01599410967253,293.46132756843025,213.35,80.11132756843028,8.675277709960938,False,0.0,0.0,True,False,False,257843.59803748678,831.5251180864642
3286.623000000007,63.6,True,False,BLACKOUT,-737.7351313402547,6403.652604731028,-4712.991192620945,-280.7255416456134,318.36761897023115,0.0,6102.421742472299,7710.501741438183,-35.67953728254701,308.46725547639545,-370.8359382107133,-4.335069473008154,-11.293242078821462,0.0,321.29309276581574,310.5238752203065,12.096699714660645,298.42717550564583,293.28878473758607,249.0,44.288784737586056,8.329301834106445,False,0.0,0.0,True,False,False,260680.41659725082,835.8433101301118
3286.724000000002,63.7,True,False,BLACKOUT,-741.2994745461416,6434.519531201071,-4750.165744225619,-280.7255416456134,318.36761897023115,0.0,6133.469047867807,7757.803629814753,-35.60732683519073,308.8712739244592,-372.65509388277155,-4.351120527724641,-11.335056505940186,0.0,321.7282152383235,310.91694321806654,12.141489028930664,298.77545418913587,293.13242388319475,249.0,44.13242388319478,8.146514892578125,False,0.0,0.0,True,False,False,263540.3871935903,840.3284136129698
3286.823000000004,63.8,True,False,BLACKOUT,-744.8551279822252,6465.425072951936,-4787.522744647725,-280.7255416456134,318.36761897023115,0.0,6164.554453929743,7805.261407921218,-35.50574188648156,309.23956109284075,-374.48491455934453,-4.338921862846634,-11.303277897462626,0.0,322.0544710112704,311.271206268428,12.107449531555176,299.1637567368728,293.13092085628244,249.0,44.13092085628243,7.989846229553223,False,0.0,0.0,True,False,False,266423.6338324744,844.6896962813095
3286.92300000001,63.9,True,False,BLACKOUT,-748.4041729880554,6496.369372463813,-4825.066315257773,-280.7255416456134,318.36761897023115,0.0,6195.678249262474,7852.87806571701,-35.47515823012083,309.64642914468556,-376.38649764161363,-4.327777888799142,-11.274246852534272,0.0,322.4286581317478,311.67193959916716,12.076353073120117,299.59558652604704,293.19744564777284,249.0,44.197445647772874,7.952474594116211,False,0.0,0.0,True,False,False,269330.4638842488,849.4769151649872
3287.023000000001,64.0,True,False,BLACKOUT,-751.9475209807702,6527.35704142347,-4862.801966293598,-280.7255416456134,318.36761897023115,0.0,6226.845092175069,7900.660906869351,-35.3918016241738,310.1069500484461,-378.32652307488894,-4.328190058968163,-11.275320592534381,0.0,322.880027015959,312.12000911597175,12.077503204345703,300.04250591162605,293.233473144058,249.0,44.233473144057996,7.96683931350708,False,[177.20186777],219.59867655930273,True,False,False,272261.6367646714,854.6954032669225
3287.123000000007,64.1,True,False,BLACKOUT,-755.4802151314451,6558.3860576229135,-4900.729027394796,-280.7255416456134,318.36761897023115,0.0,6258.052581652068,7948.607872745519,-35.262081389326426,310.4733739404244,-380.21469894906215,-4.311199146901089,-11.231057753309273,0.0,323.18987992041554,312.4694069982821,12.030091285705566,300.43931571257656,292.90331769100214,249.0,43.90331769100217,7.899368762969971,False,0.0,0.0,True,False,False,275217.12102823285,859.2970887875977
3287.2230000000127,64.2,True,False,BLACKOUT,-759.0002220209324,6589.45339796598,-4938.842451699197,-280.7255416456134,318.36761897023115,0.0,6289.297537675478,7996.713592477661,-35.13805640042052,310.8734329209017,-382.0537871389619,-4.312273318411233,-11.233856065763955,0.0,323.57894634997257,312.8529595570825,12.033088684082031,300.81987087300047,292.7195434230808,249.0,43.71954342308079,8.301872253417969,False,0.0,0.0,True,False,False,278196.6057545059,863.9573828868848
3287.323000000004,64.3,True,False,BLACKOUT,-762.5092927224204,6620.557694129134,-4977.1431752587005,-280.7255416456134,318.36761897023115,0.0,6320.578717667632,8044.9779063249935,-35.04335762933876,311.2124903421728,-383.96068405108565,-4.320426153719692,-11.255094927872271,0.0,323.9278346612859,313.1792634561151,12.055838584899902,301.1234248712152,292.6681076380019,249.0,43.668107638001906,8.281752586364746,False,0.0,0.0,True,False,False,281200.14445552626,868.5167174106755
3287.42300000001,64.4,True,False,BLACKOUT,-766.0107802743416,6651.696150326417,-5015.635838394874,-280.7255416456134,318.36761897023115,0.0,6351.893579785578,8093.401936905908,-34.98639340908509,311.5566336034903,-385.8925786723716,-4.30689870143111,-11.219854709842119,0.0,324.23123354082315,313.51488587643615,12.018091201782227,301.4967946746539,292.6225093373329,249.0,43.62250933733284,8.091976165771484,False,0.0,0.0,True,False,False,284227.80228620226,873.1930149622874
3287.523000000001,64.5,True,False,BLACKOUT,-769.5057735593764,6682.868679125375,-5054.322592553058,-280.7255416456134,318.36761897023115,0.0,6383.242111954209,8141.987271509204,-34.91347229160833,311.893942375666,-387.842504491302,-4.287030458806001,-11.168096168244764,0.0,324.5104924150917,313.8419695293989,11.962650299072266,301.87931923032664,292.52527911115385,249.0,43.52527911115382,7.986234188079834,False,0.0,0.0,True,False,False,287279.79999522347,877.9231062867324
3287.623000000007,64.6,True,False,BLACKOUT,-772.9879981072388,6714.070251173467,-5093.202114680618,-280.7255416456134,318.36761897023115,0.0,6414.618810624138,8190.729043656624,-34.731018665639795,312.1374985861911,-389.7479380599137,-4.265186806913111,-11.11119150956562,0.0,324.6812014260554,314.06378600723366,11.901697158813477,302.1620888484202,292.3877485302045,249.0,43.3877485302045,7.815115928649902,False,0.0,0.0,True,False,False,290355.8157894098,882.0780303127741
3287.7230000000127,64.7,True,False,BLACKOUT,-776.4553326983024,6745.297088480908,-5132.271937745176,-280.7255416456134,318.36761897023115,0.0,6446.01973560444,8239.62290852977,-34.61567315563147,312.3992475626358,-391.6485232312264,-4.27056347449109,-11.125198207477506,0.0,324.9444455478805,314.3112067771662,11.91670036315918,302.394506414007,292.3427949528776,249.0,43.34279495287765,8.207256317138672,False,0.0,0.0,True,False,False,293455.5563171393,886.3216734393998
3287.823000000004,64.8,True,False,BLACKOUT,-779.9126812987872,6776.549929987498,-5171.534222201077,-280.7255416456134,318.36761897023115,0.0,6477.445990722844,8288.671351557397,-34.531298854065916,312.65758256916894,-393.59716588679436,-4.26246532179212,-11.104101798437197,0.0,325.173539126347,314.55869808120946,11.894103050231934,302.6645950309775,292.2171712373739,249.0,43.217171237373925,7.774518966674805,False,0.0,0.0,True,False,False,296579.2919690384,890.7224283433975
3287.92300000001,64.9,True,False,BLACKOUT,-783.3595999228784,6807.829785028728,-5210.9888404672165,-280.7255416456134,318.36761897023115,0.0,6508.898539787275,8337.875322689753,-34.40707362775758,312.9395182554221,-395.49519943600836,-4.232969522233902,-11.027262613553685,0.0,325.36894698968734,314.82533062249234,11.811797142028809,303.01353348046354,292.3235822576647,249.0,43.323582257664754,7.494922161102295,False,0.0,0.0,True,False,False,299727.2495980221,895.1217939441672
3288.024000000005,65.0,True,False,BLACKOUT,-786.7942244512454,6839.135294875478,-5250.631420767914,-280.7255416456134,318.36761897023115,0.0,6540.375875654805,8387.231182673018,-34.28541693958332,313.17067867957275,-397.35640657793715,-4.254711669532928,-11.083902843725339,0.0,325.6422529369704,315.04184452124014,11.872467041015625,303.1693774802245,292.3060624693974,249.0,43.30606246939735,7.389341354370117,False,[214.92787418],264.7169232225868,True,False,False,302899.2684936852,899.1684297300706
3288.123000000007,65.1,True,False,BLACKOUT,-790.2222663015689,6870.467703228803,-5290.465026573694,-280.7255416456134,318.36761897023115,0.0,6571.879672253313,8436.742417780439,-34.27542006688596,313.47748838691473,-399.315709537641,-4.224263367270678,-11.00458230446346,0.0,325.87065872697,315.34574699229694,11.787503242492676,303.55824374980426,292.1434639518935,249.0,43.143463951893494,7.290698528289795,False,0.0,0.0,True,False,False,306095.70960593974,903.92659445795
3288.2230000000127,65.2,True,False,BLACKOUT,-793.645395563024,6901.828036693063,-5330.49406554183,-280.7255416456134,318.36761897023115,0.0,6603.411076728901,8486.412954307763,-34.18716516221597,313.72918089828073,-401.26506982510006,-4.207936507142583,-10.962049379682973,0.0,326.0723066593832,315.5863767796937,11.741944313049316,303.8444324666444,291.8695176008156,249.0,42.86951760081558,7.274158477783203,False,0.0,0.0,True,False,False,309316.9915410478,908.4061496703993
3288.324000000008,65.3,True,False,BLACKOUT,-797.0585078665977,6933.215510442168,-5370.717786467646,-280.7255416456134,318.36761897023115,0.0,6634.968904171088,8536.241673078219,-34.0750809092582,314.020294083819,-403.2093486911982,-4.208103630867833,-10.962484751872072,0.0,326.3523293489961,315.86366716585286,11.742410659790039,304.1212565060628,291.71908008329376,249.0,42.71908008329374,7.516714572906494,False,0.0,0.0,True,False,False,312563.1789342036,913.1151813402483
3288.423999999999,65.4,True,False,BLACKOUT,-800.4634293114287,6964.629902661,-5411.137205024223,-280.7255416456134,318.36761897023115,0.0,6666.553068526926,8586.229420827463,-34.02334798736331,314.2675502928223,-405.1790224403346,-4.214916742243818,-10.980233513814195,0.0,326.61087465732606,316.10390914273876,11.761422157287598,304.34248698545116,291.75311037860854,249.0,42.75311037860853,7.32219123840332,False,0.0,0.0,True,False,False,315834.4336150932,917.6870492753892
3288.524000000005,65.5,True,False,BLACKOUT,-803.8617045293137,6996.06790836353,-5451.752283069911,-280.7255416456134,318.36761897023115,0.0,6698.160389232257,8636.373981934665,-33.94215637033485,314.4925637577618,-407.1225384734286,-4.237561494365718,-11.039225109939656,0.0,326.8842433035756,316.3188938998082,11.824610710144043,304.49428318966415,291.771737340595,249.0,42.771737340595024,7.6824164390563965,False,0.0,0.0,True,False,False,319130.5804803874,922.0866171414076
3288.6240000000107,65.6,True,False,BLACKOUT,-807.2492582758855,7027.530607481655,-5492.561691358675,-280.7255416456134,318.36761897023115,0.0,6729.79161865995,8686.675380372319,-33.8089185611004,314.7614186047543,-409.065627301845,-4.226408292627874,-11.010170026056075,0.0,327.1119882743924,316.57194066491184,11.793488502502441,304.7784521624094,291.52983212585673,249.0,42.529832125856764,7.62359094619751,False,0.0,0.0,True,False,False,322451.82935248903,926.7695073901492
3288.7230000000127,65.7,True,False,BLACKOUT,-810.6245754210257,7059.021585937801,-5533.5675394392265,-280.7255416456134,318.36761897023115,0.0,6761.45020601289,8737.137895325177,-33.69742434170511,315.0581505181607,-411.0513343091952,-4.176383274402352,-10.879850398115659,0.0,327.2721685493527,316.8551003458662,11.653897285461426,305.2012030604048,291.44499442284825,249.0,42.44499442284829,7.943143367767334,False,0.0,0.0,True,False,False,325798.7708104842,931.7610839460825
3288.824000000008,65.8,True,False,BLACKOUT,-813.989407432435,7090.538250735399,-5574.7705169724595,-280.7255416456134,318.36761897023115,0.0,6793.133696336069,8787.760336581894,-33.599215886479925,315.27514543378044,-413.00821635546714,-4.213124861484135,-10.975565504841907,0.0,327.5714711840545,317.06044319100687,11.75642204284668,305.3040211481602,291.4415716119439,249.0,42.44157161194395,7.773772716522217,False,0.0,0.0,True,False,False,329171.32949532836,936.2565293082093
3288.92300000001,65.9,True,False,BLACKOUT,-817.3442443873577,7122.078360870121,-5616.168193590358,-280.7255416456134,318.36761897023115,0.0,6824.8398876146675,8838.53973630668,-33.49752321197358,315.52705726067586,-414.94531600249786,-4.1967604070620155,-10.932934643577164,0.0,327.77227005205094,317.3001858255342,11.710758209228516,305.58942761630567,291.3716536134723,249.0,42.371653613472304,7.709362030029297,False,0.0,0.0,True,False,False,332569.3316292735,940.906911261391
3289.024000000005,66.0,True,False,BLACKOUT,-820.6876917934252,7153.64114629044,-5657.758495638662,-280.7255416456134,318.36761897023115,0.0,6856.5678963222335,8889.474366454304,-33.37142490937729,315.7286511456856,-416.8607249635852,-4.205324387240569,-10.955244574690566,0.0,327.9832757058033,317.48737479584327,11.734655380249023,305.75271941559424,291.37409902363936,249.0,42.374099023639396,7.612133026123047,False,[247.08918923],295.2100394495997,True,False,False,335992.7596189315,945.2438340240749
3289.1240000000107,66.1,True,False,BLACKOUT,-824.0171579840554,7185.225402756096,-5699.542693123917,-280.7255416456134,318.36761897023115,0.0,6888.316311198561,8940.564216752005,-33.217898903226825,315.9564781674359,-418.8232247415096,-4.198969242719051,-10.938688857193013,0.0,328.18066442540686,317.6978515878167,11.71692180633545,305.9809297814812,291.48292609289666,249.0,42.482926092896655,7.472146987915039,False,0.0,0.0,True,False,False,339441.70518563845,949.9135218016095
3289.224000000002,66.2,True,False,BLACKOUT,-827.3321905153824,7216.831848271516,-5741.5236341378795,-280.7255416456134,318.36761897023115,0.0,6920.0858052149915,8991.811897104046,-33.08275172331337,316.1724321409587,-420.79559553774163,-4.207837053146576,-10.961790293165533,0.0,328.406090358855,317.89852989203257,11.741666793823242,306.1568630982093,291.373132681784,249.0,42.373132681784,7.33509635925293,False,0.0,0.0,True,False,False,342916.51889042347,954.5819833188715
3289.324000000008,66.3,True,False,BLACKOUT,-830.6346554888241,7248.460046132867,-5783.7024321731105,-280.7255416456134,318.36761897023115,0.0,6951.876083655746,9043.218172002149,-32.96654774552023,316.3915250860779,-422.7803651668772,-4.203624099851778,-10.950815174607193,0.0,328.6035810881992,318.10437031979285,11.729910850524902,306.37445946926795,291.1766837646566,249.0,42.17668376465664,6.974156856536865,False,0.0,0.0,True,False,False,346417.3579309626,959.3386077278054
3289.42300000001,66.4,True,False,BLACKOUT,-833.9264934936184,7280.107060502466,-5826.076754532532,-280.7255416456134,318.36761897023115,0.0,6983.684367503381,9094.779694671852,-32.87021235036399,316.5487623059122,-424.70608202154966,-4.200110058659509,-10.941660784324329,0.0,328.7429877293794,318.25079697836253,11.720105171203613,306.5306918071589,290.97037601812247,249.0,41.970376018122465,7.18461799621582,False,0.0,0.0,True,False,False,349943.9621055049,963.5746027541713
3289.523000000001,66.5,True,False,BLACKOUT,-837.2085659444999,7311.770330759437,-5868.643060246308,-280.7255416456134,318.36761897023115,0.0,7015.508167310009,9146.492563500537,-32.77123666726617,316.7166428334995,-426.62003225398087,-4.197186589649719,-10.93404488717595,0.0,328.89428316963756,318.40757811400226,11.711947441101074,306.6956306729012,290.9540373060916,249.0,41.9540373060916,7.477147579193115,False,0.0,0.0,True,False,False,353496.0440535421,967.8565395804392
3289.623000000007,66.6,True,False,BLACKOUT,-840.4799530929772,7343.452113475794,-5911.401048525743,-280.7255416456134,318.36761897023115,0.0,7047.349654733846,9198.358522725048,-32.65650630227786,316.91901149365486,-428.5397333347288,-4.2145654064778535,-10.979318252852243,0.0,329.1295469149941,318.59709234389766,11.760441780090332,306.8366505638073,291.2992512245369,249.0,42.299251224536874,6.8471150398254395,False,0.0,0.0,True,False,False,357073.9510280021,972.37286433774
3289.7230000000127,66.7,True,False,BLACKOUT,-843.7416029867367,7375.153375300834,-5954.352163430659,-280.7255416456134,318.36761897023115,0.0,7079.209863825097,9250.37955881973,-32.57649157291076,317.106225007145,-430.48256476358495,-4.219242136654376,-10.991501551493627,0.0,329.3208948253014,318.7751335055512,11.773491859436035,307.00164164611516,291.69781766058327,249.0,42.697817660583304,6.983585834503174,False,0.0,0.0,True,False,False,360677.97749283235,976.9014516382948
3289.824000000008,66.8,True,False,BLACKOUT,-846.9974684987326,7406.873631976381,-5997.497718490077,-280.7255416456134,318.36761897023115,0.0,7111.088622114499,9302.556652601475,-32.54081866700679,317.2989085037959,-432.4285364247806,-4.201127496962309,-10.944311301720953,0.0,329.46433713515387,318.963167493081,11.722944259643555,307.24022323343746,291.75979408866715,249.0,42.75979408866712,6.786870956420898,False,0.0,0.0,True,False,False,364308.2608543086,981.4867128658676
3289.923999999999,66.9,True,False,BLACKOUT,-850.2460594410884,7438.613742500134,-6040.838803531457,-280.7255416456134,318.36761897023115,0.0,7142.986663842558,9354.891337160685,-32.431000180110324,317.5033019712599,-434.3931644028293,-4.199419348948405,-10.939861424009052,0.0,329.65426394530033,319.1553172600064,11.718177795410156,307.43713946459627,291.6687021114391,249.0,42.66870211143909,6.9053263664245605,False,0.0,0.0,True,False,False,367965.0992458278,986.2555994233544
3290.024000000005,67.0,True,False,BLACKOUT,-853.4826352902462,7470.3736963265765,-6084.374674618874,-280.7255416456134,318.36761897023115,0.0,7174.903596485624,9407.383100523008,-32.30051680304674,317.695774557586,-436.32425734552265,-4.197464103892874,-10.934767836496093,0.0,329.82997887584446,319.333569418388,11.712721824645996,307.620847593742,291.5641262912563,249.0,42.56412629125627,6.901889801025391,False,[262.95280547],286.95053221848104,True,False,False,371648.63554747845,990.8787836846325
3290.123000000007,67.1,True,False,BLACKOUT,-856.7086648282562,7502.148768202472,-6128.0985556285905,-280.7255416456134,318.36761897023115,0.0,7206.834822462336,9460.024316340468,-32.220073957154845,317.8056629603093,-438.1533628487934,-4.219690875818493,-10.992670556982967,0.0,329.98843248885277,319.434770454699,11.774744033813477,307.6600264208855,291.66296477299113,249.0,42.662964772991124,6.989789962768555,False,0.0,0.0,True,False,False,375358.17791452655,994.6760193629173
3290.224000000002,67.2,True,False,BLACKOUT,-859.9254729741051,7533.939910763189,-6172.012606326227,-280.7255416456134,318.36761897023115,0.0,7238.7813932001845,9512.817441283685,-32.116088959822285,318.0171882540391,-440.127651103918,-4.218189838188028,-10.988760220266148,0.0,330.1866243609485,319.63475279618797,11.77055549621582,307.86419729997215,291.70948853047554,249.0,42.70948853047553,7.3620219230651855,False,0.0,0.0,True,False,False,379094.06088128965,999.606800256075
3290.323000000004,67.3,True,False,BLACKOUT,-863.1316272110436,7565.75135294674,-6216.123127779943,-280.7255416456134,318.36761897023115,0.0,7270.747405598061,9565.769941605937,-32.00699577894755,318.2116554169671,-442.08277797039864,-4.212186371198785,-10.97312065406222,0.0,330.35612333805284,319.81730006677276,11.753803253173828,308.06349681359893,291.74037532004763,249.0,42.74037532004765,7.090351104736328,False,0.0,0.0,True,False,False,382857.19841844286,1004.3993346200605
3290.42300000001,67.4,True,False,BLACKOUT,-866.3281238195111,7597.582424418157,-6260.431911554929,-280.7255416456134,318.36761897023115,0.0,7302.732267316187,9618.882798294006,-31.922936390403198,318.4097740113728,-444.09289752929857,-4.206468279077811,-10.95822451480696,0.0,330.53211804257035,320.0060281522197,11.737847328186035,308.26818082403366,291.77474928427426,249.0,42.77474928427425,7.2307047843933105,False,0.0,0.0,True,False,False,386647.7624555165,1009.4423819706016
3290.5250000000087,67.5,True,False,BLACKOUT,-869.5145847969986,7629.4323664191925,-6304.941597815477,-280.7255416456134,318.36761897023115,0.0,7334.735188043674,9672.157403112815,-31.80628315934492,318.58906600934114,-446.10082768166245,-4.216622156127248,-10.984676268872693,0.0,330.7265350611272,320.1728168179128,11.766180992126465,308.40663582578634,291.8157317587348,249.0,42.81573175873479,7.597726345062256,False,0.0,0.0,True,False,False,390465.97945295356,1014.4215077985672
3290.6240000000107,67.6,True,False,BLACKOUT,-872.692032306039,7661.2997882251675,-6349.646806167106,-280.7255416456134,318.36761897023115,0.0,7366.754860068565,9725.589531304104,-31.74266702146073,318.759370110159,-448.0033393509152,-4.220280422702044,-10.994206379122428,0.0,330.90014048284104,320.3359688556074,11.776389122009277,308.5595797335981,291.89473467691835,249.0,42.894734676918326,8.207405090332031,False,0.0,0.0,True,False,False,394311.56744640827,1018.9551354994826
3290.7230000000127,67.7,True,False,BLACKOUT,-875.8615230051299,7693.18176020022,-6394.543668893026,-280.7255416456134,318.36761897023115,0.0,7398.788445008722,9779.174770264332,-31.647146960359603,318.88006939089195,-449.9339151674819,-4.192491062326184,-10.92181262029244,0.0,330.94265290016426,320.4466267032166,11.698844909667969,308.74778179354865,291.8899028451086,249.0,42.889902845108644,8.146937370300293,False,0.0,0.0,True,False,False,398184.1658096278,1023.378760969842
3290.823000000004,67.8,True,False,BLACKOUT,-879.0206063724736,7725.080608789449,-6439.6336044107475,-280.7255416456134,318.36761897023115,0.0,7430.83806162086,9832.915908167291,-31.53452038651328,319.0969023936843,-451.8647951869415,-4.207523311674634,-10.960972968687837,0.0,331.18720666392204,320.6513045244817,11.740791320800781,308.9105132036809,291.9590155679981,249.0,42.95901556799812,8.174308776855469,False,0.0,0.0,True,False,False,402084.2564100759,1028.3506571164603
3290.923999999999,67.9,True,False,BLACKOUT,-882.1698883402923,7756.999519884148,-6484.913839752983,-280.7255416456134,318.36761897023115,0.0,7462.906930912725,9886.813812775326,-31.45111896986075,319.2813195002994,-453.73991165777335,-4.22841514439611,-11.015398053651968,0.0,331.41665201145776,320.8266414534625,11.799088478088379,309.02755297537414,292.0775358944868,249.0,43.077535894486786,9.014612197875977,False,0.0,0.0,True,False,False,406012.15783194074,1032.9461276271618
3291.024000000005,68.0,True,False,BLACKOUT,-885.3104598862338,7788.936553536333,-6530.383268188423,-280.7255416456134,318.36761897023115,0.0,7494.993204097528,9940.866599995366,-31.36031194896746,319.4593535434137,-455.6486570510273,-4.225739455960565,-11.008427646968002,0.0,331.5799140920214,320.99493412188355,11.791622161865234,309.2033119600183,292.0382718042175,249.0,43.03827180421749,8.491002082824707,False,[264.27771383],246.39052729976532,True,False,False,409967.7653038241,1037.6835576022706
3291.1240000000107,68.1,True,False,BLACKOUT,-888.4417427585039,7820.895592493985,-6576.040523055512,-280.7255416456134,318.36761897023115,0.0,7527.100701771003,9995.076484723353,-31.26534549643412,319.7214256096153,-457.4964402907474,-4.235614451701609,-11.034152890386896,0.0,331.8581912040468,321.2464969814553,11.819177627563477,309.42731935389185,291.97364586001123,249.0,42.97364586001122,8.878236770629883,False,0.0,0.0,True,False,False,413951.57004060474,1042.6549847548188
3291.224000000002,68.2,True,False,BLACKOUT,-891.5639045852897,7852.874264912516,-6621.8923052129985,-280.7255416456134,318.36761897023115,0.0,7559.227070500481,10049.446333267639,-31.177891039282656,319.8520227610092,-459.53920285899096,-4.233862557600115,-11.02958905022059,0.0,331.9768391102293,321.36797810915533,11.814289093017578,309.55368901613775,291.8890929153621,249.0,42.889092915362085,9.453373908996582,False,0.0,0.0,True,False,False,417963.8494270534,1047.7184847975486
3291.324000000008,68.3,True,False,BLACKOUT,-894.679656806666,7884.868938186404,-6667.947720589132,-280.7255416456134,318.36761897023115,0.0,7591.3689061475125,10103.97984329606,-31.137153388241135,320.0414427167518,-461.5691046636841,-4.218751360234215,-10.990223035208254,0.0,332.12432024508354,321.552557721662,11.772122383117676,309.78043533854435,291.6441432746396,249.0,42.64414327463959,10.0127534866333,False,0.0,0.0,True,False,False,422004.93248691974,1053.1164996943755
3291.423999999999,68.4,True,False,BLACKOUT,-897.7823648527564,7916.877873477328,-6714.203660730371,-280.7255416456134,318.36761897023115,0.0,7623.5239365346,10158.67353588455,-30.917007533566625,320.137263101706,-463.5496981610985,-4.228264083687398,-11.015004527051596,0.0,332.22599745143634,321.6266913380815,11.798666954040527,309.828024384041,291.66459079562514,249.0,42.66459079562518,10.579704284667969,False,0.0,0.0,True,False,False,426074.6751603985,1057.8687787970964
3291.523000000001,68.5,True,False,BLACKOUT,-900.8654588734834,7948.898381090812,-6760.656386401031,-280.7255416456134,318.36761897023115,0.0,7655.688945392693,10213.52280085539,-30.74487288097191,320.2728891679769,-465.50481525211586,-4.243773438803637,-11.055407778465364,0.0,332.3864447131885,321.74519537122904,11.841944694519043,309.90325067671,291.77260806516654,249.0,42.772608065166544,10.379587173461914,False,0.0,0.0,True,False,False,430172.7352340836,1062.7446525584182
3291.6240000000107,68.6,True,False,BLACKOUT,-903.932931692449,7980.93164592356,-6807.303704756979,-280.7255416456134,318.36761897023115,0.0,7687.8654331464595,10268.527579305919,-30.60458349834046,320.39240748698955,-467.44155186682354,-4.239998629917368,-11.045574065114437,0.0,332.4849274036601,321.85079665338105,11.831411361694336,310.0193852916867,291.7307835489485,249.0,42.73078354894854,9.859853744506836,False,0.0,0.0,True,False,False,434299.24470816215,1067.4795610219574
3291.724000000002,68.7,True,False,BLACKOUT,-906.9872150620507,8012.977922284463,-6854.144562798492,-280.7255416456134,318.36761897023115,0.0,7720.053847186553,10323.687766064993,-30.481083893696116,320.53311973106946,-469.37560896344814,-4.226659149098904,-11.010823529505561,0.0,332.5818412533088,321.97915665438137,11.794188499450684,310.1849681549307,291.63263857377353,249.0,42.63263857377355,10.440057754516602,False,0.0,0.0,True,False,False,438454.30951757013,1072.3379799762824
3291.824000000008,68.8,True,False,BLACKOUT,-910.0281487120042,8045.036749031541,-6901.179763989242,-280.7255416456134,318.36761897023115,0.0,7752.25371209579,10379.003793794354,-30.337589105371094,320.6434152105006,-471.3284148515525,-4.228291766758451,-11.015076643917276,0.0,332.6846113463366,322.07540891937066,11.798744201660156,310.2766647177105,291.69267572066803,249.0,42.69267572066803,10.237763404846191,False,0.0,0.0,True,False,False,442638.0753532899,1077.142207787147
3291.92300000001,68.9,True,False,BLACKOUT,-913.0560209166871,8077.108360666563,-6948.410997297796,-280.7255416456134,318.36761897023115,0.0,7784.465282334666,10434.477232676425,-30.219854988287704,320.78881748995013,-473.29625131952093,-4.254706543038289,-11.083889488750213,0.0,332.8868915580098,322.20910145759956,11.872452735900879,310.3366487216987,291.67102272504394,249.0,42.671022725043926,10.113222122192383,False,0.0,0.0,True,False,False,446850.83362403495,1082.2353195634887
3292.024000000005,69.0,True,False,BLACKOUT,-916.0707998930112,8109.194401466094,-6995.837953862277,-280.7255416456134,318.36761897023115,0.0,7816.690191636886,10490.109352563119,-30.075724538194244,320.931998500663,-475.2428799700956,-4.27035226291194,-11.124647982502324,0.0,333.05785340074436,322.33817159642587,11.91611099243164,310.4220606039942,291.5942793463543,249.0,42.5942793463543,10.174453735351562,False,[272.43968531],224.690982774282,True,False,False,451092.9180922485,1087.2664772509343
3292.1240000000107,69.1,True,False,BLACKOUT,-919.0722833683708,8141.293664520022,-7043.4584860972745,-280.7255416456134,318.36761897023115,0.0,7848.927218213285,10545.898061435311,-29.953944968997984,321.05326257788033,-477.16776472987664,-4.2481692370739115,-11.066859224469857,0.0,333.1134374533515,322.4475712904458,11.85421085357666,310.59336043686915,291.5819054720736,249.0,42.58190547207361,9.443264961242676,False,0.0,0.0,True,False,False,455364.2311548983,1092.1114653626169
3292.224000000002,69.2,True,False,BLACKOUT,-922.0625069002143,8173.403833627656,-7091.274798319935,-280.7255416456134,318.36761897023115,0.0,7881.174216865253,10601.843486010774,-29.850525667871143,321.1501195748088,-479.1584797233345,-4.265614014799742,-11.112304424159433,0.0,333.246014388718,322.53442170652454,11.902889251708984,310.63153245481556,291.5366013685958,249.0,42.53660136859581,9.452474594116211,False,0.0,0.0,True,False,False,459664.8164899756,1097.1402704931813
3292.324000000008,69.3,True,False,BLACKOUT,-925.0429312004434,8205.526907190399,-7139.291033156668,-280.7255416456134,318.36761897023115,0.0,7913.4332963790375,10657.950224707922,-29.757960336709587,321.3113516800555,-481.1662170113156,-4.265614014799742,-11.112304424159433,0.0,333.39968035181073,322.6864126700495,11.902889251708984,310.7835234183405,291.46118095419126,249.0,42.46118095419126,9.838312149047852,False,0.0,0.0,True,False,False,463995.3212969424,1102.6260573493153
3292.423999999999,69.4,True,False,BLACKOUT,-928.0113202596118,8237.663219915947,-7187.505360952403,-280.7255416456134,318.36761897023115,0.0,7945.704606537679,10714.21742396866,-29.609820846660902,321.41490283091014,-483.12033890338483,-4.297663833987393,-11.195797057650594,0.0,333.5724553571419,322.77589942927085,11.992321968078613,310.78357746119224,291.32292348847125,249.0,42.322923488471226,9.371514320373535,False,0.0,0.0,True,False,False,468355.85321817757,1107.6164730908042
3292.523000000001,69.5,True,False,BLACKOUT,-930.9652129751145,8269.807497272091,-7235.914602664715,-280.7255416456134,318.36761897023115,0.0,7977.982687899229,10770.639159561342,-29.468033463392505,321.4706442919815,-485.0644953428683,-4.325679443660012,-11.268780216049466,0.0,333.68797189528607,322.8184321529694,12.070497512817383,310.74793464015204,291.2328882738329,249.0,42.23288827383287,9.7738618850708,False,0.0,0.0,True,False,False,472745.8090292442,1112.3381524155213
3292.6240000000107,69.6,True,False,BLACKOUT,-933.9030343727301,8301.956818030352,-7284.515590261062,-280.7255416456134,318.36761897023115,0.0,8010.264498526544,10827.211308601638,-29.2883944889194,321.5157708732333,-486.95525658407524,-4.303047336891558,-11.20982156219598,0.0,333.6623854044905,322.8470241026669,12.007344245910645,310.8396798567563,291.2100132856399,249.0,42.21001328563986,9.751052856445312,False,0.0,0.0,True,False,False,477164.8376041643,1116.8183000163585
3292.7230000000127,69.7,True,False,BLACKOUT,-936.8246663097902,8334.111866914767,-7333.306791439455,-280.7255416456134,318.36761897023115,0.0,8042.550709186795,10883.933590720455,-29.144244252283325,321.58520681506684,-488.8687669837767,-4.29767477050929,-11.195825548264196,0.0,333.70730815464174,322.903131318552,11.992352485656738,310.9107788328953,291.3937656256306,249.0,42.393765625630586,10.448107719421387,False,0.0,0.0,True,False,False,481613.0581635041,1121.5296196033462
3292.823000000004,69.8,True,False,BLACKOUT,-939.7374887993162,8366.27622349494,-7382.29208753174,-280.7255416456134,318.36761897023115,0.0,8074.845487888556,10940.81194970958,-29.112205538234267,321.7019247883982,-490.83715486193023,-4.346628009588833,-11.323353096071653,0.0,333.94486002984934,323.0164839816392,12.128952980041504,310.8875310015977,291.6144889321795,249.0,42.614488932179476,9.615493774414062,False,0.0,0.0,True,False,False,486091.2205617887,1126.7304972890518
3292.92300000001,69.9,True,False,BLACKOUT,-942.6456600651879,8398.452081291265,-7431.473664783424,-280.7255416456134,318.36761897023115,0.0,8107.151359226642,10997.849971325302,-29.05121977919876,321.81523113809516,-492.7943901717566,-4.386174814537387,-11.42637604518671,0.0,334.1531582990134,323.1238405985001,12.23930549621582,310.8845351022843,291.4228046830673,249.0,42.42280468306727,9.630757331848145,False,0.0,0.0,True,False,False,490599.8658495582,1131.9150059039796
3293.023000000001,70.0,True,False,BLACKOUT,-945.5425169861552,8430.639503062494,-7480.849272725068,-280.7255416456134,318.36761897023115,0.0,8139.467840844067,11055.046023122923,-28.885918640145565,321.93320428647814,-494.7177686611133,-4.387374414283046,-11.429501109366136,0.0,334.26168194697846,323.2265216807624,12.242652893066406,310.983868787696,291.21643838937064,249.0,42.21643838937061,9.40025806427002,False,[295.01655122],234.08337792440034,True,False,False,495139.07158649695,1137.0468777163949
3293.1240000000107,70.1,True,False,BLACKOUT,-948.4238705345189,8462.838249786626,-7530.42021915909,-280.7255416456134,318.36761897023115,0.0,8171.794350975301,11112.400802335735,-28.741152327127896,322.041730196174,-496.7011600193411,-4.381402731560568,-11.413944344007987,0.0,334.34426013228716,323.3217125787201,12.22598934173584,311.09572323698427,291.2271973151631,249.0,42.2271973151631,9.984105110168457,False,0.0,0.0,True,False,False,499709.0966438168,1142.428208074644
3293.224000000002,70.2,True,False,BLACKOUT,-951.2940409271108,8495.048467725466,-7580.188875164284,-280.7255416456134,318.36761897023115,0.0,8204.131386967743,11169.91652599936,-28.662255524710258,322.16262858062674,-498.67196008452635,-4.397453444510746,-11.455757880795035,0.0,334.49963887142513,323.43513127943083,12.270777702331543,311.1643535770993,291.27761670704933,249.0,42.27761670704932,9.224431037902832,False,0.0,0.0,True,False,False,504310.25892249827,1147.8176333025062
3293.323000000004,70.3,True,False,BLACKOUT,-954.1555491761783,8527.27247740397,-7630.155106282126,-280.7255416456134,318.36761897023115,0.0,8236.481466613013,11227.595196469405,-28.567909456637544,322.317564989456,-500.6526622723208,-4.422656659224098,-11.52141449983992,0.0,334.71100588284446,323.58111525775854,12.341105461120605,311.24000979663793,291.282749876683,249.0,42.282749876683,9.215716361999512,False,0.0,0.0,True,False,False,508942.9701874676,1153.4789799847897
3293.423999999999,70.4,True,False,BLACKOUT,-957.0084262734745,8559.508175804325,-7680.319164482963,-280.7255416456134,318.36761897023115,0.0,8268.842495629986,11285.43568879202,-28.489632489286166,322.39640301762057,-502.62850174441684,-4.436352260536859,-11.557092761054198,0.0,334.8186040717572,323.6527457601351,12.379322052001953,311.2734237081331,291.16266766893267,249.0,42.16266766893267,9.173739433288574,False,0.0,0.0,True,False,False,513607.18943546014,1158.7338920077975
3293.524000000005,70.5,True,False,BLACKOUT,-959.8489941125165,8591.753965795271,-7730.680252374726,-280.7255416456134,318.36761897023115,0.0,8301.212580552407,11343.436316741858,-28.321724291554982,322.51939680129317,-504.5932560908346,-4.460151841017898,-11.619092787909652,0.0,334.9894100785367,323.76053091740016,12.445733070373535,311.3147978470266,291.10207028188773,249.0,42.10207028188775,9.45288372039795,False,0.0,0.0,True,False,False,518302.87713961786,1164.2455304879536
3293.623000000007,70.6,True,False,BLACKOUT,-962.6705216389405,8624.008830404324,-7781.238265437235,-280.7255416456134,318.36761897023115,0.0,8333.590156037822,11401.596108980319,-28.108826236925033,322.5778953797712,-506.567005159347,-4.496998008590328,-11.715080336128466,0.0,335.1258152474611,323.8002543236497,12.54854965209961,311.2517046715501,290.94835567688153,249.0,41.94835567688153,9.254471778869629,False,0.0,0.0,True,False,False,523030.1589625905,1169.537867657718
3293.724000000002,70.7,True,False,BLACKOUT,-965.4732856673885,8656.267472503572,-7831.9909555317945,-280.7255416456134,318.36761897023115,0.0,8365.969964116188,11459.909937169054,-27.94645433203658,322.59494660519937,-508.48679673183653,-4.496279274041861,-11.713207968615835,0.0,335.129606159767,323.80318695921454,12.546544075012207,311.25664288420234,290.8254542505614,249.0,41.82545425056137,9.14915943145752,False,0.0,0.0,True,False,False,527788.4446832718,1174.3369527699501
3293.824000000008,70.8,True,False,BLACKOUT,-968.2617436353601,8688.532653596021,-7882.936015028169,-280.7255416456134,318.36761897023115,0.0,8398.355120850669,11518.378746722425,-27.82270502739504,322.70867524376933,-510.414393195654,-4.488347561535521,-11.692545151101276,0.0,335.21436192371493,323.9058381576813,12.52441120147705,311.3814269562042,290.9187283202813,249.0,41.918728320281296,9.284955024719238,False,0.0,0.0,True,False,False,532577.9705983032,1179.6771943131905
3293.923999999999,70.9,True,False,BLACKOUT,-971.0391612898034,8720.809521196537,-7934.076104184449,-280.7255416456134,318.36761897023115,0.0,8430.751023115005,11577.008527281363,-27.725648061472,322.8286767665285,-512.3873899299447,-4.547984073677614,-11.847903576739121,0.0,335.4781923436973,324.01707686980996,12.69082260131836,311.3262542684916,290.82456213616774,249.0,41.82456213616777,9.388428688049316,False,0.0,0.0,True,False,False,537399.6552922287,1185.3028518116564
3294.023000000001,71.0,True,False,BLACKOUT,-973.8069516161191,8753.095124905947,-7985.408808086809,-280.7255416456134,318.36761897023115,0.0,8463.154845578287,11635.795794551641,-27.630158464843202,322.88339742164646,-514.2666881172559,-4.580353444364464,-11.932228670346454,0.0,335.60810029982184,324.063441300214,12.781147003173828,311.28229429704015,290.824468835986,249.0,41.82446883598602,9.407062530517578,False,[318.98751916],245.81321769559327,True,False,False,542253.1469546115,1190.1406272602796
3294.123000000007,71.1,True,False,BLACKOUT,-976.5627813520657,8785.38779294668,-8036.933906008529,-280.7255416456134,318.36761897023115,0.0,8495.564730533602,11694.73927457282,-27.48643625408803,322.96996339300034,-516.2352703171588,-4.565751137033119,-11.894188359198269,0.0,335.64766934235473,324.13747304504307,12.740400314331055,311.397072730712,290.84664660209694,249.0,41.846646602096925,9.836479187011719,False,0.0,0.0,True,False,False,547138.4187489478,1195.6506950835242
3294.2230000000127,71.2,True,False,BLACKOUT,-979.3044461098787,8817.690217840827,-8088.653381724641,-280.7255416456134,318.36761897023115,0.0,8527.983180414636,11753.84237835102,-27.346858902170734,323.07853448993643,-518.1542440050771,-4.57151981056787,-11.909216267541439,0.0,335.76108950903114,324.23385100877465,12.756497383117676,311.477353625657,290.8429563634246,249.0,41.84295636342462,9.771928787231445,False,0.0,0.0,True,False,False,552056.1184665915,1201.0546475896879
3294.323000000004,71.3,True,False,BLACKOUT,-982.0317668964298,8850.004776837659,-8140.568046026365,-280.7255416456134,318.36761897023115,0.0,8560.41254935063,11813.107598217552,-27.199556828851964,323.21264544670055,-520.1390420293868,-4.612193419038202,-12.015174640189136,0.0,335.9879169643085,324.3550987241306,12.869994163513184,311.4851045606174,290.89454555523895,249.0,41.89454555523894,10.188210487365723,False,0.0,0.0,True,False,False,557006.75851905,1206.9619547034742
3294.423999999999,71.4,True,False,BLACKOUT,-984.7465259726082,8882.333465905958,-8192.679698191512,-280.7255416456134,318.36761897023115,0.0,8592.85497223445,11872.537943127985,-27.09562469471898,323.3611359192913,-522.0940012735483,-4.618578297228629,-12.031807816542418,0.0,336.14527264643044,324.49437144673476,12.887810707092285,311.6065607396425,291.0842021602956,249.0,42.08420216029562,10.383846282958984,False,0.0,0.0,True,False,False,561990.8569931987,1212.7857185836124
3294.524000000005,71.5,True,False,BLACKOUT,-987.4488283237899,8914.676247995982,-8244.98853141026,-280.7255416456134,318.36761897023115,0.0,8625.310420465792,11932.133746002117,-26.950422328916044,323.4945058811532,-524.0826631013865,-4.619394776941557,-12.033934818914114,0.0,336.27073811163774,324.6151884909244,12.89008903503418,311.72509945589024,290.94803606692005,249.0,41.94803606692006,10.393887519836426,False,0.0,0.0,True,False,False,567008.6165373627,1218.7797358430585
3294.6240000000107,71.6,True,False,BLACKOUT,-990.1382002375701,8947.02995957758,-8297.492224836042,-280.7255416456134,318.36761897023115,0.0,8657.775702129618,11991.891315785037,-26.83701594668692,323.579725750816,-525.9912054142542,-4.653941540784986,-12.12393221562319,0.0,336.435781037252,324.6907210591273,12.986489295959473,311.70423176316785,290.81916450731217,249.0,41.819164507312166,10.362234115600586,False,0.0,0.0,True,False,False,572059.6952187055,1224.1165743226188
3294.7230000000127,71.7,True,False,BLACKOUT,-992.8165014293381,8979.391988980786,-8350.190631971349,-280.7255416456134,318.36761897023115,0.0,8690.248366584377,12051.809003763065,-26.729007888672733,323.66086231329393,-527.9769372919075,-4.651813020210637,-12.118387229950978,0.0,336.50424508033296,324.7626728183178,12.980549812316895,311.7821230060009,290.97120667011836,249.0,41.97120667011836,10.3605318069458,False,0.0,0.0,True,False,False,577143.9235791061,1229.8496521838385
3294.823000000004,71.8,True,False,BLACKOUT,-995.4832787155889,9011.764048401506,-8403.086757666873,-280.7255416456134,318.36761897023115,0.0,8722.730083061715,12111.890321449671,-26.60653783634144,323.78032610112405,-529.9455766185524,-4.66145322249719,-12.143500815509112,0.0,336.6398732013558,324.8716783990056,13.007450103759766,311.8642282952458,290.94476368857,249.0,41.94476368856998,10.211576461791992,False,0.0,0.0,True,False,False,582261.9379245113,1235.759264431798
3294.92300000001,71.9,True,False,BLACKOUT,-998.1329458945543,9044.143155491849,-8456.180050056186,-280.7255416456134,318.36761897023115,0.0,8755.21742148248,12172.13264536657,-26.386805742966427,323.8018157057109,-531.9202711676708,-4.695640448183231,-12.232561583296038,0.0,336.7337366107772,324.8751750621032,13.1028470993042,311.772327962799,290.9489153995387,249.0,41.94891539953872,10.284248352050781,False,0.0,0.0,True,False,False,587413.5727453942,1241.2477955591478
3295.023000000001,72.0,True,False,BLACKOUT,-1000.7647078755365,9076.52863338477,-8509.47059314886,-280.7255416456134,318.36761897023115,0.0,8787.709642182985,12232.535735937216,-26.248433876678128,323.90774215270363,-533.8905906858305,-4.719507698393513,-12.294737895823152,0.0,336.89108366528507,324.96954581535897,13.16944694519043,311.80009887016854,290.9821236908234,249.0,41.98212369082339,9.8412446975708,False,[311.81771038],202.0150512228696,True,False,False,592598.9220312249,1247.1510158574279
3295.1240000000107,72.1,True,False,BLACKOUT,-1003.3824294861186,9108.923822007533,-8562.958056357715,-280.7255416456134,318.36761897023115,0.0,8820.210390705026,12293.102212673675,-26.105998334963097,323.99603030256964,-535.8586734912751,-4.7021538305059565,-12.24952952435914,0.0,336.9261062353224,325.04607488922045,13.12102222442627,311.9250526647942,291.0290291677594,249.0,42.02902916775938,10.280165672302246,False,0.0,0.0,True,False,False,597818.5122322998,1252.9856307991452
3295.224000000002,72.2,True,False,BLACKOUT,-1005.9824748403979,9141.328797699849,-8616.64302945707,-280.7255416456134,318.36761897023115,0.0,8852.719445487755,12353.832550168718,-25.894908750625646,324.1034835437618,-537.8407884957982,-4.70518393060425,-12.257423204990133,0.0,337.0276902967927,325.1363011790666,13.129477500915527,312.0068236781511,290.9865150564744,249.0,41.986515056474396,10.238622665405273,False,0.0,0.0,True,False,False,603072.6377940319,1259.0851590729992
3295.324000000008,72.3,True,False,BLACKOUT,-1008.5608434437772,9173.744084142827,-8670.526439073534,-280.7255416456134,318.36761897023115,0.0,8885.237001142756,12414.727757673523,-25.67246331696023,324.20224531580124,-539.8274038334814,-4.713900338556753,-12.280130224030607,0.0,337.13446933093053,325.2171140031958,13.153800010681152,312.0633139925146,291.27899496608745,249.0,42.27899496608749,10.552288055419922,False,0.0,0.0,True,False,False,608361.6761928301,1265.2010432968366
3295.423999999999,72.4,True,False,BLACKOUT,-1011.1235298749525,9206.16867087307,-8724.603848305453,-280.7255416456134,318.36761897023115,0.0,8917.762542219583,12475.784587322794,-25.58126530654729,324.2894892890651,-541.720780804909,-4.686759992402263,-12.209427205051538,0.0,337.14700229134075,325.29690130409574,13.0780668258667,312.21883447822904,291.52663606158194,249.0,42.52663606158193,10.468351364135742,False,0.0,0.0,True,False,False,613685.2748806113,1270.7096319536497
3295.523000000001,72.5,True,False,BLACKOUT,-1013.6771195473448,9238.602089020154,-8778.874186041705,-280.7255416456134,318.36761897023115,0.0,8950.296141257868,12537.002552068212,-25.4905281412981,324.37887365262117,-543.685973920126,-4.713829592930727,-12.279945925373871,0.0,337.2993210817637,325.37888790925797,13.153602600097656,312.2252853091603,291.56801180716707,249.0,42.56801180716708,10.24116325378418,False,0.0,0.0,True,False,False,619043.4238560819,1276.6542742247075
3295.6240000000107,72.6,True,False,BLACKOUT,-1016.2187160958656,9271.041433009023,-8833.336873171034,-287.46494312537976,200.63836425161557,0.0,9099.631525031247,12681.921550233052,-25.341402829119026,324.40800612475596,-545.567768666459,0.08066961214121715,-13.205630912001778,0.0,338.5694163393916,325.39628322276116,13.205877304077148,312.190405918684,291.1607868045713,270.35,20.81078680457126,10.306127548217773,False,0.0,0.0,True,False,False,624435.9403072351,1281.896826074088
3295.7230000000127,72.7,True,False,BLACKOUT,-1018.7438092280504,9303.489283490846,-8887.98906370825,-287.46494312537976,200.63836425161557,0.0,9132.177376611939,12743.351726861358,-25.160459814575827,324.5490035117066,-547.4760420778605,0.08155185117008935,-13.350053609498506,0.0,338.8405701157007,325.52281704747304,13.350302696228027,312.172514351245,291.03902814519114,270.35,20.68902814519116,10.371162414550781,False,0.0,0.0,True,False,False,629863.1172032612,1287.9224235651106
3295.823000000004,72.8,True,False,BLACKOUT,-1021.2544224995569,9335.949640600655,-8942.828860326561,-287.46494312537976,200.63836425161557,0.0,9164.734536026133,12804.942293541186,-25.051805615552013,324.6581386844669,-549.3198902883559,0.08148038235777166,-13.338354151274578,0.0,338.9296552889909,325.6232485229854,13.338603019714355,312.28464550327107,291.32762330222783,270.35,20.977623302227855,10.60389232635498,False,0.0,0.0,True,False,False,635325.4449596262,1293.4132933641
3295.92300000001,72.9,True,False,BLACKOUT,-1023.7537404260439,9368.420172959519,-8997.85782715223,-287.46494312537976,200.63836425161557,0.0,9197.300934790925,12866.693046884682,-24.934552914187297,324.7525084928093,-551.259446225022,0.08096235580667008,-13.253553105938085,0.0,338.9304850285962,325.70834146733574,13.253800392150879,312.45454107518486,291.5858411214445,270.35,21.235841121444512,10.344083786010742,False,0.0,0.0,True,False,False,640822.9385220093,1299.3955081076963
3296.023000000001,73.0,True,False,BLACKOUT,-1026.2382367221774,9400.897443325923,-9053.080349591979,-287.46494312537976,200.63836425161557,0.0,9229.872864856867,12928.604600558774,-24.75537300848355,324.79289883528577,-553.191002569947,0.08113763732158814,-13.28224672340153,0.0,338.98621845966954,325.7349468918208,13.28249454498291,312.4524523468379,291.6694979411117,270.35,21.319497941111656,10.453561782836914,False,[302.65406306],164.90142723866072,True,False,False,646355.7929813587,1305.131417101568
3296.123000000007,73.1,True,False,BLACKOUT,-1028.7075637189412,9433.38063049192,-9108.496614084144,-287.46494312537976,200.63836425161557,0.0,9262.449480423878,12990.676693159094,-24.63116692679352,324.8708444846416,-555.1342872733478,0.08090920859646676,-13.24485289747893,0.0,339.01756816294795,325.8032534833558,13.245100021362305,312.55815346199347,291.7026019319286,270.35,21.35260193192863,10.168485641479492,False,0.0,0.0,True,False,False,651924.1304215372,1311.1302457838387
3296.2230000000127,73.2,True,False,BLACKOUT,-1031.162695937106,9465.872329429192,-9164.10799355564,-287.46494312537976,200.63836425161557,0.0,9295.033446793906,13052.912398946366,-24.471477436507982,324.9631342607736,-557.093302156609,0.08126142027921175,-13.302510017201824,0.0,339.1555440858418,325.8832487816934,13.30275821685791,312.5804905648355,291.7248296661304,270.35,21.37482966613039,9.46472454071045,False,0.0,0.0,True,False,False,657528.5773103766,1317.3507257322972
3296.324000000008,73.3,True,False,BLACKOUT,-1033.6016455589727,9498.371370177383,-9219.917444717263,-287.46494312537976,200.63836425161557,0.0,9327.623439451225,13115.313062050847,-24.30751500082563,325.01768070303325,-559.0957210758439,0.08104414180733263,-13.26694148986421,0.0,339.1626268167604,325.92537191064804,13.267189025878906,312.65818288476913,291.7849265373896,270.35,21.4349265373896,8.028265953063965,False,0.0,0.0,True,False,False,663169.4644078418,1323.652771519321
3296.423999999999,73.4,True,False,BLACKOUT,-1036.025154427992,9530.879999478027,-9275.929245477926,-287.46494312537976,200.63836425161557,0.0,9360.221758145362,13177.883545120989,-24.162662379561326,325.1549053098493,-561.1402941374134,0.0812440307776819,-13.299663352480726,0.0,339.3217677167752,326.05144793471743,13.299911499023438,312.751536435694,291.7686235939406,270.35,21.418623593940616,8.557991027832031,False,0.0,0.0,True,False,False,668847.6722113797,1330.6775508996184
3296.523000000001,73.5,True,False,BLACKOUT,-1038.435918836118,9563.399629315465,-9332.141609565142,-287.46494312537976,200.63836425161557,0.0,9392.830026831101,13240.623963164162,-24.052625782959144,325.23769143890985,-563.1069876069048,0.08123050366794912,-13.297448962034364,0.0,339.3942903255012,326.1258725393718,13.297697067260742,312.82817547211107,291.75469853383834,270.35,21.40469853383835,9.16224193572998,False,0.0,0.0,True,False,False,674563.4154638392,1336.9723139946054
3296.623000000007,73.6,True,False,BLACKOUT,-1040.8332898001095,9595.929052538606,-9388.553260062943,-287.46494312537976,200.63836425161557,0.0,9425.446991160878,13303.532737593507,-23.894793496873532,325.35077302391204,-565.1260223491201,0.08090401796133674,-13.244003189516954,0.0,339.4425673812065,326.227047719093,13.244250297546387,312.9827974215466,291.648022833161,270.35,21.298022833161045,10.146141052246094,False,0.0,0.0,True,False,False,680316.6506893501,1343.8126841036797
3296.724000000002,73.7,True,False,BLACKOUT,-1043.2157233063824,9628.46711422766,-9445.163175230444,-287.46494312537976,200.63836425161557,0.0,9458.071377433089,13366.608454927835,-23.75387662858094,325.41046075716514,-567.0722810008806,0.08092733212720693,-13.247819722921925,0.0,339.4959923439078,326.27628572281554,13.248066902160645,313.0282188206549,291.8129214969206,270.35,21.462921496920575,10.488153457641602,False,0.0,0.0,True,False,False,686107.3579764304,1349.954530664519
3296.823000000004,73.8,True,False,BLACKOUT,-1045.5842966079997,9661.014263469893,-9501.966710622664,-287.46494312537976,200.63836425161557,0.0,9490.703720411619,13429.848416062494,-23.617589403761187,325.53252408752377,-568.9984268435566,0.08118229659084372,-13.2895574543067,0.0,339.6498707793722,326.38813515205925,13.28980541229248,313.09832973976677,291.9572985930398,270.35,21.607298593039832,10.852765083312988,False,0.0,0.0,True,False,False,691935.3403920782,1356.3411776055398
3296.92300000001,73.9,True,False,BLACKOUT,-1047.9426360956631,9693.569243167894,-9558.961204336176,-287.46494312537976,200.63836425161557,0.0,9523.3430576341,13493.250249639324,-23.54920034950916,325.5670698725043,-570.8914474266747,0.08069233791859336,-13.209351126097927,0.0,339.5995218680991,326.4176493734207,13.20959758758545,313.20805178583527,291.92802794077886,270.35,21.578027940778842,10.466301918029785,False,0.0,0.0,True,False,False,697800.3792186228,1362.0735127401326
3297.024000000005,74.0,True,False,BLACKOUT,-1050.2917436442347,9726.126590381991,-9616.142302814387,-287.46494312537976,200.63836425161557,0.0,9555.984024355537,13556.80727390172,-23.432950621921652,325.5798744094286,-572.7305221375709,0.08121898057447305,-13.29556262943191,0.0,339.69026774456415,326.42205470113186,13.29581069946289,313.12624400166897,291.8628094856651,270.35,21.5128094856651,11.371702194213867,False,[307.80335826],151.15149992113467,True,False,False,703701.5682240443,1367.4312848168313
3297.1240000000107,74.1,True,False,BLACKOUT,-1052.6285721334334,9758.686983797334,-9673.503611544953,-287.46494312537976,200.63836425161557,0.0,9588.627054628654,13620.515442351285,-23.30361916205461,325.6279938974047,-574.4956524737453,0.08125427805848291,-13.30134083430465,0.0,339.7351118849642,326.4607925550912,13.301589012145996,313.1592035429452,291.77696450999247,270.35,21.426964509992487,11.414753913879395,False,0.0,0.0,True,False,False,709638.5740980663,1372.5577142283696
3297.2230000000127,74.2,True,False,BLACKOUT,-1054.9583312395685,9791.24954832394,-9731.053769173981,-287.46494312537976,200.63836425161557,0.0,9621.271692705292,13684.380747531373,-23.291562960648566,325.62329663472684,-576.5075001068258,0.08120216781017986,-13.292810376706587,0.0,339.7210822741731,326.4552468814327,13.293058395385742,313.16218848604694,291.9716135274616,270.35,21.621613527461605,11.640052795410156,False,0.0,0.0,True,False,False,715612.2379159958,1378.8444726009282
3297.324000000008,74.3,True,False,BLACKOUT,-1057.2863215178131,9823.804837057949,-9788.807008253849,-287.46494312537976,200.63836425161557,0.0,9653.908944980469,13748.407200938354,-23.26824260424437,325.4824780454509,-578.5572814905464,0.08156499961395967,-13.352206012270873,0.0,339.63827321966136,326.31312359219845,13.352455139160156,312.9606684530383,291.5142420776881,270.35,21.164242077688087,11.39432144165039,False,0.0,0.0,True,False,False,721622.9736344715,1384.7735554092762
3297.423999999999,74.4,True,False,BLACKOUT,-1059.6083850088082,9856.354255055709,-9846.759166026337,-287.46494312537976,200.63836425161557,0.0,9686.539880616312,13812.5928388733,-23.17302721565722,325.50588190974327,-580.4858739592406,0.0817806352585586,-13.387505608469006,0.0,339.6903210157042,326.3296927160894,13.387755393981934,312.9419373221075,291.3653359004561,270.35,21.015335900456076,12.087364196777344,False,0.0,0.0,True,False,False,727670.7962745465,1390.836064527471
3297.524000000005,74.5,True,False,BLACKOUT,-1061.9139187427943,9888.909665293228,-9904.901229797453,-287.46494312537976,200.63836425161557,0.0,9719.175480380081,13876.939157842571,-22.937647464065325,325.6023228406492,-582.3554014630668,0.08125882204883242,-13.302084686392574,0.0,339.68524767476157,326.4092650498942,13.302332878112793,313.1069321717814,290.67056999160815,270.35,20.320569991608142,11.577757835388184,False,0.0,0.0,True,False,False,733756.5960848649,1397.0850820178202
3297.623000000007,74.6,True,False,BLACKOUT,-1064.1983835875976,9921.472428375992,-9963.230877823862,-287.46494312537976,200.63836425161557,0.0,9751.816740473187,13941.445379321181,-22.751649432000164,325.6529388146585,-584.2375590651158,0.0812142676408926,-13.294791121304817,0.0,339.7159155728049,326.4467400825138,13.295039176940918,313.1517009055729,290.670593715179,270.35,20.320593715179005,11.454330444335938,False,0.0,0.0,True,False,False,739880.5974183973,1403.1628910423738
3297.7230000000127,74.7,True,False,BLACKOUT,-1066.4654891601153,9954.03743015244,-10021.750840246561,-287.46494312537976,200.63836425161557,0.0,9784.458860327306,14006.110277069081,-22.590462018353595,325.6470967143275,-586.161689388881,0.08113124078132691,-13.281199608539296,0.0,339.68572414693654,326.42971766166335,13.281447410583496,313.14827025107985,291.1101907501197,270.35,20.760190750119744,10.670373916625977,False,0.0,0.0,True,False,False,746042.5217878922,1409.1843504728654
3297.824000000008,74.8,True,False,BLACKOUT,-1068.7177159723603,9986.594298053435,-10080.46620103235,-287.46494312537976,200.63836425161557,0.0,9817.091699347222,14070.930611141102,-22.45407422654422,325.49026130553284,-588.1455263268808,0.08092970898369743,-13.2482088147833,0.0,339.4872273618355,326.2638436206427,13.248456001281738,313.015387619361,290.9955319477467,270.35,20.645531947746697,11.079244613647461,False,0.0,0.0,True,False,False,752241.7434455008,1414.8743266924193
3297.923999999999,74.9,True,False,BLACKOUT,-1070.9575934583725,10019.149688764623,-10139.372739533195,-287.46494312537976,200.63836425161557,0.0,9849.722095709909,14135.908351213404,-22.34347549369812,325.6175529182462,-589.9852436900287,0.08118973009300523,-13.290774320030023,0.0,339.64940730383387,326.3832435429312,13.291022300720215,313.092221242211,290.6892575291755,270.35,20.33925752917548,10.968295097351074,False,0.0,0.0,True,False,False,758478.8689862234,1421.095593856457
3298.0260000000126,75.0,True,False,BLACKOUT,-1073.1818168842697,10051.712948003547,-10198.463920474258,-287.46494312537976,200.63836425161557,0.0,9882.359103997018,14201.045306510641,-22.140993024242597,325.64763186023123,-591.8383751312412,0.08053488865298279,-13.183576651251327,0.0,339.55910260827255,326.39945420952563,13.183822631835938,313.2156315776897,290.69369056571725,270.35,20.34369056571724,11.577836036682129,False,[338.06154359],167.55687977514293,True,False,False,764754.6101487298,1426.9985019650217
3298.1240000000107,75.1,True,False,BLACKOUT,-1075.3820403642972,10084.282802164427,-10257.748828908692,-287.46494312537976,200.63836425161557,0.0,9915.000793101646,14266.34682615644,-21.86347657630712,325.74945135738955,-593.859793557422,0.08095950124863,-13.253085814241823,0.0,339.7120523083708,326.4823374512671,13.25333309173584,313.22900435953125,290.9109469034049,270.35,20.56094690340496,12.223772048950195,False,0.0,0.0,True,False,False,771070.0302176401,1434.4273649607571
3298.224000000002,75.2,True,False,BLACKOUT,-1077.561485329772,10116.860330220132,-10317.23528685327,-287.46494312537976,200.63836425161557,0.0,9947.648497225857,14331.81965378612,-21.725422733192833,325.801109756699,-595.8693653341579,0.08139905075614406,-13.325040152557245,0.0,339.8265484458097,326.5246653954837,13.325288772583008,313.1993766229007,291.028871856454,270.35,20.678871856453963,11.13361644744873,False,0.0,0.0,True,False,False,777426.263186026,1441.4519287418454
3298.323000000004,75.3,True,False,BLACKOUT,-1079.7331877604604,10149.44242872982,-10376.916019945193,-287.46494312537976,200.63836425161557,0.0,9980.300160057071,14397.457323077237,-21.70862588057221,325.8408604370659,-597.7452965042532,0.0808490065499644,-13.234997810970448,0.0,339.7752475718309,326.5632109837085,13.235244750976562,313.3279662327319,290.86718843780795,270.35,20.517188437807942,11.484903335571289,False,0.0,0.0,True,False,False,783822.2255026777,1447.506708016976
3298.423999999999,75.4,True,False,BLACKOUT,-1081.8957194345874,10182.0321579302,-10436.787598568844,-287.46494312537976,200.63836425161557,0.0,10012.95871972079,14463.259580760936,-21.54200760196726,325.95372357050024,-599.6862759687917,0.0812478290875638,-13.30028513653371,0.0,339.94241806404347,326.6647945539851,13.300533294677734,313.36426125930734,290.8186102963351,270.35,20.46861029633514,11.911084175109863,False,0.0,0.0,True,False,False,790258.1740501075,1454.4951200206374
3298.524000000005,75.5,True,False,BLACKOUT,-1084.0453490712812,10214.634566716495,-10496.855534415741,-287.46494312537976,200.63836425161557,0.0,10045.628914414367,14529.233854423032,-21.45058513190842,326.0944521554254,-601.6724409691207,0.08152651551107651,-13.345906157280062,0.0,340.12260830979,326.7992033788459,13.346155166625977,313.4530482122199,290.9498220081827,270.35,20.599822008182702,11.779521942138672,False,0.0,0.0,True,False,False,796735.6048244361,1461.9009795637933
3298.623000000007,75.6,True,False,BLACKOUT,-1086.1843268617015,10247.245161739445,-10557.117092599576,-287.46494312537976,200.63836425161557,0.0,10078.306444898606,14595.375367017557,-21.328970676497264,326.1174483035865,-603.5587227075689,0.0818957147269743,-13.406344139423966,0.0,340.1982228561862,326.8141904479689,13.406594276428223,313.40759617154066,290.82355684229896,270.35,20.473556842298958,11.711641311645508,False,0.0,0.0,True,False,False,803253.8554467557,1468.1218498445294
3298.7230000000127,75.7,True,False,BLACKOUT,-1088.3109392235117,10279.858972544098,-10617.565735394292,-287.46494312537976,200.63836425161557,0.0,10110.986221931778,14661.676047625428,-21.203276559707756,326.15876778944425,-605.4141331867514,0.08216327419975936,-13.450143676211427,0.0,340.27530426966115,326.84724374361195,13.450394630432129,313.3968491131798,290.84169647935164,270.35,20.491696479351635,12.114581108093262,False,0.0,0.0,True,False,False,809811.8035186123,1474.2634004379865
3298.823000000004,75.8,True,False,BLACKOUT,-1090.4221369494867,10312.477890774944,-10678.203594055843,-287.46494312537976,200.63836425161557,0.0,10143.669891379224,14728.138743961525,-21.02067795978892,326.2195968274873,-607.3430400442853,0.08172963187969966,-13.379156345610308,0.0,340.25376524424735,326.89615209753924,13.379405975341797,313.51674612219745,291.06413087193886,270.35,20.71413087193888,11.947775840759277,False,0.0,0.0,True,False,False,816410.150469266,1481.0593511335258
3298.923999999999,75.9,True,False,BLACKOUT,-1092.5193542778388,10345.102750699922,-10739.032291619626,-287.46494312537976,200.63836425161557,0.0,10176.358400372603,14794.76545448704,-20.92366860725612,326.27760167205247,-609.2309112313542,0.08223728881179851,-13.462259882335898,0.0,340.3886331996259,326.9478142775278,13.46251106262207,313.48530321490574,291.32056979171387,270.35,20.970569791713903,11.687901496887207,False,0.0,0.0,True,False,False,823049.3638189227,1487.5312694478735
3299.024000000005,76.0,True,False,BLACKOUT,-1094.6094285798808,10377.741824622444,-10800.056018816018,-287.46494312537976,200.63836425161557,0.0,10209.060537752312,14861.565431442801,-20.877817433584323,326.5038767784009,-611.243632696495,0.08213405284643481,-13.445360135092155,0.0,340.5947786510823,327.1706967503589,13.445611000061035,313.72508575029786,291.3552497487359,270.35,21.005249748735924,11.639524459838867,False,[313.44665316],123.45174957537763,True,False,False,829731.1238287388,1495.6797068331027
3299.125,76.1,True,False,BLACKOUT,-1096.6868588423977,10410.399494138941,-10861.27799121172,-287.46494312537976,200.63836425161557,0.0,10241.780237743575,14928.543868730632,-20.670787816754757,326.64951355153045,-613.1958152175642,0.08200093723170875,-13.423569083542045,0.0,340.7057084552421,327.3028966758723,13.423819541931152,313.87907713394117,290.91208433433326,270.35,20.56208433433327,11.877208709716797,False,0.0,0.0,True,False,False,836456.6905777077,1503.203398615286
3299.224000000002,76.2,True,False,BLACKOUT,-1098.7481767344993,10443.07269573265,-10922.689020300832,-287.46494312537976,200.63836425161557,0.0,10274.514174394651,14995.691946490397,-20.555570025278527,326.8145183226325,-615.0247665646434,0.08273086519944253,-13.543058431245441,0.0,340.9827261276117,327.46031949767354,13.54331111907959,313.91700837859395,290.75927938007214,270.35,20.409279380072125,12.554667472839355,False,0.0,0.0,True,False,False,843224.8980770358,1509.927866731139
3299.323000000004,76.3,True,False,BLACKOUT,-1100.792866574093,10475.75178629064,-10984.293344310134,-287.46494312537976,200.63836425161557,0.0,10307.252696370062,15063.0062876135,-20.338226766595547,326.76729283721784,-617.0617136214177,0.08243142206103839,-13.494039532307708,0.0,340.8735507292149,327.39961383021443,13.494291305541992,313.90532252467244,291.1239479431315,270.35,20.773947943131525,12.590530395507812,False,0.0,0.0,True,False,False,850035.1339801936,1517.0891211510586
3299.423999999999,76.4,True,False,BLACKOUT,-1102.8197567076459,10508.427995049817,-11046.088518143377,-287.46494312537976,200.63836425161557,0.0,10339.986970244337,15130.479242095462,-20.19957590445875,326.7568823463292,-618.8417630434236,0.08264765191975994,-13.529436401471184,0.0,340.89022766767675,327.3806393594661,13.529688835144043,313.85095052432206,291.22464076740954,270.35,20.874640767409552,12.641669273376465,False,0.0,0.0,True,False,False,856886.1549816781,1522.6498457361538
3299.524000000005,76.5,True,False,BLACKOUT,-1104.8254231206163,10541.108476930798,-11108.065559919232,-287.46494312537976,200.63836425161557,0.0,10372.723861429527,15198.10911886519,-19.913752354949146,326.852755273302,-620.699072473695,0.08274538849167501,-13.545435896957231,0.0,340.9850267592227,327.45882361390613,13.54568862915039,313.91313498475574,291.26742428652574,270.35,20.917424286525765,12.867826461791992,False,0.0,0.0,True,False,False,863778.1609259853,1529.4720912773632
3299.6240000000107,76.6,True,False,BLACKOUT,-1106.8097732093242,10573.804796658324,-11170.229467881923,-287.46494312537976,200.63836425161557,0.0,10405.474894736646,15265.907577020513,-19.773249419212053,327.0736392772193,-622.5790867801298,0.08246215225218413,-13.49907007046643,0.0,341.1510217402732,327.6707904324689,13.499321937561035,314.17146849490786,291.6006826159192,270.35,21.250682615919185,13.042007446289062,False,0.0,0.0,True,False,False,870713.5138428255,1536.9784319049445
3299.7230000000127,76.7,True,False,BLACKOUT,-1108.7819093888795,10606.519516332717,-11232.58751029518,-287.46494312537976,200.63836425161557,0.0,10438.243344083763,15333.882296624955,-19.669474171894812,327.2207542106349,-624.5817614850016,0.08280225245295908,-13.554744538278047,0.0,341.3474666253057,327.81139425037617,13.554997444152832,314.25639680622334,291.8560381510183,270.35,21.50603815101834,13.62863826751709,False,0.0,0.0,True,False,False,877693.5381807771,1544.984555193343
3299.823000000004,76.8,True,False,BLACKOUT,-1110.740315315595,10639.25028279448,-11295.146930864024,-287.46494312537976,200.63836425161557,0.0,10471.0267464275,15402.037050799712,-19.49864436241461,327.39457502464904,-626.6066498919025,0.08312690891217435,-13.60789086264724,0.0,341.5642362826343,327.97470159684946,13.608144760131836,314.3665568367176,291.9947839693597,270.35,21.644783969359693,13.734745025634766,False,0.0,0.0,True,False,False,884719.0661106476,1553.3796742287539
3299.92300000001,76.9,True,False,BLACKOUT,-1112.6790561323446,10671.997996984284,-11357.903804720894,-287.46494312537976,200.63836425161557,0.0,10503.825535981123,15470.369411478916,-19.276171972578418,327.5597087714425,-628.5308272454797,0.08286732472501554,-13.565396881639742,0.0,341.67398219551495,328.12639884097814,13.56564998626709,314.56074885471105,292.08665588848373,270.35,21.736655888483714,13.771943092346191,False,0.0,0.0,True,False,False,891790.0777033468,1561.1096590502987
3300.024000000005,77.0,True,False,BLACKOUT,-1114.5964001376171,10704.761581423598,-11420.851884973317,-287.46494312537976,200.63836425161557,0.0,10536.638506122845,15538.874115817054,-19.070708132870113,327.7119800148468,-630.43077780297,0.08300175110618858,-13.587402505907523,0.0,341.83641279326537,328.2664066789967,13.587656021118164,314.67875065787854,292.2886478710502,270.35,21.938647871050218,13.839640617370605,False,[245.92332808],62.74217934412923,True,False,False,898905.9585019095,1568.6323180365746
3300.1240000000107,77.1,True,False,BLACKOUT,-1116.4978791870915,10737.53771810806,-11483.988775446249,-287.46494312537976,200.63836425161557,0.0,10569.462786839049,15607.547590731572,-18.95887285661578,327.8107536743992,-632.307031655656,0.08325912738008781,-13.629535051092812,0.0,341.97086653024013,328.35853740168074,13.629789352416992,314.72874804926374,292.55207769682926,270.35,22.202077696829278,13.505180358886719,False,0.0,0.0,True,False,False,906066.1375448875,1575.658362652368
3300.224000000002,77.2,True,False,BLACKOUT,-1118.3886456616146,10770.328946105732,-11547.316968711693,-287.46494312537976,200.63836425161557,0.0,10602.30131601494,15676.39379358241,-18.856456633846886,328.01380627904484,-634.2568336532444,0.08353292610116048,-13.674355954016384,0.0,342.21268739592006,328.5553576894629,13.67461109161377,314.8807465978491,292.7794024828833,270.35,22.429402482883333,13.497666358947754,False,0.0,0.0,True,False,False,913271.4157826847,1583.7623862528274
3300.324000000008,77.3,True,False,BLACKOUT,-1120.271359071506,10803.143490337761,-11610.835055613015,-287.46494312537976,200.63836425161557,0.0,10635.162503465757,15745.417497283968,-18.797811563979746,328.2770783615414,-636.1049043731806,0.08357738147341319,-13.68163330694325,0.0,342.479586741282,328.8148383166193,13.681888580322266,315.132949736297,292.99572080338993,270.35,22.645720803389946,12.870464324951172,False,0.0,0.0,True,False,False,920522.9375113973,1591.436685259946
3300.42300000001,77.4,True,False,BLACKOUT,-1122.1478447978568,10835.982914991819,-11674.54194333127,-287.46494312537976,200.63836425161557,0.0,10668.04805291501,15814.619149568693,-18.731902963038358,328.51141471963683,-638.0328499919217,0.083355081309635,-13.645242727682827,0.0,342.6735942129155,329.04503307254754,13.64549732208252,315.399535750465,293.30749322566214,270.35,22.957493225662155,12.896754264831543,False,0.0,0.0,True,False,False,927821.0189397862,1599.5917593758843
3300.524000000005,77.5,True,False,BLACKOUT,-1124.0215172239648,10868.84274442167,-11738.444768270327,-287.46494312537976,200.63836425161557,0.0,10700.953770517239,15884.001296162127,-18.741545559122752,328.68517387741963,-640.0236487891773,0.08372643600813447,-13.706033562740235,0.0,342.908340228145,329.2190593765407,13.706289291381836,315.5127700851589,293.5133058118019,270.35,23.163305811801926,12.531810760498047,False,0.0,0.0,True,False,False,935166.1650977131,1607.866360062058
3300.6240000000107,77.6,True,False,BLACKOUT,-1125.8911032250523,10901.721227909615,-11802.54200133886,-287.46494312537976,200.63836425161557,0.0,10733.87781190071,15953.56168929629,-18.650174462625998,328.8844958814741,-641.9210125814986,0.08380543735830077,-13.718966098848377,0.0,343.115278243035,329.4128726062443,13.719222068786621,315.6936505374577,293.689553290887,270.35,23.33955329088698,12.272659301757812,False,0.0,0.0,True,False,False,942558.2221926202,1615.723340263945
3300.724000000002,77.7,True,False,BLACKOUT,-1127.7545004641484,10934.621878838661,-11866.83001180197,-287.46494312537976,200.63836425161557,0.0,10766.823516320821,16023.300008444046,-18.61777031929639,329.1285226994884,-643.8391966807162,0.08383815408881726,-13.724321833881437,0.0,343.3625244025837,329.65467663300296,13.724577903747559,315.9300987292554,293.8545646645483,270.35,23.504564664548308,11.885261535644531,False,0.0,0.0,True,False,False,949997.5016213955,1623.9452430652182
3300.824000000008,77.8,True,False,BLACKOUT,-1129.6140073562512,10967.543997832568,-11931.313379195617,-287.46494312537976,200.63836425161557,0.0,10799.790366892415,16093.219408228875,-18.572367522760867,329.3138571786739,-645.8281511922186,0.08388179387305852,-13.731465674895086,0.0,343.55225100452157,329.83715582889766,13.731721878051758,316.1054339508459,293.9291307690097,270.35,23.57913076900968,11.102855682373047,False,0.0,0.0,True,False,False,957484.7423411931,1632.454846766424
3300.923999999999,77.9,True,False,BLACKOUT,-1131.4675491967835,11000.488053898473,-11995.990852694558,-287.46494312537976,200.63836425161557,0.0,10832.77867022218,16163.319283363555,-18.498469287885122,329.5672641393952,-647.7213187866075,0.08453304090020193,-13.838074937599103,0.0,343.90777089524613,330.08601145507623,13.838333129882812,316.2476783251934,293.9314877039095,270.35,23.58148770390951,10.610193252563477,False,0.0,0.0,True,False,False,965020.1533862948,1640.6639404914965
3301.024000000005,78.0,True,False,BLACKOUT,-1133.3118040333356,11033.460081797823,-12060.860311725131,-287.46494312537976,200.63836425161557,0.0,10865.79418525165,16233.602025896625,-18.38662744315711,329.8732938476332,-649.6678618248612,0.0839351449802647,-13.740199261332544,0.0,344.1095673312027,330.38531756514305,13.740455627441406,316.64486193770165,293.8154268515751,270.35,23.465426851575142,10.347504615783691,False,[145.31327706],18.43231029972036,True,False,False,972604.6166158934,1649.6230681119425
3301.1280000000115,78.1,True,False,BLACKOUT,-1135.1472635342286,11066.4626346529,-12125.924255442043,-287.46494312537976,200.63836425161557,0.0,10898.839497468312,16304.071314867739,-18.322562574699774,330.17776325392265,-651.6110125134071,0.08402100309535586,-13.754254251168234,0.0,344.424207895044,330.68575966719095,13.754510879516602,316.93124878767435,293.70503441533145,270.35,23.355034415331467,9.417139053344727,False,0.0,0.0,True,False,False,980239.0962818925,1658.5466987215968
3301.2230000000127,78.2,True,False,BLACKOUT,-1136.9764929902617,11099.492166152975,-12191.180491323967,-287.46494312537976,200.63836425161557,0.0,10931.91127244333,16374.723382109745,-18.262026545961707,330.41286674757146,-653.5137051250812,0.08407323568186062,-13.76280473555328,0.0,344.6642891540373,330.9171559860773,13.7630615234375,317.1540944626398,293.9724166744225,270.35,23.622416674422503,9.250838279724121,False,0.0,0.0,True,False,False,987923.0443996093,1666.8420846252795
3301.323000000004,78.3,True,False,BLACKOUT,-1138.8017718559593,11132.550858753402,-12256.628708625092,-287.46494312537976,200.63836425161557,0.0,10965.011864261585,16445.559658597518,-18.24355076798806,330.76098526096183,-655.4506408974471,0.08412481579795623,-13.77124841040775,0.0,345.0193671823188,331.2637265313339,13.771505355834961,317.4922211754989,294.0865842907669,270.35,23.736584290766885,8.186982154846191,False,0.0,0.0,True,False,False,995656.9648276761,1675.9773628487105
3301.423999999999,78.4,True,False,BLACKOUT,-1140.624196113327,11165.638973791332,-12322.266166535219,-287.46494312537976,200.63836425161557,0.0,10998.141619299386,16516.578415552776,-18.204934379363998,331.0013154976108,-657.298517305087,0.08471508014435773,-13.867874796629206,0.0,345.3538326000689,331.501569373217,13.868133544921875,317.63343582829515,294.0409175410663,270.35,23.69091754106626,8.129938125610352,False,0.0,0.0,True,False,False,1003440.8072683694,1683.9476947985174
3301.523000000001,78.5,True,False,BLACKOUT,-1142.439622129733,11198.761036132999,-12388.09645761882,-287.46494312537976,200.63836425161557,0.0,11031.304728249052,16587.785200283906,-18.10358594875588,331.4399313357074,-659.3073043669335,0.08430926102674581,-13.801442129581844,0.0,345.7201259463518,331.93398124931775,13.8016996383667,318.13228161095105,294.23037050697815,270.35,23.880370506978167,7.722548961639404,False,0.0,0.0,True,False,False,1011276.033129794,1694.2700234549336
3301.623000000007,78.6,True,False,BLACKOUT,-1144.2496732969712,11231.921471171469,-12454.132318224509,-287.46494312537976,200.63836425161557,0.0,11064.505730436878,16659.192623255025,-18.097437396007148,331.76876943368393,-661.4099077468471,0.08417824846396356,-13.779995348036529,0.0,346.0267619558003,332.2619954370998,13.780252456665039,318.4817429804348,294.4865726476364,270.35,24.136572647636434,7.46415376663208,False,0.0,0.0,True,False,False,1019165.2830859851,1704.7237411856502
3301.7230000000127,78.7,True,False,BLACKOUT,-1146.0574003959828,11265.11943827282,-12520.363654268323,-287.46494312537976,200.63836425161557,0.0,11097.744025028484,16730.792822821597,-18.057104584224717,332.190572593338,-663.2168131294503,0.08370446173685453,-13.702436370335551,0.0,346.3683914602861,332.6809816413547,13.702692031860352,318.97828960949437,294.565668585739,270.35,24.215668585738968,7.587619304656982,False,0.0,0.0,True,False,False,1027107.3155262247,1713.4203732383583
3301.823000000004,78.8,True,False,BLACKOUT,-1147.8586604231123,11298.355407806943,-12586.777486895855,-287.46494312537976,200.63836425161557,0.0,11131.01976135088,16802.57624390415,-17.968095958365833,332.52881808909456,-665.0598394211659,0.0841931504220585,-13.782434801422314,0.0,346.7814427282215,333.0139146223461,13.782691955566406,319.2312226667797,295.0284193878992,270.35,24.6784193878992,7.912503242492676,False,0.0,0.0,True,False,False,1035100.7532705651,1722.063697035351
3301.92300000001,78.9,True,False,BLACKOUT,-1149.6577137611525,11331.626443574027,-12653.378944022505,-287.46494312537976,200.63836425161557,0.0,11164.330342468114,16874.54505154987,-18.01297080243909,332.89189725258933,-666.9693031118032,0.08400201737157502,-13.75114628455984,0.0,347.1151106735904,333.37888711428326,13.751402854919434,319.6274842593638,295.20565397091246,270.35,24.855653970912464,7.805220603942871,False,0.0,0.0,True,False,False,1043146.127034453,1731.2616691210385
3302.0260000000126,79.0,True,False,BLACKOUT,-1144.6502993192294,11423.237951539571,-12550.817215562822,-287.46494312537976,200.63836425161557,0.0,11255.288011928837,16858.36649886154,-19.00956647744044,342.82044682784385,-662.7637712430485,0.08382261131157047,-13.721777478278124,0.0,357.05309860026625,343.3470873342349,13.722033500671387,329.6250538335635,296.06580192103576,270.35,25.715801921035766,7.49664831161499,True,[57.68021684],2.5508981360583967,True,False,False,1038651.1816640866,1690.8400330721279
3302.123000000007,79.1,True,False,BLACKOUT,-1146.5429695926769,11457.544285408298,-12617.194473398667,-287.46494312537976,200.63836425161557,0.0,11289.638877011581,16930.727756150744,-18.843838991508036,343.30623054666586,-664.7813854738749,0.08378663805463683,-13.715888649248718,0.0,357.52349378343615,343.82300417525636,13.716144561767578,330.1068596134888,296.41664695082846,270.35,26.066646950828464,7.677060127258301,False,0.0,0.0,True,False,False,1046680.953260936,1700.883855889454
3302.224000000002,79.2,True,False,BLACKOUT,-1148.426326162114,11491.899755136174,-12683.759382450968,-287.46494312537976,200.63836425161557,0.0,11324.038073954043,17003.28175301091,-18.82329239723417,343.80316401084974,-666.5167955721238,0.08345507822546751,-13.661612241899793,0.0,357.96442750855715,344.3180679554052,13.661867141723633,330.65620081368155,296.04844282128903,270.35,25.698442821289014,7.749632358551025,False,0.0,0.0,True,False,False,1054763.561377599,1708.8596555507384
3302.323000000004,79.3,True,False,BLACKOUT,-1150.301538498618,11526.300603527656,-12750.493650957582,-287.46494312537976,200.63836425161557,0.0,11358.481947358918,17076.012429475097,-18.680954332842678,344.21380381882113,-668.1685745601676,0.08378673709032394,-13.715904861409609,0.0,358.42124917942084,344.72035158111515,13.716160774230957,331.0041908068842,296.22472351486726,270.35,25.87472351486728,8.474900245666504,False,0.0,0.0,True,False,False,1062896.3001217179,1715.9523055143766
3302.42300000001,79.4,True,False,BLACKOUT,-1152.1744502781744,11560.748749678149,-12817.40089480424,-287.46494312537976,200.63836425161557,0.0,11392.972856144097,17148.924053682338,-18.77728125828634,344.74911919104926,-669.9763023729917,0.08330226033463625,-13.636595923988962,0.0,358.88165515832685,345.2601069837885,13.636850357055664,331.6232566267328,296.78197003594255,270.35,26.431970035942545,8.255874633789062,False,0.0,0.0,True,False,False,1071080.056820192,1724.5991870179657
3302.523000000001,79.5,True,False,BLACKOUT,-1154.0533526775266,11595.252476174048,-12884.48760679147,-287.46494312537976,200.63836425161557,0.0,11427.519688505987,17222.027381256685,-18.800766728758546,345.3254107269382,-671.7579373716036,0.08272921654653366,-13.542788546449437,0.0,359.3646767127234,345.83682297192956,13.543041229248047,332.2937817426815,296.9626968450818,270.35,26.61269684508181,8.553359031677246,False,0.0,0.0,True,False,False,1079316.9707386363,1733.3739858607623
3302.629000000001,79.6,True,False,BLACKOUT,-1155.9344944643897,11629.815714935809,-12951.755347956683,-287.46494312537976,200.63836425161557,0.0,11462.126080051446,17295.325983291557,-18.82206900850306,345.93936450827374,-673.5968859326435,0.0827860979847037,-13.55210004873982,0.0,359.98820346775784,346.45102712814855,13.552352905273438,332.8986742228751,297.08055119261985,270.35,26.73055119261988,8.310970306396484,False,0.0,0.0,True,False,False,1087608.1640861905,1742.8024386725524
3302.724000000002,79.7,True,False,BLACKOUT,-1157.819258089137,11664.441768571614,-13019.203021470094,-287.46494312537976,200.63836425161557,0.0,11496.795428573774,17368.821273786278,-18.87320348644141,346.5817082078723,-675.3565843355856,0.08268077644428215,-13.534858892460852,0.0,360.61512370991414,347.09520059218244,13.535111427307129,333.5600891648753,297.47768621310837,270.35,27.1276862131084,9.066564559936523,False,0.0,0.0,True,False,False,1095954.208254567,1751.8082189892673
3302.823000000004,79.8,True,False,BLACKOUT,-1159.7089805988774,11699.126982158747,-13086.82920702935,-287.46494312537976,200.63836425161557,0.0,11531.524190541679,17442.50982086593,-18.92124670836414,347.1225635347721,-677.1671268495489,0.08256315117614499,-13.515603613605348,0.0,361.1385224443919,347.6378686103553,13.51585578918457,334.12201282117076,298.119326575291,270.35,27.769326575291004,8.794132232666016,False,0.0,0.0,True,False,False,1104354.6613918708,1760.7141525599463
3302.923999999999,79.9,True,False,BLACKOUT,-1161.6050582465991,11733.869167923745,-13154.63500301029,-287.46494312537976,200.63836425161557,0.0,11566.310289441306,17516.39106020585,-19.000306246072704,347.72115176519037,-678.9487927692543,0.08240846325851606,-13.49028117195064,0.0,361.7151493719615,348.2398756925391,13.490532875061035,334.74934281747807,298.5155278559728,270.35,28.165527855972783,8.515867233276367,False,0.0,0.0,True,False,False,1112809.638889741,1769.7041164733796
3303.023000000001,80.0,True,False,BLACKOUT,-1163.5069505910544,11768.670348560081,-13222.618869209404,-287.46494312537976,200.63836425161557,0.0,11601.15570056829,17590.465126005074,-19.03754064303075,348.3024609615523,-680.7285312130163,0.08190123159730889,-13.40724725215123,0.0,362.21466849596226,348.8223505820817,13.40749740600586,335.41485317607584,298.4476315356607,270.35,28.097631535660742,8.28861141204834,False,[-139.80789109],248.97521062395288,True,False,False,1121319.516217414,1778.6672174901787
3303.123000000007,80.1,True,False,BLACKOUT,-1165.4128642738106,11803.530479714127,-13290.77930191502,-287.46494312537976,200.63836425161557,0.0,11636.060243712689,17664.730749363935,-19.080733012091194,348.90016211938485,-682.480122899318,0.08190581054143031,-13.407996826178293,0.0,362.8145652605062,349.4215183688774,13.408246994018555,336.01327137485885,298.7979778551717,270.35,28.447977855171732,7.8424482345581055,False,0.0,0.0,True,False,False,1129884.4006211404,1787.5462120309978
3303.2230000000127,80.2,True,False,BLACKOUT,-1167.3246569859762,11838.453741398078,-13359.115064847867,-287.46494312537976,200.63836425161557,0.0,11671.028226708284,17739.189811952143,-19.15512123122397,349.56507155962936,-684.2351357576305,0.08221466789573806,-13.458556834057163,0.0,363.5329831866883,350.08949987663397,13.458807945251465,336.6306919313825,299.0537321238739,270.35,28.7037321238739,7.381922245025635,False,0.0,0.0,True,False,False,1138504.9567713283,1796.8064298280392
3303.323000000004,80.3,True,False,BLACKOUT,-1169.2496782707128,11873.439502054862,-13427.625035531504,-287.46494312537976,200.63836425161557,0.0,11706.059572795453,17813.841382943447,-19.34530446351062,350.15014157604764,-685.9642779151221,0.0818499369370173,-13.398850306466384,0.0,364.0676912703063,350.6841348714141,13.399100303649902,337.28503456776417,299.002812907401,270.35,28.65281290740099,6.922797203063965,False,0.0,0.0,True,False,False,1147181.0864758804,1805.3771212610357
3303.42300000001,80.4,True,False,BLACKOUT,-1171.1864713730238,11908.483719031996,-13496.304941367129,-287.46494312537976,200.63836425161557,0.0,11741.150139187424,17888.6794834418,-19.390557582707974,350.73419796663984,-687.6338387973898,0.08148214752325358,-13.33864310920104,0.0,364.59318965154876,351.2697985120133,13.338891983032227,337.9309065289811,299.092913583432,270.35,28.742913583432006,6.5630669593811035,False,0.0,0.0,True,False,False,1155911.9075063677,1813.6744001385575
3303.524000000005,80.5,True,False,BLACKOUT,-1173.1294612047977,11943.59752965804,-13565.155269024486,-287.46494312537976,200.63836425161557,0.0,11776.310610670373,17963.7114503582,-19.469239052770543,351.5420145542778,-689.3727143497573,0.08103369062952875,-13.265230630061984,0.0,365.3307259228661,352.0807283368034,13.265478134155273,338.81525020264814,299.36691905421804,270.35,29.01691905421807,6.393925666809082,False,0.0,0.0,True,False,False,1164699.4563962596,1823.6691582203564
3303.623000000007,80.6,True,False,BLACKOUT,-1175.085577323299,11978.790492582002,-13634.178803374845,-287.46494312537976,200.63836425161557,0.0,11811.551039061193,18038.94591129824,-19.653083317256215,352.3172439249879,-691.0979726574332,0.08090313246578144,-13.243858233725462,0.0,366.0933619074389,352.8649657457856,13.244105339050293,339.6208604067353,300.0883867398654,270.35,29.738386739865412,6.059020519256592,False,0.0,0.0,True,False,False,1173545.6674089986,1833.3336368112728
3303.7230000000127,80.7,True,False,BLACKOUT,-1177.0605395935158,12014.055406901161,-13703.370720031266,-287.46494312537976,200.63836425161557,0.0,11846.864671668123,18114.374723943096,-19.846162087081755,352.9810424581934,-692.7403604709991,0.08078493046040763,-13.224508542874183,0.0,366.74730919453987,353.53852192435784,13.22475528717041,340.3137666371874,300.55956507583363,270.35,30.209565075833662,6.054460048675537,False,0.0,0.0,True,False,False,1182448.989841147,1841.805148971244
3303.823000000004,80.8,True,False,BLACKOUT,-1179.0528965164556,12049.389182533065,-13772.72476441282,-287.46494312537976,200.63836425161557,0.0,11882.248315548593,18189.99099693641,-20.0009763717132,353.6944701798842,-694.3405271600924,0.08040401007965957,-13.16215180380604,0.0,367.40582865725264,354.2595338048799,13.162397384643555,341.0971364202363,300.9179021611764,270.35,30.56790216117642,6.063854694366455,False,0.0,0.0,True,False,False,1191408.3562349384,1850.2861241852395
3303.923999999999,80.9,True,False,BLACKOUT,-1181.0588459777093,12084.7924289862,-13842.244297344125,-287.46494312537976,200.63836425161557,0.0,11917.702291027512,18265.797411690473,-20.11801285336206,354.3704588828078,-696.0501314660083,0.08015485959341867,-13.1213658216312,0.0,368.0464742441622,354.9410606987867,13.121610641479492,341.8194500573072,301.5245916082921,270.35,31.174591608292133,6.064236164093018,False,0.0,0.0,True,False,False,1200424.7360116479,1859.5144028246755
3304.023000000001,81.0,True,False,BLACKOUT,-1183.0799153199923,12120.26647753251,-13911.928665674834,-287.46494312537976,200.63836425161557,0.0,11953.228038372537,18341.79434341582,-20.303373992301825,355.1105120434138,-697.6372351482,0.07981610511286262,-13.065911648476392,0.0,368.74022482107586,355.69045919058163,13.066155433654785,342.62430375692685,301.893301982273,270.35,31.54330198227299,5.399654865264893,False,[-296.09621125],654.8365080170183,True,False,False,1209498.4761992444,1868.0771225059536
3304.123000000007,81.1,True,False,BLACKOUT,-1185.1163936400123,12155.814252379352,-13981.773641801778,-287.46494312537976,200.63836425161557,0.0,11988.828493338364,18417.98042167666,-20.426192408101503,355.84498489341786,-699.262287390676,0.07962426133568344,-13.034506785518115,0.0,369.44900581621647,356.43075429890945,13.034749984741211,343.39600431416824,302.15622326049055,270.35,31.80622326049058,5.2910590171813965,False,0.0,0.0,True,False,False,1218629.620039079,1877.0104722446417
3304.224000000002,81.2,True,False,BLACKOUT,-1187.1686280838956,12191.43665872312,-14051.778749445359,-287.46494312537976,200.63836425161557,0.0,12024.5045827023,18494.35580069749,-20.618496469563514,356.6031419819512,-700.8398654809139,0.07926992912410867,-12.976502534820856,0.0,370.1587648226612,357.1987167783012,12.976744651794434,344.2219721265068,302.68645422809266,270.35,32.33645422809265,5.2523369789123535,False,0.0,0.0,True,False,False,1227818.5047539482,1885.6686465990576
3304.324000000008,81.3,True,False,BLACKOUT,-1189.2375406420504,12227.135021781567,-14121.93894399983,-287.46494312537976,200.63836425161557,0.0,12060.257695058222,18570.917457392086,-20.7597546935358,357.3641191869814,-702.3640256085097,0.07874845380084439,-12.891136924822758,0.0,370.84120306654063,357.9665921524281,12.891377449035645,345.0752147033925,303.38032639629574,270.35,33.03032639629575,4.898236274719238,False,0.0,0.0,True,False,False,1237064.7995712473,1894.0125993314896
3304.423999999999,81.4,True,False,BLACKOUT,-1191.3247825952037,12262.913506108247,-14192.258553190182,-287.46494312537976,200.63836425161557,0.0,12096.092104777428,18647.671357246156,-20.98508436953113,358.2055673466019,-704.0281581985189,0.07888271123878648,-12.913114893051372,0.0,371.715976272848,358.81973502595605,12.913355827331543,345.9063791986245,303.76986737703385,270.35,33.41986737703387,4.699389934539795,False,0.0,0.0,True,False,False,1246370.0582933356,1903.867744421172
3304.523000000001,81.5,True,False,BLACKOUT,-1193.4260079215378,12298.777895322606,-14262.737161848447,-287.46494312537976,200.63836425161557,0.0,12132.013252720639,18724.620607963247,-21.039422157151854,359.0822169405911,-705.5440149667717,0.07850332882400288,-12.851009919305298,0.0,372.53226976900453,359.69806200155784,12.851249694824219,346.8468123067336,303.9638375317579,270.35,33.61383753175793,4.650573253631592,False,0.0,0.0,True,False,False,1255735.4296175304,1912.9109712571442
3304.629000000001,81.6,True,False,BLACKOUT,-1195.5433719686303,12334.731064247013,-14333.36912059636,-305.4934516559131,92.92463497178323,0.0,12274.119663441978,18870.598396970836,-21.307858784696947,359.98116154753734,-707.0951599915252,-9.001299451736296,-8.991878245064171,0.0,369.1782164435063,360.6112332070408,12.723099708557129,347.8881334984837,304.96967360827773,224.97,79.99967360827776,4.578871726989746,False,0.0,0.0,True,False,False,1265160.7145633309,1922.2558075042843
3304.7230000000127,81.7,True,False,BLACKOUT,-1197.685832140582,12370.768740443882,-14404.153493185479,-305.4934516559131,92.92463497178323,0.0,12310.217834062518,18947.852146808575,-21.541344654339643,360.77236238984574,-708.5922917908212,-8.929773557340788,-8.920427213219023,0.0,369.9078404278971,361.4148959213873,12.621999740600586,348.7928961807867,306.2505385203325,224.97,81.28053852033246,4.264036655426025,False,0.0,0.0,True,False,False,1274645.2800583486,1930.640803316921
3304.823000000004,81.8,True,False,BLACKOUT,-1199.8547474108182,12406.881083158774,-14475.086810952578,-305.4934516559131,92.92463497178323,0.0,12346.392409736149,19025.286954992393,-21.836960750379145,361.4744919079744,-710.074063551164,-8.88931029467288,-8.880006301409708,0.0,370.5807550268199,362.1334852715803,12.56480598449707,349.5686792870832,306.54496872264417,224.97,81.57496872264414,4.4161272048950195,False,0.0,0.0,True,False,False,1284187.3115344348,1938.340857323491
3304.92300000001,81.9,True,False,BLACKOUT,-1202.0487180420519,12443.071270624023,-14546.167439137269,-305.4934516559131,92.92463497178323,0.0,12382.646456545428,19102.903455632455,-22.042451874293967,362.3292573969793,-711.5385001426455,-8.918772531898911,-8.909437701996271,0.0,371.4705906236349,362.99911907672316,12.606450080871582,350.3926689958516,307.5016229674469,224.97,82.5316229674469,4.06980562210083,False,0.0,0.0,True,False,False,1293787.3033516614,1946.9060768059915
3305.023000000001,82.0,True,False,BLACKOUT,-1204.2661540265053,12479.351929256054,-14617.397179631107,-305.4934516559131,92.92463497178323,0.0,12418.992450562037,19180.710982500215,-22.306267814772934,363.2839152436439,-713.056309734122,-8.835502764529387,-8.826255088897321,0.0,372.35391816919514,363.9680929127929,12.488750457763672,351.4793424550292,308.55121978739504,224.97,83.58121978739501,4.097354888916016,False,[-453.55133013],1200.5789745497036,True,False,False,1303447.7908421347,1956.4619241274659
3305.1240000000107,82.1,True,False,BLACKOUT,-1206.5145270545745,12515.727634981322,-14688.778253220253,-305.4934516559131,92.92463497178323,0.0,12455.435494407995,19258.714389274137,-22.661192746612237,364.23019926170696,-714.5651620487605,-8.780763470133504,-8.771573087363246,0.0,373.259947613519,364.93447043396964,12.411377906799316,352.5230925271703,308.92356881195,224.97,83.95356881195003,3.8990917205810547,False,0.0,0.0,True,False,False,1313169.9381367054,1965.8123601659947
3305.2230000000127,82.2,True,False,BLACKOUT,-1208.7914136755994,12552.189143774933,-14760.300010152909,-305.4934516559131,92.92463497178323,0.0,12491.966190656727,19336.89932999163,-22.876539673886864,364.9999766104975,-715.8699766043364,-8.869844450758524,-8.860560831413533,0.0,374.122826044373,365.7161727256735,12.537291526794434,353.1788811988791,310.237885689847,224.97,85.26788568984702,4.110957145690918,False,0.0,0.0,True,False,False,1322950.9079239576,1972.7062764085877
3305.323000000004,82.3,True,False,BLACKOUT,-1211.089686145496,12588.735089851823,-14831.96149267374,-305.4934516559131,92.92463497178323,0.0,12528.582659830721,19415.26371658051,-23.088909724043567,365.918944927287,-717.3596738122959,-8.817561748428503,-8.808332850754162,0.0,374.99893877714146,366.64665825416154,12.463391304016113,354.1832669501454,311.367477795312,224.97,86.39747779531204,3.924189805984497,False,0.0,0.0,True,False,False,1332790.7822133468,1981.9959972468075
3305.423999999999,82.4,True,False,BLACKOUT,-1213.4097401752053,12625.369867731039,-14903.769609717947,-305.4934516559131,92.92463497178323,0.0,12565.289312191297,19493.81553412828,-23.31217087014057,366.77661265702096,-718.8026670718626,-8.665570150554082,-8.656500334828264,0.0,375.7187049421277,367.5167219363454,12.248555183410645,355.26816675293475,311.81711249621594,224.97,86.84711249621593,3.6497080326080322,False,0.0,0.0,True,False,False,1342691.6366890366,1990.5623808538871
3305.523000000001,82.5,True,False,BLACKOUT,-1215.7553341029543,12662.092001123698,-14975.720863183353,-305.4934516559131,92.92463497178323,0.0,12602.084945475262,19572.551196636563,-23.59970768483957,367.66605519616974,-720.2224022362492,-8.685727564605079,-8.676636651129456,0.0,376.6380869082387,368.4226843536141,12.277047157287598,356.1456371963265,312.52631753607466,224.97,87.55631753607464,4.204164028167725,False,0.0,0.0,True,False,False,1352652.853422434,1999.1194274501643
3305.623000000007,82.6,True,False,BLACKOUT,-1218.127218569853,12698.90868158111,-15047.81297704974,-305.4934516559131,92.92463497178323,0.0,12638.97678516265,19651.47347066237,-23.837981653139202,368.6675539520746,-721.6198750915,-8.591000672854783,-8.58200890524464,0.0,377.55754939485934,369.4374300288227,12.143153190612793,357.2942768382099,313.06279052143236,224.97,88.09279052143235,4.309406757354736,False,0.0,0.0,True,False,False,1362675.4002255094,2008.1963801234167
3305.7230000000127,82.7,True,False,BLACKOUT,-1220.5248467488068,12735.818629865142,-15120.042691580948,-305.4934516559131,92.92463497178323,0.0,12675.963514467696,19730.578856570493,-24.114581925936694,369.53141172856044,-722.9744155326533,-8.450711791097465,-8.441866856792439,0.0,378.29770836229227,370.3174007733981,11.94485855102539,358.3725422223727,314.60758130161486,224.97,89.63758130161484,4.6492085456848145,False,0.0,0.0,True,False,False,1372758.8185285893,2016.1638414692486
3305.823000000004,82.8,True,False,BLACKOUT,-1222.9488357900925,12772.81716720477,-15192.40856251048,-305.4934516559131,92.92463497178323,0.0,12713.040510076835,19809.863122724913,-24.365198899775788,370.4393350640075,-724.3430030580278,-8.546146445846139,-8.537201624895756,0.0,379.3065485609968,371.23976602741476,12.079752922058105,359.16001310535665,315.9924415496675,224.97,91.02244154966748,4.44771146774292,False,0.0,0.0,True,False,False,1382902.4163109222,2024.5537605323461
3305.92300000001,82.9,True,False,BLACKOUT,-1225.3934970839052,12809.902763069256,-15264.905326164122,-305.4934516559131,92.92463497178323,0.0,12750.205833792956,19889.32083860185,-24.52802697648051,371.2725822257218,-725.5922700148138,-8.49018459038919,-8.481298341893687,0.0,380.09238639383966,372.08191896397534,12.000652313232422,360.0812666507429,317.2848944208158,224.97,92.31489442081585,4.342309951782227,False,0.0,0.0,True,False,False,1393105.3936055251,2031.6067357877237
3306.023000000001,83.0,True,False,BLACKOUT,-1227.860513121306,12847.072714857997,-15337.52492828924,-305.4934516559131,92.92463497178323,0.0,12787.456910572231,19968.94401728933,-24.812293771537217,372.126453549119,-726.7997724875291,-8.519755454729365,-8.510838255899868,0.0,380.98581957530087,372.9527414475589,12.042449951171875,360.910291496387,319.66644580265046,224.97,94.69644580265043,4.257903575897217,False,[-583.98014881],1874.4909184197998,True,False,False,1403366.134151736,2038.388017978626
3306.123000000007,83.1,True,False,BLACKOUT,-1230.3564567122637,12884.32851380173,-15410.267468367143,-305.4934516559131,92.92463497178323,0.0,12824.795700886143,20048.733830745583,-25.106578047614267,372.98952532556376,-728.0510290705583,-8.48148295131382,-8.472605810385572,0.0,381.8242413437644,373.8335542241364,11.98835277557373,361.84520144856265,321.008227194302,224.97,96.03822719430195,4.089192867279053,False,0.0,0.0,True,False,False,1413684.9496820515,2045.5643054192294
3306.2230000000127,83.2,True,False,BLACKOUT,-1232.8759322356498,12921.664567095273,-15483.13147254318,-305.4934516559131,92.92463497178323,0.0,12862.216236378008,20128.68517085513,-25.2829324201054,373.73154054527794,-729.2290544502006,-8.420362994691391,-8.411549824942663,0.0,382.51495103502754,374.5857592996647,11.901961326599121,362.68379797306557,323.2305920606109,224.97,98.2605920606109,4.406542778015137,False,0.0,0.0,True,False,False,1424061.0142734416,2051.563454631701
3306.324000000008,83.3,True,False,BLACKOUT,-1235.4198910137243,12959.08589100251,-15556.121935870558,-305.4934516559131,92.92463497178323,0.0,12899.723588077495,20208.8049704201,-25.59624314138485,374.6949375994577,-730.5802120973387,-8.365521820207086,-8.35676604995292,0.0,383.43905047081995,375.56818811717056,11.824444770812988,363.7437433463576,326.63103130956245,224.97,101.66103130956243,4.137001037597656,False,0.0,0.0,True,False,False,1434496.3068905363,2060.321028508094
3306.423999999999,83.4,True,False,BLACKOUT,-1238.0009316400867,12996.61329844502,-15629.24541625986,-305.4934516559131,92.92463497178323,0.0,12937.339422156094,20289.1119471936,-26.024569385861103,375.8532112507115,-731.8893956886864,-8.351953551477484,-8.343211982446663,0.0,384.6026689657545,376.753121578563,11.805266380310059,364.94785519825297,328.9971785701978,224.97,104.02717857019779,4.220851421356201,False,0.0,0.0,True,False,False,1444995.3078438982,2069.8056093824885
3306.523000000001,83.5,True,False,BLACKOUT,-1240.627862945699,13034.24962710392,-15702.508546103714,-305.4934516559131,92.92463497178323,0.0,12975.067202876528,20369.61324030533,-26.514056726385956,376.8733619272929,-733.3732011883853,-8.273272436302392,-8.264613218831057,0.0,385.5696903429699,377.80487838892486,11.694052696228027,366.11082569269684,327.3739832143224,224.97,102.40398321432237,4.451907157897949,False,0.0,0.0,True,False,False,1455559.7179699768,2079.9221463308854
3306.6240000000107,83.6,True,False,BLACKOUT,-1243.2885761783293,13071.996859139132,-15775.90382022603,-305.4934516559131,92.92463497178323,0.0,13012.908033784392,20450.30358798501,-26.700207926217182,378.0712787769289,-734.5322812579367,-8.222681888023779,-8.214075621130696,0.0,386.7270277481607,379.01291922482744,11.622544288635254,367.3903749361922,329.05552738178693,224.97,104.08552738178695,4.331198215484619,False,0.0,0.0,True,False,False,1466189.0372240753,2088.65027381995
3306.7230000000127,83.7,True,False,BLACKOUT,-1245.974835002121,13109.854573631816,-15849.413953583107,-305.4934516559131,92.92463497178323,0.0,13050.860901120841,20531.16881554578,-27.024968549616297,379.083011076732,-735.6703858835746,-8.185720331706277,-8.177152750612157,0.0,387.7181344237041,380.04510023431357,11.570300102233887,368.4748001320797,332.335601626409,224.97,107.365601626409,4.286962985992432,False,0.0,0.0,True,False,False,1476880.5101580496,2096.0168683052707
3306.823000000004,83.8,True,False,BLACKOUT,-1248.691259625425,13147.807187533797,-15923.040277808268,-305.4934516559131,92.92463497178323,0.0,13088.910595085696,20612.200082835676,-27.303523916461767,379.9692669629109,-736.8560986196363,-8.164287729793573,-8.15574258112415,0.0,388.5966204116634,380.94898117016754,11.540005683898926,369.4089754862686,336.601172149342,224.97,111.63117214934198,4.289254665374756,False,0.0,0.0,True,False,False,1487632.0578875488,2103.118171342224
3306.92300000001,83.9,True,False,BLACKOUT,-1251.4393777960213,13185.852802168336,-15996.784044287553,-305.4934516559131,92.92463497178323,0.0,13127.05533189184,20693.397049448475,-27.658839495467248,380.94302572786927,-738.0192309660852,-8.135774124384241,-8.127258819469153,0.0,389.559798232865,381.94580800545526,11.499702453613281,370.446105551842,339.9797608105723,224.97,115.00976081057229,4.429745674133301,False,0.0,0.0,True,False,False,1498443.803693728,2110.519273830601
3307.023000000001,84.0,True,False,BLACKOUT,-1254.2187186380838,13223.991787159372,-16070.645774447486,-305.4934516559131,92.92463497178323,0.0,13165.295446265924,20774.760162159204,-27.927977345781734,381.8366740928652,-739.215372232572,-8.106905625421863,-8.098420535710314,0.0,390.4385392185815,382.8566541160379,11.458897590637207,371.39775652540067,343.48262748889744,224.97,118.51262748889745,4.532621383666992,False,[-686.34484581],2764.1821410540997,True,False,False,1509316.1505058021,2117.8343844082724
3307.123000000007,84.1,True,False,BLACKOUT,-1257.0253729854924,13262.223995565177,-16144.62415394703,-305.4934516559131,92.92463497178323,0.0,13203.630510061796,20856.287965945536,-28.205109602389506,382.807494023225,-740.3522177582872,-8.107186301691954,-8.098700918210692,0.0,391.422507994357,383.84515847933295,11.459294319152832,372.3858641601801,345.0492445579051,224.97,120.07924455790508,4.17255163192749,False,0.0,0.0,True,False,False,1520249.1092687524,2125.088188704157
3307.224000000002,84.2,True,False,BLACKOUT,-1259.859236945679,13300.554393304299,-16218.716669082738,-305.4934516559131,92.92463497178323,0.0,13242.065469001516,20937.98147571309,-28.47216960134204,383.80046075923246,-741.4980849558751,-8.07010262420886,-8.061656054344631,0.0,392.3928680933905,384.85511315403716,11.406877517700195,373.44823563633696,347.42124734488175,224.97,122.45124734488175,3.9128851890563965,False,0.0,0.0,True,False,False,1531243.2179821793,2132.63110702286
3307.324000000008,84.3,True,False,BLACKOUT,-1262.7171511161207,13338.982096170723,-16292.919108678076,-305.4934516559131,92.92463497178323,0.0,13280.599213747562,21019.836549272204,-28.686113807495815,384.7535965692511,-742.550706950879,-8.056039798493739,-8.047607947480735,0.0,393.34258124872815,385.82149136401233,11.38700008392334,374.434491280089,352.31713836786037,224.97,127.34713836786034,3.3138396739959717,False,0.0,0.0,True,False,False,1542297.908784003,2139.2357636795973
3307.423999999999,84.4,True,False,BLACKOUT,-1265.6001784014634,13377.508826187564,-16367.229088644117,-305.4934516559131,92.92463497178323,0.0,13319.233538767998,21101.852290744537,-28.974431899356098,385.781003767593,-743.6488923699617,-8.08683862151556,-8.07837453492607,0.0,394.41285657263677,386.86754913254487,11.430533409118652,375.4370157234262,357.1570327781434,224.97,132.18703277814342,3.642188549041748,False,0.0,0.0,True,False,False,1553413.2540877708,2146.683493738975
3307.524000000005,84.5,True,False,BLACKOUT,-1268.5096257383816,13416.135455148453,-16441.650174945193,-305.4934516559131,92.92463497178323,0.0,13357.969408200375,21184.031891632254,-29.214514839008384,386.7515754501672,-744.7728336515894,-8.07546381084861,-8.06701162970041,0.0,395.38408691058135,387.8534117298248,11.41445541381836,376.43895631600645,1.2170216913296015,224.97,136.2470216913296,3.481158494949341,False,0.0,0.0,True,False,False,1564590.2734046872,2154.0632623184515
3307.623000000007,84.6,True,False,BLACKOUT,-1271.4427345764745,13454.85525545027,-16516.174751939503,-305.4934516559131,92.92463497178323,0.0,13396.799913548582,21266.364907060615,-29.44766192284854,387.644430586175,-745.7187062346505,-8.000007773969266,-7.9916345688535735,0.0,396.216983381384,388.76132698251024,11.30780029296875,377.4535266895415,6.015324551796553,224.97,141.04532455179657,2.6313719749450684,False,0.0,0.0,True,False,False,1575826.5948148328,2159.386630485517
3307.7230000000127,84.7,True,False,BLACKOUT,-1274.4007307403529,13493.666715185858,-16590.79941102752,-305.4934516559131,92.92463497178323,0.0,13435.7236357363,21348.84762025422,-29.71226135471977,388.5847641256189,-746.7744755256955,-8.009662767779341,-8.001279457268021,0.0,397.17942135784597,389.7190492975344,11.321447372436523,378.3976019250979,10.574280753700796,224.97,145.6042807537008,3.105087995529175,False,0.0,0.0,True,False,False,1587121.4549274072,2166.015749268347
3307.823000000004,84.8,True,False,BLACKOUT,-1277.3915541179706,13532.576428096434,-16665.529317053268,-305.4934516559131,92.92463497178323,0.0,13474.747724614661,21431.488367809874,-30.104206197632287,389.609494085894,-747.8236449892041,-8.068917846491843,-8.060472516674766,0.0,398.27999732651165,390.7708038129971,11.405202865600586,379.3656009473965,17.15145205597883,224.97,152.1814520559788,3.0499143600463867,False,0.0,0.0,True,False,False,1598477.0694858434,2173.1160533945863
3307.92300000001,84.9,True,False,BLACKOUT,-1280.4176349940565,13571.585868115064,-16740.36370478284,-305.4934516559131,92.92463497178323,0.0,13513.873826593805,21514.287410219,-30.41741132408397,390.57930628671494,-748.8641096022574,-8.113243106683779,-8.10475138384986,0.0,399.30746769943624,391.7619346121698,11.467855453491211,380.2940791586786,22.318750099348296,224.97,157.34875009934828,3.8564460277557373,False,0.0,0.0,True,False,False,1609893.7014260762,2179.8455069058537
3308.023000000001,85.0,True,False,BLACKOUT,-1283.4738368155652,13610.695203904861,-16815.29861696899,-305.4934516559131,92.92463497178323,0.0,13553.1017404899,21597.24136008832,-30.70662510609183,391.6074095092563,-749.8341341207207,-7.968173282498916,-7.959833396941699,0.0,400.21371640036836,392.8094449067594,11.262803077697754,381.5466418290616,27.48553426199194,224.97,162.51553426199192,4.950826644897461,False,[-759.10046562],4397.037054187632,True,False,False,1621370.8657640326,2186.3711166330672
3308.1240000000107,85.1,True,False,BLACKOUT,-1286.5635102356787,13649.908080225674,-16890.32853528299,-305.4934516559131,92.92463497178323,0.0,13592.435344511658,21680.34816658913,-31.086843296176674,392.6501169070064,-750.764232159332,-7.959916947121287,-7.951585703054375,0.0,401.26871153434604,393.8787962472807,11.25113296508789,382.6276632821928,33.21951951271719,224.97,168.2495195127172,5.7697343826293945,False,0.0,0.0,True,False,False,1632908.1855628188,2192.620638883637
3308.2230000000127,85.2,True,False,BLACKOUT,-1289.6839319084825,13689.227117390814,-16965.450936545843,-305.4934516559131,92.92463497178323,0.0,13631.877056915297,21763.607182064236,-31.321590159895734,393.7306263957789,-751.6837930977133,-8.064385869313488,-8.055945282888613,0.0,402.45912430048213,394.97449053344815,11.398797035217285,383.57569349823086,38.96310218876914,224.97,173.99310218876914,5.7614521980285645,False,0.0,0.0,True,False,False,1644505.9066571137,2199.199142486635
3308.323000000004,85.3,True,False,BLACKOUT,-1292.8352952348448,13728.650802195963,-17040.66657758576,-305.4934516559131,92.92463497178323,0.0,13671.42538375586,21847.017861302087,-31.705676367349593,394.74306970721096,-752.6290277005781,-8.01182653892881,-8.003440963707234,0.0,403.44287126840123,396.0143191802326,11.324505805969238,384.68981337426334,44.0725022952969,224.97,179.1025022952969,6.292519569396973,False,0.0,0.0,True,False,False,1656164.1301805805,2205.4706980054075
3308.423999999999,85.4,True,False,BLACKOUT,-1296.0248629686691,13768.167987449844,-17115.9786002475,-305.4934516559131,92.92463497178323,0.0,13711.06973311319,21930.575839918638,-32.08567830913785,395.60063537038315,-753.6114255342834,-8.080086198171658,-8.071629179003512,0.0,404.38541716910134,396.89967681771714,11.420989036560059,385.4786877811571,48.82511320380082,224.97,176.1448867961992,6.288774490356445,False,0.0,0.0,True,False,False,1667881.5460281516,2211.0564249715408
3308.524000000005,85.5,True,False,BLACKOUT,-1299.2466239323035,13807.774278103498,-17191.387736259192,-305.4934516559131,92.92463497178323,0.0,13750.805289186503,22014.278511900462,-32.34954096354736,396.5251777026982,-754.5712946995121,-8.085596494079896,-8.077133707562618,0.0,405.32921113552015,397.8425685528242,11.428777694702148,386.41379085812207,54.638241107637626,224.97,170.33175889236236,6.0185699462890625,False,0.0,0.0,True,False,False,1679657.923610145,2217.063842799461
3308.6240000000107,85.6,True,False,BLACKOUT,-1302.4955518742204,13847.466539818766,-17266.89247483524,-305.4934516559131,92.92463497178323,0.0,13790.628564355991,22098.122362263115,-32.62901787478735,397.3200566026872,-755.5234768214503,-8.042188829386332,-8.033771475484913,0.0,406.09880337195784,398.6575976778014,11.367422103881836,387.29017557391956,58.00238905056873,224.97,166.96761094943125,5.095390319824219,False,0.0,0.0,True,False,False,1691492.7380810883,2222.1107814156826
3308.7230000000127,85.7,True,False,BLACKOUT,-1305.7759014804994,13887.245131309912,-17342.486860696335,-305.4934516559131,92.92463497178323,0.0,13830.54022571502,22182.10299878139,-32.97797425079425,398.25177322020096,-756.3642404004626,-8.012423650705324,-8.004037450516932,0.0,407.02218910089874,399.6148416396974,11.325349807739258,388.2894918319581,59.99388881501842,224.97,164.9761111849816,5.222690582275391,False,0.0,0.0,True,False,False,1703384.7620221407,2227.0148905323695
3308.823000000004,85.8,True,False,BLACKOUT,-1309.0902345809088,13927.115589252035,-17418.17050548818,-305.4934516559131,92.92463497178323,0.0,13870.545982843896,22266.22351501137,-33.308687757392775,399.1573856222623,-757.308655436381,-7.987944766678539,-7.979584187304871,0.0,407.9235862405093,400.5447380467242,11.290749549865723,389.2539884968585,63.649149705723524,224.97,161.32085029427645,5.9933857917785645,False,0.0,0.0,True,False,False,1715335.1024056822,2232.8687923095267
3308.92300000001,85.9,True,False,BLACKOUT,-1312.4348314064948,13967.080158367096,-17493.943306342015,-305.4934516559131,92.92463497178323,0.0,13910.647807690866,22350.484890380416,-33.58324875432732,400.13399667897215,-758.1473616403252,-8.038172324973237,-8.029759174944648,0.0,408.96234853902797,401.54084461631385,11.36174488067627,390.1790997356376,68.97046690767597,224.97,155.99953309232404,7.312900066375732,False,0.0,0.0,True,False,False,1727344.5245783762,2238.2852691550856
3309.024000000005,86.0,True,False,BLACKOUT,-1315.8061274155298,14007.151351947165,-17569.79264523207,-305.4934516559131,92.92463497178323,0.0,13950.857924665137,22434.884676116413,-33.842671426371226,401.2898749223639,-758.8394161607835,-7.948181170578141,-7.939862209757316,0.0,410.0481708029343,402.71440267822527,11.23454475402832,391.47985792419695,72.49990612137576,224.97,152.47009387862423,7.665277004241943,False,[-807.71386537],6574.733702680298,True,False,False,1739412.7855826681,2243.677505710567
3309.123000000007,86.1,True,False,BLACKOUT,-1319.1988298257568,14047.331205803295,-17645.71158600599,-305.4934516559131,92.92463497178323,0.0,13991.177982492973,22519.418258789505,-34.0113767781677,402.30720220024176,-759.5393993175835,-8.064704328927629,-8.05626340918712,0.0,411.18293218246436,403.7423171931977,11.399247169494629,392.3430700237031,73.91172458801357,224.97,151.05827541198641,8.155457496643066,False,0.0,0.0,True,False,False,1751538.9589071171,2248.190265294351
3309.228000000003,86.2,True,False,BLACKOUT,-1322.6159569939623,14087.609952794945,-17721.702744081962,-305.4934516559131,92.92463497178323,0.0,14031.598459753626,22604.081566950743,-34.33116658594498,403.26773763274394,-760.2837622018865,-8.045183834104913,-8.036763345482939,0.0,412.1435980507016,404.7264473871006,11.371655464172363,393.35479192292826,73.8579610021245,224.97,151.11203899787552,9.251642227172852,False,0.0,0.0,True,False,False,1763721.8507157136,2252.6752639721253
3309.323000000004,86.3,True,False,BLACKOUT,-1326.066557377743,14127.98518752581,-17797.769872792225,-305.4934516559131,92.92463497178323,0.0,14072.117615269597,22688.87627501308,-34.68084108966703,404.23695698458005,-761.0588120033957,-8.065347320479061,-8.056905727751687,0.0,413.1520467561945,405.7219221718737,11.400156021118164,394.32176615075554,75.44107661275743,224.97,149.52892338724257,6.667844772338867,False,0.0,0.0,True,False,False,1775961.8346605133,2257.553988127379
3309.423999999999,86.4,True,False,BLACKOUT,-1329.5498223458994,14168.456084736863,-17873.917671730433,-305.4934516559131,92.92463497178323,0.0,14112.734570014296,22773.80534692158,-34.98445827346346,405.18098723647563,-761.8971667607411,-7.948353894436658,-7.940034752834472,0.0,414.004746047054,406.6885107039695,11.23478889465332,395.45372180931616,76.88046595858286,224.97,148.08953404141715,6.796932220458984,False,0.0,0.0,True,False,False,1788259.9768926073,2262.871784758396
3309.524000000005,86.5,True,False,BLACKOUT,-1333.0591544894974,14209.027115487803,-17950.14625070168,-305.4934516559131,92.92463497178323,0.0,14153.453307022652,22858.8711649471,-35.20218459849445,406.2396277823323,-762.6744126641906,-7.997232722289264,-7.988862421680364,0.0,415.1208878185757,407.7619758894083,11.303877830505371,396.4580980589029,78.46165220697328,224.97,146.50834779302673,9.53438663482666,False,0.0,0.0,True,False,False,1800617.533237645,2268.6296833181386
3309.623000000007,86.6,True,False,BLACKOUT,-1336.594341773542,14249.69907072268,-18026.450245917917,-305.4934516559131,92.92463497178323,0.0,14194.274601765723,22944.06982073768,-35.50156108240024,407.19947691523646,-763.4054916605337,-8.056253679209169,-8.047821604337996,0.0,416.1532936626361,408.74414349239254,11.38730239868164,397.3568410937109,79.8645945986744,224.97,145.1054054013256,11.346394538879395,False,0.0,0.0,True,False,False,1813033.698601171,2273.214176979031
3309.7230000000127,86.7,True,False,BLACKOUT,-1340.155402778214,14290.464047198264,-18102.826421195292,-305.4934516559131,92.92463497178323,0.0,14235.190575289971,23029.39372086792,-35.71965901103586,408.10005259644953,-764.118013886979,-7.9843701924503225,-7.976013354403421,0.0,416.99944712551945,409.66028239150734,11.285696983337402,398.37458540816993,80.91288704207949,224.97,144.0571129579205,11.71603012084961,False,0.0,0.0,True,False,False,1825506.3369064867,2277.237441043044
3309.824000000008,86.8,True,False,BLACKOUT,-1343.7424612316872,14331.318977327259,-18179.275817674315,-305.4934516559131,92.92463497178323,0.0,14276.198179287981,23114.84163279912,-36.02151005842912,408.9985499834252,-764.8699156934762,-7.902250118264054,-7.89397923116179,0.0,417.8397703600243,410.58173738664254,11.169622421264648,399.4121149653779,81.50826877281108,224.97,143.46173122718895,12.37084674835205,False,0.0,0.0,True,False,False,1838035.2653349894,2281.6525490780873
3309.92300000001,86.9,True,False,BLACKOUT,-1347.3551541661427,14372.26212636425,-18255.802644495714,-305.4934516559131,92.92463497178323,0.0,14317.295659454827,23200.415625480087,-36.232348630682935,409.86443075639886,-765.6666207344588,-7.998140871951623,-7.989769620828222,0.0,418.8070000139146,411.46279866661365,11.305161476135254,400.1576371904784,82.23878742826741,224.97,142.73121257173258,12.552324295043945,False,0.0,0.0,True,False,False,1850621.2853334288,2286.2821956798293
3310.024000000005,87.0,True,False,BLACKOUT,-1350.9948627802262,14413.292531731879,-18332.40775043157,-305.4934516559131,92.92463497178323,0.0,14358.482158613428,23286.115687836464,-36.561823650987584,410.74367659615194,-766.4354979826774,-8.09455789364561,-8.086085727682862,0.0,419.79608743762617,412.3677179562074,11.441444396972656,400.92627355923474,83.08336560453412,224.97,141.8866343954659,11.971053123474121,False,[-835.82212153],8251.52732268308,True,False,False,1863264.5169266015,2290.7616267910607
3310.1240000000107,87.1,True,False,BLACKOUT,-1354.6679173148882,14454.414223525588,-18409.090069142738,-305.4934516559131,92.92463497178323,0.0,14399.76215989452,23371.94359558785,-36.89926704224963,411.69015927800086,-767.2108762406988,-8.049860872336321,-8.041435488494047,0.0,420.7218794899806,413.3404688082223,11.378266334533691,401.9622024736886,84.15251428299685,224.97,140.81748571700317,11.883810997009277,False,0.0,0.0,True,False,False,1875965.4992804644,2295.8147294960286
3310.2230000000127,87.2,True,False,BLACKOUT,-1358.3687529934978,14495.633887007527,-18485.843878667783,-305.4934516559131,92.92463497178323,0.0,14441.141928491761,23457.898544100703,-37.11744652994226,412.7031103607602,-767.8653142601712,-8.238358602291918,-8.229735927371767,0.0,421.922342148127,414.3688720673272,11.644702911376953,402.7241691559502,85.0499457815308,224.97,139.9200542184692,11.940804481506348,False,0.0,0.0,True,False,False,1888724.5364694893,2300.415019329617
3310.324000000008,87.3,True,False,BLACKOUT,-1362.0981774445818,14536.949473477613,-18562.665715598596,-305.4934516559131,92.92463497178323,0.0,14482.61948274318,23543.976417567865,-37.47104249173807,413.60861904093883,-768.571424356107,-8.230605595033248,-8.221991034795217,0.0,422.84283929939755,415.30250272586864,11.633744239807129,403.6687584860615,86.23547605477978,224.97,138.73452394522022,12.551192283630371,False,0.0,0.0,True,False,False,1901540.6038127951,2304.627486479855
3310.42300000001,87.4,True,False,BLACKOUT,-1365.8574463795248,14578.35405072679,-18639.557567426506,-305.4934516559131,92.92463497178323,0.0,14524.188003469477,23630.1744274039,-37.714336207122564,414.482925942602,-769.2656122020626,-8.105168266298108,-8.09668499499283,0.0,423.6156635516644,416.19522709118655,11.456441879272461,404.7387852119141,87.24984801684306,224.97,137.72015198315694,13.452220916748047,False,0.0,0.0,True,False,False,1914412.9310724824,2308.6115098162345
3310.523000000001,87.5,True,False,BLACKOUT,-1369.6468656532431,14619.848391571726,-18716.517902836902,-305.4934516559131,92.92463497178323,0.0,14565.848286955,23716.491703576317,-38.074049267241996,415.4038909561505,-769.9410960058192,-8.23930790881119,-8.230684240299727,0.0,424.6838413382376,417.1450896859674,11.646044731140137,405.49904495482724,88.0167869111207,224.97,136.9532130888793,12.803240776062012,False,0.0,0.0,True,False,False,1927341.4800377819,2312.7653781911504
3310.623000000007,87.6,True,False,BLACKOUT,-1373.4715773310047,14661.43254058443,-18793.54306770591,-305.4934516559131,92.92463497178323,0.0,14607.600756894291,23802.92546958326,-38.42018428798765,416.2790892979181,-770.5622013742794,-8.254311944614713,-8.245672572134843,0.0,425.59517536628846,418.04831149931346,11.667252540588379,406.3810589587251,88.70376321351544,224.97,136.26623678648457,13.084113121032715,False,0.0,0.0,True,False,False,1940325.380768615,2316.0941334659265
3310.724000000002,87.7,True,False,BLACKOUT,-1377.3267941516142,14703.102194492072,-18870.631024155267,-305.4934516559131,92.92463497178323,0.0,14649.440775497054,23889.471117724792,-38.684152124200104,417.11398885491633,-771.1969276128972,-8.260870053617783,-8.2522238170956,0.0,426.45280040688857,418.90397864430406,11.676522254943848,407.2274563893602,89.14660935040584,224.97,135.82339064959416,13.2908935546875,False,0.0,0.0,True,False,False,1953363.5526333079,2319.3382895460013
3310.823000000004,87.8,True,False,BLACKOUT,-1381.207889712973,14744.855360723755,-18947.784845236263,-305.4934516559131,92.92463497178323,0.0,14691.366020369895,23976.12950594495,-38.937759102977076,417.9493357787658,-771.8794940070173,-8.289856625530318,-8.28118005022359,0.0,427.330956695292,419.7592123609356,11.717494010925293,408.0417183500103,89.45401901177902,224.97,135.51598098822097,13.40474796295166,False,0.0,0.0,True,False,False,1966456.5847085111,2323.054432684523
3310.92300000001,87.9,True,False,BLACKOUT,-1385.1138032656722,14786.693745415168,-19025.005754585567,-305.4934516559131,92.92463497178323,0.0,14733.378118226321,24062.902458694465,-39.180511951005414,418.8183580495092,-772.53869297911,-8.26028238767728,-8.251636766235434,0.0,428.187857217097,420.647036785034,11.675691604614258,408.97134518041975,89.53940969818912,224.97,135.4305903018109,13.200242042541504,False,0.0,0.0,True,False,False,1979605.2847800998,2326.8884824857023
3311.023000000001,88.0,True,False,BLACKOUT,-1389.0419070036157,14828.621145933304,-19102.29021891885,-305.4934516559131,92.92463497178323,0.0,14775.480666233838,24149.78924392618,-39.38156280786373,419.7296523132348,-773.1505936865543,-8.329550052563194,-8.320831932146051,0.0,429.17530748967886,421.57311171394537,11.773599624633789,409.7995120893116,89.62667189703828,224.97,135.34332810296175,12.680343627929688,False,[-861.63009219],9830.174947246933,True,False,False,1992809.743275194,2330.6321229477426
3311.1240000000107,88.1,True,False,BLACKOUT,-1392.994761823394,14870.636220519056,-19179.639378546955,-305.4934516559131,92.92463497178323,0.0,14817.672516466075,24236.7899173208,-39.675533587698354,420.5718394017867,-773.8325988755586,-8.464387337536067,-8.455528089725524,0.0,430.1611531820907,422.43913178500736,11.964188575744629,410.47494320926273,90.10818504216589,224.97,134.86181495783413,12.256077766418457,False,0.0,0.0,True,False,False,2006070.0359338366,2334.522267607183
3311.2230000000127,88.2,True,False,BLACKOUT,-1627.6206474681726,14929.934453728227,-19223.535961900157,-305.4934516559131,92.92463497178323,0.0,14895.800773499272,24319.317744588356,-46.987823025146355,421.75373082349876,-769.471815509951,-8.573700624197613,-8.564726963676865,0.0,432.02965165850406,424.3631286718754,12.11870002746582,412.2444286444096,96.34504392085678,224.97,128.62495607914323,12.316544532775879,False,0.0,0.0,True,False,False,1152115.0205867006,965.4632732155197
3311.324000000008,88.3,True,False,BLACKOUT,-1632.3331980432374,14972.15132619213,-19300.5073522895,-305.4934516559131,92.92463497178323,0.0,14938.269332199001,24406.176978320433,-47.26318847615065,422.5837184545833,-769.9559922768408,-8.565486120379468,-8.556521057566039,0.0,432.87344373870906,425.21854156167115,12.107089042663574,413.11145251900757,96.46186205994566,224.97,128.50813794005435,12.352006912231445,False,0.0,0.0,True,False,False,1158591.578095927,968.0403209383879
3311.42300000001,88.4,True,False,BLACKOUT,-1637.0732473748972,15014.453137499979,-19377.52865863792,-305.4934516559131,92.92463497178323,0.0,14980.824997446849,24493.13647780664,-47.5377981570421,423.45250770236305,-770.4701346915551,-8.597047357308025,-8.588049260937881,0.0,433.79191432529757,426.11250689581914,12.151700019836426,413.9608068759827,96.44747134205542,224.97,128.52252865794458,12.22927188873291,False,0.0,0.0,True,False,False,1165093.6344216086,970.7897481663864
3311.524000000005,88.5,True,False,BLACKOUT,-1641.8380412560064,15056.840441005443,-19454.598818673425,-305.4934516559131,92.92463497178323,0.0,15023.468078716625,24580.195448933006,-47.75807946514122,424.2935624069008,-770.9330660185697,-8.628136977138519,-8.619106340829521,0.0,434.67750247901773,426.97290459013595,12.19564437866211,414.77726021147384,96.2382351521536,224.97,128.7317648478464,11.424964904785156,False,0.0,0.0,True,False,False,1171621.3423620847,973.4769233965143
3311.6240000000107,88.6,True,False,BLACKOUT,-1646.6241607073512,15099.314143465612,-19531.713349650126,-305.4934516559131,92.92463497178323,0.0,15066.199177609276,24667.35056775039,-47.964309561755336,425.1804867964935,-771.3575535155027,-8.738424534314513,-8.729278465575444,0.0,435.67918752904615,427.877343808058,12.351532936096191,415.5258108719618,96.23056255764396,224.97,128.73943744235604,10.702406883239746,False,0.0,0.0,True,False,False,1178174.791099683,976.3311664408205
3311.724000000002,88.7,True,False,BLACKOUT,-1651.4334336702898,15141.873464938539,-19608.874764855667,-305.4934516559131,92.92463497178323,0.0,15109.017682236747,24754.60330657585,-48.22114969701846,426.0059426620377,-771.8707505952991,-8.818573802287,-8.809343845346872,0.0,436.5969495629109,428.72641913168076,12.464821815490723,416.26159731619003,96.09849645877189,224.97,128.87150354122812,10.148560523986816,False,0.0,0.0,True,False,False,1184754.0627240962,979.0578579485
3311.823000000004,88.8,True,False,BLACKOUT,-1656.2655480723645,15184.51508949077,-19686.08703771704,-305.4934516559131,92.92463497178323,0.0,15151.920264553462,24841.9546445113,-48.421138344474045,426.8265483825897,-772.3747066321474,-8.702567466107919,-8.693458927155746,0.0,437.32738496428567,429.5643246858029,12.300849914550781,417.2634747712521,96.45147207681369,224.97,128.51852792318633,10.858183860778809,False,0.0,0.0,True,False,False,1191359.0406402696,981.7725107026607
3311.923999999999,88.9,True,False,BLACKOUT,-1661.115677858153,15227.233904920973,-19763.34993882046,-305.4934516559131,92.92463497178323,0.0,15194.901404702945,24929.400905415238,-48.58145737129868,427.5497602214912,-772.8833154362546,-8.589375314358035,-8.58038524792875,0.0,437.9598958973601,430.30100565275694,12.14085578918457,418.16014986357237,96.6445773861104,224.97,128.32542261388963,11.065934181213379,False,0.0,0.0,True,False,False,1197989.3483596516,984.1854013806618
3312.023000000001,89.0,True,False,BLACKOUT,-1665.9893406593317,15270.030583281763,-19840.659362377293,-305.4934516559131,92.92463497178323,0.0,15237.962266334083,25016.93942040295,-48.891798652271845,428.383806994302,-773.3051557004511,-8.633305198842585,-8.624269153216291,0.0,438.85852494089136,431.1648107978963,12.202949523925781,418.9618612739705,95.86477200001873,224.97,129.10522799998128,11.368667602539062,False,[-870.38588404],13054.79429742489,True,False,False,1204644.9762571123,986.9867431133285
3312.1240000000107,89.1,True,False,BLACKOUT,-1670.89255151335,15312.910940055755,-19918.011938439853,-305.4934516559131,92.92463497178323,0.0,15281.10918188975,25104.571245266623,-49.172418428098915,429.22332848556476,-773.7463655507775,-8.567247094093256,-8.558280188157353,0.0,439.6606837460178,432.03077720261444,12.109578132629395,419.92119906998505,95.27715871710666,224.97,129.69284128289334,10.430136680603027,False,0.0,0.0,True,False,False,1211326.4267663907,989.8676277823967
3312.224000000002,89.2,True,False,BLACKOUT,-1675.8261329441993,15355.870949089584,-19995.40193500313,-305.4934516559131,92.92463497178323,0.0,15324.338218828534,25192.28930421719,-49.499210188886636,429.97685219099634,-774.0535657148077,-8.588125090491504,-8.579136332608554,0.0,440.46006851228225,432.8166646854086,12.13908863067627,420.67757605473236,96.57539295170058,224.97,128.39460704829943,10.689435005187988,False,0.0,0.0,True,False,False,1218033.2526049875,992.4236385258039
3312.324000000008,89.3,True,False,BLACKOUT,-1680.778986396386,15398.895790243849,-20072.82608209546,-305.4934516559131,92.92463497178323,0.0,15367.633627468053,25280.081293978044,-49.55785885484366,430.5199708943282,-774.4293761317456,-8.706344451107835,-8.697231958975738,0.0,441.11290789474634,433.3629272482013,12.306188583374023,421.05673866482726,96.80849529444444,224.97,128.16150470555553,10.442085266113281,False,0.0,0.0,True,False,False,1224764.120495341,994.2508847282356
3312.423999999999,89.4,True,False,BLACKOUT,-1685.743821837051,15441.976428096292,-20150.29146370583,-305.4934516559131,92.92463497178323,0.0,15410.985757971612,25367.946864196558,-49.73884995845382,431.0927861545356,-774.8782560756604,-8.735084081878897,-8.725941509423107,0.0,441.72595805544915,433.9526972720296,12.346811294555664,421.6058859774739,95.35782432730997,224.97,129.61217567269003,11.215776443481445,False,0.0,0.0,True,False,False,1231518.5649242813,996.2702942994948
3312.524000000005,89.5,True,False,BLACKOUT,-1690.728876092927,15485.11872193515,-20227.804350422248,-305.4934516559131,92.92463497178323,0.0,15454.40118515969,25455.89489353746,-49.96223515906877,431.7530906226386,-775.379478252705,-8.745468429169662,-8.736314987940702,0.0,442.4135376712928,434.6342786806978,12.361489295959473,422.2727893847383,93.21343427862269,224.97,131.7565657213773,10.909740447998047,False,0.0,0.0,True,False,False,1238297.3548626974,998.6381334076864
3312.6240000000107,89.6,True,False,BLACKOUT,-1695.7408962732163,15528.33010562022,-20305.364586841475,-305.4934516559131,92.92463497178323,0.0,15497.887920635787,25543.930022710767,-50.278168446717316,432.4745830787527,-775.8252501318814,-8.686464339814066,-8.677372655192949,0.0,443.10824625411936,435.3873668717289,12.278088569641113,423.1092783020878,92.90421873325259,224.97,132.06578126674742,10.676023483276367,False,0.0,0.0,True,False,False,1245101.1772258137,1001.243461935691
3312.724000000002,89.7,True,False,BLACKOUT,-1700.7801526471524,15571.616362392057,-20382.96148391043,-305.4934516559131,92.92463497178323,0.0,15541.45175234514,25632.047156344102,-50.50695903200658,433.250552357986,-776.1126912471772,-8.731365796002773,-8.722227115289492,0.0,443.9427192617902,436.1845871063772,12.34155559539795,423.84303151097924,93.38103757996019,224.97,131.5889624200398,10.374438285827637,False,0.0,0.0,True,False,False,1251930.3012970565,1004.0134677492671
3312.823000000004,89.8,True,False,BLACKOUT,-1705.8356495368853,15614.97577510793,-20460.588363668212,-305.4934516559131,92.92463497178323,0.0,15585.089985886125,25720.239230140203,-50.60297876265101,433.9377019595024,-776.4249039084641,-8.743216271983217,-8.734065187973725,0.0,444.6465260690164,436.878233197246,12.358305931091309,424.5199272661547,93.65091950341315,224.97,131.31908049658685,10.960679054260254,False,0.0,0.0,True,False,False,1258784.530357361,1006.4934381799522
3312.92300000001,89.9,True,False,BLACKOUT,-1710.9012793372924,15658.397873577753,-20538.247904641597,-305.4934516559131,92.92463497178323,0.0,15628.791645673273,25808.50160889589,-50.709617245489525,434.5042674369654,-776.765915559303,-8.771475514522779,-8.762294852987754,0.0,445.24605891147377,437.45333888555245,12.398249626159668,425.0550892593928,92.32824408394552,224.97,132.6417559160545,11.388432502746582,False,0.0,0.0,True,False,False,1265663.1226576075,1008.5724075609942
3313.023000000001,90.0,False,True,NORMAL,-1715.984319416287,15701.879494385039,-20615.943580896783,-305.4934516559131,92.92463497178323,0.0,15672.55423634693,25896.835444161035,-50.951184334404545,435.12814870875263,-777.1476095443941,-8.814871709272614,-8.80564562712674,0.0,445.9290107125726,438.1010488275334,12.459589004516602,425.6414598230168,90.7693905122052,224.97,134.2006094877948,0.0,False,0.0,0.0,False,False,False,1272565.9155584848,1010.9131085535405
3313.1240000000107,90.1,False,True,NORMAL,-1721.0914610517834,15745.426084129655,-20693.68285135267,-305.4934516559131,92.92463497178323,0.0,15716.38378699422,25985.250225704243,-51.191648375525155,435.8036461835495,-777.6377995733129,-8.86102271462528,-8.851748328547083,0.0,446.66576065056915,438.7999577145374,12.524822235107422,426.27513547943,89.66668849943956,224.97,135.30331150056045,0.0,False,0.0,0.0,False,False,False,1279493.67155511,1013.4992557280812
3313.2230000000127,90.2,False,True,NORMAL,-1726.2209648372304,15789.03921221915,-20771.469667025114,-305.4934516559131,92.92463497178323,0.0,15760.281707151928,26073.749857221,-51.39842733341337,436.4589156063226,-778.0985138755641,-8.861358716506302,-8.852083978751862,0.0,447.33800258638615,439.47489501061966,12.525297164916992,426.94959784570267,89.1129300317272,224.97,135.85706996827278,0.0,False,0.0,0.0,False,False,False,1286446.7524672702,1016.0237546075425
3313.323000000004,90.3,False,True,NORMAL,-1731.3684406972832,15832.714408822576,-20849.301966900148,-305.4934516559131,92.92463497178323,0.0,15804.243152058618,26162.32967677722,-51.55108986764402,437.04501646220825,-778.5474836251062,-8.893979236473418,-8.884670356464074,0.0,447.96530521190937,440.0748360006441,12.571405410766602,427.5034305898775,88.9028313016215,224.97,136.0671686983785,0.0,False,0.0,0.0,False,False,False,1293424.7905224455,1018.3063802557427
3313.42300000001,90.4,False,True,NORMAL,-1736.5307461836824,15876.449404567516,-20927.176179084945,-305.4934516559131,92.92463497178323,0.0,15848.265579891427,26250.98521429685,-51.69501986033885,437.6548984365751,-778.9367600707914,-8.898935601569772,-8.88962153398277,0.0,448.59058521509303,440.6973850658632,12.578411102294922,428.1189739635683,87.77911541998776,224.97,137.19088458001224,0.0,False,0.0,0.0,False,False,False,1300427.610941169,1020.7145303175453
3313.524000000005,90.5,False,True,NORMAL,-1741.718300561894,15920.25429525154,-21005.088176009005,-305.4934516559131,92.92463497178323,0.0,15892.359988113356,26339.71972655935,-52.05606770389061,438.4429152438764,-779.3031784103887,-8.897732606883304,-8.888419798410236,0.0,449.4084614235251,441.5223936702883,12.57671070098877,428.9456829692995,87.09889166101325,224.97,137.87110833898674,0.0,False,0.0,0.0,False,False,False,1307456.1117241299,1023.8696135492551
3313.623000000007,90.6,False,True,NORMAL,-1746.9339983430893,15964.133158674305,-21083.0292609118,-407.37039274467855,87.47951608497833,0.0,15933.065039099938,26426.439116094545,-52.257887920015044,439.13435321143857,-779.5185196455709,-10.987593403556124,6.103063174278735,0.0,434.9934888716405,442.23281992666415,12.568794250488281,429.66402567617587,87.32597588715635,150.95,63.62402411284364,0.0,False,0.0,0.0,False,False,False,1314510.419673211,1026.5927093675248
3313.7230000000127,90.7,False,True,NORMAL,-1752.1636194699454,16008.080002482897,-21161.000030294912,-407.37039274467855,87.47951608497833,0.0,15977.29603750709,26515.31464931693,-52.33453461710344,439.8025229604128,-779.8968680166919,-11.03685248278812,6.130424149645951,0.0,435.63400674947593,442.90536541786577,12.625142097473145,430.2802233203926,88.58556990390404,150.95,62.36443009609593,0.0,False,0.0,0.0,False,False,False,1321590.0783395765,1029.25254271732
3313.823000000004,90.8,False,True,NORMAL,-1757.399493345722,16052.091607395198,-21239.000657789347,-407.37039274467855,87.47951608497833,0.0,16021.592236681037,26604.25843243999,-52.38294289843106,440.42957528558037,-780.1156818720209,-11.001191860717046,6.1106164427769105,0.0,436.28592382661645,443.53374560785903,12.584349632263184,430.94939597559585,89.20181934480993,150.95,61.748180655190026,0.0,False,0.0,0.0,False,False,False,1328694.979405751,1031.7981011012425
3313.92300000001,90.9,False,True,NORMAL,-1762.6521312773048,16096.161500954004,-21317.02018849666,-407.37039274467855,87.47951608497833,0.0,16065.948072973162,26693.25827245981,-52.669815733227225,440.9682958905607,-780.2749322742019,-11.020470306145848,6.121324663042485,0.0,436.8369906043334,444.10263168551165,12.606402397155762,431.4962292883559,88.94283465478992,150.95,62.00716534521007,0.0,False,0.0,0.0,False,False,False,1335824.1768432274,1034.0346669642454
3314.023000000001,91.0,False,True,NORMAL,-1767.9306497753553,16140.29056396921,-21395.061405392087,-407.37039274467855,87.47951608497833,0.0,16110.365196111647,26782.317287579568,-52.90055422778147,441.61296441356706,-780.5494056343981,-10.954022030068536,6.084415941375511,0.0,437.5438584847328,444.7701417313722,12.530391693115234,432.23975003825694,88.66142717075901,150.95,62.28857282924099,0.0,False,0.0,0.0,False,False,False,1342977.8249624628,1036.733244444747
3314.1240000000107,91.1,False,True,NORMAL,-1773.2307314824816,16184.483856289631,-21473.12934181256,-407.37039274467855,87.47951608497833,0.0,16154.848287542176,26871.442218900644,-53.10107991474697,442.25288199486386,-780.8093227750761,-11.022469515285195,6.1224351245628466,0.0,438.1556528682908,445.42938421356456,12.608689308166504,432.82069490539806,88.52100902053529,150.95,62.428990979464686,0.0,False,0.0,0.0,False,False,False,1350156.7295887086,1039.44725377707
3314.224000000002,91.2,False,True,NORMAL,-1778.556551699998,16228.7367312143,-21551.2176477077,-407.37039274467855,87.47951608497833,0.0,16199.393074046786,26960.625327806156,-53.41532443558034,442.80461649852066,-780.9567951277311,-11.035145068143674,6.129475765495116,0.0,438.72686051508606,446.0147141933327,12.623188972473145,433.39152522085953,88.80596079056936,150.95,62.144039209430616,0.0,False,0.0,0.0,False,False,False,1357360.265703258,1041.836124727809
3314.324000000008,91.3,False,True,NORMAL,-1783.9076948137076,16273.043806380492,-21629.326375692242,-407.37039274467855,87.47951608497833,0.0,16243.994162128869,27049.863323231282,-53.60753783861471,443.3368868253211,-781.2177645631249,-11.069461768141093,6.148536990307934,0.0,439.25293527447167,446.56619143536386,12.662444114685059,433.9037473206788,89.32821146755114,150.95,61.621788532448875,0.0,False,0.0,0.0,False,False,False,1364587.9378552919,1044.1501782164617
3314.423999999999,91.4,False,True,NORMAL,-1789.2784136093494,16317.404235367398,-21707.460449684964,-407.37039274467855,87.47951608497833,0.0,16288.650225592808,27139.159260123397,-53.80683807422075,443.8716929127909,-781.4637152913358,-11.011493040085593,6.116338236999425,0.0,439.84223547076357,447.1210748698973,12.5961332321167,434.5249416377806,89.58066395944537,150.95,61.36933604055457,0.0,False,0.0,0.0,False,False,False,1371839.9230836006,1046.5003924322205
3314.523000000001,91.5,False,True,NORMAL,-1794.6739189951084,16361.823486193689,-21785.61174496654,-407.37039274467855,87.47951608497833,0.0,16333.367158407986,27228.51009206682,-54.103269640960775,444.5133236130269,-781.5621903402414,-10.932662673041817,6.072551877926106,0.0,440.56101918536694,447.79376799520344,12.505958557128906,435.28780943807453,89.82987627820725,150.95,61.12012372179271,0.0,False,0.0,0.0,False,False,False,1379116.5724179063,1049.350650443737
3314.623000000007,91.6,False,True,NORMAL,-1800.0942455129211,16406.303139511172,-21863.775918310625,-407.37039274467855,87.47951608497833,0.0,16378.146542956636,27317.913199742437,-54.30326071529122,445.07974273667526,-781.7212765415067,-11.03476656899886,6.12926552799293,0.0,441.0778661726495,448.3802198122236,12.622756004333496,435.7574638078901,89.9026878763581,150.95,61.04731212364186,0.0,False,0.0,0.0,False,False,False,1386418.0147215328,1051.9061255482343
3314.7230000000127,91.7,False,True,NORMAL,-1805.5350148810353,16450.836591262996,-21941.953774504756,-407.37039274467855,87.47951608497833,0.0,16422.981430920885,27407.3649686152,-54.51212664698983,445.58929229981527,-781.835847341167,-11.07208458380097,6.149993834320886,0.0,441.5811751991897,448.9113379764736,12.665444374084473,436.2458936023891,89.87218267764874,150.95,61.07781732235128,0.0,False,0.0,0.0,False,False,False,1393743.7135972916,1054.255593903069
3314.824000000008,91.8,False,True,NORMAL,-1810.996579191342,16495.424541087195,-22020.14365133492,-407.37039274467855,87.47951608497833,0.0,16467.872552785127,27496.864418333218,-54.71915955914574,446.1697041842116,-781.9616892621112,-11.11431808529432,6.173452449708081,0.0,442.15165242298065,449.5126153454273,12.71375560760498,436.79885973782234,89.90126991911679,150.95,61.04873008088322,0.0,False,0.0,0.0,False,False,False,1401093.7809789344,1056.9460829785392
3314.92300000001,91.9,False,True,NORMAL,-1816.4826543639015,16540.06933593222,-22098.350826167043,-407.37039274467855,87.47951608497833,0.0,16512.822567507552,27586.417280653615,-55.00234389204291,446.72619271632203,-782.1818073803393,-11.054338476319677,6.140136751784429,0.0,442.77251483172154,450.09948799397563,12.64514446258545,437.4543435313902,90.37541586217075,150.95,60.57458413782922,0.0,False,0.0,0.0,False,False,False,1408468.6480344909,1059.551195517211
3315.024000000005,92.0,False,True,NORMAL,-1821.9950722281633,16584.768533836443,-22176.578857244083,-407.37039274467855,87.47951608497833,0.0,16557.829203099867,27676.024962602416,-55.24601339319457,447.2577653681696,-782.3788141604518,-11.052541855929645,6.139138818266339,0.0,443.3268609229403,450.65688797351106,12.643089294433594,438.01379867907747,90.82999007749481,150.95,60.120009922505176,0.0,False,0.0,0.0,False,False,False,1415868.2004426438,1062.0782798028947
3315.1240000000107,92.1,False,True,NORMAL,-1827.5255277273284,16629.518255207342,-22254.82224478931,-407.37039274467855,87.47951608497833,0.0,16602.887888980116,27765.68024380479,-55.36309659010741,447.73666204984903,-782.4889367441107,-11.07465904494455,6.151423819798317,0.0,443.80061775856336,451.14652941986185,12.668389320373535,438.4781400994883,90.86879449556623,150.95,60.08120550443374,0.0,False,0.0,0.0,False,False,False,1423292.0589260512,1064.411811563051
3315.2230000000127,92.2,False,True,NORMAL,-1833.0723602087517,16674.324677411685,-22333.07807920413,-407.37039274467855,87.47951608497833,0.0,16648.004640372314,27855.38430892107,-55.57355303835721,448.39178203699083,-782.6277515522432,-11.047136154486973,6.1361362192262945,0.0,444.4914600509263,451.82254259345603,12.636905670166016,439.18563692329,91.16842915810905,150.95,59.781570841890925,0.0,False,0.0,0.0,False,False,False,1430740.9115133923,1067.5494671064653
3315.324000000008,92.3,False,True,NORMAL,-1838.6427452922728,16719.182894047306,-22411.340297137354,-407.37039274467855,87.47951608497833,0.0,16693.175186275697,27945.129659992333,-55.83414863206631,448.7725506754411,-782.6166071122376,-11.117737083075998,6.175351533400743,0.0,444.85035478259164,452.23252248506964,12.717666625976562,439.5148558590931,91.82095174876403,150.95,59.129048251235986,0.0,False,0.0,0.0,False,False,False,1438213.9815152453,1069.519682283516
3315.42300000001,92.4,False,True,NORMAL,-1844.2379670982236,16764.087697081195,-22489.611970325106,-407.37039274467855,87.47951608497833,0.0,16738.39445253632,28034.915648606628,-56.07028748695138,449.32351000230096,-782.8168566427621,-11.05189073735674,6.1387771541931935,0.0,445.4653336406241,452.8084515329382,12.64234447479248,440.1661070581457,92.48300574023882,150.95,58.46699425976112,0.0,False,0.0,0.0,False,False,False,1445710.8445396314,1072.2491292350169
3315.523000000001,92.5,False,True,NORMAL,-1849.8515034398306,16809.045898827055,-22567.88880470155,-407.37039274467855,87.47951608497833,0.0,16783.66867067991,28124.742472572718,-56.20043934518963,449.8405249149347,-782.7198308861306,-11.037255159191083,6.130647816415899,0.0,446.0024307563818,453.3376084534972,12.625602722167969,440.7120057313292,92.81798354558758,150.95,58.132016454412394,0.0,False,0.0,0.0,False,False,False,1453232.2775210233,1074.8850081932724
3315.623000000007,92.6,False,True,NORMAL,-1855.4858961055293,16854.057880551172,-22646.159054668457,-407.37039274467855,87.47951608497833,0.0,16828.99844206006,28214.600980559728,-56.487413968783166,450.39910956737907,-782.6851684520154,-11.03332843898828,6.128466718100259,0.0,446.5898319364889,453.9275116535333,12.621110916137695,441.3064007373956,93.36724079346817,150.95,57.58275920653182,0.0,False,0.0,0.0,False,False,False,1460778.024799489,1077.781375884353
3315.7230000000127,92.7,False,True,NORMAL,-1861.1493476310525,16899.127448173695,-22724.4300687539,-407.37039274467855,87.47951608497833,0.0,16874.38826868024,28304.499666870277,-56.78161654168105,450.9922428830818,-782.7351132568713,-11.011211249973375,6.116181716568282,0.0,447.2243729936894,454.55269784459443,12.595810890197754,441.9568869543967,94.03747777431892,150.95,56.91252222568107,0.0,False,0.0,0.0,False,False,False,1468348.7511185508,1080.8536697600198
3315.823000000004,92.8,False,True,NORMAL,-1866.8329040696328,16944.25347136669,-22802.706067343013,-407.37039274467855,87.47951608497833,0.0,16919.836258115112,28394.440705797828,-56.88951222992211,451.5282209768476,-782.7848585254106,-10.924656665800303,6.068104937984473,0.0,447.8252816985526,455.09795752153775,12.496800422668457,442.6011570988693,94.76513441789098,150.95,56.18486558210901,0.0,False,0.0,0.0,False,False,False,1475944.611779183,1083.6355680533761
3315.92300000001,92.9,False,True,NORMAL,-1872.5452943668301,16989.43596606618,-22880.98617296056,-407.37039274467855,87.47951608497833,0.0,16965.34318336663,28484.423771187947,-57.35829371402494,452.1216730129706,-782.8172538255674,-10.872552173393746,6.039163476725266,0.0,448.49808191422267,455.7455222663541,12.4371976852417,443.3083245811124,95.32352962940618,150.95,55.62647037059378,0.0,False,0.0,0.0,False,False,False,1483565.608241685,1086.8566502318943
3316.024000000005,93.0,False,True,NORMAL,-1878.2901083130187,17034.676010215146,-22959.268678090146,-407.37039274467855,87.47951608497833,0.0,17010.91043478583,28574.448237070766,-57.537985209742544,452.6792099664095,-782.8328487660931,-10.834546357282228,6.018053130883423,0.0,449.09620375404637,456.3212540281344,12.393722534179688,443.9275314939547,95.91309629282681,150.95,55.03690370717317,0.0,False,0.0,0.0,False,False,False,1491211.914357713,1089.8704373465082
3316.1240000000107,93.1,False,True,NORMAL,-1884.064171967955,17079.976118925882,-23037.559151082027,-407.37039274467855,87.47951608497833,0.0,17056.540250448106,28664.519827737557,-57.943287888983406,453.3229642483034,-782.9766110715096,-10.796557215141847,5.996952046605554,0.0,449.8037076386824,457.0110879686117,12.350266456604004,444.6608215120077,96.01608025362667,150.95,54.933919746373306,0.0,False,0.0,0.0,False,False,False,1498884.2128171157,1093.4116898435902
3316.224000000002,93.2,False,True,NORMAL,-1889.8672836722315,17125.326934711284,-23115.855302823333,-407.37039274467855,87.47951608497833,0.0,17102.223296752996,28754.63107176071,-58.118946196545906,453.6933514597237,-782.9464237546043,-10.68965288289441,5.937571992270906,0.0,450.2607865567893,457.40077510401466,12.227977752685547,445.1727973513291,96.36135414309581,150.95,54.58864585690418,0.0,False,0.0,0.0,False,False,False,1506581.4145613865,1095.610447725614
3316.324000000008,93.3,False,True,NORMAL,-1895.6889482940453,17170.717673106403,-23194.152684535333,-407.37039274467855,87.47951608497833,0.0,17147.94792540219,28844.771394584546,-58.31434623972911,454.12141644266364,-783.0012104853336,-10.601106592869003,5.888388919870523,0.0,450.76534937797487,457.85021988556275,12.126688957214355,445.7235309283484,96.72186550308881,150.95,54.228134496911196,0.0,False,0.0,0.0,False,False,False,1514302.2659949563,1098.1359330282241
3316.42300000001,93.4,False,True,NORMAL,-1901.533261248363,17216.149176728457,-23272.4507658861,-407.37039274467855,87.47951608497833,0.0,17193.715335001434,28934.941017248613,-58.571912846627654,454.5086559984496,-782.9604165300183,-10.567501037740586,5.869722700761153,0.0,451.1998626147896,458.2671571823907,12.088247299194336,446.17890988319635,97.01207310435711,150.95,53.937926895642875,0.0,False,0.0,0.0,False,False,False,1522046.9200892297,1100.5289884815377
3316.523000000001,93.5,False,True,NORMAL,-1907.4008787198668,17261.624483748798,-23350.75319898581,-407.37039274467855,87.47951608497833,0.0,17239.528613891605,29025.144647169865,-58.780436583448235,454.99748440838863,-783.0882454642251,-10.524442174675947,5.845805637957295,0.0,451.7365067588363,458.77865092319047,12.038991928100586,446.7396589950899,97.2405599329308,150.95,53.70944006706918,0.0,False,0.0,0.0,False,False,False,1529815.944091769,1103.393763284808
3316.6240000000107,93.6,False,True,NORMAL,-1913.2864556980421,17307.147348696024,-23429.074270403515,-407.37039274467855,87.47951608497833,0.0,17285.391041400264,29115.395663157396,-58.9311029800609,455.45981453617964,-783.3331828897924,-10.384295779870882,5.767961266607889,0.0,452.3047151935899,459.2564834118052,11.878677368164062,447.37780604364116,97.53208305926871,150.95,53.41791694073129,0.0,False,0.0,0.0,False,False,False,1537610.3828445221,1106.0681074950905
3316.7230000000127,93.7,False,True,NORMAL,-1919.1936626661168,17352.702278794633,-23507.403009388527,-407.37039274467855,87.47951608497833,0.0,17331.287506860634,29205.676210135458,-59.21303638142919,455.6387874360242,-783.2415968104186,-10.36350500525994,5.756413022489963,0.0,452.5267147071328,459.47022568788816,11.854894638061523,447.61533104982664,97.86703476767185,150.95,53.08296523232815,0.0,False,0.0,0.0,False,False,False,1545428.0212422695,1107.567128922725
3316.823000000004,93.8,False,True,NORMAL,-1925.1200071427204,17398.290527327877,-23585.741543946995,-407.37039274467855,87.47951608497833,0.0,17377.219045606053,29295.98856391163,-59.313853150643546,456.1261832288242,-783.5290943589671,-10.23937145863646,5.687462994102021,0.0,453.10412207354,459.9665511778775,11.712897300720215,448.25365387715726,97.9073324786403,150.95,53.04266752135965,0.0,False,0.0,0.0,False,False,False,1553269.2257035857,1110.4088846800578
3316.923999999999,93.9,False,True,NORMAL,-1931.0626384512973,17443.91342631446,-23664.09733516509,-407.37039274467855,87.47951608497833,0.0,17423.186738934706,29386.339323365166,-59.538773020895,456.3317965028425,-783.5867300029203,-10.231292085921943,5.682975303278907,0.0,453.33827074791395,460.19949368979684,11.703655242919922,448.4958384468769,97.68163824443769,150.95,53.268361755562296,0.0,False,0.0,0.0,False,False,False,1561134.5198680623,1112.0230639511092
3317.024000000005,94.0,False,True,NORMAL,-1937.030927051534,17489.563173218194,-23742.457782679558,-407.37039274467855,87.47951608497833,0.0,17469.183637482285,29476.714174453024,-59.826998983842245,456.66314157184433,-783.6222202864288,-10.122687842317072,5.622651032497211,0.0,453.7709142860838,460.56540759991844,11.579421997070312,448.98598560284813,97.65513154620277,150.95,53.29486845379722,0.0,False,0.0,0.0,False,False,False,1569022.5151952154,1114.3269261549608
3317.1240000000107,94.1,False,True,NORMAL,-1943.0308758659573,17535.243539296232,-23820.819710386528,-407.37039274467855,87.47951608497833,0.0,17515.214030353305,29567.113051561602,-60.17197730462298,456.94417998893687,-783.616333852981,-10.104233091062447,5.612400333491903,0.0,454.10037914274596,460.8889784736775,11.558311462402344,449.3306670112752,97.94117709137817,150.95,53.00882290862182,0.0,False,0.0,0.0,False,False,False,1576933.552467369,1116.425537318945
3317.224000000002,94.2,False,True,NORMAL,-1949.057741661054,17580.951246182758,-23899.181285936498,-407.37039274467855,87.47951608497833,0.0,17561.274243446544,29657.532250536224,-60.36533859731099,457.20995774161526,-783.6151771464154,-10.015064861913624,5.562871804755328,0.0,454.4449804987253,461.1777526746684,11.456311225891113,449.7214414487773,98.50174094313239,150.95,52.448259056867585,0.0,False,0.0,0.0,False,False,False,1584867.2405350222,1118.4118792020938
3317.323000000004,94.3,False,True,NORMAL,-1955.1069365541518,17626.684693529725,-23977.547138742913,-407.37039274467855,87.47951608497833,0.0,17607.362285860647,29747.974274834014,-60.6185592646423,457.45898919772566,-783.7018789818691,-9.90682244348243,5.5027485099118465,0.0,454.7923963173523,461.45783829633433,11.332491874694824,450.1253464216395,98.78629031529599,150.95,52.16370968470403,0.0,False,0.0,0.0,False,False,False,1592823.6275608675,1120.313013104455
3317.42300000001,94.4,False,True,NORMAL,-1961.1778004931512,17672.446581208384,-24055.921442671173,-407.37039274467855,87.47951608497833,0.0,17653.480793935483,29838.444004301156,-60.79871951534621,457.778764375454,-783.7841995832687,-9.817217356289811,5.452977328199179,0.0,455.1897749184535,461.798529023018,11.229991912841797,450.5685371101762,98.7650768010432,150.95,52.18492319895677,0.0,False,0.0,0.0,False,False,False,1600803.317281117,1122.6119332798637
3317.523000000001,94.5,False,True,NORMAL,-1967.2642813865714,17718.23856072128,-24134.299751152394,-407.37039274467855,87.47951608497833,0.0,17699.63088411301,29928.938469520122,-60.930898353059426,458.0608258824367,-783.7819700411393,-9.79916528143815,5.442950295963817,0.0,455.4968665395179,462.0955470270308,11.209342002868652,450.88620502416217,98.70525597887251,150.95,52.244744021127474,0.0,False,0.0,0.0,False,False,False,1608806.5221635066,1124.736220537634
3317.6240000000107,94.6,False,True,NORMAL,-1973.365403721757,17764.055037898717,-24212.681699467932,-407.37039274467855,87.47951608497833,0.0,17745.806900583295,30019.4539862493,-61.09154835065299,458.2687176664087,-783.8569962696406,-9.748823227780793,5.4149877820165555,0.0,455.75495180332246,462.3228253844869,11.151755332946777,451.17107005154014,98.71721209453237,150.95,52.2327879054676,0.0,False,0.0,0.0,False,False,False,1616832.5508127029,1126.4799517202787
3317.724000000002,94.7,False,True,NORMAL,-1979.4838780105956,17809.89597460109,-24291.06768039405,-407.37039274467855,87.47951608497833,0.0,17792.00904731216,30109.990949734976,-61.27793742611988,458.5500163811278,-783.8626222527137,-9.62233698382986,5.344730946952024,0.0,456.13959683689626,462.6263104691864,11.00706672668457,451.61924374250185,98.64394468150924,150.95,52.306055318490735,0.0,False,0.0,0.0,False,False,False,1624881.4786957828,1128.6902658312033
3317.823000000004,94.8,False,True,NORMAL,-1985.6228057502587,17855.764720573465,-24369.457185467047,-407.37039274467855,87.47951608497833,0.0,17838.240938702515,30200.551043011015,-61.50061736713973,458.82490306634253,-783.9274792071749,-9.490415858986763,5.271455305110495,0.0,456.5257835402282,462.92830720358626,10.856161117553711,452.07214608603255,98.56544514180804,150.95,52.38455485819196,0.0,False,0.0,0.0,False,False,False,1632953.7664234543,1130.8640515141958
3317.92300000001,94.9,False,True,NORMAL,-1991.781450279561,17901.660678858047,-24447.84763333515,-407.37039274467855,87.47951608497833,0.0,17884.501919241073,30291.131751753826,-61.67227321890793,459.09426262528814,-783.8814781549454,-9.480005465107268,5.265672847643956,0.0,456.81990074081676,463.21810333734226,10.844252586364746,452.3738507509775,98.83082552392449,150.95,52.11917447607544,0.0,False,0.0,0.0,False,False,False,1641049.2620296106,1133.0413314095297
