timestamp,relative_t_s,is_blackout,gnss_available,pos_est_e,pos_est_n,pos_est_u,pos_ref_e,pos_ref_n,pos_ref_u,pos_err_2d,vel_est_e,vel_est_n,vel_est_u,vel_ref_e,vel_ref_n,vel_err_2d,speed_est,speed_ref,heading_est_deg,heading_ref_deg,heading_err_deg,ai_speed,ai_accepted,ai_innovation,ai_nis,nhc_active,zupt_active,pos_cov_trace,vel_cov_trace
3673.024000000005,0.0,False,True,-0.0840495406764414,0.06674432774966893,1.8686798197084118e-08,0.0,0.0,0.0,0.10732721264747354,-2.5248633174319046,2.005441643980477,1.5688285143975393e-06,-3.897934435257376,3.0950070643164906,1.7528482820251396,3.2243962162123254,4.9772443771362305,141.53521256669808,141.55,0.01478743330194756,0.0,False,0.0,0.0,False,False,19.85329731736357,0.49157635822560797
3673.1240000000107,0.1,False,True,-0.33620382008744726,0.26757540713476957,0.00022095702952428957,0.0,0.0,0.0,0.42968547467273116,-2.5182222707882134,2.0111799437215354,0.004417198026007451,-3.8197934203805217,3.032962153845657,1.6547284799559043,3.222776469307405,4.877466678619385,141.5403483349026,141.55,0.00965166509736009,0.0,False,0.0,0.0,False,False,19.859760694863176,1.1690912559684299
3673.2230000000127,0.2,False,True,-0.5874851618280426,0.4681334129298689,0.0016055373696405768,0.0,0.0,0.0,0.7511908596818044,-2.504956475586531,2.0029853889845843,0.023252462334961675,-3.7959813026947855,3.014055044534871,1.6398191828931852,3.207297524874894,4.8470611572265625,141.5181349738836,141.55,0.031865026116393066,0.0,False,0.0,0.0,False,False,19.882857169811835,1.8472209030761386
3673.324000000008,0.3,False,True,-0.8367322650310567,0.6680081623488662,0.005304715754345186,0.0,0.0,0.0,1.0706800587984777,-2.486426339305409,1.9863281417717,0.050791745664657814,-3.6292613759531682,2.8816774071994793,1.4517996514987008,3.1824228863534008,4.6341776847839355,141.51545252279573,141.55,0.03454747720425462,0.0,False,0.0,0.0,False,False,19.936162764580345,2.525871859679341
3673.423999999999,0.4,False,True,-1.0849376486696778,0.8666561361307626,0.010609694779882727,0.0,0.0,0.0,1.3885901338386328,-2.4822664240845285,1.980880291832674,0.055331864152392975,-3.5267294182919673,2.800265793292058,1.3275148007727124,3.1757728713981566,4.503255367279053,141.5236834105917,141.55,0.02631658940831871,0.0,False,0.0,0.0,False,False,20.033271962105413,3.2049465635204317
3673.524000000005,0.5,False,True,-1.3331555433910713,1.064802801424574,0.01636096719456359,0.0,0.0,0.0,1.7061971482791676,-2.4814420214305914,1.9831213339040843,0.05969378776792961,-3.41225909961304,2.7093749764119,1.1806205090087083,3.176527149373519,4.357089042663574,141.48717230826972,141.55,0.06282769173024158,0.0,False,0.0,0.0,False,False,20.187794269055196,3.8845897069112976
3673.6240000000107,0.6,False,True,-1.580367139022975,1.2627034376541317,0.023125362222513605,-27.144953392274413,17.581576951408028,0.0,30.329090046650443,-2.4677618577684557,1.9687460296117896,0.07560116234697888,-3.952479127553519,1.3501540011471507,1.6084282604076594,3.1568670411927404,4.176722049713135,141.50984961772252,161.14,19.630150382277467,0.0,False,0.0,0.0,False,False,20.413355692065352,4.564927112307397
3673.7230000000127,0.7,False,True,-1.8246928496979524,1.4593935641711253,0.03156056016597453,-27.144953392274413,17.581576951408028,0.0,30.017334843647458,-2.441226885282922,1.9366621916680777,0.09309071783357972,-3.860850166873195,1.3188538465122872,1.5482304134001732,3.116127267950518,4.079894542694092,141.53455443152802,161.14,19.605445568471918,0.0,False,0.0,0.0,False,False,20.723600666190446,5.245995616768909
3673.823000000004,0.8,False,True,-2.067286502804812,1.652964690148523,0.04153066641599625,-27.144953392274413,17.581576951408028,0.0,29.708754016093415,-2.4247846581131087,1.9165817474865692,0.10621772552696568,-3.6950984118979546,1.2622335866817178,1.428939658839252,3.0907711388938806,3.9047389030456543,141.54792195623529,161.14,19.59207804376471,0.0,False,0.0,0.0,False,False,21.132193449318777,5.927809495948004
3673.92300000001,0.9,False,True,-2.307404419723818,1.8439761646565571,0.053152210669094285,-27.144953392274413,17.581576951408028,0.0,29.403671836813338,-2.3934735118314663,1.8835418936255974,0.12603942159148032,-3.5448294794048296,1.2109022086007195,1.3334409285518285,3.045725778346034,3.7459444999694824,141.57033470765873,161.14,19.569665292341245,0.0,False,0.0,0.0,False,False,21.652821308744965,6.610505591858284
3674.024000000005,1.0,False,True,-2.5451904018595695,2.0312720956284327,0.06624576585592157,-27.144953392274413,17.581576951408028,0.0,29.1025827082798,-2.36448625043193,1.859434205995458,0.13579588294439854,-3.273606185488486,1.1182532144712742,1.1729656084105826,3.0080376983853787,3.459333419799805,141.57495570411774,161.14,19.56504429588227,0.0,False,0.0,0.0,False,False,22.299196134487833,7.294020146195953
3674.1240000000107,1.1,False,True,-2.7811401119787256,2.2163732463151846,0.08051511344467083,-27.144953392274413,17.581576951408028,0.0,28.80425111777967,-2.348911032420908,1.8497968610035083,0.14967633996610052,-3.166031433805801,1.081506029547697,1.1215866226281723,2.989838033273222,3.3456554412841797,141.58124954239253,161.14,19.558750457607417,0.0,False,0.0,0.0,False,False,23.085054774629135,7.978454620579033
3674.2230000000127,1.2,False,True,-3.015520656862875,2.400488241975456,0.09639814347954004,-27.144953392274413,17.581576951408028,0.0,28.50780557209571,-2.33307953657153,1.8396018560589698,0.1680455077689109,-3.0589038573702534,1.0449115982325898,1.0762683450455497,2.9710932521185582,3.232450008392334,141.5934710758812,161.14,19.54652892411873,0.0,False,0.0,0.0,False,False,24.024162963188644,8.663889888112328
3674.323000000004,1.3,False,True,-3.2490049621379393,2.582726277134192,0.11373516607132127,-27.144953392274413,17.581576951408028,0.0,28.213150708931934,-2.3131625094382353,1.8347114552918435,0.17884716878297197,-2.978328157301687,1.0173872014345364,1.053785687434124,2.9524374539098552,3.1473028659820557,141.60376775975607,161.14,19.5362322402439,0.0,False,0.0,0.0,False,False,25.130314708280718,9.3502889785705
3674.423999999999,1.4,False,True,-3.4793787605785185,2.7655462871613175,0.13205656255509035,-27.144953392274413,17.581576951408028,0.0,27.92085577650275,-2.2958003357506827,1.8197956888101217,0.1875832702806409,-2.803520765144635,0.9576735654267907,1.0005171612975774,2.9295657580339194,2.9625778198242188,141.61230132134338,161.14,19.527698678656595,0.0,False,0.0,0.0,False,False,26.417333401681276,10.037743627661836
3674.523000000001,1.5,False,True,-3.7086416996153573,2.9471102511464196,0.15168622516347297,-27.144953392274413,17.581576951408028,0.0,27.630206683203323,-2.286909287447431,1.8148216788276545,0.20500119247985052,-2.7066290346284245,0.9245756657509723,0.9842269199593179,2.919508831114601,2.8601889610290523,141.60403433739415,161.14,19.535965662605825,0.0,False,0.0,0.0,False,False,27.899076057798283,10.72634640726044
3674.6240000000107,1.6,False,True,-3.937272969044268,3.1282314228073056,0.1736484511869192,-27.144953392274413,17.581576951408028,0.0,27.340366266674305,-2.2813222053302584,1.812975261366156,0.23421914026057866,-2.579350144180103,0.8810976111795015,0.978374471893297,2.9139852955803662,2.725688934326172,141.60250432516978,161.14,19.537495674830193,0.0,False,0.0,0.0,False,False,29.589435993666307,11.416200269378464
3674.724000000002,1.7,False,True,-4.1650769757650545,3.30895206627109,0.19730352396964468,-27.144953392274413,17.581576951408028,0.0,27.051479464714554,-2.271236556182637,1.8060085051724886,0.23886285829422033,-2.583103753961447,0.8823798320594796,0.9748595154415354,2.9017550232395104,2.7296555042266846,141.6149644667817,161.14,19.525035533218304,0.0,False,0.0,0.0,False,False,31.502336198931424,12.107058457978706
3674.824000000008,1.8,False,True,-4.392088987024812,3.4891005489165154,0.22203085760337396,-27.144953392274413,17.581576951408028,0.0,26.763608310511017,-2.2640403826537567,1.8032286645754598,0.255654349812595,-2.4385389004784765,0.8329969487965138,0.9857988207673926,2.8943932820253653,2.5768887996673584,141.6102124055398,161.14,19.529787594460178,0.0,False,0.0,0.0,False,False,33.651733878592424,12.79925301121753
3674.923999999999,1.9,False,True,-4.618824952299985,3.6689131224646054,0.24807350516544102,-27.144953392274413,17.581576951408028,0.0,26.476190762861176,-2.261287978264906,1.8049903475420168,0.26513860561537933,-2.3188306283034614,0.7921049927781273,1.014518555014461,2.8933395022646815,2.4503889083862305,141.6230698062065,161.14,19.516930193793467,0.0,False,0.0,0.0,False,False,36.05162621747384,13.492648326737166
3675.024000000005,2.0,False,True,-4.844542016560611,3.849174298295203,0.27585248581782373,-27.144953392274413,17.581576951408028,0.0,26.18944883256014,-2.254190451177794,1.798487654141193,0.29044915750930655,-2.3096723348464487,0.7889765495515798,1.0110345739415458,2.8837358464809912,2.44071102142334,141.62816066984345,161.14,19.511839330156516,0.0,False,0.0,0.0,False,False,38.71605216242394,14.187563427284058
3675.123000000007,2.1,False,True,-5.069516077753038,4.028592604634261,0.3050929865335044,-27.144953392274413,17.581576951408028,0.0,25.903828236985692,-2.2443668570396405,1.7910799460680216,0.2943546285037348,-2.100482535897392,0.7175179953289144,1.0831610960264972,2.8714369159333835,2.2196528911590576,141.63001169793606,161.14,19.509988302063956,0.0,False,0.0,0.0,False,False,41.65908775211266,14.883632375030913
3675.2230000000127,2.2,False,True,-5.293669801548005,4.207365757090476,0.3352005481364817,-27.144953392274413,17.581576951408028,0.0,25.619291942451458,-2.237472621045731,1.785672213737523,0.3077888137181795,-2.1458029124074685,0.7329992883867348,1.0566568143197725,2.8626751448328047,2.2675445079803467,141.63870270475124,161.14,19.501297295248726,0.0,False,0.0,0.0,False,False,44.89484492724557,15.581215363535623
3675.324000000008,2.3,False,True,-5.517541934818744,4.385320940346855,0.36592027094818497,-27.144953392274413,17.581576951408028,0.0,25.335471163164755,-2.2308978396339225,1.7854741577017204,0.306566938782023,-1.9188774933765655,0.6554823040892843,1.172279098896261,2.857415464839506,2.0277445316314697,141.63430434056414,161.14,19.50569565943581,0.0,False,0.0,0.0,False,False,48.437478404814556,16.280070225453596
3675.423999999999,2.4,False,True,-5.740303771148461,4.564093389267884,0.3973046928189404,-27.144953392274413,17.581576951408028,0.0,25.052223527937716,-2.2308379135586813,1.7812797537969411,0.32115941585692953,-1.8385987068424257,0.6280593319878739,1.2181005445212152,2.8547496138641897,1.9429111480712888,141.64582795986277,161.14,19.494172040137194,0.0,False,0.0,0.0,False,False,52.30118866960593,16.98061453933314
3675.524000000005,2.5,False,True,-5.9630041391550215,4.742257697513263,0.43020835285662523,-27.144953392274413,17.581576951408028,0.0,24.769398318593815,-2.2270850436966745,1.777187091879838,0.33692847888561406,-1.8010931802933585,0.6152475662324662,1.2375671815895364,2.849263369961039,1.9032777547836304,141.63346944970044,161.14,19.506530550299548,0.0,False,0.0,0.0,False,False,56.500232490082766,17.682750786097305
3675.625,2.6,False,True,-6.1855401309350055,4.919389722054194,0.46463427930555873,-27.144953392274413,17.581576951408028,0.0,24.487302621783833,-2.2186817938878254,1.772772155633696,0.35158665752559887,-1.7464043469848427,0.5965660388349349,1.2674804992772157,2.8399419040394895,1.8454861640930174,141.64264784345772,161.14,19.49735215654224,0.0,False,0.0,0.0,False,False,61.048907438156434,18.386494070536877
3675.724000000002,2.7,False,True,-6.406016512684703,5.0964704852022615,0.5006265558167343,-27.144953392274413,17.581576951408028,0.0,24.207052409744133,-2.2034938529504515,1.7511675787168235,0.36827426059038837,-1.6409141945432908,0.5605309462249093,1.3168566598856548,2.81459998023509,1.7340110540390015,141.68806260877852,161.14,19.451937391221417,0.0,False,0.0,0.0,False,False,65.96156275088953,19.091965895880957
3675.824000000008,2.8,False,True,-6.626039311011912,5.2715003042764605,0.5379442035685104,-27.144953392274413,17.581576951408028,0.0,23.928305876774612,-2.199078130944569,1.7459865236971133,0.3780674828440472,-1.465541741636261,0.5006242873047452,1.4453382767614196,2.807919793535882,1.5486888885498047,141.6961961767315,161.14,19.443803823268475,0.0,False,0.0,0.0,False,False,71.25258874969676,19.79896739542948
3675.923999999999,2.9,False,True,-6.844326851365173,5.445730531278392,0.5770741329520057,-27.144953392274413,17.581576951408028,0.0,23.651515940557424,-2.1788485180501165,1.7214133447001876,0.4044608785324518,-1.4969277132833458,0.5113456330302144,1.3889851873940071,2.776804776703086,1.5818555355072021,141.7348876988604,161.14,19.40511230113957,0.0,False,0.0,0.0,False,False,76.93644084910719,20.508091638584897
3676.023000000001,3.0,False,True,-7.061552721475036,5.616967680421146,0.6176557218414586,-27.144953392274413,17.581576951408028,0.0,23.377229466111896,-2.161985240182149,1.707647542988809,0.4071961674580921,-1.3082726664563014,0.4469016832735972,1.5225982008811974,2.755039075919102,1.3824971914291382,141.77126386159026,161.14,19.368736138409755,0.0,False,0.0,0.0,False,False,83.02761656770114,21.21856175720105
3676.123000000007,3.1,False,True,-7.2763291999689494,5.78693302134353,0.6588392288284344,-27.144953392274413,17.581576951408028,0.0,23.105753671587372,-2.1375089314645686,1.6841555736101685,0.4164092158827642,-1.2447752478810168,0.4252111718286953,1.5433452097899447,2.7212725751407185,1.3153972625732422,141.79922087199313,161.14,19.34077912800686,0.0,False,0.0,0.0,False,False,89.5406516862009,21.93103188640638
3676.224000000002,3.2,False,True,-7.488378366076979,5.95421151910112,0.7012952125175214,-27.144953392274413,17.581576951408028,0.0,22.838050894437867,-2.1058125844735547,1.6560435626040788,0.43265315053478287,-1.1147441539754779,0.38079297351710223,1.615079161804957,2.678978708793633,1.177988886833191,141.82740277032468,161.14,19.312597229675266,0.0,False,0.0,0.0,False,False,96.49017228376948,22.64558395405483
3676.324000000008,3.3,False,True,-7.697188438524602,6.118825249858437,0.7454249046670325,-27.144953392274413,17.581576951408028,0.0,22.574548462099468,-2.076144001526665,1.6258164044804482,0.449846034598431,-1.136088762580638,0.3880842223209928,1.5542473442226237,2.636977985526782,1.2005444765090942,141.89069857603945,161.14,19.249301423960542,0.0,False,0.0,0.0,False,False,103.89085738931391,23.36212073684189
3676.423999999999,3.4,False,True,-7.903339728353084,6.27978783536663,0.7905537082396467,-27.144953392274413,17.581576951408028,0.0,22.315244422033018,-2.043194324825137,1.5989616732597203,0.45277138896156766,-0.9609580595612509,0.3282601443753371,1.669106859779036,2.5944790385646157,1.0154777765274048,141.94586331024294,161.14,19.194136689757016,0.0,False,0.0,0.0,False,False,111.75741766050692,24.080356343049218
3676.523000000001,3.5,False,True,-8.105924770413258,6.438214274000098,0.8357730117373007,-27.144953392274413,17.581576951408028,0.0,22.06035227788297,-2.0087124232101803,1.5683925434161399,0.4515926210600717,-0.9124385863695542,0.31168605030697216,1.66767129110146,2.548485975908493,0.96420556306839,142.00297210457558,161.14,19.137027895424364,0.0,False,0.0,0.0,False,False,120.10461277734237,24.800551431394684
3676.623000000007,3.6,False,True,-8.304931364675417,6.593961646768589,0.8813640112249644,-27.144953392274413,17.581576951408028,0.0,21.809954609837277,-1.976167734829968,1.5381335243958334,0.4601598957049248,-0.8235851806288278,0.2813340162025824,1.7052834216175392,2.504215177466456,0.8703110814094543,142.04207628173148,161.14,19.09792371826847,0.0,False,0.0,0.0,False,False,128.9472915416606,25.523036348157966
3676.724000000002,3.7,False,True,-8.501540869455493,6.74659627955636,0.9279609845846772,-27.144953392274413,17.581576951408028,0.0,21.56324735876766,-1.9531121214438545,1.5194568878013992,0.47181421897230014,-0.857904752755682,0.2930574703004695,1.6442428992321938,2.474549694958262,0.9065777659416199,142.0933776087773,161.14,19.04662239122269,0.0,False,0.0,0.0,False,False,138.30036991569253,26.24757380337379
3676.824000000008,3.8,False,True,-8.695372756525273,6.8977449498667225,0.9756758213189032,-27.144953392274413,17.581576951408028,0.0,21.319739488843847,-1.9281864886431832,1.4960030100351318,0.4824419736518472,-0.8534045159881679,0.2915202040729487,1.6142909027194385,2.440477031446988,0.9018222093582153,142.12596440934334,161.14,19.014035590656626,0.0,False,0.0,0.0,False,False,148.17881548172255,26.974303966088314
3676.923999999999,3.9,False,True,-8.887670369019654,7.045427032161262,1.0242660790905374,-27.144953392274413,17.581576951408028,0.0,21.079346254380614,-1.9013836075390893,1.4830440147710764,0.4894962696132237,-0.7781937907943135,0.2658284652243452,1.6562515082249778,2.411364587275569,0.822344422340393,142.15131183921673,161.14,18.98868816078324,0.0,False,0.0,0.0,False,False,158.59765191878438,27.703065731393266
3677.023000000001,4.0,False,True,-9.077026635572105,7.19191490321163,1.0732230420385485,-27.144953392274413,17.581576951408028,0.0,20.842146116973936,-1.874856749610465,1.4649835153870574,0.4896645341818689,-0.7559555085494404,0.25823194041482905,1.6456577259399523,2.379341197036637,0.7988444566726685,142.22121474458882,161.14,18.91878525541116,0.0,False,0.0,0.0,False,False,169.57195392090188,28.433922678504345
3677.1240000000107,4.1,False,True,-9.26403497793186,7.3370713935124,1.1233905319230044,-27.144953392274413,17.581576951408028,0.0,20.607696073703362,-1.8551529040217494,1.4541481406849737,0.5136398552341099,-0.7542206174985511,0.25763930728045437,1.625941354392661,2.3571463917962108,0.797011137008667,142.2494088828036,161.14,18.890591117196383,0.0,False,0.0,0.0,False,False,181.11691203678183,29.16760648042712
3677.2230000000127,4.2,False,True,-9.448751178412712,7.482447810648578,1.1756243550200698,-27.144953392274413,17.581576951408028,0.0,20.3751805438779,-1.8446107955204831,1.4410317038528722,0.5310272179903047,-0.6864568154068412,0.2344914131172038,1.6724413636422597,2.3407608503347412,0.7254027724266052,142.28212664575398,161.14,18.857873354245967,0.0,False,0.0,0.0,False,False,193.24778654987892,29.903381241954705
3677.323000000004,4.3,False,True,-9.632945136286992,7.62556847298235,1.2280512467210802,-27.144953392274413,17.581576951408028,0.0,20.144292938205986,-1.8293760188068968,1.4342846275430547,0.5174342058172942,-0.6805923218655492,0.23248812121762633,1.6625338567903618,2.3246051301225528,0.7192055583000183,142.26747509414977,161.14,18.872524905850167,0.0,False,0.0,0.0,False,False,205.97979295575118,30.640602249329753
3677.42300000001,4.4,False,True,-9.814005784185023,7.7685035421810404,1.2820730984923316,-27.144953392274413,17.581576951408028,0.0,19.91627863656303,-1.8024187954361455,1.4135362800557731,0.5631018583675466,-0.5997799483185537,0.20488287752992349,1.7050464052434595,2.290589079074507,0.6338083148002625,142.19877511754578,161.14,18.941224882454208,0.0,False,0.0,0.0,False,False,219.32838416284332,31.382347272175092
3677.524000000005,4.5,False,True,-9.994694528747694,7.908563863064437,1.3381736585098811,-27.144953392274413,17.581576951408028,0.0,19.690062500998902,-1.790339350587734,1.4110989979651705,0.558738655473302,-0.6104233170886185,0.20851861764817234,1.6847555956967946,2.279586666990579,0.6450555324554443,142.2301561619843,161.14,18.90984383801571,0.0,False,0.0,0.0,False,False,233.3090316297237,32.12461432556499
3677.623000000007,4.6,False,True,-10.174105574795627,8.04856687594011,1.3942731413918479,-27.144953392274413,17.581576951408028,0.0,19.465044483457962,-1.776380452961801,1.4118637404722554,0.5630554359140815,-0.4970552544027202,0.16979245654826305,1.7830911468617712,2.2691158488109595,0.525255560874939,142.16412480245745,161.14,18.97587519754251,0.0,False,0.0,0.0,False,False,247.9371170612888,32.86968705330578
3677.7230000000127,4.7,False,True,-10.351964654864918,8.18931141493844,1.4536091696530395,-27.144953392274413,17.581576951408028,0.0,19.241079040488255,-1.7719157206315546,1.4119413013126343,0.623531614865989,-0.5890314414732286,0.20121122258748336,1.692655470380704,2.2656706643671,0.6224499940872192,142.175070549665,161.14,18.964929450334957,0.0,False,0.0,0.0,False,False,263.2284076265662,33.619133065524096
3677.823000000004,4.8,False,True,-10.528399288905279,8.328562683552509,1.5176510794224611,-27.144953392274413,17.581576951408028,0.0,19.019152013466094,-1.740352415832445,1.3922533331665694,0.657039812560945,-0.5151665851708909,0.17597922817022502,1.7263843772863856,2.228720681244568,0.5443944334983826,142.22013407980953,161.14,18.919865920190443,0.0,False,0.0,0.0,False,False,279.1987177769061,34.370873523083446
3677.92300000001,4.9,False,True,-10.699799882958247,8.46632308943486,1.582908037443641,-27.144953392274413,17.581576951408028,0.0,18.80241811345526,-1.6934711648605318,1.352631389420161,0.6481827547841518,-0.41343551375172377,0.14122822539830332,1.7623815971326182,2.1673615900118746,0.43689167499542236,142.23352143478598,161.14,18.90647856521399,0.0,False,0.0,0.0,False,False,295.86368708987527,35.12420338620463
3678.024000000005,5.0,False,True,-10.86744033742828,8.601491567275525,1.6473049112483515,-27.144953392274413,17.581576951408028,0.0,18.590302976471268,-1.6726739132758037,1.3254466690756859,0.6399303544112828,-0.497591492429276,0.16997563371220414,1.6480084979594287,2.134161871254667,0.5258222222328186,142.32180945497566,161.14,18.818190545024297,0.0,False,0.0,0.0,False,False,313.239019979516,35.87973014667485
3678.125,5.1,False,True,-11.030411817965511,8.735863321027708,1.7112475746933384,-27.144953392274413,17.581576951408028,0.0,18.38273918056899,-1.6264580504702468,1.2599253500344503,0.6389666323920082,-0.40402232814766115,0.1380127118442235,1.6592278514240582,2.0573715458319404,0.42694443464279175,142.39864083249745,161.14,18.741359167502523,0.0,False,0.0,0.0,False,False,331.340673468567,36.63923315305762
3678.224000000002,5.2,False,True,-11.190504819630078,8.859516166684577,1.776438112122959,-27.144953392274413,17.581576951408028,0.0,18.18292533091316,-1.572821023723424,1.2181010067374514,0.6648712518215968,-0.38837666573889534,0.13266820450589684,1.6065717554225913,1.9893556834516022,0.41041111946105957,142.47051025238733,161.14,18.669489747612634,0.0,False,0.0,0.0,False,False,350.1848056693432,37.40254139595469
3678.323000000004,5.3,False,True,-11.347666724597035,8.975349191847197,1.8432870532454337,-27.144953392274413,17.581576951408028,0.0,17.98948087939763,-1.5349174811250081,1.214462830799884,0.6735633010565685,-0.38193647919055146,0.13046825774950177,1.5825325984713439,1.9572663695209211,0.40360555052757263,142.55485319907774,161.14,18.585146800922196,0.0,False,0.0,0.0,False,False,369.78753178865907,38.1670535054937
3678.42300000001,5.4,False,True,-11.500546287225298,9.092349869807146,1.91349547997954,-27.144953392274413,17.581576951408028,0.0,17.799282292033492,-1.480273029027653,1.1930072499450106,0.7304949350721794,-0.23180420081321884,0.07918356026952786,1.6731041888374518,1.9011771455832462,0.2449555546045303,142.52881963801383,161.14,18.61118036198615,0.0,False,0.0,0.0,False,False,390.16513466173683,38.93728048085587
3678.523000000001,5.5,False,True,-11.648824961897931,9.211608626885903,1.9872305017072545,-27.144953392274413,17.581576951408028,0.0,17.612108507621283,-1.4786792326584504,1.1940547829692356,0.7438213245458393,-0.254933632594335,0.08708449885914252,1.6501322685103343,1.9005944064494908,0.26939722895622253,142.57637801511302,161.14,18.563621984886957,0.0,False,0.0,0.0,False,False,411.3338393116859,39.70710543944188
3678.623000000007,5.6,False,True,-11.800832912960786,9.32799757975449,2.0636322170406536,-27.144953392274413,17.581576951408028,0.0,17.423076815760087,-1.5132937719101862,1.2390609988925736,0.7831937606769912,-0.2576726655898714,0.08802014361243601,1.7033729518696374,1.9558451367832836,0.2722916603088379,142.6533583251412,161.14,18.486641674858788,0.0,False,0.0,0.0,False,False,433.3097281600949,40.47971650745894
3678.7230000000127,5.7,False,True,-11.952585893504654,9.451943057938353,2.1419355333419454,-27.144953392274413,17.581576951408028,0.0,17.230756729160987,-1.5151724659413934,1.2445414353907258,0.7825742238650187,-0.2397952726796097,0.08191328440106053,1.7257726393027422,1.9607730582480296,0.2533999979496002,142.64371830903406,161.14,18.496281690965883,0.0,False,0.0,0.0,False,False,456.1090691667359,41.25475708815112
3678.823000000004,5.8,False,True,-12.10692706082511,9.573971659925643,2.2221150116330413,-27.144953392274413,17.581576951408028,0.0,17.037135277080456,-1.5012066978365268,1.2558909350410237,0.8192179530521287,-0.17989639368534227,0.061452022360596006,1.781164011533272,1.9572643128477734,0.1901027709245682,142.53514300389807,161.14,18.60485699610192,0.0,False,0.0,0.0,False,False,479.74855417621166,42.03501784308669
3678.92300000001,5.9,False,True,-12.257161248739504,9.701109124290968,2.306483229043387,-27.144953392274413,17.581576951408028,0.0,16.84482496446095,-1.5191052337386008,1.264817331179764,0.868561309378349,-0.1243505637936792,0.042477747720545446,1.8545766758547415,1.9767254721950416,0.1314055621623993,142.56619800507843,161.14,18.57380199492153,0.0,False,0.0,0.0,False,False,504.24498359833393,42.81834242456346
3679.023000000001,6.0,False,True,-12.410100458857537,9.825616527281776,2.396148373685542,-27.144953392274413,17.581576951408028,0.0,16.65145077973798,-1.5130232018585352,1.2653356704909589,0.9239879889188635,-0.12179026270585804,0.04160315720499659,1.8528492531926537,1.9723877834693304,0.12870000302791595,142.67906521468439,161.14,18.46093478531559,0.0,False,0.0,0.0,False,False,529.615286985074,43.60588285274999
3679.123000000007,6.1,False,True,-12.56013362888299,9.955307786986127,2.4913667889757125,-27.144953392274413,17.581576951408028,0.0,16.45833979776895,-1.509697164145359,1.2468695150221487,0.9810466720223632,-0.08984700003511938,0.030691442680323686,1.8695089173815007,1.9580268422368747,0.09494444727897643,142.79975438540578,161.14,18.34024561459421,0.0,False,0.0,0.0,False,False,555.8763826353952,44.396980437028475
3679.2230000000127,6.2,False,True,-12.70828616574219,10.080705975749376,2.592652302013829,-27.144953392274413,17.581576951408028,0.0,16.269001997759663,-1.4669245977339218,1.206656337398911,1.0448825276912137,-0.054738850040402486,0.018698612950295092,1.8454029752511611,1.8994439428479544,0.05784444510936737,142.81903734378514,161.14,18.32096265621486,0.0,False,0.0,0.0,False,False,583.0454702665965,45.19309469612412
3679.324000000008,6.3,False,True,-12.854003961772484,10.201549122781527,2.6995619690356634,-27.144953392274413,17.581576951408028,0.0,16.08403078760001,-1.4428772299148451,1.1839116530208296,1.0931491920684975,-0.03888287975355839,0.013282265125555566,1.8279970730526014,1.8664247916177201,0.04108889028429985,142.83762751265712,161.14,18.302372487342854,0.0,False,0.0,0.0,False,False,611.1396166821477,45.99112590215063
3679.423999999999,6.4,False,True,-12.9999430868123,10.318851615977197,2.8105800601142588,-27.144953392274413,17.581576951408028,0.0,15.900581619536384,-1.4468452107774163,1.1939426883706374,1.1270539352536306,-0.060711125620086716,0.020738722843261226,1.815977766043436,1.8758625234977244,0.06415555626153946,142.8030598801686,161.14,18.336940119831382,0.0,False,0.0,0.0,False,False,640.1756105526945,46.790587905118684
3679.524000000005,6.5,False,True,-13.146526825131502,10.434272710629589,2.9251512352132933,-27.144953392274413,17.581576951408028,0.0,15.717503118050969,-1.4332319384141452,1.1981385674199267,1.164264675611168,-0.059491433699791846,0.02032208005446748,1.8095343744186667,1.8680711485458583,0.06286666542291641,142.79719697059056,161.14,18.342803029409385,0.0,False,0.0,0.0,False,False,670.1705517951501,47.594258764358926
3679.6240000000107,6.6,False,True,-13.293584356305825,10.551139520424966,3.0409494623038746,-27.144953392274413,17.581576951408028,0.0,15.533430871560768,-1.4325305578248975,1.2148094070758866,1.1508175007361956,-0.06237242988908945,0.0213062189725337,1.8170809435909632,1.878271996975459,0.06591111421585083,142.71427637326354,161.14,18.425723626736424,0.0,False,0.0,0.0,False,False,701.1413753601679,48.397791116854876
3679.7230000000127,6.7,False,True,-13.43889405943645,10.672233957252057,3.157568740641283,-27.144953392274413,17.581576951408028,0.0,15.349106913633992,-1.4345682783849103,1.2266480570952403,1.1806771939967167,-0.09264649870483985,0.03164774231104907,1.7968805789795945,1.8874987685621873,0.09790277481079102,142.73575054055186,161.14,18.404249459448128,0.0,False,0.0,0.0,False,False,733.1053189049173,49.20736637965247
3679.823000000004,6.8,False,True,-13.578037489885604,10.800305396454831,3.278203403694827,-27.144953392274413,17.581576951408028,0.0,15.167295441327292,-1.432679676741555,1.2064705922029535,1.2338088336324124,-0.101305252343567,0.034605544362115465,1.7736475265091665,1.8730035627298822,0.107052780687809,142.77388225768578,161.14,18.366117742314202,0.0,False,0.0,0.0,False,False,766.080539593364,50.022430163618814
3679.923999999999,6.9,False,True,-13.720214229469553,10.920998547161574,3.4005041223302985,-27.144953392274413,17.581576951408028,0.0,14.986224550181435,-1.4232868507153615,1.1967785955175578,1.2123572864577057,-0.1256175650276139,0.042910551216844776,1.73647834385451,1.8595764211530081,0.1327444463968277,142.7801348278288,161.14,18.35986517217119,0.0,False,0.0,0.0,False,False,800.0844250277061,50.836430658066284
3680.024000000005,7.0,False,True,-13.865535547845726,11.035089986537196,3.5193831902794317,-27.144953392274413,17.581576951408028,0.0,14.805385164464813,-1.4199837803023212,1.211688114953823,1.1647370978451745,-0.14817131790281488,0.05061483976654424,1.7220911967340202,1.8666928039294575,0.15657778084278107,142.8505388179798,161.14,18.289461182020155,0.0,False,0.0,0.0,False,False,835.1336951333874,51.65160936319165
3680.1240000000107,7.1,False,True,-14.007059709506803,11.155713381305931,3.6374728305140094,-27.144953392274413,17.581576951408028,0.0,14.625182837874894,-1.4245815827494515,1.2164982260661954,1.1974031676374735,-0.1711771955241361,0.05847357265745131,1.7064711119201843,1.8733127394888267,0.18088889122009277,142.72354640522957,161.14,18.416453594770413,0.0,False,0.0,0.0,False,False,871.2463886546607,52.47572968273593
3680.224000000002,7.2,False,True,-14.154789629757564,11.274276501505218,3.757306196094258,-27.144953392274413,17.581576951408028,0.0,14.44044298289876,-1.3968783798904256,1.2218570999815173,1.1967136420359632,-0.18508796688201265,0.06322544686140329,1.67656294622986,1.8558566703763908,0.1955888867378235,142.71197262501366,161.14,18.42802737498631,0.0,False,0.0,0.0,False,False,908.4410594116079,53.30222844860434
3680.324000000008,7.3,False,True,-14.29876049157494,11.393426983373368,3.87625047379314,-27.144953392274413,17.581576951408028,0.0,14.258957608074613,-1.3482083765740611,1.2083648336677684,1.1791221090568784,-0.15589953047991817,0.0532547720206964,1.660084226475467,1.8104727001281735,0.16474445164203644,142.62701835032271,161.14,18.512981649677275,0.0,False,0.0,0.0,False,False,946.7351943444911,54.13218771440188
3680.423999999999,7.4,False,True,-14.425210245320285,11.51272777481157,3.9940322218377657,-27.144953392274413,17.581576951408028,0.0,14.093359998693073,-1.347045523885272,1.1909083241814444,1.1812257555499106,-0.13230483169327426,0.04519489973685022,1.6698066355778003,1.7979972970013063,0.13981111347675323,142.3835004742047,161.14,18.75649952579523,0.0,False,0.0,0.0,False,False,986.1469200937584,54.965454223757
3680.524000000005,7.5,False,True,-14.564114210519385,11.631944711846375,4.11249703806962,-27.144953392274413,17.581576951408028,0.0,13.916739499725283,-1.3545412813059767,1.210498799964403,1.1864007233791147,-0.1324730582541455,0.04525236538231718,1.6885644776256912,1.816614826394769,0.13998888432979587,142.25212402520754,161.14,18.887875974792443,0.0,False,0.0,0.0,False,False,1026.6950679025324,55.80224593630089
3680.623000000007,7.6,False,True,-14.70475024939409,11.752001498020968,4.234895053732839,-27.144953392274413,17.581576951408028,0.0,13.738362500780886,-1.3609272607160845,1.2299626216782023,1.2596168269591148,-0.1525848044773299,0.05212247241058531,1.6874237490256765,1.8343748416519732,0.16124166548252106,142.06508781287073,161.14,19.07491218712925,0.0,False,0.0,0.0,False,False,1068.3980505058594,56.648380219475264
3680.7230000000127,7.7,False,True,-14.84225638265114,11.872347892691764,4.360621915200582,-27.144953392274413,17.581576951408028,0.0,13.56287765024383,-1.3236146190722766,1.2099498199993282,1.2534893116175556,-0.1577947796573982,0.05390218296900655,1.6418227788213695,1.7933026032263084,0.16674722731113434,141.9745429647476,161.14,19.165457035252356,0.0,False,0.0,0.0,False,False,1111.2747082288133,57.49412731490391
3680.823000000004,7.8,False,True,-14.981160690420618,11.994326589631305,4.487113162928818,-27.144953392274413,17.581576951408028,0.0,13.38563481867206,-1.3285861364386427,1.2313054498875775,1.2731734684151534,-0.18855515437463777,0.06440982682011359,1.6313540496163987,1.811423261653612,0.19925278425216675,141.9732091968349,161.14,19.166790803165124,0.0,False,0.0,0.0,False,False,1155.3431390852347,58.34411819191461
3680.923999999999,7.9,False,True,-15.116145584615444,12.117675102865466,4.6167866341845425,-27.144953392274413,17.581576951408028,0.0,13.211602502501512,-1.3456126056112567,1.247173562814757,1.3195083363680342,-0.20093342829672856,0.06863820488963954,1.642935180966416,1.8346975718531844,0.2123333364725113,142.01127421451804,161.14,19.128725785481898,0.0,False,0.0,0.0,False,False,1200.6222354685,59.19989576105556
3681.024000000005,8.0,False,True,-15.249013352094522,12.23955895584634,4.75052281559022,-27.144953392274413,17.581576951408028,0.0,13.04034300562911,-1.3114043953571652,1.2155321576939704,1.3552355680124197,-0.18660206233440052,0.0637426569382154,1.6099066253744798,1.7880995259073953,0.19718888401985166,142.0801945912507,161.14,19.059805408749266,0.0,False,0.0,0.0,False,False,1247.1316279982532,60.06113690353892
3681.1240000000107,8.1,False,True,-15.379002951696668,12.360418293604702,4.886575857729424,-27.144953392274413,17.581576951408028,0.0,12.872376917263038,-1.2894849214291353,1.1916969357461837,1.365906845980971,-0.21441309970330963,0.07324281675384167,1.5513603830702336,1.7558225847903732,0.2265777736902237,142.20353908595914,161.14,18.936460914040822,0.0,False,0.0,0.0,False,False,1294.8901681073978,60.923863119852285
3681.224000000002,8.2,False,True,-15.509020385771002,12.485022731555413,5.023744983016363,-27.144953392274413,17.581576951408028,0.0,12.703141416505328,-1.2780890576470487,1.1636245517652206,1.3770074146409288,-0.21309878915573513,0.07279385255003676,1.524505128338861,1.7284483610301846,0.22518889605998993,142.3710417422235,161.14,18.768958257776482,0.0,False,0.0,0.0,False,False,1343.9164009370977,61.79036108837889
3681.324000000008,8.3,False,True,-15.634474375316888,12.604880537930521,5.16406884901485,-27.144953392274413,17.581576951408028,0.0,12.540280475002916,-1.2572388513669162,1.139437513367181,1.429653931417747,-0.2122050450103387,0.07248855245989921,1.4934777338846552,1.6967520078829397,0.22424444556236267,142.30444294256296,161.14,18.835557057437015,0.0,False,0.0,0.0,False,False,1394.2301618922656,62.66524961238402
3681.423999999999,8.4,False,True,-15.762710816495641,12.717259066127616,5.310518617155612,-27.144953392274413,17.581576951408028,0.0,12.378086869259317,-1.234392862965907,1.134117248812147,1.4983983356734214,-0.24793354631204703,0.08469329217660237,1.440275190431954,1.6762898538720568,0.2619999945163727,142.05980107193312,161.14,19.080198928066878,0.0,False,0.0,0.0,False,False,1445.8517426498424,63.54599201884996
3681.524000000005,8.5,False,True,-15.8834096441263,12.835629758531638,5.462842730861688,-27.144953392274413,17.581576951408028,0.0,12.220735753178904,-1.248934418613941,1.1350569766414709,1.548584123083789,-0.29480750145728046,0.10070528263791621,1.4072105744809114,1.687658591724351,0.3115333318710327,142.0806395372527,161.14,19.059360462747296,0.0,False,0.0,0.0,False,False,1498.8004401890316,64.4276902519987
3681.6240000000107,8.6,False,True,-16.018296173805776,12.944625036014317,5.618661913172673,-27.144953392274413,17.581576951408028,0.0,12.054203578958404,-1.2847845693776976,1.171176703012739,1.5661521334712882,-0.3436897404918081,0.11740329633706768,1.4128332773447159,1.738483896787895,0.36318889260292053,141.9583176205938,161.14,19.181682379406194,0.0,False,0.0,0.0,False,False,1553.0945273021039,65.30963158659836
3681.7230000000127,8.7,False,True,-16.150854468799288,13.059114938574151,5.776462509881947,-27.144953392274413,17.581576951408028,0.0,11.887929752344702,-1.2897521801555527,1.1764002240378628,1.5890826983318942,-0.3687853924714324,0.12597588934470205,1.3969864376338008,1.7456741314839763,0.38970834016799927,142.0043553249814,161.14,19.135644675018593,0.0,False,0.0,0.0,False,False,1608.7535850571762,66.19815784568553
3681.824000000008,8.8,False,True,-16.281743155655676,13.17580394963538,5.935758131527643,-27.144953392274413,17.581576951408028,0.0,11.722635044567706,-1.2957912357726646,1.1799134022925881,1.596498908696685,-0.342301822010642,0.11692918790280699,1.427962710366803,1.7525040837655472,0.3617222309112549,142.08084901252352,161.14,19.059150987476464,0.0,False,0.0,0.0,False,False,1665.7975807085218,67.08949067225169
3681.923999999999,8.9,False,True,-16.415494949278283,13.284533030838482,6.094946560557446,-27.144953392274413,17.581576951408028,0.0,11.55793515015916,-1.2617846111117903,1.1611450276621207,1.5862954070845388,-0.4954255014270913,0.1692357382380796,1.2534713093814436,1.7147472642063024,0.5235333442687988,142.10292130768303,161.14,19.03707869231692,0.0,False,0.0,0.0,False,False,1724.2463629366916,67.98534731724381
3682.024000000005,9.0,False,True,-16.53537452641878,13.405106413599297,6.255757467309785,-27.144953392274413,17.581576951408028,0.0,11.402020429029006,-1.1358069316981165,1.2503226275541883,1.6299227279622457,-0.577050100448201,0.19711843550322558,1.1922450530919253,1.6891903560781714,0.6097888946533203,142.14355074394862,161.14,18.996449256051363,0.0,False,0.0,0.0,False,False,1784.1215290182606,68.8949699822727
3682.1240000000107,9.1,False,True,-16.65523581392474,13.519382637444412,6.421643316706302,-27.144953392274413,17.581576951408028,0.0,11.248804270585227,-1.1206756407975638,1.2435310567269267,1.6847746618022856,-0.6288027950723405,0.21479698748590964,1.1402774581561326,1.6740022045748377,0.6644777655601501,141.88716634046995,161.14,19.25283365953005,0.0,False,0.0,0.0,False,False,1845.4431542143343,69.80646564515128
3682.224000000002,9.2,False,True,-16.76294049529761,13.649390189269443,6.592439785257277,-27.144953392274413,17.581576951408028,0.0,11.101724394225007,-1.0619707506689329,1.1905505909965972,1.7321688621103382,-0.7162945386484425,0.2446838822282817,1.0070530642985207,1.5953659721200912,0.7569333314895631,142.13203342591316,161.14,19.007966574086797,0.0,False,0.0,0.0,False,False,1908.2331788278111,70.72406700526109
3682.324000000008,9.3,False,True,-16.86775048467484,13.784567537420152,6.771833832565169,-27.144953392274413,17.581576951408028,0.0,10.956193686398835,-1.1223307447734043,1.2298917423134514,1.858635413471132,-0.8117668487440912,0.27729691250990873,1.001941536859984,1.6650105100192136,0.8578222393989563,142.27247318922485,161.14,18.86752681077513,0.0,False,0.0,0.0,False,False,1972.5126658825595,71.64806566152781
3682.423999999999,9.4,False,True,-16.967920786776208,13.878383170801175,6.95544441739327,-27.144953392274413,17.581576951408028,0.0,10.829849344755395,-1.0238102558576065,1.157890535417498,1.8153429795972662,-0.7888556038511864,0.2694705058509152,0.918963458160631,1.5456060080138916,0.8336111307144165,142.54554590746415,161.14,18.594454092535837,0.0,False,0.0,0.0,False,False,2038.3001303476801,72.56783386975428
3682.524000000005,9.5,False,True,-17.066187680788623,13.995857236479104,7.137723437453108,-27.144953392274413,17.581576951408028,0.0,10.69761207658287,-0.9371231409356305,1.089712490297774,1.8301302473175998,-0.9291409879628707,0.317391536310118,0.7723622017774325,1.437244966172447,0.981855571269989,142.52153108885048,161.14,18.61846891114949,0.0,False,0.0,0.0,False,False,2105.618001550553,73.49850018429565
3682.625,9.6,False,True,-17.161497722481638,14.100623921652824,7.328409259857148,-27.144953392274413,17.581576951408028,0.0,10.572909774800854,-0.9303870975842258,1.0924944957051144,1.9828030645907033,-1.1506225221580695,0.3930489072723656,0.7332992386572179,1.4349788759759399,1.2159028053283691,142.49397050901013,161.14,18.646029490989868,0.0,False,0.0,0.0,False,False,2174.489310304537,74.44489807898279
3682.724000000002,9.7,False,True,-47.784533344315946,23.31319103234877,-0.07740787941741117,-49.051343752606485,23.92444052727815,0.0,1.4065683615113294,-1.7184096640146729,0.27336165722743777,0.031105423704731128,-1.285570334347892,0.15329498142807,0.4491835837871847,1.7400167726263882,1.294677734375,142.2531816471752,173.2,30.94681835282478,0.0,False,0.0,0.0,False,False,25.79547758718762,0.7222079312547152
3682.823000000004,9.8,False,True,-47.95578539299018,23.340015254127504,-0.07554101381570141,-49.051343752606485,23.92444052727815,0.0,1.2416928038860406,-1.706631309469959,0.26312277834724035,0.006231888329463975,-1.2780955789486168,0.15240367080935346,0.4426077192135792,1.7267958834061188,1.2871500253677368,142.21952096844547,173.2,30.980479031554555,0.0,False,0.0,0.0,False,False,25.83355220900321,1.4041789834808363
3682.92300000001,9.9,False,True,-48.11886623055204,23.366108812072817,-0.07657268777853557,-49.051343752606485,23.92444052727815,0.0,1.086852627241124,-1.5948530802318939,0.2118930063869788,-0.025218436453405883,-1.4661107659129606,0.17482312451315576,0.13397298100114888,1.6088676122294439,1.4764971733093262,142.30535585643824,173.2,30.894644143561745,0.0,False,0.0,0.0,False,False,25.89166352461756,2.091808820229545
3683.023000000001,10.0,False,True,-48.27646751185216,23.3857051405174,-0.0757987074355266,-49.051343752606485,23.92444052727815,0.0,0.9437526187692462,-1.5564971961315313,0.17966270308551763,0.040780019701158,-1.6005059139239846,0.19084877567196465,0.04540809907544091,1.5668319017831216,1.6118444204330444,142.1299281119216,173.2,31.0700718880784,0.0,False,0.0,0.0,False,False,25.983685032946333,2.7844182623383436
3683.1240000000107,10.1,False,True,-48.42881258660722,23.40188682489723,-0.07394897137607001,-49.051343752606485,23.92444052727815,0.0,0.8127775984317054,-1.504355795606187,0.12450570609201472,-0.003064563967276204,-1.7010933210315355,0.20284309779691578,0.21176024378909453,1.5094992648634828,1.7131444215774536,141.8954659528888,173.2,31.30453404711119,0.0,False,0.0,0.0,False,False,26.123642051288247,3.4808213012830542
3683.224000000002,10.2,False,True,-48.57481479117352,23.409742622776342,-0.0735053004893316,-49.051343752606485,23.92444052727815,0.0,0.7014226856774237,-1.4016648968089613,0.058565639571511424,0.012052504390842463,-1.719430128146707,0.20502962966613175,0.3498949022800534,1.4028878847167,1.7316111326217654,141.95638969719806,173.2,31.2436103028019,0.0,False,0.0,0.0,False,False,26.3256815402675,4.184199066997875
3683.324000000008,10.3,False,True,-48.71528177855928,23.416595762133284,-0.06504589987112935,-49.051343752606485,23.92444052727815,0.0,0.6089695853534469,-1.4201712814470586,0.0562893833575245,0.1569554487471089,-1.7950719728744353,0.21404937356727266,0.4067416169310745,1.4212863762541845,1.8077888488769531,142.18622650973566,173.2,31.013773490264324,0.0,False,0.0,0.0,False,False,26.604082926388294,4.890646061884511
3683.423999999999,10.4,False,True,-48.856453203231496,23.419648873696342,-0.04414547245551219,-49.051343752606485,23.92444052727815,0.0,0.5411071425896551,-1.3759490609345444,0.026485895332517093,0.260510994725382,-1.9078950054488633,0.22750270569626,0.5686600442567104,1.3762039532490158,1.9214111566543577,142.42827281868793,173.2,30.771727181312077,0.0,False,0.0,0.0,False,False,26.973279994530095,5.60346501086693
3683.523000000001,10.5,False,True,-48.982755497437495,23.426438701102523,-0.02041923266616532,-49.051343752606485,23.92444052727815,0.0,0.502702862157544,-1.1500968231854696,0.10931065279107531,0.21401380106155538,-1.9574329120016036,0.2334097434227021,0.8168183057452431,1.1552798455417286,1.9713000059127808,142.64350769087633,173.2,30.55649230912366,0.0,False,0.0,0.0,False,False,27.44794990615903,6.324001946519031
3683.623000000007,10.6,False,True,-49.08793348254314,23.439716291658865,0.002074398539162489,-49.051343752606485,23.92444052727815,0.0,0.48610327393830466,-0.953462878927606,0.15624115833580138,0.23585882304500072,-2.017256404899051,0.24054326306581703,1.0671286289668505,0.9661794662747866,2.0315473079681396,142.34008913221845,173.2,30.859910867781537,0.0,False,0.0,0.0,False,False,28.04299399792268,7.056810250931701
3683.7230000000127,10.7,False,True,-49.179957394087154,23.453632790144653,0.026268113154367306,-49.051343752606485,23.92444052727815,0.0,0.48805880190780604,-0.9069471355937437,0.12517568057841666,0.2501448999489439,-2.2978655431083133,0.2740038769902629,1.3988580515585094,0.9155446781943339,2.3141443729400635,142.07573902988156,173.2,31.124260970118435,0.0,False,0.0,0.0,False,False,28.773254485881253,7.783761359379963
3683.823000000004,10.8,False,True,-49.278486605973846,23.454891948448513,0.0465498307603589,-49.051343752606485,23.92444052727815,0.0,0.5216030518668382,-0.9012042226516077,0.12426474387166732,0.13697266801451255,-2.196878279733026,0.2619618748920743,1.3029703611690764,0.9097311567131136,2.2124416828155518,142.3697144751232,173.2,30.83028552487676,0.0,False,0.0,0.0,False,False,29.653803523649977,8.511149235372628
3683.9260000000068,10.9,False,True,-49.37088350714095,23.45610804461681,0.06678894636540916,-49.051343752606485,23.92444052727815,0.0,0.5669576430772268,-0.8127179413068077,0.0660387375698401,0.25169178234621303,-2.4746079319834497,0.2950791309038577,1.6775988325251692,0.8153965703765217,2.4921388626098633,142.71646994956103,173.2,30.48353005043897,0.0,False,0.0,0.0,False,False,30.69981843899566,9.255368771078306
3684.023000000001,11.0,False,True,-49.44625234639119,23.473664211204717,0.09053776395127804,-49.051343752606485,23.92444052727815,0.0,0.5992929872589449,-0.8326583820175003,0.059820686445394664,0.23887292046654443,-2.673813294279488,0.3188329322305141,1.8592844737729346,0.8348044655311804,2.6927554607391357,142.6943626180312,173.2,30.5056373819688,0.0,False,0.0,0.0,False,False,31.926523101055167,9.988066419547065
3684.1240000000107,11.1,False,True,-49.52803955481546,23.478916113514593,0.11369890747607728,-49.051343752606485,23.92444052727815,0.0,0.65248056760567,-0.7966895919813465,0.03144809139975002,0.22391068375709236,-2.851973527552181,0.3400772538526459,2.078327215751147,0.7973100328128898,2.872177839279175,142.6557234162826,173.2,30.544276583717426,0.0,False,0.0,0.0,False,False,33.349400570100556,10.732439485866827
3684.224000000002,11.2,False,True,-49.608524778866816,23.478861157647664,0.1383317767473815,-49.051343752606485,23.92444052727815,0.0,0.713436521818737,-0.7699812615728903,0.018467175873833216,0.2662497670837397,-2.878198795707758,0.3432044277516101,2.133081211297599,0.7702026874519036,2.898588895797729,142.5299791410847,173.2,30.670020858915308,0.0,False,0.0,0.0,False,False,34.984033803464115,11.483445226462832
3684.324000000008,11.3,False,True,-49.68831140254249,23.476879206161595,0.16913396998962665,-49.051343752606485,23.92444052727815,0.0,0.7784850179833858,-0.767211121604562,0.023136241124862504,0.3472023566610255,-3.1295734455014093,0.37317903998560503,2.388155294448327,0.7675598939282313,3.1517443656921382,142.69137144008627,173.2,30.508628559913706,0.0,False,0.0,0.0,False,False,36.846168787175635,12.23940505786393
3684.423999999999,11.4,False,True,-49.75696340356393,23.492082632981397,0.20217751821072308,-49.051343752606485,23.92444052727815,0.0,0.8275460353225246,-0.7682230611552505,-0.01929675706647903,0.31905233444076603,-3.2675626834642633,0.38963326042428614,2.5325722708046765,0.7684653775701457,3.2907111644744873,142.91917960716034,173.2,30.280820392839658,0.0,False,0.0,0.0,False,False,38.95139107692181,12.993748845516839
3684.524000000005,11.5,False,True,-49.82940689691297,23.4959185051267,0.2353220990387569,-49.051343752606485,23.92444052727815,0.0,0.8882642512208093,-0.754273483840588,-0.0641303628206644,0.3426611022988471,-3.3846994999241615,0.4036009801390319,2.6716874134666617,0.7569948426908388,3.408677816390991,142.81618154083074,173.2,30.383818459169227,0.0,False,0.0,0.0,False,False,41.315378190880764,13.756823291917039
3684.623000000007,11.6,False,True,-49.90921292797012,23.479536446261285,0.2713890807620343,-49.051343752606485,23.92444052727815,0.0,0.9663742356584946,-0.7319283674100314,-0.06284759598952062,0.37949453740459527,-3.360388286194072,0.40070204341213683,2.6690222578396776,0.7346216409425848,3.384194374084472,142.48721935694994,173.2,30.712780643050067,0.0,False,0.0,0.0,False,False,43.95423559175637,14.526775383443923
3684.7230000000127,11.7,False,True,-49.98178127599403,23.47199492338865,0.3120223352126966,-49.051343752606485,23.92444052727815,0.0,1.0346115258426642,-0.7114209572189885,-0.07167537562824877,0.43342523079043366,-3.5675706508236678,0.42540704467854196,2.8990829592918104,0.7150224736620747,3.5928444862365723,142.2778392650469,173.2,30.922160734953113,0.0,False,0.0,0.0,False,False,46.8854684717118,15.303000619900033
3684.824000000008,11.8,False,True,-50.05159365455399,23.464833137743852,0.35356752282390597,-49.051343752606485,23.92444052727815,0.0,1.100790088463975,-0.7032224688783238,-0.07921663152014063,0.39790862499471263,-3.6872119548243494,0.43967340645183056,3.028768747155018,0.7076702024564289,3.713333368301391,142.1270212543424,173.2,31.072978745657608,0.0,False,0.0,0.0,False,False,50.124768845317874,16.078889585478574
3684.92300000001,11.9,False,True,-50.118670555605604,23.455299662194165,0.3933085268916402,-49.051343752606485,23.92444052727815,0.0,1.1658814929880617,-0.654151243695182,-0.11928013677934535,0.3972273701325131,-3.6666741626759363,0.43722442300701453,3.0634933756166887,0.6649372907711317,3.6926500797271724,142.0790460423962,173.2,31.12095395760382,0.0,False,0.0,0.0,False,False,53.688749084588906,16.865706755582217
3685.024000000005,12.0,False,True,-50.18340633967826,23.44130384143889,0.43297735830677425,-49.051343752606485,23.92444052727815,0.0,1.2308479834046837,-0.6207507047742187,-0.14116527771441922,0.3960844711754403,-3.915307110020413,0.4668721070171713,3.35019572093631,0.6365996175854006,3.943044424057007,142.21400911070012,173.2,30.98599088929986,0.0,False,0.0,0.0,False,False,57.59445573488717,17.656694149840845
3685.1240000000107,12.1,False,True,-50.24604279388532,23.428200254997297,0.4778988437740224,-49.051343752606485,23.92444052727815,0.0,1.2936615504319324,-0.6333345463886905,-0.13280243521651927,0.5020771637298528,-4.012639796009646,0.4784783271456344,3.43414736733149,0.647108286493695,4.041066646575928,142.34350588744346,173.2,30.856494112556568,0.0,False,0.0,0.0,False,False,61.85874007258018,18.453920201927247
3685.2230000000127,12.2,False,True,-50.3058577265053,23.41584301960013,0.5297670017436614,-49.051343752606485,23.92444052727815,0.0,1.3536900441104298,-0.5640815454376691,-0.19796856233504329,0.533083939911313,-4.018638823732819,0.4791936678927254,3.520300367165995,0.5978122962739668,4.047108173370361,142.64895945921145,173.2,30.551040540788566,0.0,False,0.0,0.0,False,False,66.49907874444374,19.26180672145249
3685.324000000008,12.3,False,True,-50.363247700292945,23.389705312495305,0.5834284198920958,-49.051343752606485,23.92444052727815,0.0,1.4166981745891303,-0.5321687436712436,-0.21716788860085565,0.5405008318486024,-4.273050629274718,0.5095304390235014,3.8108119530368123,0.5747742718493786,4.3033223152160645,142.69428776586946,173.2,30.50571223413053,0.0,False,0.0,0.0,False,False,71.53281651086597,20.06979839404707
3685.423999999999,12.4,False,True,-50.41648412852032,23.36298308234011,0.6370741914069671,-49.051343752606485,23.92444052727815,0.0,1.4760903456179468,-0.48937744699716235,-0.24327173551229545,0.532331576504824,-4.440673975179494,0.5295183128961649,4.026158058564628,0.5465083923679716,4.472133159637451,142.48077703948485,173.2,30.719222960515147,0.0,False,0.0,0.0,False,False,76.97738438610955,20.883573084464444
3685.523000000001,12.5,False,True,-50.46205077400866,23.33658223028979,0.6932372229775952,-49.051343752606485,23.92444052727815,0.0,1.5282904428057686,-0.448413323864925,-0.27536957339526524,0.592045134214727,-4.638149941361966,0.5530658962213415,4.270854510670485,0.5262156506333506,4.671008110046387,142.0987984518203,173.2,31.101201548179684,0.0,False,0.0,0.0,False,False,82.85044817428775,21.706732568437342
3685.6240000000107,12.6,False,True,-50.51284833263955,23.30306961292707,0.7579867583068131,-49.051343752606485,23.92444052727815,0.0,1.5881112840916158,-0.39086215775269795,-0.29721196407285605,0.6987589398302979,-4.722323355212578,0.5631029681482634,4.416072676904582,0.49102767534135955,4.755777835845947,142.17303970328624,173.2,31.026960296713735,0.0,False,0.0,0.0,False,False,89.17086207033572,22.542187233282185
3685.7230000000127,12.7,False,True,-50.55064600620956,23.274321178309222,0.8279520317082323,-49.051343752606485,23.92444052727815,0.0,1.63418555114254,-0.34990033830939055,-0.32378896791994877,0.6995002531094296,-4.827988629156528,0.5757027892347124,4.567533268823712,0.47672795438876,4.862191677093506,142.4225563478545,173.2,30.77744365214547,0.0,False,0.0,0.0,False,False,95.95565287172475,23.374062645842663
3685.824000000008,12.8,False,True,-50.580176041504195,23.251038266472722,0.8983115293209618,-49.051343752606485,23.92444052727815,0.0,1.67056839801131,-0.314435868657658,-0.3625726329219985,0.7068458730939743,-4.9414048173726455,0.5892268508917912,4.723850538465508,0.4799258584849187,4.97641134262085,142.56645498399422,173.2,30.633545016005797,0.0,False,0.0,0.0,False,False,103.22338310349784,24.21117168142873
3685.923999999999,12.9,False,True,-50.61333834015084,23.208728704506335,0.9718474877162858,-49.051343752606485,23.92444052727815,0.0,1.7181590452496573,-0.27898320183776226,-0.38524337866477687,0.7627577119624039,-5.020224087143254,0.5986254797904491,4.842247728393334,0.4756512248619804,5.055788993835449,142.4847524694098,173.2,30.71524753059019,0.0,False,0.0,0.0,False,False,110.99271168836904,25.058326713884416
3686.024000000005,13.0,False,True,-50.643268478871526,23.162880161573636,1.0492820826146063,-49.051343752606485,23.92444052727815,0.0,1.7647091898400773,-0.23570799654562635,-0.4118901262736106,0.7848563508553016,-5.083597399345956,0.6061822897584359,4.953635342460027,0.47456478562704574,5.1196112632751465,142.53846174582534,173.2,30.661538254174612,0.0,False,0.0,0.0,False,False,119.28213484605891,25.909892937884322
3686.1240000000107,13.1,False,True,-50.6650042472099,23.12698260188799,1.1284576546234337,-49.051343752606485,23.92444052727815,0.0,1.7999553701720832,-0.24161479209839162,-0.4117273991031767,0.7983925118137776,-5.128689065185636,0.6115591453786777,4.99305620865506,0.47738575484927864,5.165022373199463,142.7242959987711,173.2,30.475704001228912,0.0,False,0.0,0.0,False,False,128.1092780428929,26.758740834230842
3686.2230000000127,13.2,False,True,-50.68561571194567,23.09186230613159,1.2059390808433859,-49.051343752606485,23.92444052727815,0.0,1.834129584137915,-0.21477659378175867,-0.43984354091622996,0.7498710147244608,-5.175727692508954,0.6171681621001064,5.072308108176796,0.4894806694060776,5.2123942375183105,142.81813111373728,173.2,30.381868886262733,0.0,False,0.0,0.0,False,False,137.49277381261092,27.613587934984416
3686.324000000008,13.3,False,True,-50.694915124785624,23.055456803873536,1.2779582684156408,-49.051343752606485,23.92444052727815,0.0,1.8591556059106416,-0.20270289331044644,-0.46650350520407824,0.6956852673483253,-5.105045225534143,0.6087397881926686,5.01887522083456,0.5086393450413738,5.141211032867432,142.41047450403354,173.2,30.789525495966434,0.0,False,0.0,0.0,False,False,147.45076690952945,28.470129707901748
3686.423999999999,13.4,False,True,-50.736216306716855,23.001981997576305,1.3470770078495626,-49.051343752606485,23.92444052727815,0.0,1.9208657586135722,-0.20395536424319513,-0.43610817839532096,0.6760984540735978,-5.2033270078983636,0.6204591812120192,5.109799547611531,0.4814438013588497,5.240189075469971,142.26302113879564,173.2,30.936978861204356,0.0,False,0.0,0.0,False,False,158.0009033555156,29.333158217579516
3686.524000000005,13.5,False,True,-50.75181298618179,22.980814940114616,1.4178548821618313,-49.051343752606485,23.92444052727815,0.0,1.9447428783995868,-0.20161119801102637,-0.44941211897898015,0.7344562588736685,-5.486509525403242,0.65422665203942,5.398904413653574,0.49256301916467327,5.5253777503967285,142.7780374700962,173.2,30.42196252990378,0.0,False,0.0,0.0,False,False,169.16477314765712,30.210176131203145
3686.623000000007,13.6,False,True,-50.77718583709862,22.92443901544422,1.494749512919346,-49.051343752606485,23.92444052727815,0.0,1.994626261803024,-0.16589295022870268,-0.47858029411453396,0.8014915367353335,-5.333912631260317,0.6360305740586017,5.286850178601601,0.506517096306074,5.371699810028076,142.89108773119483,173.2,30.308912268805184,0.0,False,0.0,0.0,False,False,180.96255118650146,31.10182159407603
3686.724000000002,13.7,False,True,-50.789555349507836,22.9342342693135,1.5785460692734883,-49.051343752606485,23.92444052727815,0.0,2.00047194154647,-0.17129653278306622,-0.48080420095967824,0.8557346762622017,-5.770828875233561,0.688129681914474,5.720242029554376,0.5104068786801121,5.811711311340332,143.80296106737174,173.2,29.397038932628245,0.0,False,0.0,0.0,False,False,193.41421969805077,31.990837723657048
3686.823000000004,13.8,False,True,-50.82766134917066,22.801144326367858,1.6624994225918839,-49.051343752606485,23.92444052727815,0.0,2.101689453473807,-0.08555723351524433,-0.5561322611792037,0.8339699609848872,-5.9235384582950426,0.7063391972352928,5.972927168833775,0.5626749791230067,5.965502738952636,142.65125858673503,173.2,30.548741413264956,0.0,False,0.0,0.0,False,False,206.53445370792463,32.89600674318642
3686.923999999999,13.9,False,True,-50.88286719064607,22.689050599102195,1.7437820284994383,-49.051343752606485,23.92444052727815,0.0,2.20922302602678,-0.12913006972678134,-0.5356289542367629,0.7756645096423324,-5.963099844434118,0.7110566069260932,5.965687573164615,0.5509745470749186,6.005344390869141,141.41326968518905,173.2,31.78673031481095,0.0,False,0.0,0.0,False,False,220.35158067662556,33.77859338939631
3687.024000000005,14.0,False,True,-50.952249215777364,22.628690799042197,1.8288063196022286,-49.051343752606485,23.92444052727815,0.0,2.3005236225990906,-0.12614218061949273,-0.5236259469757112,0.8816685976043751,-5.99381562394933,0.7147192418862579,5.9969234149133355,0.538605590462679,6.036277770996093,141.2006354822455,173.2,31.99936451775448,0.0,False,0.0,0.0,False,False,234.87451828936383,34.694197780780655
3687.1240000000107,14.1,False,True,-50.936237016643645,22.65001139095679,1.9242913577675,-49.051343752606485,23.92444052727815,0.0,2.2753004725348833,-0.013907244601310594,-0.5790129762046154,1.025032876532715,-6.036965536616735,0.7198645574588423,6.161518809228082,0.5791799703595829,6.07973337173462,143.0187632982698,173.2,30.181236701730164,0.0,False,0.0,0.0,False,False,250.12821330693413,35.637430223395434
3687.224000000002,14.2,False,True,-50.93585625811261,22.62804026841836,2.0282729427249344,-49.051343752606485,23.92444052727815,0.0,2.2873655183596475,0.0806563433419359,-0.6309428407175408,1.042690953609807,-6.1578646478113095,0.7342809036594905,6.386155340208263,0.636077286164199,6.201488971710206,144.19370228485053,173.2,29.006297715149465,0.0,False,0.0,0.0,False,False,266.1542830503847,36.57728425500798
3687.324000000008,14.3,False,True,-50.931951642550764,22.65172368417682,2.1316456761213143,-49.051343752606485,23.92444052727815,0.0,2.2707915356620685,0.07350124467285259,-0.6083454176043722,0.9940235831458426,-6.228960938797964,0.7427586230928129,6.445658360700479,0.6127695978821865,6.2730889320373535,145.2277647870868,173.2,27.972235212913198,0.0,False,0.0,0.0,False,False,282.95631921009885,37.4930150586435
3687.42300000001,14.4,False,True,-50.97399013893739,22.459885703715504,2.226475828662879,-49.051343752606485,23.92444052727815,0.0,2.4169174495815735,0.029112354921602995,-0.6219900566308666,0.9080997671120424,-6.207383378308581,0.7401856547797561,6.383525804706621,0.6226709883692592,6.251358509063722,143.56342572583387,173.2,29.636574274166133,0.0,False,0.0,0.0,False,False,300.5477490254251,38.40525676268721
3687.523000000001,14.5,False,True,-50.95828733332717,22.396963557633363,2.3138404305400924,-49.051343752606485,23.92444052727815,0.0,2.4432805227494967,0.010170288861114922,-0.6120209189153327,0.8517852651654129,-6.3283677164163485,0.7546121636745224,6.484192318768457,0.612105415729584,6.373199939727782,143.5262558524314,173.2,29.67374414756856,0.0,False,0.0,0.0,False,False,318.95099751171614,39.323238942322575
3687.6240000000107,14.6,False,True,-50.92452668605523,22.37268843554756,2.3975940337985038,-49.051343752606485,23.92444052727815,0.0,2.432436814462796,0.012391692160230935,-0.6240306478759727,0.8352783285572524,-6.420338445858534,0.7655790091944273,6.581111762278334,0.6241536697986324,6.465822219848633,143.91168984041397,173.2,29.28831015958603,0.0,False,0.0,0.0,False,False,338.19819082046826,40.258010011493035
3687.7230000000127,14.7,False,True,-50.92912219660533,22.29984013576139,2.4846824156174288,-49.051343752606485,23.92444052727815,0.0,2.4830179856100774,0.02506157289842391,-0.6090812576891919,0.9099675536131518,-6.436948697757245,0.7675596618186341,6.607020278410133,0.6095966378716264,6.482550144195556,144.12668390852028,173.2,29.07331609147973,0.0,False,0.0,0.0,False,False,358.29841421895514,41.21306152868811
3687.823000000004,14.8,False,True,-50.92428967815443,22.2442680889318,2.578154781033668,-49.051343752606485,23.92444052727815,0.0,2.5161291426724044,0.016972223047938564,-0.6177702892196765,0.9573368096857454,-6.4973262839611685,0.7747592530883697,6.661473077677469,0.618003387205727,6.543355464935304,144.01285250992487,173.2,29.18714749007514,0.0,False,0.0,0.0,False,False,379.2869946780272,42.1697335633059
3687.92300000001,14.9,False,True,-50.919925190246,22.18316397792851,2.672568697824727,-49.051343752606485,23.92444052727815,0.0,2.55414185401006,0.03698204630094218,-0.6333446008289569,0.9313728302646872,-6.589614246913577,0.7857639264141586,6.776846423325419,0.6344234036885744,6.636297225952148,144.01360787077311,173.2,29.186392129226853,0.0,False,0.0,0.0,False,False,401.1786985069544,43.1289482328526
3688.024000000005,15.0,False,True,-50.93003686509812,22.113436549067814,2.7749445847310636,-49.051343752606485,23.92444052727815,0.0,2.609448834527545,0.055285107716932236,-0.6274367813102095,1.1114840534000994,-6.64037965775774,0.7918173351656073,6.844429041107267,0.6298677303023139,6.687422275543213,144.1350720767768,173.2,29.06492792322321,0.0,False,0.0,0.0,False,False,423.99899204890795,44.12270814405813
3688.1240000000107,15.1,False,True,-50.9287902718956,22.080366012403708,2.888429644656246,-49.051343752606485,23.92444052727815,0.0,2.6316185607341023,0.07005465452553693,-0.6677474245277502,1.1385478514532337,-6.74132004633077,0.8038537477820309,6.968531791260543,0.6714121517995751,6.789077758789062,144.18923953769013,173.2,29.010760462309886,0.0,False,0.0,0.0,False,False,447.76591050853347,45.10396542032704
3688.224000000002,15.2,False,True,-50.947283701053756,21.968914064518685,2.99943949296627,-49.051343752606485,23.92444052727815,0.0,2.7237239277633827,0.07843962558569134,-0.6831752776643438,1.0777967780915183,-6.851395813032524,0.8169794882890917,7.090351438972664,0.6876636058959182,6.899933338165283,143.8496785516593,173.2,29.350321448340686,0.0,False,0.0,0.0,False,False,472.49947768439944,46.0774236446001
3688.324000000008,15.3,False,True,-50.95468047686498,21.88637463264136,3.108128902046547,-49.051343752606485,23.92444052727815,0.0,2.788620317790272,0.019661006820409922,-0.6403944783265135,1.0929460013710233,-6.946279408974549,0.8282936721101888,7.119084966457335,0.6406962174543249,6.995489120483398,143.58417686156264,173.2,29.61582313843737,0.0,False,0.0,0.0,False,False,498.2300203953697,47.05158200478958
3688.423999999999,15.4,False,True,-50.97174082338013,21.80679293239258,3.2196719557791553,-49.051343752606485,23.92444052727815,0.0,2.85873332886449,0.011606520250825458,-0.6328237624949382,1.1301197069795683,-7.040180528000584,0.8394907026518688,7.203846920789395,0.6329301902189394,7.090055465698241,143.35197118020545,173.2,29.848028819794497,0.0,False,0.0,0.0,False,False,524.9741625955596,48.0481127597629
3688.523000000001,15.5,False,True,-50.94900240916032,21.740581851952587,3.334059071225477,-49.051343752606485,23.92444052727815,0.0,2.8931552137050023,-0.04889136597799928,-0.6127601700236947,1.174087577507803,-7.192355548923198,0.8576364752968024,7.293226091901353,0.6147075659487703,7.243308544158935,143.14266802942822,173.2,30.057331970571777,0.0,False,0.0,0.0,False,False,552.7516783078811,49.03882114122842
3688.623000000007,15.6,False,True,-50.92632581720335,21.69759561117066,3.453113093213559,-49.051343752606485,23.92444052727815,0.0,2.9110815898826505,-0.0731283533070696,-0.5998572905450414,1.2200493573898954,-7.271544135317648,0.8670791425366389,7.346365922645113,0.6042983742138,7.323058128356934,143.34718887306403,173.2,29.852811126935958,0.0,False,0.0,0.0,False,False,581.5883909942664,50.043745674369376
3688.724000000002,15.7,False,True,-50.927510437950055,21.65122595279992,3.569665830916882,-49.051343752606485,23.92444052727815,0.0,2.947457537067044,-0.020368382636604503,-0.6149321634861002,1.1140056665671423,-7.3205278301932,0.8729200945216073,7.45023706343687,0.615269401726534,7.372388839721679,143.87118264218122,173.2,29.32881735781875,0.0,False,0.0,0.0,False,False,611.5001061402781,51.04857671551423
3688.824000000008,15.8,False,True,-50.929677291011345,21.58945988876024,3.6798302983973405,-49.051343752606485,23.92444052727815,0.0,2.99671010672538,-0.011892173639648618,-0.6315727113479954,1.0860534578794658,-7.388005291749057,0.8809662946707927,7.529596202710607,0.6316846630347565,7.440344333648682,143.68703264589084,173.2,29.512967354109115,0.0,False,0.0,0.0,False,False,642.5309686112752,52.066356477944936
3688.92300000001,15.9,False,True,-50.93204788803926,21.526603544113392,3.7873654227557894,-49.051343752606485,23.92444052727815,0.0,3.0474038529322955,0.013263766480090328,-0.6351198267619024,1.065949878738645,-7.522706901535441,0.897028489183868,7.690145146305492,0.6352583111202145,7.576000213623047,143.85614314538583,173.2,29.343856854614163,0.0,False,0.0,0.0,False,False,674.6929255043756,53.093938247545296
3689.023000000001,16.0,False,True,-50.937655617161354,21.47860982042127,3.898752542017009,-49.051343752606485,23.92444052727815,0.0,3.088731179135617,0.015274449140920944,-0.657007608432416,1.145740299920585,-7.595251103080696,0.9056788614983746,7.76930422781364,0.6571851385527837,7.64905834197998,143.78452266669453,173.2,29.415477333305443,0.0,False,0.0,0.0,False,False,708.0129958072928,54.14263913731773
3689.123000000007,16.1,False,True,-50.93163775102818,21.416930862674196,4.01165162706344,-49.051343752606485,23.92444052727815,0.0,3.1341841424177472,0.1050828735226341,-0.5765715465090441,1.1122414010080248,-7.720706539751206,0.9206385166184591,7.9677235088850304,0.5860692438198789,7.775402545928956,143.70851364566875,173.2,29.49148635433127,0.0,False,0.0,0.0,False,False,742.518430049244,55.18769609462727
3689.224000000002,16.2,False,True,-50.9132210129368,21.37040087560249,4.125004422650711,-49.051343752606485,23.92444052727815,0.0,3.160649533698203,0.10278751562120039,-0.5702995093944083,1.1555610961895226,-7.85655255758865,0.9368371735297758,8.100774986507147,0.5794883983162056,7.912210941314697,143.8108289070211,173.2,29.38917109297892,0.0,False,0.0,0.0,False,False,778.2215390773572,56.24039234657904
3689.323000000004,16.3,False,True,-50.89852761693752,21.2983249007539,4.2430128143448735,-49.051343752606485,23.92444052727815,0.0,3.2106964217315523,0.2403819258529517,-0.6638022990477113,1.2079571121092518,-7.9085125656660855,0.9430330293771132,8.305805271410078,0.7059865172209744,7.964539051055908,144.01005295125825,173.2,29.189947048741757,0.0,False,0.0,0.0,False,False,815.1594697718427,57.33732987652138
3689.423999999999,16.4,False,True,-50.87433761071587,21.22656501424982,4.365103055933673,-49.051343752606485,23.92444052727815,0.0,3.256046512337072,0.27930461158221254,-0.6908889618886003,1.2343624406885414,-8.056149726943955,0.9606376950196696,8.497490178172217,0.7452104559858231,8.113222122192383,143.9623635354276,173.2,29.237636464572404,0.0,False,0.0,0.0,False,False,853.373199330333,58.4138623787222
3689.523000000001,16.5,False,True,-50.87930934716408,21.142739123224597,4.492334482749834,-49.051343752606485,23.92444052727815,0.0,3.3285613883778407,0.2682698142117393,-0.6691201652528698,1.2963138962687926,-8.186703153472035,0.976205248626252,8.613574380117692,0.7208956157206319,8.24470043182373,143.9695793644164,173.2,29.23042063558362,0.0,False,0.0,0.0,False,False,892.8706760041612,59.49263165892493
3689.6240000000107,16.6,False,True,-50.84619580432204,21.095498152916104,4.6231624033409195,-49.051343752606485,23.92444052727815,0.0,3.3502848901263196,0.30313071999136243,-0.6853669212260165,1.31796415747686,-8.339078457640655,0.9943749036023632,8.803937304866775,0.7494104683771842,8.398155212402344,144.28384995713142,173.2,28.91615004286856,0.0,False,0.0,0.0,False,False,933.6502837420574,60.58147761930272
3689.7230000000127,16.7,False,True,-50.812993046366884,21.021398768444982,4.750603303756974,-49.051343752606485,23.92444052727815,0.0,3.3957414047208734,0.3895074631047011,-0.7425811931130836,1.231436455106673,-8.42293227056679,1.0043738654263423,8.983927094325095,0.8385361603291243,8.482603073120117,144.4240091536226,173.2,28.77599084637737,0.0,False,0.0,0.0,False,False,975.7819832904099,61.673231524312186
3689.823000000004,16.8,False,True,-50.75623079430978,20.98475974340637,4.876703191648276,-49.051343752606485,23.92444052727815,0.0,3.398288236161378,0.4140481184529501,-0.7639682377597977,1.2883726209488204,-8.47059968311634,1.010057860246598,9.060029533855715,0.868955299598454,8.530608177185059,144.52792118873174,173.2,28.672078811268225,0.0,False,0.0,0.0,False,False,1019.2792028459637,62.78129841553613
3689.923999999999,16.9,False,True,-50.73939744765555,20.875554292906333,5.00832570670829,-49.051343752606485,23.92444052727815,0.0,3.4850010828564684,0.45614013053864355,-0.7930358096500361,1.3372921845956842,-8.565100231431842,1.0213263684035752,9.20188501240897,0.9148604342057312,8.625778198242188,144.24945106406045,173.2,28.950548935939548,0.0,False,0.0,0.0,False,False,1064.1728470680305,63.90333063075141
3690.024000000005,17.0,False,True,-50.7685458467495,20.68765390022184,5.145365932997627,-49.051343752606485,23.92444052727815,0.0,3.6640920705162037,0.42699315850320463,-0.7674860904348565,1.3927613119810867,-8.658118778423466,1.032418158601721,9.261690677850746,0.8782699223015231,8.71945571899414,143.81760603454399,173.2,29.382393965455975,0.0,False,0.0,0.0,False,False,1110.4779939167438,65.01478202753978
3690.1240000000107,17.1,False,True,-50.73412204476867,20.594179114811762,5.287118631519463,-49.051343752606485,23.92444052727815,0.0,3.7312710777876883,0.40242620973818244,-0.7539328547709298,1.4423653959317526,-8.804316078351205,1.0498511311730931,9.381777029286162,0.8546119609432595,8.86668872833252,143.8141851134781,173.2,29.3858148865219,0.0,False,0.0,0.0,False,False,1158.1224634703667,66.12470673938603
3690.224000000002,17.2,False,True,-50.6361569090486,20.57760967602505,5.427200800462483,-49.051343752606485,23.92444052727815,0.0,3.7030945826067647,0.4897078377249148,-0.8212505313915351,1.3750104308075894,-8.974146801307711,1.0701022188234157,9.650997868328695,0.9561726840064457,9.03772258758545,144.1365226416548,173.2,29.063477358345214,0.0,False,0.0,0.0,False,False,1207.2938528938218,67.25196890973459
3690.324000000008,17.3,False,True,-50.60069888937839,20.49320456672216,5.564691923281971,-49.051343752606485,23.92444052727815,0.0,3.7648215836682213,0.2194525556792723,-0.8668516546662948,1.3748120255821696,-9.026917412026195,1.0763947331836987,9.44836303830339,0.8941986442574476,9.090867042541504,144.32305338482928,173.2,28.876946615170695,0.0,False,0.0,0.0,False,False,1257.9845022512254,68.32882816672183
3690.42300000001,17.4,False,True,-50.60102583852305,20.264653900384573,5.696397520087285,-49.051343752606485,23.92444052727815,0.0,3.974361926372558,0.16398578206777614,-0.8494210456507879,1.3093050993212054,-9.043684386748613,1.0783940738732003,9.407319547712648,0.8651054557190458,9.107752799987793,144.277177375078,173.2,28.922822624921995,0.0,False,0.0,0.0,False,False,1310.1586132080415,69.43726946852888
3690.523000000001,17.5,False,True,-50.58655125757236,20.173220402446645,5.8261168682474285,-49.051343752606485,23.92444052727815,0.0,4.053210395260088,0.12550583694607265,-0.9792489131077683,1.2850818638816588,-9.213981016830582,1.0987007175847017,9.567857093391494,0.9872589067363635,9.279255867004395,144.96048570610733,173.2,28.239514293892654,0.0,False,0.0,0.0,False,False,1363.8874737515455,70.58562603313672
3690.623000000007,17.6,False,True,-50.57827506268342,20.12167058146985,5.955240084249213,-49.051343752606485,23.92444052727815,0.0,4.0978748744240745,0.2011702857846278,-1.0204660722918795,1.2722328453272165,-9.26674878665196,1.104992893188514,9.703559520925785,1.0401059987239207,9.3323974609375,145.01411022044675,173.2,28.18588977955327,0.0,False,0.0,0.0,False,False,1419.1303169933462,71.75222257160272
3690.7230000000127,17.7,False,True,-50.588163687654216,19.973212077802366,6.0836790419362154,-49.051343752606485,23.92444052727815,0.0,4.239578018235651,0.2498905786607332,-1.0733019516419893,1.297537599227285,-9.27826957138442,1.1063666635956346,9.774292358895368,1.10200833966985,9.343999862670898,144.50646417834588,173.2,28.69353582165412,0.0,False,0.0,0.0,False,False,1476.0335228288372,72.9345107423608
3690.823000000004,17.8,False,True,-50.45209982031184,19.81862929550432,6.211352844907423,-49.051343752606485,23.92444052727815,0.0,4.3381797371908775,0.23994524584834553,-1.0889762532586886,1.323158611636315,-9.427463070793788,1.1241569113246699,9.91749675900427,1.1150977540855127,9.494250297546387,143.69951726947147,173.2,29.500482730528546,0.0,False,0.0,0.0,False,False,1534.5280363136708,74.09642132507065
3690.92300000001,17.9,False,True,-50.36308820535596,19.843444066100464,6.340601397132195,-49.051343752606485,23.92444052727815,0.0,4.2866310344446275,0.27732106280855323,-1.0729937455906762,1.2726096435284997,-9.538330027339695,1.1373769955087938,10.061448461162891,1.1082520245657006,9.605902671813965,145.42415217625805,173.2,27.775847823741977,0.0,False,0.0,0.0,False,False,1594.6872366595553,75.25734213728467
3691.023000000001,18.0,False,True,-50.48349542936729,19.624605289209427,6.4723013737961885,-49.051343752606485,23.92444052727815,0.0,4.5320681261192775,0.35701373900526157,-1.2042709552451685,1.2765817450623487,-9.64398488466092,1.1499755744881839,10.27435887018428,1.2560761694601277,9.712306022644043,143.45612593110533,173.2,29.743874068894666,0.0,False,0.0,0.0,False,False,1656.549719676701,76.48291361740644
3691.1240000000107,18.1,False,True,-50.37512179027232,19.338959323994505,6.607964803707741,-49.051343752606485,23.92444052727815,0.0,4.772737805355961,0.42546100557733313,-1.299239045912321,1.5085232415478287,-9.727752523708158,1.1599642606992213,10.446790218747338,1.367128072160774,9.796667098999023,141.9787682061529,173.2,31.22123179384711,0.0,False,0.0,0.0,False,False,1720.1212119404258,77.74857881217113
3691.224000000002,18.2,False,True,-50.36200985118246,19.574590888961563,6.76075072077054,-49.051343752606485,23.92444052727815,0.0,4.543020745926581,0.502007916587769,-1.257208333168349,1.4490921489086914,-9.744411544340531,1.16195072864284,10.528126249985483,1.353729936621308,9.813444137573242,145.50614209550804,173.2,27.69385790449196,0.0,False,0.0,0.0,False,False,1785.3843730697554,78.93957114988181
3691.324000000008,18.3,False,True,-50.33678653684121,19.316810170777927,6.907249045191727,-49.051343752606485,23.92444052727815,0.0,4.783578226984847,0.4655238280079945,-1.2478253287283958,1.5357617186216703,-9.853925286898052,1.1750094518281333,10.600054641793578,1.331833505157212,9.923733711242674,146.5991353066916,173.2,26.600864693308385,0.0,False,0.0,0.0,False,False,1852.4991607141224,80.16249577241263
3691.423999999999,18.4,False,True,-50.29165907244611,18.900837124933837,7.060740101851439,-49.051343752606485,23.92444052727815,0.0,5.1744539070972735,0.46162908531948865,-1.2928986912843865,1.6195265574177398,-9.966019510993958,1.1883758788075578,10.718795582544839,1.372839553020595,10.036622047424316,145.02313089208926,173.2,28.176869107910765,0.0,False,0.0,0.0,False,False,1921.3863883787849,81.39171158271235
3691.524000000005,18.5,False,True,-50.36152217910564,18.403172090688777,7.222903023939336,-49.051343752606485,23.92444052727815,0.0,5.674590087234661,0.4610414742101864,-1.3762382992136046,1.6513632662019915,-10.102276511946137,1.2046235424882885,10.874030288839853,1.4514100375718288,10.173844337463379,142.59507833215298,173.2,30.60492166784699,0.0,False,0.0,0.0,False,False,1992.1114941945843,82.61985702079902
3691.623000000007,18.6,False,True,-137.6439086621538,25.495761457876917,0.11752519701448794,-138.71796942896728,25.595282065457674,0.0,1.0786616161434603,-15.349327672730809,-0.18075514595702846,0.43897970312391466,-10.095801442191272,-1.6586792579122882,5.457453392899081,15.350391930750488,10.231149673461914,138.28723985788193,189.32999999999998,51.04276014211808,0.0,False,0.0,0.0,False,False,26.648250357161533,19.067246996986295
3691.7230000000127,18.7,False,True,-139.17945511054577,25.47529675931435,0.15824723840475588,-138.71796942896728,25.595282065457674,0.0,0.47682859393316057,-15.361601295108844,-0.2285388252942887,0.3754611246814444,-10.146820908494595,-1.6670614483695432,5.409554678318352,15.363301218961913,10.282853126525879,138.20627392167583,189.32999999999998,51.12372607832419,0.0,False,0.0,0.0,False,False,27.78853199555624,19.908464034801163
3691.823000000004,18.8,False,True,-140.70861953889275,25.44900372566002,0.1969500337878306,-138.71796942896728,25.595282065457674,0.0,1.9960173378105304,-15.355681654779971,-0.23042560573764007,0.40123989390813497,-10.340082251607171,-1.698813120885353,5.226126602728738,15.357410427631532,10.478705406188967,137.63216980076803,189.32999999999998,51.69783019923194,0.0,False,0.0,0.0,False,False,29.324460831328732,20.75872423201504
3691.92300000001,18.9,False,True,-142.24322240049582,25.424347347228213,0.23258713713671703,-138.71796942896728,25.595282065457674,0.0,3.529394734393848,-15.336375577281462,-0.26270196289853576,0.3115021730695939,-10.462581669990204,-1.7189390361523786,5.086697697354179,15.338625367637936,10.6028470993042,137.587375857265,189.32999999999998,51.74262414273498,0.0,False,0.0,0.0,False,False,31.275035215051577,21.612017018718575
3692.023000000001,19.0,False,True,-143.76036427273155,25.395534263108775,0.2648336083949203,-138.71796942896728,25.595282065457674,0.0,5.04634966534858,-15.290762373388574,-0.27642227119853124,0.33489661792654835,-10.472296213025327,-1.7205350769545598,5.03021648980581,15.293260712858142,10.612691879272461,137.19756025198188,189.32999999999998,52.13243974801808,0.0,False,0.0,0.0,False,False,33.65880583764581,22.47806389413217
3692.1240000000107,19.1,False,True,-145.25666107267176,25.345789508804405,0.29763830678327724,-138.71796942896728,25.595282065457674,0.0,6.543449774184578,-15.162194887721329,-0.35407279039601014,0.33238783606401195,-10.466296026413689,-1.7195492824999723,4.89039795580267,15.1663285390414,10.606611251831055,143.0470374974997,189.32999999999998,46.28296250250029,0.0,False,0.0,0.0,False,False,36.49520321002541,23.34590061943088
3692.2230000000127,19.2,False,True,-146.77038757526188,25.308704079531896,0.33197335739752265,-138.71796942896728,25.595282065457674,0.0,8.05751605302725,-15.11233516408119,-0.38763579505416956,0.35431317622089564,-10.531417248735739,-1.730248306379748,4.773616794706178,15.117305832096276,10.672605514526367,142.94780910302782,189.32999999999998,46.38219089697217,0.0,False,0.0,0.0,False,False,39.80387206307055,24.22949199625651
3692.324000000008,19.3,False,True,-148.27855043362143,25.256004105826356,0.3656476725658224,-138.71796942896728,25.595282065457674,0.0,9.566599117787126,-15.039234720240174,-0.4902084383877328,0.32172916879336305,-10.626065110820457,-1.7457983790059377,4.5883081958917495,15.04722184602673,10.768522262573242,144.4204655116971,189.32999999999998,44.90953448830287,0.0,False,0.0,0.0,False,False,43.603321399765676,25.11708023328588
3692.423999999999,19.4,False,True,-149.78002445456437,25.205102812215213,0.3970965263550404,-138.71796942896728,25.595282065457674,0.0,11.068934060649141,-14.990245698618477,-0.527817433835189,0.3072479069909959,-10.761986841255217,-1.7681294991515364,4.406421108364492,14.999535237746871,10.906266212463379,144.55840610027872,189.32999999999998,44.77159389972129,0.0,False,0.0,0.0,False,False,47.91548948351016,26.01425730502614
3692.524000000005,19.5,False,True,-151.29094234067355,25.15544816733142,0.43114073445079265,-138.71796942896728,25.595282065457674,0.0,12.580663801900146,-14.959118857123215,-0.58736194712146,0.366414127185433,-10.879818611333086,-1.7874885479670637,4.252175249605857,14.97064564534428,11.025677680969238,144.3559673225833,189.32999999999998,44.97403267741669,0.0,False,0.0,0.0,False,False,52.75889380511576,26.927461487763004
3692.623000000007,19.6,False,True,-152.7698757810787,25.09801579127853,0.463302799610941,-138.71796942896728,25.595282065457674,0.0,14.060702182890624,-14.890913764158734,-0.5982284073433387,0.28365964818758643,-10.841208878537868,-1.7811452018436613,4.218933728246087,14.90292555033959,10.986550331115723,144.52665629960404,189.32999999999998,44.80334370039593,0.0,False,0.0,0.0,False,False,58.15480175555885,27.826580483551048
3692.7230000000127,19.7,False,True,-154.2595022139441,25.02753183296704,0.4900545314982865,-138.71796942896728,25.595282065457674,0.0,15.55189961493459,-14.831588376429286,-0.6588290575227836,0.25084074998716704,-10.844311547179426,-1.7816549515796674,4.142356153379071,14.84621397848181,10.989694595336914,145.03396508352256,189.32999999999998,44.296034916477424,0.0,False,0.0,0.0,False,False,64.12293956960944,28.744444242989555
3692.823000000004,19.8,False,True,-155.77372239344368,24.95790414404163,0.5186828263594998,-138.71796942896728,25.595282065457674,0.0,17.067658298664,-14.877471359609096,-0.6774835748268123,0.30165589432685513,-10.949152950885424,-1.7988797615854197,4.085243557977178,14.89288884166363,11.095941543579102,146.37907841127762,189.32999999999998,42.95092158872238,0.0,False,0.0,0.0,False,False,70.68485860487883,29.676274563551416
3692.923999999999,19.9,False,True,-157.26074703575125,24.887865899637028,0.548760951629988,-138.71796942896728,25.595282065457674,0.0,18.55626683916551,-14.86302148654207,-0.7232813132652856,0.29990661108290717,-11.128156322330348,-1.828288935390211,3.8949017496974734,14.880609650398402,11.277344703674316,146.32737828495968,189.32999999999998,43.00262171504033,0.0,False,0.0,0.0,False,False,77.8621382257335,30.614076798160447
3693.023000000001,20.0,False,True,-158.75452491983899,24.81619633055266,0.5810516348902621,-138.71796942896728,25.595282065457674,0.0,20.05169644995439,-14.903650655236923,-0.7206554783906797,0.3422771434763824,-11.104084055466215,-1.8243340071988141,3.956616312083499,14.92106387533672,11.252949714660646,146.5705748137886,189.32999999999998,42.75942518621138,0.0,False,0.0,0.0,False,False,85.67269456085752,31.550313336846298
3693.123000000007,20.1,False,True,-160.26468221904113,24.75073352606994,0.6190045405090865,-138.71796942896728,25.595282065457674,0.0,21.563257970290902,-14.953681372579554,-0.7110927153733658,0.4050821072270117,-11.155004710666303,-1.8326999635880434,3.9608013331915686,14.970579128493654,11.304553031921387,147.14615535337202,189.32999999999998,42.18384464662794,0.0,False,0.0,0.0,False,False,94.14115761134845,32.50105868675119
3693.2230000000127,20.2,False,True,-161.76249584853352,24.679857143813628,0.659683761576997,-138.71796942896728,25.595282065457674,0.0,23.062701504577763,-15.002591217267996,-0.706434929752845,0.4085023141311999,-11.239513612501055,-1.8465842662246277,3.932008846500164,15.019214145301401,11.390194892883303,147.32178763417144,189.32999999999998,42.008212365828555,0.0,False,0.0,0.0,False,False,103.28991208832323,33.45213453238941
3693.324000000008,20.3,False,True,-163.29701040241133,24.576082426871572,0.7018105797264381,-138.71796942896728,25.595282065457674,0.0,24.600163070141132,-15.052232806347593,-0.7278668399960356,0.43610214762934174,-11.195662185943787,-1.8393797414450064,4.013551778692946,15.06982092107443,11.345755577087404,145.7698146416186,189.32999999999998,43.56018535838137,0.0,False,0.0,0.0,False,False,113.13507545353329,34.408796952885425
3693.42300000001,20.4,False,True,-164.80373200618538,24.501492957770278,0.7436414934375277,-138.71796942896728,25.595282065457674,0.0,26.1086840696173,-15.082199269133572,-0.7639225420298492,0.400516126592452,-11.258758251178596,-1.8497460442353417,3.974633806493672,15.10153344677535,11.409697532653809,145.7788622054683,189.32999999999998,43.55113779453165,0.0,False,0.0,0.0,False,False,123.70540951332126,35.375579577349754
3693.524000000005,20.5,False,True,-166.27923849717118,24.434779714676647,0.7847660428655048,-138.71796942896728,25.595282065457674,0.0,27.58569046364621,-15.051606633776665,-0.7442526673788822,0.42638783639123573,-11.206900302084971,-1.841226096115126,3.9981392522401653,15.069995829158357,11.357144355773928,146.35876898263052,189.32999999999998,42.97123101736942,0.0,False,0.0,0.0,False,False,135.01633532589597,36.34959564685756
3693.6240000000107,20.6,False,True,-167.83268004427066,24.387759384633082,0.8301203925251938,-138.71796942896728,25.595282065457674,0.0,29.139740651515158,-15.1810216217585,-0.6664818975742195,0.46544938264987656,-11.107894399818555,-1.8249600237839183,4.234670817786732,15.195644626013507,11.256811141967773,145.51717418381523,189.32999999999998,43.812825816184755,0.0,False,0.0,0.0,False,False,147.09601334340144,37.33224821838647
3693.7260000000097,20.7,False,True,-169.31279283522434,24.31586539231173,0.8778995729585175,-138.71796942896728,25.595282065457674,0.0,30.621563093408195,-15.195997825948256,-0.6631733178262366,0.4987184114637215,-11.14435569691202,-1.8309503948853911,4.216575297974186,15.210461819935015,11.293761253356934,146.92585014555505,189.32999999999998,42.404149854444924,0.0,False,0.0,0.0,False,False,159.96011346543273,38.31972663973653
3693.823000000004,20.8,False,True,-170.83431012797953,24.249664186342994,0.926656044021778,-138.71796942896728,25.595282065457674,0.0,32.144517843197214,-15.234348029155262,-0.6608508015484323,0.47641100980148915,-11.162396722246356,-1.8339144264865355,4.237554213693326,15.248674816367947,11.312044143676758,146.98544680715764,189.32999999999998,42.34455319284235,0.0,False,0.0,0.0,False,False,173.64151840064375,39.31491530798979
3693.9270000000106,20.9,False,True,-172.36599352851465,24.199258245511377,0.9736824098403786,-138.71796942896728,25.595282065457674,0.0,33.67697148363519,-15.240957646517957,-0.6731980068858713,0.457538568270931,-11.139325741228332,-1.8301240035177986,4.261673620559485,15.255818088173093,11.288663864135742,146.98576744868933,189.32999999999998,42.34423255131063,0.0,False,0.0,0.0,False,False,188.1549696163784,40.32012941492706
3694.024000000005,21.0,False,True,-173.9012217525792,24.116904436401168,1.0167432111127317,-138.71796942896728,25.595282065457674,0.0,35.21429886397057,-15.242903379241566,-0.6705779841278694,0.40662341614389025,-11.05085874891545,-1.8155894104991575,4.34560575169525,15.25764655055592,11.199010848999023,146.67356481017703,189.32999999999998,42.65643518982295,0.0,False,0.0,0.0,False,False,203.52599778769635,41.32113552515487
3694.1240000000107,21.1,False,True,-175.4170512073756,24.04580246513635,1.056989511595183,-138.71796942896728,25.595282065457674,0.0,36.73177766471579,-15.282231494134134,-0.6816571278063759,0.4003834266432339,-11.021595605428073,-1.810781652600812,4.407713734876886,15.297426446307707,11.169355392456055,146.83674055095307,189.32999999999998,42.49325944904693,0.0,False,0.0,0.0,False,False,219.77958414343598,42.33910287717727
3694.224000000002,21.2,False,True,-176.93824276753472,23.989711337738868,1.0999654141815196,-138.71796942896728,25.595282065457674,0.0,38.253982164429836,-15.29801891905619,-0.6777289717402446,0.4561800520718813,-10.984010684932114,-1.8046066769543616,4.458757720105339,15.313023849225116,11.131266593933105,146.3647283267073,189.32999999999998,42.96527167329267,0.0,False,0.0,0.0,False,False,236.93993107228098,43.37802596352263
3694.324000000008,21.3,False,True,-178.37863110011332,23.906967738273792,1.1441104153728627,-138.71796942896728,25.595282065457674,0.0,39.69658032451268,-15.256422524256651,-0.6920074462500787,0.4444999624754747,-10.92997983262546,-1.795729733947753,4.46500943474138,15.272108647606958,11.07651138305664,149.61442420090677,189.32999999999998,39.7155757990932,0.0,False,0.0,0.0,False,False,255.02873967675674,44.40555113503417
3694.423999999999,21.4,False,True,-179.90223263624833,23.83771295858075,1.187586328342849,-138.71796942896728,25.595282065457674,0.0,41.221748932960764,-15.215608198443881,-0.6930881476107792,0.4250182969242477,-10.962411518823217,-1.8010580642941216,4.395142697548231,15.231385492755122,11.10937786102295,149.7859678995527,189.32999999999998,39.54403210044726,0.0,False,0.0,0.0,False,False,274.0724572545322,45.44631756146854
3694.524000000005,21.5,False,True,-181.37464907466187,23.72285149181178,1.2271082088787157,-138.71796942896728,25.595282065457674,0.0,42.697755381852794,-15.167524650799333,-0.7646155992365176,0.38878449325833303,-10.866804718508062,-1.7853504439029968,4.420191348700159,15.18678507937744,11.012489318847656,151.74271537548447,189.32999999999998,37.5872846245155,0.0,False,0.0,0.0,False,False,294.07927526984867,46.49069326004774
3694.623000000007,21.6,False,True,-182.88724921443156,23.64378212091545,1.262742515374408,-138.71796942896728,25.595282065457674,0.0,44.21236963565934,-15.084478144594314,-0.8167718186901353,0.32390163665551297,-10.849242691759882,-1.7824651088792343,4.3439363337486805,15.106574631548673,10.994691848754883,151.77450260663397,189.32999999999998,37.555497393366004,0.0,False,0.0,0.0,False,False,315.1030073406246,47.546462319527244
3694.7230000000127,21.7,False,True,-184.43504076198428,23.67840331105368,1.2945255485191631,-138.71796942896728,25.595282065457674,0.0,45.7572402514318,-15.004051419523735,-0.7320055907603958,0.2747470216726407,-10.748060122047933,-1.7658414232209467,4.379757807535613,15.021897056784029,10.892152786254883,149.11220800090507,189.32999999999998,40.217791999094906,0.0,False,0.0,0.0,False,False,337.1480249361926,48.60468900979052
3694.823000000004,21.8,False,True,-185.9358431712212,23.607276192869037,1.323656382391707,-138.71796942896728,25.595282065457674,0.0,47.25970554382326,-15.01199676521454,-0.6905367729324527,0.3078696557782347,-10.717226352548193,-1.760775620946079,4.426111621876679,15.027870371865196,10.860905647277832,149.14730738889767,189.32999999999998,40.18269261110231,0.0,False,0.0,0.0,False,False,360.2510542998591,49.68439015014923
3694.92300000001,21.9,False,True,-187.47341159722734,23.531713613748135,1.3604696575925124,-138.71796942896728,25.595282065457674,0.0,48.799092776171996,-15.067746387135244,-0.7413544262881808,0.4131444830617879,-10.697192166102903,-1.757484125001331,4.487121991164325,15.08597320600843,10.84060287475586,150.28698464261484,189.32999999999998,39.043015357385144,0.0,False,0.0,0.0,False,False,384.42699432476144,50.78640626542936
3695.024000000005,22.0,False,True,-188.97626832875818,23.455695064100613,1.403519337753104,-138.71796942896728,25.595282065457674,0.0,50.303821334339005,-14.989388243481743,-0.7790165666622073,0.4478491201500451,-10.802565267650113,-1.7747962897540788,4.303610564151054,15.009617807424775,10.947388648986816,150.5189528279074,189.32999999999998,38.81104717209256,0.0,False,0.0,0.0,False,False,409.71959150248404,51.89550417658121
3695.123000000007,22.1,False,True,-190.47039334260734,23.37475211573227,1.447212513180237,-138.71796942896728,25.595282065457674,0.0,51.800039905339176,-14.933485820327403,-0.8006524988153653,0.42807566882908293,-10.801543278525232,-1.7746283831076417,4.245182939749182,14.954933740066483,10.9463529586792,150.34412022858106,189.32999999999998,38.985879771418944,0.0,False,0.0,0.0,False,False,436.1416008745485,52.994626396960676
3695.224000000002,22.2,False,True,-191.94409639869184,23.27212324218622,1.489651105774947,-138.71796942896728,25.595282065457674,0.0,53.27680226060292,-14.861135629870361,-0.8165223336497847,0.43772675388150584,-10.776470666873116,-1.7705091043037564,4.194589207362275,14.883550011027317,10.920944213867188,149.66402136542004,189.32999999999998,39.66597863457994,0.0,False,0.0,0.0,False,False,463.7226142284933,54.105537573317136
3695.324000000008,22.3,False,True,-193.36711499162553,23.107971057187918,1.532490362588583,-138.71796942896728,25.595282065457674,0.0,54.70572023820242,-14.748080625040695,-0.9190180914456961,0.4625278245093109,-10.847715354421318,-1.7822141765706088,3.9947411337443053,14.776686921468736,10.993144035339357,150.41752747009826,189.32999999999998,38.912472529901706,0.0,False,0.0,0.0,False,False,492.4892212175598,55.230456862711016
3695.423999999999,22.4,False,True,-194.8304907342421,23.011693654688145,1.5807529517926084,-138.71796942896728,25.595282065457674,0.0,56.17196788711592,-14.64164066653078,-1.0144144494114924,0.5091654901355849,-10.866628740638493,-1.7853215318008941,3.852922627085461,14.67673935460403,11.012310981750488,150.07611290663786,189.32999999999998,39.25388709336213,0.0,False,0.0,0.0,False,False,522.4503745077864,56.37668394718601
3695.523000000001,22.5,False,True,-196.33231604654813,22.84974837181235,1.6298361655252522,-138.71796942896728,25.595282065457674,0.0,57.67972686684371,-14.530090727169826,-1.122062592289763,0.4952643618194462,-10.95750201857966,-1.8002514630285031,3.636389724044968,14.573351055978943,11.104402542114258,147.900687251543,189.32999999999998,41.42931274845698,0.0,False,0.0,0.0,False,False,553.6612987490064,57.51748295189227
3695.6240000000107,22.6,False,True,-197.7785487493909,22.734418014305795,1.6803031301933158,-138.71796942896728,25.595282065457674,0.0,59.12982811393267,-14.394563329685525,-1.184544557841352,0.5140749315418262,-10.950273751113539,-1.7990639022998824,3.498680426356962,14.443219837066762,11.097077369689943,147.90145455617804,189.32999999999998,41.42854544382197,0.0,False,0.0,0.0,False,False,586.1527092207288,58.68160908611287
3695.7230000000127,22.7,False,True,-199.2993693329657,22.556091196654993,1.7317667128355076,-138.71796942896728,25.595282065457674,0.0,60.65758563827936,-14.322084671550934,-1.3146085975347404,0.5247779759025475,-11.003677858708249,-1.8078378749321569,3.3548619786218814,14.38229137181508,11.15119743347168,143.89996855354553,189.32999999999998,45.43003144645443,0.0,False,0.0,0.0,False,False,619.9220065683447,59.860103655035616
3695.824000000008,22.8,False,True,-200.72440292403746,22.42210980519627,1.7846792643811529,-138.71796942896728,25.595282065457674,0.0,62.087573772630655,-14.178587149883626,-1.3650192316396972,0.5334730550103544,-11.049017098162787,-1.8152868383931933,3.1617953169551463,14.24414304440921,11.197144508361816,143.8761610869827,189.32999999999998,45.453838913017286,0.0,False,0.0,0.0,False,False,655.0389558500451,61.0493456006531
3695.92300000001,22.9,False,True,-202.2795040603014,22.480260153850047,1.8417971999846734,-138.71796942896728,25.595282065457674,0.0,63.6378193073905,-14.115338861866402,-1.3539646040916855,0.4854094300077915,-11.108470327391693,-1.8250546452089822,3.043547964211174,14.180127338442665,11.257394790649416,147.68585912563455,189.32999999999998,41.64414087436546,0.0,False,0.0,0.0,False,False,691.4777325002535,62.22812030860109
3696.023000000001,23.0,False,True,-203.6848135390731,22.34141916223656,1.8900712845390468,-138.71796942896728,25.595282065457674,0.0,65.04827789741825,-13.990850713567697,-1.4228552281780795,0.48007226107967654,-11.056179491560087,-1.816463576409797,2.9609496302837277,14.063016059497743,11.204402923583984,147.6397241492593,189.32999999999998,41.69027585074066,0.0,False,0.0,0.0,False,False,729.327991755845,63.43920465834314
3696.1240000000107,23.1,False,True,-205.1005357239058,22.21484991776966,1.9384604120186544,-138.71796942896728,25.595282065457674,0.0,66.46858227318401,-13.892340483665159,-1.4680470998355102,0.5012592675237373,-11.149173914517352,-1.8317419989643573,2.7671712642593143,13.969691707457876,11.298644065856934,145.63608369096113,189.32999999999998,43.69391630903887,0.0,False,0.0,0.0,False,False,768.5882396807145,64.6531383331059
3696.2230000000127,23.2,False,True,-206.48895695356967,22.064361387858646,1.9925351818156856,-138.71796942896728,25.595282065457674,0.0,67.86290703242317,-13.87608410961185,-1.5417234983846924,0.5802361284168853,-11.312194354749593,-1.8585252736134532,2.583388093159009,13.961469176361565,11.463850021362305,145.41560571236545,189.32999999999998,43.914394287634494,0.0,False,0.0,0.0,False,False,809.2972100405754,65.88732391272575
3696.324000000008,23.3,False,True,-207.78652144598368,21.841795579341074,2.0469100708947754,-138.71796942896728,25.595282065457674,0.0,69.17046724237707,-13.716189034113675,-1.6518685901531316,0.5739466512492576,-11.31076394639801,-1.8582902661525103,2.4142658844738514,13.815299904767711,11.462400436401367,143.54631911948732,189.32999999999998,45.78368088051264,0.0,False,0.0,0.0,False,False,851.4737212475883,67.13588571229788
3696.423999999999,23.4,False,True,-209.15103546068542,21.658893456966727,2.1127818780712477,-138.71796942896728,25.595282065457674,0.0,70.54297942322414,-13.57409125992144,-2.0061738573338173,0.7434894922801861,-11.321552236754947,-1.8600627171605701,2.2572728049951305,13.721540987750803,11.473333358764648,143.6604160917866,189.32999999999998,45.66958390821341,0.0,False,0.0,0.0,False,False,895.1792699198988,68.52030943342504
3696.524000000005,23.5,False,True,-210.63948152490232,21.5231581612416,2.1868707486714656,-138.71796942896728,25.595282065457674,0.0,72.0366996416203,-13.486211972110132,-2.0825830271592745,0.6644702578807821,-11.365650220541237,-1.8673077498051698,2.1314609044636086,13.64606410001428,11.518022537231447,145.19231339909516,189.32999999999998,44.13768660090486,0.0,False,0.0,0.0,False,False,940.4139697863488,69.77273573142662
3696.6240000000107,23.6,False,True,-211.98210595155604,21.3079525415994,2.2544646106446304,-138.71796942896728,25.595282065457674,0.0,73.38947400579099,-13.366276560964371,-2.2215293656847654,0.687406981582519,-11.478426626366012,-1.8858362327784695,1.917463755861756,13.549632534751092,11.63231086730957,145.12819136075288,189.32999999999998,44.20180863924709,0.0,False,0.0,0.0,False,False,987.2369237198848,71.09008441497589
3696.725000000006,23.7,False,True,-213.30047501906094,21.062483807410107,2.3151015908895274,-138.71796942896728,25.595282065457674,0.0,74.72012045054873,-13.21598751662131,-2.322031556506473,0.5525408550073438,-11.517536061026158,-1.89226167690303,1.7519815913495342,13.418426010113935,11.671944618225098,144.301559968423,189.32999999999998,45.02844003157699,0.0,False,0.0,0.0,False,False,1035.6493327551477,72.35990884039889
3696.823000000004,23.8,False,True,-214.6174259270675,20.827065792241836,2.3718703236087317,-138.71796942896728,25.595282065457674,0.0,76.0490853537054,-13.123030643510015,-2.3863287468589687,0.582833799376746,-11.580587896529044,-1.9026207130152968,1.616509539012719,13.338234446829475,11.735841751098633,144.16373848368895,189.32999999999998,45.16626151631103,0.0,False,0.0,0.0,False,False,1085.7008473681517,73.66954387013767
3696.923999999999,23.9,False,True,-215.9227388097096,20.584017159508573,2.4286431715741914,-138.71796942896728,25.595282065457674,0.0,77.3672359018416,-12.977761039280304,-2.4909087181595932,0.5517896580141457,-11.646748047022244,-1.9134904265245998,1.4508643868654398,13.21464747296973,11.802888870239258,144.163991014479,189.32999999999998,45.16600898552095,0.0,False,0.0,0.0,False,False,1137.4131794801926,75.00594712415065
3697.023000000001,24.0,False,True,-217.21241140754796,20.345075378748646,2.4843173374589917,-138.71796942896728,25.595282065457674,0.0,78.66982961581863,-12.860867283410935,-2.5942374369044887,0.5499685199449453,-11.80464254364194,-1.9394315395685926,1.2427314529237397,13.119907589634407,11.962900161743166,144.02129198676897,189.32999999999998,45.30870801323102,0.0,False,0.0,0.0,False,False,1190.8300839456083,76.36008504118887
3697.123000000007,24.1,False,True,-218.44364485379904,20.084697345126653,2.5411190674190576,-138.71796942896728,25.595282065457674,0.0,79.91589244890886,-12.693405187048594,-2.700588092247801,0.6109246910061964,-11.766511809432876,-1.9331668900225718,1.2033564040186475,12.977507899692558,11.9242582321167,144.23750769433616,189.32999999999998,45.0924923056638,0.0,False,0.0,0.0,False,False,1245.9808909572835,77.75144795376072
3697.2230000000127,24.2,False,True,-219.70119452969263,19.806331459574004,2.60413821557192,-138.71796942896728,25.595282065457674,0.0,81.18986819075465,-12.539109368379478,-2.7989375191102597,0.6521875750167163,-11.811204541954824,-1.9405096362956689,1.125497164068327,12.847696874851348,11.969550132751467,144.4108590208776,189.32999999999998,44.919140979122375,0.0,False,0.0,0.0,False,False,1302.9082147293268,79.15113783796247
3697.323000000004,24.3,False,True,-220.99551413376895,19.50365320406991,2.6725116893828957,-138.71796942896728,25.595282065457674,0.0,82.50274119588713,-12.408862618438976,-2.9125454314544785,0.6809777351368179,-11.984722485583056,-1.969017587409778,1.0344755409320598,12.746089297254219,12.14539432525635,144.60850576049089,189.32999999999998,44.72149423950912,0.0,False,0.0,0.0,False,False,1361.650114508241,80.57957853209813
3697.423999999999,24.4,False,True,-222.32190514772128,19.239673836941865,2.744719583214346,-138.71796942896728,25.595282065457674,0.0,83.84516577370414,-12.352210836889904,-2.9409868038498588,0.6676422299395962,-12.009408322345367,-1.9730733214331055,1.0268252399615936,12.697500381547519,12.170411109924316,145.22633750538688,189.32999999999998,44.103662494613076,0.0,False,0.0,0.0,False,False,1422.2145818757804,81.96088884662261
3697.523000000001,24.5,False,True,-223.55304299157783,18.94170799150329,2.812026788625012,-138.71796942896728,25.595282065457674,0.0,85.09559186192396,-12.270546040240612,-3.0183301049216364,0.6785018782737179,-12.053506306131657,-1.9803183540777052,1.060459636701072,12.636321329720166,12.215100288391113,145.23364866695752,189.32999999999998,44.09635133304245,0.0,False,0.0,0.0,False,False,1484.672316283419,83.37267408800437
3697.623000000007,24.6,False,True,-224.61132153958732,18.781268728127646,2.87893696452664,-138.71796942896728,25.595282065457674,0.0,86.16320975079948,-12.076295287469229,-3.0171001653578675,0.6638170189412401,-12.093610439231028,-1.9869072211537244,1.030338447680438,12.447481724347057,12.255742073059082,146.60344938294216,189.32999999999998,42.726550617057825,0.0,False,0.0,0.0,False,False,1548.9113948433678,84.76306669410518
3697.724000000002,24.7,False,True,-225.81341194089785,18.472049355935006,2.944566104204933,-138.71796942896728,25.595282065457674,0.0,87.38624920765862,-11.96551273874129,-3.167287278494969,0.6487657746246264,-12.183946372982227,-2.001748869973308,1.1858301034747383,12.377608969647415,12.347289085388184,146.56951860047837,189.32999999999998,42.760481399521616,0.0,False,0.0,0.0,False,False,1615.2143701936707,86.23822041032858
3697.823000000004,24.8,False,True,-226.93058944996022,18.23122503395232,3.0074026761844794,-138.71796942896728,25.595282065457674,0.0,88.5194649042308,-11.80121994230193,-3.206481022445519,0.6112096593929418,-12.153710175392524,-1.9967812451574527,1.2600090934572885,12.22907652580063,12.316647529602053,146.93059553406883,189.32999999999998,42.399404465931156,0.0,False,0.0,0.0,False,False,1683.42620700806,87.66608826753995
3697.92300000001,24.9,False,True,-228.31117607930392,17.802116071839414,3.071039216491606,-138.71796942896728,25.595282065457674,0.0,89.93150790514976,-11.808333445215913,-3.3130546304151767,0.5829201787317121,-12.266404709160334,-2.0152962770458167,1.3762289150397877,12.264300621622096,12.430852890014648,146.01094781810977,189.32999999999998,43.31905218189024,0.0,False,0.0,0.0,False,False,1753.670606469642,89.09525592370294
3698.023000000001,25.0,False,True,-229.32755954805853,17.502516877408183,3.1250023840883983,-138.71796942896728,25.595282065457674,0.0,90.97027355097173,-11.635326220670626,-3.3831278877241693,0.5750143418678537,-12.280120631347385,-2.0175497202979518,1.5101534900105804,12.117193180193274,12.444752693176271,146.95577129757692,189.32999999999998,42.374228702423096,0.0,False,0.0,0.0,False,False,1825.9188614512366,90.54125003855017
3698.123000000007,25.1,False,True,-230.70260035933694,16.977569204849374,3.182691128297682,-138.71796942896728,25.595282065457674,0.0,92.38743043479569,-11.620914956292813,-3.5248184255824926,0.5184197868821045,-12.467365789860178,-2.0483129699862554,1.7019246088039093,12.143723043396363,12.63450813293457,146.3415444798792,189.32999999999998,42.98845552012079,0.0,False,0.0,0.0,False,False,1900.3063800295029,92.02027088876233
3698.2230000000127,25.2,False,True,-231.739259914506,16.546093289477767,3.228761249588576,-138.71796942896728,25.595282065457674,0.0,93.46041034094755,-11.498458458428976,-3.578998191894441,0.5314641096711896,-12.478911632008577,-2.0502098821825125,1.8161723820976265,12.04258174054885,12.64620876312256,146.2642801693295,189.32999999999998,43.06571983067047,0.0,False,0.0,0.0,False,False,1976.688447662116,93.4301834853131
3698.323000000004,25.3,False,True,-232.80258277608246,16.161391142546922,3.2778385191400505,-138.71796942896728,25.595282065457674,0.0,94.5563999241804,-11.356368502995949,-3.6747799407753727,0.5312179228916797,-12.49228218586337,-2.0524065835016434,1.9805037756381736,11.936126389619185,12.659758567810059,146.42913195127358,189.32999999999998,42.9008680487264,0.0,False,0.0,0.0,False,False,2055.3663374340986,94.91882553464559
3698.425000000003,25.4,False,True,-233.93199469300293,15.787932018838392,3.3314596270892745,-138.71796942896728,25.595282065457674,0.0,95.71778686282578,-11.231869835413807,-3.7944025333952034,0.5412042360927943,-12.603874740565587,-2.0707405668789782,2.203045173067299,11.85547934860141,12.772847175598146,146.4367461612737,189.32999999999998,42.89325383872625,0.0,False,0.0,0.0,False,False,2136.251135290921,96.46607357149736
3698.523000000001,25.5,False,True,-235.07192282667756,15.37847644748457,3.3867332864928823,-138.71796942896728,25.595282065457674,0.0,96.89410432221132,-11.127972832647464,-3.877181712984472,0.5740091546753419,-12.50889844919488,-2.0551365353028745,2.286220502915156,11.784070493663947,12.676597595214846,146.05626304734807,189.32999999999998,43.27373695265192,0.0,False,0.0,0.0,False,False,2219.2999986734408,97.97976677212024
3698.623000000007,25.6,False,True,-236.17703538288634,14.986810732307402,3.440242292835496,-138.71796942896728,25.595282065457674,0.0,98.03473466397826,-10.974278291528396,-3.9561325905588545,0.4961709721769342,-12.660115197352187,-2.0799805345686755,2.5222990723214624,11.665580529660465,12.829841613769533,146.04938490514655,189.32999999999998,43.280615094853424,0.0,False,0.0,0.0,False,False,2304.700919532829,99.53140579191464
3698.724000000002,25.7,False,True,-237.26752079621602,14.584642419954912,3.489983724826071,-138.71796942896728,25.595282065457674,0.0,99.16273624748924,-10.835429975064903,-4.087233656490937,0.49865766763456915,-12.77507674014563,-2.0988680223605996,2.7777378328918423,11.580674492761087,12.946344375610353,145.90409955783994,189.32999999999998,43.42590044216007,0.0,False,0.0,0.0,False,False,2392.4254405510246,101.15000194533425
3698.824000000008,25.8,False,True,-238.3760072966362,14.084178102492245,3.5388347595210234,-138.71796942896728,25.595282065457674,0.0,100.32063609287937,-10.752561822044775,-4.182598572617659,0.5319414522937076,-12.7585319972317,-2.096149820932416,2.894336666172124,11.53740510498605,12.929577827453613,144.93060598838403,189.32999999999998,44.399394011615975,0.0,False,0.0,0.0,False,False,2482.4833757921724,102.69977000073975
3698.92300000001,25.9,False,True,-239.44344377984754,13.662473996798061,3.590762076346043,-138.71796942896728,25.595282065457674,0.0,101.42984320018101,-10.596167842182078,-4.2514835412659995,0.5066048842066894,-12.90159447672686,-2.1196541230606694,3.140014113916394,11.417262598423024,13.07455825805664,144.91309631677822,189.32999999999998,44.41690368322175,0.0,False,0.0,0.0,False,False,2574.9723519591853,104.30823441601258
3699.023000000001,26.0,False,True,-240.49492310687916,13.230956420487619,3.63962588702799,-138.71796942896728,25.595282065457674,0.0,102.52524005634264,-10.433418698450327,-4.378867984942828,0.4706713294322454,-12.91210609599474,-2.1213811186782574,3.3526315285313615,11.315065645710154,13.0852108001709,144.90964919409282,189.32999999999998,44.420350805907155,0.0,False,0.0,0.0,False,False,2669.9104659383192,105.98087648641263
3699.1240000000107,26.1,False,True,-241.59428690334173,12.768730616073288,3.6875302296915335,-138.71796942896728,25.595282065457674,0.0,103.67283693992358,-10.346443688950107,-4.485843170477019,0.44924046484055735,-13.032722457067566,-2.141197658991765,3.5655933860392164,11.277042429588123,13.207444190979006,144.61198703738324,189.32999999999998,44.71801296261675,0.0,False,0.0,0.0,False,False,2767.276546305978,107.61159741564909
3699.224000000002,26.2,False,True,-242.62244119585168,12.312794322359741,3.731625372579001,-138.71796942896728,25.595282065457674,0.0,104.7500058892639,-10.216642161248629,-4.6328827037939355,0.43266239290879743,-13.00064178555082,-2.1359269982394307,3.739711446571238,11.217993546000821,13.174933433532715,144.54071248796996,189.32999999999998,44.789287512029986,0.0,False,0.0,0.0,False,False,2867.2391032768155,109.32053877559633
3699.324000000008,26.3,False,True,-243.26637995225187,11.897422579238237,3.7660148814354746,-138.71796942896728,25.595282065457674,0.0,105.44193424558114,-10.148542593782697,-4.539227872724219,0.5129753492537086,-13.030332169427421,-2.140804949155716,3.7492857557931596,11.117441542834307,13.205021858215334,144.04038602896807,189.32999999999998,45.2896139710319,0.0,False,0.0,0.0,False,False,2969.7173929230594,110.76516875479065
3699.423999999999,26.4,False,True,-244.2721169731902,11.440825975149968,3.8153166020830036,-138.71796942896728,25.595282065457674,0.0,106.49895159577878,-9.966197824984372,-4.592704209041155,0.4730590636968671,-13.185606760224218,-2.166315627481771,4.031371409461539,10.97351498101076,13.362378120422365,144.07087105993097,189.32999999999998,45.25912894006901,0.0,False,0.0,0.0,False,False,3074.8296368477795,112.46411046526188
3699.524000000005,26.5,False,True,-245.25799820415477,10.970277337502669,3.845765245824527,-138.71796942896728,25.595282065457674,0.0,107.53914866089691,-9.751426794307038,-4.818268543904856,0.135913811133607,-13.202590036224882,-2.1691058772499545,4.350700007672672,10.876857831465495,13.379589080810547,144.3229938413034,189.32999999999998,45.00700615869657,0.0,False,0.0,0.0,False,False,3182.5984180576916,114.24572717228206
3699.623000000007,26.6,False,True,-246.40668367830656,10.322889334869283,3.860416297706898,-138.71796942896728,25.595282065457674,0.0,108.76628685577704,-9.673586624672065,-5.0039230120233595,0.1223414790056755,-13.158503345136104,-2.161862699927415,4.4968824051959295,10.891167232913615,13.334911346435549,144.06487251355472,189.32999999999998,45.26512748644526,0.0,False,0.0,0.0,False,False,3292.188538444607,115.86573787287259
3699.724000000002,26.7,False,True,-247.3666661439756,9.815950418613872,3.8768889561178277,-138.71796942896728,25.595282065457674,0.0,109.78855407141015,-9.526062688708759,-5.134855313084853,0.20711168921291606,-13.224682316791824,-2.1727355056401514,4.738558948340471,10.821857947484105,13.4019775390625,143.90353154423798,189.32999999999998,45.42646845576204,0.0,False,0.0,0.0,False,False,3405.363453134845,117.7109322454756
3699.823000000004,26.8,False,True,-248.4235972905844,9.244785529100525,3.897876556899764,-138.71796942896728,25.595282065457674,0.0,110.91737249636348,-9.438699564469733,-5.247185992169078,0.16608322593613958,-13.274692968784032,-2.180951953993373,4.91086922802981,10.79916711162192,13.45265865325928,143.8752117137846,189.32999999999998,45.45478828621539,0.0,False,0.0,0.0,False,False,3521.265033413118,119.42286030928483
3699.92300000001,26.9,False,True,-249.31244852605556,8.769056124344871,3.911045372420549,-138.71796942896728,25.595282065457674,0.0,111.86715642304347,-9.277133511196872,-5.337756742253768,0.08720280411127371,-13.243307739222432,-2.1757955501579045,5.0723304887767755,10.703123526524749,13.420852661132814,144.06502354584066,189.32999999999998,45.26497645415936,0.0,False,0.0,0.0,False,False,3639.966943738794,121.19184559580047
3700.023000000001,27.0,False,True,-250.23163916778424,8.227116202122483,3.916382351207474,-138.71796942896728,25.595282065457674,0.0,112.85810437923482,-9.106679323376975,-5.501041702194009,0.019536771627215052,-13.313758173712253,-2.187370131439865,5.355364761784452,10.639223097016965,13.492247581481934,143.81018279074834,189.32999999999998,45.51981720925163,0.0,False,0.0,0.0,False,False,3761.664379770881,123.08117726689603
3700.1240000000107,27.1,False,True,-251.13203182584178,7.673111455183453,3.919395167101866,-138.71796942896728,25.595282065457674,0.0,113.83376311074043,-8.90117383777369,-5.579053236586595,0.0407195462606277,-13.353511292130612,-2.19390132892185,5.593081641227466,10.505081185166262,13.532533645629885,143.42473600912234,189.32999999999998,45.90526399087761,0.0,False,0.0,0.0,False,False,3886.3196261173252,124.97871566112272
3700.2230000000127,27.2,False,True,-252.01416105081356,7.342321060565439,3.938077823971662,-138.71796942896728,25.595282065457674,0.0,114.75712449107561,-8.828397982267873,-5.581925099722515,0.0793132751935045,-13.40853966605087,-2.202942158710432,5.6916802052800906,10.445022678396809,13.58829975128174,144.2844568199272,189.32999999999998,45.045543180072784,0.0,False,0.0,0.0,False,False,4013.8998872573748,126.82607019866884
3700.323000000004,27.3,False,True,-252.89045345359776,6.777250766891523,3.947672173636692,-138.71796942896728,25.595282065457674,0.0,115.71289647359241,-8.697450073415725,-5.719480773755809,0.11257371810709754,-13.392850344973512,-2.200364497928299,5.867790305808398,10.409519590303942,13.572400093078615,144.5654115198141,189.32999999999998,44.764588480185886,0.0,False,0.0,0.0,False,False,4144.606918822265,128.77345420851884
3700.42300000001,27.4,False,True,-253.3753762948265,6.609199489913301,3.9574030460206515,-138.71796942896728,25.595282065457674,0.0,116.21872603315084,-8.448446817801525,-5.645048802708789,0.09398451861472111,-13.476419129740348,-2.2140943450033816,6.087031629659242,10.16084787890187,13.65708923339844,145.84216114313634,189.32999999999998,43.48783885686366,0.0,False,0.0,0.0,False,False,4277.488464081572,130.47291510426825
3700.523000000001,27.5,False,True,-254.21502336906738,6.0407896215107595,3.9654360254232817,-138.71796942896728,25.595282065457674,0.0,117.14071727449328,-8.344494667015889,-5.7231485653420515,0.0666750694378791,-13.37439243088934,-2.1973319740211035,6.142577158705718,10.11854835185529,13.553694725036623,145.7935245205678,189.32999999999998,43.536475479432205,0.0,False,0.0,0.0,False,False,4414.343268344777,132.3119476124269
3700.623000000007,27.6,False,True,-256.70721318454457,-1.5483838136559895,0.12084857985900581,-257.2317845713653,-2.2187801641167013,0.0,0.851238160905683,-3.9138407321764395,-1.0868118253309969,-0.017564763099176983,-13.207378486785437,-3.3959930407281926,9.576124575311567,4.061934172352219,13.63699436187744,194.54345255428296,194.42,0.12345255428297754,0.0,False,0.0,0.0,False,False,26.11645054946797,0.7258469840970672
3700.7230000000127,27.7,False,True,-257.09246458240995,-1.6557880382927057,0.12026497308748135,-257.2317845713653,-2.2187801641167013,0.0,0.5799743037948737,-3.791187225131586,-1.061272667403326,0.005892627668687811,-13.271638199568372,-3.4125160424448757,9.767665846422888,3.9369277680163637,13.703344345092772,194.76079058445538,194.42,0.34079058445539334,0.0,False,0.0,0.0,False,False,26.14972670828166,1.4120028126723332
3700.824000000008,27.8,False,True,-257.463985140064,-1.7601440116793494,0.11831939401232372,-257.2317845713653,-2.2187801641167013,0.0,0.5140663618897061,-3.6356939092262524,-1.0390024214678109,-0.050070050070660704,-13.3004240533995,-3.419917705036717,9.953681045081918,3.781242683748405,13.73306655883789,195.06654720078464,194.42,0.6465472007846468,0.0,False,0.0,0.0,False,False,26.20333453317314,2.103775078026473
3700.923999999999,27.9,False,True,-257.818950479506,-1.8632383490803417,0.11176640144098646,-257.2317845713653,-2.2187801641167013,0.0,0.6864209975823855,-3.4707430879538044,-1.0078367423731625,-0.07118424538880344,-13.300305828754361,-3.4198873061144375,10.12118034605545,3.6141101922681407,13.73294448852539,195.2219343540826,194.42,0.8019343540826182,0.0,False,0.0,0.0,False,False,26.291985748293875,2.802699794856779
3701.023000000001,28.0,False,True,-258.158877695651,-1.9620383402679704,0.10651950165388596,-257.2317845713653,-2.2187801641167013,0.0,0.9619864994951313,-3.3288826378815513,-0.968233190195966,-0.03495979869308419,-13.353048798566741,-3.4334490253162753,10.322848266382394,3.466833588072305,13.787403106689451,195.20286259779127,194.42,0.7828625977912786,0.0,False,0.0,0.0,False,False,26.4296293162187,3.5093574871247637
3701.1240000000107,28.1,False,True,-258.4873919568026,-2.0578722308630812,0.10277478091965529,-257.2317845713653,-2.2187801641167013,0.0,1.2658756926920351,-3.2281453325569887,-0.9558770692781535,-0.03608275058030987,-13.442642759720785,-3.456486183589193,10.51613063974156,3.3666932232802655,13.879911422729492,195.28935704508993,194.42,0.8693570450899337,0.0,False,0.0,0.0,False,False,26.630659328837623,4.22222665202968
3701.224000000002,28.2,False,True,-258.80112906161304,-2.155802542957257,0.0983587916859169,-257.2317845713653,-2.2187801641167013,0.0,1.5706076244045692,-3.110565901716056,-0.904404629050108,-0.06315387791200852,-13.358092742215968,-3.434745966836331,10.555303578413833,3.239377712148721,13.792611122131348,195.8450833218506,194.42,1.4250833218506183,0.0,False,0.0,0.0,False,False,26.909708152891916,4.941544468090108
3701.324000000008,28.3,False,True,-259.1076201085388,-2.239281886556221,0.09194373740181738,-257.2317845713653,-2.2187801641167013,0.0,1.8759475694021754,-2.941699650633754,-0.9049540589809544,-0.05870766744767261,-13.389934887849929,-3.442933489067407,10.75206766904616,3.0777489636753765,13.825489044189451,195.62794867772269,194.42,1.207948677722697,0.0,False,0.0,0.0,False,False,27.28159352640403,5.669175180075706
3701.423999999999,28.4,False,True,-259.3959317108065,-2.326855893437992,0.08378996498417565,-257.2317845713653,-2.2187801641167013,0.0,2.166844065552431,-2.802891524208077,-0.8791476199946827,-0.10527622119926161,-13.531883894199494,-3.4794326200784336,11.039599601298708,2.937533222658051,13.972055435180662,195.62074717249732,194.42,1.200747172497336,0.0,False,0.0,0.0,False,False,27.76135318053,6.402417540646269
3701.524000000005,28.5,False,True,-259.66901134269796,-2.411583620385115,0.07279377983168754,-257.2317845713653,-2.2187801641167013,0.0,2.4448409984392714,-2.643955997346136,-0.8469860121302755,-0.11552835034271955,-13.517001443362654,-3.4756059182449506,11.18627551430604,2.7763084520000563,13.956688880920408,195.65084171985342,194.42,1.2308417198534318,0.0,False,0.0,0.0,False,False,28.36424042099174,7.144054511274625
3701.625,28.6,False,True,-259.92602381227056,-2.4965131448858044,0.06091060303891206,-257.2317845713653,-2.2187801641167013,0.0,2.708516327408882,-2.507041737164187,-0.8059236421831334,-0.12187911070221336,-13.503999503287547,-3.4722627492689724,11.315584136220108,2.6333953726914903,13.943264007568358,195.90169695581773,194.42,1.4816969558177213,0.0,False,0.0,0.0,False,False,29.10575164046164,7.892863297308237
3701.724000000002,28.7,False,True,-260.1710507627095,-2.574971797105885,0.0500341937228862,-257.2317845713653,-2.2187801641167013,0.0,2.9607698699815344,-2.380352544024063,-0.7856208918170414,-0.09683245526983092,-13.587249973325882,-3.493668815368343,11.529443765730514,2.506646847783156,14.029222488403319,196.1104166757701,194.42,1.6904166757701,0.0,False,0.0,0.0,False,False,30.001606715178045,8.650009557377462
3701.823000000004,28.8,False,True,-260.39894796674315,-2.6509775655310093,0.03941979327190232,-257.2317845713653,-2.2187801641167013,0.0,3.1965166301476495,-2.1775915366482783,-0.7344944766854451,-0.11545555374984671,-13.61937382612209,-3.5019287725314125,11.771706526308792,2.298126853932053,14.06239128112793,196.5148584833565,194.42,2.0948584833564983,0.0,False,0.0,0.0,False,False,31.067815921887647,9.415921146125536
3701.92300000001,28.9,False,True,-260.612545147866,-2.712930774941569,0.028306273722055665,-257.2317845713653,-2.2187801641167013,0.0,3.4166836116034767,-2.0206379604706144,-0.7036098100194895,-0.11064425413038918,-13.602137965942962,-3.497496942151308,11.91372937764862,2.139636542044117,14.04459476470947,196.4526838405548,194.42,2.0326838405548275,0.0,False,0.0,0.0,False,False,32.32042583728325,10.18854684032366
3702.023000000001,29.0,False,True,-260.80609515986936,-2.7846525394361095,0.015213587584910203,-257.2317845713653,-2.2187801641167013,0.0,3.6188268441915925,-1.8676513465079772,-0.6571915555018121,-0.15042960906685682,-13.542486243430305,-3.482158785928775,12.011752982948892,1.9799046170803156,13.98300266265869,196.6739762079807,194.42,2.2539762079807035,0.0,False,0.0,0.0,False,False,33.775866350282854,10.966594984181338
3702.123000000007,29.1,False,True,-260.9845980230479,-2.850709726021958,-0.0011128846403932239,-257.2317845713653,-2.2187801641167013,0.0,3.8056463017915267,-1.7113039970339656,-0.6086296030435687,-0.17618974889894234,-13.60141383999149,-3.4973107487523474,12.235979357581835,1.8163125733103866,14.04384708404541,196.86945735740267,194.42,2.449457357402686,0.0,False,0.0,0.0,False,False,35.450695298366796,11.752909306203088
3702.2230000000127,29.2,False,True,-261.14896503363786,-2.9060438428841526,-0.02333817595463415,-257.2317845713653,-2.2187801641167013,0.0,3.9770132182534526,-1.5548341672337933,-0.5738171278744256,-0.26929198529225645,-13.754775219117072,-3.5367443257296447,12.554580807387282,1.6573398516416777,14.202197074890135,196.92869418564163,194.42,2.5086941856416467,0.0,False,0.0,0.0,False,False,37.36162132324098,12.54336513100306
3702.324000000008,29.3,False,True,-261.2981518264155,-2.96495446330113,-0.05323723913833668,-257.2317845713653,-2.2187801641167013,0.0,4.134261571031485,-1.4305425625454449,-0.5309045712137797,-0.33079574252195554,-13.696399029689854,-3.5217341453795155,12.625224608469061,1.5258806267168397,14.14192199707031,197.1499787647183,194.42,2.7299787647183162,0.0,False,0.0,0.0,False,False,39.52553215003789,13.341721035868547
3702.423999999999,29.4,False,True,-261.4346533360654,-3.0112289189707373,-0.08705740916973992,-257.2317845713653,-2.2187801641167013,0.0,4.276924231543207,-1.2910817413807065,-0.498932977775831,-0.3434573039493612,-13.59000423810559,-3.4943770152608176,12.65844301492683,1.384133728813403,14.032066345214842,197.01673365554393,194.42,2.596733655543946,0.0,False,0.0,0.0,False,False,41.959768845736875,14.150909143859817
3702.524000000005,29.5,False,True,-261.55891493760885,-3.0621592429405156,-0.11931942507129341,-257.2317845713653,-2.2187801641167013,0.0,4.408553671791295,-1.1908243943830918,-0.4669001986136212,-0.30414746988339747,-13.489453253785321,-3.468522494370721,12.659621172361653,1.2790850377216116,13.928244590759277,197.2816721943905,194.42,2.861672194390511,0.0,False,0.0,0.0,False,False,44.68203311061515,14.969495305014402
3702.6240000000107,29.6,False,True,-261.67129142707984,-3.103269629732562,-0.15195506479195608,-257.2317845713653,-2.2187801641167013,0.0,4.526758524233603,-1.0432436267714427,-0.43371166126735344,-0.34767552663800433,-13.571474372240223,-3.489612459176703,12.895545560323233,1.1298066515641165,14.0129337310791,197.4761905109039,194.42,3.0561905109039094,0.0,False,0.0,0.0,False,False,47.71000585402828,15.792693496600881
3702.7230000000127,29.7,False,True,-261.7680285427391,-3.1430092833316956,-0.18940948266742544,-257.2317845713653,-2.2187801641167013,0.0,4.6294393648291665,-0.897712659218782,-0.39167851121286984,-0.3993454672807962,-13.507127838233515,-3.473067133251471,12.980458658953316,0.9794386528351774,13.946494102478027,197.5087697329717,194.42,3.088769732971705,0.0,False,0.0,0.0,False,False,51.06144569611792,16.623112144211284
3702.824000000008,29.8,False,True,-261.84895633830274,-3.1718874607348417,-0.22994255829108637,-257.2317845713653,-2.2187801641167013,0.0,4.71451891970652,-0.7675414386414086,-0.369099073587839,-0.39748359866318855,-13.474172718401178,-3.4645934336661255,13.078247734809349,0.8516771607570114,13.91246700286865,197.29343951550462,194.42,2.8734395155046184,0.0,False,0.0,0.0,False,False,54.754625138017396,17.464254620822516
3702.923999999999,29.9,False,True,-261.9171219538324,-3.206806164427261,-0.27482933931085585,-257.2317845713653,-2.2187801641167013,0.0,4.788379868476724,-0.6142275925854322,-0.3201470050043733,-0.49768539482717983,-13.5007520200664,-3.4714277288726136,13.266238427703884,0.6926540552877504,13.939910888671873,197.5863711119159,194.42,3.16637111191589,0.0,False,0.0,0.0,False,False,58.80780284682608,18.307315963269346
3703.024000000005,30.0,True,False,-271.69587268816593,-6.154826601726125,2.3092271023172906,-257.2317845713653,-2.2187801641167013,0.0,14.990073602540798,-8.51123249873981,-2.712613579562654,1.702424400378929,-13.499170765437675,-3.4710211432871283,5.045266116381117,8.933048252395844,13.938278198242188,197.56818509847557,194.42,3.1481850984755773,9.941583633422852,True,9.527633529964623,12.620647841970248,True,False,36.189245548521576,0.5912231824721584
3703.125,30.1,True,False,-272.66378326433465,-6.473517656164728,2.508203015263341,-257.2317845713653,-2.2187801641167013,0.0,16.007791065167183,-8.554145839313573,-2.7552494333989612,1.520711427338179,-13.460417096213314,-3.461056471560617,4.956779319416903,8.986924417201417,13.898263931274412,197.8586196070739,194.42,3.438619607073922,9.253427505493164,True,0.3143470918352236,0.06814931137962738,True,False,35.9261938987995,0.6156918245045373
3703.2230000000127,30.2,True,False,-274.0195114571302,-6.907808113817372,2.7571739487176647,-257.2317845713653,-2.2187801641167013,0.0,17.430282760302735,-9.24583268714627,-2.991563028182853,1.627171795916409,-13.4772631845155,-3.465388080493832,4.2578767284016,9.7177606180793,13.915657997131346,197.9298379143069,194.42,3.5098379143069067,10.784652709960938,True,1.7865773643733718,2.6006837155174582,True,False,35.89373004185121,0.611095373978695
3703.323000000004,30.3,True,False,-275.12478790587284,-7.262171159650188,2.9541622405137753,-257.2317845713653,-2.2187801641167013,0.0,18.590195293824248,-9.58342101408253,-3.1481655827627817,1.6674617986941822,-13.520353296778335,-3.476467775189884,3.9505971862599263,10.087264488931117,13.960149765014647,198.18569648245565,194.42,3.7656964824556667,10.79250717163086,True,1.0451036091991597,0.928138362059086,True,False,35.907450967699674,0.6895037815890606
3703.423999999999,30.4,True,False,-276.1857604225163,-7.610589766411471,3.1364712970165565,-257.2317845713653,-2.2187801641167013,0.0,19.70595877782688,-9.861607675490157,-3.2800681658561026,1.7103928932591896,-13.567944258226794,-3.4887047663567707,3.7122042098462686,10.392793326048055,14.009288787841795,198.3980256907237,194.42,3.9780256907237157,11.022848129272461,True,0.8910255371703197,0.6825725662103076,True,False,35.937906085483284,0.7658962704027075
3703.524000000005,30.5,True,False,-277.22191204040894,-7.962088285588528,3.313304580744908,-257.2317845713653,-2.2187801641167013,0.0,20.798816899207903,-10.052929341714474,-3.3842453945773947,1.7254548613468914,-13.519874856417541,-3.476344754551285,3.4681686080736203,10.60728547934023,13.959655761718748,198.60329844810707,194.42,4.183298448107084,11.091228485107422,True,0.6244623534243807,0.33617419782488145,True,False,35.97890347343501,0.8494982992479957
3703.6240000000107,30.6,True,False,-278.24055133449644,-8.305375341811942,3.4859044327965107,-257.2317845713653,-2.2187801641167013,0.0,21.87269809065141,-10.064601533531441,-3.4103281002278547,1.775016644081131,-13.487365849894594,-3.4679857633992275,3.4232499136772514,10.626690066994856,13.926089286804197,198.71885088914217,194.42,4.298850889142172,10.908068656921387,True,0.24300616895898486,0.05093931687601324,True,False,36.030734072180195,0.9276499727681999
3703.724000000002,30.7,True,False,-279.2597132601934,-8.644406013702758,3.4044364252026353,-257.2317845713653,-2.2187801641167013,0.0,22.945986792442884,-10.265117523454503,-3.414109681799444,1.0594400043105152,-13.449529345300098,-3.4582569208119605,3.1847178257770987,10.817984224877081,13.887022018432615,198.3952611271314,194.42,3.9752611271313976,11.002265930175781,True,0.2399093187984338,0.04968005901124925,True,False,36.07868246009051,0.8544535410616985
3703.823000000004,30.8,True,False,-280.2924054891918,-8.98340354646577,3.5054382702935474,-257.2317845713653,-2.2187801641167013,0.0,24.032319210195276,-10.256328343735822,-3.432430294764024,1.0257787462593235,-13.544463735346254,-3.482667255402212,3.2885191356863426,10.815444920248664,13.985044479370115,198.50731276205798,194.42,4.087312762057983,10.933479309082031,True,0.12573570873344053,0.013653991155299134,True,False,36.14596826683013,0.9187281072570986
3703.92300000001,30.9,True,False,-281.3633423953262,-9.274298234546743,3.4962999720518355,-257.2317845713653,-2.2187801641167013,0.0,25.141845959541865,-10.41459908417741,-3.493431431956316,0.6806028355276044,-13.538365006191183,-3.481099098497446,3.123790265364033,10.98489586905262,13.978747367858887,198.54406390112257,194.42,4.124063901122572,11.280169486999512,True,0.49626316769349366,0.21262963404915092,True,False,36.21691956218411,0.9086851816070938
3704.023000000001,31.0,True,False,-282.4195857757702,-9.637679401010384,3.5571425704925517,-257.2317845713653,-2.2187801641167013,0.0,26.257673076641833,-10.474060259347565,-3.571523994412385,0.7073046018843249,-13.612027272782784,-3.5000397645016523,3.138781128484985,11.06624244986108,14.054805755615234,198.82560253995132,194.42,4.405602539951313,11.317054748535156,True,0.4127053116742285,0.14717816612542173,True,False,36.30381113966784,0.9814018993110085
3704.123000000007,31.1,True,False,-283.4953455483094,-10.002907128511772,3.6210564690831037,-257.2317845713653,-2.2187801641167013,0.0,27.392832416299733,-10.687433294235053,-3.648357801218143,0.6963656065228786,-13.651493060768095,-3.5101875422365807,2.967278436555448,11.292995398229523,14.095555305480955,198.8485830428343,194.42,4.428583042834285,11.608817100524902,True,0.5324552349948277,0.24491340284726337,True,False,36.40521308579253,1.0653815665608333
3704.2230000000127,31.2,True,False,-284.6026407547347,-10.385903188955746,3.679936383611527,-257.2317845713653,-2.2187801641167013,0.0,28.563362314572586,-11.009182873276153,-3.7792917954724885,0.6439724056527163,-13.606501194252603,-3.4986188523766772,2.6124394273295586,11.639809019591457,14.049099922180176,198.94556473856,194.42,4.525564738560002,12.072359085083008,True,0.750930310112004,0.48666748955146366,True,False,36.52271768208662,1.1642348066622246
3704.324000000008,31.3,True,False,-285.7116667073907,-10.773999688703688,3.740205962152903,-257.2317845713653,-2.2187801641167013,0.0,29.7371059048417,-11.09395344911361,-3.850063773847527,0.6216673929529828,-13.73301911352148,-3.5311502115555187,2.6582651186949615,11.743031729233845,14.179733276367186,199.13716905480607,194.42,4.717169054806059,11.854681968688965,True,0.17245582961793993,0.025655001729319112,True,False,36.65869464752103,1.2856036271938833
3704.42300000001,31.4,True,False,-286.80687086465787,-11.187617949493074,3.597371710256938,-257.2317845713653,-2.2187801641167013,0.0,30.905109294032524,-11.049707500500126,-3.877188970625684,-0.026888749963382183,-13.738698514638326,-3.532610547282825,2.71097896781761,11.710193429681263,14.185597419738768,199.33436062680906,194.42,4.914360626809074,11.504496574401855,True,-0.37279511906390717,0.1198315750046819,True,False,36.79881485415719,1.2486349659742313
3704.523000000001,31.5,True,False,-287.90108653956327,-11.570834530500814,3.606409569311466,-257.2317845713653,-2.2187801641167013,0.0,32.063483966785554,-10.98148985386485,-3.9113986464418575,-0.058490900071457186,-13.745289538604794,-3.5343052871998943,2.7894064062006096,11.657279218665213,14.192402839660645,199.61041013315136,194.42,5.190410133151378,11.511456489562988,True,-0.2644337023412806,0.060310026083122095,True,False,36.97225512891421,1.3092895261212945
3704.623000000007,31.6,True,False,-288.9919306366023,-11.95954308510638,3.6043939316288207,-257.2317845713653,-2.2187801641167013,0.0,33.22031517562885,-10.91870230284023,-3.967442299879151,-0.10016454576229837,-13.730858742857585,-3.5305947187491813,2.8458846870999857,11.617170842374616,14.177502632141112,199.97312353202136,194.42,5.553123532021375,11.524802207946777,True,-0.1680386919964203,0.024365384714390127,True,False,37.16512395311917,1.3720120048820388
3704.7230000000127,31.7,True,False,-290.0668910260772,-12.377103534740149,3.7836168016010845,-257.2317845713653,-2.2187801641167013,0.0,34.37056516256921,-10.866022497844682,-4.017553127649272,0.4104913395960749,-13.849795506756962,-3.561176747036865,3.0184732514127606,11.584954814635715,14.300308227539062,200.29071839023703,194.42,5.870718390237043,11.596351623535156,True,0.0074354335528585835,4.794393726873298e-05,True,False,37.363882402180714,1.3326061972725647
3704.823000000004,31.8,True,False,-291.16035142463363,-12.723960218100602,3.940025236164857,-257.2317845713653,-2.2187801641167013,0.0,35.517692164375184,-10.895755384846346,-3.912943858892427,0.7069710985027577,-13.821953602826863,-3.5540178008400973,2.9481288855918995,11.577072818690056,14.271560668945312,199.7500096060531,194.42,5.330009606053126,11.508697509765625,True,-0.1620293202778118,0.022770390318086448,True,False,37.584647277872776,1.3753672681620661
3704.923999999999,31.9,True,False,-292.15469254409453,-13.272412283086267,4.172266994321763,-257.2317845713653,-2.2187801641167013,0.0,36.630482992901264,-10.602331586048466,-3.9695253413576572,1.1457039511597893,-13.828943634970672,-3.555815137119859,3.253026505785103,11.321067374421972,14.278778076171875,200.52681210270217,194.42,6.106812102702163,11.066926002502441,True,-0.5615542158458346,0.2737249379690105,True,False,37.824315910662406,1.404882503885899
3705.023000000001,32.0,True,False,-293.1862531361967,-13.658220353891297,4.298456813523902,-257.2317845713653,-2.2187801641167013,0.0,37.73042010944056,-10.38425791679414,-3.912771579069364,1.033836807620583,-14.078349607450663,-3.6199445135669364,3.7056795745542193,11.096963274359103,14.536296844482422,200.64949205021458,194.42,6.229492050214567,10.840927124023438,True,-0.5485855885115587,0.2606502274219256,True,False,38.09100810850897,1.4401477034457995
3705.1240000000107,32.1,True,False,-294.2084089355094,-14.05265719704661,4.408203442373878,-257.2317845713653,-2.2187801641167013,0.0,38.824108425017556,-10.21192302558005,-3.920440200991415,1.0312082635265691,-14.121439719713498,-3.6310242082629887,3.9202145857790875,10.938611577797323,14.58078861236572,201.0087950339303,194.42,6.588795033930326,10.885089874267578,True,-0.1842930255528863,0.029377522035044436,True,False,38.37523281928844,1.4541157347475429
3705.224000000002,32.2,True,False,-295.25557416455666,-14.47503013637547,4.497079901797339,-257.2317845713653,-2.2187801641167013,0.0,39.95027206928357,-10.411845221145827,-4.090076322137111,1.0726730644721145,-13.972022240859332,-3.592604720333601,3.5947654174225447,11.186386602920704,14.426510810852049,201.4540526535035,194.42,7.03405265350352,11.583207130432129,True,0.6250604962980493,0.33746293761310353,True,False,38.67947146418395,1.505582800562203
3705.324000000008,32.3,True,False,-296.2848094600666,-14.844622525913167,4.622447313027511,-257.2317845713653,-2.2187801641167013,0.0,41.04327774803633,-10.150438196978744,-4.058751005148188,1.1233632805093337,-14.000722197096724,-3.5999842962084734,3.8775190231378485,10.931827629105598,14.456144332885742,201.80380734992247,194.42,7.383807349922478,10.814542770385742,True,-0.316723865527738,0.08652729422186424,True,False,38.99986843206871,1.6095431295630922
3705.423999999999,32.4,True,False,-297.27796339864545,-15.339333397644404,5.0739733816675,-257.2317845713653,-2.2187801641167013,0.0,42.14078019947345,-10.258672076640641,-4.189438158735823,2.2145940483472892,-14.12485160908179,-3.6319015021606416,3.906173485713595,11.081143662182086,14.584311485290526,202.21644270046517,194.42,7.796442700465161,11.900374412536621,True,1.0753072370474772,1.008303813481583,True,False,39.32298842819329,1.4903823490008348
3705.524000000005,32.5,True,False,-298.3235749708654,-15.780283726460826,5.277995656071842,-257.2317845713653,-2.2187801641167013,0.0,43.271810883159496,-10.36158304730248,-4.209495846042415,2.2315678526349396,-14.07891209814511,-3.6200891459393434,3.7637661365133948,11.184017995514603,14.536877632141113,202.10983265113606,194.42,7.689832651136057,11.722563743591309,True,0.5727815187358978,0.28468174814661135,True,False,39.6722019922537,1.6148266109283513
3705.6240000000107,32.6,True,False,-299.3956926752158,-16.21611478269857,5.4805990861674605,-257.2317845713653,-2.2187801641167013,0.0,44.42657451362302,-10.596859605620955,-4.291194931720301,2.2340700322066165,-14.066891976802676,-3.616998430513231,3.534920873129821,11.43275065079542,14.5244665145874,202.0464470934155,194.42,7.626447093415518,12.056689262390137,True,0.7361539996684474,0.4689772541854212,True,False,40.06653846297521,1.7272430516522967
3705.724000000002,32.7,True,False,-300.45738482621965,-16.63482057744543,5.70529295081231,-257.2317845713653,-2.2187801641167013,0.0,45.566157821251394,-10.465123187961284,-4.291871648165477,2.2062405679725616,-14.057314856916424,-3.61453588031703,3.6554924058076717,11.311010811750274,14.514577865600584,202.301092706243,194.42,7.881092706242992,11.614815711975098,True,0.16405696213132792,0.02323677569283126,True,False,40.48687667871079,1.828264835574412
3705.824000000008,32.8,True,False,-301.4190565079356,-17.508017788083414,5.71367879350631,-257.2317845713653,-2.2187801641167013,0.0,46.757628129734385,-10.59468274639894,-4.793669696481542,1.6929314990835855,-13.873699052195887,-3.567323029135204,3.50083905402601,11.628696042798987,14.324989318847654,204.34775817353508,194.42,9.927758173535091,12.210639953613281,True,0.8329178585526549,0.5979150294580937,True,False,40.851964945743745,1.7337755429716766
3705.92300000001,32.9,True,False,-302.499675820343,-18.012006432671743,5.8606502079972325,-257.2317845713653,-2.2187801641167013,0.0,47.94380016330626,-10.661118133066646,-4.913149102674191,1.7100815063368395,-14.09989327813702,-3.6254840046775922,3.6719553242043084,11.738759472461759,14.558541297912598,204.7451732735615,194.42,10.325173273561509,12.195754051208496,True,0.603479421451695,0.3141067461953459,True,False,41.298782754603195,1.8487926327760407
3706.023000000001,33.0,True,False,-303.5987800266825,-18.57045527721102,5.994664969883537,-257.2317845713653,-2.2187801641167013,0.0,49.16579651096473,-10.939969683807938,-5.099217276160459,1.7239242320778938,-14.315332755890719,-3.680879628258888,3.6612508179357324,12.070002216740892,14.780988693237305,204.99443606421198,194.42,10.574436064211977,12.748605728149414,True,1.0075193561253304,0.8755528169805781,True,False,41.79507184903884,1.9580959576857822
3706.123000000007,33.1,True,False,-304.7452256620895,-19.10616507707558,6.120632580018255,-257.2317845713653,-2.2187801641167013,0.0,50.425299736145845,-11.251379121622612,-5.293927824946218,1.768518710704437,-13.812151117210814,-3.5514973026983014,3.097356508096852,12.434597056367569,14.261439323425291,205.19950081218545,194.42,10.77950081218545,13.108129501342773,True,0.9932793303622773,0.8512124640019164,True,False,42.30145968774811,2.127749574401421
3706.2230000000127,33.2,True,False,-305.91164779828824,-19.6818677592736,6.2537775997020395,-257.2317845713653,-2.2187801641167013,0.0,51.71739080955307,-11.54419594692436,-5.497409964480891,1.7677711400177052,-13.966386250354372,-3.591155546710569,3.0823386853652606,12.786319891921936,14.420691490173338,205.46617395273074,194.42,11.04617395273076,13.430405616760254,True,0.9469557064327976,0.7731473899448618,True,False,42.85681764170496,2.3020048387840424
3706.324000000008,33.3,True,False,-307.10750353763007,-20.27074532226671,6.380836958257701,-257.2317845713653,-2.2187801641167013,0.0,53.042066216097595,-11.823855891551007,-5.695006193509798,1.8089939495201475,-13.999947271493044,-3.599785040772596,3.0208153489969303,13.123896665559373,14.455344200134277,205.71954578269484,194.42,11.299545782694857,13.71961784362793,True,0.8546611417080499,0.6299008543319957,True,False,43.464823272865736,2.4969015407334876
3706.423999999999,33.4,True,False,-308.32855973112635,-20.88429435777347,6.51845837716468,-257.2317845713653,-2.2187801641167013,0.0,54.399281721735754,-12.128742710781868,-5.904988457230713,1.8342630972715248,-13.969988407510934,-3.5920817638737654,2.95630226599018,13.489821660213757,14.424410820007322,205.960761611353,194.42,11.540761611353016,14.067612648010254,True,0.8231106775530979,0.5835456479530033,True,False,44.13894578079376,2.7022157956210546
3706.524000000005,33.5,True,False,-309.5816132417086,-21.5046248431244,6.657046823227827,-257.2317845713653,-2.2187801641167013,0.0,55.789321261305076,-12.390303089549317,-6.092812754066987,1.9105390473138224,-14.031434743191591,-3.607881366236834,2.977951830841143,13.807316100785725,14.487855911254883,206.1861770549694,194.42,11.766177054969402,14.355722427368164,True,0.7569062906973425,0.4930841048003067,True,False,44.87345126916678,2.9133631741164905
3706.623000000007,33.6,True,False,-310.8610365558735,-22.17248749831035,6.786389780004508,-257.2317845713653,-2.2187801641167013,0.0,57.22103725725818,-12.716364533651502,-6.289074802933067,1.8915670338488282,-13.864121008679595,-3.564860241447423,2.9561275180511637,14.186556623423366,14.315099716186523,206.31690098316514,194.42,11.896900983165155,14.830318450927734,True,0.94238913150941,0.7632692736556039,True,False,45.67677732516645,3.111720350402017
3706.7230000000127,33.7,True,False,-312.16620298418985,-22.84321187966102,6.920186862912492,-257.2317845713653,-2.2187801641167013,0.0,58.678424569380056,-13.003495598146436,-6.454238370211185,1.8032118221824935,-13.804604136152799,-3.5495567589956147,3.0131296275136545,14.517165381386274,14.253646850585938,206.39779671475225,194.42,11.977796714752243,14.999818801879883,True,0.6754059340024927,0.39171332687222576,True,False,46.52164750829369,3.368761116450351
3706.824000000008,33.8,True,False,-313.4870494260628,-23.519317787090966,7.063113331965473,-257.2317845713653,-2.2187801641167013,0.0,60.15286964808831,-13.0978909305974,-6.5894646453585795,1.8879510651194866,-13.57734958292558,-3.491123143119035,3.1352193964366117,14.662052760178442,14.019000053405762,206.70658178305126,194.42,12.286581783051256,15.066507339477539,True,0.5163099450581328,0.22868112439910798,True,False,47.477106443385324,3.564094437304763
3706.92300000001,33.9,True,False,-314.8045289979359,-24.18481615909609,7.233102211757802,-257.2317845713653,-2.2187801641167013,0.0,61.620837694240606,-13.075256426950373,-6.674220003487404,1.9791557203915804,-13.591247444139626,-3.4946966789279106,3.221120193541038,14.680175178977207,14.033349990844727,207.0424705530868,194.42,12.62247055308678,14.903782844543457,True,0.1652670634692157,0.023447719382403764,True,False,48.52408738851907,3.762690339686179
3707.024000000005,34.0,True,False,-316.1434565946599,-25.046125316792907,6.883001731047723,-257.2317845713653,-2.2187801641167013,0.0,63.179686508399485,-13.268154444139117,-6.851671845715242,1.1075445013176362,-13.679623137270719,-3.517420585806404,3.3595443068414954,14.932827241848596,14.124600410461424,207.3118589666776,194.42,12.891858966677592,15.05284309387207,True,0.14352147168471951,0.01771620363350163,True,False,49.37555706156959,3.3985041522355437
3707.123000000007,34.1,True,False,-317.47459445789264,-25.721429060911685,6.992748006658879,-257.2317845713653,-2.2187801641167013,0.0,64.66506512940578,-13.204738058656968,-6.88106313274618,1.1426686865861964,-13.603692435300525,-3.497896640480964,3.406608299911978,14.890068402615968,14.046199798583983,207.52666402107275,194.42,13.106664021072767,14.961299896240234,True,0.04978395385129275,0.0021353931086264552,True,False,50.52992501723741,3.525291876098776
3707.2230000000127,34.2,True,False,-318.86505096964544,-26.282879474686347,7.016900361520634,-257.2317845713653,-2.2187801641167013,0.0,66.16449502981432,-13.249542235101531,-6.913350511369261,0.9874976088935215,-13.594836670475624,-3.495619571208983,3.4351292590569535,14.944724311033273,14.03705596923828,207.55528723435617,194.42,13.135287234356182,14.978158950805664,True,0.0015298936633101334,2.0196945012269593e-06,True,False,51.66658006031387,3.542541859033589
3707.323000000004,34.3,True,False,-320.142280912612,-27.024416421579573,7.092496617348764,-257.2317845713653,-2.2187801641167013,0.0,67.6243309766505,-13.083734875378736,-6.903653385319142,0.8530722825292266,-13.643454708528722,-3.5081206530131706,3.4413556671437937,14.7933954301854,14.087255477905272,207.8178740026621,194.42,13.397874002662121,14.51787281036377,True,-0.5430407000914279,0.2546266384693537,True,False,52.91817253923128,3.643424485751869
3707.42300000001,34.4,True,False,-321.47025551769525,-27.732494862626517,7.16094650027474,-257.2317845713653,-2.2187801641167013,0.0,69.11968451345413,-13.269378055266708,-7.064710027353773,0.8988587388624861,-13.423603050073257,-3.4515905321527494,3.616409522665372,15.032848091568898,13.860252380371092,208.0314781390147,194.42,13.611478139014702,15.22793960571289,True,0.3042903144729454,0.07999307394114237,True,False,54.261102947883884,3.7363500709000914
3707.523000000001,34.5,True,False,-322.7883078127774,-28.42893336528238,7.261877385474878,-257.2317845713653,-2.2187801641167013,0.0,70.60191123709315,-13.116667427062273,-7.1324628553092815,0.887784396802089,-13.513092641032765,-3.4746008538770923,3.6792808226327396,14.930471887201794,13.952652931213379,208.53723962210935,194.42,14.117239622109357,14.87275218963623,True,-0.15209097831818674,0.019983292870710045,True,False,55.66824960705945,3.906485233147508
3707.6240000000107,34.6,True,False,-324.061615596084,-29.13159017173336,7.55952027692934,-257.2317845713653,-2.2187801641167013,0.0,72.04530281217868,-12.890061364847716,-7.1023007535484,1.4158273445104639,-13.554751126733377,-3.4853124366236687,3.6775558410887004,14.71721298287804,13.99566650390625,208.85387422334276,194.42,14.433874223342766,14.662054061889648,True,-0.2218739798885654,0.04267739590849363,True,False,57.14065521430541,3.870671673845518
3707.7230000000127,34.7,True,False,-325.4031811507854,-29.815414338835723,7.661094571663709,-257.2317845713653,-2.2187801641167013,0.0,73.54531616195442,-13.052997753045263,-7.250670991955064,1.411488597421127,-13.420073859689866,-3.4506830768243972,3.817676390582166,14.931610099871458,13.856608390808104,209.0472214030346,194.42,14.627221403034607,15.350457191467285,True,0.6360353551233011,0.3501179428478845,True,False,58.70330386966174,3.934605628309146
3707.824000000008,34.8,True,False,-326.6971550237187,-30.58496683978852,7.788500522273017,-257.2317845713653,-2.2187801641167013,0.0,75.03384728641971,-13.0473253196804,-7.30005205570572,1.3493384387279699,-13.45808493036195,-3.460456805320342,3.8615042592944544,14.950700920478162,13.895855903625487,209.22508971510882,194.42,14.805089715108831,15.116225242614746,True,0.18937648246988914,0.030998447323108008,True,False,60.24280365484695,4.139788096471459
3707.92300000001,34.9,True,False,-328.0132765608272,-31.23779054324995,7.736732727143048,-257.2317845713653,-2.2187801641167013,0.0,76.49916713035834,-12.785377016578854,-7.199046949310508,0.6623010876492795,-13.663255489329329,-3.5132119975117875,3.788937833327406,14.67283689115502,14.107700347900389,209.3807614538081,194.42,14.960761453808098,14.31534481048584,True,-0.6745205099916962,0.3924870063421396,True,False,61.8782402201164,4.155016392287274
3708.023000000001,35.0,True,False,-329.34041298504576,-31.91201502249453,7.769314523726655,-257.2317845713653,-2.2187801641167013,0.0,77.98296280635294,-12.913438553060733,-7.297305431394327,0.5547476342586414,-13.453287595933444,-3.4592232740522286,3.875862695658653,14.832651880993243,13.890902519226074,209.46758149397454,194.42,15.047581493974551,15.05530071258545,True,0.38442998134436124,0.12751574363448506,True,False,63.60204306545444,4.148819800220324
3708.1240000000107,35.1,True,False,-330.65867729263084,-32.643476221885365,7.791016394803682,-257.2317845713653,-2.2187801641167013,0.0,79.4806310047161,-13.007228848839116,-7.4142000432069874,0.49711631506237175,-13.468823976838705,-3.463218119924569,3.977854725891507,14.971919202519196,13.906944274902342,209.68285157274897,194.42,15.262851572748987,15.210776329040527,True,0.41755062240333807,0.1504598554733019,True,False,65.39414919055872,4.326909074038099
3708.224000000002,35.2,True,False,-331.9834245482154,-33.393645939004415,7.809998440595177,-257.2317845713653,-2.2187801641167013,0.0,80.99185104262574,-13.128073578967298,-7.558240031232416,0.44440701639208613,-13.468823976838705,-3.463218119924569,4.109174526318017,15.148376423382917,13.906944274902342,209.9299413767816,194.42,15.50994137678161,15.36833667755127,True,0.38663083444883206,0.12894937277708862,True,False,67.27018649178873,4.544792632687568
3708.324000000008,35.3,True,False,-333.2948660016269,-34.16958591646339,7.8454283239335,-257.2317845713653,-2.2187801641167013,0.0,82.50118996045323,-13.139704822587928,-7.65918859044135,0.40669988815743124,-13.475345728552162,-3.464895047973115,4.207701645571753,15.209043779563771,13.913678169250487,210.23715270447457,194.42,15.81715270447456,15.277032852172852,True,0.11336682576154011,0.01108044483214334,True,False,69.2601767076552,4.768711095831448
3708.423999999999,35.4,True,False,-334.40579209284897,-35.34582523650692,7.715353515683843,-257.2317845713653,-2.2187801641167013,0.0,83.98350166642366,-12.993386560725884,-7.788814050566593,-0.11292837086418904,-13.46487453478705,-3.4622026059271773,4.352225580386324,15.149050090047085,13.90286636352539,210.9372214285622,194.42,16.517221428562205,14.983428001403809,True,-0.3010747372129323,0.0781093000543994,True,False,70.99349165459176,4.702632218672024
3708.523000000001,35.5,True,False,-335.40689024034253,-36.57830274704126,7.98818311140696,-257.2317845713653,-2.2187801641167013,0.0,85.39276279921066,-12.514892304528017,-7.794475605541788,0.4522800731203396,-13.351846232254474,-3.433139811278716,4.44091677330898,14.743689475817122,13.78616142272949,211.92017778899407,194.42,17.500177788994087,14.279870986938477,True,-0.850221949096321,0.6251613672015094,True,False,72.76295782203897,4.645308727529142
3708.625,35.6,True,False,-336.6452256637741,-37.3249649379266,8.061209463625909,-257.2317845713653,-2.2187801641167013,0.0,86.82706280596139,-12.306584713976882,-7.756995214249634,0.4316639598634074,-13.32879612097264,-3.4272129714005803,4.4488122494754965,14.547267856067723,13.762361526489256,212.2241967780251,194.42,17.804196778025087,14.35069751739502,True,-0.3665398819166725,0.11624261599113633,True,False,74.77796888438817,4.565378644335865
3708.725000000006,35.7,True,False,-337.8457467702237,-38.06281177995769,8.157264055178635,-257.2317845713653,-2.2187801641167013,0.0,88.22361080729111,-12.005111578562449,-7.669329022236889,0.44118465673879315,-13.386905381318257,-3.4421545166840004,4.447286634986626,14.2457471430971,13.822360992431639,212.5727107167621,194.42,18.152710716762087,13.89549446105957,True,-0.6452059203617146,0.3599700792601595,True,False,77.04619377337448,4.622707866521661
3708.824000000008,35.8,True,False,-339.00145633042933,-38.784642093040375,8.282011255684228,-257.2317845713653,-2.2187801641167013,0.0,89.57310689146703,-11.666202247729816,-7.515295300473834,0.43564138920635653,-13.333331144469748,-3.4283790550598865,4.413864877335252,13.87731740424857,13.76704406738281,212.7845643474316,194.42,18.364564347431614,13.370884895324707,True,-0.9283861654925349,0.744466980140235,True,False,79.26434858722176,4.638005565783684
3708.92300000001,35.9,True,False,-340.13475412425527,-39.51817356121271,8.374754803891348,-257.2317845713653,-2.2187801641167013,0.0,90.90735453459597,-11.412268642090822,-7.421574605394073,0.4450023145558611,-13.336194397594195,-3.4291152789588373,4.4318418051560595,13.613215828109084,13.770000457763672,213.03567357960057,194.42,18.61567357960057,13.319748878479004,True,-0.5441564498892628,0.25568489678218304,True,False,81.2915258183251,4.516498228612386
3709.024000000005,36.0,True,False,-341.23935539171936,-40.248304423779445,8.473629169264065,-257.2317845713653,-2.2187801641167013,0.0,92.21451442453663,-11.160047971882145,-7.357585850820935,0.4529771061898325,-13.30158597999,-3.4202164694447426,4.482082405040016,13.367151539760114,13.734266281127928,213.39519824329,194.42,18.975198243290002,13.061408042907715,True,-0.5676911411057777,0.2779823522579185,True,False,83.60263116921274,4.52191095228667
3709.1240000000107,36.1,True,False,-342.30457828336137,-40.96993638533728,8.594650525427243,-257.2317845713653,-2.2187801641167013,0.0,93.48279167015326,-10.82656509344032,-7.2490755225972805,0.467879763990924,-13.223568797759121,-3.40015603063939,4.534292449113912,13.029336424193653,13.653711318969725,213.8052953582593,194.42,19.385295358259295,12.616008758544922,True,-0.764255170529804,0.5035371587872087,True,False,85.94022475811586,4.512196158917766
3709.224000000002,36.2,True,False,-343.42113924711776,-41.637541016688346,8.635823298519645,-257.2317845713653,-2.2187801641167013,0.0,94.77575410712849,-10.831745959535874,-7.329482133299127,0.4510600656626103,-13.303339953436234,-3.420667465955745,4.624673931675949,13.07853313159671,13.736077308654785,214.08280937921708,194.42,19.662809379217087,13.104637145996094,True,0.03328239424370594,0.0009531422031750429,True,False,88.15264592611736,4.453260315056637
3709.324000000008,36.3,True,False,-344.4806704099717,-42.368553136364405,8.63506288786506,-257.2317845713653,-2.2187801641167013,0.0,96.04359608949053,-10.646458513795542,-7.311406570113186,0.25496554531489324,-13.214938398664016,-3.3979369093130036,4.6810611729582705,12.9152524140825,13.644800186157225,214.47857687841238,194.42,20.058576878412378,12.70754337310791,True,-0.3808234771080876,0.12508784500195505,True,False,90.62773771464715,4.3067919150134335
3709.423999999999,36.4,True,False,-345.571288293365,-43.06563163701239,8.647602300265405,-257.2317845713653,-2.2187801641167013,0.0,97.3259122387147,-10.660752114245364,-7.383533866722378,0.21011709391912878,-13.13694153629402,-3.3778816953224178,4.709221100363294,12.967968537994812,13.564266204833983,214.703199384463,194.42,20.28319938446302,13.032958984375,True,0.11460873279710704,0.01133358324471274,True,False,93.19972187762095,4.3388565417560585
3709.524000000005,36.5,True,False,-346.465136867095,-44.12424678341725,8.504085676138759,-257.2317845713653,-2.2187801641167013,0.0,98.58326072166165,-10.546963022988027,-7.4528636155349535,-0.2544254062436671,-13.149349582253313,-3.381072157212259,4.832380519362508,12.91447269848992,13.577077865600584,215.24271495344445,194.42,20.82271495344444,12.826095581054688,True,-0.16462031632240937,0.0233765620222591,True,False,95.47707724057905,4.372072189808124
3709.623000000007,36.6,True,False,-347.1213060174407,-45.61358780398063,8.551882819892441,-371.73231309737224,-21.128264707960682,0.0,34.71646175238669,-10.45225522605264,-7.688703848323479,-0.1299344165757309,-13.559951249621646,1.071954072717727,9.295531280373845,12.975585003296345,13.602255821228027,216.33719311760782,175.48000000000002,40.8571931176078,12.985204696655273,True,0.01622526835861393,0.00022738748769599119,True,False,97.78074754593017,4.398603393553226
3709.724000000002,36.7,True,False,-348.1331396254825,-46.283449429370535,8.673657431179393,-371.73231309737224,-21.128264707960682,0.0,34.49209049803442,-10.045505341967457,-7.461137411357615,-0.14674741921185505,-13.495274565320415,1.0668411903872308,9.199311209335798,12.513222967990977,13.537377357482908,216.6124458462569,175.48000000000002,41.13244584625686,11.881717681884766,True,-1.1433481834354602,1.1295660772167004,True,False,100.31811560087021,4.495072033401143
3709.823000000004,36.8,True,False,-349.0592709411466,-47.07634868160204,8.727687754880908,-371.73231309737224,-21.128264707960682,0.0,34.45823417589949,-9.744850892580489,-7.386670922357391,-0.20353543738557678,-13.534281175348273,1.0699247777624759,9.266811355760046,12.22804261661804,13.57650566101074,217.16552958947324,175.48000000000002,41.68552958947323,11.83147144317627,True,-0.7202531106820764,0.44815299498544253,True,False,102.1195974569203,4.2838385266190935
3709.92300000001,36.9,True,False,-350.0455559921919,-47.78451442827451,8.713411331143027,-371.73231309737224,-21.128264707960682,0.0,34.363804837224016,-9.710900517425603,-7.42162440397177,-0.25996326658431546,-13.521274535367013,1.0688965645747128,9.306336361529734,12.22219692416082,13.563458442687988,217.3882754491377,175.48000000000002,41.90827544913766,12.178483963012695,True,-0.08404776603150133,0.006103585078229015,True,False,104.55421572398006,4.216843486287436
3710.023000000001,37.0,True,False,-351.02765964155196,-48.465605993902834,8.780894881178007,-371.73231309737224,-21.128264707960682,0.0,34.2930445325242,-9.606445443505635,-7.33065890849706,-0.026799665683399438,-13.444405968080645,1.0628198779959983,9.229324305034746,12.083970957089292,13.486350059509277,217.34572560073755,175.48000000000002,41.86572560073753,11.923491477966309,True,-0.289811850843364,0.07268192728095127,True,False,107.07472679680664,4.201320841249381
3710.1240000000107,37.1,True,False,-351.91904233284976,-49.223537499243754,8.851624835619894,-371.73231309737224,-21.128264707960682,0.0,34.37891870907071,-9.359037326195095,-7.164271582491159,0.016987723798863843,-13.454978794864623,1.0636556910843042,9.191056725644426,11.786363602944014,13.496955871582031,217.42996581578586,175.48000000000002,41.94996581578584,11.37523365020752,True,-0.7427652473349191,0.47712632045420744,True,False,109.95890236775102,4.266956366184232
3710.224000000002,37.2,True,False,-352.8432088158219,-49.930328559442245,8.879512164581843,-371.73231309737224,-21.128264707960682,0.0,34.44353557148429,-9.328273945908592,-7.103873481908699,0.021840988071788175,-13.409431311869067,1.0600550284417678,9.127188733002438,11.725259624284773,13.451266288757324,217.28990896389337,175.48000000000002,41.80990896389334,11.579118728637695,True,-0.2641645134029531,0.060327715595122254,True,False,112.40201955796167,4.198375490988607
3710.324000000008,37.3,True,False,-353.7581819870009,-50.684558169828094,8.877589303698983,-371.73231309737224,-21.128264707960682,0.0,34.59254070427387,-9.36771487831906,-7.1703973729069475,0.02609176742571824,-13.37325591109961,1.0571952564947193,9.150827254443902,11.796977601354982,13.41497802734375,217.43602089586258,175.48000000000002,41.95602089586256,11.822261810302734,True,0.045689538464930735,0.0018029870374123176,True,False,115.39187065844513,4.277420445403525
3710.423999999999,37.4,True,False,-354.6121152638036,-51.55678857207978,8.82206254737658,-371.73231309737224,-21.128264707960682,0.0,34.914126631061436,-9.330283276712477,-7.319190855324653,-0.07633855307626311,-13.471293899660939,1.0649454481572669,9.351027244893231,11.858530296810331,13.513321876525879,218.11431383973132,175.48000000000002,42.63431383973129,11.89083194732666,True,0.05799947369092173,0.0029050699981918605,True,False,117.45306173609853,4.243666765218724
3710.523000000001,37.5,True,False,-355.3121629217177,-52.68881867635733,8.746987295355693,-371.73231309737224,-21.128264707960682,0.0,35.57653578671096,-9.23671017148742,-7.513999338808074,-0.2851564505812494,-13.392324267075352,1.0587026661801928,9.526822564621373,11.907014775151131,13.434105873107908,219.12838991993127,175.48000000000002,43.64838991993124,11.874707221984863,True,-0.06466924782051997,0.0036094491289380384,True,False,120.28954803551899,4.3565061391042805
3710.623000000007,37.6,True,False,-355.82276310034433,-54.105462666452084,8.750311580237756,-371.73231309737224,-21.128264707960682,0.0,36.61433279880244,-9.042745656673839,-7.644735382708124,-0.30388795136596436,-13.379212098474992,1.0576661106443674,9.723000203248544,11.841166668995209,13.420952796936035,220.2084795050304,175.48000000000002,44.728479505030364,11.644920349121094,True,-0.3623151508127478,0.11328851872196552,True,False,122.87378560544272,4.4428303559339914
3710.724000000002,37.7,True,False,-356.728308589056,-54.813666315776864,8.767699764964908,-371.73231309737224,-21.128264707960682,0.0,36.87582450285606,-8.900381905376637,-7.57698293212959,-0.2715995104693938,-13.3128108293535,1.0524168948058963,9.692062235781497,11.688775317172409,13.354344367980959,220.41176235250217,175.48000000000002,44.93176235250215,11.446106910705566,True,-0.4444517532343273,0.1706996583103871,True,False,126.06428045415873,4.484457561354821
3710.823000000004,37.8,True,False,-357.6065933641988,-55.57964795578745,8.75649201876923,-371.73231309737224,-21.128264707960682,0.0,37.23484612119144,-8.875225085511568,-7.651429392501497,-0.2827976592006641,-13.19359391243441,1.0429924464966271,9.707794828888098,11.718105310455682,13.234755516052246,220.76639984795733,175.48000000000002,45.28639984795729,11.635828971862793,True,-0.15492279947980236,0.02074198276976991,True,False,129.27235398423605,4.5385785781170505
3710.92300000001,37.9,True,False,-358.3110089506193,-56.573875836438454,8.91392759078935,-371.73231309737224,-21.128264707960682,0.0,37.90148748098042,-8.612622251141989,-7.608172184360086,0.17000831671480532,-13.124996507185683,1.0375696196309114,9.752454704733745,11.491803427997567,13.16594409942627,221.4583172809426,175.48000000000002,45.97831728094257,11.204867362976074,True,-0.5197108696039496,0.23400412156009526,True,False,132.51284963245607,4.534559317475728
3711.023000000001,38.0,True,False,-359.164776530174,-57.31201063636758,8.959729386473024,-371.73231309737224,-21.128264707960682,0.0,38.30413091011684,-8.486868538943131,-7.581594810643636,0.17253465091585568,-13.092099148566316,1.0349689865678193,9.770021527060491,11.380136970620399,13.132944107055662,221.77598834972227,175.48000000000002,46.29598834972225,11.227930068969727,True,-0.27719693449117067,0.06648901301194014,True,False,135.62468830679003,4.4913607845766
3711.1240000000107,38.1,True,False,-359.84405569010266,-58.23034892896624,9.270811738046405,-371.73231309737224,-21.128264707960682,0.0,38.960176048422696,-8.118024771356964,-7.406926717835587,0.8607382177205442,-13.098335794884354,1.0354620118226783,9.801909270837461,10.989307966917297,13.139200210571289,222.38177174745692,175.48000000000002,46.901771747456905,10.628292083740234,True,-0.7100933907405782,0.43782083468640987,True,False,138.50246677989958,4.4106909328132655
3711.2230000000127,38.2,True,False,-360.6638413820218,-58.90521440500393,9.39321283892623,-371.73231309737224,-21.128264707960682,0.0,39.36507328237112,-7.923126142873852,-7.310075248843558,0.8380844561307363,-12.94890156598775,1.0236487960285863,9.731874180221187,10.780219293671456,12.989299774169922,222.69545644245756,175.48000000000002,47.21545644245753,10.59853744506836,True,-0.38636465570870016,0.12931501406863868,True,False,140.97871470042605,4.238678118980893
3711.324000000008,38.3,True,False,-361.47742529018217,-59.60430714669906,9.469992960211346,-371.73231309737224,-21.128264707960682,0.0,39.81919845609216,-7.877683551172701,-7.3357702597591015,0.8284401571313141,-12.862338626368299,1.0168057407724638,9.726886041448676,10.764358942193589,12.902466773986816,222.9581332530152,175.48000000000002,47.47813325301518,10.830282211303711,True,0.06158907150981108,0.0032807240955132298,True,False,144.16900868479087,4.189614416667072
3711.423999999999,38.4,True,False,-362.5653524166119,-59.86090648634193,9.501458132783256,-371.73231309737224,-21.128264707960682,0.0,39.802646988046035,-7.90202054134271,-7.2370971128623465,0.6452561073063497,-12.800276389837586,1.011899538236306,9.593688347405864,10.71529296178143,12.840210914611816,222.4839739154393,175.48000000000002,47.00397391543927,10.676966667175293,True,-0.10446698350363448,0.009424107542934374,True,False,145.48606569733832,4.116675242624483
3711.523000000001,38.5,True,False,-363.16139924631483,-60.87789079032005,9.601518102377971,-371.73231309737224,-21.128264707960682,0.0,40.66316930503121,-7.769881796878742,-7.308097343789308,0.745853449352288,-12.795070311295275,1.011487982398561,9.719466014403483,10.666740360755387,12.834988594055178,223.24705443764046,175.48000000000002,47.76705443764044,10.708158493041992,True,0.027773374751150826,0.0006671549700396845,True,False,148.81958212255896,4.101663820916688
3711.623000000007,38.6,True,False,-363.87911214568766,-61.54667467222503,9.812442558503376,-371.73231309737224,-21.128264707960682,0.0,41.174271447432844,-7.324368768789131,-6.986989976657319,0.7484812011127859,-12.826129000100755,1.0139432631990164,9.710010213768065,10.122470389935623,12.866144180297852,223.65267448890083,175.48000000000002,48.17267448890082,9.474254608154297,True,-1.2208929377646118,1.2892245958538127,True,False,152.18141935763808,4.170369715909417
3711.7230000000127,38.7,True,False,-364.7162160403702,-62.050468468034026,9.913299797778949,-371.73231309737224,-21.128264707960682,0.0,41.51930127656574,-7.222068716387619,-6.934495889252588,0.7468968847251554,-12.75684518347373,1.008466173492751,9.681136135331531,10.012267963967293,12.79664421081543,223.83449815478613,175.48000000000002,48.354498154786114,9.89752197265625,True,-0.2576894780619945,0.05740111798093174,True,False,152.57987277550512,3.799580107710127
3711.824000000008,38.8,True,False,-365.29909868510686,-62.81988862235311,10.110251858982526,-371.73231309737224,-21.128264707960682,0.0,42.1850418074146,-6.8323865583398184,-6.628004108448819,0.7389216021375277,-12.743863261907755,1.007439914368498,9.656374176801721,9.519030651500028,12.7836217880249,224.11583443098303,175.48000000000002,48.63583443098299,8.954106330871582,True,-1.0734584740555668,0.9953920111111809,True,False,155.92392206874172,3.8052149098990533
3711.92300000001,38.9,True,False,-365.9248898043598,-63.44915352261268,10.29136669066029,-371.73231309737224,-21.128264707960682,0.0,42.717488167802664,-6.516713079328566,-6.307189447250227,0.6962714833867775,-12.573174047990976,0.9939464294245763,9.486163848184322,9.069078678774192,12.61240005493164,224.06136291610338,175.48000000000002,48.58136291610335,8.568605422973633,True,-0.9534135916264539,0.7852576155371219,True,False,156.80776444750947,3.491945265102462
3712.023000000001,39.0,True,False,-366.6451950892297,-63.91023226589083,10.412627742035928,-371.73231309737224,-21.128264707960682,0.0,43.08335546074095,-6.32348643847657,-6.113568096830347,0.6503917942862182,-12.362285085154701,0.9772750359629022,9.31381476243772,8.795578185212097,12.400853157043457,224.0303005523154,175.48000000000002,48.550300552315356,8.555572509765625,True,-0.478240163698084,0.19726848040336853,True,False,157.9576496127103,3.2044054203783436
3712.123000000007,39.1,True,False,-367.2954538477965,-64.4917438415379,10.47489136527833,-371.73231309737224,-21.128264707960682,0.0,43.58987316532055,-6.283684051491096,-6.102564699648313,0.6225557858605596,-12.284172991437845,0.9711000449583713,9.275915072784723,8.759336799801527,12.322497367858885,224.16079719918574,175.48000000000002,48.68079719918572,8.787213325500488,True,0.010482212123369195,9.468162016202672e-05,True,False,160.64435629062436,3.1094104079718146
3712.2230000000127,39.2,True,False,-367.9681774739756,-65.09621441852735,10.472798479543913,-371.73231309737224,-21.128264707960682,0.0,44.12878107020682,-6.41171957810594,-6.281512879426772,0.5912776544350001,-12.125063404373762,0.9585219636126483,9.22281964507479,8.975942958969348,12.162891387939451,224.41144584852842,175.48000000000002,48.93144584852838,9.24089527130127,True,0.44457484683284143,0.1705414395796428,True,False,163.66455856373895,3.0895969454853196
3712.323000000004,39.3,True,False,-368.64156527573243,-65.69183077444482,10.506322876280155,-371.73231309737224,-21.128264707960682,0.0,44.67061833754787,-6.366510307943763,-6.326263281573575,0.5901779628071019,-11.958679948257958,0.9453688615009305,9.173276149241671,8.975191396785934,11.995988845825195,224.8192865826443,175.48000000000002,49.3392865826443,9.092978477478027,True,0.1780478097535756,0.027376241609996632,True,False,166.20676501895693,3.2136137774037263
3712.42300000001,39.4,True,False,-369.2285475140342,-66.38745439852684,10.470953961725327,-371.73231309737224,-21.128264707960682,0.0,45.32839169376031,-6.267189000995005,-6.258823352147397,0.19973668283521617,-11.75372530650662,0.9291665935942609,9.042636788668458,8.8572302514713,11.790394783020021,224.9573700012474,175.48000000000002,49.47737000124737,8.669378280639648,True,-0.34405655440740723,0.10219446382125387,True,False,168.96261329924113,3.288200360837963
3712.524000000005,39.5,True,False,-369.23824035353294,-67.81474161262001,10.675442685265814,-371.73231309737224,-21.128264707960682,0.0,46.75304829228626,-5.910759674566604,-6.167560371301419,0.5655533089892879,-11.589243266951192,0.9161638040602439,9.07878428544176,8.542592163045734,11.625399589538576,226.2217616341177,175.48000000000002,50.74176163411769,8.271998405456543,True,-0.5219895698148012,0.23591935237264985,True,False,170.54913197177834,3.1590098075952326
3712.6240000000107,39.6,True,False,-369.82161294344104,-68.45381383235033,10.720842542767686,-371.73231309737224,-21.128264707960682,0.0,47.36410428798639,-5.912640956249732,-6.230914182153102,0.5589540756752749,-11.338426457763555,0.8963359967794284,8.957502074882896,8.589738914709715,11.37380027770996,226.50175879477783,175.48000000000002,51.0217587947778,8.660491943359375,True,0.09497487489353418,0.007803723673412078,True,False,173.07030419870017,3.0671774142922077
3712.7230000000127,39.7,True,False,-370.5155630233302,-68.82587320235885,10.83590106540151,-371.73231309737224,-21.128264707960682,0.0,47.71312541458132,-5.629029511115384,-5.916507080191312,0.3654716979038363,-11.198216000601342,0.8852519472997636,8.790890968652112,8.166457571490946,11.233152389526367,226.4222857191943,175.48000000000002,50.94228571919427,7.645061016082764,True,-0.9571564433615816,0.7919740776610317,True,False,176.07918504499415,3.116960106840496
3712.823000000004,39.8,True,False,-370.8710862266336,-69.25268733430376,11.33225774704457,-371.73231309737224,-21.128264707960682,0.0,48.132128197720114,-4.436148888957062,-4.703799865064902,0.3285509032577657,-11.017729737857218,0.8709839767992381,8.62527804503245,6.465690228860301,11.052103042602539,226.67612591787568,175.48000000000002,51.196125917875655,4.3583526611328125,True,-3.8251246105226517,12.64275417255802,True,False,176.9414349203996,2.8748213000995944
3712.92300000001,39.9,True,False,-371.3688846506837,-69.62679633292912,11.37142823735208,-371.73231309737224,-21.128264707960682,0.0,48.49989329899526,-4.3506657068468355,-4.647343198699477,0.282454360353583,-10.812267417884259,0.8547415754343224,8.486768144225264,6.36601059528111,10.845999717712402,226.88895566175006,175.48000000000002,51.40895566175002,6.285068035125732,True,-0.15770174306929174,0.021488123440724705,True,False,147.074486390708,1.4783653086158617
3713.023000000001,40.0,False,True,-371.80872323535317,-70.04866568760264,11.493728648245336,-371.73231309737224,-21.128264707960682,0.0,48.92046065316781,-4.243316506659343,-4.56207967222834,0.39987842589881295,-10.536129444362082,0.832912055556264,8.288873892862847,6.230433846165666,10.569000244140625,227.38174875592264,175.48000000000002,51.901748755922604,0.0,False,0.0,0.0,False,False,148.84552972728338,2.1228024986770953
3713.123000000007,40.1,False,True,-372.9800099984736,-69.44996715950734,11.574812873844188,-371.73231309737224,-21.128264707960682,0.0,48.337807928916554,-4.292894492840886,-4.424953888245008,0.48085473992336936,-10.358278544970641,0.818852418288432,8.01787928820769,6.165156935533614,10.390594482421875,225.88403812434453,175.48000000000002,50.4040381243445,0.0,False,0.0,0.0,False,False,150.18741455542704,2.8008832706762843
3713.2230000000127,40.2,False,True,-373.0327455110357,-70.39980884836004,11.638727834253567,-371.73231309737224,-21.128264707960682,0.0,49.28870242197322,-4.169646686984972,-4.435447488480821,0.5489468344028049,-10.294023024437534,0.8137728301938965,8.066120472490871,6.087622517646406,10.326138496398926,226.91141144883605,175.48000000000002,51.43141144883602,0.0,False,0.0,0.0,False,False,151.49023480644408,3.480341447547613
3713.324000000008,40.3,False,True,-373.6220807169684,-70.59548426659957,11.705140593767617,-371.73231309737224,-21.128264707960682,0.0,49.503303248557664,-4.127852285080974,-4.386752325671853,0.6145891504457899,-10.321488035943903,0.8159440202224971,8.08883014297802,6.023517282637747,10.353689193725586,226.78265801740724,175.48000000000002,51.30265801740722,0.0,False,0.0,0.0,False,False,152.97734974850331,4.172875269280259
3713.42300000001,40.4,False,True,-373.9082421782554,-71.19495564641427,11.770444303280845,-371.73231309737224,-21.128264707960682,0.0,50.113952237791665,-4.029430105664491,-4.350005874798453,0.613973159003692,-10.204115493088379,0.8066653751135979,8.044749717258803,5.9294905419619655,10.235950469970703,227.32023904815426,175.48000000000002,51.840239048154245,0.0,False,0.0,0.0,False,False,154.65118581833215,4.862035845428675
3713.523000000001,40.5,False,True,-374.22693926256227,-71.73061181732442,11.835683312930884,-371.73231309737224,-21.128264707960682,0.0,50.66380061425103,-3.921794044729368,-4.292449738262158,0.6293503287071621,-10.126708824915424,0.800546150075394,8.02742639629879,5.814257758715346,10.158302307128906,227.80761822041455,175.48000000000002,52.32761822041452,0.0,False,0.0,0.0,False,False,156.50076284598313,5.551811152935687
3713.623000000007,40.6,False,True,-374.8995804080265,-71.77148119351416,11.894722327641137,-371.73231309737224,-21.128264707960682,0.0,50.7421615446147,-3.8316116546602395,-4.1819006076474645,0.6287941287243403,-10.111753232959776,0.7993638664954875,8.015807757478047,5.671819863533257,10.14330005645752,227.3847498557275,175.48000000000002,51.904749855727474,0.0,False,0.0,0.0,False,False,158.47182148509518,6.239994576684899
3713.7230000000127,40.7,False,True,-375.36601051060995,-72.06797866584851,11.958947367738393,-371.73231309737224,-21.128264707960682,0.0,51.069151304896415,-3.7329751813507444,-4.096567470672472,0.6305113530452615,-10.109504807877132,0.7991861218723562,8.039187354259406,5.542289125113601,10.141044616699219,227.3523953269168,175.48000000000002,51.87239532691676,0.0,False,0.0,0.0,False,False,160.5214756217536,6.940206319662953
3713.823000000004,40.8,False,True,-375.6881674128156,-72.53370897321193,12.020623120473612,-371.73231309737224,-21.128264707960682,0.0,51.55742898431674,-3.630330062506603,-4.017168296586804,0.613346327473247,-10.107272544835247,0.7990096549061353,8.071329133410448,5.414511749533961,10.138805389404295,227.68643646029938,175.48000000000002,52.20643646029935,0.0,False,0.0,0.0,False,False,162.64250098457325,7.646470978288757
3713.92300000001,40.9,False,True,-376.0237899598865,-72.9616791022592,12.077655337509857,-371.73231309737224,-21.128264707960682,0.0,52.010764476525125,-3.5550464244239945,-3.9439003905102084,0.540933530662147,-10.040932121043689,0.7937652490701507,8.031948019134356,5.309680345376396,10.072257995605469,227.85144571602393,175.48000000000002,52.37144571602391,0.0,False,0.0,0.0,False,False,165.03280506764534,8.367080761830968
3714.023000000001,41.0,False,True,-376.319110031569,-73.42050629514061,12.132294568289607,-371.73231309737224,-21.128264707960682,0.0,52.493020834464716,-3.4816985714076334,-3.879442705180769,0.5739283182854368,-10.092020331896183,0.7978039225641075,8.097715097108521,5.212705693296163,10.123505592346191,228.37330554056788,175.48000000000002,52.89330554056787,0.0,False,0.0,0.0,False,False,167.57958816001775,9.10370069521201
3714.1240000000107,41.1,False,True,-376.67318143192045,-73.78325012398865,12.192789371077145,-371.73231309737224,-21.128264707960682,0.0,52.88628999146621,-3.3530783624940703,-3.792925767935324,0.5913668663239566,-10.033951070142264,0.7932133764411218,8.103501242511191,5.062550778618787,10.065255165100098,228.94531383501544,175.48000000000002,53.46531383501542,0.0,False,0.0,0.0,False,False,170.0279172067299,9.829371489547924
3714.224000000002,41.2,False,True,-377.0451589437819,-74.10438578766883,12.246227573741553,-371.73231309737224,-21.128264707960682,0.0,53.24186074546616,-3.236002795550951,-3.696523742402545,0.5173012652713725,-10.056880252443852,0.7950259958156171,8.166908125651801,4.912840509416044,10.088255882263184,229.12666733368297,175.48000000000002,53.646667333682956,0.0,False,0.0,0.0,False,False,172.6631431458716,10.55928866146026
3714.324000000008,41.3,False,True,-377.4600006612564,-74.36373765135478,12.300912609794365,-371.73231309737224,-21.128264707960682,0.0,53.542711776079464,-3.1652952341535046,-3.653608065927135,0.585211994353342,-10.065885361273798,0.7957378761836086,8.210653044373963,4.8340403203492945,10.097289085388184,228.6161566527382,175.48000000000002,53.13615665273816,0.0,False,0.0,0.0,False,False,175.6640033604407,11.327350962444825
3714.42300000001,41.4,False,True,-377.788943028792,-74.70025100377977,12.356101232118112,-371.73231309737224,-21.128264707960682,0.0,53.91326814250456,-3.055847630567656,-3.5397027771209024,0.5253414322059144,-10.110745482182777,0.7992842008293061,8.282414605146565,4.676291318085667,10.142289161682129,228.7091772344292,175.48000000000002,53.229177234429166,0.0,False,0.0,0.0,False,False,178.24198113101895,12.067606360039704
3714.524000000005,41.5,False,True,-378.10826626506844,-75.03515091690247,12.412273923727216,-371.73231309737224,-21.128264707960682,0.0,54.2826414200751,-2.9988292174158566,-3.4946173840853523,0.48708446094284025,-10.143443192063303,0.8018690510717397,8.336984139016728,4.604924248712301,10.175088882446289,228.51094576509323,175.48000000000002,53.0309457650932,0.0,False,0.0,0.0,False,False,181.44650392612164,12.845706636312942
3714.6240000000107,41.6,False,True,-378.45000463381865,-75.31143752402221,12.451764445710161,-371.73231309737224,-21.128264707960682,0.0,54.59801824236877,-2.9249646622250327,-3.3787593852442424,0.4965099948783208,-10.091338674059287,0.7977500355050017,8.294585427801715,4.468940954928947,10.122821807861328,228.9321882193093,175.48000000000002,53.45218821930928,0.0,False,0.0,0.0,False,False,184.64538654783055,13.611627648345685
3714.7230000000127,41.7,False,True,-378.7492448329175,-75.62017165608269,12.505511822706909,-371.73231309737224,-21.128264707960682,0.0,54.94183518798849,-2.8321667482156823,-3.3129614475782656,0.525116805342011,-10.215390893291415,0.8075567286993642,8.455215480250258,4.358541274651242,10.247261047363281,229.68208244547716,175.48000000000002,54.20208244547714,0.0,False,0.0,0.0,False,False,188.35694672608636,14.40073910728361
3714.823000000004,41.8,False,True,-379.02691840058736,-75.94756249791739,12.559541818345464,-371.73231309737224,-21.128264707960682,0.0,55.30250154119293,-2.698077623312981,-3.231630353337397,0.5737188714464229,-10.221267221171262,0.808021269720749,8.539154932485964,4.209876197946183,10.253155708312988,230.31571506567326,175.48000000000002,54.83571506567324,0.0,False,0.0,0.0,False,False,191.9582177054328,15.186767847119455
3714.923999999999,41.9,False,True,-379.25776375985936,-76.33457058055036,12.608185520498564,-371.73231309737224,-21.128264707960682,0.0,55.7168611442843,-2.6097804098537436,-3.197200188602241,0.5824242963797112,-10.259459074202997,0.8110404481564494,8.636178360244992,4.127110712551164,10.29146671295166,230.50844274009012,175.48000000000002,55.0284427400901,0.0,False,0.0,0.0,False,False,196.177486685784,15.998268883024648
3715.024000000005,42.0,False,True,-379.5273978778155,-76.64862668800794,12.664809735438904,-371.73231309737224,-21.128264707960682,0.0,56.06490828610865,-2.5360789348024095,-3.136082394306675,0.6139480457248766,-10.358793828858502,0.818893152996989,8.765654561609015,4.033200856321045,10.391111373901367,230.47918524530022,175.48000000000002,54.999185245300175,0.0,False,0.0,0.0,False,False,200.7680734424361,16.817448538944124
3715.1240000000107,42.1,False,True,-379.83256122571635,-76.89561915558694,12.726125848049783,-371.73231309737224,-21.128264707960682,0.0,56.35256730467497,-2.4875317584410785,-3.088267289116518,0.6342135992134564,-10.384846087860511,0.8209526607803579,8.811899581493496,3.9655023765318878,10.417244911193848,230.53777093619027,175.48000000000002,55.05777093619024,0.0,False,0.0,0.0,False,False,205.49903627895432,17.648596502671356
3715.224000000002,42.2,False,True,-380.00989879948435,-77.29742509062652,12.789551937406122,-371.73231309737224,-21.128264707960682,0.0,56.775813540181424,-2.376427549142841,-3.011712789054203,0.637513501501038,-10.481698543196444,0.828609132550709,8.969029509852554,3.836381344454393,10.514399528503418,230.77199017774373,175.48000000000002,55.2919901777437,0.0,False,0.0,0.0,False,False,210.69591206763428,18.474506645445025
3715.324000000008,42.3,False,True,-380.34876094891183,-77.46060266799496,12.847046876251751,-371.73231309737224,-21.128264707960682,0.0,56.98750278457392,-2.305444136369316,-2.8993138454157075,0.5636415877375588,-10.506355162443135,0.8305583109020456,9.009266782599658,3.7041994330946704,10.539133071899414,230.6263167554427,175.48000000000002,55.14631675544267,0.0,False,0.0,0.0,False,False,215.91180048118082,19.300451228355428
3715.423999999999,42.4,False,True,-380.64570635932336,-77.66581517449234,12.899309568227755,-371.73231309737224,-21.128264707960682,0.0,57.23585582655168,-2.2785329299617763,-2.839451209397518,0.5842196462648552,-10.479694450141807,0.8284507030938123,8.98401662508141,3.6406311930033817,10.512389183044434,230.51610560618462,175.48000000000002,55.03610560618459,0.0,False,0.0,0.0,False,False,221.89060677761864,20.15998770441353
3715.523000000001,42.5,False,True,-380.9220438416041,-77.87973204491908,12.954514059174246,-371.73231309737224,-21.128264707960682,0.0,57.49069660431447,-2.1928738720621372,-2.743381688590224,0.5952485181638028,-10.608002039636059,0.8385937958370694,9.145760244382869,3.512098931987101,10.641097068786621,230.81607316516724,175.48000000000002,55.33607316516721,0.0,False,0.0,0.0,False,False,228.2691652954645,21.01462832084949
3715.623000000007,42.6,False,True,-381.11169405069006,-78.17887032467573,13.009389058776556,-371.73231309737224,-21.128264707960682,0.0,57.816471600240526,-2.067090967994257,-2.6131212972355904,0.516954431180176,-10.649821795464995,0.8418997706710232,9.252050531449505,3.331856537132061,10.6830472946167,231.15844426464923,175.48000000000002,55.6784442646492,0.0,False,0.0,0.0,False,False,234.89619299557316,21.859381096170942
3715.7230000000127,42.7,False,True,-381.2386134856871,-78.53399670918483,13.061556297423614,-371.73231309737224,-21.128264707960682,0.0,58.18752283496219,-1.9628287817877013,-2.519626519024477,0.5066157105212065,-10.763362033243078,0.8508754607795662,9.423888215902963,3.1939340353215804,10.796941757202148,231.44163351027154,175.48000000000002,55.961633510271525,0.0,False,0.0,0.0,False,False,241.97818473782408,22.730362875562044
3715.824000000008,42.8,False,True,-381.15947591087166,-79.14590222025646,13.124933882701084,-371.73231309737224,-21.128264707960682,0.0,58.778547627687914,-1.7910866102751735,-2.3947539493000902,0.77328462287044,-10.829901155065198,0.8561355742799206,9.605646832443403,2.9904577781997506,10.863688468933105,231.82959034987945,175.48000000000002,56.34959034987943,0.0,False,0.0,0.0,False,False,249.57957270453252,23.63036718285376
3715.92300000001,42.9,False,True,-381.6132873530727,-78.953092269261,13.233181631598217,-371.73231309737224,-21.128264707960682,0.0,58.66297243352004,-1.6875070784373905,-2.2219801338168645,0.8819504720701639,-10.827423609287026,0.8559397169911763,9.644255533678928,2.7901390386239013,10.86120319366455,232.12415821921104,175.48000000000002,56.64415821921102,0.0,False,0.0,0.0,False,False,256.26015478300803,24.522708086996637
3716.023000000001,43.0,False,True,-381.9959098488549,-78.87361453481432,13.329054232067334,-371.73231309737224,-21.128264707960682,0.0,58.65037804569337,-1.6077770691281028,-2.1056459827670415,0.980249305461398,-10.872573696221464,0.8595089643049733,9.727723289729521,2.649281432531684,10.906494140625,232.14675594973892,175.48000000000002,56.66675594973887,0.0,False,0.0,0.0,False,False,264.56593049616924,25.43721033128095
3716.123000000007,43.1,False,True,-382.1479489404618,-79.0757323500436,13.43155649601771,-371.73231309737224,-21.128264707960682,0.0,58.87609426708006,-1.4330047630083704,-1.9367103218184138,1.0697959735461158,-11.012587356769679,0.870577456432846,9.982447963331115,2.409221766762591,11.046944618225098,232.21818312732853,175.48000000000002,56.73818312732849,0.0,False,0.0,0.0,False,False,273.55995627183466,26.347718753212735
3716.224000000002,43.2,False,True,-382.2879252701948,-79.2590018765649,13.540597102874171,-371.73231309737224,-21.128264707960682,0.0,59.081329979176864,-1.3665218316523644,-1.728680208607638,1.1110161635831242,-10.934951567901196,0.8644401187290291,9.91358263442523,2.203569191111157,10.969066619873045,231.64744603882713,175.48000000000002,56.16744603882709,0.0,False,0.0,0.0,False,False,283.03342504224645,27.27097070557087
3716.323000000004,43.3,False,True,-382.2855079579534,-79.62198524969239,13.628930098335683,-371.73231309737224,-21.128264707960682,0.0,59.43807924705847,-1.273856739253284,-1.6593283678072868,1.0562917882577934,-11.060848161196892,0.8743926151237617,10.109646042891058,2.091908608030237,11.095355987548828,232.25059473004117,175.48000000000002,56.770594730041154,0.0,False,0.0,0.0,False,False,292.61440432740875,28.199524668442823
3716.42300000001,43.4,False,True,-382.09256925408977,-80.16944154863754,13.759835013306173,-371.73231309737224,-21.128264707960682,0.0,59.94326876609984,-1.3200928763368982,-1.716433500769696,1.0582426432192829,-11.172587757492298,0.8832259592212219,10.189695024440802,2.1653612088332834,11.207444190979004,232.58442855683367,175.48000000000002,57.10442855683364,0.0,False,0.0,0.0,False,False,301.98986207208054,29.16644227457249
3716.523000000001,43.5,False,True,-382.21655099860544,-80.34648397393192,13.870414117758202,-371.73231309737224,-21.128264707960682,0.0,60.139144801055345,-1.1595420139761932,-1.8244150051179904,1.153339445821307,-11.170746235553572,0.8830803814897187,10.37086019742966,2.1617187127551176,11.205596923828125,232.77995070194603,175.48000000000002,57.299950701946,0.0,False,0.0,0.0,False,False,313.2076026252445,30.153155980536294
3716.623000000007,43.6,False,True,-382.3255443108201,-80.53303500502338,13.979091725735419,-371.73231309737224,-21.128264707960682,0.0,60.34188662602743,-1.0203242303158453,-1.9066056167110348,1.0202127137230401,-11.205745610180434,0.8858471851074592,10.561278394957053,2.1624538174591583,11.240705490112305,233.31051357077206,175.48000000000002,57.83051357077205,0.0,False,0.0,0.0,False,False,325.0559332226944,31.125032409689652
3716.7230000000127,43.7,False,True,-382.4431143439466,-80.74307091729236,14.085887425434036,-371.73231309737224,-21.128264707960682,0.0,60.569351843319154,-1.0349762052162759,-1.9162213247969322,1.1793153955247606,-11.272484380741394,0.8911230814284722,10.615448942890202,2.177861315825779,11.307652473449707,233.49155475723921,175.48000000000002,58.011554757239196,0.0,False,0.0,0.0,False,False,337.3649792751761,32.13335842722624
3716.824000000008,43.8,False,True,-382.70899161980975,-80.80550552124058,14.194685192425055,-371.73231309737224,-21.128264707960682,0.0,60.67833668181042,-1.00048442554997,-1.8878144665277248,1.186181334212951,-11.333508443830139,0.8959472132972051,10.70143515853909,2.1365421937793347,11.36886692047119,233.65968225566593,175.48000000000002,58.179682255665924,0.0,False,0.0,0.0,False,False,350.18094265158265,33.12254409817817
3716.923999999999,43.9,False,True,-383.48829655525424,-80.17875869841089,14.315734637174838,-371.73231309737224,-21.128264707960682,0.0,60.20933472127218,-0.917850067894336,-1.7874256182672021,1.2725784107956941,-11.32135744130105,0.8949866407694075,10.743756382008938,2.009313088588119,11.356678009033203,232.76531845091102,175.48000000000002,57.285318450910985,0.0,False,0.0,0.0,False,False,363.28625258196865,34.11962636185134
3717.024000000005,44.0,False,True,-384.3878841582176,-79.43049708542956,14.42091645597469,-371.73231309737224,-21.128264707960682,0.0,59.65998473912383,-0.8762921571762332,-1.7135583946766912,1.1512628346985019,-11.471876428345348,0.9068856098890777,10.914812542069198,1.9246221230920981,11.50766658782959,231.42178675435437,175.48000000000002,55.94178675435434,0.0,False,0.0,0.0,False,False,377.3599594840746,35.10028043487032
3717.123000000007,44.1,False,True,-384.0009468941349,-80.19491889116172,14.537284366032804,-371.73231309737224,-21.128264707960682,0.0,60.32734878673957,-0.888558714908343,-1.7264729700855208,1.079933719542616,-11.429334134223469,0.9035225162755977,10.863922988438283,1.9417120039479299,11.464991569519041,232.56667552898654,175.48000000000002,57.08667552898649,0.0,False,0.0,0.0,False,False,391.6623266347105,36.10955522858438
3717.2230000000127,44.2,False,True,-384.52727409894027,-79.8774553142553,14.630817625738445,-371.73231309737224,-21.128264707960682,0.0,60.12635382198377,-0.923807559816109,-1.7337001471829339,0.9969562182108063,-11.514914041481205,0.9102878599290489,10.916144424095918,1.9644685306503435,11.550838470458983,231.47301840994902,175.48000000000002,55.993018409948995,0.0,False,0.0,0.0,False,False,406.99185335039925,37.12309846285234
3717.324000000008,44.3,False,True,-384.13028326618854,-80.60483038251205,14.742203743627613,-371.73231309737224,-21.128264707960682,0.0,60.755012375491134,-0.8986362430433931,-1.7297803627963269,0.9400035116588386,-11.512239699089035,0.9100764452885126,10.936975006343202,1.9492786360156251,11.548155784606932,232.66868521123575,175.48000000000002,57.18868521123574,0.0,False,0.0,0.0,False,False,423.3041352395259,38.15338672837689
3717.42300000001,44.4,False,True,-383.84070295345026,-81.25090573171013,14.830331832595236,-371.73231309737224,-21.128264707960682,0.0,61.32980571123158,-0.8644230890546647,-1.7428732723696583,0.833083836592193,-11.588844920181792,0.9161323135752156,11.049141791018982,1.9454651167346408,11.625,233.94693512138008,175.48000000000002,58.46693512138004,0.0,False,0.0,0.0,False,False,440.7793069726269,39.18663892632347
3717.523000000001,44.5,False,True,-383.98919394960507,-81.33334599112638,14.916372784767491,-371.73231309737224,-21.128264707960682,0.0,61.440076013449236,-0.8563533985340135,-1.7335820438158003,0.8400320536962932,-11.600755393515994,0.9170738715619341,11.066532926418272,1.9335583378376051,11.636947631835936,233.97892002731908,175.48000000000002,58.49892002731906,0.0,False,0.0,0.0,False,False,459.05499644503357,40.24124424823083
3717.623000000007,44.6,False,True,-383.9816465484004,-81.62508453723629,15.002220534855866,-371.73231309737224,-21.128264707960682,0.0,61.724479580230664,-0.8076020669728141,-1.6837758453994967,0.8835388883893216,-11.668396386234852,0.9224210912010661,11.169114365860022,1.8674373339230292,11.704799652099608,234.29977499474865,175.48000000000002,58.81977499474863,0.0,False,0.0,0.0,False,False,478.46893577357866,41.310302436134684
3717.7230000000127,44.7,False,True,-384.11097031929785,-81.70365693944099,15.097926572648621,-371.73231309737224,-21.128264707960682,0.0,61.82725368812378,-0.7995962195755182,-1.6744207127521225,0.962123116986964,-11.739770810370011,0.9280634495865139,11.245458811995574,1.855542733987225,11.776396751403807,234.4944778321485,175.48000000000002,59.01447783214846,0.0,False,0.0,0.0,False,False,498.68372551957384,42.395196727278716
3717.823000000004,44.8,False,True,-384.21178364346696,-81.80939200371823,15.197625878196849,-371.73231309737224,-21.128264707960682,0.0,61.951080660427365,-0.7785121852537333,-1.660466955232341,0.9577239560966897,-11.676214060422843,0.9230391013642834,11.199750430457627,1.833911593290992,11.712641716003416,234.88293149003044,175.48000000000002,59.402931490030404,0.0,False,0.0,0.0,False,False,519.9454023395294,43.47528704052232
3717.92300000001,44.9,False,True,-384.3150095850316,-81.91842248787582,15.288661028536136,-371.73231309737224,-21.128264707960682,0.0,62.07872045884589,-0.7100369950492542,-1.5747699045205998,0.8332513051799421,-11.730455770640724,0.9273270682683572,11.300890197265375,1.7274411094223714,11.76705265045166,235.1403525849339,175.48000000000002,59.660352584933875,0.0,False,0.0,0.0,False,False,541.9503752961607,44.537921392977964
